treatment_hcp_id,control_hcp_id,method,event_id,event_date,target_ndc_category,specialty,region,pre_period_rx_baseline,control_pre_period_rx_baseline,is_matched,match_rank,control_specialty,treatment_city,control_city,treatment_experience_years,control_experience_years,rx_pct_diff,treatment_city_actual,control_city_actual
1040239976,,rule_based,EVT-0001,2023-07-06,RHEUM_JAK_ORAL,rheumatology,Northeast,357.0,,False,,,Northeast,,24,,,New York,
1194203331,,rule_based,EVT-0001,2023-07-06,RHEUM_JAK_ORAL,rheumatology,Southeast,287.3333333333333,,False,,,Southeast,,5,,,Columbia,
1246066447,,rule_based,EVT-0001,2023-07-06,RHEUM_JAK_ORAL,rheumatology,Southwest,369.6666666666667,,False,,,Southwest,,28,,,Mesa,
1282327174,,rule_based,EVT-0001,2023-07-06,RHEUM_JAK_ORAL,rheumatology,Northeast,449.3333333333333,,False,,,Northeast,,18,,,Newark,
1393791409,,rule_based,EVT-0001,2023-07-06,RHEUM_JAK_ORAL,rheumatology,Midwest,283.0,,False,,,Midwest,,25,,,Rockford,
1519182780,,rule_based,EVT-0001,2023-07-06,RHEUM_JAK_ORAL,rheumatology,Midwest,171.5,,False,,,Midwest,,11,,,Milwaukee,
1595774286,,rule_based,EVT-0001,2023-07-06,RHEUM_JAK_ORAL,rheumatology,Midwest,386.8333333333333,,False,,,Midwest,,13,,,Peoria,
1616839134,,rule_based,EVT-0001,2023-07-06,RHEUM_JAK_ORAL,rheumatology,Northeast,616.0,,False,,,Northeast,,10,,,New Haven,
1690348028,,rule_based,EVT-0001,2023-07-06,RHEUM_JAK_ORAL,rheumatology,Midwest,233.66666666666666,,False,,,Midwest,,39,,,Fort Wayne,
1944079924,,rule_based,EVT-0001,2023-07-06,RHEUM_JAK_ORAL,rheumatology,Southeast,444.6666666666667,,False,,,Southeast,,14,,,Columbia,
1993874985,,rule_based,EVT-0001,2023-07-06,RHEUM_JAK_ORAL,rheumatology,Northeast,420.3333333333333,,False,,,Northeast,,23,,,Boston,
1040239976,,rule_based,EVT-0002,2023-07-09,CV_ANTICOAG_ORAL,rheumatology,Northeast,123.0,,False,,,Northeast,,24,,,New York,
1163199601,,rule_based,EVT-0002,2023-07-09,CV_ANTICOAG_ORAL,neurology,Southwest,135.83333333333334,,False,,,Southwest,,17,,,Oklahoma City,
1246066447,,rule_based,EVT-0002,2023-07-09,CV_ANTICOAG_ORAL,rheumatology,Southwest,192.33333333333334,,False,,,Southwest,,28,,,Mesa,
1264333323,1209566128,rule_based,EVT-0002,2023-07-09,CV_ANTICOAG_ORAL,primary care,Northeast,179.33333333333334,186.66666666666666,True,1,primary care,Northeast,Northeast,12,15,4.089219330855007,New York,Stamford
1334266016,,rule_based,EVT-0002,2023-07-09,CV_ANTICOAG_ORAL,primary care,Southwest,222.66666666666666,,False,,,Southwest,,20,,,Phoenix,
1335670091,1848624494,rule_based,EVT-0002,2023-07-09,CV_ANTICOAG_ORAL,primary care,Midwest,254.33333333333334,230.66666666666666,True,1,primary care,Midwest,Midwest,11,14,9.30537352555702,Indianapolis,Kansas City
1352578078,1831183839,rule_based,EVT-0002,2023-07-09,CV_ANTICOAG_ORAL,pulmonology,Southeast,125.83333333333333,123.33333333333333,True,1,pulmonology,Southeast,Southeast,14,12,1.9867549668874174,Huntsville,Durham
1361521440,,rule_based,EVT-0002,2023-07-09,CV_ANTICOAG_ORAL,endocrinology,Midwest,98.16666666666667,,False,,,Midwest,,17,,,Green Bay,
1394609428,,rule_based,EVT-0002,2023-07-09,CV_ANTICOAG_ORAL,endocrinology,Southwest,300.8333333333333,,False,,,Southwest,,4,,,Reno,
1413519731,,rule_based,EVT-0002,2023-07-09,CV_ANTICOAG_ORAL,primary care,Southwest,428.6666666666667,,False,,,Southwest,,13,,,Austin,
1425610817,,rule_based,EVT-0002,2023-07-09,CV_ANTICOAG_ORAL,primary care,Southeast,53.333333333333336,,False,,,Southeast,,3,,,Huntsville,
1456207657,1216575070,rule_based,EVT-0002,2023-07-09,CV_ANTICOAG_ORAL,primary care,Midwest,170.0,166.83333333333334,True,1,primary care,Midwest,Midwest,10,11,1.8627450980392102,Minneapolis,Columbia
1511022174,1297280590,rule_based,EVT-0002,2023-07-09,CV_ANTICOAG_ORAL,primary care,Midwest,150.5,146.0,True,1,primary care,Midwest,Midwest,15,14,2.990033222591362,Lansing,Springfield
1520551320,1598661571,rule_based,EVT-0002,2023-07-09,CV_ANTICOAG_ORAL,rheumatology,Northeast,169.16666666666666,182.5,True,1,rheumatology,Northeast,Northeast,13,10,7.881773399014784,Syracuse,Stamford
1592062677,1204261733,rule_based,EVT-0002,2023-07-09,CV_ANTICOAG_ORAL,neurology,Southeast,167.33333333333334,183.83333333333334,True,1,neurology,Southeast,Southeast,9,7,9.860557768924302,Nashville,Chattanooga
1706991829,,rule_based,EVT-0002,2023-07-09,CV_ANTICOAG_ORAL,endocrinology,Midwest,256.1666666666667,,False,,,Midwest,,19,,,Milwaukee,
1710163217,,rule_based,EVT-0002,2023-07-09,CV_ANTICOAG_ORAL,cardiology,Northeast,165.16666666666666,,False,,,Northeast,,11,,,Albany,
1717519684,,rule_based,EVT-0002,2023-07-09,CV_ANTICOAG_ORAL,endocrinology,Midwest,158.16666666666666,,False,,,Midwest,,22,,,Springfield,
1725623817,,rule_based,EVT-0002,2023-07-09,CV_ANTICOAG_ORAL,primary care,Southwest,179.5,,False,,,Southwest,,9,,,Las Vegas,
1742100898,,rule_based,EVT-0002,2023-07-09,CV_ANTICOAG_ORAL,primary care,Midwest,50.833333333333336,,False,,,Midwest,,12,,,St. Paul,
1785764022,,rule_based,EVT-0002,2023-07-09,CV_ANTICOAG_ORAL,oncology,Northeast,192.66666666666666,,False,,,Northeast,,17,,,Bangor,
1811081532,1242598583,rule_based,EVT-0002,2023-07-09,CV_ANTICOAG_ORAL,oncology,Northeast,209.66666666666666,211.66666666666666,True,1,oncology,Northeast,Northeast,12,14,0.9538950715421305,Philadelphia,Worcester
1927430854,1838439200,rule_based,EVT-0002,2023-07-09,CV_ANTICOAG_ORAL,primary care,Southeast,230.5,225.83333333333334,True,1,primary care,Southeast,Southeast,13,16,2.024584237165578,Richmond,Greenville
1993367014,,rule_based,EVT-0002,2023-07-09,CV_ANTICOAG_ORAL,pulmonology,Midwest,150.33333333333334,,False,,,Midwest,,9,,,Ann Arbor,
1050506165,1782341873,rule_based,EVT-0003,2023-07-10,PULM_ICS_LABA_INH,pulmonology,Southeast,226.83333333333334,235.83333333333334,True,1,pulmonology,Southeast,Southeast,6,5,3.9676708302718584,Raleigh,Charlottesville
1139166684,,rule_based,EVT-0003,2023-07-10,PULM_ICS_LABA_INH,pulmonology,Midwest,206.16666666666666,,False,,,Midwest,,5,,,Green Bay,
1198262952,,rule_based,EVT-0003,2023-07-10,PULM_ICS_LABA_INH,pulmonology,Northeast,515.3333333333334,,False,,,Northeast,,5,,,Hartford,
1229022169,1731313338,rule_based,EVT-0003,2023-07-10,PULM_ICS_LABA_INH,pulmonology,West,124.16666666666667,120.83333333333333,True,1,pulmonology,West,West,13,11,2.6845637583892694,Denver,Palo Alto
1352578078,1293528836,rule_based,EVT-0003,2023-07-10,PULM_ICS_LABA_INH,pulmonology,Southeast,326.1666666666667,318.3333333333333,True,1,pulmonology,Southeast,Southeast,14,17,2.4016351558508036,Huntsville,Richmond
1449331358,1474100561,rule_based,EVT-0003,2023-07-10,PULM_ICS_LABA_INH,pulmonology,Midwest,132.66666666666666,140.5,True,1,pulmonology,Midwest,Midwest,9,11,5.9045226130653345,Lansing,Kansas City
1555906795,,rule_based,EVT-0003,2023-07-10,PULM_ICS_LABA_INH,pulmonology,Midwest,375.6666666666667,,False,,,Midwest,,13,,,Green Bay,
1648626962,,rule_based,EVT-0003,2023-07-10,PULM_ICS_LABA_INH,pulmonology,Southwest,299.6666666666667,,False,,,Southwest,,16,,,Tulsa,
1761262934,,rule_based,EVT-0003,2023-07-10,PULM_ICS_LABA_INH,pulmonology,Northeast,234.16666666666666,,False,,,Northeast,,22,,,New Haven,
1782077311,1831183839,rule_based,EVT-0003,2023-07-10,PULM_ICS_LABA_INH,pulmonology,Southeast,148.83333333333334,152.0,True,1,pulmonology,Southeast,Southeast,9,12,2.1276595744680784,Tampa,Durham
1867204764,1081238747,rule_based,EVT-0003,2023-07-10,PULM_ICS_LABA_INH,pulmonology,Southeast,273.6666666666667,283.6666666666667,True,1,pulmonology,Southeast,Southeast,15,13,3.6540803897685747,Winston-Salem,Tampa
1880717263,1058647219,rule_based,EVT-0003,2023-07-10,PULM_ICS_LABA_INH,pulmonology,Northeast,296.5,293.0,True,1,pulmonology,Northeast,Northeast,12,11,1.1804384485666104,Portland,Albany
1964572899,1134509243,rule_based,EVT-0003,2023-07-10,PULM_ICS_LABA_INH,pulmonology,Northeast,134.0,132.83333333333334,True,1,pulmonology,Northeast,Northeast,8,8,0.8706467661691472,Philadelphia,Hartford
1011940271,1708639657,rule_based,EVT-0004,2023-07-14,ENDO_BASAL_INSULIN,endocrinology,Northeast,191.5,194.16666666666666,True,1,endocrinology,Northeast,Northeast,7,7,1.3925152306353301,Princeton,Worcester
1076376403,,rule_based,EVT-0004,2023-07-14,ENDO_BASAL_INSULIN,endocrinology,Northeast,433.0,,False,,,Northeast,,18,,,Boston,
1107038659,1758794279,rule_based,EVT-0004,2023-07-14,ENDO_BASAL_INSULIN,endocrinology,Northeast,350.1666666666667,347.8333333333333,True,1,endocrinology,Northeast,Northeast,10,7,0.6663493574488447,New York,Jersey City
1324722952,1333043895,rule_based,EVT-0004,2023-07-14,ENDO_BASAL_INSULIN,endocrinology,Northeast,216.0,220.5,True,1,endocrinology,Northeast,Northeast,12,12,2.083333333333333,Stamford,Albany
1330156328,1740626134,rule_based,EVT-0004,2023-07-14,ENDO_BASAL_INSULIN,endocrinology,Southwest,187.5,202.16666666666666,True,1,endocrinology,Southwest,Southwest,6,5,7.822222222222217,Santa Fe,Oklahoma City
1364458855,,rule_based,EVT-0004,2023-07-14,ENDO_BASAL_INSULIN,endocrinology,Southeast,257.0,,False,,,Southeast,,14,,,Columbia,
1423753536,1299832539,rule_based,EVT-0004,2023-07-14,ENDO_BASAL_INSULIN,endocrinology,Northeast,281.8333333333333,294.8333333333333,True,1,endocrinology,Northeast,Northeast,19,19,4.612655233589592,Allentown,Newark
1497642888,,rule_based,EVT-0004,2023-07-14,ENDO_BASAL_INSULIN,endocrinology,Northeast,205.66666666666666,,False,,,Northeast,,10,,,Pittsburgh,
1645233598,1174145494,rule_based,EVT-0004,2023-07-14,ENDO_BASAL_INSULIN,endocrinology,Northeast,316.0,314.3333333333333,True,1,endocrinology,Northeast,Northeast,10,7,0.5274261603375587,Boston,Hartford
1704331150,1702446943,rule_based,EVT-0004,2023-07-14,ENDO_BASAL_INSULIN,endocrinology,West,298.3333333333333,298.8333333333333,True,1,endocrinology,West,West,11,12,0.1675977653631285,Denver,Spokane
1746046261,,rule_based,EVT-0004,2023-07-14,ENDO_BASAL_INSULIN,endocrinology,Northeast,157.5,,False,,,Northeast,,4,,,Hershey,
1749652321,,rule_based,EVT-0004,2023-07-14,ENDO_BASAL_INSULIN,endocrinology,West,114.83333333333333,,False,,,West,,8,,,Colorado Springs,
1803502636,1995404856,rule_based,EVT-0004,2023-07-14,ENDO_BASAL_INSULIN,endocrinology,Northeast,200.16666666666666,210.5,True,2,endocrinology,Northeast,Northeast,7,5,5.162364696086599,Princeton,Camden
1880426881,,rule_based,EVT-0004,2023-07-14,ENDO_BASAL_INSULIN,endocrinology,Northeast,303.8333333333333,,False,,,Northeast,,10,,,Buffalo,
1964945871,1249657408,rule_based,EVT-0004,2023-07-14,ENDO_BASAL_INSULIN,endocrinology,Northeast,257.0,243.0,True,1,endocrinology,Northeast,Northeast,6,8,5.447470817120623,New Haven,Princeton
1044379984,1765233105,rule_based,EVT-0005,2023-07-17,METABOLIC_GLP1_INJ,neurology,Midwest,127.0,128.16666666666666,True,1,neurology,Midwest,Midwest,9,6,0.9186351706036671,Grand Rapids,Peoria
1058647219,,rule_based,EVT-0005,2023-07-17,METABOLIC_GLP1_INJ,pulmonology,Northeast,182.66666666666666,,False,,,Northeast,,11,,,Albany,
1094274762,,rule_based,EVT-0005,2023-07-17,METABOLIC_GLP1_INJ,primary care,West,96.5,,False,,,West,,4,,,Salt Lake City,
1145899849,1752727945,rule_based,EVT-0005,2023-07-17,METABOLIC_GLP1_INJ,primary care,West,87.5,82.5,True,1,primary care,West,West,17,14,5.714285714285714,Portland,Los Angeles
1194203331,1647196991,rule_based,EVT-0005,2023-07-17,METABOLIC_GLP1_INJ,rheumatology,Southeast,275.5,276.1666666666667,True,1,rheumatology,Southeast,Southeast,5,8,0.24198427102239042,Columbia,Richmond
1251567115,1540759788,rule_based,EVT-0005,2023-07-17,METABOLIC_GLP1_INJ,primary care,Midwest,136.0,123.16666666666667,True,1,primary care,Midwest,Midwest,8,6,9.43627450980392,Rockford,St. Louis
1355374483,,rule_based,EVT-0005,2023-07-17,METABOLIC_GLP1_INJ,primary care,West,319.5,,False,,,West,,3,,,Eugene,
1376656900,1732000645,rule_based,EVT-0005,2023-07-17,METABOLIC_GLP1_INJ,cardiology,Southwest,118.66666666666667,115.66666666666667,True,1,cardiology,Southwest,Southwest,6,8,2.528089887640449,Tucson,Scottsdale
1413519731,1783823739,rule_based,EVT-0005,2023-07-17,METABOLIC_GLP1_INJ,primary care,Southwest,223.83333333333334,223.66666666666666,True,1,primary care,Southwest,Southwest,13,13,0.07446016381236885,Austin,Oklahoma City
1425340662,1289174306,rule_based,EVT-0005,2023-07-17,METABOLIC_GLP1_INJ,primary care,Southwest,115.66666666666667,114.5,True,1,primary care,Southwest,Southwest,17,17,1.0086455331412143,Austin,Mesa
1475115246,1722898792,rule_based,EVT-0005,2023-07-17,METABOLIC_GLP1_INJ,cardiology,Southeast,118.0,127.0,True,1,cardiology,Southeast,Southeast,17,19,7.627118644067797,Macon,Charlottesville
1567742360,1873780039,rule_based,EVT-0005,2023-07-17,METABOLIC_GLP1_INJ,primary care,West,204.0,208.33333333333334,True,1,primary care,West,West,8,9,2.124183006535952,Provo,Provo
1639269087,1209566128,rule_based,EVT-0005,2023-07-17,METABOLIC_GLP1_INJ,primary care,Northeast,263.6666666666667,275.0,True,1,primary care,Northeast,Northeast,18,15,4.298356510745884,Buffalo,Stamford
1676855970,1644815767,rule_based,EVT-0005,2023-07-17,METABOLIC_GLP1_INJ,primary care,West,190.33333333333334,190.0,True,1,primary care,West,West,16,16,0.1751313485113885,Provo,Tacoma
1683943777,1722038985,rule_based,EVT-0005,2023-07-17,METABOLIC_GLP1_INJ,cardiology,West,214.5,200.5,True,1,cardiology,West,West,8,8,6.526806526806526,Provo,Denver
1719186219,1205576824,rule_based,EVT-0005,2023-07-17,METABOLIC_GLP1_INJ,oncology,West,114.5,124.16666666666667,True,1,oncology,West,West,14,13,8.442503639010193,Sacramento,Spokane
1738903891,1769333869,rule_based,EVT-0005,2023-07-17,METABOLIC_GLP1_INJ,endocrinology,Southeast,140.5,151.83333333333334,True,1,endocrinology,Southeast,Southeast,18,20,8.066429418742594,Charlotte,Columbia
1828766265,,rule_based,EVT-0005,2023-07-17,METABOLIC_GLP1_INJ,oncology,Southwest,53.333333333333336,,False,,,Southwest,,8,,,Fort Worth,
1880426881,1657025858,rule_based,EVT-0005,2023-07-17,METABOLIC_GLP1_INJ,endocrinology,Northeast,137.66666666666666,139.66666666666666,True,1,endocrinology,Northeast,Northeast,10,10,1.4527845036319613,Buffalo,Buffalo
1989798412,1166368237,rule_based,EVT-0005,2023-07-17,METABOLIC_GLP1_INJ,primary care,Southwest,196.83333333333334,188.0,True,1,primary care,Southwest,Southwest,13,10,4.487722269263341,Las Vegas,Tulsa
1326516303,1852326267,rule_based,EVT-0006,2023-07-18,ONC_TARGETED_ORAL,oncology,Southwest,188.5,187.66666666666666,True,1,oncology,Southwest,Southwest,12,12,0.44208664898320577,Phoenix,Tulsa
1362648127,1965430253,rule_based,EVT-0006,2023-07-18,ONC_TARGETED_ORAL,oncology,Northeast,181.5,173.16666666666666,True,1,oncology,Northeast,Northeast,4,6,4.591368227731869,Albany,Cambridge
1785764022,1124315999,rule_based,EVT-0006,2023-07-18,ONC_TARGETED_ORAL,oncology,Northeast,129.33333333333334,134.16666666666666,True,1,oncology,Northeast,Northeast,17,15,3.737113402061841,Bangor,Portland
1811081532,1659738110,rule_based,EVT-0006,2023-07-18,ONC_TARGETED_ORAL,oncology,Northeast,154.83333333333334,142.33333333333334,True,1,oncology,Northeast,Northeast,12,10,8.073196986006458,Philadelphia,Bangor
1969914385,,rule_based,EVT-0006,2023-07-18,ONC_TARGETED_ORAL,oncology,West,222.66666666666666,,False,,,West,,12,,,Denver,
1120080837,,rule_based,EVT-0007,2023-07-28,CARD_HF_ARNI,cardiology,Northeast,179.33333333333334,,False,,,Northeast,,16,,,Hartford,
1265952337,,rule_based,EVT-0007,2023-07-28,CARD_HF_ARNI,cardiology,Northeast,368.3333333333333,,False,,,Northeast,,22,,,Syracuse,
1299418347,1897395806,rule_based,EVT-0007,2023-07-28,CARD_HF_ARNI,cardiology,Northeast,286.1666666666667,277.3333333333333,True,1,cardiology,Northeast,Northeast,18,15,3.086779266161923,Springfield,Portland
1332369119,1451721462,rule_based,EVT-0007,2023-07-28,CARD_HF_ARNI,cardiology,Southeast,232.5,237.16666666666666,True,1,cardiology,Southeast,Southeast,9,7,2.007168458781358,Raleigh,Charlottesville
1444774099,,rule_based,EVT-0007,2023-07-28,CARD_HF_ARNI,cardiology,West,154.66666666666666,,False,,,West,,27,,,Salt Lake City,
1460081361,1132120993,rule_based,EVT-0007,2023-07-28,CARD_HF_ARNI,cardiology,Northeast,136.16666666666666,130.0,True,1,cardiology,Northeast,Northeast,7,10,4.528763769889834,Bangor,Princeton
1492077734,,rule_based,EVT-0007,2023-07-28,CARD_HF_ARNI,cardiology,Midwest,382.6666666666667,,False,,,Midwest,,6,,,Green Bay,
1610177150,1722898792,rule_based,EVT-0007,2023-07-28,CARD_HF_ARNI,cardiology,Southeast,284.6666666666667,285.1666666666667,True,1,cardiology,Southeast,Southeast,19,19,0.17564402810304447,Mobile,Charlottesville
1657725655,,rule_based,EVT-0007,2023-07-28,CARD_HF_ARNI,cardiology,West,479.1666666666667,,False,,,West,,13,,,Seattle,
1672904236,1167711153,rule_based,EVT-0007,2023-07-28,CARD_HF_ARNI,cardiology,Northeast,204.33333333333334,212.0,True,1,cardiology,Northeast,Northeast,5,8,3.7520391517128826,Philadelphia,Princeton
1710163217,1856406925,rule_based,EVT-0007,2023-07-28,CARD_HF_ARNI,cardiology,Northeast,243.5,219.5,True,1,cardiology,Northeast,Northeast,11,12,9.856262833675565,Albany,Pittsburgh
1714292012,1836894604,rule_based,EVT-0007,2023-07-28,CARD_HF_ARNI,cardiology,Southeast,210.5,217.0,True,1,cardiology,Southeast,Southeast,14,12,3.0878859857482186,Tampa,Norfolk
1714986282,1933607412,rule_based,EVT-0007,2023-07-28,CARD_HF_ARNI,cardiology,West,167.33333333333334,170.0,True,1,cardiology,West,West,10,12,1.5936254980079625,Tacoma,Tacoma
1724092733,1042224778,rule_based,EVT-0007,2023-07-28,CARD_HF_ARNI,cardiology,Northeast,280.8333333333333,278.0,True,1,cardiology,Northeast,Northeast,5,6,1.0089020771513286,Pittsburgh,Albany
1732000645,1701585576,rule_based,EVT-0007,2023-07-28,CARD_HF_ARNI,cardiology,Southwest,365.8333333333333,332.6666666666667,True,1,cardiology,Southwest,Southwest,8,9,9.066059225512518,Scottsdale,Scottsdale
1814938340,1107378550,rule_based,EVT-0007,2023-07-28,CARD_HF_ARNI,cardiology,Southeast,225.0,238.33333333333334,True,2,cardiology,Southeast,Southeast,13,14,5.92592592592593,Huntsville,Charleston
1133616429,,rule_based,EVT-0008,2023-07-30,NEURO_MIGRAINE_CGRP,neurology,Midwest,172.5,,False,,,Midwest,,10,,,Grand Rapids,
1159841240,,rule_based,EVT-0008,2023-07-30,NEURO_MIGRAINE_CGRP,neurology,Southeast,372.8333333333333,,False,,,Southeast,,17,,,Charlotte,
1228081653,1937449878,rule_based,EVT-0008,2023-07-30,NEURO_MIGRAINE_CGRP,neurology,Southeast,82.5,88.83333333333333,True,1,neurology,Southeast,Southeast,8,9,7.676767676767671,Durham,Charlottesville
1327009084,1103232447,rule_based,EVT-0008,2023-07-30,NEURO_MIGRAINE_CGRP,neurology,Southwest,207.83333333333334,200.66666666666666,True,1,neurology,Southwest,Southwest,13,11,3.4482758620689746,Scottsdale,Phoenix
1592062677,,rule_based,EVT-0008,2023-07-30,NEURO_MIGRAINE_CGRP,neurology,Southeast,328.5,,False,,,Southeast,,9,,,Nashville,
1636376422,1925142923,rule_based,EVT-0008,2023-07-30,NEURO_MIGRAINE_CGRP,neurology,Southwest,208.5,205.66666666666666,True,1,neurology,Southwest,Southwest,7,8,1.3589128697042412,San Antonio,Oklahoma City
1674345776,1844748057,rule_based,EVT-0008,2023-07-30,NEURO_MIGRAINE_CGRP,neurology,Midwest,227.0,227.16666666666666,True,1,neurology,Midwest,Midwest,14,16,0.0734214390602014,Cleveland,St. Paul
1719574174,,rule_based,EVT-0008,2023-07-30,NEURO_MIGRAINE_CGRP,neurology,Midwest,115.66666666666667,,False,,,Midwest,,11,,,St. Louis,
1788421810,1309371148,rule_based,EVT-0008,2023-07-30,NEURO_MIGRAINE_CGRP,neurology,Northeast,211.0,209.83333333333334,True,1,neurology,Northeast,Northeast,15,12,0.5529225908372782,Springfield,Syracuse
1022312734,,rule_based,EVT-0009,2023-08-01,METABOLIC_GLP1_INJ,primary care,Midwest,40.666666666666664,,False,,,Midwest,,7,,,Columbia,
1048976678,,rule_based,EVT-0009,2023-08-01,METABOLIC_GLP1_INJ,primary care,Southeast,84.33333333333333,,False,,,Southeast,,18,,,Orlando,
1050506165,,rule_based,EVT-0009,2023-08-01,METABOLIC_GLP1_INJ,pulmonology,Southeast,56.5,,False,,,Southeast,,6,,,Raleigh,
1065870788,1190842652,rule_based,EVT-0009,2023-08-01,METABOLIC_GLP1_INJ,primary care,Southwest,136.5,147.16666666666666,True,1,primary care,Southwest,Southwest,7,10,7.814407814407807,Tucson,Las Vegas
1081051991,,rule_based,EVT-0009,2023-08-01,METABOLIC_GLP1_INJ,pulmonology,Southwest,75.0,,False,,,Southwest,,15,,,Fort Worth,
1098995024,1742974847,rule_based,EVT-0009,2023-08-01,METABOLIC_GLP1_INJ,primary care,Northeast,89.33333333333333,86.5,True,1,primary care,Northeast,Northeast,6,7,3.1716417910447707,Pittsburgh,Princeton
1101185407,1356982086,rule_based,EVT-0009,2023-08-01,METABOLIC_GLP1_INJ,primary care,Midwest,185.83333333333334,182.0,True,1,primary care,Midwest,Midwest,17,16,2.062780269058301,Lansing,Cincinnati
1123148250,,rule_based,EVT-0009,2023-08-01,METABOLIC_GLP1_INJ,cardiology,Southwest,257.0,,False,,,Southwest,,19,,,Austin,
1133130363,1084471394,rule_based,EVT-0009,2023-08-01,METABOLIC_GLP1_INJ,primary care,Northeast,244.66666666666666,255.66666666666666,True,1,primary care,Northeast,Northeast,13,12,4.49591280653951,Hartford,Springfield
1189244753,,rule_based,EVT-0009,2023-08-01,METABOLIC_GLP1_INJ,neurology,Northeast,215.16666666666666,,False,,,Northeast,,12,,,Portland,
1263807582,1300654963,rule_based,EVT-0009,2023-08-01,METABOLIC_GLP1_INJ,primary care,Northeast,233.5,245.83333333333334,True,1,primary care,Northeast,Northeast,7,9,5.281941470378306,Syracuse,Albany
1280087226,,rule_based,EVT-0009,2023-08-01,METABOLIC_GLP1_INJ,primary care,Northeast,489.0,,False,,,Northeast,,10,,,Rochester,
1296552940,1762971749,rule_based,EVT-0009,2023-08-01,METABOLIC_GLP1_INJ,primary care,Northeast,75.5,72.66666666666667,True,1,primary care,Northeast,Northeast,8,9,3.752759381898448,Rochester,New Haven
1332369119,1494868502,rule_based,EVT-0009,2023-08-01,METABOLIC_GLP1_INJ,cardiology,Southeast,56.666666666666664,58.166666666666664,True,1,cardiology,Southeast,Southeast,9,7,2.6470588235294117,Raleigh,Huntsville
1413519731,1783823739,rule_based,EVT-0009,2023-08-01,METABOLIC_GLP1_INJ,primary care,Southwest,234.0,227.0,True,1,primary care,Southwest,Southwest,13,13,2.9914529914529915,Austin,Oklahoma City
1456299035,1815807585,rule_based,EVT-0009,2023-08-01,METABOLIC_GLP1_INJ,primary care,Southeast,259.3333333333333,236.5,True,1,primary care,Southeast,Southeast,15,13,8.80462724935732,Mobile,Knoxville
1481247389,1489598965,rule_based,EVT-0009,2023-08-01,METABOLIC_GLP1_INJ,primary care,Southeast,314.0,284.1666666666667,True,1,primary care,Southeast,Southeast,24,21,9.501061571125259,Winston-Salem,Charleston
1484724632,1261377760,rule_based,EVT-0009,2023-08-01,METABOLIC_GLP1_INJ,primary care,Northeast,136.83333333333334,141.0,True,1,primary care,Northeast,Northeast,14,14,3.045066991473805,Princeton,Stamford
1547244776,1417682113,rule_based,EVT-0009,2023-08-01,METABOLIC_GLP1_INJ,pulmonology,Northeast,71.66666666666667,76.66666666666667,True,1,pulmonology,Northeast,Northeast,18,16,6.976744186046512,Cambridge,Hartford
1552813903,1665478461,rule_based,EVT-0009,2023-08-01,METABOLIC_GLP1_INJ,primary care,Northeast,109.5,117.5,True,1,primary care,Northeast,Northeast,10,10,7.30593607305936,Newark,New York
1567742360,1873780039,rule_based,EVT-0009,2023-08-01,METABOLIC_GLP1_INJ,primary care,West,211.16666666666666,209.5,True,1,primary care,West,West,8,9,0.7892659826361439,Provo,Provo
1592123891,,rule_based,EVT-0009,2023-08-01,METABOLIC_GLP1_INJ,primary care,Northeast,78.5,,False,,,Northeast,,18,,,Allentown,
1595301304,,rule_based,EVT-0009,2023-08-01,METABOLIC_GLP1_INJ,primary care,Southwest,127.16666666666667,,False,,,Southwest,,13,,,Tulsa,
1639269087,1418997171,rule_based,EVT-0009,2023-08-01,METABOLIC_GLP1_INJ,primary care,Northeast,253.33333333333334,261.1666666666667,True,1,primary care,Northeast,Northeast,18,18,3.0921052631578982,Buffalo,Jersey City
1644815767,,rule_based,EVT-0009,2023-08-01,METABOLIC_GLP1_INJ,primary care,West,192.0,,False,,,West,,16,,,Tacoma,
1674102136,,rule_based,EVT-0009,2023-08-01,METABOLIC_GLP1_INJ,primary care,Northeast,104.16666666666667,,False,,,Northeast,,13,,,Hartford,
1724092733,,rule_based,EVT-0009,2023-08-01,METABOLIC_GLP1_INJ,cardiology,Northeast,53.0,,False,,,Northeast,,5,,,Pittsburgh,
1725724532,,rule_based,EVT-0009,2023-08-01,METABOLIC_GLP1_INJ,primary care,Northeast,201.5,,False,,,Northeast,,32,,,Boston,
1740047711,1838439200,rule_based,EVT-0009,2023-08-01,METABOLIC_GLP1_INJ,primary care,Southeast,164.33333333333334,164.0,True,1,primary care,Southeast,Southeast,13,16,0.20283975659229786,Greenville,Greenville
1824172013,,rule_based,EVT-0009,2023-08-01,METABOLIC_GLP1_INJ,primary care,Midwest,507.8333333333333,,False,,,Midwest,,10,,,Grand Rapids,
1862986803,,rule_based,EVT-0009,2023-08-01,METABOLIC_GLP1_INJ,primary care,Midwest,256.1666666666667,,False,,,Midwest,,25,,,Grand Rapids,
1896554999,1657035808,rule_based,EVT-0009,2023-08-01,METABOLIC_GLP1_INJ,primary care,West,197.33333333333334,205.16666666666666,True,1,primary care,West,West,14,14,3.9695945945945845,Eugene,Eugene
1924355757,,rule_based,EVT-0009,2023-08-01,METABOLIC_GLP1_INJ,primary care,Southwest,223.16666666666666,,False,,,Southwest,,7,,,Albuquerque,
1124726435,1316743925,rule_based,EVT-0010,2023-08-06,CV_ANTICOAG_ORAL,primary care,Northeast,366.6666666666667,340.5,True,1,primary care,Northeast,Northeast,14,16,7.13636363636364,Allentown,Cambridge
1124890801,1418997171,rule_based,EVT-0010,2023-08-06,CV_ANTICOAG_ORAL,primary care,Northeast,218.66666666666666,223.5,True,1,primary care,Northeast,Northeast,15,18,2.210365853658541,Hershey,Jersey City
1132120993,1167711153,rule_based,EVT-0010,2023-08-06,CV_ANTICOAG_ORAL,cardiology,Northeast,112.5,110.66666666666667,True,1,cardiology,Northeast,Northeast,10,8,1.6296296296296253,Princeton,Princeton
1144669185,,rule_based,EVT-0010,2023-08-06,CV_ANTICOAG_ORAL,primary care,Northeast,474.5,,False,,,Northeast,,16,,,Allentown,
1189769080,,rule_based,EVT-0010,2023-08-06,CV_ANTICOAG_ORAL,primary care,Northeast,222.5,,False,,,Northeast,,11,,,Stamford,
1198262952,1536141264,rule_based,EVT-0010,2023-08-06,CV_ANTICOAG_ORAL,pulmonology,Northeast,186.0,182.33333333333334,True,1,pulmonology,Northeast,Northeast,5,7,1.971326164874547,Hartford,Stamford
1202669523,,rule_based,EVT-0010,2023-08-06,CV_ANTICOAG_ORAL,cardiology,Midwest,264.5,,False,,,Midwest,,15,,,Fort Wayne,
1299418347,1350739367,rule_based,EVT-0010,2023-08-06,CV_ANTICOAG_ORAL,cardiology,Northeast,95.0,92.0,True,1,cardiology,Northeast,Northeast,18,16,3.1578947368421053,Springfield,Hershey
1300654963,,rule_based,EVT-0010,2023-08-06,CV_ANTICOAG_ORAL,primary care,Northeast,289.6666666666667,,False,,,Northeast,,9,,,Albany,
1341556789,,rule_based,EVT-0010,2023-08-06,CV_ANTICOAG_ORAL,cardiology,West,511.0,,False,,,West,,17,,,Seattle,
1423152481,1181854898,rule_based,EVT-0010,2023-08-06,CV_ANTICOAG_ORAL,primary care,Southeast,281.5,275.3333333333333,True,1,primary care,Southeast,Southeast,11,14,2.190645352279462,Chattanooga,Tampa
1478412079,,rule_based,EVT-0010,2023-08-06,CV_ANTICOAG_ORAL,cardiology,Midwest,166.33333333333334,,False,,,Midwest,,18,,,Chicago,
1552813903,1747032997,rule_based,EVT-0010,2023-08-06,CV_ANTICOAG_ORAL,primary care,Northeast,252.16666666666666,251.16666666666666,True,1,primary care,Northeast,Northeast,10,9,0.39656311962987445,Newark,New York
1594466975,1028050239,rule_based,EVT-0010,2023-08-06,CV_ANTICOAG_ORAL,cardiology,West,106.16666666666667,104.0,True,1,cardiology,West,West,17,14,2.0408163265306167,Salt Lake City,Provo
1710163217,,rule_based,EVT-0010,2023-08-06,CV_ANTICOAG_ORAL,cardiology,Northeast,174.66666666666666,,False,,,Northeast,,11,,,Albany,
1714986282,1185877283,rule_based,EVT-0010,2023-08-06,CV_ANTICOAG_ORAL,cardiology,West,167.5,163.16666666666666,True,1,cardiology,West,West,10,10,2.5870646766169214,Tacoma,Portland
1768831921,1775551348,rule_based,EVT-0010,2023-08-06,CV_ANTICOAG_ORAL,rheumatology,Northeast,87.83333333333333,92.5,True,1,rheumatology,Northeast,Northeast,11,11,5.31309297912714,Rochester,Newark
1812815243,1271768685,rule_based,EVT-0010,2023-08-06,CV_ANTICOAG_ORAL,primary care,Midwest,163.16666666666666,172.16666666666666,True,1,primary care,Midwest,Midwest,7,8,5.515832482124617,Milwaukee,St. Paul
1828803407,,rule_based,EVT-0010,2023-08-06,CV_ANTICOAG_ORAL,oncology,Northeast,69.66666666666667,,False,,,Northeast,,16,,,Cambridge,
1901019392,,rule_based,EVT-0010,2023-08-06,CV_ANTICOAG_ORAL,cardiology,West,491.5,,False,,,West,,16,,,Portland,
1969108517,1934829601,rule_based,EVT-0010,2023-08-06,CV_ANTICOAG_ORAL,cardiology,Midwest,217.0,212.5,True,1,cardiology,Midwest,Midwest,12,13,2.0737327188940093,Minneapolis,Toledo
1107378550,,rule_based,EVT-0011,2023-08-08,CV_ANTICOAG_ORAL,cardiology,Southeast,67.16666666666667,,False,,,Southeast,,14,,,Charleston,
1124726435,1316743925,rule_based,EVT-0011,2023-08-08,CV_ANTICOAG_ORAL,primary care,Northeast,366.6666666666667,340.5,True,1,primary care,Northeast,Northeast,14,16,7.13636363636364,Allentown,Cambridge
1137408567,,rule_based,EVT-0011,2023-08-08,CV_ANTICOAG_ORAL,endocrinology,Northeast,402.3333333333333,,False,,,Northeast,,10,,,Allentown,
1267903205,,rule_based,EVT-0011,2023-08-08,CV_ANTICOAG_ORAL,endocrinology,Midwest,63.0,,False,,,Midwest,,23,,,Chicago,
1279507085,,rule_based,EVT-0011,2023-08-08,CV_ANTICOAG_ORAL,rheumatology,Southwest,150.0,,False,,,Southwest,,17,,,San Antonio,
1362560363,1950588461,rule_based,EVT-0011,2023-08-08,CV_ANTICOAG_ORAL,cardiology,West,187.66666666666666,181.66666666666666,True,1,cardiology,West,West,13,14,3.197158081705151,Spokane,Palo Alto
1368009035,,rule_based,EVT-0011,2023-08-08,CV_ANTICOAG_ORAL,cardiology,Northeast,144.66666666666666,,False,,,Northeast,,7,,,Philadelphia,
1433980129,,rule_based,EVT-0011,2023-08-08,CV_ANTICOAG_ORAL,pulmonology,Northeast,49.5,,False,,,Northeast,,4,,,Hershey,
1435949049,,rule_based,EVT-0011,2023-08-08,CV_ANTICOAG_ORAL,rheumatology,Northeast,236.0,,False,,,Northeast,,4,,,Bangor,
1475115246,1743431961,rule_based,EVT-0011,2023-08-08,CV_ANTICOAG_ORAL,cardiology,Southeast,119.83333333333333,111.0,True,1,cardiology,Southeast,Southeast,17,14,7.371349095966617,Macon,Charleston
1552813903,1747032997,rule_based,EVT-0011,2023-08-08,CV_ANTICOAG_ORAL,primary care,Northeast,252.16666666666666,251.16666666666666,True,1,primary care,Northeast,Northeast,10,9,0.39656311962987445,Newark,New York
1567742360,,rule_based,EVT-0011,2023-08-08,CV_ANTICOAG_ORAL,primary care,West,312.8333333333333,,False,,,West,,8,,,Provo,
1595774286,1390939977,rule_based,EVT-0011,2023-08-08,CV_ANTICOAG_ORAL,rheumatology,Midwest,199.5,214.33333333333334,True,1,rheumatology,Midwest,Midwest,13,12,7.4352548036758614,Peoria,St. Paul
1616418756,1769764832,rule_based,EVT-0011,2023-08-08,CV_ANTICOAG_ORAL,neurology,Northeast,179.33333333333334,172.33333333333334,True,1,neurology,Northeast,Northeast,8,11,3.903345724907063,Worcester,Cambridge
1670701188,,rule_based,EVT-0011,2023-08-08,CV_ANTICOAG_ORAL,cardiology,Southeast,216.33333333333334,,False,,,Southeast,,7,,,Chattanooga,
1672904236,1167711153,rule_based,EVT-0011,2023-08-08,CV_ANTICOAG_ORAL,cardiology,Northeast,117.0,110.66666666666667,True,1,cardiology,Northeast,Northeast,5,8,5.413105413105409,Philadelphia,Princeton
1683943777,1577953643,rule_based,EVT-0011,2023-08-08,CV_ANTICOAG_ORAL,cardiology,West,116.5,125.5,True,1,cardiology,West,West,8,10,7.725321888412018,Provo,Portland
1714986282,1185877283,rule_based,EVT-0011,2023-08-08,CV_ANTICOAG_ORAL,cardiology,West,167.5,163.16666666666666,True,1,cardiology,West,West,10,10,2.5870646766169214,Tacoma,Portland
1724092733,1056679651,rule_based,EVT-0011,2023-08-08,CV_ANTICOAG_ORAL,cardiology,Northeast,193.16666666666666,184.16666666666666,True,1,cardiology,Northeast,Northeast,5,6,4.659188955996549,Pittsburgh,Philadelphia
1725623817,1166368237,rule_based,EVT-0011,2023-08-08,CV_ANTICOAG_ORAL,primary care,Southwest,189.5,198.33333333333334,True,1,primary care,Southwest,Southwest,9,10,4.66138962181179,Las Vegas,Tulsa
1738903891,,rule_based,EVT-0011,2023-08-08,CV_ANTICOAG_ORAL,endocrinology,Southeast,346.8333333333333,,False,,,Southeast,,18,,,Charlotte,
1745601371,,rule_based,EVT-0011,2023-08-08,CV_ANTICOAG_ORAL,cardiology,Midwest,58.666666666666664,,False,,,Midwest,,11,,,Peoria,
1746046261,1174145494,rule_based,EVT-0011,2023-08-08,CV_ANTICOAG_ORAL,endocrinology,Northeast,173.5,165.83333333333334,True,1,endocrinology,Northeast,Northeast,4,7,4.418828049951964,Hershey,Hartford
1768831921,1775551348,rule_based,EVT-0011,2023-08-08,CV_ANTICOAG_ORAL,rheumatology,Northeast,87.83333333333333,92.5,True,1,rheumatology,Northeast,Northeast,11,11,5.31309297912714,Rochester,Newark
1856406925,1746587884,rule_based,EVT-0011,2023-08-08,CV_ANTICOAG_ORAL,cardiology,Northeast,135.0,137.5,True,1,cardiology,Northeast,Northeast,12,12,1.8518518518518516,Pittsburgh,Pittsburgh
1901019392,,rule_based,EVT-0011,2023-08-08,CV_ANTICOAG_ORAL,cardiology,West,491.5,,False,,,West,,16,,,Portland,
1939785840,,rule_based,EVT-0011,2023-08-08,CV_ANTICOAG_ORAL,endocrinology,Southwest,286.6666666666667,,False,,,Southwest,,30,,,Austin,
1964945871,1730655531,rule_based,EVT-0011,2023-08-08,CV_ANTICOAG_ORAL,endocrinology,Northeast,182.66666666666666,171.33333333333334,True,1,endocrinology,Northeast,Northeast,6,9,6.204379562043785,New Haven,New Haven
1074076039,1751172259,rule_based,EVT-0012,2023-08-10,CARD_HF_ARNI,cardiology,Southeast,315.0,310.8333333333333,True,1,cardiology,Southeast,Southeast,12,12,1.3227513227513288,Charlottesville,Savannah
1123148250,1631526641,rule_based,EVT-0012,2023-08-10,CARD_HF_ARNI,cardiology,Southwest,193.16666666666666,209.0,True,1,cardiology,Southwest,Southwest,19,16,8.196721311475414,Austin,Oklahoma City
1246448348,,rule_based,EVT-0012,2023-08-10,CARD_HF_ARNI,cardiology,Southeast,322.6666666666667,,False,,,Southeast,,11,,,Orlando,
1265952337,,rule_based,EVT-0012,2023-08-10,CARD_HF_ARNI,cardiology,Northeast,367.6666666666667,,False,,,Northeast,,22,,,Syracuse,
1332369119,1451721462,rule_based,EVT-0012,2023-08-10,CARD_HF_ARNI,cardiology,Southeast,224.5,238.83333333333334,True,1,cardiology,Southeast,Southeast,9,7,6.384558277654049,Raleigh,Charlottesville
1341556789,,rule_based,EVT-0012,2023-08-10,CARD_HF_ARNI,cardiology,West,777.0,,False,,,West,,17,,,Seattle,
1460081361,,rule_based,EVT-0012,2023-08-10,CARD_HF_ARNI,cardiology,Northeast,144.83333333333334,,False,,,Northeast,,7,,,Bangor,
1475115246,,rule_based,EVT-0012,2023-08-10,CARD_HF_ARNI,cardiology,Southeast,510.5,,False,,,Southeast,,17,,,Macon,
1551962891,1057623450,rule_based,EVT-0012,2023-08-10,CARD_HF_ARNI,cardiology,Midwest,81.0,87.16666666666667,True,1,cardiology,Midwest,Midwest,13,13,7.613168724279841,Madison,Toledo
1648553570,1750236147,rule_based,EVT-0012,2023-08-10,CARD_HF_ARNI,cardiology,Southwest,216.33333333333334,216.0,True,1,cardiology,Southwest,Southwest,11,12,0.15408320493066693,Houston,Austin
1655321622,1871372714,rule_based,EVT-0012,2023-08-10,CARD_HF_ARNI,cardiology,Northeast,277.1666666666667,251.16666666666666,True,1,cardiology,Northeast,Northeast,19,19,9.380637402285037,Worcester,Portland
1657725655,,rule_based,EVT-0012,2023-08-10,CARD_HF_ARNI,cardiology,West,497.6666666666667,,False,,,West,,13,,,Seattle,
1670701188,,rule_based,EVT-0012,2023-08-10,CARD_HF_ARNI,cardiology,Southeast,374.5,,False,,,Southeast,,7,,,Chattanooga,
1683943777,1009179924,rule_based,EVT-0012,2023-08-10,CARD_HF_ARNI,cardiology,West,298.6666666666667,288.5,True,1,cardiology,West,West,8,10,3.404017857142863,Provo,Los Angeles
1722038985,1732914373,rule_based,EVT-0012,2023-08-10,CARD_HF_ARNI,cardiology,West,182.66666666666666,196.16666666666666,True,1,cardiology,West,West,8,10,7.39051094890511,Denver,Tacoma
1836894604,,rule_based,EVT-0012,2023-08-10,CARD_HF_ARNI,cardiology,Southeast,230.5,,False,,,Southeast,,12,,,Norfolk,
1169614082,,rule_based,EVT-0013,2023-08-11,PC_ANTIHYPERTENSIVE,primary care,Midwest,193.83333333333334,,False,,,Midwest,,19,,,Madison,
1191545544,1488515010,rule_based,EVT-0013,2023-08-11,PC_ANTIHYPERTENSIVE,primary care,Midwest,278.5,264.5,True,1,primary care,Midwest,Midwest,22,19,5.026929982046679,Rochester,St. Louis
1268222167,1849328657,rule_based,EVT-0013,2023-08-11,PC_ANTIHYPERTENSIVE,primary care,Midwest,251.83333333333334,254.66666666666666,True,1,primary care,Midwest,Midwest,19,22,1.1250827266710712,Fort Wayne,Minneapolis
1271768685,,rule_based,EVT-0013,2023-08-11,PC_ANTIHYPERTENSIVE,primary care,Midwest,260.6666666666667,,False,,,Midwest,,8,,,St. Paul,
1300654963,1102089657,rule_based,EVT-0013,2023-08-11,PC_ANTIHYPERTENSIVE,primary care,Northeast,166.16666666666666,173.33333333333334,True,1,primary care,Northeast,Northeast,9,10,4.31293881644936,Albany,New Haven
1311764207,1287287258,rule_based,EVT-0013,2023-08-11,PC_ANTIHYPERTENSIVE,primary care,Midwest,295.5,314.1666666666667,True,1,primary care,Midwest,Midwest,6,9,6.316976875352516,Cincinnati,Columbus
1385532449,,rule_based,EVT-0013,2023-08-11,PC_ANTIHYPERTENSIVE,primary care,Southeast,400.5,,False,,,Southeast,,6,,,Atlanta,
1418997171,1877046932,rule_based,EVT-0013,2023-08-11,PC_ANTIHYPERTENSIVE,primary care,Northeast,410.8333333333333,391.1666666666667,True,1,primary care,Northeast,Northeast,18,16,4.787018255578084,Jersey City,Boston
1425340662,,rule_based,EVT-0013,2023-08-11,PC_ANTIHYPERTENSIVE,primary care,Southwest,336.3333333333333,,False,,,Southwest,,17,,,Austin,
1436505063,1216575070,rule_based,EVT-0013,2023-08-11,PC_ANTIHYPERTENSIVE,primary care,Midwest,372.6666666666667,388.6666666666667,True,1,primary care,Midwest,Midwest,12,11,4.293381037567084,Milwaukee,Columbia
1456207657,,rule_based,EVT-0013,2023-08-11,PC_ANTIHYPERTENSIVE,primary care,Midwest,425.8333333333333,,False,,,Midwest,,10,,,Minneapolis,
1456299035,1174238463,rule_based,EVT-0013,2023-08-11,PC_ANTIHYPERTENSIVE,primary care,Southeast,218.5,214.66666666666666,True,1,primary care,Southeast,Southeast,15,14,1.754385964912285,Mobile,Raleigh
1481247389,1892083019,rule_based,EVT-0013,2023-08-11,PC_ANTIHYPERTENSIVE,primary care,Southeast,339.3333333333333,321.3333333333333,True,1,primary care,Southeast,Southeast,24,27,5.304518664047151,Winston-Salem,Mobile
1567742360,1036327983,rule_based,EVT-0013,2023-08-11,PC_ANTIHYPERTENSIVE,primary care,West,131.83333333333334,135.5,True,1,primary care,West,West,8,8,2.7812895069532164,Provo,Portland
1610820601,,rule_based,EVT-0013,2023-08-11,PC_ANTIHYPERTENSIVE,primary care,Midwest,258.5,,False,,,Midwest,,9,,,Lansing,
1639269087,1099946885,rule_based,EVT-0013,2023-08-11,PC_ANTIHYPERTENSIVE,primary care,Northeast,184.83333333333334,189.5,True,1,primary care,Northeast,Northeast,18,18,2.524797114517578,Buffalo,Hartford
1689916181,,rule_based,EVT-0013,2023-08-11,PC_ANTIHYPERTENSIVE,primary care,Northeast,366.3333333333333,,False,,,Northeast,,6,,,Bangor,
1707435529,1084919582,rule_based,EVT-0013,2023-08-11,PC_ANTIHYPERTENSIVE,primary care,Southeast,308.0,322.1666666666667,True,1,primary care,Southeast,Southeast,14,12,4.599567099567105,Norfolk,Nashville
1776723276,,rule_based,EVT-0013,2023-08-11,PC_ANTIHYPERTENSIVE,primary care,Midwest,362.3333333333333,,False,,,Midwest,,21,,,Rochester,
1803233885,1523498065,rule_based,EVT-0013,2023-08-11,PC_ANTIHYPERTENSIVE,primary care,Southeast,236.5,258.1666666666667,True,1,primary care,Southeast,Southeast,16,15,9.16138125440452,Knoxville,Columbia
1812815243,,rule_based,EVT-0013,2023-08-11,PC_ANTIHYPERTENSIVE,primary care,Midwest,475.3333333333333,,False,,,Midwest,,7,,,Milwaukee,
1123148250,1631526641,rule_based,EVT-0014,2023-09-01,CARD_HF_ARNI,cardiology,Southwest,203.16666666666666,204.66666666666666,True,1,cardiology,Southwest,Southwest,19,16,0.7383100902379,Austin,Oklahoma City
1138208594,,rule_based,EVT-0014,2023-09-01,CARD_HF_ARNI,cardiology,West,271.8333333333333,,False,,,West,,4,,,Tacoma,
1167711153,,rule_based,EVT-0014,2023-09-01,CARD_HF_ARNI,cardiology,Northeast,209.0,,False,,,Northeast,,8,,,Princeton,
1169238601,1279255164,rule_based,EVT-0014,2023-09-01,CARD_HF_ARNI,cardiology,Midwest,236.33333333333334,227.83333333333334,True,1,cardiology,Midwest,Midwest,16,14,3.596614950634697,St. Paul,St. Paul
1265952337,,rule_based,EVT-0014,2023-09-01,CARD_HF_ARNI,cardiology,Northeast,394.6666666666667,,False,,,Northeast,,22,,,Syracuse,
1299418347,1331020234,rule_based,EVT-0014,2023-09-01,CARD_HF_ARNI,cardiology,Northeast,301.8333333333333,327.1666666666667,True,1,cardiology,Northeast,Northeast,18,19,8.39315295416898,Springfield,Syracuse
1376656900,,rule_based,EVT-0014,2023-09-01,CARD_HF_ARNI,cardiology,Southwest,240.5,,False,,,Southwest,,6,,,Tucson,
1475115246,,rule_based,EVT-0014,2023-09-01,CARD_HF_ARNI,cardiology,Southeast,506.0,,False,,,Southeast,,17,,,Macon,
1551962891,1057623450,rule_based,EVT-0014,2023-09-01,CARD_HF_ARNI,cardiology,Midwest,85.5,84.0,True,1,cardiology,Midwest,Midwest,13,13,1.7543859649122806,Madison,Toledo
1599978586,1120914548,rule_based,EVT-0014,2023-09-01,CARD_HF_ARNI,cardiology,West,270.8333333333333,272.5,True,1,cardiology,West,West,11,8,0.6153846153846224,Salt Lake City,Salt Lake City
1670701188,,rule_based,EVT-0014,2023-09-01,CARD_HF_ARNI,cardiology,Southeast,385.1666666666667,,False,,,Southeast,,7,,,Chattanooga,
1722038985,1732914373,rule_based,EVT-0014,2023-09-01,CARD_HF_ARNI,cardiology,West,189.5,197.5,True,1,cardiology,West,West,8,10,4.221635883905013,Denver,Tacoma
1722898792,,rule_based,EVT-0014,2023-09-01,CARD_HF_ARNI,cardiology,Southeast,284.1666666666667,,False,,,Southeast,,19,,,Charlottesville,
1787619711,1078096579,rule_based,EVT-0014,2023-09-01,CARD_HF_ARNI,cardiology,Midwest,423.8333333333333,385.8333333333333,True,1,cardiology,Midwest,Midwest,13,13,8.96578843885175,St. Paul,Rochester
1897723296,,rule_based,EVT-0014,2023-09-01,CARD_HF_ARNI,cardiology,Northeast,109.83333333333333,,False,,,Northeast,,19,,,Portland,
1934829601,,rule_based,EVT-0014,2023-09-01,CARD_HF_ARNI,cardiology,Midwest,280.1666666666667,,False,,,Midwest,,13,,,Toledo,
1048976678,,rule_based,EVT-0015,2023-09-02,PC_ANTIHYPERTENSIVE,primary care,Southeast,334.8333333333333,,False,,,Southeast,,18,,,Orlando,
1084919582,1080672524,rule_based,EVT-0015,2023-09-02,PC_ANTIHYPERTENSIVE,primary care,Southeast,341.1666666666667,349.5,True,1,primary care,Southeast,Southeast,12,10,2.4425989252564673,Nashville,Memphis
1124890801,1316743925,rule_based,EVT-0015,2023-09-02,PC_ANTIHYPERTENSIVE,primary care,Northeast,509.6666666666667,494.5,True,1,primary care,Northeast,Northeast,15,16,2.97580117724003,Hershey,Cambridge
1133130363,1058325303,rule_based,EVT-0015,2023-09-02,PC_ANTIHYPERTENSIVE,primary care,Northeast,297.3333333333333,282.6666666666667,True,1,primary care,Northeast,Northeast,13,13,4.932735426008956,Hartford,Princeton
1144669185,,rule_based,EVT-0015,2023-09-02,PC_ANTIHYPERTENSIVE,primary care,Northeast,609.0,,False,,,Northeast,,16,,,Allentown,
1166368237,1689059347,rule_based,EVT-0015,2023-09-02,PC_ANTIHYPERTENSIVE,primary care,Southwest,207.66666666666666,207.83333333333334,True,1,primary care,Southwest,Southwest,10,9,0.08025682182986467,Tulsa,Reno
1169614082,,rule_based,EVT-0015,2023-09-02,PC_ANTIHYPERTENSIVE,primary care,Midwest,189.33333333333334,,False,,,Midwest,,19,,,Madison,
1170846871,,rule_based,EVT-0015,2023-09-02,PC_ANTIHYPERTENSIVE,primary care,Southeast,306.8333333333333,,False,,,Southeast,,19,,,Columbia,
1200480071,,rule_based,EVT-0015,2023-09-02,PC_ANTIHYPERTENSIVE,primary care,Northeast,219.5,,False,,,Northeast,,20,,,Portland,
1241711534,1240393805,rule_based,EVT-0015,2023-09-02,PC_ANTIHYPERTENSIVE,primary care,Southeast,146.83333333333334,150.83333333333334,True,1,primary care,Southeast,Southeast,13,10,2.724177071509648,Columbia,Jacksonville
1287287258,,rule_based,EVT-0015,2023-09-02,PC_ANTIHYPERTENSIVE,primary care,Midwest,319.8333333333333,,False,,,Midwest,,9,,,Columbus,
1335670091,,rule_based,EVT-0015,2023-09-02,PC_ANTIHYPERTENSIVE,primary care,Midwest,246.66666666666666,,False,,,Midwest,,11,,,Indianapolis,
1385532449,,rule_based,EVT-0015,2023-09-02,PC_ANTIHYPERTENSIVE,primary care,Southeast,426.1666666666667,,False,,,Southeast,,6,,,Atlanta,
1397955463,,rule_based,EVT-0015,2023-09-02,PC_ANTIHYPERTENSIVE,primary care,Southeast,355.5,,False,,,Southeast,,14,,,Chattanooga,
1413519731,,rule_based,EVT-0015,2023-09-02,PC_ANTIHYPERTENSIVE,primary care,Southwest,349.3333333333333,,False,,,Southwest,,13,,,Austin,
1423152481,1815807585,rule_based,EVT-0015,2023-09-02,PC_ANTIHYPERTENSIVE,primary care,Southeast,417.5,426.6666666666667,True,1,primary care,Southeast,Southeast,11,13,2.1956087824351345,Chattanooga,Knoxville
1425340662,,rule_based,EVT-0015,2023-09-02,PC_ANTIHYPERTENSIVE,primary care,Southwest,350.8333333333333,,False,,,Southwest,,17,,,Austin,
1456299035,1174238463,rule_based,EVT-0015,2023-09-02,PC_ANTIHYPERTENSIVE,primary care,Southeast,222.66666666666666,223.16666666666666,True,1,primary care,Southeast,Southeast,15,14,0.2245508982035928,Mobile,Raleigh
1481247389,1892083019,rule_based,EVT-0015,2023-09-02,PC_ANTIHYPERTENSIVE,primary care,Southeast,333.1666666666667,309.1666666666667,True,1,primary care,Southeast,Southeast,24,27,7.20360180090045,Winston-Salem,Mobile
1489598965,1180932224,rule_based,EVT-0015,2023-09-02,PC_ANTIHYPERTENSIVE,primary care,Southeast,415.6666666666667,396.0,True,1,primary care,Southeast,Southeast,21,19,4.731355252606259,Charleston,Savannah
1523681389,1275443434,rule_based,EVT-0015,2023-09-02,PC_ANTIHYPERTENSIVE,primary care,Midwest,222.5,222.0,True,1,primary care,Midwest,Midwest,8,8,0.22471910112359553,Milwaukee,South Bend
1526669415,1908168895,rule_based,EVT-0015,2023-09-02,PC_ANTIHYPERTENSIVE,primary care,Southwest,216.16666666666666,206.16666666666666,True,1,primary care,Southwest,Southwest,15,16,4.6260601387818046,Tucson,Albuquerque
1567742360,1036327983,rule_based,EVT-0015,2023-09-02,PC_ANTIHYPERTENSIVE,primary care,West,140.5,134.83333333333334,True,1,primary care,West,West,8,8,4.033214709371286,Provo,Portland
1613561947,1181854898,rule_based,EVT-0015,2023-09-02,PC_ANTIHYPERTENSIVE,primary care,Southeast,279.6666666666667,288.5,True,1,primary care,Southeast,Southeast,16,14,3.1585220500595876,Norfolk,Tampa
1639269087,1099946885,rule_based,EVT-0015,2023-09-02,PC_ANTIHYPERTENSIVE,primary care,Northeast,191.0,188.33333333333334,True,1,primary care,Northeast,Northeast,18,18,1.3961605584642185,Buffalo,Hartford
1644815767,,rule_based,EVT-0015,2023-09-02,PC_ANTIHYPERTENSIVE,primary care,West,351.3333333333333,,False,,,West,,16,,,Tacoma,
1747032997,1102089657,rule_based,EVT-0015,2023-09-02,PC_ANTIHYPERTENSIVE,primary care,Northeast,187.66666666666666,175.0,True,1,primary care,Northeast,Northeast,9,10,6.7495559502664255,New York,New Haven
1747637738,,rule_based,EVT-0015,2023-09-02,PC_ANTIHYPERTENSIVE,primary care,Midwest,116.33333333333333,,False,,,Midwest,,7,,,Chicago,
1808826295,,rule_based,EVT-0015,2023-09-02,PC_ANTIHYPERTENSIVE,primary care,Southeast,320.3333333333333,,False,,,Southeast,,20,,,Miami,
1832506087,,rule_based,EVT-0015,2023-09-02,PC_ANTIHYPERTENSIVE,primary care,Midwest,572.3333333333334,,False,,,Midwest,,14,,,Grand Rapids,
1848624494,1297280590,rule_based,EVT-0015,2023-09-02,PC_ANTIHYPERTENSIVE,primary care,Midwest,281.0,293.1666666666667,True,1,primary care,Midwest,Midwest,14,14,4.3297746144721305,Kansas City,Springfield
1922670785,,rule_based,EVT-0015,2023-09-02,PC_ANTIHYPERTENSIVE,primary care,Southeast,275.5,,False,,,Southeast,,30,,,Augusta,
1927430854,,rule_based,EVT-0015,2023-09-02,PC_ANTIHYPERTENSIVE,primary care,Southeast,515.6666666666666,,False,,,Southeast,,13,,,Richmond,
1955620046,1997693654,rule_based,EVT-0015,2023-09-02,PC_ANTIHYPERTENSIVE,primary care,Southeast,277.1666666666667,273.3333333333333,True,1,primary care,Southeast,Southeast,8,6,1.3830426939266522,Birmingham,Columbia
1018018261,1665478461,rule_based,EVT-0016,2023-09-02,PC_ANTIHYPERTENSIVE,primary care,Northeast,359.5,365.3333333333333,True,1,primary care,Northeast,Northeast,13,10,1.6226240148354145,Newark,New York
1084471394,1546151204,rule_based,EVT-0016,2023-09-02,PC_ANTIHYPERTENSIVE,primary care,Northeast,243.83333333333334,244.5,True,1,primary care,Northeast,Northeast,12,13,0.27341079972658533,Springfield,Newark
1094274762,,rule_based,EVT-0016,2023-09-02,PC_ANTIHYPERTENSIVE,primary care,West,200.5,,False,,,West,,4,,,Salt Lake City,
1101185407,1832506087,rule_based,EVT-0016,2023-09-02,PC_ANTIHYPERTENSIVE,primary care,Midwest,522.5,572.3333333333334,True,1,primary care,Midwest,Midwest,17,14,9.53748006379586,Lansing,Grand Rapids
1145899849,1937514325,rule_based,EVT-0016,2023-09-02,PC_ANTIHYPERTENSIVE,primary care,West,344.1666666666667,316.1666666666667,True,1,primary care,West,West,17,15,8.135593220338983,Portland,Colorado Springs
1180932224,1489598965,rule_based,EVT-0016,2023-09-02,PC_ANTIHYPERTENSIVE,primary care,Southeast,396.0,415.6666666666667,True,1,primary care,Southeast,Southeast,19,21,4.966329966329971,Savannah,Charleston
1189769080,,rule_based,EVT-0016,2023-09-02,PC_ANTIHYPERTENSIVE,primary care,Northeast,318.3333333333333,,False,,,Northeast,,11,,,Stamford,
1191545544,,rule_based,EVT-0016,2023-09-02,PC_ANTIHYPERTENSIVE,primary care,Midwest,291.6666666666667,,False,,,Midwest,,22,,,Rochester,
1216575070,,rule_based,EVT-0016,2023-09-02,PC_ANTIHYPERTENSIVE,primary care,Midwest,399.3333333333333,,False,,,Midwest,,11,,,Columbia,
1271463741,1939052563,rule_based,EVT-0016,2023-09-02,PC_ANTIHYPERTENSIVE,primary care,West,149.0,154.66666666666666,True,1,primary care,West,West,9,8,3.8031319910514476,Portland,San Jose
1315385710,,rule_based,EVT-0016,2023-09-02,PC_ANTIHYPERTENSIVE,primary care,Northeast,707.1666666666666,,False,,,Northeast,,20,,,Worcester,
1335670091,1523681389,rule_based,EVT-0016,2023-09-02,PC_ANTIHYPERTENSIVE,primary care,Midwest,246.66666666666666,222.5,True,1,primary care,Midwest,Midwest,11,8,9.797297297297295,Indianapolis,Milwaukee
1423152481,1363342464,rule_based,EVT-0016,2023-09-02,PC_ANTIHYPERTENSIVE,primary care,Southeast,417.5,377.6666666666667,True,1,primary care,Southeast,Southeast,11,10,9.54091816367265,Chattanooga,Arlington
1456299035,1174238463,rule_based,EVT-0016,2023-09-02,PC_ANTIHYPERTENSIVE,primary care,Southeast,222.66666666666666,223.16666666666666,True,1,primary care,Southeast,Southeast,15,14,0.2245508982035928,Mobile,Raleigh
1523498065,1613561947,rule_based,EVT-0016,2023-09-02,PC_ANTIHYPERTENSIVE,primary care,Southeast,262.5,279.6666666666667,True,1,primary care,Southeast,Southeast,15,16,6.539682539682547,Columbia,Norfolk
1557944620,1134632102,rule_based,EVT-0016,2023-09-02,PC_ANTIHYPERTENSIVE,primary care,Southwest,367.5,399.1666666666667,True,1,primary care,Southwest,Southwest,21,22,8.616780045351478,Reno,Santa Fe
1567742360,1036327983,rule_based,EVT-0016,2023-09-02,PC_ANTIHYPERTENSIVE,primary care,West,140.5,134.83333333333334,True,1,primary care,West,West,8,8,4.033214709371286,Provo,Portland
1592123891,,rule_based,EVT-0016,2023-09-02,PC_ANTIHYPERTENSIVE,primary care,Northeast,552.5,,False,,,Northeast,,18,,,Allentown,
1644815767,,rule_based,EVT-0016,2023-09-02,PC_ANTIHYPERTENSIVE,primary care,West,351.3333333333333,,False,,,West,,16,,,Tacoma,
1686880901,1138281740,rule_based,EVT-0016,2023-09-02,PC_ANTIHYPERTENSIVE,primary care,West,206.0,203.83333333333334,True,1,primary care,West,West,13,10,1.0517799352750763,Salt Lake City,Provo
1752727945,1479078465,rule_based,EVT-0016,2023-09-02,PC_ANTIHYPERTENSIVE,primary care,West,174.33333333333334,181.66666666666666,True,1,primary care,West,West,14,12,4.206500956022934,Los Angeles,Portland
1815807585,1838439200,rule_based,EVT-0016,2023-09-02,PC_ANTIHYPERTENSIVE,primary care,Southeast,426.6666666666667,453.8333333333333,True,1,primary care,Southeast,Southeast,13,16,6.36718749999999,Knoxville,Greenville
1824172013,,rule_based,EVT-0016,2023-09-02,PC_ANTIHYPERTENSIVE,primary care,Midwest,285.0,,False,,,Midwest,,10,,,Grand Rapids,
1844747141,1377426493,rule_based,EVT-0016,2023-09-02,PC_ANTIHYPERTENSIVE,primary care,West,209.5,225.0,True,2,primary care,West,West,12,13,7.398568019093078,Colorado Springs,Portland
1009179924,1300832031,rule_based,EVT-0017,2023-09-09,METABOLIC_GLP1_INJ,cardiology,West,163.5,158.5,True,1,cardiology,West,West,10,11,3.058103975535168,Los Angeles,Spokane
1044303869,,rule_based,EVT-0017,2023-09-09,METABOLIC_GLP1_INJ,oncology,Northeast,249.66666666666666,,False,,,Northeast,,16,,,Allentown,
1048976678,,rule_based,EVT-0017,2023-09-09,METABOLIC_GLP1_INJ,primary care,Southeast,90.83333333333333,,False,,,Southeast,,18,,,Orlando,
1107038659,,rule_based,EVT-0017,2023-09-09,METABOLIC_GLP1_INJ,endocrinology,Northeast,125.66666666666667,,False,,,Northeast,,10,,,New York,
1117854327,1703230064,rule_based,EVT-0017,2023-09-09,METABOLIC_GLP1_INJ,neurology,West,43.5,44.5,True,1,neurology,West,West,8,11,2.2988505747126435,San Francisco,Seattle
1123148250,,rule_based,EVT-0017,2023-09-09,METABOLIC_GLP1_INJ,cardiology,Southwest,266.1666666666667,,False,,,Southwest,,19,,,Austin,
1138208594,,rule_based,EVT-0017,2023-09-09,METABOLIC_GLP1_INJ,cardiology,West,213.33333333333334,,False,,,West,,4,,,Tacoma,
1138281740,1547660377,rule_based,EVT-0017,2023-09-09,METABOLIC_GLP1_INJ,primary care,West,176.66666666666666,187.33333333333334,True,1,primary care,West,West,10,12,6.037735849056615,Provo,Provo
1198262952,,rule_based,EVT-0017,2023-09-09,METABOLIC_GLP1_INJ,pulmonology,Northeast,79.0,,False,,,Northeast,,5,,,Hartford,
1251567115,1333393084,rule_based,EVT-0017,2023-09-09,METABOLIC_GLP1_INJ,primary care,Midwest,144.5,155.83333333333334,True,1,primary care,Midwest,Midwest,8,9,7.843137254901968,Rockford,Madison
1271463741,1233281843,rule_based,EVT-0017,2023-09-09,METABOLIC_GLP1_INJ,primary care,West,110.33333333333333,106.83333333333333,True,1,primary care,West,West,9,8,3.1722054380664653,Portland,Eugene
1299418347,1350739367,rule_based,EVT-0017,2023-09-09,METABOLIC_GLP1_INJ,cardiology,Northeast,131.5,137.66666666666666,True,1,cardiology,Northeast,Northeast,18,16,4.689480354879588,Springfield,Hershey
1341556789,1361620622,rule_based,EVT-0017,2023-09-09,METABOLIC_GLP1_INJ,cardiology,West,230.33333333333334,222.33333333333334,True,1,cardiology,West,West,17,20,3.473227206946454,Seattle,Boulder
1364458855,1508064668,rule_based,EVT-0017,2023-09-09,METABOLIC_GLP1_INJ,endocrinology,Southeast,107.5,108.5,True,1,endocrinology,Southeast,Southeast,14,12,0.9302325581395349,Columbia,Charlottesville
1375349903,,rule_based,EVT-0017,2023-09-09,METABOLIC_GLP1_INJ,endocrinology,West,177.66666666666666,,False,,,West,,18,,,Boulder,
1386514024,1933607412,rule_based,EVT-0017,2023-09-09,METABOLIC_GLP1_INJ,cardiology,West,88.16666666666667,93.5,True,1,cardiology,West,West,10,12,6.049149338374286,Sacramento,Tacoma
1409867656,1980975555,rule_based,EVT-0017,2023-09-09,METABOLIC_GLP1_INJ,neurology,Northeast,64.66666666666667,66.66666666666667,True,1,neurology,Northeast,Northeast,11,10,3.092783505154639,Princeton,Bangor
1435662964,,rule_based,EVT-0017,2023-09-09,METABOLIC_GLP1_INJ,endocrinology,West,66.0,,False,,,West,,5,,,Seattle,
1443520683,1880265578,rule_based,EVT-0017,2023-09-09,METABOLIC_GLP1_INJ,cardiology,Midwest,112.83333333333333,104.16666666666667,True,1,cardiology,Midwest,Midwest,9,11,7.680945347119637,Chicago,Columbus
1478412079,,rule_based,EVT-0017,2023-09-09,METABOLIC_GLP1_INJ,cardiology,Midwest,137.5,,False,,,Midwest,,18,,,Chicago,
1486849361,,rule_based,EVT-0017,2023-09-09,METABOLIC_GLP1_INJ,cardiology,West,85.33333333333333,,False,,,West,,4,,,Colorado Springs,
1492077734,,rule_based,EVT-0017,2023-09-09,METABOLIC_GLP1_INJ,cardiology,Midwest,148.83333333333334,,False,,,Midwest,,6,,,Green Bay,
1520551320,1524065749,rule_based,EVT-0017,2023-09-09,METABOLIC_GLP1_INJ,rheumatology,Northeast,96.66666666666667,96.0,True,1,rheumatology,Northeast,Northeast,13,16,0.6896551724137979,Syracuse,Worcester
1567993435,1914644640,rule_based,EVT-0017,2023-09-09,METABOLIC_GLP1_INJ,neurology,Northeast,101.33333333333333,100.33333333333333,True,1,neurology,Northeast,Northeast,9,11,0.986842105263158,Buffalo,Worcester
1598661571,1418704015,rule_based,EVT-0017,2023-09-09,METABOLIC_GLP1_INJ,rheumatology,Northeast,77.66666666666667,74.83333333333333,True,1,rheumatology,Northeast,Northeast,10,11,3.648068669527909,Stamford,Springfield
1631526641,1830884742,rule_based,EVT-0017,2023-09-09,METABOLIC_GLP1_INJ,cardiology,Southwest,186.16666666666666,199.5,True,1,cardiology,Southwest,Southwest,16,17,7.1620411817368,Oklahoma City,Fort Worth
1648626962,,rule_based,EVT-0017,2023-09-09,METABOLIC_GLP1_INJ,pulmonology,Southwest,61.166666666666664,,False,,,Southwest,,16,,,Tulsa,
1655321622,1779918477,rule_based,EVT-0017,2023-09-09,METABOLIC_GLP1_INJ,cardiology,Northeast,83.5,80.33333333333333,True,1,cardiology,Northeast,Northeast,19,17,3.7924151696606847,Worcester,New Haven
1657725655,,rule_based,EVT-0017,2023-09-09,METABOLIC_GLP1_INJ,cardiology,West,117.33333333333333,,False,,,West,,13,,,Seattle,
1683943777,,rule_based,EVT-0017,2023-09-09,METABOLIC_GLP1_INJ,cardiology,West,209.0,,False,,,West,,8,,,Provo,
1686880901,1847794991,rule_based,EVT-0017,2023-09-09,METABOLIC_GLP1_INJ,primary care,West,75.16666666666667,71.5,True,1,primary care,West,West,13,10,4.878048780487811,Salt Lake City,Colorado Springs
1707435529,1621199177,rule_based,EVT-0017,2023-09-09,METABOLIC_GLP1_INJ,primary care,Southeast,106.33333333333333,116.33333333333333,True,1,primary care,Southeast,Southeast,14,16,9.404388714733543,Norfolk,Gainesville
1719186219,1205576824,rule_based,EVT-0017,2023-09-09,METABOLIC_GLP1_INJ,oncology,West,119.5,128.66666666666666,True,1,oncology,West,West,14,13,7.670850767085069,Sacramento,Spokane
1722038985,,rule_based,EVT-0017,2023-09-09,METABOLIC_GLP1_INJ,cardiology,West,206.33333333333334,,False,,,West,,8,,,Denver,
1724092733,,rule_based,EVT-0017,2023-09-09,METABOLIC_GLP1_INJ,cardiology,Northeast,52.333333333333336,,False,,,Northeast,,5,,,Pittsburgh,
1732914373,,rule_based,EVT-0017,2023-09-09,METABOLIC_GLP1_INJ,cardiology,West,164.66666666666666,,False,,,West,,10,,,Tacoma,
1760628762,1750236147,rule_based,EVT-0017,2023-09-09,METABOLIC_GLP1_INJ,cardiology,Southwest,140.16666666666666,150.33333333333334,True,1,cardiology,Southwest,Southwest,13,12,7.253269916765769,Oklahoma City,Austin
1762664088,1977228745,rule_based,EVT-0017,2023-09-09,METABOLIC_GLP1_INJ,cardiology,Midwest,101.16666666666667,101.16666666666667,True,1,cardiology,Midwest,Midwest,10,11,0.0,Detroit,Madison
1806103952,1185877283,rule_based,EVT-0017,2023-09-09,METABOLIC_GLP1_INJ,cardiology,West,180.33333333333334,186.0,True,1,cardiology,West,West,8,10,3.1423290203327117,Provo,Portland
1824172013,,rule_based,EVT-0017,2023-09-09,METABOLIC_GLP1_INJ,primary care,Midwest,528.6666666666666,,False,,,Midwest,,10,,,Grand Rapids,
1841791217,,rule_based,EVT-0017,2023-09-09,METABOLIC_GLP1_INJ,neurology,Midwest,121.5,,False,,,Midwest,,21,,,Cleveland,
1862986803,,rule_based,EVT-0017,2023-09-09,METABOLIC_GLP1_INJ,primary care,Midwest,257.0,,False,,,Midwest,,25,,,Grand Rapids,
1898803444,1156754057,rule_based,EVT-0017,2023-09-09,METABOLIC_GLP1_INJ,endocrinology,West,152.16666666666666,162.83333333333334,True,1,endocrinology,West,West,11,12,7.009857612267263,Salt Lake City,Sacramento
1934829601,1279255164,rule_based,EVT-0017,2023-09-09,METABOLIC_GLP1_INJ,cardiology,Midwest,130.66666666666666,142.0,True,1,cardiology,Midwest,Midwest,13,14,8.67346938775511,Toledo,St. Paul
1050705288,,rule_based,EVT-0018,2023-09-11,ENDO_BASAL_INSULIN,endocrinology,Southeast,623.0,,False,,,Southeast,,21,,,Atlanta,
1065091666,1827318308,rule_based,EVT-0018,2023-09-11,ENDO_BASAL_INSULIN,endocrinology,West,189.5,192.16666666666666,True,1,endocrinology,West,West,9,7,1.407211961301666,Los Angeles,Provo
1076376403,,rule_based,EVT-0018,2023-09-11,ENDO_BASAL_INSULIN,endocrinology,Northeast,470.0,,False,,,Northeast,,18,,,Boston,
1136500869,,rule_based,EVT-0018,2023-09-11,ENDO_BASAL_INSULIN,endocrinology,Southeast,247.16666666666666,,False,,,Southeast,,18,,,Arlington,
1137408567,1657025858,rule_based,EVT-0018,2023-09-11,ENDO_BASAL_INSULIN,endocrinology,Northeast,414.1666666666667,411.5,True,1,endocrinology,Northeast,Northeast,10,10,0.6438631790744512,Allentown,Buffalo
1257723886,,rule_based,EVT-0018,2023-09-11,ENDO_BASAL_INSULIN,endocrinology,Southwest,441.8333333333333,,False,,,Southwest,,11,,,Phoenix,
1330156328,1999506508,rule_based,EVT-0018,2023-09-11,ENDO_BASAL_INSULIN,endocrinology,Southwest,199.16666666666666,200.83333333333334,True,1,endocrinology,Southwest,Southwest,6,4,0.8368200836820179,Santa Fe,Mesa
1361521440,,rule_based,EVT-0018,2023-09-11,ENDO_BASAL_INSULIN,endocrinology,Midwest,270.0,,False,,,Midwest,,17,,,Green Bay,
1364458855,,rule_based,EVT-0018,2023-09-11,ENDO_BASAL_INSULIN,endocrinology,Southeast,275.5,,False,,,Southeast,,14,,,Columbia,
1497642888,1708639657,rule_based,EVT-0018,2023-09-11,ENDO_BASAL_INSULIN,endocrinology,Northeast,199.83333333333334,187.16666666666666,True,1,endocrinology,Northeast,Northeast,10,7,6.33861551292745,Pittsburgh,Worcester
1666389063,1225504491,rule_based,EVT-0018,2023-09-11,ENDO_BASAL_INSULIN,endocrinology,Midwest,113.83333333333333,122.5,True,1,endocrinology,Midwest,Midwest,17,14,7.613469985358716,Indianapolis,Madison
1706645516,1508064668,rule_based,EVT-0018,2023-09-11,ENDO_BASAL_INSULIN,endocrinology,Southeast,170.33333333333334,159.83333333333334,True,1,endocrinology,Southeast,Southeast,9,12,6.164383561643835,Mobile,Charlottesville
1738903891,,rule_based,EVT-0018,2023-09-11,ENDO_BASAL_INSULIN,endocrinology,Southeast,407.0,,False,,,Southeast,,18,,,Charlotte,
1993463169,,rule_based,EVT-0018,2023-09-11,ENDO_BASAL_INSULIN,endocrinology,West,214.66666666666666,,False,,,West,,9,,,Seattle,
1002145427,1877046932,rule_based,EVT-0019,2023-09-11,PC_ANTIHYPERTENSIVE,primary care,Northeast,412.8333333333333,397.0,True,1,primary care,Northeast,Northeast,13,16,3.835284618490105,Jersey City,Boston
1018018261,1665478461,rule_based,EVT-0019,2023-09-11,PC_ANTIHYPERTENSIVE,primary care,Northeast,359.5,365.3333333333333,True,1,primary care,Northeast,Northeast,13,10,1.6226240148354145,Newark,New York
1048976678,,rule_based,EVT-0019,2023-09-11,PC_ANTIHYPERTENSIVE,primary care,Southeast,334.8333333333333,,False,,,Southeast,,18,,,Orlando,
1101185407,,rule_based,EVT-0019,2023-09-11,PC_ANTIHYPERTENSIVE,primary care,Midwest,522.5,,False,,,Midwest,,17,,,Lansing,
1102089657,1473494189,rule_based,EVT-0019,2023-09-11,PC_ANTIHYPERTENSIVE,primary care,Northeast,175.0,162.66666666666666,True,1,primary care,Northeast,Northeast,10,13,7.047619047619053,New Haven,Bangor
1124890801,1316743925,rule_based,EVT-0019,2023-09-11,PC_ANTIHYPERTENSIVE,primary care,Northeast,509.6666666666667,494.5,True,1,primary care,Northeast,Northeast,15,16,2.97580117724003,Hershey,Cambridge
1133130363,1058325303,rule_based,EVT-0019,2023-09-11,PC_ANTIHYPERTENSIVE,primary care,Northeast,297.3333333333333,282.6666666666667,True,1,primary care,Northeast,Northeast,13,13,4.932735426008956,Hartford,Princeton
1144669185,,rule_based,EVT-0019,2023-09-11,PC_ANTIHYPERTENSIVE,primary care,Northeast,609.0,,False,,,Northeast,,16,,,Allentown,
1189769080,,rule_based,EVT-0019,2023-09-11,PC_ANTIHYPERTENSIVE,primary care,Northeast,318.3333333333333,,False,,,Northeast,,11,,,Stamford,
1200480071,,rule_based,EVT-0019,2023-09-11,PC_ANTIHYPERTENSIVE,primary care,Northeast,219.5,,False,,,Northeast,,20,,,Portland,
1213511599,,rule_based,EVT-0019,2023-09-11,PC_ANTIHYPERTENSIVE,primary care,Northeast,574.1666666666666,,False,,,Northeast,,30,,,Bangor,
1227780172,,rule_based,EVT-0019,2023-09-11,PC_ANTIHYPERTENSIVE,primary care,Southwest,818.8333333333334,,False,,,Southwest,,11,,,Scottsdale,
1251567115,1275443434,rule_based,EVT-0019,2023-09-11,PC_ANTIHYPERTENSIVE,primary care,Midwest,214.33333333333334,222.0,True,1,primary care,Midwest,Midwest,8,8,3.5769828926905083,Rockford,South Bend
1264333323,1209566128,rule_based,EVT-0019,2023-09-11,PC_ANTIHYPERTENSIVE,primary care,Northeast,491.3333333333333,471.0,True,1,primary care,Northeast,Northeast,12,15,4.138398914518314,New York,Stamford
1271768685,,rule_based,EVT-0019,2023-09-11,PC_ANTIHYPERTENSIVE,primary care,Midwest,273.1666666666667,,False,,,Midwest,,8,,,St. Paul,
1280087226,,rule_based,EVT-0019,2023-09-11,PC_ANTIHYPERTENSIVE,primary care,Northeast,755.3333333333334,,False,,,Northeast,,10,,,Rochester,
1300654963,,rule_based,EVT-0019,2023-09-11,PC_ANTIHYPERTENSIVE,primary care,Northeast,170.83333333333334,,False,,,Northeast,,9,,,Albany,
1413519731,,rule_based,EVT-0019,2023-09-11,PC_ANTIHYPERTENSIVE,primary care,Southwest,349.3333333333333,,False,,,Southwest,,13,,,Austin,
1418997171,,rule_based,EVT-0019,2023-09-11,PC_ANTIHYPERTENSIVE,primary care,Northeast,427.0,,False,,,Northeast,,18,,,Jersey City,
1425340662,,rule_based,EVT-0019,2023-09-11,PC_ANTIHYPERTENSIVE,primary care,Southwest,350.8333333333333,,False,,,Southwest,,17,,,Austin,
1484724632,,rule_based,EVT-0019,2023-09-11,PC_ANTIHYPERTENSIVE,primary care,Northeast,344.8333333333333,,False,,,Northeast,,14,,,Princeton,
1546151204,1261377760,rule_based,EVT-0019,2023-09-11,PC_ANTIHYPERTENSIVE,primary care,Northeast,244.5,251.0,True,1,primary care,Northeast,Northeast,13,14,2.658486707566462,Newark,Stamford
1552813903,,rule_based,EVT-0019,2023-09-11,PC_ANTIHYPERTENSIVE,primary care,Northeast,1349.3333333333333,,False,,,Northeast,,10,,,Newark,
1592123891,,rule_based,EVT-0019,2023-09-11,PC_ANTIHYPERTENSIVE,primary care,Northeast,552.5,,False,,,Northeast,,18,,,Allentown,
1595301304,,rule_based,EVT-0019,2023-09-11,PC_ANTIHYPERTENSIVE,primary care,Southwest,357.5,,False,,,Southwest,,13,,,Tulsa,
1621199177,1804484495,rule_based,EVT-0019,2023-09-11,PC_ANTIHYPERTENSIVE,primary care,Southeast,157.0,167.5,True,1,primary care,Southeast,Southeast,16,16,6.687898089171974,Gainesville,Winston-Salem
1639269087,1099946885,rule_based,EVT-0019,2023-09-11,PC_ANTIHYPERTENSIVE,primary care,Northeast,191.0,188.33333333333334,True,1,primary care,Northeast,Northeast,18,18,1.3961605584642185,Buffalo,Hartford
1644815767,,rule_based,EVT-0019,2023-09-11,PC_ANTIHYPERTENSIVE,primary care,West,351.3333333333333,,False,,,West,,16,,,Tacoma,
1689916181,1714021262,rule_based,EVT-0019,2023-09-11,PC_ANTIHYPERTENSIVE,primary care,Northeast,391.0,400.3333333333333,True,1,primary care,Northeast,Northeast,6,5,2.3870417732310267,Bangor,Worcester
1725623817,,rule_based,EVT-0019,2023-09-11,PC_ANTIHYPERTENSIVE,primary care,Southwest,474.6666666666667,,False,,,Southwest,,9,,,Las Vegas,
1808826295,,rule_based,EVT-0019,2023-09-11,PC_ANTIHYPERTENSIVE,primary care,Southeast,320.3333333333333,,False,,,Southeast,,20,,,Miami,
1903798589,,rule_based,EVT-0019,2023-09-11,PC_ANTIHYPERTENSIVE,primary care,Southwest,259.1666666666667,,False,,,Southwest,,19,,,Austin,
1927430854,,rule_based,EVT-0019,2023-09-11,PC_ANTIHYPERTENSIVE,primary care,Southeast,515.6666666666666,,False,,,Southeast,,13,,,Richmond,
1057676243,1240393805,rule_based,EVT-0020,2023-09-12,PC_ANTIHYPERTENSIVE,primary care,Southeast,164.5,150.83333333333334,True,1,primary care,Southeast,Southeast,11,10,8.308004052684897,Tampa,Jacksonville
1060922949,1134089733,rule_based,EVT-0020,2023-09-12,PC_ANTIHYPERTENSIVE,primary care,Northeast,140.0,137.5,True,1,primary care,Northeast,Northeast,3,5,1.7857142857142856,Jersey City,Syracuse
1101185407,,rule_based,EVT-0020,2023-09-12,PC_ANTIHYPERTENSIVE,primary care,Midwest,522.5,,False,,,Midwest,,17,,,Lansing,
1133130363,1058325303,rule_based,EVT-0020,2023-09-12,PC_ANTIHYPERTENSIVE,primary care,Northeast,297.3333333333333,282.6666666666667,True,1,primary care,Northeast,Northeast,13,13,4.932735426008956,Hartford,Princeton
1181854898,,rule_based,EVT-0020,2023-09-12,PC_ANTIHYPERTENSIVE,primary care,Southeast,288.5,,False,,,Southeast,,14,,,Tampa,
1251567115,1540759788,rule_based,EVT-0020,2023-09-12,PC_ANTIHYPERTENSIVE,primary care,Midwest,214.33333333333334,228.5,True,2,primary care,Midwest,Midwest,8,6,6.609642301710726,Rockford,St. Louis
1287287258,,rule_based,EVT-0020,2023-09-12,PC_ANTIHYPERTENSIVE,primary care,Midwest,319.8333333333333,,False,,,Midwest,,9,,,Columbus,
1296552940,,rule_based,EVT-0020,2023-09-12,PC_ANTIHYPERTENSIVE,primary care,Northeast,289.6666666666667,,False,,,Northeast,,8,,,Rochester,
1300654963,,rule_based,EVT-0020,2023-09-12,PC_ANTIHYPERTENSIVE,primary care,Northeast,170.83333333333334,,False,,,Northeast,,9,,,Albany,
1321405205,1547660377,rule_based,EVT-0020,2023-09-12,PC_ANTIHYPERTENSIVE,primary care,West,161.66666666666666,165.66666666666666,True,1,primary care,West,West,10,12,2.4742268041237114,San Jose,Provo
1356982086,1135650855,rule_based,EVT-0020,2023-09-12,PC_ANTIHYPERTENSIVE,primary care,Midwest,266.8333333333333,265.8333333333333,True,1,primary care,Midwest,Midwest,16,17,0.3747657713928795,Cincinnati,Fort Wayne
1451968915,1181360912,rule_based,EVT-0020,2023-09-12,PC_ANTIHYPERTENSIVE,primary care,Midwest,210.5,205.0,True,1,primary care,Midwest,Midwest,12,15,2.6128266033254155,Lansing,Rochester
1456207657,,rule_based,EVT-0020,2023-09-12,PC_ANTIHYPERTENSIVE,primary care,Midwest,446.3333333333333,,False,,,Midwest,,10,,,Minneapolis,
1456299035,1174238463,rule_based,EVT-0020,2023-09-12,PC_ANTIHYPERTENSIVE,primary care,Southeast,222.66666666666666,223.16666666666666,True,1,primary care,Southeast,Southeast,15,14,0.2245508982035928,Mobile,Raleigh
1523681389,1275443434,rule_based,EVT-0020,2023-09-12,PC_ANTIHYPERTENSIVE,primary care,Midwest,222.5,222.0,True,1,primary care,Midwest,Midwest,8,8,0.22471910112359553,Milwaukee,South Bend
1536278926,,rule_based,EVT-0020,2023-09-12,PC_ANTIHYPERTENSIVE,primary care,West,529.1666666666666,,False,,,West,,13,,,Provo,
1566888198,,rule_based,EVT-0020,2023-09-12,PC_ANTIHYPERTENSIVE,primary care,Midwest,198.5,,False,,,Midwest,,26,,,Ann Arbor,
1644815767,,rule_based,EVT-0020,2023-09-12,PC_ANTIHYPERTENSIVE,primary care,West,351.3333333333333,,False,,,West,,16,,,Tacoma,
1747032997,,rule_based,EVT-0020,2023-09-12,PC_ANTIHYPERTENSIVE,primary care,Northeast,187.66666666666666,,False,,,Northeast,,9,,,New York,
1776723276,,rule_based,EVT-0020,2023-09-12,PC_ANTIHYPERTENSIVE,primary care,Midwest,379.0,,False,,,Midwest,,21,,,Rochester,
1815807585,1838439200,rule_based,EVT-0020,2023-09-12,PC_ANTIHYPERTENSIVE,primary care,Southeast,426.6666666666667,453.8333333333333,True,1,primary care,Southeast,Southeast,13,16,6.36718749999999,Knoxville,Greenville
1832506087,,rule_based,EVT-0020,2023-09-12,PC_ANTIHYPERTENSIVE,primary care,Midwest,572.3333333333334,,False,,,Midwest,,14,,,Grand Rapids,
1844747141,1377426493,rule_based,EVT-0020,2023-09-12,PC_ANTIHYPERTENSIVE,primary care,West,209.5,225.0,True,1,primary care,West,West,12,13,7.398568019093078,Colorado Springs,Portland
1849328657,1488515010,rule_based,EVT-0020,2023-09-12,PC_ANTIHYPERTENSIVE,primary care,Midwest,248.16666666666666,258.3333333333333,True,1,primary care,Midwest,Midwest,22,19,4.096709200805907,Minneapolis,St. Louis
1924355757,1352216182,rule_based,EVT-0020,2023-09-12,PC_ANTIHYPERTENSIVE,primary care,Southwest,297.8333333333333,322.0,True,1,primary care,Southwest,Southwest,7,7,8.114157806379414,Albuquerque,Scottsdale
1009179924,1300832031,rule_based,EVT-0021,2023-09-13,METABOLIC_GLP1_INJ,cardiology,West,163.5,158.5,True,1,cardiology,West,West,10,11,3.058103975535168,Los Angeles,Spokane
1169614082,,rule_based,EVT-0021,2023-09-13,METABOLIC_GLP1_INJ,primary care,Midwest,135.33333333333334,,False,,,Midwest,,19,,,Madison,
1202669523,1766730505,rule_based,EVT-0021,2023-09-13,METABOLIC_GLP1_INJ,cardiology,Midwest,226.33333333333334,211.16666666666666,True,1,cardiology,Midwest,Midwest,15,12,6.70103092783506,Fort Wayne,Ann Arbor
1204261733,,rule_based,EVT-0021,2023-09-13,METABOLIC_GLP1_INJ,neurology,Southeast,195.16666666666666,,False,,,Southeast,,7,,,Chattanooga,
1243754490,1410468163,rule_based,EVT-0021,2023-09-13,METABOLIC_GLP1_INJ,neurology,Northeast,130.83333333333334,122.83333333333333,True,1,neurology,Northeast,Northeast,6,7,6.114649681528673,Springfield,Syracuse
1287287258,,rule_based,EVT-0021,2023-09-13,METABOLIC_GLP1_INJ,primary care,Midwest,305.1666666666667,,False,,,Midwest,,9,,,Columbus,
1341556789,1361620622,rule_based,EVT-0021,2023-09-13,METABOLIC_GLP1_INJ,cardiology,West,230.33333333333334,222.33333333333334,True,1,cardiology,West,West,17,20,3.473227206946454,Seattle,Boulder
1398789739,,rule_based,EVT-0021,2023-09-13,METABOLIC_GLP1_INJ,neurology,Northeast,73.16666666666667,,False,,,Northeast,,26,,,Philadelphia,
1413495239,,rule_based,EVT-0021,2023-09-13,METABOLIC_GLP1_INJ,neurology,Southeast,191.66666666666666,,False,,,Southeast,,16,,,Charlotte,
1492077734,,rule_based,EVT-0021,2023-09-13,METABOLIC_GLP1_INJ,cardiology,Midwest,148.83333333333334,,False,,,Midwest,,6,,,Green Bay,
1523987174,1971035963,rule_based,EVT-0021,2023-09-13,METABOLIC_GLP1_INJ,neurology,West,91.5,84.33333333333333,True,1,neurology,West,West,8,6,7.832422586520953,Denver,San Diego
1536278926,1101142523,rule_based,EVT-0021,2023-09-13,METABOLIC_GLP1_INJ,primary care,West,116.83333333333333,117.16666666666667,True,1,primary care,West,West,13,11,0.28530670470756875,Provo,San Francisco
1596580633,1905395731,rule_based,EVT-0021,2023-09-13,METABOLIC_GLP1_INJ,primary care,West,92.33333333333333,87.16666666666667,True,1,primary care,West,West,14,13,5.595667870036091,Sacramento,Boulder
1645233598,,rule_based,EVT-0021,2023-09-13,METABOLIC_GLP1_INJ,endocrinology,Northeast,281.6666666666667,,False,,,Northeast,,10,,,Boston,
1670560261,1190842652,rule_based,EVT-0021,2023-09-13,METABOLIC_GLP1_INJ,primary care,Southwest,145.5,147.5,True,1,primary care,Southwest,Southwest,13,10,1.3745704467353952,Tulsa,Las Vegas
1704492101,,rule_based,EVT-0021,2023-09-13,METABOLIC_GLP1_INJ,oncology,Southeast,136.16666666666666,,False,,,Southeast,,24,,,Savannah,
1841791217,,rule_based,EVT-0021,2023-09-13,METABOLIC_GLP1_INJ,neurology,Midwest,121.5,,False,,,Midwest,,21,,,Cleveland,
1425340662,,rule_based,EVT-0020,2023-09-12,PC_ANTIHYPERTENSIVE,primary care,Southwest,350.8333333333333,,False,,,Southwest,,17,,,Austin,
1025978341,,rule_based,EVT-0022,2023-09-19,CV_ANTICOAG_ORAL,endocrinology,Northeast,349.5,,False,,,Northeast,,12,,,Hartford,
1058647219,1697855363,rule_based,EVT-0022,2023-09-19,CV_ANTICOAG_ORAL,pulmonology,Northeast,194.0,203.83333333333334,True,1,pulmonology,Northeast,Northeast,11,14,5.068728522336775,Albany,Hershey
1098995024,,rule_based,EVT-0022,2023-09-19,CV_ANTICOAG_ORAL,primary care,Northeast,245.5,,False,,,Northeast,,6,,,Pittsburgh,
1107038659,1449048093,rule_based,EVT-0022,2023-09-19,CV_ANTICOAG_ORAL,endocrinology,Northeast,145.83333333333334,149.33333333333334,True,1,endocrinology,Northeast,Northeast,10,8,2.4,New York,Rochester
1198262952,1536141264,rule_based,EVT-0022,2023-09-19,CV_ANTICOAG_ORAL,pulmonology,Northeast,181.5,179.83333333333334,True,1,pulmonology,Northeast,Northeast,5,7,0.9182736455463676,Hartford,Stamford
1204787067,,rule_based,EVT-0022,2023-09-19,CV_ANTICOAG_ORAL,neurology,Northeast,62.833333333333336,,False,,,Northeast,,13,,,Buffalo,
1243754490,,rule_based,EVT-0022,2023-09-19,CV_ANTICOAG_ORAL,neurology,Northeast,298.1666666666667,,False,,,Northeast,,6,,,Springfield,
1244876920,,rule_based,EVT-0022,2023-09-19,CV_ANTICOAG_ORAL,neurology,West,55.166666666666664,,False,,,West,,6,,,Eugene,
1263807582,,rule_based,EVT-0022,2023-09-19,CV_ANTICOAG_ORAL,primary care,Northeast,348.1666666666667,,False,,,Northeast,,7,,,Syracuse,
1280087226,,rule_based,EVT-0022,2023-09-19,CV_ANTICOAG_ORAL,primary care,Northeast,294.1666666666667,,False,,,Northeast,,10,,,Rochester,
1309371148,1769764832,rule_based,EVT-0022,2023-09-19,CV_ANTICOAG_ORAL,neurology,Northeast,184.0,176.0,True,1,neurology,Northeast,Northeast,12,11,4.3478260869565215,Syracuse,Cambridge
1334793308,1410468163,rule_based,EVT-0022,2023-09-19,CV_ANTICOAG_ORAL,neurology,Northeast,99.33333333333333,98.33333333333333,True,1,neurology,Northeast,Northeast,7,7,1.0067114093959733,Portland,Syracuse
1455101661,1890077344,rule_based,EVT-0022,2023-09-19,CV_ANTICOAG_ORAL,endocrinology,Southeast,232.16666666666666,250.0,True,1,endocrinology,Southeast,Southeast,19,18,7.681263460157937,Nashville,Charleston
1467704312,1914644640,rule_based,EVT-0022,2023-09-19,CV_ANTICOAG_ORAL,neurology,Northeast,258.6666666666667,237.5,True,1,neurology,Northeast,Northeast,13,11,8.182989690721657,Worcester,Worcester
1486877065,,rule_based,EVT-0022,2023-09-19,CV_ANTICOAG_ORAL,neurology,Northeast,138.0,,False,,,Northeast,,12,,,Portland,
1536278926,1657035808,rule_based,EVT-0022,2023-09-19,CV_ANTICOAG_ORAL,primary care,West,104.16666666666667,108.16666666666667,True,1,primary care,West,West,13,14,3.84,Provo,Eugene
1548035017,1980975555,rule_based,EVT-0022,2023-09-19,CV_ANTICOAG_ORAL,neurology,Northeast,134.16666666666666,121.0,True,1,neurology,Northeast,Northeast,12,10,9.813664596273286,Stamford,Bangor
1592062677,,rule_based,EVT-0022,2023-09-19,CV_ANTICOAG_ORAL,neurology,Southeast,180.33333333333334,,False,,,Southeast,,9,,,Nashville,
1616418756,,rule_based,EVT-0022,2023-09-19,CV_ANTICOAG_ORAL,neurology,Northeast,184.5,,False,,,Northeast,,8,,,Worcester,
1707435529,1389159553,rule_based,EVT-0022,2023-09-19,CV_ANTICOAG_ORAL,primary care,Southeast,139.83333333333334,149.0,True,1,primary care,Southeast,Southeast,14,11,6.5554231227651885,Norfolk,Macon
1710163217,,rule_based,EVT-0022,2023-09-19,CV_ANTICOAG_ORAL,cardiology,Northeast,185.16666666666666,,False,,,Northeast,,11,,,Albany,
1779411515,1225504491,rule_based,EVT-0022,2023-09-19,CV_ANTICOAG_ORAL,endocrinology,Midwest,86.16666666666667,78.33333333333333,True,1,endocrinology,Midwest,Midwest,11,14,9.0909090909091,Kansas City,Madison
1803233885,,rule_based,EVT-0022,2023-09-19,CV_ANTICOAG_ORAL,primary care,Southeast,134.16666666666666,,False,,,Southeast,,16,,,Knoxville,
1836939912,,rule_based,EVT-0022,2023-09-19,CV_ANTICOAG_ORAL,neurology,Southeast,74.66666666666667,,False,,,Southeast,,6,,,Savannah,
1927430854,1080672524,rule_based,EVT-0022,2023-09-19,CV_ANTICOAG_ORAL,primary care,Southeast,249.5,258.3333333333333,True,1,primary care,Southeast,Southeast,13,10,3.540414161656639,Richmond,Memphis
1964945871,1758794279,rule_based,EVT-0022,2023-09-19,CV_ANTICOAG_ORAL,endocrinology,Northeast,193.0,202.66666666666666,True,1,endocrinology,Northeast,Northeast,6,7,5.00863557858376,New Haven,Jersey City
1050705288,,rule_based,EVT-0023,2023-09-20,ENDO_BASAL_INSULIN,endocrinology,Southeast,623.0,,False,,,Southeast,,21,,,Atlanta,
1136500869,,rule_based,EVT-0023,2023-09-20,ENDO_BASAL_INSULIN,endocrinology,Southeast,247.16666666666666,,False,,,Southeast,,18,,,Arlington,
1172835138,,rule_based,EVT-0023,2023-09-20,ENDO_BASAL_INSULIN,endocrinology,Southwest,345.0,,False,,,Southwest,,18,,,Oklahoma City,
1249657408,,rule_based,EVT-0023,2023-09-20,ENDO_BASAL_INSULIN,endocrinology,Northeast,258.1666666666667,,False,,,Northeast,,8,,,Princeton,
1506746308,1335601583,rule_based,EVT-0023,2023-09-20,ENDO_BASAL_INSULIN,endocrinology,West,149.0,136.16666666666666,True,1,endocrinology,West,West,12,9,8.612975391498887,Spokane,Spokane
1666389063,1225504491,rule_based,EVT-0023,2023-09-20,ENDO_BASAL_INSULIN,endocrinology,Midwest,113.83333333333333,122.5,True,1,endocrinology,Midwest,Midwest,17,14,7.613469985358716,Indianapolis,Madison
1713444978,1551107307,rule_based,EVT-0023,2023-09-20,ENDO_BASAL_INSULIN,endocrinology,Midwest,271.0,287.0,True,1,endocrinology,Midwest,Midwest,11,12,5.904059040590406,Peoria,Peoria
1738903891,,rule_based,EVT-0023,2023-09-20,ENDO_BASAL_INSULIN,endocrinology,Southeast,407.0,,False,,,Southeast,,18,,,Charlotte,
1827318308,1005067453,rule_based,EVT-0023,2023-09-20,ENDO_BASAL_INSULIN,endocrinology,West,192.16666666666666,182.33333333333334,True,1,endocrinology,West,West,7,8,5.1170858629661655,Provo,Salt Lake City
1836314447,1100495849,rule_based,EVT-0023,2023-09-20,ENDO_BASAL_INSULIN,endocrinology,Southeast,367.5,347.6666666666667,True,1,endocrinology,Southeast,Southeast,5,8,5.396825396825392,Richmond,Mobile
1964945871,1677860136,rule_based,EVT-0023,2023-09-20,ENDO_BASAL_INSULIN,endocrinology,Northeast,277.6666666666667,274.5,True,1,endocrinology,Northeast,Northeast,6,5,1.140456182472996,New Haven,Buffalo
1995404856,,rule_based,EVT-0023,2023-09-20,ENDO_BASAL_INSULIN,endocrinology,Northeast,211.0,,False,,,Northeast,,5,,,Camden,
1137408567,1657025858,rule_based,EVT-0024,2023-09-27,ENDO_BASAL_INSULIN,endocrinology,Northeast,414.1666666666667,411.5,True,1,endocrinology,Northeast,Northeast,10,10,0.6438631790744512,Allentown,Buffalo
1172835138,,rule_based,EVT-0024,2023-09-27,ENDO_BASAL_INSULIN,endocrinology,Southwest,345.0,,False,,,Southwest,,18,,,Oklahoma City,
1330156328,1999506508,rule_based,EVT-0024,2023-09-27,ENDO_BASAL_INSULIN,endocrinology,Southwest,199.16666666666666,200.83333333333334,True,1,endocrinology,Southwest,Southwest,6,4,0.8368200836820179,Santa Fe,Mesa
1364458855,,rule_based,EVT-0024,2023-09-27,ENDO_BASAL_INSULIN,endocrinology,Southeast,275.5,,False,,,Southeast,,14,,,Columbia,
1394609428,,rule_based,EVT-0024,2023-09-27,ENDO_BASAL_INSULIN,endocrinology,Southwest,524.1666666666666,,False,,,Southwest,,4,,,Reno,
1541422121,,rule_based,EVT-0024,2023-09-27,ENDO_BASAL_INSULIN,endocrinology,Southeast,238.0,,False,,,Southeast,,6,,,Richmond,
1645233598,1730655531,rule_based,EVT-0024,2023-09-27,ENDO_BASAL_INSULIN,endocrinology,Northeast,358.8333333333333,351.5,True,1,endocrinology,Northeast,Northeast,10,9,2.0436600092893586,Boston,New Haven
1704331150,1432188427,rule_based,EVT-0024,2023-09-27,ENDO_BASAL_INSULIN,endocrinology,West,313.8333333333333,306.8333333333333,True,1,endocrinology,West,West,11,9,2.2304832713754648,Denver,Salt Lake City
1738903891,,rule_based,EVT-0024,2023-09-27,ENDO_BASAL_INSULIN,endocrinology,Southeast,407.0,,False,,,Southeast,,18,,,Charlotte,
1836314447,1100495849,rule_based,EVT-0024,2023-09-27,ENDO_BASAL_INSULIN,endocrinology,Southeast,367.5,347.6666666666667,True,1,endocrinology,Southeast,Southeast,5,8,5.396825396825392,Richmond,Mobile
1885387740,,rule_based,EVT-0024,2023-09-27,ENDO_BASAL_INSULIN,endocrinology,Northeast,573.0,,False,,,Northeast,,38,,,Syracuse,
1910188758,,rule_based,EVT-0024,2023-09-27,ENDO_BASAL_INSULIN,endocrinology,Southeast,140.16666666666666,,False,,,Southeast,,16,,,Charlottesville,
1939785840,,rule_based,EVT-0024,2023-09-27,ENDO_BASAL_INSULIN,endocrinology,Southwest,238.5,,False,,,Southwest,,30,,,Austin,
1993463169,,rule_based,EVT-0024,2023-09-27,ENDO_BASAL_INSULIN,endocrinology,West,214.66666666666666,,False,,,West,,9,,,Seattle,
1002145427,1877046932,rule_based,EVT-0025,2023-10-08,PC_ANTIHYPERTENSIVE,primary care,Northeast,417.6666666666667,399.1666666666667,True,1,primary care,Northeast,Northeast,13,16,4.429369513168395,Jersey City,Boston
1018018261,1665478461,rule_based,EVT-0025,2023-10-08,PC_ANTIHYPERTENSIVE,primary care,Northeast,378.6666666666667,382.1666666666667,True,1,primary care,Northeast,Northeast,13,10,0.9242957746478873,Newark,New York
1022312734,,rule_based,EVT-0025,2023-10-08,PC_ANTIHYPERTENSIVE,primary care,Midwest,171.83333333333334,,False,,,Midwest,,7,,,Columbia,
1065870788,1352216182,rule_based,EVT-0025,2023-10-08,PC_ANTIHYPERTENSIVE,primary care,Southwest,301.1666666666667,326.6666666666667,True,1,primary care,Southwest,Southwest,7,7,8.467072495849473,Tucson,Scottsdale
1101185407,,rule_based,EVT-0025,2023-10-08,PC_ANTIHYPERTENSIVE,primary care,Midwest,532.3333333333334,,False,,,Midwest,,17,,,Lansing,
1166368237,1590869917,rule_based,EVT-0025,2023-10-08,PC_ANTIHYPERTENSIVE,primary care,Southwest,221.0,208.66666666666666,True,1,primary care,Southwest,Southwest,10,10,5.580693815987938,Tulsa,Oklahoma City
1170846871,,rule_based,EVT-0025,2023-10-08,PC_ANTIHYPERTENSIVE,primary care,Southeast,322.5,,False,,,Southeast,,19,,,Columbia,
1190842652,,rule_based,EVT-0025,2023-10-08,PC_ANTIHYPERTENSIVE,primary care,Southwest,157.33333333333334,,False,,,Southwest,,10,,,Las Vegas,
1227780172,,rule_based,EVT-0025,2023-10-08,PC_ANTIHYPERTENSIVE,primary care,Southwest,871.1666666666666,,False,,,Southwest,,11,,,Scottsdale,
1251567115,1540759788,rule_based,EVT-0025,2023-10-08,PC_ANTIHYPERTENSIVE,primary care,Midwest,226.0,218.33333333333334,True,1,primary care,Midwest,Midwest,8,6,3.3923303834808216,Rockford,St. Louis
1271768685,,rule_based,EVT-0025,2023-10-08,PC_ANTIHYPERTENSIVE,primary care,Midwest,290.8333333333333,,False,,,Midwest,,8,,,St. Paul,
1279684447,1184426066,rule_based,EVT-0025,2023-10-08,PC_ANTIHYPERTENSIVE,primary care,West,155.66666666666666,143.0,True,1,primary care,West,West,28,26,8.13704496788008,San Francisco,San Francisco
1284061300,1266945785,rule_based,EVT-0025,2023-10-08,PC_ANTIHYPERTENSIVE,primary care,West,414.6666666666667,454.1666666666667,True,1,primary care,West,West,21,19,9.52572347266881,Spokane,San Diego
1316743925,1209566128,rule_based,EVT-0025,2023-10-08,PC_ANTIHYPERTENSIVE,primary care,Northeast,495.8333333333333,496.3333333333333,True,1,primary care,Northeast,Northeast,16,15,0.10084033613445378,Cambridge,Stamford
1397955463,,rule_based,EVT-0025,2023-10-08,PC_ANTIHYPERTENSIVE,primary care,Southeast,376.5,,False,,,Southeast,,14,,,Chattanooga,
1436505063,,rule_based,EVT-0025,2023-10-08,PC_ANTIHYPERTENSIVE,primary care,Midwest,378.6666666666667,,False,,,Midwest,,12,,,Milwaukee,
1456207657,,rule_based,EVT-0025,2023-10-08,PC_ANTIHYPERTENSIVE,primary care,Midwest,466.8333333333333,,False,,,Midwest,,10,,,Minneapolis,
1456299035,1615059528,rule_based,EVT-0025,2023-10-08,PC_ANTIHYPERTENSIVE,primary care,Southeast,231.0,239.16666666666666,True,1,primary care,Southeast,Southeast,15,12,3.535353535353531,Mobile,Savannah
1523681389,1275443434,rule_based,EVT-0025,2023-10-08,PC_ANTIHYPERTENSIVE,primary care,Midwest,234.66666666666666,212.66666666666666,True,2,primary care,Midwest,Midwest,8,8,9.375,Milwaukee,South Bend
1552813903,,rule_based,EVT-0025,2023-10-08,PC_ANTIHYPERTENSIVE,primary care,Northeast,1370.8333333333333,,False,,,Northeast,,10,,,Newark,
1657035808,,rule_based,EVT-0025,2023-10-08,PC_ANTIHYPERTENSIVE,primary care,West,78.66666666666667,,False,,,West,,14,,,Eugene,
1685524518,1773180629,rule_based,EVT-0025,2023-10-08,PC_ANTIHYPERTENSIVE,primary care,Southeast,111.83333333333333,117.0,True,1,primary care,Southeast,Southeast,4,7,4.61997019374069,Mobile,Charleston
1721479586,,rule_based,EVT-0025,2023-10-08,PC_ANTIHYPERTENSIVE,primary care,West,348.1666666666667,,False,,,West,,8,,,San Diego,
1812815243,,rule_based,EVT-0025,2023-10-08,PC_ANTIHYPERTENSIVE,primary care,Midwest,486.3333333333333,,False,,,Midwest,,7,,,Milwaukee,
1815807585,1838439200,rule_based,EVT-0025,2023-10-08,PC_ANTIHYPERTENSIVE,primary care,Southeast,453.3333333333333,459.1666666666667,True,1,primary care,Southeast,Southeast,13,16,1.2867647058823615,Knoxville,Greenville
1862986803,,rule_based,EVT-0025,2023-10-08,PC_ANTIHYPERTENSIVE,primary care,Midwest,245.16666666666666,,False,,,Midwest,,25,,,Grand Rapids,
1922670785,,rule_based,EVT-0025,2023-10-08,PC_ANTIHYPERTENSIVE,primary care,Southeast,286.3333333333333,,False,,,Southeast,,30,,,Augusta,
1927430854,,rule_based,EVT-0025,2023-10-08,PC_ANTIHYPERTENSIVE,primary care,Southeast,536.1666666666666,,False,,,Southeast,,13,,,Richmond,
1955620046,1732527431,rule_based,EVT-0025,2023-10-08,PC_ANTIHYPERTENSIVE,primary care,Southeast,310.6666666666667,289.3333333333333,True,1,primary care,Southeast,Southeast,8,9,6.8669527896995834,Birmingham,Arlington
1094274762,1643297637,rule_based,EVT-0026,2023-10-08,PC_ANTIHYPERTENSIVE,primary care,West,205.0,223.83333333333334,True,1,primary care,West,West,4,6,9.186991869918703,Salt Lake City,Portland
1133130363,1058325303,rule_based,EVT-0026,2023-10-08,PC_ANTIHYPERTENSIVE,primary care,Northeast,298.5,283.6666666666667,True,1,primary care,Northeast,Northeast,13,13,4.969290898939134,Hartford,Princeton
1170846871,,rule_based,EVT-0026,2023-10-08,PC_ANTIHYPERTENSIVE,primary care,Southeast,322.5,,False,,,Southeast,,19,,,Columbia,
1180932224,,rule_based,EVT-0026,2023-10-08,PC_ANTIHYPERTENSIVE,primary care,Southeast,422.1666666666667,,False,,,Southeast,,19,,,Savannah,
1264333323,1209566128,rule_based,EVT-0026,2023-10-08,PC_ANTIHYPERTENSIVE,primary care,Northeast,500.1666666666667,496.3333333333333,True,1,primary care,Northeast,Northeast,12,15,0.7664111962679182,New York,Stamford
1266945785,,rule_based,EVT-0026,2023-10-08,PC_ANTIHYPERTENSIVE,primary care,West,454.1666666666667,,False,,,West,,19,,,San Diego,
1271768685,,rule_based,EVT-0026,2023-10-08,PC_ANTIHYPERTENSIVE,primary care,Midwest,290.8333333333333,,False,,,Midwest,,8,,,St. Paul,
1279684447,1184426066,rule_based,EVT-0026,2023-10-08,PC_ANTIHYPERTENSIVE,primary care,West,155.66666666666666,143.0,True,1,primary care,West,West,28,26,8.13704496788008,San Francisco,San Francisco
1284061300,,rule_based,EVT-0026,2023-10-08,PC_ANTIHYPERTENSIVE,primary care,West,414.6666666666667,,False,,,West,,21,,,Spokane,
1315385710,,rule_based,EVT-0026,2023-10-08,PC_ANTIHYPERTENSIVE,primary care,Northeast,758.3333333333334,,False,,,Northeast,,20,,,Worcester,
1355374483,1434523506,rule_based,EVT-0026,2023-10-08,PC_ANTIHYPERTENSIVE,primary care,West,307.6666666666667,291.1666666666667,True,1,primary care,West,West,3,6,5.362946912242687,Eugene,San Diego
1377426493,1296624285,rule_based,EVT-0026,2023-10-08,PC_ANTIHYPERTENSIVE,primary care,West,223.66666666666666,236.16666666666666,True,1,primary care,West,West,13,11,5.588673621460507,Portland,Sacramento
1397955463,,rule_based,EVT-0026,2023-10-08,PC_ANTIHYPERTENSIVE,primary care,Southeast,376.5,,False,,,Southeast,,14,,,Chattanooga,
1413519731,,rule_based,EVT-0026,2023-10-08,PC_ANTIHYPERTENSIVE,primary care,Southwest,364.8333333333333,,False,,,Southwest,,13,,,Austin,
1425340662,,rule_based,EVT-0026,2023-10-08,PC_ANTIHYPERTENSIVE,primary care,Southwest,359.8333333333333,,False,,,Southwest,,17,,,Austin,
1526669415,1908168895,rule_based,EVT-0026,2023-10-08,PC_ANTIHYPERTENSIVE,primary care,Southwest,220.83333333333334,209.66666666666666,True,1,primary care,Southwest,Southwest,15,16,5.056603773584914,Tucson,Albuquerque
1536278926,,rule_based,EVT-0026,2023-10-08,PC_ANTIHYPERTENSIVE,primary care,West,554.5,,False,,,West,,13,,,Provo,
1567742360,1939052563,rule_based,EVT-0026,2023-10-08,PC_ANTIHYPERTENSIVE,primary care,West,144.66666666666666,149.66666666666666,True,1,primary care,West,West,8,8,3.4562211981566824,Provo,San Jose
1615059528,1174238463,rule_based,EVT-0026,2023-10-08,PC_ANTIHYPERTENSIVE,primary care,Southeast,239.16666666666666,222.5,True,1,primary care,Southeast,Southeast,12,14,6.968641114982575,Savannah,Raleigh
1644815767,1937514325,rule_based,EVT-0026,2023-10-08,PC_ANTIHYPERTENSIVE,primary care,West,365.5,330.0,True,1,primary care,West,West,16,15,9.712722298221614,Tacoma,Colorado Springs
1686880901,,rule_based,EVT-0026,2023-10-08,PC_ANTIHYPERTENSIVE,primary care,West,221.16666666666666,,False,,,West,,13,,,Salt Lake City,
1725623817,,rule_based,EVT-0026,2023-10-08,PC_ANTIHYPERTENSIVE,primary care,Southwest,507.8333333333333,,False,,,Southwest,,9,,,Las Vegas,
1732527431,,rule_based,EVT-0026,2023-10-08,PC_ANTIHYPERTENSIVE,primary care,Southeast,289.3333333333333,,False,,,Southeast,,9,,,Arlington,
1747032997,1762971749,rule_based,EVT-0026,2023-10-08,PC_ANTIHYPERTENSIVE,primary care,Northeast,208.66666666666666,228.33333333333334,True,1,primary care,Northeast,Northeast,9,9,9.424920127795538,New York,New Haven
1803233885,,rule_based,EVT-0026,2023-10-08,PC_ANTIHYPERTENSIVE,primary care,Southeast,244.5,,False,,,Southeast,,16,,,Knoxville,
1815807585,1838439200,rule_based,EVT-0026,2023-10-08,PC_ANTIHYPERTENSIVE,primary care,Southeast,453.3333333333333,459.1666666666667,True,1,primary care,Southeast,Southeast,13,16,1.2867647058823615,Knoxville,Greenville
1832506087,,rule_based,EVT-0026,2023-10-08,PC_ANTIHYPERTENSIVE,primary care,Midwest,596.8333333333334,,False,,,Midwest,,14,,,Grand Rapids,
1924355757,,rule_based,EVT-0026,2023-10-08,PC_ANTIHYPERTENSIVE,primary care,Southwest,292.3333333333333,,False,,,Southwest,,7,,,Albuquerque,
1955620046,,rule_based,EVT-0026,2023-10-08,PC_ANTIHYPERTENSIVE,primary care,Southeast,310.6666666666667,,False,,,Southeast,,8,,,Birmingham,
1228081653,1765149178,rule_based,EVT-0027,2023-10-08,NEURO_MIGRAINE_CGRP,neurology,Southeast,90.33333333333333,95.0,True,1,neurology,Southeast,Southeast,8,10,5.166051660516611,Durham,Greenville
1243754490,,rule_based,EVT-0027,2023-10-08,NEURO_MIGRAINE_CGRP,neurology,Northeast,122.33333333333333,,False,,,Northeast,,6,,,Springfield,
1616418756,,rule_based,EVT-0027,2023-10-08,NEURO_MIGRAINE_CGRP,neurology,Northeast,165.5,,False,,,Northeast,,8,,,Worcester,
1636376422,1925142923,rule_based,EVT-0027,2023-10-08,NEURO_MIGRAINE_CGRP,neurology,Southwest,203.83333333333334,193.16666666666666,True,1,neurology,Southwest,Southwest,7,8,5.233033524121023,San Antonio,Oklahoma City
1788421810,1879821175,rule_based,EVT-0027,2023-10-08,NEURO_MIGRAINE_CGRP,neurology,Northeast,216.83333333333334,225.16666666666666,True,1,neurology,Northeast,Northeast,15,12,3.843197540353565,Springfield,Camden
1921646299,1081031506,rule_based,EVT-0027,2023-10-08,NEURO_MIGRAINE_CGRP,neurology,Southwest,377.5,354.8333333333333,True,1,neurology,Southwest,Southwest,9,11,6.0044150110375325,Oklahoma City,Reno
1044666919,,rule_based,EVT-0028,2023-10-08,NEURO_MIGRAINE_CGRP,neurology,Southeast,124.83333333333333,,False,,,Southeast,,17,,,Greenville,
1163199601,,rule_based,EVT-0028,2023-10-08,NEURO_MIGRAINE_CGRP,neurology,Southwest,243.0,,False,,,Southwest,,17,,,Oklahoma City,
1204261733,1095874958,rule_based,EVT-0028,2023-10-08,NEURO_MIGRAINE_CGRP,neurology,Southeast,242.16666666666666,219.83333333333334,True,1,neurology,Southeast,Southeast,7,8,9.222298692360626,Chattanooga,Tampa
1204787067,1527981900,rule_based,EVT-0028,2023-10-08,NEURO_MIGRAINE_CGRP,neurology,Northeast,166.16666666666666,165.66666666666666,True,1,neurology,Northeast,Northeast,13,14,0.30090270812437314,Buffalo,Syracuse
1330017819,,rule_based,EVT-0028,2023-10-08,NEURO_MIGRAINE_CGRP,neurology,Southwest,309.0,,False,,,Southwest,,18,,,Santa Fe,
1467704312,1980975555,rule_based,EVT-0028,2023-10-08,NEURO_MIGRAINE_CGRP,neurology,Northeast,182.16666666666666,197.33333333333334,True,1,neurology,Northeast,Northeast,13,10,8.325709057639536,Worcester,Bangor
1512844550,,rule_based,EVT-0028,2023-10-08,NEURO_MIGRAINE_CGRP,neurology,Southwest,231.66666666666666,,False,,,Southwest,,15,,,Tulsa,
1636376422,1925142923,rule_based,EVT-0028,2023-10-08,NEURO_MIGRAINE_CGRP,neurology,Southwest,203.83333333333334,193.16666666666666,True,1,neurology,Southwest,Southwest,7,8,5.233033524121023,San Antonio,Oklahoma City
1824149854,1334266743,rule_based,EVT-0028,2023-10-08,NEURO_MIGRAINE_CGRP,neurology,Southeast,227.83333333333334,239.0,True,1,neurology,Southeast,Southeast,12,11,4.901243599122161,Memphis,Greenville
1011940271,,rule_based,EVT-0029,2023-10-09,CV_ANTICOAG_ORAL,endocrinology,Northeast,143.5,,False,,,Northeast,,7,,,Princeton,
1107038659,1449048093,rule_based,EVT-0029,2023-10-09,CV_ANTICOAG_ORAL,endocrinology,Northeast,146.5,153.33333333333334,True,1,endocrinology,Northeast,Northeast,10,8,4.664391353811156,New York,Rochester
1124726435,,rule_based,EVT-0029,2023-10-09,CV_ANTICOAG_ORAL,primary care,Northeast,399.0,,False,,,Northeast,,14,,,Allentown,
1129206672,,rule_based,EVT-0029,2023-10-09,CV_ANTICOAG_ORAL,pulmonology,Northeast,307.5,,False,,,Northeast,,27,,,Jersey City,
1133042691,1885189138,rule_based,EVT-0029,2023-10-09,CV_ANTICOAG_ORAL,cardiology,Northeast,160.83333333333334,165.16666666666666,True,1,cardiology,Northeast,Northeast,6,7,2.694300518134703,Worcester,Syracuse
1144669185,,rule_based,EVT-0029,2023-10-09,CV_ANTICOAG_ORAL,primary care,Northeast,532.0,,False,,,Northeast,,16,,,Allentown,
1213511599,,rule_based,EVT-0029,2023-10-09,CV_ANTICOAG_ORAL,primary care,Northeast,644.3333333333334,,False,,,Northeast,,30,,,Bangor,
1257723886,1004543439,rule_based,EVT-0029,2023-10-09,CV_ANTICOAG_ORAL,endocrinology,Southwest,192.66666666666666,174.33333333333334,True,1,endocrinology,Southwest,Southwest,11,11,9.515570934256045,Phoenix,Fort Worth
1315385710,,rule_based,EVT-0029,2023-10-09,CV_ANTICOAG_ORAL,primary care,Northeast,379.3333333333333,,False,,,Northeast,,20,,,Worcester,
1324722952,1297391371,rule_based,EVT-0029,2023-10-09,CV_ANTICOAG_ORAL,endocrinology,Northeast,123.16666666666667,118.33333333333333,True,1,endocrinology,Northeast,Northeast,12,15,3.9242219215155694,Stamford,Boston
1326516303,,rule_based,EVT-0029,2023-10-09,CV_ANTICOAG_ORAL,oncology,Southwest,338.1666666666667,,False,,,Southwest,,12,,,Phoenix,
1327009084,1251411553,rule_based,EVT-0029,2023-10-09,CV_ANTICOAG_ORAL,neurology,Southwest,93.83333333333333,87.83333333333333,True,1,neurology,Southwest,Southwest,13,11,6.394316163410302,Scottsdale,Reno
1330156328,,rule_based,EVT-0029,2023-10-09,CV_ANTICOAG_ORAL,endocrinology,Southwest,37.333333333333336,,False,,,Southwest,,6,,,Santa Fe,
1398789739,,rule_based,EVT-0029,2023-10-09,CV_ANTICOAG_ORAL,neurology,Northeast,109.5,,False,,,Northeast,,26,,,Philadelphia,
1425340662,,rule_based,EVT-0029,2023-10-09,CV_ANTICOAG_ORAL,primary care,Southwest,346.0,,False,,,Southwest,,17,,,Austin,
1435662964,,rule_based,EVT-0029,2023-10-09,CV_ANTICOAG_ORAL,endocrinology,West,225.33333333333334,,False,,,West,,5,,,Seattle,
1475115246,,rule_based,EVT-0029,2023-10-09,CV_ANTICOAG_ORAL,cardiology,Southeast,130.0,,False,,,Southeast,,17,,,Macon,
1523987174,1712965692,rule_based,EVT-0029,2023-10-09,CV_ANTICOAG_ORAL,neurology,West,93.33333333333333,92.83333333333333,True,1,neurology,West,West,8,9,0.5357142857142857,Denver,San Jose
1645233598,,rule_based,EVT-0029,2023-10-09,CV_ANTICOAG_ORAL,endocrinology,Northeast,377.3333333333333,,False,,,Northeast,,10,,,Boston,
1648553570,,rule_based,EVT-0029,2023-10-09,CV_ANTICOAG_ORAL,cardiology,Southwest,538.1666666666666,,False,,,Southwest,,11,,,Houston,
1666389063,,rule_based,EVT-0029,2023-10-09,CV_ANTICOAG_ORAL,endocrinology,Midwest,118.0,,False,,,Midwest,,17,,,Indianapolis,
1681501296,1809220084,rule_based,EVT-0029,2023-10-09,CV_ANTICOAG_ORAL,pulmonology,West,133.66666666666666,126.66666666666667,True,1,pulmonology,West,West,8,9,5.236907730673306,Spokane,Los Angeles
1689059347,1650044724,rule_based,EVT-0029,2023-10-09,CV_ANTICOAG_ORAL,primary care,Southwest,111.5,117.33333333333333,True,1,primary care,Southwest,Southwest,9,11,5.2316890881913265,Reno,Reno
1702497342,1100495849,rule_based,EVT-0029,2023-10-09,CV_ANTICOAG_ORAL,endocrinology,Southeast,232.5,252.66666666666666,True,1,endocrinology,Southeast,Southeast,9,8,8.673835125448024,Knoxville,Mobile
1710163217,,rule_based,EVT-0029,2023-10-09,CV_ANTICOAG_ORAL,cardiology,Northeast,186.33333333333334,,False,,,Northeast,,11,,,Albany,
1738903891,,rule_based,EVT-0029,2023-10-09,CV_ANTICOAG_ORAL,endocrinology,Southeast,393.0,,False,,,Southeast,,18,,,Charlotte,
1740626134,,rule_based,EVT-0029,2023-10-09,CV_ANTICOAG_ORAL,endocrinology,Southwest,214.83333333333334,,False,,,Southwest,,5,,,Oklahoma City,
1856406925,1746587884,rule_based,EVT-0029,2023-10-09,CV_ANTICOAG_ORAL,cardiology,Northeast,127.83333333333333,140.5,True,1,cardiology,Northeast,Northeast,12,12,9.90873533246415,Pittsburgh,Pittsburgh
1908168895,,rule_based,EVT-0029,2023-10-09,CV_ANTICOAG_ORAL,primary care,Southwest,114.0,,False,,,Southwest,,16,,,Albuquerque,
1910188758,1971977354,rule_based,EVT-0029,2023-10-09,CV_ANTICOAG_ORAL,endocrinology,Southeast,102.66666666666667,101.66666666666667,True,1,endocrinology,Southeast,Southeast,16,15,0.974025974025974,Charlottesville,Mobile
1922670785,,rule_based,EVT-0029,2023-10-09,CV_ANTICOAG_ORAL,primary care,Southeast,339.0,,False,,,Southeast,,30,,,Augusta,
1927430854,1080672524,rule_based,EVT-0029,2023-10-09,CV_ANTICOAG_ORAL,primary care,Southeast,261.5,257.3333333333333,True,1,primary care,Southeast,Southeast,13,10,1.5933715742511227,Richmond,Memphis
1965727443,,rule_based,EVT-0029,2023-10-09,CV_ANTICOAG_ORAL,primary care,West,207.16666666666666,,False,,,West,,35,,,Denver,
1967802350,,rule_based,EVT-0029,2023-10-09,CV_ANTICOAG_ORAL,pulmonology,Midwest,110.66666666666667,,False,,,Midwest,,12,,,Lansing,
1050705288,,rule_based,EVT-0030,2023-10-10,ENDO_BASAL_INSULIN,endocrinology,Southeast,624.0,,False,,,Southeast,,21,,,Atlanta,
1076376403,,rule_based,EVT-0030,2023-10-10,ENDO_BASAL_INSULIN,endocrinology,Northeast,466.8333333333333,,False,,,Northeast,,18,,,Boston,
1137408567,,rule_based,EVT-0030,2023-10-10,ENDO_BASAL_INSULIN,endocrinology,Northeast,419.0,,False,,,Northeast,,10,,,Allentown,
1174145494,,rule_based,EVT-0030,2023-10-10,ENDO_BASAL_INSULIN,endocrinology,Northeast,307.8333333333333,,False,,,Northeast,,7,,,Hartford,
1237205202,1297391371,rule_based,EVT-0030,2023-10-10,ENDO_BASAL_INSULIN,endocrinology,Northeast,150.66666666666666,154.0,True,1,endocrinology,Northeast,Northeast,13,15,2.21238938053098,Buffalo,Boston
1249657408,,rule_based,EVT-0030,2023-10-10,ENDO_BASAL_INSULIN,endocrinology,Northeast,255.0,,False,,,Northeast,,8,,,Princeton,
1305686507,,rule_based,EVT-0030,2023-10-10,ENDO_BASAL_INSULIN,endocrinology,Southwest,231.83333333333334,,False,,,Southwest,,8,,,Austin,
1423753536,1174785596,rule_based,EVT-0030,2023-10-10,ENDO_BASAL_INSULIN,endocrinology,Northeast,305.0,324.0,True,1,endocrinology,Northeast,Northeast,19,18,6.229508196721312,Allentown,Philadelphia
1453128708,1299832539,rule_based,EVT-0030,2023-10-10,ENDO_BASAL_INSULIN,endocrinology,Northeast,265.6666666666667,268.5,True,1,endocrinology,Northeast,Northeast,22,19,1.0664993726474206,Cambridge,Newark
1497642888,1333043895,rule_based,EVT-0030,2023-10-10,ENDO_BASAL_INSULIN,endocrinology,Northeast,202.0,219.16666666666666,True,1,endocrinology,Northeast,Northeast,10,12,8.498349834983495,Pittsburgh,Albany
1645233598,,rule_based,EVT-0030,2023-10-10,ENDO_BASAL_INSULIN,endocrinology,Northeast,395.5,,False,,,Northeast,,10,,,Boston,
1657025858,,rule_based,EVT-0030,2023-10-10,ENDO_BASAL_INSULIN,endocrinology,Northeast,400.3333333333333,,False,,,Northeast,,10,,,Buffalo,
1706645516,1630629040,rule_based,EVT-0030,2023-10-10,ENDO_BASAL_INSULIN,endocrinology,Southeast,168.33333333333334,157.33333333333334,True,1,endocrinology,Southeast,Southeast,9,6,6.534653465346535,Mobile,Greenville
1738903891,,rule_based,EVT-0030,2023-10-10,ENDO_BASAL_INSULIN,endocrinology,Southeast,414.8333333333333,,False,,,Southeast,,18,,,Charlotte,
1746046261,1708639657,rule_based,EVT-0030,2023-10-10,ENDO_BASAL_INSULIN,endocrinology,Northeast,170.0,171.16666666666666,True,1,endocrinology,Northeast,Northeast,4,7,0.686274509803916,Hershey,Worcester
1758794279,1730655531,rule_based,EVT-0030,2023-10-10,ENDO_BASAL_INSULIN,endocrinology,Northeast,351.3333333333333,362.8333333333333,True,1,endocrinology,Northeast,Northeast,7,9,3.273244781783682,Jersey City,New Haven
1803502636,,rule_based,EVT-0030,2023-10-10,ENDO_BASAL_INSULIN,endocrinology,Northeast,215.16666666666666,,False,,,Northeast,,7,,,Princeton,
1885387740,,rule_based,EVT-0030,2023-10-10,ENDO_BASAL_INSULIN,endocrinology,Northeast,598.5,,False,,,Northeast,,38,,,Syracuse,
1949335115,,rule_based,EVT-0030,2023-10-10,ENDO_BASAL_INSULIN,endocrinology,Southeast,484.3333333333333,,False,,,Southeast,,8,,,Nashville,
1964945871,1677860136,rule_based,EVT-0030,2023-10-10,ENDO_BASAL_INSULIN,endocrinology,Northeast,290.0,276.0,True,1,endocrinology,Northeast,Northeast,6,5,4.827586206896552,New Haven,Buffalo
1939785840,,rule_based,EVT-0029,2023-10-09,CV_ANTICOAG_ORAL,endocrinology,Southwest,306.1666666666667,,False,,,Southwest,,30,,,Austin,
1040239976,,rule_based,EVT-0031,2023-10-16,CV_ANTICOAG_ORAL,rheumatology,Northeast,119.16666666666667,,False,,,Northeast,,24,,,New York,
1050705288,,rule_based,EVT-0031,2023-10-16,CV_ANTICOAG_ORAL,endocrinology,Southeast,500.5,,False,,,Southeast,,21,,,Atlanta,
1078096579,1286477181,rule_based,EVT-0031,2023-10-16,CV_ANTICOAG_ORAL,cardiology,Midwest,294.6666666666667,274.6666666666667,True,1,cardiology,Midwest,Midwest,13,10,6.787330316742081,Rochester,Green Bay
1123148250,,rule_based,EVT-0031,2023-10-16,CV_ANTICOAG_ORAL,cardiology,Southwest,230.66666666666666,,False,,,Southwest,,19,,,Austin,
1133130363,1261377760,rule_based,EVT-0031,2023-10-16,CV_ANTICOAG_ORAL,primary care,Northeast,171.66666666666666,160.33333333333334,True,1,primary care,Northeast,Northeast,13,14,6.6019417475728055,Hartford,Stamford
1163199601,,rule_based,EVT-0031,2023-10-16,CV_ANTICOAG_ORAL,neurology,Southwest,154.83333333333334,,False,,,Southwest,,17,,,Oklahoma City,
1169238601,,rule_based,EVT-0031,2023-10-16,CV_ANTICOAG_ORAL,cardiology,Midwest,204.16666666666666,,False,,,Midwest,,16,,,St. Paul,
1204787067,1774691384,rule_based,EVT-0031,2023-10-16,CV_ANTICOAG_ORAL,neurology,Northeast,66.16666666666667,65.66666666666667,True,1,neurology,Northeast,Northeast,13,12,0.7556675062972292,Buffalo,Bangor
1265952337,,rule_based,EVT-0031,2023-10-16,CV_ANTICOAG_ORAL,cardiology,Northeast,138.0,,False,,,Northeast,,22,,,Syracuse,
1280087226,,rule_based,EVT-0031,2023-10-16,CV_ANTICOAG_ORAL,primary care,Northeast,312.8333333333333,,False,,,Northeast,,10,,,Rochester,
1296552940,1742974847,rule_based,EVT-0031,2023-10-16,CV_ANTICOAG_ORAL,primary care,Northeast,57.5,59.833333333333336,True,1,primary care,Northeast,Northeast,8,7,4.057971014492757,Rochester,Princeton
1299418347,1331020234,rule_based,EVT-0031,2023-10-16,CV_ANTICOAG_ORAL,cardiology,Northeast,96.83333333333333,101.5,True,1,cardiology,Northeast,Northeast,18,19,4.81927710843374,Springfield,Syracuse
1352578078,1132792726,rule_based,EVT-0031,2023-10-16,CV_ANTICOAG_ORAL,pulmonology,Southeast,144.0,129.83333333333334,True,1,pulmonology,Southeast,Southeast,14,16,9.837962962962957,Huntsville,Knoxville
1393791409,,rule_based,EVT-0031,2023-10-16,CV_ANTICOAG_ORAL,rheumatology,Midwest,193.0,,False,,,Midwest,,25,,,Rockford,
1443520683,1200346587,rule_based,EVT-0031,2023-10-16,CV_ANTICOAG_ORAL,cardiology,Midwest,179.66666666666666,188.0,True,1,cardiology,Midwest,Midwest,9,8,4.6382189239332146,Chicago,Chicago
1481247389,,rule_based,EVT-0031,2023-10-16,CV_ANTICOAG_ORAL,primary care,Southeast,180.16666666666666,,False,,,Southeast,,24,,,Winston-Salem,
1598661571,,rule_based,EVT-0031,2023-10-16,CV_ANTICOAG_ORAL,rheumatology,Northeast,184.33333333333334,,False,,,Northeast,,10,,,Stamford,
1635476009,,rule_based,EVT-0031,2023-10-16,CV_ANTICOAG_ORAL,neurology,Northeast,184.16666666666666,,False,,,Northeast,,18,,,Hartford,
1645233598,,rule_based,EVT-0031,2023-10-16,CV_ANTICOAG_ORAL,endocrinology,Northeast,377.3333333333333,,False,,,Northeast,,10,,,Boston,
1648553570,,rule_based,EVT-0031,2023-10-16,CV_ANTICOAG_ORAL,cardiology,Southwest,538.1666666666666,,False,,,Southwest,,11,,,Houston,
1704331150,,rule_based,EVT-0031,2023-10-16,CV_ANTICOAG_ORAL,endocrinology,West,239.83333333333334,,False,,,West,,11,,,Denver,
1724092733,1056679651,rule_based,EVT-0031,2023-10-16,CV_ANTICOAG_ORAL,cardiology,Northeast,202.5,200.33333333333334,True,1,cardiology,Northeast,Northeast,5,6,1.0699588477366209,Pittsburgh,Philadelphia
1742859469,,rule_based,EVT-0031,2023-10-16,CV_ANTICOAG_ORAL,pulmonology,West,186.83333333333334,,False,,,West,,2,,,Spokane,
1760628762,,rule_based,EVT-0031,2023-10-16,CV_ANTICOAG_ORAL,cardiology,Southwest,89.5,,False,,,Southwest,,13,,,Oklahoma City,
1768225918,1785926670,rule_based,EVT-0031,2023-10-16,CV_ANTICOAG_ORAL,endocrinology,Midwest,167.0,156.66666666666666,True,1,endocrinology,Midwest,Midwest,9,12,6.187624750499008,South Bend,Green Bay
1808310134,,rule_based,EVT-0031,2023-10-16,CV_ANTICOAG_ORAL,rheumatology,Southwest,228.83333333333334,,False,,,Southwest,,12,,,Santa Fe,
1824172013,1842420535,rule_based,EVT-0031,2023-10-16,CV_ANTICOAG_ORAL,primary care,Midwest,236.5,218.0,True,1,primary care,Midwest,Midwest,10,11,7.822410147991543,Grand Rapids,Springfield
1856406925,1746587884,rule_based,EVT-0031,2023-10-16,CV_ANTICOAG_ORAL,cardiology,Northeast,127.83333333333333,140.5,True,1,cardiology,Northeast,Northeast,12,12,9.90873533246415,Pittsburgh,Pittsburgh
1885189138,1042224778,rule_based,EVT-0031,2023-10-16,CV_ANTICOAG_ORAL,cardiology,Northeast,165.16666666666666,173.5,True,1,cardiology,Northeast,Northeast,7,6,5.045408678102933,Syracuse,Albany
1897395806,1779918477,rule_based,EVT-0031,2023-10-16,CV_ANTICOAG_ORAL,cardiology,Northeast,237.66666666666666,222.83333333333334,True,1,cardiology,Northeast,Northeast,15,17,6.24123422159887,Portland,New Haven
1991291398,,rule_based,EVT-0031,2023-10-16,CV_ANTICOAG_ORAL,rheumatology,Southwest,385.1666666666667,,False,,,Southwest,,11,,,Austin,
1075036339,1767249513,rule_based,EVT-0032,2023-10-16,PULM_ICS_LABA_INH,pulmonology,West,180.66666666666666,175.66666666666666,True,1,pulmonology,West,West,5,8,2.7675276752767526,Tacoma,Boulder
1139166684,,rule_based,EVT-0032,2023-10-16,PULM_ICS_LABA_INH,pulmonology,Midwest,223.66666666666666,,False,,,Midwest,,5,,,Green Bay,
1198262952,,rule_based,EVT-0032,2023-10-16,PULM_ICS_LABA_INH,pulmonology,Northeast,551.3333333333334,,False,,,Northeast,,5,,,Hartford,
1229022169,,rule_based,EVT-0032,2023-10-16,PULM_ICS_LABA_INH,pulmonology,West,135.33333333333334,,False,,,West,,13,,,Denver,
1533003293,,rule_based,EVT-0032,2023-10-16,PULM_ICS_LABA_INH,pulmonology,Midwest,232.83333333333334,,False,,,Midwest,,5,,,Green Bay,
1655727265,,rule_based,EVT-0032,2023-10-16,PULM_ICS_LABA_INH,pulmonology,Northeast,381.3333333333333,,False,,,Northeast,,12,,,Bangor,
1681501296,1058613039,rule_based,EVT-0032,2023-10-16,PULM_ICS_LABA_INH,pulmonology,West,97.0,105.83333333333333,True,1,pulmonology,West,West,8,10,9.10652920962199,Spokane,Salt Lake City
1704308638,,rule_based,EVT-0032,2023-10-16,PULM_ICS_LABA_INH,pulmonology,Southeast,395.0,,False,,,Southeast,,15,,,Arlington,
1710487228,,rule_based,EVT-0032,2023-10-16,PULM_ICS_LABA_INH,pulmonology,Midwest,105.5,,False,,,Midwest,,18,,,Milwaukee,
1854852153,,rule_based,EVT-0032,2023-10-16,PULM_ICS_LABA_INH,pulmonology,Southwest,176.5,,False,,,Southwest,,17,,,Houston,
1889776344,1320611266,rule_based,EVT-0032,2023-10-16,PULM_ICS_LABA_INH,pulmonology,Northeast,193.0,188.16666666666666,True,1,pulmonology,Northeast,Northeast,7,7,2.5043177892918873,Camden,Springfield
1025231352,,rule_based,EVT-0033,2023-10-20,METABOLIC_GLP1_INJ,rheumatology,Northeast,301.6666666666667,,False,,,Northeast,,6,,,Syracuse,
1044666919,,rule_based,EVT-0033,2023-10-20,METABOLIC_GLP1_INJ,neurology,Southeast,221.33333333333334,,False,,,Southeast,,17,,,Greenville,
1050705288,1769333869,rule_based,EVT-0033,2023-10-20,METABOLIC_GLP1_INJ,endocrinology,Southeast,134.16666666666666,140.83333333333334,True,1,endocrinology,Southeast,Southeast,21,20,4.968944099378896,Atlanta,Columbia
1098995024,,rule_based,EVT-0033,2023-10-20,METABOLIC_GLP1_INJ,primary care,Northeast,100.16666666666667,,False,,,Northeast,,6,,,Pittsburgh,
1198262952,,rule_based,EVT-0033,2023-10-20,METABOLIC_GLP1_INJ,pulmonology,Northeast,81.0,,False,,,Northeast,,5,,,Hartford,
1202669523,1766730505,rule_based,EVT-0033,2023-10-20,METABOLIC_GLP1_INJ,cardiology,Midwest,234.16666666666666,211.83333333333334,True,1,cardiology,Midwest,Midwest,15,12,9.537366548042698,Fort Wayne,Ann Arbor
1243754490,1045376799,rule_based,EVT-0033,2023-10-20,METABOLIC_GLP1_INJ,neurology,Northeast,125.0,128.66666666666666,True,1,neurology,Northeast,Northeast,6,7,2.9333333333333256,Springfield,Philadelphia
1274985831,1795350721,rule_based,EVT-0033,2023-10-20,METABOLIC_GLP1_INJ,rheumatology,Southwest,155.16666666666666,159.16666666666666,True,1,rheumatology,Southwest,Southwest,5,6,2.577873254564984,Tucson,Oklahoma City
1300654963,,rule_based,EVT-0033,2023-10-20,METABOLIC_GLP1_INJ,primary care,Northeast,255.66666666666666,,False,,,Northeast,,9,,,Albany,
1309371148,1527981900,rule_based,EVT-0033,2023-10-20,METABOLIC_GLP1_INJ,neurology,Northeast,83.16666666666667,85.83333333333333,True,1,neurology,Northeast,Northeast,12,14,3.206412825651291,Syracuse,Syracuse
1330156328,,rule_based,EVT-0033,2023-10-20,METABOLIC_GLP1_INJ,endocrinology,Southwest,172.66666666666666,,False,,,Southwest,,6,,,Santa Fe,
1341556789,,rule_based,EVT-0033,2023-10-20,METABOLIC_GLP1_INJ,cardiology,West,252.16666666666666,,False,,,West,,17,,,Seattle,
1394609428,,rule_based,EVT-0033,2023-10-20,METABOLIC_GLP1_INJ,endocrinology,Southwest,290.5,,False,,,Southwest,,4,,,Reno,
1418997171,,rule_based,EVT-0033,2023-10-20,METABOLIC_GLP1_INJ,primary care,Northeast,269.3333333333333,,False,,,Northeast,,18,,,Jersey City,
1494868502,,rule_based,EVT-0033,2023-10-20,METABOLIC_GLP1_INJ,cardiology,Southeast,59.5,,False,,,Southeast,,7,,,Huntsville,
1546151204,1473494189,rule_based,EVT-0033,2023-10-20,METABOLIC_GLP1_INJ,primary care,Northeast,197.66666666666666,198.5,True,1,primary care,Northeast,Northeast,13,13,0.4215851602023657,Newark,Bangor
1552813903,1665478461,rule_based,EVT-0033,2023-10-20,METABOLIC_GLP1_INJ,primary care,Northeast,127.0,128.16666666666666,True,1,primary care,Northeast,Northeast,10,10,0.9186351706036671,Newark,New York
1561159348,,rule_based,EVT-0033,2023-10-20,METABOLIC_GLP1_INJ,neurology,Northeast,235.83333333333334,,False,,,Northeast,,7,,,Portland,
1583696442,,rule_based,EVT-0033,2023-10-20,METABOLIC_GLP1_INJ,endocrinology,West,114.16666666666667,,False,,,West,,18,,,Portland,
1598661571,1418704015,rule_based,EVT-0033,2023-10-20,METABOLIC_GLP1_INJ,rheumatology,Northeast,79.16666666666667,76.66666666666667,True,1,rheumatology,Northeast,Northeast,10,11,3.1578947368421053,Stamford,Springfield
1599989245,1507378861,rule_based,EVT-0033,2023-10-20,METABOLIC_GLP1_INJ,oncology,Northeast,65.16666666666667,60.666666666666664,True,1,oncology,Northeast,Northeast,13,13,6.905370843989781,New York,Buffalo
1610177150,,rule_based,EVT-0033,2023-10-20,METABOLIC_GLP1_INJ,cardiology,Southeast,138.5,,False,,,Southeast,,19,,,Mobile,
1636376422,,rule_based,EVT-0033,2023-10-20,METABOLIC_GLP1_INJ,neurology,Southwest,202.33333333333334,,False,,,Southwest,,7,,,San Antonio,
1647196991,,rule_based,EVT-0033,2023-10-20,METABOLIC_GLP1_INJ,rheumatology,Southeast,296.0,,False,,,Southeast,,8,,,Richmond,
1655727265,,rule_based,EVT-0033,2023-10-20,METABOLIC_GLP1_INJ,pulmonology,Northeast,77.83333333333333,,False,,,Northeast,,12,,,Bangor,
1745601371,1880265578,rule_based,EVT-0033,2023-10-20,METABOLIC_GLP1_INJ,cardiology,Midwest,103.33333333333333,103.5,True,1,cardiology,Midwest,Midwest,11,11,0.16129032258064976,Peoria,Columbus
1768831921,,rule_based,EVT-0033,2023-10-20,METABOLIC_GLP1_INJ,rheumatology,Northeast,227.5,,False,,,Northeast,,11,,,Rochester,
1808310134,,rule_based,EVT-0033,2023-10-20,METABOLIC_GLP1_INJ,rheumatology,Southwest,322.3333333333333,,False,,,Southwest,,12,,,Santa Fe,
1841791217,,rule_based,EVT-0033,2023-10-20,METABOLIC_GLP1_INJ,neurology,Midwest,124.33333333333333,,False,,,Midwest,,21,,,Cleveland,
1944079924,1715246280,rule_based,EVT-0033,2023-10-20,METABOLIC_GLP1_INJ,rheumatology,Southeast,99.16666666666667,106.33333333333333,True,1,rheumatology,Southeast,Southeast,14,13,7.22689075630251,Columbia,Augusta
1991291398,,rule_based,EVT-0033,2023-10-20,METABOLIC_GLP1_INJ,rheumatology,Southwest,148.5,,False,,,Southwest,,11,,,Austin,
1022312734,,rule_based,EVT-0034,2023-10-23,PC_ANTIHYPERTENSIVE,primary care,Midwest,171.83333333333334,,False,,,Midwest,,7,,,Columbia,
1060922949,1134089733,rule_based,EVT-0034,2023-10-23,PC_ANTIHYPERTENSIVE,primary care,Northeast,140.83333333333334,128.83333333333334,True,1,primary care,Northeast,Northeast,3,5,8.520710059171597,Jersey City,Syracuse
1084471394,1261377760,rule_based,EVT-0034,2023-10-23,PC_ANTIHYPERTENSIVE,primary care,Northeast,258.0,244.5,True,1,primary care,Northeast,Northeast,12,14,5.232558139534884,Springfield,Stamford
1180932224,1838439200,rule_based,EVT-0034,2023-10-23,PC_ANTIHYPERTENSIVE,primary care,Southeast,422.1666666666667,459.1666666666667,True,1,primary care,Southeast,Southeast,19,16,8.764311093564944,Savannah,Greenville
1190842652,,rule_based,EVT-0034,2023-10-23,PC_ANTIHYPERTENSIVE,primary care,Southwest,157.33333333333334,,False,,,Southwest,,10,,,Las Vegas,
1263807582,,rule_based,EVT-0034,2023-10-23,PC_ANTIHYPERTENSIVE,primary care,Northeast,597.3333333333334,,False,,,Northeast,,7,,,Syracuse,
1280087226,,rule_based,EVT-0034,2023-10-23,PC_ANTIHYPERTENSIVE,primary care,Northeast,778.5,,False,,,Northeast,,10,,,Rochester,
1315385710,,rule_based,EVT-0034,2023-10-23,PC_ANTIHYPERTENSIVE,primary care,Northeast,758.3333333333334,,False,,,Northeast,,20,,,Worcester,
1355374483,1434523506,rule_based,EVT-0034,2023-10-23,PC_ANTIHYPERTENSIVE,primary care,West,307.6666666666667,291.1666666666667,True,1,primary care,West,West,3,6,5.362946912242687,Eugene,San Diego
1377426493,1296624285,rule_based,EVT-0034,2023-10-23,PC_ANTIHYPERTENSIVE,primary care,West,223.66666666666666,236.16666666666666,True,1,primary care,West,West,13,11,5.588673621460507,Portland,Sacramento
1423152481,1363342464,rule_based,EVT-0034,2023-10-23,PC_ANTIHYPERTENSIVE,primary care,Southeast,420.3333333333333,407.8333333333333,True,1,primary care,Southeast,Southeast,11,10,2.9738302934179224,Chattanooga,Arlington
1425340662,,rule_based,EVT-0034,2023-10-23,PC_ANTIHYPERTENSIVE,primary care,Southwest,359.8333333333333,,False,,,Southwest,,17,,,Austin,
1425610817,,rule_based,EVT-0034,2023-10-23,PC_ANTIHYPERTENSIVE,primary care,Southeast,189.0,,False,,,Southeast,,3,,,Huntsville,
1455779946,,rule_based,EVT-0034,2023-10-23,PC_ANTIHYPERTENSIVE,primary care,Southwest,264.6666666666667,,False,,,Southwest,,33,,,Tulsa,
1456207657,,rule_based,EVT-0034,2023-10-23,PC_ANTIHYPERTENSIVE,primary care,Midwest,466.8333333333333,,False,,,Midwest,,10,,,Minneapolis,
1488515010,1135650855,rule_based,EVT-0034,2023-10-23,PC_ANTIHYPERTENSIVE,primary care,Midwest,256.0,263.8333333333333,True,1,primary care,Midwest,Midwest,19,17,3.059895833333326,St. Louis,Fort Wayne
1546151204,1058325303,rule_based,EVT-0034,2023-10-23,PC_ANTIHYPERTENSIVE,primary care,Northeast,258.3333333333333,283.6666666666667,True,2,primary care,Northeast,Northeast,13,13,9.806451612903242,Newark,Princeton
1567742360,1939052563,rule_based,EVT-0034,2023-10-23,PC_ANTIHYPERTENSIVE,primary care,West,144.66666666666666,149.66666666666666,True,1,primary care,West,West,8,8,3.4562211981566824,Provo,San Jose
1613561947,,rule_based,EVT-0034,2023-10-23,PC_ANTIHYPERTENSIVE,primary care,Southeast,296.8333333333333,,False,,,Southeast,,16,,,Norfolk,
1644815767,,rule_based,EVT-0034,2023-10-23,PC_ANTIHYPERTENSIVE,primary care,West,365.5,,False,,,West,,16,,,Tacoma,
1721479586,,rule_based,EVT-0034,2023-10-23,PC_ANTIHYPERTENSIVE,primary care,West,348.1666666666667,,False,,,West,,8,,,San Diego,
1742579091,,rule_based,EVT-0034,2023-10-23,PC_ANTIHYPERTENSIVE,primary care,Northeast,788.8333333333334,,False,,,Northeast,,25,,,Bangor,
1752727945,1479078465,rule_based,EVT-0034,2023-10-23,PC_ANTIHYPERTENSIVE,primary care,West,177.33333333333334,178.0,True,1,primary care,West,West,14,12,0.3759398496240548,Los Angeles,Portland
1776723276,,rule_based,EVT-0034,2023-10-23,PC_ANTIHYPERTENSIVE,primary care,Midwest,384.6666666666667,,False,,,Midwest,,21,,,Rochester,
1806707737,1847794991,rule_based,EVT-0034,2023-10-23,PC_ANTIHYPERTENSIVE,primary care,West,127.5,120.0,True,1,primary care,West,West,9,10,5.88235294117647,Boulder,Colorado Springs
1808826295,,rule_based,EVT-0034,2023-10-23,PC_ANTIHYPERTENSIVE,primary care,Southeast,332.8333333333333,,False,,,Southeast,,20,,,Miami,
1824172013,,rule_based,EVT-0034,2023-10-23,PC_ANTIHYPERTENSIVE,primary care,Midwest,277.6666666666667,,False,,,Midwest,,10,,,Grand Rapids,
1903798589,,rule_based,EVT-0034,2023-10-23,PC_ANTIHYPERTENSIVE,primary care,Southwest,260.3333333333333,,False,,,Southwest,,19,,,Austin,
1927430854,,rule_based,EVT-0034,2023-10-23,PC_ANTIHYPERTENSIVE,primary care,Southeast,536.1666666666666,,False,,,Southeast,,13,,,Richmond,
1937514325,,rule_based,EVT-0034,2023-10-23,PC_ANTIHYPERTENSIVE,primary care,West,330.0,,False,,,West,,15,,,Colorado Springs,
1955620046,,rule_based,EVT-0034,2023-10-23,PC_ANTIHYPERTENSIVE,primary care,Southeast,310.6666666666667,,False,,,Southeast,,8,,,Birmingham,
1002145427,1877046932,rule_based,EVT-0035,2023-10-26,PC_ANTIHYPERTENSIVE,primary care,Northeast,417.6666666666667,399.1666666666667,True,1,primary care,Northeast,Northeast,13,16,4.429369513168395,Jersey City,Boston
1018018261,1665478461,rule_based,EVT-0035,2023-10-26,PC_ANTIHYPERTENSIVE,primary care,Northeast,378.6666666666667,382.1666666666667,True,1,primary care,Northeast,Northeast,13,10,0.9242957746478873,Newark,New York
1022312734,,rule_based,EVT-0035,2023-10-26,PC_ANTIHYPERTENSIVE,primary care,Midwest,171.83333333333334,,False,,,Midwest,,7,,,Columbia,
1048976678,,rule_based,EVT-0035,2023-10-26,PC_ANTIHYPERTENSIVE,primary care,Southeast,341.6666666666667,,False,,,Southeast,,18,,,Orlando,
1057676243,,rule_based,EVT-0035,2023-10-26,PC_ANTIHYPERTENSIVE,primary care,Southeast,173.66666666666666,,False,,,Southeast,,11,,,Tampa,
1080672524,,rule_based,EVT-0035,2023-10-26,PC_ANTIHYPERTENSIVE,primary care,Southeast,352.5,,False,,,Southeast,,10,,,Memphis,
1101185407,,rule_based,EVT-0035,2023-10-26,PC_ANTIHYPERTENSIVE,primary care,Midwest,532.3333333333334,,False,,,Midwest,,17,,,Lansing,
1133130363,1058325303,rule_based,EVT-0035,2023-10-26,PC_ANTIHYPERTENSIVE,primary care,Northeast,298.5,283.6666666666667,True,1,primary care,Northeast,Northeast,13,13,4.969290898939134,Hartford,Princeton
1138281740,1463019459,rule_based,EVT-0035,2023-10-26,PC_ANTIHYPERTENSIVE,primary care,West,198.0,187.66666666666666,True,1,primary care,West,West,10,9,5.218855218855223,Provo,Seattle
1144669185,,rule_based,EVT-0035,2023-10-26,PC_ANTIHYPERTENSIVE,primary care,Northeast,646.0,,False,,,Northeast,,16,,,Allentown,
1145899849,,rule_based,EVT-0035,2023-10-26,PC_ANTIHYPERTENSIVE,primary care,West,345.8333333333333,,False,,,West,,17,,,Portland,
1159833825,,rule_based,EVT-0035,2023-10-26,PC_ANTIHYPERTENSIVE,primary care,West,371.3333333333333,,False,,,West,,26,,,Palo Alto,
1166368237,1590869917,rule_based,EVT-0035,2023-10-26,PC_ANTIHYPERTENSIVE,primary care,Southwest,221.0,208.66666666666666,True,1,primary care,Southwest,Southwest,10,10,5.580693815987938,Tulsa,Oklahoma City
1180932224,1838439200,rule_based,EVT-0035,2023-10-26,PC_ANTIHYPERTENSIVE,primary care,Southeast,422.1666666666667,459.1666666666667,True,1,primary care,Southeast,Southeast,19,16,8.764311093564944,Savannah,Greenville
1190842652,,rule_based,EVT-0035,2023-10-26,PC_ANTIHYPERTENSIVE,primary care,Southwest,157.33333333333334,,False,,,Southwest,,10,,,Las Vegas,
1191545544,,rule_based,EVT-0035,2023-10-26,PC_ANTIHYPERTENSIVE,primary care,Midwest,313.0,,False,,,Midwest,,22,,,Rochester,
1227780172,,rule_based,EVT-0035,2023-10-26,PC_ANTIHYPERTENSIVE,primary care,Southwest,871.1666666666666,,False,,,Southwest,,11,,,Scottsdale,
1263807582,,rule_based,EVT-0035,2023-10-26,PC_ANTIHYPERTENSIVE,primary care,Northeast,597.3333333333334,,False,,,Northeast,,7,,,Syracuse,
1297280590,,rule_based,EVT-0035,2023-10-26,PC_ANTIHYPERTENSIVE,primary care,Midwest,285.3333333333333,,False,,,Midwest,,14,,,Springfield,
1316743925,1209566128,rule_based,EVT-0035,2023-10-26,PC_ANTIHYPERTENSIVE,primary care,Northeast,495.8333333333333,496.3333333333333,True,1,primary care,Northeast,Northeast,16,15,0.10084033613445378,Cambridge,Stamford
1413519731,,rule_based,EVT-0035,2023-10-26,PC_ANTIHYPERTENSIVE,primary care,Southwest,364.8333333333333,,False,,,Southwest,,13,,,Austin,
1418997171,,rule_based,EVT-0035,2023-10-26,PC_ANTIHYPERTENSIVE,primary care,Northeast,441.5,,False,,,Northeast,,18,,,Jersey City,
1436505063,,rule_based,EVT-0035,2023-10-26,PC_ANTIHYPERTENSIVE,primary care,Midwest,378.6666666666667,,False,,,Midwest,,12,,,Milwaukee,
1456207657,,rule_based,EVT-0035,2023-10-26,PC_ANTIHYPERTENSIVE,primary care,Midwest,466.8333333333333,,False,,,Midwest,,10,,,Minneapolis,
1484724632,,rule_based,EVT-0035,2023-10-26,PC_ANTIHYPERTENSIVE,primary care,Northeast,353.1666666666667,,False,,,Northeast,,14,,,Princeton,
1511022174,1135650855,rule_based,EVT-0035,2023-10-26,PC_ANTIHYPERTENSIVE,primary care,Midwest,279.5,263.8333333333333,True,1,primary care,Midwest,Midwest,15,17,5.605247465712589,Lansing,Fort Wayne
1523681389,1540759788,rule_based,EVT-0035,2023-10-26,PC_ANTIHYPERTENSIVE,primary care,Midwest,234.66666666666666,218.33333333333334,True,1,primary care,Midwest,Midwest,8,6,6.960227272727265,Milwaukee,St. Louis
1535820066,,rule_based,EVT-0035,2023-10-26,PC_ANTIHYPERTENSIVE,primary care,West,437.8333333333333,,False,,,West,,10,,,Denver,
1592123891,,rule_based,EVT-0035,2023-10-26,PC_ANTIHYPERTENSIVE,primary care,Northeast,563.1666666666666,,False,,,Northeast,,18,,,Allentown,
1613561947,,rule_based,EVT-0035,2023-10-26,PC_ANTIHYPERTENSIVE,primary care,Southeast,296.8333333333333,,False,,,Southeast,,16,,,Norfolk,
1639269087,1099946885,rule_based,EVT-0035,2023-10-26,PC_ANTIHYPERTENSIVE,primary care,Northeast,187.83333333333334,188.66666666666666,True,1,primary care,Northeast,Northeast,18,18,0.4436557231588187,Buffalo,Hartford
1806479196,,rule_based,EVT-0035,2023-10-26,PC_ANTIHYPERTENSIVE,primary care,Southwest,436.3333333333333,,False,,,Southwest,,16,,,Oklahoma City,
1812815243,,rule_based,EVT-0035,2023-10-26,PC_ANTIHYPERTENSIVE,primary care,Midwest,486.3333333333333,,False,,,Midwest,,7,,,Milwaukee,
1832506087,,rule_based,EVT-0035,2023-10-26,PC_ANTIHYPERTENSIVE,primary care,Midwest,596.8333333333334,,False,,,Midwest,,14,,,Grand Rapids,
1848624494,,rule_based,EVT-0035,2023-10-26,PC_ANTIHYPERTENSIVE,primary care,Midwest,290.6666666666667,,False,,,Midwest,,14,,,Kansas City,
1862986803,,rule_based,EVT-0035,2023-10-26,PC_ANTIHYPERTENSIVE,primary care,Midwest,245.16666666666666,,False,,,Midwest,,25,,,Grand Rapids,
1908168895,1224230882,rule_based,EVT-0035,2023-10-26,PC_ANTIHYPERTENSIVE,primary care,Southwest,209.66666666666666,192.66666666666666,True,1,primary care,Southwest,Southwest,16,13,8.108108108108109,Albuquerque,Reno
1922670785,,rule_based,EVT-0035,2023-10-26,PC_ANTIHYPERTENSIVE,primary care,Southeast,286.3333333333333,,False,,,Southeast,,30,,,Augusta,
1937514325,,rule_based,EVT-0035,2023-10-26,PC_ANTIHYPERTENSIVE,primary care,West,330.0,,False,,,West,,15,,,Colorado Springs,
1002145427,1877046932,rule_based,EVT-0036,2023-10-28,PC_ANTIHYPERTENSIVE,primary care,Northeast,417.6666666666667,399.1666666666667,True,1,primary care,Northeast,Northeast,13,16,4.429369513168395,Jersey City,Boston
1018018261,,rule_based,EVT-0036,2023-10-28,PC_ANTIHYPERTENSIVE,primary care,Northeast,378.6666666666667,,False,,,Northeast,,13,,,Newark,
1065870788,1352216182,rule_based,EVT-0036,2023-10-28,PC_ANTIHYPERTENSIVE,primary care,Southwest,301.1666666666667,326.6666666666667,True,1,primary care,Southwest,Southwest,7,7,8.467072495849473,Tucson,Scottsdale
1133130363,1058325303,rule_based,EVT-0036,2023-10-28,PC_ANTIHYPERTENSIVE,primary care,Northeast,298.5,283.6666666666667,True,1,primary care,Northeast,Northeast,13,13,4.969290898939134,Hartford,Princeton
1180932224,,rule_based,EVT-0036,2023-10-28,PC_ANTIHYPERTENSIVE,primary care,Southeast,422.1666666666667,,False,,,Southeast,,19,,,Savannah,
1268222167,1135650855,rule_based,EVT-0036,2023-10-28,PC_ANTIHYPERTENSIVE,primary care,Midwest,256.5,263.8333333333333,True,1,primary care,Midwest,Midwest,19,17,2.858999350227413,Fort Wayne,Fort Wayne
1280087226,,rule_based,EVT-0036,2023-10-28,PC_ANTIHYPERTENSIVE,primary care,Northeast,778.5,,False,,,Northeast,,10,,,Rochester,
1284061300,,rule_based,EVT-0036,2023-10-28,PC_ANTIHYPERTENSIVE,primary care,West,414.6666666666667,,False,,,West,,21,,,Spokane,
1385532449,,rule_based,EVT-0036,2023-10-28,PC_ANTIHYPERTENSIVE,primary care,Southeast,425.6666666666667,,False,,,Southeast,,6,,,Atlanta,
1397955463,,rule_based,EVT-0036,2023-10-28,PC_ANTIHYPERTENSIVE,primary care,Southeast,376.5,,False,,,Southeast,,14,,,Chattanooga,
1425610817,,rule_based,EVT-0036,2023-10-28,PC_ANTIHYPERTENSIVE,primary care,Southeast,189.0,,False,,,Southeast,,3,,,Huntsville,
1456207657,,rule_based,EVT-0036,2023-10-28,PC_ANTIHYPERTENSIVE,primary care,Midwest,466.8333333333333,,False,,,Midwest,,10,,,Minneapolis,
1456299035,1174238463,rule_based,EVT-0036,2023-10-28,PC_ANTIHYPERTENSIVE,primary care,Southeast,231.0,222.5,True,1,primary care,Southeast,Southeast,15,14,3.67965367965368,Mobile,Raleigh
1484724632,,rule_based,EVT-0036,2023-10-28,PC_ANTIHYPERTENSIVE,primary care,Northeast,353.1666666666667,,False,,,Northeast,,14,,,Princeton,
1489598965,,rule_based,EVT-0036,2023-10-28,PC_ANTIHYPERTENSIVE,primary care,Southeast,433.0,,False,,,Southeast,,21,,,Charleston,
1506356074,1842420535,rule_based,EVT-0036,2023-10-28,PC_ANTIHYPERTENSIVE,primary care,Midwest,142.66666666666666,133.5,True,1,primary care,Midwest,Midwest,14,11,6.425233644859807,Lansing,Springfield
1535820066,,rule_based,EVT-0036,2023-10-28,PC_ANTIHYPERTENSIVE,primary care,West,437.8333333333333,,False,,,West,,10,,,Denver,
1590869917,1224230882,rule_based,EVT-0036,2023-10-28,PC_ANTIHYPERTENSIVE,primary care,Southwest,208.66666666666666,192.66666666666666,True,1,primary care,Southwest,Southwest,10,13,7.667731629392971,Oklahoma City,Reno
1610820601,,rule_based,EVT-0036,2023-10-28,PC_ANTIHYPERTENSIVE,primary care,Midwest,263.1666666666667,,False,,,Midwest,,9,,,Lansing,
1615059528,1200096471,rule_based,EVT-0036,2023-10-28,PC_ANTIHYPERTENSIVE,primary care,Southeast,239.16666666666666,221.33333333333334,True,2,primary care,Southeast,Southeast,12,10,7.456445993031351,Savannah,Mobile
1665478461,,rule_based,EVT-0036,2023-10-28,PC_ANTIHYPERTENSIVE,primary care,Northeast,382.1666666666667,,False,,,Northeast,,10,,,New York,
1707435529,,rule_based,EVT-0036,2023-10-28,PC_ANTIHYPERTENSIVE,primary care,Southeast,319.1666666666667,,False,,,Southeast,,14,,,Norfolk,
1732527431,,rule_based,EVT-0036,2023-10-28,PC_ANTIHYPERTENSIVE,primary care,Southeast,289.3333333333333,,False,,,Southeast,,9,,,Arlington,
1747032997,1762971749,rule_based,EVT-0036,2023-10-28,PC_ANTIHYPERTENSIVE,primary care,Northeast,208.66666666666666,228.33333333333334,True,1,primary care,Northeast,Northeast,9,9,9.424920127795538,New York,New Haven
1808826295,,rule_based,EVT-0036,2023-10-28,PC_ANTIHYPERTENSIVE,primary care,Southeast,332.8333333333333,,False,,,Southeast,,20,,,Miami,
1812815243,,rule_based,EVT-0036,2023-10-28,PC_ANTIHYPERTENSIVE,primary care,Midwest,486.3333333333333,,False,,,Midwest,,7,,,Milwaukee,
1815807585,1838439200,rule_based,EVT-0036,2023-10-28,PC_ANTIHYPERTENSIVE,primary care,Southeast,453.3333333333333,459.1666666666667,True,1,primary care,Southeast,Southeast,13,16,1.2867647058823615,Knoxville,Greenville
1848624494,,rule_based,EVT-0036,2023-10-28,PC_ANTIHYPERTENSIVE,primary care,Midwest,290.6666666666667,,False,,,Midwest,,14,,,Kansas City,
1922670785,,rule_based,EVT-0036,2023-10-28,PC_ANTIHYPERTENSIVE,primary care,Southeast,286.3333333333333,,False,,,Southeast,,30,,,Augusta,
1927430854,,rule_based,EVT-0036,2023-10-28,PC_ANTIHYPERTENSIVE,primary care,Southeast,536.1666666666666,,False,,,Southeast,,13,,,Richmond,
1139166684,,rule_based,EVT-0037,2023-10-30,PULM_ICS_LABA_INH,pulmonology,Midwest,223.66666666666666,,False,,,Midwest,,5,,,Green Bay,
1075036339,1767249513,rule_based,EVT-0037,2023-10-30,PULM_ICS_LABA_INH,pulmonology,West,180.66666666666666,175.66666666666666,True,1,pulmonology,West,West,5,8,2.7675276752767526,Tacoma,Boulder
1113023042,1113190601,rule_based,EVT-0037,2023-10-30,PULM_ICS_LABA_INH,pulmonology,West,142.0,137.66666666666666,True,1,pulmonology,West,West,4,6,3.0516431924882697,Tacoma,Salt Lake City
1134509243,,rule_based,EVT-0037,2023-10-30,PULM_ICS_LABA_INH,pulmonology,Northeast,147.66666666666666,,False,,,Northeast,,8,,,Hartford,
1229022169,,rule_based,EVT-0037,2023-10-30,PULM_ICS_LABA_INH,pulmonology,West,135.33333333333334,,False,,,West,,13,,,Denver,
1238983617,,rule_based,EVT-0037,2023-10-30,PULM_ICS_LABA_INH,pulmonology,Southeast,617.3333333333334,,False,,,Southeast,,13,,,Memphis,
1533003293,,rule_based,EVT-0037,2023-10-30,PULM_ICS_LABA_INH,pulmonology,Midwest,232.83333333333334,,False,,,Midwest,,5,,,Green Bay,
1547244776,1903121188,rule_based,EVT-0037,2023-10-30,PULM_ICS_LABA_INH,pulmonology,Northeast,142.66666666666666,141.83333333333334,True,1,pulmonology,Northeast,Northeast,18,18,0.5841121495326971,Cambridge,Philadelphia
1626268928,,rule_based,EVT-0037,2023-10-30,PULM_ICS_LABA_INH,pulmonology,West,321.0,,False,,,West,,19,,,Portland,
1696606064,1722581836,rule_based,EVT-0037,2023-10-30,PULM_ICS_LABA_INH,pulmonology,West,145.66666666666666,152.66666666666666,True,1,pulmonology,West,West,6,8,4.805491990846682,Provo,Seattle
1704308638,,rule_based,EVT-0037,2023-10-30,PULM_ICS_LABA_INH,pulmonology,Southeast,395.0,,False,,,Southeast,,15,,,Arlington,
1710487228,,rule_based,EVT-0037,2023-10-30,PULM_ICS_LABA_INH,pulmonology,Midwest,105.5,,False,,,Midwest,,18,,,Milwaukee,
1742859469,,rule_based,EVT-0037,2023-10-30,PULM_ICS_LABA_INH,pulmonology,West,291.6666666666667,,False,,,West,,2,,,Spokane,
1407931751,1841542198,rule_based,EVT-0038,2023-11-02,ONC_TARGETED_ORAL,oncology,Midwest,130.5,130.5,True,1,oncology,Midwest,Midwest,8,6,0.0,Cincinnati,South Bend
1659738110,1486382629,rule_based,EVT-0038,2023-11-02,ONC_TARGETED_ORAL,oncology,Northeast,112.33333333333333,111.5,True,1,oncology,Northeast,Northeast,10,10,0.7418397626112717,Bangor,Bangor
1704492101,,rule_based,EVT-0038,2023-11-02,ONC_TARGETED_ORAL,oncology,Southeast,188.83333333333334,,False,,,Southeast,,24,,,Savannah,
1737256036,1480599715,rule_based,EVT-0038,2023-11-02,ONC_TARGETED_ORAL,oncology,Midwest,142.16666666666666,143.83333333333334,True,1,oncology,Midwest,Midwest,9,12,1.1723329425556992,Green Bay,Toledo
1893606271,,rule_based,EVT-0038,2023-11-02,ONC_TARGETED_ORAL,oncology,Southwest,263.1666666666667,,False,,,Southwest,,7,,,Austin,
1025231352,,rule_based,EVT-0039,2023-11-03,METABOLIC_GLP1_INJ,rheumatology,Northeast,308.3333333333333,,False,,,Northeast,,6,,,Syracuse,
1025978341,,rule_based,EVT-0039,2023-11-03,METABOLIC_GLP1_INJ,endocrinology,Northeast,221.33333333333334,,False,,,Northeast,,12,,,Hartford,
1031568581,1152018085,rule_based,EVT-0039,2023-11-03,METABOLIC_GLP1_INJ,pulmonology,Southeast,86.5,87.16666666666667,True,1,pulmonology,Southeast,Southeast,5,6,0.7707129094412386,Chattanooga,Huntsville
1159841240,,rule_based,EVT-0039,2023-11-03,METABOLIC_GLP1_INJ,neurology,Southeast,116.5,,False,,,Southeast,,17,,,Charlotte,
1198262952,,rule_based,EVT-0039,2023-11-03,METABOLIC_GLP1_INJ,pulmonology,Northeast,80.83333333333333,,False,,,Northeast,,5,,,Hartford,
1199976907,,rule_based,EVT-0039,2023-11-03,METABOLIC_GLP1_INJ,rheumatology,Northeast,226.33333333333334,,False,,,Northeast,,15,,,Albany,
1229022169,,rule_based,EVT-0039,2023-11-03,METABOLIC_GLP1_INJ,pulmonology,West,230.5,,False,,,West,,13,,,Denver,
1241711534,1804484495,rule_based,EVT-0039,2023-11-03,METABOLIC_GLP1_INJ,primary care,Southeast,125.66666666666667,129.5,True,1,primary care,Southeast,Southeast,13,16,3.0503978779840812,Columbia,Winston-Salem
1246066447,,rule_based,EVT-0039,2023-11-03,METABOLIC_GLP1_INJ,rheumatology,Southwest,323.5,,False,,,Southwest,,28,,,Mesa,
1274985831,1795350721,rule_based,EVT-0039,2023-11-03,METABOLIC_GLP1_INJ,rheumatology,Southwest,156.66666666666666,169.66666666666666,True,1,rheumatology,Southwest,Southwest,5,6,8.297872340425533,Tucson,Oklahoma City
1286477181,1304105269,rule_based,EVT-0039,2023-11-03,METABOLIC_GLP1_INJ,cardiology,Midwest,166.33333333333334,166.33333333333334,True,1,cardiology,Midwest,Midwest,10,11,0.0,Green Bay,Green Bay
1321405205,,rule_based,EVT-0039,2023-11-03,METABOLIC_GLP1_INJ,primary care,West,26.833333333333332,,False,,,West,,10,,,San Jose,
1341556789,,rule_based,EVT-0039,2023-11-03,METABOLIC_GLP1_INJ,cardiology,West,264.0,,False,,,West,,17,,,Seattle,
1389159553,,rule_based,EVT-0039,2023-11-03,METABOLIC_GLP1_INJ,primary care,Southeast,228.5,,False,,,Southeast,,11,,,Macon,
1435949049,,rule_based,EVT-0039,2023-11-03,METABOLIC_GLP1_INJ,rheumatology,Northeast,152.5,,False,,,Northeast,,4,,,Bangor,
1453128708,,rule_based,EVT-0039,2023-11-03,METABOLIC_GLP1_INJ,endocrinology,Northeast,80.83333333333333,,False,,,Northeast,,22,,,Cambridge,
1467704312,1901417067,rule_based,EVT-0039,2023-11-03,METABOLIC_GLP1_INJ,neurology,Northeast,125.5,125.5,True,1,neurology,Northeast,Northeast,13,13,0.0,Worcester,Springfield
1523498065,,rule_based,EVT-0039,2023-11-03,METABOLIC_GLP1_INJ,primary care,Southeast,108.16666666666667,,False,,,Southeast,,15,,,Columbia,
1583696442,1268421124,rule_based,EVT-0039,2023-11-03,METABOLIC_GLP1_INJ,endocrinology,West,118.66666666666667,125.66666666666667,True,1,endocrinology,West,West,18,21,5.8988764044943816,Portland,Salt Lake City
1590869917,1209829039,rule_based,EVT-0039,2023-11-03,METABOLIC_GLP1_INJ,primary care,Southwest,165.0,178.5,True,1,primary care,Southwest,Southwest,10,12,8.181818181818182,Oklahoma City,Dallas
1595774286,,rule_based,EVT-0039,2023-11-03,METABOLIC_GLP1_INJ,rheumatology,Midwest,137.16666666666666,,False,,,Midwest,,13,,,Peoria,
1610177150,,rule_based,EVT-0039,2023-11-03,METABOLIC_GLP1_INJ,cardiology,Southeast,144.33333333333334,,False,,,Southeast,,19,,,Mobile,
1626268928,,rule_based,EVT-0039,2023-11-03,METABOLIC_GLP1_INJ,pulmonology,West,253.0,,False,,,West,,19,,,Portland,
1648626962,,rule_based,EVT-0039,2023-11-03,METABOLIC_GLP1_INJ,pulmonology,Southwest,59.0,,False,,,Southwest,,16,,,Tulsa,
1685524518,,rule_based,EVT-0039,2023-11-03,METABOLIC_GLP1_INJ,primary care,Southeast,101.0,,False,,,Southeast,,4,,,Mobile,
1703413967,,rule_based,EVT-0039,2023-11-03,METABOLIC_GLP1_INJ,endocrinology,West,159.66666666666666,,False,,,West,,26,,,Boulder,
1721479586,1434523506,rule_based,EVT-0039,2023-11-03,METABOLIC_GLP1_INJ,primary care,West,126.16666666666667,132.83333333333334,True,1,primary care,West,West,8,6,5.28401585204756,San Diego,San Diego
1738903891,,rule_based,EVT-0039,2023-11-03,METABOLIC_GLP1_INJ,endocrinology,Southeast,175.16666666666666,,False,,,Southeast,,18,,,Charlotte,
1750236147,,rule_based,EVT-0039,2023-11-03,METABOLIC_GLP1_INJ,cardiology,Southwest,174.83333333333334,,False,,,Southwest,,12,,,Austin,
1758794279,1730655531,rule_based,EVT-0039,2023-11-03,METABOLIC_GLP1_INJ,endocrinology,Northeast,269.0,249.66666666666666,True,1,endocrinology,Northeast,Northeast,7,9,7.187112763320945,Jersey City,New Haven
1768831921,,rule_based,EVT-0039,2023-11-03,METABOLIC_GLP1_INJ,rheumatology,Northeast,236.0,,False,,,Northeast,,11,,,Rochester,
1806707737,1233281843,rule_based,EVT-0039,2023-11-03,METABOLIC_GLP1_INJ,primary care,West,99.83333333333333,109.33333333333333,True,1,primary care,West,West,9,8,9.51585976627713,Boulder,Eugene
1901019392,,rule_based,EVT-0039,2023-11-03,METABOLIC_GLP1_INJ,cardiology,West,476.5,,False,,,West,,16,,,Portland,
1944079924,1715246280,rule_based,EVT-0039,2023-11-03,METABOLIC_GLP1_INJ,rheumatology,Southeast,107.83333333333333,104.83333333333333,True,1,rheumatology,Southeast,Southeast,14,13,2.7820710973724885,Columbia,Augusta
1955222058,,rule_based,EVT-0039,2023-11-03,METABOLIC_GLP1_INJ,cardiology,Southeast,176.83333333333334,,False,,,Southeast,,4,,,Chattanooga,
1094274762,,rule_based,EVT-0040,2023-11-05,PC_ANTIHYPERTENSIVE,primary care,West,201.83333333333334,,False,,,West,,4,,,Salt Lake City,
1101185407,,rule_based,EVT-0040,2023-11-05,PC_ANTIHYPERTENSIVE,primary care,Midwest,537.8333333333334,,False,,,Midwest,,17,,,Lansing,
1124890801,1209566128,rule_based,EVT-0040,2023-11-05,PC_ANTIHYPERTENSIVE,primary care,Northeast,527.3333333333334,508.0,True,1,primary care,Northeast,Northeast,15,15,3.66624525916562,Hershey,Stamford
1200480071,,rule_based,EVT-0040,2023-11-05,PC_ANTIHYPERTENSIVE,primary care,Northeast,245.83333333333334,,False,,,Northeast,,20,,,Portland,
1227780172,,rule_based,EVT-0040,2023-11-05,PC_ANTIHYPERTENSIVE,primary care,Southwest,951.1666666666666,,False,,,Southwest,,11,,,Scottsdale,
1266945785,,rule_based,EVT-0040,2023-11-05,PC_ANTIHYPERTENSIVE,primary care,West,467.5,,False,,,West,,19,,,San Diego,
1271768685,,rule_based,EVT-0040,2023-11-05,PC_ANTIHYPERTENSIVE,primary care,Midwest,308.6666666666667,,False,,,Midwest,,8,,,St. Paul,
1284061300,,rule_based,EVT-0040,2023-11-05,PC_ANTIHYPERTENSIVE,primary care,West,426.3333333333333,,False,,,West,,21,,,Spokane,
1315385710,,rule_based,EVT-0040,2023-11-05,PC_ANTIHYPERTENSIVE,primary care,Northeast,838.8333333333334,,False,,,Northeast,,20,,,Worcester,
1355374483,1434523506,rule_based,EVT-0040,2023-11-05,PC_ANTIHYPERTENSIVE,primary care,West,307.8333333333333,290.0,True,1,primary care,West,West,3,6,5.793178126691927,Eugene,San Diego
1377426493,1296624285,rule_based,EVT-0040,2023-11-05,PC_ANTIHYPERTENSIVE,primary care,West,229.83333333333334,229.33333333333334,True,1,primary care,West,West,13,11,0.21754894851341552,Portland,Sacramento
1385532449,,rule_based,EVT-0040,2023-11-05,PC_ANTIHYPERTENSIVE,primary care,Southeast,440.8333333333333,,False,,,Southeast,,6,,,Atlanta,
1436505063,,rule_based,EVT-0040,2023-11-05,PC_ANTIHYPERTENSIVE,primary care,Midwest,383.3333333333333,,False,,,Midwest,,12,,,Milwaukee,
1484724632,,rule_based,EVT-0040,2023-11-05,PC_ANTIHYPERTENSIVE,primary care,Northeast,350.5,,False,,,Northeast,,14,,,Princeton,
1536278926,,rule_based,EVT-0040,2023-11-05,PC_ANTIHYPERTENSIVE,primary care,West,576.8333333333334,,False,,,West,,13,,,Provo,
1552813903,,rule_based,EVT-0040,2023-11-05,PC_ANTIHYPERTENSIVE,primary care,Northeast,1384.1666666666667,,False,,,Northeast,,10,,,Newark,
1686880901,,rule_based,EVT-0040,2023-11-05,PC_ANTIHYPERTENSIVE,primary care,West,222.83333333333334,,False,,,West,,13,,,Salt Lake City,
1689916181,1714021262,rule_based,EVT-0040,2023-11-05,PC_ANTIHYPERTENSIVE,primary care,Northeast,424.3333333333333,415.0,True,1,primary care,Northeast,Northeast,6,5,2.1995286724273324,Bangor,Worcester
1752727945,1479078465,rule_based,EVT-0040,2023-11-05,PC_ANTIHYPERTENSIVE,primary care,West,176.83333333333334,169.0,True,1,primary care,West,West,14,12,4.429783223374181,Los Angeles,Portland
1808826295,,rule_based,EVT-0040,2023-11-05,PC_ANTIHYPERTENSIVE,primary care,Southeast,360.0,,False,,,Southeast,,20,,,Miami,
1812815243,,rule_based,EVT-0040,2023-11-05,PC_ANTIHYPERTENSIVE,primary care,Midwest,492.6666666666667,,False,,,Midwest,,7,,,Milwaukee,
1815807585,1838439200,rule_based,EVT-0040,2023-11-05,PC_ANTIHYPERTENSIVE,primary care,Southeast,480.0,493.1666666666667,True,1,primary care,Southeast,Southeast,13,16,2.7430555555555594,Knoxville,Greenville
1844747141,,rule_based,EVT-0040,2023-11-05,PC_ANTIHYPERTENSIVE,primary care,West,233.5,,False,,,West,,12,,,Colorado Springs,
1896554999,,rule_based,EVT-0040,2023-11-05,PC_ANTIHYPERTENSIVE,primary care,West,409.5,,False,,,West,,14,,,Eugene,
1927430854,,rule_based,EVT-0040,2023-11-05,PC_ANTIHYPERTENSIVE,primary care,Southeast,546.8333333333334,,False,,,Southeast,,13,,,Richmond,
1937514325,,rule_based,EVT-0040,2023-11-05,PC_ANTIHYPERTENSIVE,primary care,West,347.3333333333333,,False,,,West,,15,,,Colorado Springs,
1955620046,,rule_based,EVT-0040,2023-11-05,PC_ANTIHYPERTENSIVE,primary care,Southeast,331.6666666666667,,False,,,Southeast,,8,,,Birmingham,
1026722938,,rule_based,EVT-0041,2023-11-10,ENDO_BASAL_INSULIN,endocrinology,Midwest,612.5,,False,,,Midwest,,11,,,Toledo,
1050705288,,rule_based,EVT-0041,2023-11-10,ENDO_BASAL_INSULIN,endocrinology,Southeast,669.1666666666666,,False,,,Southeast,,21,,,Atlanta,
1065091666,1257768279,rule_based,EVT-0041,2023-11-10,ENDO_BASAL_INSULIN,endocrinology,West,195.66666666666666,182.16666666666666,True,1,endocrinology,West,West,9,11,6.899488926746167,Los Angeles,Tacoma
1219516501,,rule_based,EVT-0041,2023-11-10,ENDO_BASAL_INSULIN,endocrinology,Midwest,397.1666666666667,,False,,,Midwest,,7,,,Madison,
1324237324,1702446943,rule_based,EVT-0041,2023-11-10,ENDO_BASAL_INSULIN,endocrinology,West,259.1666666666667,263.6666666666667,True,1,endocrinology,West,West,9,12,1.7363344051446943,Sacramento,Spokane
1330156328,1999506508,rule_based,EVT-0041,2023-11-10,ENDO_BASAL_INSULIN,endocrinology,Southwest,217.83333333333334,214.16666666666666,True,1,endocrinology,Southwest,Southwest,6,4,1.6832440703902152,Santa Fe,Mesa
1361521440,,rule_based,EVT-0041,2023-11-10,ENDO_BASAL_INSULIN,endocrinology,Midwest,280.8333333333333,,False,,,Midwest,,17,,,Green Bay,
1365873573,,rule_based,EVT-0041,2023-11-10,ENDO_BASAL_INSULIN,endocrinology,Southwest,258.0,,False,,,Southwest,,25,,,Tulsa,
1394609428,,rule_based,EVT-0041,2023-11-10,ENDO_BASAL_INSULIN,endocrinology,Southwest,521.0,,False,,,Southwest,,4,,,Reno,
1435662964,,rule_based,EVT-0041,2023-11-10,ENDO_BASAL_INSULIN,endocrinology,West,192.5,,False,,,West,,5,,,Seattle,
1449048093,,rule_based,EVT-0041,2023-11-10,ENDO_BASAL_INSULIN,endocrinology,Northeast,74.66666666666667,,False,,,Northeast,,8,,,Rochester,
1497642888,1333043895,rule_based,EVT-0041,2023-11-10,ENDO_BASAL_INSULIN,endocrinology,Northeast,202.5,210.5,True,1,endocrinology,Northeast,Northeast,10,12,3.950617283950617,Pittsburgh,Albany
1518121706,,rule_based,EVT-0041,2023-11-10,ENDO_BASAL_INSULIN,endocrinology,Southeast,203.5,,False,,,Southeast,,16,,,Charleston,
1677860136,,rule_based,EVT-0041,2023-11-10,ENDO_BASAL_INSULIN,endocrinology,Northeast,279.0,,False,,,Northeast,,5,,,Buffalo,
1704331150,1432188427,rule_based,EVT-0041,2023-11-10,ENDO_BASAL_INSULIN,endocrinology,West,324.3333333333333,326.0,True,1,endocrinology,West,West,11,9,0.5138746145940449,Denver,Salt Lake City
1706991829,,rule_based,EVT-0041,2023-11-10,ENDO_BASAL_INSULIN,endocrinology,Midwest,281.1666666666667,,False,,,Midwest,,19,,,Milwaukee,
1746046261,1708639657,rule_based,EVT-0041,2023-11-10,ENDO_BASAL_INSULIN,endocrinology,Northeast,174.83333333333334,165.0,True,1,endocrinology,Northeast,Northeast,4,7,5.62440419447093,Hershey,Worcester
1768225918,1551107307,rule_based,EVT-0041,2023-11-10,ENDO_BASAL_INSULIN,endocrinology,Midwest,325.6666666666667,310.0,True,1,endocrinology,Midwest,Midwest,9,12,4.810644831115666,South Bend,Peoria
1779411515,1803339427,rule_based,EVT-0041,2023-11-10,ENDO_BASAL_INSULIN,endocrinology,Midwest,296.0,286.6666666666667,True,1,endocrinology,Midwest,Midwest,11,11,3.1531531531531467,Kansas City,Toledo
1803502636,,rule_based,EVT-0041,2023-11-10,ENDO_BASAL_INSULIN,endocrinology,Northeast,230.83333333333334,,False,,,Northeast,,7,,,Princeton,
1180932224,1838439200,rule_based,EVT-0042,2023-11-12,METABOLIC_GLP1_INJ,primary care,Southeast,182.0,178.33333333333334,True,1,primary care,Southeast,Southeast,19,16,2.0146520146520097,Savannah,Greenville
1009179924,,rule_based,EVT-0042,2023-11-12,METABOLIC_GLP1_INJ,cardiology,West,190.16666666666666,,False,,,West,,10,,,Los Angeles,
1025978341,,rule_based,EVT-0042,2023-11-12,METABOLIC_GLP1_INJ,endocrinology,Northeast,221.33333333333334,,False,,,Northeast,,12,,,Hartford,
1026722938,1803339427,rule_based,EVT-0042,2023-11-12,METABOLIC_GLP1_INJ,endocrinology,Midwest,339.5,319.5,True,1,endocrinology,Midwest,Midwest,11,11,5.89101620029455,Toledo,Toledo
1048976678,,rule_based,EVT-0042,2023-11-12,METABOLIC_GLP1_INJ,primary care,Southeast,106.5,,False,,,Southeast,,18,,,Orlando,
1065455036,1642024693,rule_based,EVT-0042,2023-11-12,METABOLIC_GLP1_INJ,rheumatology,Northeast,63.0,68.0,True,1,rheumatology,Northeast,Northeast,13,10,7.936507936507936,Syracuse,Buffalo
1074076039,,rule_based,EVT-0042,2023-11-12,METABOLIC_GLP1_INJ,cardiology,Southeast,212.5,,False,,,Southeast,,12,,,Charlottesville,
1078096579,1057623450,rule_based,EVT-0042,2023-11-12,METABOLIC_GLP1_INJ,cardiology,Midwest,121.0,114.16666666666667,True,1,cardiology,Midwest,Midwest,13,13,5.647382920110189,Rochester,Toledo
1107038659,,rule_based,EVT-0042,2023-11-12,METABOLIC_GLP1_INJ,endocrinology,Northeast,130.0,,False,,,Northeast,,10,,,New York,
1123148250,,rule_based,EVT-0042,2023-11-12,METABOLIC_GLP1_INJ,cardiology,Southwest,292.8333333333333,,False,,,Southwest,,19,,,Austin,
1139166684,,rule_based,EVT-0042,2023-11-12,METABOLIC_GLP1_INJ,pulmonology,Midwest,119.33333333333333,,False,,,Midwest,,5,,,Green Bay,
1194203331,,rule_based,EVT-0042,2023-11-12,METABOLIC_GLP1_INJ,rheumatology,Southeast,293.8333333333333,,False,,,Southeast,,5,,,Columbia,
1202669523,1766730505,rule_based,EVT-0042,2023-11-12,METABOLIC_GLP1_INJ,cardiology,Midwest,237.83333333333334,217.5,True,1,cardiology,Midwest,Midwest,15,12,8.549404344779262,Fort Wayne,Ann Arbor
1265952337,,rule_based,EVT-0042,2023-11-12,METABOLIC_GLP1_INJ,cardiology,Northeast,79.33333333333333,,False,,,Northeast,,22,,,Syracuse,
1271768685,,rule_based,EVT-0042,2023-11-12,METABOLIC_GLP1_INJ,primary care,Midwest,225.66666666666666,,False,,,Midwest,,8,,,St. Paul,
1286477181,1304105269,rule_based,EVT-0042,2023-11-12,METABOLIC_GLP1_INJ,cardiology,Midwest,166.33333333333334,166.33333333333334,True,1,cardiology,Midwest,Midwest,10,11,0.0,Green Bay,Green Bay
1299418347,1350739367,rule_based,EVT-0042,2023-11-12,METABOLIC_GLP1_INJ,cardiology,Northeast,140.0,134.66666666666666,True,1,cardiology,Northeast,Northeast,18,16,3.809523809523816,Springfield,Hershey
1341556789,,rule_based,EVT-0042,2023-11-12,METABOLIC_GLP1_INJ,cardiology,West,264.0,,False,,,West,,17,,,Seattle,
1386514024,1933607412,rule_based,EVT-0042,2023-11-12,METABOLIC_GLP1_INJ,cardiology,West,91.5,96.83333333333333,True,1,cardiology,West,West,10,12,5.828779599271398,Sacramento,Tacoma
1394609428,,rule_based,EVT-0042,2023-11-12,METABOLIC_GLP1_INJ,endocrinology,Southwest,298.3333333333333,,False,,,Southwest,,4,,,Reno,
1455779946,,rule_based,EVT-0042,2023-11-12,METABOLIC_GLP1_INJ,primary care,Southwest,127.33333333333333,,False,,,Southwest,,33,,,Tulsa,
1475115246,,rule_based,EVT-0042,2023-11-12,METABOLIC_GLP1_INJ,cardiology,Southeast,136.5,,False,,,Southeast,,17,,,Macon,
1492077734,,rule_based,EVT-0042,2023-11-12,METABOLIC_GLP1_INJ,cardiology,Midwest,173.16666666666666,,False,,,Midwest,,6,,,Green Bay,
1494868502,,rule_based,EVT-0042,2023-11-12,METABOLIC_GLP1_INJ,cardiology,Southeast,61.166666666666664,,False,,,Southeast,,7,,,Huntsville,
1533003293,1262874856,rule_based,EVT-0042,2023-11-12,METABOLIC_GLP1_INJ,pulmonology,Midwest,113.33333333333333,113.66666666666667,True,1,pulmonology,Midwest,Midwest,5,3,0.2941176470588319,Green Bay,Milwaukee
1557944620,1769234364,rule_based,EVT-0042,2023-11-12,METABOLIC_GLP1_INJ,primary care,Southwest,147.83333333333334,143.83333333333334,True,1,primary care,Southwest,Southwest,21,21,2.705749718151071,Reno,Tulsa
1595774286,,rule_based,EVT-0042,2023-11-12,METABOLIC_GLP1_INJ,rheumatology,Midwest,137.16666666666666,,False,,,Midwest,,13,,,Peoria,
1598661571,1255569448,rule_based,EVT-0042,2023-11-12,METABOLIC_GLP1_INJ,rheumatology,Northeast,83.0,86.66666666666667,True,1,rheumatology,Northeast,Northeast,10,10,4.41767068273093,Stamford,Cambridge
1648553570,,rule_based,EVT-0042,2023-11-12,METABOLIC_GLP1_INJ,cardiology,Southwest,477.3333333333333,,False,,,Southwest,,11,,,Houston,
1670701188,,rule_based,EVT-0042,2023-11-12,METABOLIC_GLP1_INJ,cardiology,Southeast,154.16666666666666,,False,,,Southeast,,7,,,Chattanooga,
1683943777,,rule_based,EVT-0042,2023-11-12,METABOLIC_GLP1_INJ,cardiology,West,233.0,,False,,,West,,8,,,Provo,
1713444978,,rule_based,EVT-0042,2023-11-12,METABOLIC_GLP1_INJ,endocrinology,Midwest,211.16666666666666,,False,,,Midwest,,11,,,Peoria,
1714986282,1185877283,rule_based,EVT-0042,2023-11-12,METABOLIC_GLP1_INJ,cardiology,West,177.83333333333334,177.83333333333334,True,1,cardiology,West,West,10,10,0.0,Tacoma,Portland
1719186219,1416978082,rule_based,EVT-0042,2023-11-12,METABOLIC_GLP1_INJ,oncology,West,120.5,128.33333333333334,True,1,oncology,West,West,14,13,6.500691562932234,Sacramento,Eugene
1727463709,1131525051,rule_based,EVT-0042,2023-11-12,METABOLIC_GLP1_INJ,cardiology,West,61.333333333333336,59.0,True,1,cardiology,West,West,13,16,3.80434782608696,Salt Lake City,Spokane
1747637738,,rule_based,EVT-0042,2023-11-12,METABOLIC_GLP1_INJ,primary care,Midwest,67.16666666666667,,False,,,Midwest,,7,,,Chicago,
1814938340,1751172259,rule_based,EVT-0042,2023-11-12,METABOLIC_GLP1_INJ,cardiology,Southeast,137.83333333333334,144.16666666666666,True,1,cardiology,Southeast,Southeast,13,12,4.594921402660203,Huntsville,Savannah
1824149854,,rule_based,EVT-0042,2023-11-12,METABOLIC_GLP1_INJ,neurology,Southeast,110.33333333333333,,False,,,Southeast,,12,,,Memphis,
1840863041,1775891033,rule_based,EVT-0042,2023-11-12,METABOLIC_GLP1_INJ,oncology,Southeast,55.166666666666664,55.166666666666664,True,1,oncology,Southeast,Southeast,13,12,0.0,Miami,Huntsville
1848624494,1381937048,rule_based,EVT-0042,2023-11-12,METABOLIC_GLP1_INJ,primary care,Midwest,107.0,112.5,True,1,primary care,Midwest,Midwest,14,11,5.14018691588785,Kansas City,Milwaukee
1880265578,1200346587,rule_based,EVT-0042,2023-11-12,METABOLIC_GLP1_INJ,cardiology,Midwest,107.16666666666667,108.5,True,1,cardiology,Midwest,Midwest,11,8,1.2441679626749567,Columbus,Chicago
1880717263,,rule_based,EVT-0042,2023-11-12,METABOLIC_GLP1_INJ,pulmonology,Northeast,128.83333333333334,,False,,,Northeast,,12,,,Portland,
1025978341,,rule_based,EVT-0043,2023-11-12,ENDO_BASAL_INSULIN,endocrinology,Northeast,420.8333333333333,,False,,,Northeast,,12,,,Hartford,
1137408567,,rule_based,EVT-0043,2023-11-12,ENDO_BASAL_INSULIN,endocrinology,Northeast,434.6666666666667,,False,,,Northeast,,10,,,Allentown,
1257723886,,rule_based,EVT-0043,2023-11-12,ENDO_BASAL_INSULIN,endocrinology,Southwest,479.1666666666667,,False,,,Southwest,,11,,,Phoenix,
1324722952,1333043895,rule_based,EVT-0043,2023-11-12,ENDO_BASAL_INSULIN,endocrinology,Northeast,231.5,210.5,True,1,endocrinology,Northeast,Northeast,12,12,9.071274298056156,Stamford,Albany
1361521440,,rule_based,EVT-0043,2023-11-12,ENDO_BASAL_INSULIN,endocrinology,Midwest,280.8333333333333,,False,,,Midwest,,17,,,Green Bay,
1394609428,,rule_based,EVT-0043,2023-11-12,ENDO_BASAL_INSULIN,endocrinology,Southwest,521.0,,False,,,Southwest,,4,,,Reno,
1583696442,,rule_based,EVT-0043,2023-11-12,ENDO_BASAL_INSULIN,endocrinology,West,209.16666666666666,,False,,,West,,18,,,Portland,
1703413967,,rule_based,EVT-0043,2023-11-12,ENDO_BASAL_INSULIN,endocrinology,West,226.16666666666666,,False,,,West,,26,,,Boulder,
1704331150,1432188427,rule_based,EVT-0043,2023-11-12,ENDO_BASAL_INSULIN,endocrinology,West,324.3333333333333,326.0,True,1,endocrinology,West,West,11,9,0.5138746145940449,Denver,Salt Lake City
1749652321,1939526327,rule_based,EVT-0043,2023-11-12,ENDO_BASAL_INSULIN,endocrinology,West,116.83333333333333,118.33333333333333,True,1,endocrinology,West,West,8,9,1.2838801711840229,Colorado Springs,Seattle
1779411515,1803339427,rule_based,EVT-0043,2023-11-12,ENDO_BASAL_INSULIN,endocrinology,Midwest,296.0,286.6666666666667,True,1,endocrinology,Midwest,Midwest,11,11,3.1531531531531467,Kansas City,Toledo
1836314447,1100495849,rule_based,EVT-0043,2023-11-12,ENDO_BASAL_INSULIN,endocrinology,Southeast,383.1666666666667,365.6666666666667,True,1,endocrinology,Southeast,Southeast,5,8,4.5672031317964334,Richmond,Mobile
1993463169,,rule_based,EVT-0043,2023-11-12,ENDO_BASAL_INSULIN,endocrinology,West,213.33333333333334,,False,,,West,,9,,,Seattle,
1041585906,1051073538,rule_based,EVT-0044,2023-11-13,ONC_TARGETED_ORAL,oncology,West,134.0,129.5,True,1,oncology,West,West,8,8,3.3582089552238807,Eugene,Provo
1209464480,1338304433,rule_based,EVT-0044,2023-11-13,ONC_TARGETED_ORAL,oncology,Southeast,395.6666666666667,425.0,True,1,oncology,Southeast,Southeast,16,14,7.413647851727038,Durham,Columbia
1292975558,,rule_based,EVT-0044,2023-11-13,ONC_TARGETED_ORAL,oncology,Northeast,567.5,,False,,,Northeast,,2,,,Stamford,
1358245029,1743803979,rule_based,EVT-0044,2023-11-13,ONC_TARGETED_ORAL,oncology,Midwest,168.5,154.0,True,1,oncology,Midwest,Midwest,17,15,8.605341246290802,South Bend,Cleveland
1758206720,,rule_based,EVT-0044,2023-11-13,ONC_TARGETED_ORAL,oncology,Southwest,185.83333333333334,,False,,,Southwest,,18,,,Tucson,
1811081532,,rule_based,EVT-0044,2023-11-13,ONC_TARGETED_ORAL,oncology,Northeast,168.16666666666666,,False,,,Northeast,,12,,,Philadelphia,
1044666919,,rule_based,EVT-0045,2023-11-14,NEURO_MIGRAINE_CGRP,neurology,Southeast,122.5,,False,,,Southeast,,17,,,Greenville,
1159841240,,rule_based,EVT-0045,2023-11-14,NEURO_MIGRAINE_CGRP,neurology,Southeast,479.3333333333333,,False,,,Southeast,,17,,,Charlotte,
1196385359,1081031506,rule_based,EVT-0045,2023-11-14,NEURO_MIGRAINE_CGRP,neurology,Southwest,335.3333333333333,367.0,True,1,neurology,Southwest,Southwest,12,11,9.443339960238575,San Antonio,Reno
1398789739,,rule_based,EVT-0045,2023-11-14,NEURO_MIGRAINE_CGRP,neurology,Northeast,236.66666666666666,,False,,,Northeast,,26,,,Philadelphia,
1413495239,,rule_based,EVT-0045,2023-11-14,NEURO_MIGRAINE_CGRP,neurology,Southeast,328.6666666666667,,False,,,Southeast,,16,,,Charlotte,
1592062677,,rule_based,EVT-0045,2023-11-14,NEURO_MIGRAINE_CGRP,neurology,Southeast,357.0,,False,,,Southeast,,9,,,Nashville,
1616418756,,rule_based,EVT-0045,2023-11-14,NEURO_MIGRAINE_CGRP,neurology,Northeast,178.83333333333334,,False,,,Northeast,,8,,,Worcester,
1697719783,,rule_based,EVT-0045,2023-11-14,NEURO_MIGRAINE_CGRP,neurology,Southwest,244.33333333333334,,False,,,Southwest,,7,,,Las Vegas,
1728890785,1974446365,rule_based,EVT-0045,2023-11-14,NEURO_MIGRAINE_CGRP,neurology,Southeast,154.16666666666666,141.33333333333334,True,1,neurology,Southeast,Southeast,10,11,8.324324324324312,Charlottesville,Arlington
1836939912,,rule_based,EVT-0045,2023-11-14,NEURO_MIGRAINE_CGRP,neurology,Southeast,179.16666666666666,,False,,,Southeast,,6,,,Savannah,
1980975555,1769764832,rule_based,EVT-0045,2023-11-14,NEURO_MIGRAINE_CGRP,neurology,Northeast,204.83333333333334,211.66666666666666,True,1,neurology,Northeast,Northeast,10,11,3.336045565500397,Bangor,Cambridge
1022312734,1275443434,rule_based,EVT-0046,2023-11-15,METABOLIC_GLP1_INJ,primary care,Midwest,46.333333333333336,45.166666666666664,True,1,primary care,Midwest,Midwest,7,8,2.5179856115108015,Columbia,South Bend
1036327983,1922185990,rule_based,EVT-0046,2023-11-15,METABOLIC_GLP1_INJ,primary care,West,40.0,39.333333333333336,True,1,primary care,West,West,8,6,1.6666666666666607,Portland,Tacoma
1044666919,,rule_based,EVT-0046,2023-11-15,METABOLIC_GLP1_INJ,neurology,Southeast,217.5,,False,,,Southeast,,17,,,Greenville,
1050506165,,rule_based,EVT-0046,2023-11-15,METABOLIC_GLP1_INJ,pulmonology,Southeast,58.833333333333336,,False,,,Southeast,,6,,,Raleigh,
1075036339,1767249513,rule_based,EVT-0046,2023-11-15,METABOLIC_GLP1_INJ,pulmonology,West,31.333333333333332,30.833333333333332,True,1,pulmonology,West,West,5,8,1.595744680851064,Tacoma,Boulder
1075683551,,rule_based,EVT-0046,2023-11-15,METABOLIC_GLP1_INJ,rheumatology,Southeast,200.33333333333334,,False,,,Southeast,,12,,,Chattanooga,
1084471394,,rule_based,EVT-0046,2023-11-15,METABOLIC_GLP1_INJ,primary care,Northeast,253.83333333333334,,False,,,Northeast,,12,,,Springfield,
1098995024,,rule_based,EVT-0046,2023-11-15,METABOLIC_GLP1_INJ,primary care,Northeast,107.5,,False,,,Northeast,,6,,,Pittsburgh,
1101185407,,rule_based,EVT-0046,2023-11-15,METABOLIC_GLP1_INJ,primary care,Midwest,231.0,,False,,,Midwest,,17,,,Lansing,
1133130363,1209566128,rule_based,EVT-0046,2023-11-15,METABOLIC_GLP1_INJ,primary care,Northeast,306.5,298.5,True,1,primary care,Northeast,Northeast,13,15,2.6101141924959217,Hartford,Stamford
1133616429,1020833996,rule_based,EVT-0046,2023-11-15,METABOLIC_GLP1_INJ,neurology,Midwest,63.833333333333336,66.0,True,1,neurology,Midwest,Midwest,10,7,3.3942558746736253,Grand Rapids,South Bend
1170846871,,rule_based,EVT-0046,2023-11-15,METABOLIC_GLP1_INJ,primary care,Southeast,40.333333333333336,,False,,,Southeast,,19,,,Columbia,
1180932224,1838439200,rule_based,EVT-0046,2023-11-15,METABOLIC_GLP1_INJ,primary care,Southeast,182.0,178.33333333333334,True,1,primary care,Southeast,Southeast,19,16,2.0146520146520097,Savannah,Greenville
1246066447,,rule_based,EVT-0046,2023-11-15,METABOLIC_GLP1_INJ,rheumatology,Southwest,323.5,,False,,,Southwest,,28,,,Mesa,
1263807582,,rule_based,EVT-0046,2023-11-15,METABOLIC_GLP1_INJ,primary care,Northeast,285.5,,False,,,Northeast,,7,,,Syracuse,
1264333323,,rule_based,EVT-0046,2023-11-15,METABOLIC_GLP1_INJ,primary care,Northeast,108.66666666666667,,False,,,Northeast,,12,,,New York,
1271768685,,rule_based,EVT-0046,2023-11-15,METABOLIC_GLP1_INJ,primary care,Midwest,225.66666666666666,,False,,,Midwest,,8,,,St. Paul,
1274985831,1795350721,rule_based,EVT-0046,2023-11-15,METABOLIC_GLP1_INJ,rheumatology,Southwest,156.66666666666666,169.66666666666666,True,1,rheumatology,Southwest,Southwest,5,6,8.297872340425533,Tucson,Oklahoma City
1300832031,1977922420,rule_based,EVT-0046,2023-11-15,METABOLIC_GLP1_INJ,cardiology,West,160.5,148.66666666666666,True,1,cardiology,West,West,11,11,7.372793354101772,Spokane,Seattle
1330017819,,rule_based,EVT-0046,2023-11-15,METABOLIC_GLP1_INJ,neurology,Southwest,574.5,,False,,,Southwest,,18,,,Santa Fe,
1333393084,,rule_based,EVT-0046,2023-11-15,METABOLIC_GLP1_INJ,primary care,Midwest,172.16666666666666,,False,,,Midwest,,9,,,Madison,
1334266016,1566276774,rule_based,EVT-0046,2023-11-15,METABOLIC_GLP1_INJ,primary care,Southwest,262.5,257.1666666666667,True,1,primary care,Southwest,Southwest,20,20,2.0317460317460245,Phoenix,Reno
1335670091,,rule_based,EVT-0046,2023-11-15,METABOLIC_GLP1_INJ,primary care,Midwest,47.166666666666664,,False,,,Midwest,,11,,,Indianapolis,
1377426493,,rule_based,EVT-0046,2023-11-15,METABOLIC_GLP1_INJ,primary care,West,224.5,,False,,,West,,13,,,Portland,
1385532449,,rule_based,EVT-0046,2023-11-15,METABOLIC_GLP1_INJ,primary care,Southeast,200.33333333333334,,False,,,Southeast,,6,,,Atlanta,
1386514024,1933607412,rule_based,EVT-0046,2023-11-15,METABOLIC_GLP1_INJ,cardiology,West,91.5,96.83333333333333,True,1,cardiology,West,West,10,12,5.828779599271398,Sacramento,Tacoma
1418997171,,rule_based,EVT-0046,2023-11-15,METABOLIC_GLP1_INJ,primary care,Northeast,271.0,,False,,,Northeast,,18,,,Jersey City,
1423152481,,rule_based,EVT-0046,2023-11-15,METABOLIC_GLP1_INJ,primary care,Southeast,310.5,,False,,,Southeast,,11,,,Chattanooga,
1453128708,,rule_based,EVT-0046,2023-11-15,METABOLIC_GLP1_INJ,endocrinology,Northeast,80.83333333333333,,False,,,Northeast,,22,,,Cambridge,
1475115246,,rule_based,EVT-0046,2023-11-15,METABOLIC_GLP1_INJ,cardiology,Southeast,136.5,,False,,,Southeast,,17,,,Macon,
1506356074,,rule_based,EVT-0046,2023-11-15,METABOLIC_GLP1_INJ,primary care,Midwest,184.16666666666666,,False,,,Midwest,,14,,,Lansing,
1540759788,,rule_based,EVT-0046,2023-11-15,METABOLIC_GLP1_INJ,primary care,Midwest,110.66666666666667,,False,,,Midwest,,6,,,St. Louis,
1595301304,,rule_based,EVT-0046,2023-11-15,METABOLIC_GLP1_INJ,primary care,Southwest,147.66666666666666,,False,,,Southwest,,13,,,Tulsa,
1610820601,,rule_based,EVT-0046,2023-11-15,METABOLIC_GLP1_INJ,primary care,Midwest,78.16666666666667,,False,,,Midwest,,9,,,Lansing,
1616418756,,rule_based,EVT-0046,2023-11-15,METABOLIC_GLP1_INJ,neurology,Northeast,204.5,,False,,,Northeast,,8,,,Worcester,
1635581279,,rule_based,EVT-0046,2023-11-15,METABOLIC_GLP1_INJ,primary care,Southeast,244.0,,False,,,Southeast,,18,,,Charlotte,
1648553570,,rule_based,EVT-0046,2023-11-15,METABOLIC_GLP1_INJ,cardiology,Southwest,477.3333333333333,,False,,,Southwest,,11,,,Houston,
1670701188,,rule_based,EVT-0046,2023-11-15,METABOLIC_GLP1_INJ,cardiology,Southeast,154.16666666666666,,False,,,Southeast,,7,,,Chattanooga,
1714986282,1185877283,rule_based,EVT-0046,2023-11-15,METABOLIC_GLP1_INJ,cardiology,West,177.83333333333334,177.83333333333334,True,1,cardiology,West,West,10,10,0.0,Tacoma,Portland
1721479586,1434523506,rule_based,EVT-0046,2023-11-15,METABOLIC_GLP1_INJ,primary care,West,126.16666666666667,132.83333333333334,True,1,primary care,West,West,8,6,5.28401585204756,San Diego,San Diego
1732527431,1364720148,rule_based,EVT-0046,2023-11-15,METABOLIC_GLP1_INJ,primary care,Southeast,329.1666666666667,298.3333333333333,True,1,primary care,Southeast,Southeast,9,6,9.367088607594948,Arlington,Miami
1742579091,,rule_based,EVT-0046,2023-11-15,METABOLIC_GLP1_INJ,primary care,Northeast,119.5,,False,,,Northeast,,25,,,Bangor,
1747032997,,rule_based,EVT-0046,2023-11-15,METABOLIC_GLP1_INJ,primary care,Northeast,151.5,,False,,,Northeast,,9,,,New York,
1747637738,,rule_based,EVT-0046,2023-11-15,METABOLIC_GLP1_INJ,primary care,Midwest,67.16666666666667,,False,,,Midwest,,7,,,Chicago,
1768225918,1835878442,rule_based,EVT-0046,2023-11-15,METABOLIC_GLP1_INJ,endocrinology,Midwest,110.16666666666667,107.0,True,1,endocrinology,Midwest,Midwest,9,7,2.8744326777609723,South Bend,Rochester
1779411515,,rule_based,EVT-0046,2023-11-15,METABOLIC_GLP1_INJ,endocrinology,Midwest,193.0,,False,,,Midwest,,11,,,Kansas City,
1812815243,,rule_based,EVT-0046,2023-11-15,METABOLIC_GLP1_INJ,primary care,Midwest,202.33333333333334,,False,,,Midwest,,7,,,Milwaukee,
1824172013,,rule_based,EVT-0046,2023-11-15,METABOLIC_GLP1_INJ,primary care,Midwest,627.6666666666666,,False,,,Midwest,,10,,,Grand Rapids,
1880717263,,rule_based,EVT-0046,2023-11-15,METABOLIC_GLP1_INJ,pulmonology,Northeast,128.83333333333334,,False,,,Northeast,,12,,,Portland,
1893020424,,rule_based,EVT-0046,2023-11-15,METABOLIC_GLP1_INJ,neurology,Midwest,249.5,,False,,,Midwest,,16,,,Rockford,
1903798589,,rule_based,EVT-0046,2023-11-15,METABOLIC_GLP1_INJ,primary care,Southwest,278.3333333333333,,False,,,Southwest,,19,,,Austin,
1922670785,,rule_based,EVT-0046,2023-11-15,METABOLIC_GLP1_INJ,primary care,Southeast,329.0,,False,,,Southeast,,30,,,Augusta,
1937514325,1547660377,rule_based,EVT-0046,2023-11-15,METABOLIC_GLP1_INJ,primary care,West,192.16666666666666,192.16666666666666,True,1,primary care,West,West,15,12,0.0,Colorado Springs,Provo
1018018261,,rule_based,EVT-0047,2023-11-23,CV_ANTICOAG_ORAL,primary care,Northeast,280.3333333333333,,False,,,Northeast,,13,,,Newark,
1025231352,,rule_based,EVT-0047,2023-11-23,CV_ANTICOAG_ORAL,rheumatology,Northeast,186.33333333333334,,False,,,Northeast,,6,,,Syracuse,
1101185407,,rule_based,EVT-0047,2023-11-23,CV_ANTICOAG_ORAL,primary care,Midwest,116.5,,False,,,Midwest,,17,,,Lansing,
1123148250,,rule_based,EVT-0047,2023-11-23,CV_ANTICOAG_ORAL,cardiology,Southwest,243.66666666666666,,False,,,Southwest,,19,,,Austin,
1139166684,,rule_based,EVT-0047,2023-11-23,CV_ANTICOAG_ORAL,pulmonology,Midwest,116.83333333333333,,False,,,Midwest,,5,,,Green Bay,
1216575070,,rule_based,EVT-0047,2023-11-23,CV_ANTICOAG_ORAL,primary care,Midwest,176.83333333333334,,False,,,Midwest,,11,,,Columbia,
1268222167,,rule_based,EVT-0047,2023-11-23,CV_ANTICOAG_ORAL,primary care,Midwest,318.3333333333333,,False,,,Midwest,,19,,,Fort Wayne,
1357524945,,rule_based,EVT-0047,2023-11-23,CV_ANTICOAG_ORAL,rheumatology,Midwest,148.5,,False,,,Midwest,,8,,,Detroit,
1358245029,1943531446,rule_based,EVT-0047,2023-11-23,CV_ANTICOAG_ORAL,oncology,Midwest,124.83333333333333,121.16666666666667,True,1,oncology,Midwest,Midwest,17,17,2.9372496662216214,South Bend,Indianapolis
1376656900,1555285877,rule_based,EVT-0047,2023-11-23,CV_ANTICOAG_ORAL,cardiology,Southwest,79.33333333333333,81.83333333333333,True,1,cardiology,Southwest,Southwest,6,8,3.1512605042016806,Tucson,Houston
1394609428,,rule_based,EVT-0047,2023-11-23,CV_ANTICOAG_ORAL,endocrinology,Southwest,341.0,,False,,,Southwest,,4,,,Reno,
1460081361,,rule_based,EVT-0047,2023-11-23,CV_ANTICOAG_ORAL,cardiology,Northeast,141.83333333333334,,False,,,Northeast,,7,,,Bangor,
1467704312,,rule_based,EVT-0047,2023-11-23,CV_ANTICOAG_ORAL,neurology,Northeast,289.6666666666667,,False,,,Northeast,,13,,,Worcester,
1474100561,,rule_based,EVT-0047,2023-11-23,CV_ANTICOAG_ORAL,pulmonology,Midwest,93.16666666666667,,False,,,Midwest,,11,,,Kansas City,
1512844550,,rule_based,EVT-0047,2023-11-23,CV_ANTICOAG_ORAL,neurology,Southwest,153.66666666666666,,False,,,Southwest,,15,,,Tulsa,
1688976343,,rule_based,EVT-0047,2023-11-23,CV_ANTICOAG_ORAL,pulmonology,Southeast,297.6666666666667,,False,,,Southeast,,14,,,Charlotte,
1704492101,,rule_based,EVT-0047,2023-11-23,CV_ANTICOAG_ORAL,oncology,Southeast,42.666666666666664,,False,,,Southeast,,24,,,Savannah,
1719186219,1416978082,rule_based,EVT-0047,2023-11-23,CV_ANTICOAG_ORAL,oncology,West,133.5,125.16666666666667,True,1,oncology,West,West,14,13,6.242197253433205,Sacramento,Eugene
1719574174,1987971524,rule_based,EVT-0047,2023-11-23,CV_ANTICOAG_ORAL,neurology,Midwest,164.0,166.16666666666666,True,1,neurology,Midwest,Midwest,11,10,1.321138211382108,St. Louis,Fort Wayne
1732527431,,rule_based,EVT-0047,2023-11-23,CV_ANTICOAG_ORAL,primary care,Southeast,208.33333333333334,,False,,,Southeast,,9,,,Arlington,
1811081532,1242598583,rule_based,EVT-0047,2023-11-23,CV_ANTICOAG_ORAL,oncology,Northeast,216.0,208.0,True,1,oncology,Northeast,Northeast,12,14,3.7037037037037033,Philadelphia,Worcester
1840863041,,rule_based,EVT-0047,2023-11-23,CV_ANTICOAG_ORAL,oncology,Southeast,223.66666666666666,,False,,,Southeast,,13,,,Miami,
1856406925,1624547729,rule_based,EVT-0047,2023-11-23,CV_ANTICOAG_ORAL,cardiology,Northeast,130.16666666666666,139.5,True,1,cardiology,Northeast,Northeast,12,15,7.1702944942381635,Pittsburgh,Stamford
1880717263,1416644254,rule_based,EVT-0047,2023-11-23,CV_ANTICOAG_ORAL,pulmonology,Northeast,152.33333333333334,143.83333333333334,True,1,pulmonology,Northeast,Northeast,12,10,5.579868708971554,Portland,New York
1934829601,1304105269,rule_based,EVT-0047,2023-11-23,CV_ANTICOAG_ORAL,cardiology,Midwest,207.0,199.33333333333334,True,1,cardiology,Midwest,Midwest,13,11,3.7037037037036993,Toledo,Green Bay
1050705288,,rule_based,EVT-0048,2023-11-23,CV_ANTICOAG_ORAL,endocrinology,Southeast,510.5,,False,,,Southeast,,21,,,Atlanta,
1139166684,,rule_based,EVT-0048,2023-11-23,CV_ANTICOAG_ORAL,pulmonology,Midwest,116.83333333333333,,False,,,Midwest,,5,,,Green Bay,
1202669523,,rule_based,EVT-0048,2023-11-23,CV_ANTICOAG_ORAL,cardiology,Midwest,292.6666666666667,,False,,,Midwest,,15,,,Fort Wayne,
1246066447,,rule_based,EVT-0048,2023-11-23,CV_ANTICOAG_ORAL,rheumatology,Southwest,214.83333333333334,,False,,,Southwest,,28,,,Mesa,
1271768685,1548652282,rule_based,EVT-0048,2023-11-23,CV_ANTICOAG_ORAL,primary care,Midwest,192.83333333333334,208.0,True,1,primary care,Midwest,Midwest,8,5,7.865168539325837,St. Paul,Grand Rapids
1352578078,1132792726,rule_based,EVT-0048,2023-11-23,CV_ANTICOAG_ORAL,pulmonology,Southeast,143.66666666666666,131.83333333333334,True,1,pulmonology,Southeast,Southeast,14,16,8.236658932714604,Huntsville,Knoxville
1369172659,,rule_based,EVT-0048,2023-11-23,CV_ANTICOAG_ORAL,pulmonology,Southeast,50.833333333333336,,False,,,Southeast,,7,,,Charlottesville,
1370467684,1893638738,rule_based,EVT-0048,2023-11-23,CV_ANTICOAG_ORAL,pulmonology,Midwest,65.66666666666667,61.833333333333336,True,1,pulmonology,Midwest,Midwest,8,11,5.837563451776653,South Bend,St. Paul
1433980129,,rule_based,EVT-0048,2023-11-23,CV_ANTICOAG_ORAL,pulmonology,Northeast,50.0,,False,,,Northeast,,4,,,Hershey,
1436505063,1842420535,rule_based,EVT-0048,2023-11-23,CV_ANTICOAG_ORAL,primary care,Midwest,209.16666666666666,227.0,True,1,primary care,Midwest,Midwest,12,11,8.525896414342634,Milwaukee,Springfield
1478412079,,rule_based,EVT-0048,2023-11-23,CV_ANTICOAG_ORAL,cardiology,Midwest,174.83333333333334,,False,,,Midwest,,18,,,Chicago,
1492077734,,rule_based,EVT-0048,2023-11-23,CV_ANTICOAG_ORAL,cardiology,Midwest,470.3333333333333,,False,,,Midwest,,6,,,Green Bay,
1533003293,,rule_based,EVT-0048,2023-11-23,CV_ANTICOAG_ORAL,pulmonology,Midwest,327.8333333333333,,False,,,Midwest,,5,,,Green Bay,
1547112395,,rule_based,EVT-0048,2023-11-23,CV_ANTICOAG_ORAL,pulmonology,Midwest,54.833333333333336,,False,,,Midwest,,10,,,Indianapolis,
1592062677,1095874958,rule_based,EVT-0048,2023-11-23,CV_ANTICOAG_ORAL,neurology,Southeast,200.33333333333334,215.16666666666666,True,1,neurology,Southeast,Southeast,9,8,7.404326123128111,Nashville,Tampa
1598661571,1105435741,rule_based,EVT-0048,2023-11-23,CV_ANTICOAG_ORAL,rheumatology,Northeast,178.83333333333334,164.0,True,1,rheumatology,Northeast,Northeast,10,8,8.294501397949679,Stamford,Rochester
1616418756,1769764832,rule_based,EVT-0048,2023-11-23,CV_ANTICOAG_ORAL,neurology,Northeast,184.33333333333334,179.33333333333334,True,1,neurology,Northeast,Northeast,8,11,2.7124773960216997,Worcester,Cambridge
1767249513,1738916414,rule_based,EVT-0048,2023-11-23,CV_ANTICOAG_ORAL,pulmonology,West,273.3333333333333,252.5,True,1,pulmonology,West,West,8,10,7.621951219512189,Boulder,San Jose
1785764022,1242598583,rule_based,EVT-0048,2023-11-23,CV_ANTICOAG_ORAL,oncology,Northeast,201.5,208.0,True,1,oncology,Northeast,Northeast,17,14,3.225806451612903,Bangor,Worcester
1787619711,,rule_based,EVT-0048,2023-11-23,CV_ANTICOAG_ORAL,cardiology,Midwest,351.0,,False,,,Midwest,,13,,,St. Paul,
1903798589,,rule_based,EVT-0048,2023-11-23,CV_ANTICOAG_ORAL,primary care,Southwest,216.5,,False,,,Southwest,,19,,,Austin,
1934763735,1041640354,rule_based,EVT-0048,2023-11-23,CV_ANTICOAG_ORAL,cardiology,Midwest,260.8333333333333,260.6666666666667,True,1,cardiology,Midwest,Midwest,7,5,0.06389776357826023,Rockford,Detroit
1993367014,,rule_based,EVT-0048,2023-11-23,CV_ANTICOAG_ORAL,pulmonology,Midwest,165.5,,False,,,Midwest,,9,,,Ann Arbor,
1444774099,,rule_based,EVT-0051,2023-11-28,CARD_HF_ARNI,cardiology,West,156.83333333333334,,False,,,West,,27,,,Salt Lake City,
1103232447,1618352078,rule_based,EVT-0049,2023-11-27,NEURO_MIGRAINE_CGRP,neurology,Southwest,183.33333333333334,190.16666666666666,True,1,neurology,Southwest,Southwest,11,11,3.7272727272727164,Phoenix,Austin
1159841240,,rule_based,EVT-0049,2023-11-27,NEURO_MIGRAINE_CGRP,neurology,Southeast,479.3333333333333,,False,,,Southeast,,17,,,Charlotte,
1409867656,1527981900,rule_based,EVT-0049,2023-11-27,NEURO_MIGRAINE_CGRP,neurology,Northeast,181.33333333333334,169.5,True,1,neurology,Northeast,Northeast,11,14,6.525735294117652,Princeton,Syracuse
1512844550,,rule_based,EVT-0049,2023-11-27,NEURO_MIGRAINE_CGRP,neurology,Southwest,238.0,,False,,,Southwest,,15,,,Tulsa,
1592062677,,rule_based,EVT-0049,2023-11-27,NEURO_MIGRAINE_CGRP,neurology,Southeast,357.0,,False,,,Southeast,,9,,,Nashville,
1635476009,,rule_based,EVT-0049,2023-11-27,NEURO_MIGRAINE_CGRP,neurology,Northeast,193.33333333333334,,False,,,Northeast,,18,,,Hartford,
1769764832,1879821175,rule_based,EVT-0049,2023-11-27,NEURO_MIGRAINE_CGRP,neurology,Northeast,211.66666666666666,222.33333333333334,True,1,neurology,Northeast,Northeast,11,12,5.039370078740166,Cambridge,Camden
1921646299,1081031506,rule_based,EVT-0049,2023-11-27,NEURO_MIGRAINE_CGRP,neurology,Southwest,396.6666666666667,367.0,True,1,neurology,Southwest,Southwest,9,11,7.478991596638659,Oklahoma City,Reno
1041585906,1424541534,rule_based,EVT-0050,2023-11-27,METABOLIC_GLP1_INJ,oncology,West,68.83333333333333,66.0,True,1,oncology,West,West,8,10,4.116222760290551,Eugene,Provo
1139166684,,rule_based,EVT-0050,2023-11-27,METABOLIC_GLP1_INJ,pulmonology,Midwest,119.33333333333333,,False,,,Midwest,,5,,,Green Bay,
1198262952,,rule_based,EVT-0050,2023-11-27,METABOLIC_GLP1_INJ,pulmonology,Northeast,80.83333333333333,,False,,,Northeast,,5,,,Hartford,
1238983617,1113953065,rule_based,EVT-0050,2023-11-27,METABOLIC_GLP1_INJ,pulmonology,Southeast,138.83333333333334,137.83333333333334,True,1,pulmonology,Southeast,Southeast,13,11,0.7202881152460985,Memphis,Birmingham
1246448348,,rule_based,EVT-0050,2023-11-27,METABOLIC_GLP1_INJ,cardiology,Southeast,239.16666666666666,,False,,,Southeast,,11,,,Orlando,
1264333323,,rule_based,EVT-0050,2023-11-27,METABOLIC_GLP1_INJ,primary care,Northeast,108.66666666666667,,False,,,Northeast,,12,,,New York,
1273912869,1524065749,rule_based,EVT-0050,2023-11-27,METABOLIC_GLP1_INJ,rheumatology,Northeast,99.66666666666667,103.0,True,1,rheumatology,Northeast,Northeast,16,16,3.3444816053511657,Stamford,Worcester
1315385710,,rule_based,EVT-0050,2023-11-27,METABOLIC_GLP1_INJ,primary care,Northeast,372.6666666666667,,False,,,Northeast,,20,,,Worcester,
1389574017,,rule_based,EVT-0050,2023-11-27,METABOLIC_GLP1_INJ,pulmonology,Southwest,140.5,,False,,,Southwest,,8,,,Scottsdale,
1533003293,1262874856,rule_based,EVT-0050,2023-11-27,METABOLIC_GLP1_INJ,pulmonology,Midwest,113.33333333333333,113.66666666666667,True,1,pulmonology,Midwest,Midwest,5,3,0.2941176470588319,Green Bay,Milwaukee
1592123891,,rule_based,EVT-0050,2023-11-27,METABOLIC_GLP1_INJ,primary care,Northeast,97.0,,False,,,Northeast,,18,,,Allentown,
1616839134,,rule_based,EVT-0050,2023-11-27,METABOLIC_GLP1_INJ,rheumatology,Northeast,197.83333333333334,,False,,,Northeast,,10,,,New Haven,
1644815767,,rule_based,EVT-0050,2023-11-27,METABOLIC_GLP1_INJ,primary care,West,234.66666666666666,,False,,,West,,16,,,Tacoma,
1645233598,,rule_based,EVT-0050,2023-11-27,METABOLIC_GLP1_INJ,endocrinology,Northeast,314.0,,False,,,Northeast,,10,,,Boston,
1655727265,,rule_based,EVT-0050,2023-11-27,METABOLIC_GLP1_INJ,pulmonology,Northeast,76.83333333333333,,False,,,Northeast,,12,,,Bangor,
1681501296,,rule_based,EVT-0050,2023-11-27,METABOLIC_GLP1_INJ,pulmonology,West,62.166666666666664,,False,,,West,,8,,,Spokane,
1688976343,,rule_based,EVT-0050,2023-11-27,METABOLIC_GLP1_INJ,pulmonology,Southeast,219.66666666666666,,False,,,Southeast,,14,,,Charlotte,
1742859469,,rule_based,EVT-0050,2023-11-27,METABOLIC_GLP1_INJ,pulmonology,West,186.83333333333334,,False,,,West,,2,,,Spokane,
1779411515,,rule_based,EVT-0050,2023-11-27,METABOLIC_GLP1_INJ,endocrinology,Midwest,193.0,,False,,,Midwest,,11,,,Kansas City,
1808826295,,rule_based,EVT-0050,2023-11-27,METABOLIC_GLP1_INJ,primary care,Southeast,196.66666666666666,,False,,,Southeast,,20,,,Miami,
1844747141,,rule_based,EVT-0050,2023-11-27,METABOLIC_GLP1_INJ,primary care,West,317.3333333333333,,False,,,West,,12,,,Colorado Springs,
1854852153,,rule_based,EVT-0050,2023-11-27,METABOLIC_GLP1_INJ,pulmonology,Southwest,204.5,,False,,,Southwest,,17,,,Houston,
1923786978,,rule_based,EVT-0050,2023-11-27,METABOLIC_GLP1_INJ,cardiology,Southeast,176.16666666666666,,False,,,Southeast,,15,,,Nashville,
1944079924,1715246280,rule_based,EVT-0050,2023-11-27,METABOLIC_GLP1_INJ,rheumatology,Southeast,107.83333333333333,104.83333333333333,True,1,rheumatology,Southeast,Southeast,14,13,2.7820710973724885,Columbia,Augusta
1123148250,,rule_based,EVT-0051,2023-11-28,CARD_HF_ARNI,cardiology,Southwest,205.33333333333334,,False,,,Southwest,,19,,,Austin,
1475115246,,rule_based,EVT-0051,2023-11-28,CARD_HF_ARNI,cardiology,Southeast,526.3333333333334,,False,,,Southeast,,17,,,Macon,
1655321622,,rule_based,EVT-0051,2023-11-28,CARD_HF_ARNI,cardiology,Northeast,313.6666666666667,,False,,,Northeast,,19,,,Worcester,
1657725655,,rule_based,EVT-0051,2023-11-28,CARD_HF_ARNI,cardiology,West,533.6666666666666,,False,,,West,,13,,,Seattle,
1710163217,,rule_based,EVT-0051,2023-11-28,CARD_HF_ARNI,cardiology,Northeast,250.16666666666666,,False,,,Northeast,,11,,,Albany,
1908127628,1743431961,rule_based,EVT-0051,2023-11-28,CARD_HF_ARNI,cardiology,Southeast,160.33333333333334,161.0,True,1,cardiology,Southeast,Southeast,14,14,0.41580041580040983,Mobile,Charleston
1467704312,,rule_based,EVT-0049,2023-11-27,NEURO_MIGRAINE_CGRP,neurology,Northeast,193.5,,False,,,Northeast,,13,,,Worcester,
1123148250,,rule_based,EVT-0052,2023-12-06,CARD_HF_ARNI,cardiology,Southwest,215.66666666666666,,False,,,Southwest,,19,,,Austin,
1368009035,1056679651,rule_based,EVT-0052,2023-12-06,CARD_HF_ARNI,cardiology,Northeast,260.1666666666667,257.6666666666667,True,1,cardiology,Northeast,Northeast,7,6,0.9609224855861626,Philadelphia,Philadelphia
1376656900,1823309871,rule_based,EVT-0052,2023-12-06,CARD_HF_ARNI,cardiology,Southwest,273.3333333333333,300.1666666666667,True,1,cardiology,Southwest,Southwest,6,5,9.817073170731721,Tucson,San Antonio
1478412079,,rule_based,EVT-0052,2023-12-06,CARD_HF_ARNI,cardiology,Midwest,388.8333333333333,,False,,,Midwest,,18,,,Chicago,
1631526641,,rule_based,EVT-0052,2023-12-06,CARD_HF_ARNI,cardiology,Southwest,217.66666666666666,,False,,,Southwest,,16,,,Oklahoma City,
1648553570,1369949932,rule_based,EVT-0052,2023-12-06,CARD_HF_ARNI,cardiology,Southwest,283.0,287.8333333333333,True,1,cardiology,Southwest,Southwest,11,11,1.7078916372202526,Houston,Dallas
1724092733,,rule_based,EVT-0052,2023-12-06,CARD_HF_ARNI,cardiology,Northeast,369.3333333333333,,False,,,Northeast,,5,,,Pittsburgh,
1934829601,1083149777,rule_based,EVT-0052,2023-12-06,CARD_HF_ARNI,cardiology,Midwest,296.5,303.8333333333333,True,1,cardiology,Midwest,Midwest,13,11,2.473299606520511,Toledo,Columbus
1969108517,1656483868,rule_based,EVT-0052,2023-12-06,CARD_HF_ARNI,cardiology,Midwest,195.0,213.33333333333334,True,1,cardiology,Midwest,Midwest,12,10,9.401709401709407,Minneapolis,Rochester
1018018261,,rule_based,EVT-0053,2023-12-06,PC_ANTIHYPERTENSIVE,primary care,Northeast,402.6666666666667,,False,,,Northeast,,13,,,Newark,
1048976678,,rule_based,EVT-0053,2023-12-06,PC_ANTIHYPERTENSIVE,primary care,Southeast,390.8333333333333,,False,,,Southeast,,18,,,Orlando,
1084919582,,rule_based,EVT-0053,2023-12-06,PC_ANTIHYPERTENSIVE,primary care,Southeast,381.6666666666667,,False,,,Southeast,,12,,,Nashville,
1190842652,1219172859,rule_based,EVT-0053,2023-12-06,PC_ANTIHYPERTENSIVE,primary care,Southwest,175.66666666666666,191.66666666666666,True,1,primary care,Southwest,Southwest,10,13,9.108159392789373,Las Vegas,Austin
1216575070,,rule_based,EVT-0053,2023-12-06,PC_ANTIHYPERTENSIVE,primary care,Midwest,455.3333333333333,,False,,,Midwest,,11,,,Columbia,
1227780172,,rule_based,EVT-0053,2023-12-06,PC_ANTIHYPERTENSIVE,primary care,Southwest,1016.1666666666666,,False,,,Southwest,,11,,,Scottsdale,
1264333323,1209566128,rule_based,EVT-0053,2023-12-06,PC_ANTIHYPERTENSIVE,primary care,Northeast,523.8333333333334,529.3333333333334,True,1,primary care,Northeast,Northeast,12,15,1.0499522748965955,New York,Stamford
1355374483,1434523506,rule_based,EVT-0053,2023-12-06,PC_ANTIHYPERTENSIVE,primary care,West,317.5,296.6666666666667,True,1,primary care,West,West,3,6,6.561679790026241,Eugene,San Diego
1385532449,,rule_based,EVT-0053,2023-12-06,PC_ANTIHYPERTENSIVE,primary care,Southeast,476.8333333333333,,False,,,Southeast,,6,,,Atlanta,
1397955463,,rule_based,EVT-0053,2023-12-06,PC_ANTIHYPERTENSIVE,primary care,Southeast,429.0,,False,,,Southeast,,14,,,Chattanooga,
1418997171,,rule_based,EVT-0053,2023-12-06,PC_ANTIHYPERTENSIVE,primary care,Northeast,480.0,,False,,,Northeast,,18,,,Jersey City,
1423152481,1363342464,rule_based,EVT-0053,2023-12-06,PC_ANTIHYPERTENSIVE,primary care,Southeast,443.1666666666667,443.6666666666667,True,1,primary care,Southeast,Southeast,11,10,0.11282437006393381,Chattanooga,Arlington
1456299035,1174238463,rule_based,EVT-0053,2023-12-06,PC_ANTIHYPERTENSIVE,primary care,Southeast,230.16666666666666,232.16666666666666,True,1,primary care,Southeast,Southeast,15,14,0.8689355539464156,Mobile,Raleigh
1567742360,1939052563,rule_based,EVT-0053,2023-12-06,PC_ANTIHYPERTENSIVE,primary care,West,149.33333333333334,147.5,True,1,primary care,West,West,8,8,1.2276785714285776,Provo,San Jose
1615059528,,rule_based,EVT-0053,2023-12-06,PC_ANTIHYPERTENSIVE,primary care,Southeast,247.16666666666666,,False,,,Southeast,,12,,,Savannah,
1635581279,,rule_based,EVT-0053,2023-12-06,PC_ANTIHYPERTENSIVE,primary care,Southeast,553.8333333333334,,False,,,Southeast,,18,,,Charlotte,
1639269087,1099946885,rule_based,EVT-0053,2023-12-06,PC_ANTIHYPERTENSIVE,primary care,Northeast,209.66666666666666,209.83333333333334,True,1,primary care,Northeast,Northeast,18,18,0.07949125596185323,Buffalo,Hartford
1686880901,1296624285,rule_based,EVT-0053,2023-12-06,PC_ANTIHYPERTENSIVE,primary care,West,232.5,225.66666666666666,True,1,primary care,West,West,13,11,2.939068100358427,Salt Lake City,Sacramento
1721479586,,rule_based,EVT-0053,2023-12-06,PC_ANTIHYPERTENSIVE,primary care,West,395.6666666666667,,False,,,West,,8,,,San Diego,
1725623817,1412773438,rule_based,EVT-0053,2023-12-06,PC_ANTIHYPERTENSIVE,primary care,Southwest,569.3333333333334,588.5,True,1,primary care,Southwest,Southwest,9,12,3.3665105386416796,Las Vegas,Tucson
1808826295,,rule_based,EVT-0053,2023-12-06,PC_ANTIHYPERTENSIVE,primary care,Southeast,402.1666666666667,,False,,,Southeast,,20,,,Miami,
1812815243,,rule_based,EVT-0053,2023-12-06,PC_ANTIHYPERTENSIVE,primary care,Midwest,546.1666666666666,,False,,,Midwest,,7,,,Milwaukee,
1815807585,1838439200,rule_based,EVT-0053,2023-12-06,PC_ANTIHYPERTENSIVE,primary care,Southeast,503.1666666666667,505.3333333333333,True,1,primary care,Southeast,Southeast,13,16,0.43060616098044957,Knoxville,Greenville
1877046932,,rule_based,EVT-0053,2023-12-06,PC_ANTIHYPERTENSIVE,primary care,Northeast,397.1666666666667,,False,,,Northeast,,16,,,Boston,
1922670785,1892083019,rule_based,EVT-0053,2023-12-06,PC_ANTIHYPERTENSIVE,primary care,Southeast,309.1666666666667,319.5,True,1,primary care,Southeast,Southeast,30,27,3.3423180592991852,Augusta,Mobile
1927430854,,rule_based,EVT-0053,2023-12-06,PC_ANTIHYPERTENSIVE,primary care,Southeast,545.1666666666666,,False,,,Southeast,,13,,,Richmond,
1961509027,1184426066,rule_based,EVT-0053,2023-12-06,PC_ANTIHYPERTENSIVE,primary care,West,130.16666666666666,130.83333333333334,True,1,primary care,West,West,25,26,0.5121638924455971,Provo,San Francisco
1689916181,1714021262,rule_based,EVT-0053,2023-12-06,PC_ANTIHYPERTENSIVE,primary care,Northeast,448.6666666666667,414.3333333333333,True,1,primary care,Northeast,Northeast,6,5,7.65230312035662,Bangor,Worcester
1011940271,,rule_based,EVT-0054,2023-12-08,ENDO_BASAL_INSULIN,endocrinology,Northeast,197.66666666666666,,False,,,Northeast,,7,,,Princeton,
1025978341,,rule_based,EVT-0054,2023-12-08,ENDO_BASAL_INSULIN,endocrinology,Northeast,450.5,,False,,,Northeast,,12,,,Hartford,
1026722938,,rule_based,EVT-0054,2023-12-08,ENDO_BASAL_INSULIN,endocrinology,Midwest,653.3333333333334,,False,,,Midwest,,11,,,Toledo,
1050705288,,rule_based,EVT-0054,2023-12-08,ENDO_BASAL_INSULIN,endocrinology,Southeast,704.3333333333334,,False,,,Southeast,,21,,,Atlanta,
1136500869,,rule_based,EVT-0054,2023-12-08,ENDO_BASAL_INSULIN,endocrinology,Southeast,247.66666666666666,,False,,,Southeast,,18,,,Arlington,
1137408567,,rule_based,EVT-0054,2023-12-08,ENDO_BASAL_INSULIN,endocrinology,Northeast,430.3333333333333,,False,,,Northeast,,10,,,Allentown,
1267903205,,rule_based,EVT-0054,2023-12-08,ENDO_BASAL_INSULIN,endocrinology,Midwest,148.5,,False,,,Midwest,,23,,,Chicago,
1330156328,1999506508,rule_based,EVT-0054,2023-12-08,ENDO_BASAL_INSULIN,endocrinology,Southwest,230.5,211.5,True,1,endocrinology,Southwest,Southwest,6,4,8.24295010845987,Santa Fe,Mesa
1361521440,1801662945,rule_based,EVT-0054,2023-12-08,ENDO_BASAL_INSULIN,endocrinology,Midwest,279.0,266.0,True,1,endocrinology,Midwest,Midwest,17,14,4.659498207885305,Green Bay,Columbia
1394609428,,rule_based,EVT-0054,2023-12-08,ENDO_BASAL_INSULIN,endocrinology,Southwest,547.8333333333334,,False,,,Southwest,,4,,,Reno,
1435662964,1005067453,rule_based,EVT-0054,2023-12-08,ENDO_BASAL_INSULIN,endocrinology,West,185.16666666666666,168.16666666666666,True,1,endocrinology,West,West,5,8,9.18091809180918,Seattle,Salt Lake City
1551107307,,rule_based,EVT-0054,2023-12-08,ENDO_BASAL_INSULIN,endocrinology,Midwest,323.8333333333333,,False,,,Midwest,,12,,,Peoria,
1704331150,1249126917,rule_based,EVT-0054,2023-12-08,ENDO_BASAL_INSULIN,endocrinology,West,337.3333333333333,339.1666666666667,True,1,endocrinology,West,West,11,10,0.5434782608695765,Denver,Eugene
1717519684,,rule_based,EVT-0054,2023-12-08,ENDO_BASAL_INSULIN,endocrinology,Midwest,371.0,,False,,,Midwest,,22,,,Springfield,
1779411515,1803339427,rule_based,EVT-0054,2023-12-08,ENDO_BASAL_INSULIN,endocrinology,Midwest,304.3333333333333,286.8333333333333,True,1,endocrinology,Midwest,Midwest,11,11,5.7502738225629795,Kansas City,Toledo
1880426881,1730655531,rule_based,EVT-0054,2023-12-08,ENDO_BASAL_INSULIN,endocrinology,Northeast,369.5,377.8333333333333,True,1,endocrinology,Northeast,Northeast,10,9,2.255299954893996,Buffalo,New Haven
1885387740,,rule_based,EVT-0054,2023-12-08,ENDO_BASAL_INSULIN,endocrinology,Northeast,653.0,,False,,,Northeast,,38,,,Syracuse,
1031568581,,rule_based,EVT-0055,2023-12-18,PULM_ICS_LABA_INH,pulmonology,Southeast,451.5,,False,,,Southeast,,5,,,Chattanooga,
1050506165,,rule_based,EVT-0055,2023-12-18,PULM_ICS_LABA_INH,pulmonology,Southeast,287.5,,False,,,Southeast,,6,,,Raleigh,
1075036339,,rule_based,EVT-0055,2023-12-18,PULM_ICS_LABA_INH,pulmonology,West,186.0,,False,,,West,,5,,,Tacoma,
1113023042,,rule_based,EVT-0055,2023-12-18,PULM_ICS_LABA_INH,pulmonology,West,147.0,,False,,,West,,4,,,Tacoma,
1139166684,,rule_based,EVT-0055,2023-12-18,PULM_ICS_LABA_INH,pulmonology,Midwest,253.33333333333334,,False,,,Midwest,,5,,,Green Bay,
1204959187,1502571429,rule_based,EVT-0055,2023-12-18,PULM_ICS_LABA_INH,pulmonology,Southeast,172.66666666666666,184.0,True,1,pulmonology,Southeast,Southeast,11,11,6.56370656370657,Macon,Raleigh
1238983617,,rule_based,EVT-0055,2023-12-18,PULM_ICS_LABA_INH,pulmonology,Southeast,724.6666666666666,,False,,,Southeast,,13,,,Memphis,
1250474354,1149313383,rule_based,EVT-0055,2023-12-18,PULM_ICS_LABA_INH,pulmonology,Southeast,114.0,106.0,True,1,pulmonology,Southeast,Southeast,16,18,7.017543859649122,Augusta,Savannah
1262874856,,rule_based,EVT-0055,2023-12-18,PULM_ICS_LABA_INH,pulmonology,Midwest,111.33333333333333,,False,,,Midwest,,3,,,Milwaukee,
1389574017,,rule_based,EVT-0055,2023-12-18,PULM_ICS_LABA_INH,pulmonology,Southwest,258.6666666666667,,False,,,Southwest,,8,,,Scottsdale,
1433980129,1632734848,rule_based,EVT-0055,2023-12-18,PULM_ICS_LABA_INH,pulmonology,Northeast,265.6666666666667,241.33333333333334,True,1,pulmonology,Northeast,Northeast,4,7,9.159347553324972,Hershey,Albany
1474100561,1798313247,rule_based,EVT-0055,2023-12-18,PULM_ICS_LABA_INH,pulmonology,Midwest,122.16666666666667,122.0,True,1,pulmonology,Midwest,Midwest,11,13,0.136425648021832,Kansas City,Lansing
1533003293,,rule_based,EVT-0055,2023-12-18,PULM_ICS_LABA_INH,pulmonology,Midwest,269.0,,False,,,Midwest,,5,,,Green Bay,
1647700669,1722581836,rule_based,EVT-0055,2023-12-18,PULM_ICS_LABA_INH,pulmonology,West,158.33333333333334,154.83333333333334,True,1,pulmonology,West,West,6,8,2.2105263157894735,Colorado Springs,Seattle
1696606064,,rule_based,EVT-0055,2023-12-18,PULM_ICS_LABA_INH,pulmonology,West,149.83333333333334,,False,,,West,,6,,,Provo,
1704308638,,rule_based,EVT-0055,2023-12-18,PULM_ICS_LABA_INH,pulmonology,Southeast,446.0,,False,,,Southeast,,15,,,Arlington,
1742859469,,rule_based,EVT-0055,2023-12-18,PULM_ICS_LABA_INH,pulmonology,West,296.6666666666667,,False,,,West,,2,,,Spokane,
1761262934,,rule_based,EVT-0055,2023-12-18,PULM_ICS_LABA_INH,pulmonology,Northeast,255.66666666666666,,False,,,Northeast,,22,,,New Haven,
1880717263,,rule_based,EVT-0055,2023-12-18,PULM_ICS_LABA_INH,pulmonology,Northeast,356.8333333333333,,False,,,Northeast,,12,,,Portland,
1889776344,1320611266,rule_based,EVT-0055,2023-12-18,PULM_ICS_LABA_INH,pulmonology,Northeast,204.0,190.66666666666666,True,1,pulmonology,Northeast,Northeast,7,7,6.535947712418305,Camden,Springfield
1169238601,,rule_based,EVT-0056,2023-12-26,CARD_HF_ARNI,cardiology,Midwest,270.0,,False,,,Midwest,,16,,,St. Paul,
1265952337,,rule_based,EVT-0056,2023-12-26,CARD_HF_ARNI,cardiology,Northeast,428.1666666666667,,False,,,Northeast,,22,,,Syracuse,
1286477181,1302899475,rule_based,EVT-0056,2023-12-26,CARD_HF_ARNI,cardiology,Midwest,203.83333333333334,196.16666666666666,True,1,cardiology,Midwest,Midwest,10,7,3.761242845461988,Green Bay,Ann Arbor
1341556789,,rule_based,EVT-0056,2023-12-26,CARD_HF_ARNI,cardiology,West,922.0,,False,,,West,,17,,,Seattle,
1361620622,,rule_based,EVT-0056,2023-12-26,CARD_HF_ARNI,cardiology,West,159.5,,False,,,West,,20,,,Boulder,
1460081361,,rule_based,EVT-0056,2023-12-26,CARD_HF_ARNI,cardiology,Northeast,179.5,,False,,,Northeast,,7,,,Bangor,
1475115246,,rule_based,EVT-0056,2023-12-26,CARD_HF_ARNI,cardiology,Southeast,547.8333333333334,,False,,,Southeast,,17,,,Macon,
1624547729,1860037419,rule_based,EVT-0056,2023-12-26,CARD_HF_ARNI,cardiology,Northeast,243.66666666666666,240.16666666666666,True,1,cardiology,Northeast,Northeast,15,15,1.4363885088919288,Stamford,Syracuse
1648553570,1369949932,rule_based,EVT-0056,2023-12-26,CARD_HF_ARNI,cardiology,Southwest,283.0,287.8333333333333,True,1,cardiology,Southwest,Southwest,11,11,1.7078916372202526,Houston,Dallas
1672904236,1056679651,rule_based,EVT-0056,2023-12-26,CARD_HF_ARNI,cardiology,Northeast,237.0,257.6666666666667,True,1,cardiology,Northeast,Northeast,5,6,8.72011251758088,Philadelphia,Philadelphia
1683943777,,rule_based,EVT-0056,2023-12-26,CARD_HF_ARNI,cardiology,West,346.1666666666667,,False,,,West,,8,,,Provo,
1710163217,,rule_based,EVT-0056,2023-12-26,CARD_HF_ARNI,cardiology,Northeast,256.5,,False,,,Northeast,,11,,,Albany,
1847562299,,rule_based,EVT-0056,2023-12-26,CARD_HF_ARNI,cardiology,Midwest,130.5,,False,,,Midwest,,7,,,St. Louis,
1856406925,1440538092,rule_based,EVT-0056,2023-12-26,CARD_HF_ARNI,cardiology,Northeast,218.33333333333334,200.5,True,1,cardiology,Northeast,Northeast,12,12,8.167938931297714,Pittsburgh,Allentown
1934829601,1083149777,rule_based,EVT-0056,2023-12-26,CARD_HF_ARNI,cardiology,Midwest,296.5,303.8333333333333,True,1,cardiology,Midwest,Midwest,13,11,2.473299606520511,Toledo,Columbus
1969108517,1656483868,rule_based,EVT-0056,2023-12-26,CARD_HF_ARNI,cardiology,Midwest,195.0,213.33333333333334,True,1,cardiology,Midwest,Midwest,12,10,9.401709401709407,Minneapolis,Rochester
1050705288,,rule_based,EVT-0057,2023-12-28,CV_ANTICOAG_ORAL,endocrinology,Southeast,529.6666666666666,,False,,,Southeast,,21,,,Atlanta,
1137408567,,rule_based,EVT-0057,2023-12-28,CV_ANTICOAG_ORAL,endocrinology,Northeast,498.3333333333333,,False,,,Northeast,,10,,,Allentown,
1139166684,,rule_based,EVT-0057,2023-12-28,CV_ANTICOAG_ORAL,pulmonology,Midwest,117.16666666666667,,False,,,Midwest,,5,,,Green Bay,
1145899849,,rule_based,EVT-0057,2023-12-28,CV_ANTICOAG_ORAL,primary care,West,242.16666666666666,,False,,,West,,17,,,Portland,
1170846871,,rule_based,EVT-0057,2023-12-28,CV_ANTICOAG_ORAL,primary care,Southeast,315.8333333333333,,False,,,Southeast,,19,,,Columbia,
1180932224,,rule_based,EVT-0057,2023-12-28,CV_ANTICOAG_ORAL,primary care,Southeast,214.83333333333334,,False,,,Southeast,,19,,,Savannah,
1194203331,,rule_based,EVT-0057,2023-12-28,CV_ANTICOAG_ORAL,rheumatology,Southeast,228.33333333333334,,False,,,Southeast,,5,,,Columbia,
1223523766,,rule_based,EVT-0057,2023-12-28,CV_ANTICOAG_ORAL,primary care,West,29.666666666666668,,False,,,West,,18,,,Seattle,
1227780172,1625192632,rule_based,EVT-0057,2023-12-28,CV_ANTICOAG_ORAL,primary care,Southwest,157.33333333333334,146.16666666666666,True,1,primary care,Southwest,Southwest,11,10,7.097457627118656,Scottsdale,Las Vegas
1271768685,1548652282,rule_based,EVT-0057,2023-12-28,CV_ANTICOAG_ORAL,primary care,Midwest,202.33333333333334,201.83333333333334,True,1,primary care,Midwest,Midwest,8,5,0.2471169686985173,St. Paul,Grand Rapids
1374281198,,rule_based,EVT-0057,2023-12-28,CV_ANTICOAG_ORAL,pulmonology,Southeast,105.5,,False,,,Southeast,,6,,,Augusta,
1425340662,,rule_based,EVT-0057,2023-12-28,CV_ANTICOAG_ORAL,primary care,Southwest,354.0,,False,,,Southwest,,17,,,Austin,
1456299035,1082909627,rule_based,EVT-0057,2023-12-28,CV_ANTICOAG_ORAL,primary care,Southeast,194.16666666666666,188.33333333333334,True,1,primary care,Southeast,Southeast,15,16,3.0042918454935523,Mobile,Atlanta
1484724632,1058325303,rule_based,EVT-0057,2023-12-28,CV_ANTICOAG_ORAL,primary care,Northeast,154.83333333333334,163.0,True,1,primary care,Northeast,Northeast,14,13,5.274488697524213,Princeton,Princeton
1509977165,,rule_based,EVT-0057,2023-12-28,CV_ANTICOAG_ORAL,primary care,Northeast,989.8333333333334,,False,,,Northeast,,27,,,Bangor,
1566888198,,rule_based,EVT-0057,2023-12-28,CV_ANTICOAG_ORAL,primary care,Midwest,243.83333333333334,,False,,,Midwest,,26,,,Ann Arbor,
1567742360,,rule_based,EVT-0057,2023-12-28,CV_ANTICOAG_ORAL,primary care,West,367.3333333333333,,False,,,West,,8,,,Provo,
1621199177,1838439200,rule_based,EVT-0057,2023-12-28,CV_ANTICOAG_ORAL,primary care,Southeast,272.8333333333333,262.5,True,1,primary care,Southeast,Southeast,16,16,3.7874160048869814,Gainesville,Greenville
1639269087,,rule_based,EVT-0057,2023-12-28,CV_ANTICOAG_ORAL,primary care,Northeast,149.16666666666666,,False,,,Northeast,,18,,,Buffalo,
1688976343,,rule_based,EVT-0057,2023-12-28,CV_ANTICOAG_ORAL,pulmonology,Southeast,318.3333333333333,,False,,,Southeast,,14,,,Charlotte,
1725623817,1812123887,rule_based,EVT-0057,2023-12-28,CV_ANTICOAG_ORAL,primary care,Southwest,233.0,243.16666666666666,True,1,primary care,Southwest,Southwest,9,9,4.363376251788265,Las Vegas,Tucson
1785764022,1242598583,rule_based,EVT-0057,2023-12-28,CV_ANTICOAG_ORAL,oncology,Northeast,197.5,195.33333333333334,True,1,oncology,Northeast,Northeast,17,14,1.097046413502105,Bangor,Worcester
1812815243,,rule_based,EVT-0057,2023-12-28,CV_ANTICOAG_ORAL,primary care,Midwest,220.66666666666666,,False,,,Midwest,,7,,,Milwaukee,
1848624494,1842420535,rule_based,EVT-0057,2023-12-28,CV_ANTICOAG_ORAL,primary care,Midwest,222.0,239.83333333333334,True,1,primary care,Midwest,Midwest,14,11,8.033033033033037,Kansas City,Springfield
1922670785,,rule_based,EVT-0057,2023-12-28,CV_ANTICOAG_ORAL,primary care,Southeast,366.1666666666667,,False,,,Southeast,,30,,,Augusta,
1927430854,,rule_based,EVT-0057,2023-12-28,CV_ANTICOAG_ORAL,primary care,Southeast,295.6666666666667,,False,,,Southeast,,13,,,Richmond,
1955620046,,rule_based,EVT-0057,2023-12-28,CV_ANTICOAG_ORAL,primary care,Southeast,243.33333333333334,,False,,,Southeast,,8,,,Birmingham,
1991291398,,rule_based,EVT-0057,2023-12-28,CV_ANTICOAG_ORAL,rheumatology,Southwest,440.3333333333333,,False,,,Southwest,,11,,,Austin,
1019230758,,rule_based,EVT-0058,2023-12-30,NEURO_MIGRAINE_CGRP,neurology,Southwest,154.83333333333334,,False,,,Southwest,,25,,,Reno,
1044379984,1335912683,rule_based,EVT-0058,2023-12-30,NEURO_MIGRAINE_CGRP,neurology,Midwest,245.33333333333334,260.1666666666667,True,1,neurology,Midwest,Midwest,9,11,6.046195652173917,Grand Rapids,St. Paul
1085110611,1901453930,rule_based,EVT-0058,2023-12-30,NEURO_MIGRAINE_CGRP,neurology,West,98.0,92.0,True,1,neurology,West,West,18,17,6.122448979591836,Spokane,Denver
1133616429,,rule_based,EVT-0058,2023-12-30,NEURO_MIGRAINE_CGRP,neurology,Midwest,205.83333333333334,,False,,,Midwest,,10,,,Grand Rapids,
1244876920,1944636921,rule_based,EVT-0058,2023-12-30,NEURO_MIGRAINE_CGRP,neurology,West,98.0,99.33333333333333,True,1,neurology,West,West,6,8,1.36054421768707,Eugene,Palo Alto
1467704312,,rule_based,EVT-0058,2023-12-30,NEURO_MIGRAINE_CGRP,neurology,Northeast,196.33333333333334,,False,,,Northeast,,13,,,Worcester,
1616418756,,rule_based,EVT-0058,2023-12-30,NEURO_MIGRAINE_CGRP,neurology,Northeast,187.16666666666666,,False,,,Northeast,,8,,,Worcester,
1635476009,,rule_based,EVT-0058,2023-12-30,NEURO_MIGRAINE_CGRP,neurology,Northeast,209.83333333333334,,False,,,Northeast,,18,,,Hartford,
1769764832,1914644640,rule_based,EVT-0058,2023-12-30,NEURO_MIGRAINE_CGRP,neurology,Northeast,206.66666666666666,227.16666666666666,True,1,neurology,Northeast,Northeast,11,11,9.919354838709678,Cambridge,Worcester
1199976907,,rule_based,EVT-0059,2024-01-02,RHEUM_JAK_ORAL,rheumatology,Northeast,259.1666666666667,,False,,,Northeast,,15,,,Albany,
1246066447,,rule_based,EVT-0059,2024-01-02,RHEUM_JAK_ORAL,rheumatology,Southwest,478.8333333333333,,False,,,Southwest,,28,,,Mesa,
1274985831,,rule_based,EVT-0059,2024-01-02,RHEUM_JAK_ORAL,rheumatology,Southwest,289.6666666666667,,False,,,Southwest,,5,,,Tucson,
1279507085,,rule_based,EVT-0059,2024-01-02,RHEUM_JAK_ORAL,rheumatology,Southwest,335.8333333333333,,False,,,Southwest,,17,,,San Antonio,
1386832996,1699200295,rule_based,EVT-0059,2024-01-02,RHEUM_JAK_ORAL,rheumatology,West,185.83333333333334,190.66666666666666,True,1,rheumatology,West,West,21,19,2.600896860986537,Spokane,Salt Lake City
1598661571,1775551348,rule_based,EVT-0059,2024-01-02,RHEUM_JAK_ORAL,rheumatology,Northeast,428.8333333333333,423.5,True,1,rheumatology,Northeast,Northeast,10,11,1.243684415079669,Stamford,Newark
1616839134,,rule_based,EVT-0059,2024-01-02,RHEUM_JAK_ORAL,rheumatology,Northeast,853.5,,False,,,Northeast,,10,,,New Haven,
1647196991,,rule_based,EVT-0059,2024-01-02,RHEUM_JAK_ORAL,rheumatology,Southeast,538.6666666666666,,False,,,Southeast,,8,,,Richmond,
1808310134,,rule_based,EVT-0059,2024-01-02,RHEUM_JAK_ORAL,rheumatology,Southwest,321.8333333333333,,False,,,Southwest,,12,,,Santa Fe,
1944079924,,rule_based,EVT-0059,2024-01-02,RHEUM_JAK_ORAL,rheumatology,Southeast,641.1666666666666,,False,,,Southeast,,14,,,Columbia,
1423152481,1363342464,rule_based,EVT-0061,2024-01-04,PC_ANTIHYPERTENSIVE,primary care,Southeast,442.6666666666667,451.1666666666667,True,1,primary care,Southeast,Southeast,11,10,1.9201807228915662,Chattanooga,Arlington
1050705288,,rule_based,EVT-0060,2024-01-04,ENDO_BASAL_INSULIN,endocrinology,Southeast,705.5,,False,,,Southeast,,21,,,Atlanta,
1065091666,,rule_based,EVT-0060,2024-01-04,ENDO_BASAL_INSULIN,endocrinology,West,213.0,,False,,,West,,9,,,Los Angeles,
1076376403,,rule_based,EVT-0060,2024-01-04,ENDO_BASAL_INSULIN,endocrinology,Northeast,560.6666666666666,,False,,,Northeast,,18,,,Boston,
1136500869,,rule_based,EVT-0060,2024-01-04,ENDO_BASAL_INSULIN,endocrinology,Southeast,251.0,,False,,,Southeast,,18,,,Arlington,
1364458855,,rule_based,EVT-0060,2024-01-04,ENDO_BASAL_INSULIN,endocrinology,Southeast,301.0,,False,,,Southeast,,14,,,Columbia,
1449048093,,rule_based,EVT-0060,2024-01-04,ENDO_BASAL_INSULIN,endocrinology,Northeast,80.16666666666667,,False,,,Northeast,,8,,,Rochester,
1453128708,,rule_based,EVT-0060,2024-01-04,ENDO_BASAL_INSULIN,endocrinology,Northeast,316.5,,False,,,Northeast,,22,,,Cambridge,
1455101661,1285330571,rule_based,EVT-0060,2024-01-04,ENDO_BASAL_INSULIN,endocrinology,Southeast,392.6666666666667,360.8333333333333,True,1,endocrinology,Southeast,Southeast,19,18,8.106960950764016,Nashville,Savannah
1666389063,1225504491,rule_based,EVT-0060,2024-01-04,ENDO_BASAL_INSULIN,endocrinology,Midwest,117.83333333333333,124.83333333333333,True,1,endocrinology,Midwest,Midwest,17,14,5.940594059405941,Indianapolis,Madison
1677860136,,rule_based,EVT-0060,2024-01-04,ENDO_BASAL_INSULIN,endocrinology,Northeast,294.3333333333333,,False,,,Northeast,,5,,,Buffalo,
1703413967,,rule_based,EVT-0060,2024-01-04,ENDO_BASAL_INSULIN,endocrinology,West,233.5,,False,,,West,,26,,,Boulder,
1738903891,,rule_based,EVT-0060,2024-01-04,ENDO_BASAL_INSULIN,endocrinology,Southeast,473.1666666666667,,False,,,Southeast,,18,,,Charlotte,
1898803444,,rule_based,EVT-0060,2024-01-04,ENDO_BASAL_INSULIN,endocrinology,West,233.5,,False,,,West,,11,,,Salt Lake City,
1949335115,,rule_based,EVT-0060,2024-01-04,ENDO_BASAL_INSULIN,endocrinology,Southeast,561.5,,False,,,Southeast,,8,,,Nashville,
1084471394,1058325303,rule_based,EVT-0061,2024-01-04,PC_ANTIHYPERTENSIVE,primary care,Northeast,268.3333333333333,286.0,True,1,primary care,Northeast,Northeast,12,13,6.583850931677027,Springfield,Princeton
1101185407,,rule_based,EVT-0061,2024-01-04,PC_ANTIHYPERTENSIVE,primary care,Midwest,576.0,,False,,,Midwest,,17,,,Lansing,
1138281740,1296624285,rule_based,EVT-0061,2024-01-04,PC_ANTIHYPERTENSIVE,primary care,West,227.0,236.83333333333334,True,1,primary care,West,West,10,11,4.331864904552133,Provo,Sacramento
1170846871,,rule_based,EVT-0061,2024-01-04,PC_ANTIHYPERTENSIVE,primary care,Southeast,378.1666666666667,,False,,,Southeast,,19,,,Columbia,
1216575070,,rule_based,EVT-0061,2024-01-04,PC_ANTIHYPERTENSIVE,primary care,Midwest,470.1666666666667,,False,,,Midwest,,11,,,Columbia,
1271768685,,rule_based,EVT-0061,2024-01-04,PC_ANTIHYPERTENSIVE,primary care,Midwest,363.0,,False,,,Midwest,,8,,,St. Paul,
1296552940,,rule_based,EVT-0061,2024-01-04,PC_ANTIHYPERTENSIVE,primary care,Northeast,337.6666666666667,,False,,,Northeast,,8,,,Rochester,
1315385710,,rule_based,EVT-0061,2024-01-04,PC_ANTIHYPERTENSIVE,primary care,Northeast,1010.5,,False,,,Northeast,,20,,,Worcester,
1397955463,,rule_based,EVT-0061,2024-01-04,PC_ANTIHYPERTENSIVE,primary care,Southeast,468.8333333333333,,False,,,Southeast,,14,,,Chattanooga,
1418997171,1209566128,rule_based,EVT-0061,2024-01-04,PC_ANTIHYPERTENSIVE,primary care,Northeast,512.1666666666666,538.5,True,1,primary care,Northeast,Northeast,18,15,5.14155548324114,Jersey City,Stamford
1451968915,1181360912,rule_based,EVT-0061,2024-01-04,PC_ANTIHYPERTENSIVE,primary care,Midwest,251.5,228.83333333333334,True,1,primary care,Midwest,Midwest,12,15,9.01259111994698,Lansing,Rochester
1526669415,,rule_based,EVT-0061,2024-01-04,PC_ANTIHYPERTENSIVE,primary care,Southwest,257.0,,False,,,Southwest,,15,,,Tucson,
1639269087,,rule_based,EVT-0061,2024-01-04,PC_ANTIHYPERTENSIVE,primary care,Northeast,228.0,,False,,,Northeast,,18,,,Buffalo,
1689059347,,rule_based,EVT-0061,2024-01-04,PC_ANTIHYPERTENSIVE,primary care,Southwest,241.0,,False,,,Southwest,,9,,,Reno,
1689916181,,rule_based,EVT-0061,2024-01-04,PC_ANTIHYPERTENSIVE,primary care,Northeast,479.6666666666667,,False,,,Northeast,,6,,,Bangor,
1707435529,,rule_based,EVT-0061,2024-01-04,PC_ANTIHYPERTENSIVE,primary care,Southeast,386.5,,False,,,Southeast,,14,,,Norfolk,
1725623817,1412773438,rule_based,EVT-0061,2024-01-04,PC_ANTIHYPERTENSIVE,primary care,Southwest,602.0,618.6666666666666,True,1,primary care,Southwest,Southwest,9,12,2.7685492801771807,Las Vegas,Tucson
1732527431,,rule_based,EVT-0061,2024-01-04,PC_ANTIHYPERTENSIVE,primary care,Southeast,360.5,,False,,,Southeast,,9,,,Arlington,
1742100898,1166978878,rule_based,EVT-0061,2024-01-04,PC_ANTIHYPERTENSIVE,primary care,Midwest,95.5,87.33333333333333,True,1,primary care,Midwest,Midwest,12,11,8.551483420593373,St. Paul,St. Louis
1747032997,1762971749,rule_based,EVT-0061,2024-01-04,PC_ANTIHYPERTENSIVE,primary care,Northeast,244.5,227.33333333333334,True,1,primary care,Northeast,Northeast,9,9,7.021131561008858,New York,New Haven
1747637738,,rule_based,EVT-0061,2024-01-04,PC_ANTIHYPERTENSIVE,primary care,Midwest,133.16666666666666,,False,,,Midwest,,7,,,Chicago,
1803233885,,rule_based,EVT-0061,2024-01-04,PC_ANTIHYPERTENSIVE,primary care,Southeast,308.3333333333333,,False,,,Southeast,,16,,,Knoxville,
1824172013,,rule_based,EVT-0061,2024-01-04,PC_ANTIHYPERTENSIVE,primary care,Midwest,306.6666666666667,,False,,,Midwest,,10,,,Grand Rapids,
1832506087,,rule_based,EVT-0061,2024-01-04,PC_ANTIHYPERTENSIVE,primary care,Midwest,766.1666666666666,,False,,,Midwest,,14,,,Grand Rapids,
1849328657,,rule_based,EVT-0061,2024-01-04,PC_ANTIHYPERTENSIVE,primary care,Midwest,253.66666666666666,,False,,,Midwest,,22,,,Minneapolis,
1924355757,1352216182,rule_based,EVT-0061,2024-01-04,PC_ANTIHYPERTENSIVE,primary care,Southwest,349.5,334.8333333333333,True,1,primary care,Southwest,Southwest,7,7,4.196471149260854,Albuquerque,Scottsdale
1927430854,1838439200,rule_based,EVT-0061,2024-01-04,PC_ANTIHYPERTENSIVE,primary care,Southeast,565.6666666666666,533.0,True,1,primary care,Southeast,Southeast,13,16,5.774896876841479,Richmond,Greenville
1937514325,,rule_based,EVT-0061,2024-01-04,PC_ANTIHYPERTENSIVE,primary care,West,368.0,,False,,,West,,15,,,Colorado Springs,
1048976678,,rule_based,EVT-0062,2024-01-05,METABOLIC_GLP1_INJ,primary care,Southeast,124.33333333333333,,False,,,Southeast,,18,,,Orlando,
1050705288,1769333869,rule_based,EVT-0062,2024-01-05,METABOLIC_GLP1_INJ,endocrinology,Southeast,156.16666666666666,146.33333333333334,True,1,endocrinology,Southeast,Southeast,21,20,6.296691568836701,Atlanta,Columbia
1076376403,,rule_based,EVT-0062,2024-01-05,METABOLIC_GLP1_INJ,endocrinology,Northeast,154.16666666666666,,False,,,Northeast,,18,,,Boston,
1132792726,,rule_based,EVT-0062,2024-01-05,METABOLIC_GLP1_INJ,pulmonology,Southeast,123.0,,False,,,Southeast,,16,,,Knoxville,
1159841240,,rule_based,EVT-0062,2024-01-05,METABOLIC_GLP1_INJ,neurology,Southeast,124.16666666666667,,False,,,Southeast,,17,,,Charlotte,
1169238601,,rule_based,EVT-0062,2024-01-05,METABOLIC_GLP1_INJ,cardiology,Midwest,173.16666666666666,,False,,,Midwest,,16,,,St. Paul,
1190842652,,rule_based,EVT-0062,2024-01-05,METABOLIC_GLP1_INJ,primary care,Southwest,168.0,,False,,,Southwest,,10,,,Las Vegas,
1204261733,,rule_based,EVT-0062,2024-01-05,METABOLIC_GLP1_INJ,neurology,Southeast,240.5,,False,,,Southeast,,7,,,Chattanooga,
1219516501,,rule_based,EVT-0062,2024-01-05,METABOLIC_GLP1_INJ,endocrinology,Midwest,220.83333333333334,,False,,,Midwest,,7,,,Madison,
1229022169,,rule_based,EVT-0062,2024-01-05,METABOLIC_GLP1_INJ,pulmonology,West,255.66666666666666,,False,,,West,,13,,,Denver,
1250474354,,rule_based,EVT-0062,2024-01-05,METABOLIC_GLP1_INJ,pulmonology,Southeast,55.666666666666664,,False,,,Southeast,,16,,,Augusta,
1358340028,,rule_based,EVT-0062,2024-01-05,METABOLIC_GLP1_INJ,oncology,Southeast,37.833333333333336,,False,,,Southeast,,21,,,Miami,
1389574017,,rule_based,EVT-0062,2024-01-05,METABOLIC_GLP1_INJ,pulmonology,Southwest,151.83333333333334,,False,,,Southwest,,8,,,Scottsdale,
1397955463,,rule_based,EVT-0062,2024-01-05,METABOLIC_GLP1_INJ,primary care,Southeast,515.8333333333334,,False,,,Southeast,,14,,,Chattanooga,
1475115246,,rule_based,EVT-0062,2024-01-05,METABOLIC_GLP1_INJ,cardiology,Southeast,148.83333333333334,,False,,,Southeast,,17,,,Macon,
1645233598,,rule_based,EVT-0062,2024-01-05,METABOLIC_GLP1_INJ,endocrinology,Northeast,369.0,,False,,,Northeast,,10,,,Boston,
1670701188,,rule_based,EVT-0062,2024-01-05,METABOLIC_GLP1_INJ,cardiology,Southeast,165.5,,False,,,Southeast,,7,,,Chattanooga,
1688976343,,rule_based,EVT-0062,2024-01-05,METABOLIC_GLP1_INJ,pulmonology,Southeast,238.33333333333334,,False,,,Southeast,,14,,,Charlotte,
1702497342,,rule_based,EVT-0062,2024-01-05,METABOLIC_GLP1_INJ,endocrinology,Southeast,188.33333333333334,,False,,,Southeast,,9,,,Knoxville,
1704331150,1257768279,rule_based,EVT-0062,2024-01-05,METABOLIC_GLP1_INJ,endocrinology,West,209.83333333333334,211.66666666666666,True,1,endocrinology,West,West,11,11,0.8737092930897448,Denver,Tacoma
1836314447,,rule_based,EVT-0062,2024-01-05,METABOLIC_GLP1_INJ,endocrinology,Southeast,110.0,,False,,,Southeast,,5,,,Richmond,
1880426881,,rule_based,EVT-0062,2024-01-05,METABOLIC_GLP1_INJ,endocrinology,Northeast,161.5,,False,,,Northeast,,10,,,Buffalo,
1002145427,1209566128,rule_based,EVT-0063,2024-01-08,CV_ANTICOAG_ORAL,primary care,Northeast,202.33333333333334,202.5,True,1,primary care,Northeast,Northeast,13,15,0.08237232289950108,Jersey City,Stamford
1048976678,,rule_based,EVT-0063,2024-01-08,CV_ANTICOAG_ORAL,primary care,Southeast,217.5,,False,,,Southeast,,18,,,Orlando,
1050705288,,rule_based,EVT-0063,2024-01-08,CV_ANTICOAG_ORAL,endocrinology,Southeast,533.1666666666666,,False,,,Southeast,,21,,,Atlanta,
1133616429,,rule_based,EVT-0063,2024-01-08,CV_ANTICOAG_ORAL,neurology,Midwest,201.0,,False,,,Midwest,,10,,,Grand Rapids,
1159841240,,rule_based,EVT-0063,2024-01-08,CV_ANTICOAG_ORAL,neurology,Southeast,528.0,,False,,,Southeast,,17,,,Charlotte,
1180932224,,rule_based,EVT-0063,2024-01-08,CV_ANTICOAG_ORAL,primary care,Southeast,229.83333333333334,,False,,,Southeast,,19,,,Savannah,
1189769080,,rule_based,EVT-0063,2024-01-08,CV_ANTICOAG_ORAL,primary care,Northeast,249.0,,False,,,Northeast,,11,,,Stamford,
1241711534,1200096471,rule_based,EVT-0063,2024-01-08,CV_ANTICOAG_ORAL,primary care,Southeast,111.0,112.5,True,1,primary care,Southeast,Southeast,13,10,1.3513513513513513,Columbia,Mobile
1251567115,1428222503,rule_based,EVT-0063,2024-01-08,CV_ANTICOAG_ORAL,primary care,Midwest,117.16666666666667,111.5,True,1,primary care,Midwest,Midwest,8,5,4.836415362731157,Rockford,Milwaukee
1263807582,,rule_based,EVT-0063,2024-01-08,CV_ANTICOAG_ORAL,primary care,Northeast,415.3333333333333,,False,,,Northeast,,7,,,Syracuse,
1341556789,,rule_based,EVT-0063,2024-01-08,CV_ANTICOAG_ORAL,cardiology,West,672.1666666666666,,False,,,West,,17,,,Seattle,
1390939977,,rule_based,EVT-0063,2024-01-08,CV_ANTICOAG_ORAL,rheumatology,Midwest,223.0,,False,,,Midwest,,12,,,St. Paul,
1397955463,1838439200,rule_based,EVT-0063,2024-01-08,CV_ANTICOAG_ORAL,primary care,Southeast,277.0,276.6666666666667,True,1,primary care,Southeast,Southeast,14,16,0.12033694344162973,Chattanooga,Greenville
1425340662,1566276774,rule_based,EVT-0063,2024-01-08,CV_ANTICOAG_ORAL,primary care,Southwest,350.1666666666667,319.5,True,1,primary care,Southwest,Southwest,17,20,8.757734412184679,Austin,Reno
1425610817,,rule_based,EVT-0063,2024-01-08,CV_ANTICOAG_ORAL,primary care,Southeast,66.0,,False,,,Southeast,,3,,,Huntsville,
1449331358,,rule_based,EVT-0063,2024-01-08,CV_ANTICOAG_ORAL,pulmonology,Midwest,74.33333333333333,,False,,,Midwest,,9,,,Lansing,
1456207657,,rule_based,EVT-0063,2024-01-08,CV_ANTICOAG_ORAL,primary care,Midwest,274.0,,False,,,Midwest,,10,,,Minneapolis,
1481247389,,rule_based,EVT-0063,2024-01-08,CV_ANTICOAG_ORAL,primary care,Southeast,185.66666666666666,,False,,,Southeast,,24,,,Winston-Salem,
1526669415,1219172859,rule_based,EVT-0063,2024-01-08,CV_ANTICOAG_ORAL,primary care,Southwest,212.5,212.66666666666666,True,1,primary care,Southwest,Southwest,15,13,0.07843137254901515,Tucson,Austin
1541422121,1630629040,rule_based,EVT-0063,2024-01-08,CV_ANTICOAG_ORAL,endocrinology,Southeast,160.5,150.5,True,1,endocrinology,Southeast,Southeast,6,6,6.230529595015576,Richmond,Greenville
1546151204,,rule_based,EVT-0063,2024-01-08,CV_ANTICOAG_ORAL,primary care,Northeast,118.16666666666667,,False,,,Northeast,,13,,,Newark,
1566888198,,rule_based,EVT-0063,2024-01-08,CV_ANTICOAG_ORAL,primary care,Midwest,258.8333333333333,,False,,,Midwest,,26,,,Ann Arbor,
1592123891,,rule_based,EVT-0063,2024-01-08,CV_ANTICOAG_ORAL,primary care,Northeast,317.0,,False,,,Northeast,,18,,,Allentown,
1610177150,,rule_based,EVT-0063,2024-01-08,CV_ANTICOAG_ORAL,cardiology,Southeast,320.3333333333333,,False,,,Southeast,,19,,,Mobile,
1621199177,1804484495,rule_based,EVT-0063,2024-01-08,CV_ANTICOAG_ORAL,primary care,Southeast,272.0,265.3333333333333,True,2,primary care,Southeast,Southeast,16,16,2.4509803921568696,Gainesville,Winston-Salem
1645233598,,rule_based,EVT-0063,2024-01-08,CV_ANTICOAG_ORAL,endocrinology,Northeast,409.1666666666667,,False,,,Northeast,,10,,,Boston,
1712965692,1611952734,rule_based,EVT-0063,2024-01-08,CV_ANTICOAG_ORAL,neurology,West,93.83333333333333,92.16666666666667,True,1,neurology,West,West,9,6,1.7761989342806292,San Jose,Tacoma
1719574174,1987971524,rule_based,EVT-0063,2024-01-08,CV_ANTICOAG_ORAL,neurology,Midwest,165.5,151.66666666666666,True,1,neurology,Midwest,Midwest,11,10,8.358509566968788,St. Louis,Fort Wayne
1721479586,1873780039,rule_based,EVT-0063,2024-01-08,CV_ANTICOAG_ORAL,primary care,West,241.66666666666666,222.5,True,1,primary care,West,West,8,9,7.931034482758617,San Diego,Provo
1732527431,,rule_based,EVT-0063,2024-01-08,CV_ANTICOAG_ORAL,primary care,Southeast,242.0,,False,,,Southeast,,9,,,Arlington,
1740047711,,rule_based,EVT-0063,2024-01-08,CV_ANTICOAG_ORAL,primary care,Southeast,143.83333333333334,,False,,,Southeast,,13,,,Greenville,
1742579091,,rule_based,EVT-0063,2024-01-08,CV_ANTICOAG_ORAL,primary care,Northeast,278.5,,False,,,Northeast,,25,,,Bangor,
1806479196,,rule_based,EVT-0063,2024-01-08,CV_ANTICOAG_ORAL,primary care,Southwest,174.33333333333334,,False,,,Southwest,,16,,,Oklahoma City,
1808826295,,rule_based,EVT-0063,2024-01-08,CV_ANTICOAG_ORAL,primary care,Southeast,378.3333333333333,,False,,,Southeast,,20,,,Miami,
1812815243,1548652282,rule_based,EVT-0063,2024-01-08,CV_ANTICOAG_ORAL,primary care,Midwest,233.16666666666666,215.83333333333334,True,1,primary care,Midwest,Midwest,7,5,7.433881343817005,Milwaukee,Grand Rapids
1815807585,1082909627,rule_based,EVT-0063,2024-01-08,CV_ANTICOAG_ORAL,primary care,Southeast,179.66666666666666,180.0,True,1,primary care,Southeast,Southeast,13,16,0.18552875695733365,Knoxville,Atlanta
1836314447,,rule_based,EVT-0063,2024-01-08,CV_ANTICOAG_ORAL,endocrinology,Southeast,116.83333333333333,,False,,,Southeast,,5,,,Richmond,
1908168895,1224230882,rule_based,EVT-0063,2024-01-08,CV_ANTICOAG_ORAL,primary care,Southwest,129.16666666666666,116.66666666666667,True,1,primary care,Southwest,Southwest,16,13,9.6774193548387,Albuquerque,Reno
1922670785,,rule_based,EVT-0063,2024-01-08,CV_ANTICOAG_ORAL,primary care,Southeast,372.0,,False,,,Southeast,,30,,,Augusta,
1924355757,,rule_based,EVT-0063,2024-01-08,CV_ANTICOAG_ORAL,primary care,Southwest,365.8333333333333,,False,,,Southwest,,7,,,Albuquerque,
1927430854,,rule_based,EVT-0063,2024-01-08,CV_ANTICOAG_ORAL,primary care,Southeast,328.0,,False,,,Southeast,,13,,,Richmond,
1989798412,1412773438,rule_based,EVT-0063,2024-01-08,CV_ANTICOAG_ORAL,primary care,Southwest,358.3333333333333,355.5,True,1,primary care,Southwest,Southwest,13,12,0.7906976744185994,Las Vegas,Tucson
1074076039,,rule_based,EVT-0064,2024-01-09,CARD_HF_ARNI,cardiology,Southeast,382.5,,False,,,Southeast,,12,,,Charlottesville,
1202669523,,rule_based,EVT-0064,2024-01-09,CARD_HF_ARNI,cardiology,Midwest,307.3333333333333,,False,,,Midwest,,15,,,Fort Wayne,
1265952337,,rule_based,EVT-0064,2024-01-09,CARD_HF_ARNI,cardiology,Northeast,434.8333333333333,,False,,,Northeast,,22,,,Syracuse,
1300832031,1933607412,rule_based,EVT-0064,2024-01-09,CARD_HF_ARNI,cardiology,West,170.16666666666666,178.0,True,1,cardiology,West,West,11,12,4.603330068560241,Spokane,Tacoma
1443520683,1977228745,rule_based,EVT-0064,2024-01-09,CARD_HF_ARNI,cardiology,Midwest,182.83333333333334,173.16666666666666,True,1,cardiology,Midwest,Midwest,9,11,5.28714676390156,Chicago,Madison
1460081361,,rule_based,EVT-0064,2024-01-09,CARD_HF_ARNI,cardiology,Northeast,186.5,,False,,,Northeast,,7,,,Bangor,
1492077734,,rule_based,EVT-0064,2024-01-09,CARD_HF_ARNI,cardiology,Midwest,541.5,,False,,,Midwest,,6,,,Green Bay,
1516074709,,rule_based,EVT-0064,2024-01-09,CARD_HF_ARNI,cardiology,Southwest,343.6666666666667,,False,,,Southwest,,20,,,Phoenix,
1631526641,,rule_based,EVT-0064,2024-01-09,CARD_HF_ARNI,cardiology,Southwest,218.83333333333334,,False,,,Southwest,,16,,,Oklahoma City,
1648553570,1369949932,rule_based,EVT-0064,2024-01-09,CARD_HF_ARNI,cardiology,Southwest,307.1666666666667,305.6666666666667,True,1,cardiology,Southwest,Southwest,11,11,0.48833423765599565,Houston,Dallas
1670701188,,rule_based,EVT-0064,2024-01-09,CARD_HF_ARNI,cardiology,Southeast,461.8333333333333,,False,,,Southeast,,7,,,Chattanooga,
1732000645,,rule_based,EVT-0064,2024-01-09,CARD_HF_ARNI,cardiology,Southwest,495.3333333333333,,False,,,Southwest,,8,,,Scottsdale,
1787619711,,rule_based,EVT-0064,2024-01-09,CARD_HF_ARNI,cardiology,Midwest,609.5,,False,,,Midwest,,13,,,St. Paul,
1934763735,,rule_based,EVT-0064,2024-01-09,CARD_HF_ARNI,cardiology,Midwest,162.16666666666666,,False,,,Midwest,,7,,,Rockford,
1934829601,1766730505,rule_based,EVT-0064,2024-01-09,CARD_HF_ARNI,cardiology,Midwest,314.6666666666667,321.3333333333333,True,1,cardiology,Midwest,Midwest,13,12,2.118644067796598,Toledo,Ann Arbor
1002145427,1209566128,rule_based,EVT-0065,2024-01-09,CV_ANTICOAG_ORAL,primary care,Northeast,202.33333333333334,202.5,True,1,primary care,Northeast,Northeast,13,15,0.08237232289950108,Jersey City,Stamford
1026722938,,rule_based,EVT-0065,2024-01-09,CV_ANTICOAG_ORAL,endocrinology,Midwest,348.3333333333333,,False,,,Midwest,,11,,,Toledo,
1040239976,,rule_based,EVT-0065,2024-01-09,CV_ANTICOAG_ORAL,rheumatology,Northeast,126.5,,False,,,Northeast,,24,,,New York,
1101185407,,rule_based,EVT-0065,2024-01-09,CV_ANTICOAG_ORAL,primary care,Midwest,128.83333333333334,,False,,,Midwest,,17,,,Lansing,
1136500869,,rule_based,EVT-0065,2024-01-09,CV_ANTICOAG_ORAL,endocrinology,Southeast,320.8333333333333,,False,,,Southeast,,18,,,Arlington,
1137408567,,rule_based,EVT-0065,2024-01-09,CV_ANTICOAG_ORAL,endocrinology,Northeast,528.3333333333334,,False,,,Northeast,,10,,,Allentown,
1144669185,,rule_based,EVT-0065,2024-01-09,CV_ANTICOAG_ORAL,primary care,Northeast,638.3333333333334,,False,,,Northeast,,16,,,Allentown,
1198262952,,rule_based,EVT-0065,2024-01-09,CV_ANTICOAG_ORAL,pulmonology,Northeast,189.5,,False,,,Northeast,,5,,,Hartford,
1213511599,,rule_based,EVT-0065,2024-01-09,CV_ANTICOAG_ORAL,primary care,Northeast,781.0,,False,,,Northeast,,30,,,Bangor,
1259584955,1468815406,rule_based,EVT-0065,2024-01-09,CV_ANTICOAG_ORAL,oncology,Northeast,103.16666666666667,106.16666666666667,True,1,oncology,Northeast,Northeast,12,14,2.9079159935379644,Boston,Bangor
1271768685,1548652282,rule_based,EVT-0065,2024-01-09,CV_ANTICOAG_ORAL,primary care,Midwest,210.33333333333334,215.83333333333334,True,1,primary care,Midwest,Midwest,8,5,2.6148969889064975,St. Paul,Grand Rapids
1287287258,1842420535,rule_based,EVT-0065,2024-01-09,CV_ANTICOAG_ORAL,primary care,Midwest,223.0,227.16666666666666,True,1,primary care,Midwest,Midwest,9,11,1.8684603886397568,Columbus,Springfield
1293643247,,rule_based,EVT-0065,2024-01-09,CV_ANTICOAG_ORAL,cardiology,Midwest,156.66666666666666,,False,,,Midwest,,4,,,St. Louis,
1330017819,,rule_based,EVT-0065,2024-01-09,CV_ANTICOAG_ORAL,neurology,Southwest,208.83333333333334,,False,,,Southwest,,18,,,Santa Fe,
1335670091,,rule_based,EVT-0065,2024-01-09,CV_ANTICOAG_ORAL,primary care,Midwest,297.1666666666667,,False,,,Midwest,,11,,,Indianapolis,
1385532449,1997693654,rule_based,EVT-0065,2024-01-09,CV_ANTICOAG_ORAL,primary care,Southeast,159.83333333333334,169.83333333333334,True,1,primary care,Southeast,Southeast,6,6,6.256517205422314,Atlanta,Columbia
1394609428,,rule_based,EVT-0065,2024-01-09,CV_ANTICOAG_ORAL,endocrinology,Southwest,403.5,,False,,,Southwest,,4,,,Reno,
1425340662,1566276774,rule_based,EVT-0065,2024-01-09,CV_ANTICOAG_ORAL,primary care,Southwest,350.1666666666667,319.5,True,1,primary care,Southwest,Southwest,17,20,8.757734412184679,Austin,Reno
1436505063,,rule_based,EVT-0065,2024-01-09,CV_ANTICOAG_ORAL,primary care,Midwest,255.66666666666666,,False,,,Midwest,,12,,,Milwaukee,
1523498065,1174238463,rule_based,EVT-0065,2024-01-09,CV_ANTICOAG_ORAL,primary care,Southeast,100.33333333333333,96.16666666666667,True,1,primary care,Southeast,Southeast,15,14,4.152823920265771,Columbia,Raleigh
1523681389,1275443434,rule_based,EVT-0065,2024-01-09,CV_ANTICOAG_ORAL,primary care,Midwest,68.16666666666667,64.33333333333333,True,1,primary care,Midwest,Midwest,8,8,5.6234718826406,Milwaukee,South Bend
1555906795,,rule_based,EVT-0065,2024-01-09,CV_ANTICOAG_ORAL,pulmonology,Midwest,211.5,,False,,,Midwest,,13,,,Green Bay,
1685524518,,rule_based,EVT-0065,2024-01-09,CV_ANTICOAG_ORAL,primary care,Southeast,126.33333333333333,,False,,,Southeast,,4,,,Mobile,
1689916181,,rule_based,EVT-0065,2024-01-09,CV_ANTICOAG_ORAL,primary care,Northeast,184.66666666666666,,False,,,Northeast,,6,,,Bangor,
1752727945,1547660377,rule_based,EVT-0065,2024-01-09,CV_ANTICOAG_ORAL,primary care,West,108.83333333333333,103.16666666666667,True,1,primary care,West,West,14,12,5.206738131699838,Los Angeles,Provo
1768225918,,rule_based,EVT-0065,2024-01-09,CV_ANTICOAG_ORAL,endocrinology,Midwest,182.33333333333334,,False,,,Midwest,,9,,,South Bend,
1824172013,,rule_based,EVT-0065,2024-01-09,CV_ANTICOAG_ORAL,primary care,Midwest,261.8333333333333,,False,,,Midwest,,10,,,Grand Rapids,
1840863041,,rule_based,EVT-0065,2024-01-09,CV_ANTICOAG_ORAL,oncology,Southeast,224.83333333333334,,False,,,Southeast,,13,,,Miami,
1848624494,,rule_based,EVT-0065,2024-01-09,CV_ANTICOAG_ORAL,primary care,Midwest,223.0,,False,,,Midwest,,14,,,Kansas City,
1856406925,1746587884,rule_based,EVT-0065,2024-01-09,CV_ANTICOAG_ORAL,cardiology,Northeast,144.83333333333334,144.0,True,1,cardiology,Northeast,Northeast,12,12,0.5753739930955186,Pittsburgh,Pittsburgh
1856601467,,rule_based,EVT-0065,2024-01-09,CV_ANTICOAG_ORAL,neurology,West,63.833333333333336,,False,,,West,,27,,,Portland,
1934829601,1304105269,rule_based,EVT-0065,2024-01-09,CV_ANTICOAG_ORAL,cardiology,Midwest,218.5,197.0,True,1,cardiology,Midwest,Midwest,13,11,9.839816933638444,Toledo,Green Bay
1989798412,1412773438,rule_based,EVT-0065,2024-01-09,CV_ANTICOAG_ORAL,primary care,Southwest,358.3333333333333,355.5,True,1,primary care,Southwest,Southwest,13,12,0.7906976744185994,Las Vegas,Tucson
1969108517,,rule_based,EVT-0065,2024-01-09,CV_ANTICOAG_ORAL,cardiology,Midwest,233.0,,False,,,Midwest,,12,,,Minneapolis,
1025231352,,rule_based,EVT-0066,2024-01-11,RHEUM_JAK_ORAL,rheumatology,Northeast,255.83333333333334,,False,,,Northeast,,6,,,Syracuse,
1199976907,,rule_based,EVT-0066,2024-01-11,RHEUM_JAK_ORAL,rheumatology,Northeast,259.1666666666667,,False,,,Northeast,,15,,,Albany,
1352702876,1105435741,rule_based,EVT-0066,2024-01-11,RHEUM_JAK_ORAL,rheumatology,Northeast,147.5,153.33333333333334,True,1,rheumatology,Northeast,Northeast,5,8,3.9548022598870123,Boston,Rochester
1386832996,1699200295,rule_based,EVT-0066,2024-01-11,RHEUM_JAK_ORAL,rheumatology,West,185.83333333333334,190.66666666666666,True,1,rheumatology,West,West,21,19,2.600896860986537,Spokane,Salt Lake City
1393791409,,rule_based,EVT-0066,2024-01-11,RHEUM_JAK_ORAL,rheumatology,Midwest,300.5,,False,,,Midwest,,25,,,Rockford,
1428792083,,rule_based,EVT-0066,2024-01-11,RHEUM_JAK_ORAL,rheumatology,West,94.5,,False,,,West,,18,,,Eugene,
1519182780,,rule_based,EVT-0066,2024-01-11,RHEUM_JAK_ORAL,rheumatology,Midwest,208.33333333333334,,False,,,Midwest,,11,,,Milwaukee,
1590337907,1109634414,rule_based,EVT-0066,2024-01-11,RHEUM_JAK_ORAL,rheumatology,Northeast,477.3333333333333,442.0,True,1,rheumatology,Northeast,Northeast,9,11,7.402234636871505,Worcester,Buffalo
1598661571,1775551348,rule_based,EVT-0066,2024-01-11,RHEUM_JAK_ORAL,rheumatology,Northeast,428.8333333333333,423.5,True,1,rheumatology,Northeast,Northeast,10,11,1.243684415079669,Stamford,Newark
1647196991,,rule_based,EVT-0066,2024-01-11,RHEUM_JAK_ORAL,rheumatology,Southeast,538.6666666666666,,False,,,Southeast,,8,,,Richmond,
1847082322,1892307210,rule_based,EVT-0066,2024-01-11,RHEUM_JAK_ORAL,rheumatology,Northeast,226.33333333333334,233.0,True,1,rheumatology,Northeast,Northeast,16,17,2.945508100147271,Boston,Bangor
1944079924,,rule_based,EVT-0066,2024-01-11,RHEUM_JAK_ORAL,rheumatology,Southeast,641.1666666666666,,False,,,Southeast,,14,,,Columbia,
1031568581,1838576308,rule_based,EVT-0067,2024-01-20,CV_ANTICOAG_ORAL,pulmonology,Southeast,86.5,92.33333333333333,True,1,pulmonology,Southeast,Southeast,5,6,6.743737957610785,Chattanooga,Columbia
1031907094,1902607450,rule_based,EVT-0067,2024-01-20,CV_ANTICOAG_ORAL,rheumatology,West,151.16666666666666,145.5,True,1,rheumatology,West,West,7,8,3.7486218302094763,Salt Lake City,Denver
1050705288,,rule_based,EVT-0067,2024-01-20,CV_ANTICOAG_ORAL,endocrinology,Southeast,533.1666666666666,,False,,,Southeast,,21,,,Atlanta,
1101185407,,rule_based,EVT-0067,2024-01-20,CV_ANTICOAG_ORAL,primary care,Midwest,128.83333333333334,,False,,,Midwest,,17,,,Lansing,
1139166684,,rule_based,EVT-0067,2024-01-20,CV_ANTICOAG_ORAL,pulmonology,Midwest,119.5,,False,,,Midwest,,5,,,Green Bay,
1159841240,,rule_based,EVT-0067,2024-01-20,CV_ANTICOAG_ORAL,neurology,Southeast,528.0,,False,,,Southeast,,17,,,Charlotte,
1180932224,,rule_based,EVT-0067,2024-01-20,CV_ANTICOAG_ORAL,primary care,Southeast,229.83333333333334,,False,,,Southeast,,19,,,Savannah,
1190842652,1352216182,rule_based,EVT-0067,2024-01-20,CV_ANTICOAG_ORAL,primary care,Southwest,158.83333333333334,153.5,True,1,primary care,Southwest,Southwest,10,7,3.357817418677865,Las Vegas,Scottsdale
1194203331,,rule_based,EVT-0067,2024-01-20,CV_ANTICOAG_ORAL,rheumatology,Southeast,228.66666666666666,,False,,,Southeast,,5,,,Columbia,
1249657408,,rule_based,EVT-0067,2024-01-20,CV_ANTICOAG_ORAL,endocrinology,Northeast,196.0,,False,,,Northeast,,8,,,Princeton,
1262874856,,rule_based,EVT-0067,2024-01-20,CV_ANTICOAG_ORAL,pulmonology,Midwest,68.83333333333333,,False,,,Midwest,,3,,,Milwaukee,
1315385710,,rule_based,EVT-0067,2024-01-20,CV_ANTICOAG_ORAL,primary care,Northeast,432.3333333333333,,False,,,Northeast,,20,,,Worcester,
1326905712,,rule_based,EVT-0067,2024-01-20,CV_ANTICOAG_ORAL,oncology,West,97.83333333333333,,False,,,West,,24,,,Denver,
1330017819,,rule_based,EVT-0067,2024-01-20,CV_ANTICOAG_ORAL,neurology,Southwest,208.83333333333334,,False,,,Southwest,,18,,,Santa Fe,
1375349903,,rule_based,EVT-0067,2024-01-20,CV_ANTICOAG_ORAL,endocrinology,West,154.5,,False,,,West,,18,,,Boulder,
1389574017,,rule_based,EVT-0067,2024-01-20,CV_ANTICOAG_ORAL,pulmonology,Southwest,279.5,,False,,,Southwest,,8,,,Scottsdale,
1567993435,1874547676,rule_based,EVT-0067,2024-01-20,CV_ANTICOAG_ORAL,neurology,Northeast,72.0,75.16666666666667,True,1,neurology,Northeast,Northeast,9,12,4.398148148148154,Buffalo,Camden
1599989245,1507378861,rule_based,EVT-0067,2024-01-20,CV_ANTICOAG_ORAL,oncology,Northeast,92.16666666666667,83.16666666666667,True,1,oncology,Northeast,Northeast,13,13,9.764918625678119,New York,Buffalo
1613561947,,rule_based,EVT-0067,2024-01-20,CV_ANTICOAG_ORAL,primary care,Southeast,223.33333333333334,,False,,,Southeast,,16,,,Norfolk,
1644815767,,rule_based,EVT-0067,2024-01-20,CV_ANTICOAG_ORAL,primary care,West,241.33333333333334,,False,,,West,,16,,,Tacoma,
1647700669,1113190601,rule_based,EVT-0067,2024-01-20,CV_ANTICOAG_ORAL,pulmonology,West,44.666666666666664,41.0,True,1,pulmonology,West,West,6,6,8.208955223880592,Colorado Springs,Salt Lake City
1703413967,,rule_based,EVT-0067,2024-01-20,CV_ANTICOAG_ORAL,endocrinology,West,280.1666666666667,,False,,,West,,26,,,Boulder,
1707435529,,rule_based,EVT-0067,2024-01-20,CV_ANTICOAG_ORAL,primary care,Southeast,158.16666666666666,,False,,,Southeast,,14,,,Norfolk,
1806479196,,rule_based,EVT-0067,2024-01-20,CV_ANTICOAG_ORAL,primary care,Southwest,174.33333333333334,,False,,,Southwest,,16,,,Oklahoma City,
1812815243,1548652282,rule_based,EVT-0067,2024-01-20,CV_ANTICOAG_ORAL,primary care,Midwest,233.16666666666666,215.83333333333334,True,1,primary care,Midwest,Midwest,7,5,7.433881343817005,Milwaukee,Grand Rapids
1937514325,,rule_based,EVT-0067,2024-01-20,CV_ANTICOAG_ORAL,primary care,West,235.33333333333334,,False,,,West,,15,,,Colorado Springs,
1955620046,,rule_based,EVT-0067,2024-01-20,CV_ANTICOAG_ORAL,primary care,Southeast,235.16666666666666,,False,,,Southeast,,8,,,Birmingham,
1993463169,1808677938,rule_based,EVT-0067,2024-01-20,CV_ANTICOAG_ORAL,endocrinology,West,124.66666666666667,120.5,True,1,endocrinology,West,West,9,12,3.3422459893048164,Seattle,Tacoma
1636376422,1815549120,rule_based,EVT-0067,2024-01-20,CV_ANTICOAG_ORAL,neurology,Southwest,64.0,62.333333333333336,True,1,neurology,Southwest,Southwest,7,9,2.604166666666663,San Antonio,Oklahoma City
1031568581,1152018085,rule_based,EVT-0068,2024-01-26,METABOLIC_GLP1_INJ,pulmonology,Southeast,90.16666666666667,89.5,True,1,pulmonology,Southeast,Southeast,5,6,0.7393715341959386,Chattanooga,Huntsville
1044666919,,rule_based,EVT-0068,2024-01-26,METABOLIC_GLP1_INJ,neurology,Southeast,215.66666666666666,,False,,,Southeast,,17,,,Greenville,
1050705288,1769333869,rule_based,EVT-0068,2024-01-26,METABOLIC_GLP1_INJ,endocrinology,Southeast,156.16666666666666,146.33333333333334,True,1,endocrinology,Southeast,Southeast,21,20,6.296691568836701,Atlanta,Columbia
1058647219,,rule_based,EVT-0068,2024-01-26,METABOLIC_GLP1_INJ,pulmonology,Northeast,220.0,,False,,,Northeast,,11,,,Albany,
1075036339,,rule_based,EVT-0068,2024-01-26,METABOLIC_GLP1_INJ,pulmonology,West,30.666666666666668,,False,,,West,,5,,,Tacoma,
1123148250,,rule_based,EVT-0068,2024-01-26,METABOLIC_GLP1_INJ,cardiology,Southwest,311.8333333333333,,False,,,Southwest,,19,,,Austin,
1126098163,,rule_based,EVT-0068,2024-01-26,METABOLIC_GLP1_INJ,pulmonology,Southeast,248.33333333333334,,False,,,Southeast,,24,,,Greenville,
1139166684,,rule_based,EVT-0068,2024-01-26,METABOLIC_GLP1_INJ,pulmonology,Midwest,126.0,,False,,,Midwest,,5,,,Green Bay,
1198262952,,rule_based,EVT-0068,2024-01-26,METABOLIC_GLP1_INJ,pulmonology,Northeast,82.5,,False,,,Northeast,,5,,,Hartford,
1238983617,1867204764,rule_based,EVT-0068,2024-01-26,METABOLIC_GLP1_INJ,pulmonology,Southeast,149.0,148.33333333333334,True,1,pulmonology,Southeast,Southeast,13,15,0.4474272930648706,Memphis,Winston-Salem
1264333323,,rule_based,EVT-0068,2024-01-26,METABOLIC_GLP1_INJ,primary care,Northeast,121.33333333333333,,False,,,Northeast,,12,,,New York,
1389574017,,rule_based,EVT-0068,2024-01-26,METABOLIC_GLP1_INJ,pulmonology,Southwest,151.83333333333334,,False,,,Southwest,,8,,,Scottsdale,
1393791409,,rule_based,EVT-0068,2024-01-26,METABOLIC_GLP1_INJ,rheumatology,Midwest,151.83333333333334,,False,,,Midwest,,25,,,Rockford,
1397955463,,rule_based,EVT-0068,2024-01-26,METABOLIC_GLP1_INJ,primary care,Southeast,515.8333333333334,,False,,,Southeast,,14,,,Chattanooga,
1409867656,,rule_based,EVT-0068,2024-01-26,METABOLIC_GLP1_INJ,neurology,Northeast,63.166666666666664,,False,,,Northeast,,11,,,Princeton,
1413519731,1412773438,rule_based,EVT-0068,2024-01-26,METABOLIC_GLP1_INJ,primary care,Southwest,273.3333333333333,271.8333333333333,True,1,primary care,Southwest,Southwest,13,12,0.5487804878048781,Austin,Tucson
1423152481,,rule_based,EVT-0068,2024-01-26,METABOLIC_GLP1_INJ,primary care,Southeast,338.8333333333333,,False,,,Southeast,,11,,,Chattanooga,
1533003293,,rule_based,EVT-0068,2024-01-26,METABOLIC_GLP1_INJ,pulmonology,Midwest,126.5,,False,,,Midwest,,5,,,Green Bay,
1547244776,,rule_based,EVT-0068,2024-01-26,METABOLIC_GLP1_INJ,pulmonology,Northeast,89.16666666666667,,False,,,Northeast,,18,,,Cambridge,
1592062677,1429777182,rule_based,EVT-0068,2024-01-26,METABOLIC_GLP1_INJ,neurology,Southeast,130.33333333333334,139.66666666666666,True,1,neurology,Southeast,Southeast,9,10,7.161125319693079,Nashville,Raleigh
1592123891,,rule_based,EVT-0068,2024-01-26,METABOLIC_GLP1_INJ,primary care,Northeast,119.16666666666667,,False,,,Northeast,,18,,,Allentown,
1610177150,,rule_based,EVT-0068,2024-01-26,METABOLIC_GLP1_INJ,cardiology,Southeast,161.33333333333334,,False,,,Southeast,,19,,,Mobile,
1630629040,,rule_based,EVT-0068,2024-01-26,METABOLIC_GLP1_INJ,endocrinology,Southeast,150.33333333333334,,False,,,Southeast,,6,,,Greenville,
1728890785,1973275377,rule_based,EVT-0068,2024-01-26,METABOLIC_GLP1_INJ,neurology,Southeast,86.0,86.5,True,1,neurology,Southeast,Southeast,10,12,0.5813953488372093,Charlottesville,Miami
1738903891,,rule_based,EVT-0068,2024-01-26,METABOLIC_GLP1_INJ,endocrinology,Southeast,210.83333333333334,,False,,,Southeast,,18,,,Charlotte,
1745601371,1977228745,rule_based,EVT-0068,2024-01-26,METABOLIC_GLP1_INJ,cardiology,Midwest,102.83333333333333,105.33333333333333,True,1,cardiology,Midwest,Midwest,11,11,2.4311183144246353,Peoria,Madison
1836314447,,rule_based,EVT-0068,2024-01-26,METABOLIC_GLP1_INJ,endocrinology,Southeast,110.0,,False,,,Southeast,,5,,,Richmond,
1840863041,1775891033,rule_based,EVT-0068,2024-01-26,METABOLIC_GLP1_INJ,oncology,Southeast,60.0,58.666666666666664,True,1,oncology,Southeast,Southeast,13,12,2.2222222222222263,Miami,Huntsville
1893020424,,rule_based,EVT-0068,2024-01-26,METABOLIC_GLP1_INJ,neurology,Midwest,258.3333333333333,,False,,,Midwest,,16,,,Rockford,
1922670785,,rule_based,EVT-0068,2024-01-26,METABOLIC_GLP1_INJ,primary care,Southeast,342.5,,False,,,Southeast,,30,,,Augusta,
1927430854,1240393805,rule_based,EVT-0068,2024-01-26,METABOLIC_GLP1_INJ,primary care,Southeast,142.5,141.83333333333334,True,1,primary care,Southeast,Southeast,13,10,0.46783625730993483,Richmond,Jacksonville
1968209027,,rule_based,EVT-0068,2024-01-26,METABOLIC_GLP1_INJ,rheumatology,Southeast,38.333333333333336,,False,,,Southeast,,6,,,Tampa,
1018018261,,rule_based,EVT-0069,2024-01-28,CV_ANTICOAG_ORAL,primary care,Northeast,311.8333333333333,,False,,,Northeast,,13,,,Newark,
1048976678,,rule_based,EVT-0069,2024-01-28,CV_ANTICOAG_ORAL,primary care,Southeast,217.5,,False,,,Southeast,,18,,,Orlando,
1084471394,,rule_based,EVT-0069,2024-01-28,CV_ANTICOAG_ORAL,primary care,Northeast,100.66666666666667,,False,,,Northeast,,12,,,Springfield,
1084919582,,rule_based,EVT-0069,2024-01-28,CV_ANTICOAG_ORAL,primary care,Southeast,146.66666666666666,,False,,,Southeast,,12,,,Nashville,
1133130363,1261377760,rule_based,EVT-0069,2024-01-28,CV_ANTICOAG_ORAL,primary care,Northeast,185.66666666666666,170.83333333333334,True,1,primary care,Northeast,Northeast,13,14,7.989228007181319,Hartford,Stamford
1139166684,,rule_based,EVT-0069,2024-01-28,CV_ANTICOAG_ORAL,pulmonology,Midwest,119.5,,False,,,Midwest,,5,,,Green Bay,
1169614082,1429255973,rule_based,EVT-0069,2024-01-28,CV_ANTICOAG_ORAL,primary care,Midwest,104.5,105.83333333333333,True,1,primary care,Midwest,Midwest,19,16,1.275917065390745,Madison,Indianapolis
1213511599,,rule_based,EVT-0069,2024-01-28,CV_ANTICOAG_ORAL,primary care,Northeast,781.0,,False,,,Northeast,,30,,,Bangor,
1216575070,,rule_based,EVT-0069,2024-01-28,CV_ANTICOAG_ORAL,primary care,Midwest,186.33333333333334,,False,,,Midwest,,11,,,Columbia,
1219516501,,rule_based,EVT-0069,2024-01-28,CV_ANTICOAG_ORAL,endocrinology,Midwest,318.8333333333333,,False,,,Midwest,,7,,,Madison,
1229022169,1330067194,rule_based,EVT-0069,2024-01-28,CV_ANTICOAG_ORAL,pulmonology,West,141.0,129.83333333333334,True,1,pulmonology,West,West,13,13,7.919621749408977,Denver,Seattle
1251567115,1428222503,rule_based,EVT-0069,2024-01-28,CV_ANTICOAG_ORAL,primary care,Midwest,117.16666666666667,111.5,True,1,primary care,Midwest,Midwest,8,5,4.836415362731157,Rockford,Milwaukee
1264333323,,rule_based,EVT-0069,2024-01-28,CV_ANTICOAG_ORAL,primary care,Northeast,259.3333333333333,,False,,,Northeast,,12,,,New York,
1271463741,1547660377,rule_based,EVT-0069,2024-01-28,CV_ANTICOAG_ORAL,primary care,West,95.16666666666667,103.16666666666667,True,1,primary care,West,West,9,12,8.40630472854641,Portland,Provo
1315385710,,rule_based,EVT-0069,2024-01-28,CV_ANTICOAG_ORAL,primary care,Northeast,432.3333333333333,,False,,,Northeast,,20,,,Worcester,
1335670091,,rule_based,EVT-0069,2024-01-28,CV_ANTICOAG_ORAL,primary care,Midwest,297.1666666666667,,False,,,Midwest,,11,,,Indianapolis,
1376656900,1555285877,rule_based,EVT-0069,2024-01-28,CV_ANTICOAG_ORAL,cardiology,Southwest,92.0,82.83333333333333,True,1,cardiology,Southwest,Southwest,6,8,9.963768115942035,Tucson,Houston
1377426493,,rule_based,EVT-0069,2024-01-28,CV_ANTICOAG_ORAL,primary care,West,328.5,,False,,,West,,13,,,Portland,
1385532449,1997693654,rule_based,EVT-0069,2024-01-28,CV_ANTICOAG_ORAL,primary care,Southeast,159.83333333333334,169.83333333333334,True,1,primary care,Southeast,Southeast,6,6,6.256517205422314,Atlanta,Columbia
1407459696,,rule_based,EVT-0069,2024-01-28,CV_ANTICOAG_ORAL,pulmonology,Southwest,81.16666666666667,,False,,,Southwest,,4,,,Santa Fe,
1407931751,1841542198,rule_based,EVT-0069,2024-01-28,CV_ANTICOAG_ORAL,oncology,Midwest,93.0,93.5,True,1,oncology,Midwest,Midwest,8,6,0.5376344086021506,Cincinnati,South Bend
1436505063,,rule_based,EVT-0069,2024-01-28,CV_ANTICOAG_ORAL,primary care,Midwest,255.66666666666666,,False,,,Midwest,,12,,,Milwaukee,
1456207657,,rule_based,EVT-0069,2024-01-28,CV_ANTICOAG_ORAL,primary care,Midwest,274.0,,False,,,Midwest,,10,,,Minneapolis,
1456299035,1393729789,rule_based,EVT-0069,2024-01-28,CV_ANTICOAG_ORAL,primary care,Southeast,188.16666666666666,193.16666666666666,True,1,primary care,Southeast,Southeast,15,13,2.657218777679362,Mobile,Miami
1506746308,1081498101,rule_based,EVT-0069,2024-01-28,CV_ANTICOAG_ORAL,endocrinology,West,83.33333333333333,83.66666666666667,True,1,endocrinology,West,West,12,15,0.40000000000001135,Spokane,Portland
1511022174,,rule_based,EVT-0069,2024-01-28,CV_ANTICOAG_ORAL,primary care,Midwest,200.0,,False,,,Midwest,,15,,,Lansing,
1535820066,,rule_based,EVT-0069,2024-01-28,CV_ANTICOAG_ORAL,primary care,West,199.0,,False,,,West,,10,,,Denver,
1551962891,1766730505,rule_based,EVT-0069,2024-01-28,CV_ANTICOAG_ORAL,cardiology,Midwest,128.0,132.66666666666666,True,1,cardiology,Midwest,Midwest,13,12,3.645833333333326,Madison,Ann Arbor
1592123891,,rule_based,EVT-0069,2024-01-28,CV_ANTICOAG_ORAL,primary care,Northeast,317.0,,False,,,Northeast,,18,,,Allentown,
1595774286,,rule_based,EVT-0069,2024-01-28,CV_ANTICOAG_ORAL,rheumatology,Midwest,207.66666666666666,,False,,,Midwest,,13,,,Peoria,
1610177150,,rule_based,EVT-0069,2024-01-28,CV_ANTICOAG_ORAL,cardiology,Southeast,320.3333333333333,,False,,,Southeast,,19,,,Mobile,
1613561947,,rule_based,EVT-0069,2024-01-28,CV_ANTICOAG_ORAL,primary care,Southeast,223.33333333333334,,False,,,Southeast,,16,,,Norfolk,
1639269087,,rule_based,EVT-0069,2024-01-28,CV_ANTICOAG_ORAL,primary care,Northeast,152.33333333333334,,False,,,Northeast,,18,,,Buffalo,
1644815767,,rule_based,EVT-0069,2024-01-28,CV_ANTICOAG_ORAL,primary care,West,241.33333333333334,,False,,,West,,16,,,Tacoma,
1724092733,1056679651,rule_based,EVT-0069,2024-01-28,CV_ANTICOAG_ORAL,cardiology,Northeast,223.33333333333334,218.33333333333334,True,1,cardiology,Northeast,Northeast,5,6,2.2388059701492535,Pittsburgh,Philadelphia
1727463709,1426157339,rule_based,EVT-0069,2024-01-28,CV_ANTICOAG_ORAL,cardiology,West,204.0,190.66666666666666,True,1,cardiology,West,West,13,14,6.535947712418305,Salt Lake City,San Francisco
1732527431,,rule_based,EVT-0069,2024-01-28,CV_ANTICOAG_ORAL,primary care,Southeast,242.0,,False,,,Southeast,,9,,,Arlington,
1779411515,1881781243,rule_based,EVT-0069,2024-01-28,CV_ANTICOAG_ORAL,endocrinology,Midwest,117.33333333333333,109.0,True,1,endocrinology,Midwest,Midwest,11,13,7.102272727272724,Kansas City,Indianapolis
1832506087,,rule_based,EVT-0069,2024-01-28,CV_ANTICOAG_ORAL,primary care,Midwest,490.1666666666667,,False,,,Midwest,,14,,,Grand Rapids,
1848624494,1842420535,rule_based,EVT-0069,2024-01-28,CV_ANTICOAG_ORAL,primary care,Midwest,223.0,227.16666666666666,True,1,primary care,Midwest,Midwest,14,11,1.8684603886397568,Kansas City,Springfield
1880717263,,rule_based,EVT-0069,2024-01-28,CV_ANTICOAG_ORAL,pulmonology,Northeast,156.5,,False,,,Northeast,,12,,,Portland,
1903798589,,rule_based,EVT-0069,2024-01-28,CV_ANTICOAG_ORAL,primary care,Southwest,226.66666666666666,,False,,,Southwest,,19,,,Austin,
1924355757,,rule_based,EVT-0069,2024-01-28,CV_ANTICOAG_ORAL,primary care,Southwest,365.8333333333333,,False,,,Southwest,,7,,,Albuquerque,
1934829601,1304105269,rule_based,EVT-0069,2024-01-28,CV_ANTICOAG_ORAL,cardiology,Midwest,218.5,197.0,True,1,cardiology,Midwest,Midwest,13,11,9.839816933638444,Toledo,Green Bay
1937514325,,rule_based,EVT-0069,2024-01-28,CV_ANTICOAG_ORAL,primary care,West,235.33333333333334,,False,,,West,,15,,,Colorado Springs,
1944079924,1643343233,rule_based,EVT-0069,2024-01-28,CV_ANTICOAG_ORAL,rheumatology,Southeast,382.3333333333333,345.6666666666667,True,1,rheumatology,Southeast,Southeast,14,17,9.590235396687,Columbia,Columbia
1964945871,,rule_based,EVT-0069,2024-01-28,CV_ANTICOAG_ORAL,endocrinology,Northeast,205.5,,False,,,Northeast,,6,,,New Haven,
1969108517,,rule_based,EVT-0069,2024-01-28,CV_ANTICOAG_ORAL,cardiology,Midwest,233.0,,False,,,Midwest,,12,,,Minneapolis,
1989798412,1412773438,rule_based,EVT-0069,2024-01-28,CV_ANTICOAG_ORAL,primary care,Southwest,358.3333333333333,355.5,True,1,primary care,Southwest,Southwest,13,12,0.7906976744185994,Las Vegas,Tucson
1073902250,1641859123,rule_based,EVT-0070,2024-02-03,RHEUM_JAK_ORAL,rheumatology,West,318.6666666666667,327.1666666666667,True,1,rheumatology,West,West,10,12,2.6673640167364012,Boulder,Denver
1357524945,,rule_based,EVT-0070,2024-02-03,RHEUM_JAK_ORAL,rheumatology,Midwest,847.3333333333334,,False,,,Midwest,,8,,,Detroit,
1428792083,,rule_based,EVT-0070,2024-02-03,RHEUM_JAK_ORAL,rheumatology,West,97.33333333333333,,False,,,West,,18,,,Eugene,
1435949049,,rule_based,EVT-0070,2024-02-03,RHEUM_JAK_ORAL,rheumatology,Northeast,449.6666666666667,,False,,,Northeast,,4,,,Bangor,
1598661571,1109634414,rule_based,EVT-0070,2024-02-03,RHEUM_JAK_ORAL,rheumatology,Northeast,435.8333333333333,445.1666666666667,True,1,rheumatology,Northeast,Northeast,10,11,2.141491395793508,Stamford,Buffalo
1616839134,,rule_based,EVT-0070,2024-02-03,RHEUM_JAK_ORAL,rheumatology,Northeast,892.1666666666666,,False,,,Northeast,,10,,,New Haven,
1847082322,1892307210,rule_based,EVT-0070,2024-02-03,RHEUM_JAK_ORAL,rheumatology,Northeast,239.33333333333334,232.83333333333334,True,1,rheumatology,Northeast,Northeast,16,17,2.715877437325905,Boston,Bangor
1944079924,,rule_based,EVT-0070,2024-02-03,RHEUM_JAK_ORAL,rheumatology,Southeast,696.0,,False,,,Southeast,,14,,,Columbia,
1002145427,,rule_based,EVT-0071,2024-02-05,METABOLIC_GLP1_INJ,primary care,Northeast,301.5,,False,,,Northeast,,13,,,Jersey City,
1009179924,,rule_based,EVT-0071,2024-02-05,METABOLIC_GLP1_INJ,cardiology,West,239.5,,False,,,West,,10,,,Los Angeles,
1018018261,,rule_based,EVT-0071,2024-02-05,METABOLIC_GLP1_INJ,primary care,Northeast,255.5,,False,,,Northeast,,13,,,Newark,
1041585906,,rule_based,EVT-0071,2024-02-05,METABOLIC_GLP1_INJ,oncology,West,89.33333333333333,,False,,,West,,8,,,Eugene,
1084471394,,rule_based,EVT-0071,2024-02-05,METABOLIC_GLP1_INJ,primary care,Northeast,284.5,,False,,,Northeast,,12,,,Springfield,
1094274762,,rule_based,EVT-0071,2024-02-05,METABOLIC_GLP1_INJ,primary care,West,123.0,,False,,,West,,4,,,Salt Lake City,
1098995024,,rule_based,EVT-0071,2024-02-05,METABOLIC_GLP1_INJ,primary care,Northeast,131.66666666666666,,False,,,Northeast,,6,,,Pittsburgh,
1129206672,,rule_based,EVT-0071,2024-02-05,METABOLIC_GLP1_INJ,pulmonology,Northeast,227.33333333333334,,False,,,Northeast,,27,,,Jersey City,
1133130363,,rule_based,EVT-0071,2024-02-05,METABOLIC_GLP1_INJ,primary care,Northeast,407.3333333333333,,False,,,Northeast,,13,,,Hartford,
1159301823,,rule_based,EVT-0071,2024-02-05,METABOLIC_GLP1_INJ,oncology,West,32.5,,False,,,West,,6,,,Eugene,
1180932224,,rule_based,EVT-0071,2024-02-05,METABOLIC_GLP1_INJ,primary care,Southeast,214.16666666666666,,False,,,Southeast,,19,,,Savannah,
1181854898,1838439200,rule_based,EVT-0071,2024-02-05,METABOLIC_GLP1_INJ,primary care,Southeast,208.83333333333334,208.0,True,1,primary care,Southeast,Southeast,14,16,0.39904229848364375,Tampa,Greenville
1200096471,,rule_based,EVT-0071,2024-02-05,METABOLIC_GLP1_INJ,primary care,Southeast,96.83333333333333,,False,,,Southeast,,10,,,Mobile,
1224230882,,rule_based,EVT-0071,2024-02-05,METABOLIC_GLP1_INJ,primary care,Southwest,61.0,,False,,,Southwest,,13,,,Reno,
1243754490,1045376799,rule_based,EVT-0071,2024-02-05,METABOLIC_GLP1_INJ,neurology,Northeast,160.33333333333334,148.5,True,1,neurology,Northeast,Northeast,6,7,7.380457380457386,Springfield,Philadelphia
1263807582,,rule_based,EVT-0071,2024-02-05,METABOLIC_GLP1_INJ,primary care,Northeast,335.5,,False,,,Northeast,,7,,,Syracuse,
1264333323,,rule_based,EVT-0071,2024-02-05,METABOLIC_GLP1_INJ,primary care,Northeast,121.0,,False,,,Northeast,,12,,,New York,
1284061300,,rule_based,EVT-0071,2024-02-05,METABOLIC_GLP1_INJ,primary care,West,95.66666666666667,,False,,,West,,21,,,Spokane,
1321405205,,rule_based,EVT-0071,2024-02-05,METABOLIC_GLP1_INJ,primary care,West,30.0,,False,,,West,,10,,,San Jose,
1335670091,1166978878,rule_based,EVT-0071,2024-02-05,METABOLIC_GLP1_INJ,primary care,Midwest,52.666666666666664,50.5,True,1,primary care,Midwest,Midwest,11,11,4.113924050632907,Indianapolis,St. Louis
1341556789,,rule_based,EVT-0071,2024-02-05,METABOLIC_GLP1_INJ,cardiology,West,306.8333333333333,,False,,,West,,17,,,Seattle,
1364458855,,rule_based,EVT-0071,2024-02-05,METABOLIC_GLP1_INJ,endocrinology,Southeast,125.16666666666667,,False,,,Southeast,,14,,,Columbia,
1375349903,,rule_based,EVT-0071,2024-02-05,METABOLIC_GLP1_INJ,endocrinology,West,216.5,,False,,,West,,18,,,Boulder,
1377426493,1676855970,rule_based,EVT-0071,2024-02-05,METABOLIC_GLP1_INJ,primary care,West,257.5,254.66666666666666,True,1,primary care,West,West,13,16,1.100323624595473,Portland,Provo
1413519731,1412773438,rule_based,EVT-0071,2024-02-05,METABOLIC_GLP1_INJ,primary care,Southwest,275.6666666666667,289.8333333333333,True,1,primary care,Southwest,Southwest,13,12,5.1390568319225975,Austin,Tucson
1433980129,,rule_based,EVT-0071,2024-02-05,METABOLIC_GLP1_INJ,pulmonology,Northeast,188.66666666666666,,False,,,Northeast,,4,,,Hershey,
1435662964,,rule_based,EVT-0071,2024-02-05,METABOLIC_GLP1_INJ,endocrinology,West,94.5,,False,,,West,,5,,,Seattle,
1449331358,,rule_based,EVT-0071,2024-02-05,METABOLIC_GLP1_INJ,pulmonology,Midwest,128.16666666666666,,False,,,Midwest,,9,,,Lansing,
1456299035,,rule_based,EVT-0071,2024-02-05,METABOLIC_GLP1_INJ,primary care,Southeast,345.5,,False,,,Southeast,,15,,,Mobile,
1511022174,,rule_based,EVT-0071,2024-02-05,METABOLIC_GLP1_INJ,primary care,Midwest,108.33333333333333,,False,,,Midwest,,15,,,Lansing,
1520551320,1524065749,rule_based,EVT-0071,2024-02-05,METABOLIC_GLP1_INJ,rheumatology,Northeast,114.83333333333333,106.33333333333333,True,1,rheumatology,Northeast,Northeast,13,16,7.402031930333817,Syracuse,Worcester
1610177150,,rule_based,EVT-0071,2024-02-05,METABOLIC_GLP1_INJ,cardiology,Southeast,171.5,,False,,,Southeast,,19,,,Mobile,
1639269087,,rule_based,EVT-0071,2024-02-05,METABOLIC_GLP1_INJ,primary care,Northeast,392.5,,False,,,Northeast,,18,,,Buffalo,
1644815767,,rule_based,EVT-0071,2024-02-05,METABOLIC_GLP1_INJ,primary care,West,283.6666666666667,,False,,,West,,16,,,Tacoma,
1657035808,,rule_based,EVT-0071,2024-02-05,METABOLIC_GLP1_INJ,primary care,West,232.33333333333334,,False,,,West,,14,,,Eugene,
1657725655,,rule_based,EVT-0071,2024-02-05,METABOLIC_GLP1_INJ,cardiology,West,134.5,,False,,,West,,13,,,Seattle,
1706991829,,rule_based,EVT-0071,2024-02-05,METABOLIC_GLP1_INJ,endocrinology,Midwest,87.5,,False,,,Midwest,,19,,,Milwaukee,
1721479586,1434523506,rule_based,EVT-0071,2024-02-05,METABOLIC_GLP1_INJ,primary care,West,134.0,138.5,True,1,primary care,West,West,8,6,3.3582089552238807,San Diego,San Diego
1767249513,,rule_based,EVT-0071,2024-02-05,METABOLIC_GLP1_INJ,pulmonology,West,34.333333333333336,,False,,,West,,8,,,Boulder,
1808826295,,rule_based,EVT-0071,2024-02-05,METABOLIC_GLP1_INJ,primary care,Southeast,208.66666666666666,,False,,,Southeast,,20,,,Miami,
1824172013,,rule_based,EVT-0071,2024-02-05,METABOLIC_GLP1_INJ,primary care,Midwest,821.1666666666666,,False,,,Midwest,,10,,,Grand Rapids,
1832506087,,rule_based,EVT-0071,2024-02-05,METABOLIC_GLP1_INJ,primary care,Midwest,511.3333333333333,,False,,,Midwest,,14,,,Grand Rapids,
1844747141,,rule_based,EVT-0071,2024-02-05,METABOLIC_GLP1_INJ,primary care,West,357.1666666666667,,False,,,West,,12,,,Colorado Springs,
1848624494,1381937048,rule_based,EVT-0071,2024-02-05,METABOLIC_GLP1_INJ,primary care,Midwest,113.33333333333333,115.16666666666667,True,1,primary care,Midwest,Midwest,14,11,1.6176470588235379,Kansas City,Milwaukee
1937514325,1547660377,rule_based,EVT-0071,2024-02-05,METABOLIC_GLP1_INJ,primary care,West,222.33333333333334,214.83333333333334,True,1,primary care,West,West,15,12,3.373313343328336,Colorado Springs,Provo
1944079924,1337789832,rule_based,EVT-0071,2024-02-05,METABOLIC_GLP1_INJ,rheumatology,Southeast,122.66666666666667,123.16666666666667,True,1,rheumatology,Southeast,Southeast,14,15,0.4076086956521739,Columbia,Savannah
1393791409,,rule_based,EVT-0072,2024-02-08,RHEUM_JAK_ORAL,rheumatology,Midwest,312.3333333333333,,False,,,Midwest,,25,,,Rockford,
1025231352,,rule_based,EVT-0072,2024-02-08,RHEUM_JAK_ORAL,rheumatology,Northeast,262.0,,False,,,Northeast,,6,,,Syracuse,
1040239976,,rule_based,EVT-0072,2024-02-08,RHEUM_JAK_ORAL,rheumatology,Northeast,378.0,,False,,,Northeast,,24,,,New York,
1194203331,,rule_based,EVT-0072,2024-02-08,RHEUM_JAK_ORAL,rheumatology,Southeast,339.3333333333333,,False,,,Southeast,,5,,,Columbia,
1199976907,,rule_based,EVT-0072,2024-02-08,RHEUM_JAK_ORAL,rheumatology,Northeast,259.3333333333333,,False,,,Northeast,,15,,,Albany,
1246066447,,rule_based,EVT-0072,2024-02-08,RHEUM_JAK_ORAL,rheumatology,Southwest,481.0,,False,,,Southwest,,28,,,Mesa,
1274985831,,rule_based,EVT-0072,2024-02-08,RHEUM_JAK_ORAL,rheumatology,Southwest,300.6666666666667,,False,,,Southwest,,5,,,Tucson,
1524065749,,rule_based,EVT-0072,2024-02-08,RHEUM_JAK_ORAL,rheumatology,Northeast,444.0,,False,,,Northeast,,16,,,Worcester,
1590337907,,rule_based,EVT-0072,2024-02-08,RHEUM_JAK_ORAL,rheumatology,Northeast,490.3333333333333,,False,,,Northeast,,9,,,Worcester,
1595774286,,rule_based,EVT-0072,2024-02-08,RHEUM_JAK_ORAL,rheumatology,Midwest,540.8333333333334,,False,,,Midwest,,13,,,Peoria,
1598661571,1109634414,rule_based,EVT-0072,2024-02-08,RHEUM_JAK_ORAL,rheumatology,Northeast,435.8333333333333,445.1666666666667,True,1,rheumatology,Northeast,Northeast,10,11,2.141491395793508,Stamford,Buffalo
1643343233,1371002787,rule_based,EVT-0072,2024-02-08,RHEUM_JAK_ORAL,rheumatology,Southeast,302.3333333333333,292.3333333333333,True,1,rheumatology,Southeast,Southeast,17,18,3.307607497243661,Columbia,Gainesville
1944079924,,rule_based,EVT-0072,2024-02-08,RHEUM_JAK_ORAL,rheumatology,Southeast,696.0,,False,,,Southeast,,14,,,Columbia,
1002145427,,rule_based,EVT-0073,2024-02-10,PC_ANTIHYPERTENSIVE,primary care,Northeast,551.6666666666666,,False,,,Northeast,,13,,,Jersey City,
1018018261,,rule_based,EVT-0073,2024-02-10,PC_ANTIHYPERTENSIVE,primary care,Northeast,448.8333333333333,,False,,,Northeast,,13,,,Newark,
1060922949,,rule_based,EVT-0073,2024-02-10,PC_ANTIHYPERTENSIVE,primary care,Northeast,158.5,,False,,,Northeast,,3,,,Jersey City,
1124726435,,rule_based,EVT-0073,2024-02-10,PC_ANTIHYPERTENSIVE,primary care,Northeast,351.3333333333333,,False,,,Northeast,,14,,,Allentown,
1144669185,,rule_based,EVT-0073,2024-02-10,PC_ANTIHYPERTENSIVE,primary care,Northeast,753.5,,False,,,Northeast,,16,,,Allentown,
1169614082,,rule_based,EVT-0073,2024-02-10,PC_ANTIHYPERTENSIVE,primary care,Midwest,203.33333333333334,,False,,,Midwest,,19,,,Madison,
1180932224,,rule_based,EVT-0073,2024-02-10,PC_ANTIHYPERTENSIVE,primary care,Southeast,531.0,,False,,,Southeast,,19,,,Savannah,
1200480071,,rule_based,EVT-0073,2024-02-10,PC_ANTIHYPERTENSIVE,primary care,Northeast,277.3333333333333,,False,,,Northeast,,20,,,Portland,
1213511599,,rule_based,EVT-0073,2024-02-10,PC_ANTIHYPERTENSIVE,primary care,Northeast,796.0,,False,,,Northeast,,30,,,Bangor,
1263807582,,rule_based,EVT-0073,2024-02-10,PC_ANTIHYPERTENSIVE,primary care,Northeast,744.1666666666666,,False,,,Northeast,,7,,,Syracuse,
1264333323,1209566128,rule_based,EVT-0073,2024-02-10,PC_ANTIHYPERTENSIVE,primary care,Northeast,578.5,587.0,True,1,primary care,Northeast,Northeast,12,15,1.4693171996542784,New York,Stamford
1268222167,1135650855,rule_based,EVT-0073,2024-02-10,PC_ANTIHYPERTENSIVE,primary care,Midwest,301.0,290.6666666666667,True,1,primary care,Midwest,Midwest,19,17,3.433001107419706,Fort Wayne,Fort Wayne
1271463741,1479078465,rule_based,EVT-0073,2024-02-10,PC_ANTIHYPERTENSIVE,primary care,West,142.16666666666666,149.0,True,1,primary care,West,West,9,12,4.806565064478319,Portland,Portland
1280087226,,rule_based,EVT-0073,2024-02-10,PC_ANTIHYPERTENSIVE,primary care,Northeast,852.8333333333334,,False,,,Northeast,,10,,,Rochester,
1287287258,,rule_based,EVT-0073,2024-02-10,PC_ANTIHYPERTENSIVE,primary care,Midwest,393.6666666666667,,False,,,Midwest,,9,,,Columbus,
1300654963,1762971749,rule_based,EVT-0073,2024-02-10,PC_ANTIHYPERTENSIVE,primary care,Northeast,227.33333333333334,232.66666666666666,True,1,primary care,Northeast,Northeast,9,9,2.3460410557184668,Albany,New Haven
1315385710,,rule_based,EVT-0073,2024-02-10,PC_ANTIHYPERTENSIVE,primary care,Northeast,1062.5,,False,,,Northeast,,20,,,Worcester,
1385532449,,rule_based,EVT-0073,2024-02-10,PC_ANTIHYPERTENSIVE,primary care,Southeast,545.3333333333334,,False,,,Southeast,,6,,,Atlanta,
1413519731,,rule_based,EVT-0073,2024-02-10,PC_ANTIHYPERTENSIVE,primary care,Southwest,442.1666666666667,,False,,,Southwest,,13,,,Austin,
1418997171,,rule_based,EVT-0073,2024-02-10,PC_ANTIHYPERTENSIVE,primary care,Northeast,524.1666666666666,,False,,,Northeast,,18,,,Jersey City,
1425340662,,rule_based,EVT-0073,2024-02-10,PC_ANTIHYPERTENSIVE,primary care,Southwest,408.1666666666667,,False,,,Southwest,,17,,,Austin,
1456207657,,rule_based,EVT-0073,2024-02-10,PC_ANTIHYPERTENSIVE,primary care,Midwest,555.5,,False,,,Midwest,,10,,,Minneapolis,
1456299035,1174238463,rule_based,EVT-0073,2024-02-10,PC_ANTIHYPERTENSIVE,primary care,Southeast,240.33333333333334,240.0,True,1,primary care,Southeast,Southeast,15,14,0.1386962552011135,Mobile,Raleigh
1484724632,,rule_based,EVT-0073,2024-02-10,PC_ANTIHYPERTENSIVE,primary care,Northeast,373.6666666666667,,False,,,Northeast,,14,,,Princeton,
1509977165,,rule_based,EVT-0073,2024-02-10,PC_ANTIHYPERTENSIVE,primary care,Northeast,717.5,,False,,,Northeast,,27,,,Bangor,
1546151204,1058325303,rule_based,EVT-0073,2024-02-10,PC_ANTIHYPERTENSIVE,primary care,Northeast,309.3333333333333,292.3333333333333,True,1,primary care,Northeast,Northeast,13,13,5.495689655172415,Newark,Princeton
1552813903,,rule_based,EVT-0073,2024-02-10,PC_ANTIHYPERTENSIVE,primary care,Northeast,640.1666666666666,,False,,,Northeast,,10,,,Newark,
1595301304,,rule_based,EVT-0073,2024-02-10,PC_ANTIHYPERTENSIVE,primary care,Southwest,408.5,,False,,,Southwest,,13,,,Tulsa,
1635581279,,rule_based,EVT-0073,2024-02-10,PC_ANTIHYPERTENSIVE,primary care,Southeast,613.8333333333334,,False,,,Southeast,,18,,,Charlotte,
1639269087,,rule_based,EVT-0073,2024-02-10,PC_ANTIHYPERTENSIVE,primary care,Northeast,230.83333333333334,,False,,,Northeast,,18,,,Buffalo,
1689916181,,rule_based,EVT-0073,2024-02-10,PC_ANTIHYPERTENSIVE,primary care,Northeast,502.0,,False,,,Northeast,,6,,,Bangor,
1721479586,,rule_based,EVT-0073,2024-02-10,PC_ANTIHYPERTENSIVE,primary care,West,442.3333333333333,,False,,,West,,8,,,San Diego,
1732527431,,rule_based,EVT-0073,2024-02-10,PC_ANTIHYPERTENSIVE,primary care,Southeast,383.5,,False,,,Southeast,,9,,,Arlington,
1740047711,,rule_based,EVT-0073,2024-02-10,PC_ANTIHYPERTENSIVE,primary care,Southeast,232.0,,False,,,Southeast,,13,,,Greenville,
1803233885,,rule_based,EVT-0073,2024-02-10,PC_ANTIHYPERTENSIVE,primary care,Southeast,329.8333333333333,,False,,,Southeast,,16,,,Knoxville,
1808826295,,rule_based,EVT-0073,2024-02-10,PC_ANTIHYPERTENSIVE,primary care,Southeast,456.3333333333333,,False,,,Southeast,,20,,,Miami,
1812815243,,rule_based,EVT-0073,2024-02-10,PC_ANTIHYPERTENSIVE,primary care,Midwest,617.8333333333334,,False,,,Midwest,,7,,,Milwaukee,
1848624494,,rule_based,EVT-0073,2024-02-10,PC_ANTIHYPERTENSIVE,primary care,Midwest,314.3333333333333,,False,,,Midwest,,14,,,Kansas City,
1862986803,,rule_based,EVT-0073,2024-02-10,PC_ANTIHYPERTENSIVE,primary care,Midwest,255.33333333333334,,False,,,Midwest,,25,,,Grand Rapids,
1924355757,1352216182,rule_based,EVT-0073,2024-02-10,PC_ANTIHYPERTENSIVE,primary care,Southwest,374.0,359.1666666666667,True,1,primary care,Southwest,Southwest,7,7,3.9661319073083727,Albuquerque,Scottsdale
1927430854,1838439200,rule_based,EVT-0073,2024-02-10,PC_ANTIHYPERTENSIVE,primary care,Southeast,584.8333333333334,557.1666666666666,True,1,primary care,Southeast,Southeast,13,16,4.730692504987188,Richmond,Greenville
1955620046,,rule_based,EVT-0073,2024-02-10,PC_ANTIHYPERTENSIVE,primary care,Southeast,406.6666666666667,,False,,,Southeast,,8,,,Birmingham,
1018018261,,rule_based,EVT-0074,2024-02-13,CV_ANTICOAG_ORAL,primary care,Northeast,321.0,,False,,,Northeast,,13,,,Newark,
1048976678,,rule_based,EVT-0074,2024-02-13,CV_ANTICOAG_ORAL,primary care,Southeast,234.0,,False,,,Southeast,,18,,,Orlando,
1065091666,1200437733,rule_based,EVT-0074,2024-02-13,CV_ANTICOAG_ORAL,endocrinology,West,146.66666666666666,157.5,True,1,endocrinology,West,West,9,11,7.386363636363644,Los Angeles,Eugene
1107038659,,rule_based,EVT-0074,2024-02-13,CV_ANTICOAG_ORAL,endocrinology,Northeast,190.5,,False,,,Northeast,,10,,,New York,
1136500869,,rule_based,EVT-0074,2024-02-13,CV_ANTICOAG_ORAL,endocrinology,Southeast,327.5,,False,,,Southeast,,18,,,Arlington,
1139166684,,rule_based,EVT-0074,2024-02-13,CV_ANTICOAG_ORAL,pulmonology,Midwest,127.66666666666667,,False,,,Midwest,,5,,,Green Bay,
1361521440,,rule_based,EVT-0074,2024-02-13,CV_ANTICOAG_ORAL,endocrinology,Midwest,128.5,,False,,,Midwest,,17,,,Green Bay,
1362560363,,rule_based,EVT-0074,2024-02-13,CV_ANTICOAG_ORAL,cardiology,West,224.16666666666666,,False,,,West,,13,,,Spokane,
1364458855,,rule_based,EVT-0074,2024-02-13,CV_ANTICOAG_ORAL,endocrinology,Southeast,233.66666666666666,,False,,,Southeast,,14,,,Columbia,
1394609428,,rule_based,EVT-0074,2024-02-13,CV_ANTICOAG_ORAL,endocrinology,Southwest,425.1666666666667,,False,,,Southwest,,4,,,Reno,
1435662964,,rule_based,EVT-0074,2024-02-13,CV_ANTICOAG_ORAL,endocrinology,West,232.66666666666666,,False,,,West,,5,,,Seattle,
1473057747,,rule_based,EVT-0074,2024-02-13,CV_ANTICOAG_ORAL,endocrinology,West,136.66666666666666,,False,,,West,,9,,,Denver,
1536278926,1479078465,rule_based,EVT-0074,2024-02-13,CV_ANTICOAG_ORAL,primary care,West,124.16666666666667,126.66666666666667,True,1,primary care,West,West,13,12,2.013422818791946,Provo,Portland
1590869917,1209829039,rule_based,EVT-0074,2024-02-13,CV_ANTICOAG_ORAL,primary care,Southwest,87.83333333333333,85.0,True,1,primary care,Southwest,Southwest,10,12,3.225806451612898,Oklahoma City,Dallas
1598661571,,rule_based,EVT-0074,2024-02-13,CV_ANTICOAG_ORAL,rheumatology,Northeast,201.83333333333334,,False,,,Northeast,,10,,,Stamford,
1644815767,,rule_based,EVT-0074,2024-02-13,CV_ANTICOAG_ORAL,primary care,West,258.3333333333333,,False,,,West,,16,,,Tacoma,
1645233598,,rule_based,EVT-0074,2024-02-13,CV_ANTICOAG_ORAL,endocrinology,Northeast,423.3333333333333,,False,,,Northeast,,10,,,Boston,
1647700669,1895795452,rule_based,EVT-0074,2024-02-13,CV_ANTICOAG_ORAL,pulmonology,West,46.333333333333336,49.833333333333336,True,1,pulmonology,West,West,6,3,7.553956834532374,Colorado Springs,Eugene
1665478461,,rule_based,EVT-0074,2024-02-13,CV_ANTICOAG_ORAL,primary care,Northeast,105.5,,False,,,Northeast,,10,,,New York,
1701585576,1403453024,rule_based,EVT-0074,2024-02-13,CV_ANTICOAG_ORAL,cardiology,Southwest,160.0,171.83333333333334,True,1,cardiology,Southwest,Southwest,9,6,7.395833333333339,Scottsdale,Mesa
1706991829,,rule_based,EVT-0074,2024-02-13,CV_ANTICOAG_ORAL,endocrinology,Midwest,291.3333333333333,,False,,,Midwest,,19,,,Milwaukee,
1725623817,1812123887,rule_based,EVT-0074,2024-02-13,CV_ANTICOAG_ORAL,primary care,Southwest,254.16666666666666,270.1666666666667,True,1,primary care,Southwest,Southwest,9,9,6.295081967213126,Las Vegas,Tucson
1732914373,1977922420,rule_based,EVT-0074,2024-02-13,CV_ANTICOAG_ORAL,cardiology,West,151.83333333333334,166.16666666666666,True,1,cardiology,West,West,10,11,9.44017563117452,Tacoma,Seattle
1738903891,,rule_based,EVT-0074,2024-02-13,CV_ANTICOAG_ORAL,endocrinology,Southeast,491.1666666666667,,False,,,Southeast,,18,,,Charlotte,
1806707737,,rule_based,EVT-0074,2024-02-13,CV_ANTICOAG_ORAL,primary care,West,163.0,,False,,,West,,9,,,Boulder,
1898803444,1257768279,rule_based,EVT-0074,2024-02-13,CV_ANTICOAG_ORAL,endocrinology,West,187.5,179.66666666666666,True,1,endocrinology,West,West,11,11,4.177777777777783,Salt Lake City,Tacoma
1999506508,,rule_based,EVT-0074,2024-02-13,CV_ANTICOAG_ORAL,endocrinology,Southwest,98.66666666666667,,False,,,Southwest,,4,,,Mesa,
1018018261,,rule_based,EVT-0075,2024-02-13,PC_ANTIHYPERTENSIVE,primary care,Northeast,448.8333333333333,,False,,,Northeast,,13,,,Newark,
1046736322,,rule_based,EVT-0075,2024-02-13,PC_ANTIHYPERTENSIVE,primary care,Southwest,226.83333333333334,,False,,,Southwest,,24,,,Reno,
1048976678,,rule_based,EVT-0075,2024-02-13,PC_ANTIHYPERTENSIVE,primary care,Southeast,429.8333333333333,,False,,,Southeast,,18,,,Orlando,
1138281740,1296624285,rule_based,EVT-0075,2024-02-13,PC_ANTIHYPERTENSIVE,primary care,West,232.66666666666666,237.33333333333334,True,1,primary care,West,West,10,11,2.005730659025796,Provo,Sacramento
1271768685,1311764207,rule_based,EVT-0075,2024-02-13,PC_ANTIHYPERTENSIVE,primary care,Midwest,380.3333333333333,395.6666666666667,True,1,primary care,Midwest,Midwest,8,6,4.0315512708150845,St. Paul,Cincinnati
1297280590,,rule_based,EVT-0075,2024-02-13,PC_ANTIHYPERTENSIVE,primary care,Midwest,364.3333333333333,,False,,,Midwest,,14,,,Springfield,
1321405205,1463019459,rule_based,EVT-0075,2024-02-13,PC_ANTIHYPERTENSIVE,primary care,West,193.5,209.16666666666666,True,1,primary care,West,West,10,9,8.096468561584835,San Jose,Seattle
1334266016,,rule_based,EVT-0075,2024-02-13,PC_ANTIHYPERTENSIVE,primary care,Southwest,328.1666666666667,,False,,,Southwest,,20,,,Phoenix,
1335670091,,rule_based,EVT-0075,2024-02-13,PC_ANTIHYPERTENSIVE,primary care,Midwest,260.1666666666667,,False,,,Midwest,,11,,,Indianapolis,
1418997171,,rule_based,EVT-0075,2024-02-13,PC_ANTIHYPERTENSIVE,primary care,Northeast,524.1666666666666,,False,,,Northeast,,18,,,Jersey City,
1423152481,1363342464,rule_based,EVT-0075,2024-02-13,PC_ANTIHYPERTENSIVE,primary care,Southeast,470.1666666666667,448.8333333333333,True,1,primary care,Southeast,Southeast,11,10,4.53739808578519,Chattanooga,Arlington
1509977165,,rule_based,EVT-0075,2024-02-13,PC_ANTIHYPERTENSIVE,primary care,Northeast,717.5,,False,,,Northeast,,27,,,Bangor,
1523498065,,rule_based,EVT-0075,2024-02-13,PC_ANTIHYPERTENSIVE,primary care,Southeast,304.8333333333333,,False,,,Southeast,,15,,,Columbia,
1536278926,,rule_based,EVT-0075,2024-02-13,PC_ANTIHYPERTENSIVE,primary care,West,684.5,,False,,,West,,13,,,Provo,
1552813903,,rule_based,EVT-0075,2024-02-13,PC_ANTIHYPERTENSIVE,primary care,Northeast,640.1666666666666,,False,,,Northeast,,10,,,Newark,
1595301304,,rule_based,EVT-0075,2024-02-13,PC_ANTIHYPERTENSIVE,primary care,Southwest,408.5,,False,,,Southwest,,13,,,Tulsa,
1689059347,,rule_based,EVT-0075,2024-02-13,PC_ANTIHYPERTENSIVE,primary care,Southwest,248.33333333333334,,False,,,Southwest,,9,,,Reno,
1689916181,,rule_based,EVT-0075,2024-02-13,PC_ANTIHYPERTENSIVE,primary care,Northeast,502.0,,False,,,Northeast,,6,,,Bangor,
1725623817,1209829039,rule_based,EVT-0075,2024-02-13,PC_ANTIHYPERTENSIVE,primary care,Southwest,609.1666666666666,642.0,True,1,primary care,Southwest,Southwest,9,12,5.389876880984959,Las Vegas,Dallas
1747032997,1762971749,rule_based,EVT-0075,2024-02-13,PC_ANTIHYPERTENSIVE,primary care,Northeast,254.33333333333334,232.66666666666666,True,1,primary care,Northeast,Northeast,9,9,8.519003931847974,New York,New Haven
1776723276,,rule_based,EVT-0075,2024-02-13,PC_ANTIHYPERTENSIVE,primary care,Midwest,496.0,,False,,,Midwest,,21,,,Rochester,
1806707737,1479078465,rule_based,EVT-0075,2024-02-13,PC_ANTIHYPERTENSIVE,primary care,West,144.16666666666666,149.0,True,1,primary care,West,West,9,12,3.3526011560693707,Boulder,Portland
1808826295,,rule_based,EVT-0075,2024-02-13,PC_ANTIHYPERTENSIVE,primary care,Southeast,456.3333333333333,,False,,,Southeast,,20,,,Miami,
1812815243,,rule_based,EVT-0075,2024-02-13,PC_ANTIHYPERTENSIVE,primary care,Midwest,617.8333333333334,,False,,,Midwest,,7,,,Milwaukee,
1824172013,,rule_based,EVT-0075,2024-02-13,PC_ANTIHYPERTENSIVE,primary care,Midwest,310.6666666666667,,False,,,Midwest,,10,,,Grand Rapids,
1922670785,1892083019,rule_based,EVT-0075,2024-02-13,PC_ANTIHYPERTENSIVE,primary care,Southeast,368.1666666666667,339.6666666666667,True,1,primary care,Southeast,Southeast,30,27,7.741059302851968,Augusta,Mobile
1937514325,,rule_based,EVT-0075,2024-02-13,PC_ANTIHYPERTENSIVE,primary care,West,383.3333333333333,,False,,,West,,15,,,Colorado Springs,
1133616429,,rule_based,EVT-0076,2024-02-23,NEURO_MIGRAINE_CGRP,neurology,Midwest,223.16666666666666,,False,,,Midwest,,10,,,Grand Rapids,
1204261733,1095874958,rule_based,EVT-0076,2024-02-23,NEURO_MIGRAINE_CGRP,neurology,Southeast,242.5,236.83333333333334,True,1,neurology,Southeast,Southeast,7,8,2.336769759450168,Chattanooga,Tampa
1327009084,,rule_based,EVT-0076,2024-02-23,NEURO_MIGRAINE_CGRP,neurology,Southwest,246.83333333333334,,False,,,Southwest,,13,,,Scottsdale,
1512844550,,rule_based,EVT-0076,2024-02-23,NEURO_MIGRAINE_CGRP,neurology,Southwest,264.3333333333333,,False,,,Southwest,,15,,,Tulsa,
1561159348,,rule_based,EVT-0076,2024-02-23,NEURO_MIGRAINE_CGRP,neurology,Northeast,161.33333333333334,,False,,,Northeast,,7,,,Portland,
1616418756,,rule_based,EVT-0076,2024-02-23,NEURO_MIGRAINE_CGRP,neurology,Northeast,191.33333333333334,,False,,,Northeast,,8,,,Worcester,
1635476009,,rule_based,EVT-0076,2024-02-23,NEURO_MIGRAINE_CGRP,neurology,Northeast,221.66666666666666,,False,,,Northeast,,18,,,Hartford,
1636376422,,rule_based,EVT-0076,2024-02-23,NEURO_MIGRAINE_CGRP,neurology,Southwest,247.16666666666666,,False,,,Southwest,,7,,,San Antonio,
1728890785,,rule_based,EVT-0076,2024-02-23,NEURO_MIGRAINE_CGRP,neurology,Southeast,172.5,,False,,,Southeast,,10,,,Charlottesville,
1824149854,1334266743,rule_based,EVT-0076,2024-02-23,NEURO_MIGRAINE_CGRP,neurology,Southeast,267.0,266.0,True,1,neurology,Southeast,Southeast,12,11,0.37453183520599254,Memphis,Greenville
1836939912,1838809964,rule_based,EVT-0076,2024-02-23,NEURO_MIGRAINE_CGRP,neurology,Southeast,185.33333333333334,197.83333333333334,True,1,neurology,Southeast,Southeast,6,8,6.744604316546762,Savannah,Greenville
1163199601,,rule_based,EVT-0076,2024-02-23,NEURO_MIGRAINE_CGRP,neurology,Southwest,239.83333333333334,,False,,,Southwest,,17,,,Oklahoma City,
1202669523,1766730505,rule_based,EVT-0077,2024-02-26,CARD_HF_ARNI,cardiology,Midwest,293.0,318.6666666666667,True,1,cardiology,Midwest,Midwest,15,12,8.759954493742896,Fort Wayne,Ann Arbor
1265952337,,rule_based,EVT-0077,2024-02-26,CARD_HF_ARNI,cardiology,Northeast,445.5,,False,,,Northeast,,22,,,Syracuse,
1594466975,1069143851,rule_based,EVT-0077,2024-02-26,CARD_HF_ARNI,cardiology,West,314.1666666666667,292.5,True,1,cardiology,West,West,17,20,6.896551724137937,Salt Lake City,San Francisco
1648553570,1369949932,rule_based,EVT-0077,2024-02-26,CARD_HF_ARNI,cardiology,Southwest,319.8333333333333,313.5,True,1,cardiology,Southwest,Southwest,11,11,1.9801980198019744,Houston,Dallas
1710163217,,rule_based,EVT-0077,2024-02-26,CARD_HF_ARNI,cardiology,Northeast,278.8333333333333,,False,,,Northeast,,11,,,Albany,
1745601371,1200346587,rule_based,EVT-0077,2024-02-26,CARD_HF_ARNI,cardiology,Midwest,247.66666666666666,245.16666666666666,True,1,cardiology,Midwest,Midwest,11,8,1.009421265141319,Peoria,Chicago
1760628762,,rule_based,EVT-0077,2024-02-26,CARD_HF_ARNI,cardiology,Southwest,189.33333333333334,,False,,,Southwest,,13,,,Oklahoma City,
1814938340,1751172259,rule_based,EVT-0077,2024-02-26,CARD_HF_ARNI,cardiology,Southeast,278.1666666666667,278.8333333333333,True,1,cardiology,Southeast,Southeast,13,12,0.23966446974234704,Huntsville,Savannah
1885189138,1056679651,rule_based,EVT-0077,2024-02-26,CARD_HF_ARNI,cardiology,Northeast,277.0,269.0,True,1,cardiology,Northeast,Northeast,7,6,2.888086642599278,Syracuse,Philadelphia
1933607412,1371759725,rule_based,EVT-0077,2024-02-26,CARD_HF_ARNI,cardiology,West,179.5,179.33333333333334,True,1,cardiology,West,West,12,15,0.09285051067780345,Tacoma,Portland
1159841240,,rule_based,EVT-0078,2024-03-05,NEURO_MIGRAINE_CGRP,neurology,Southeast,624.0,,False,,,Southeast,,17,,,Charlotte,
1204261733,1095874958,rule_based,EVT-0078,2024-03-05,NEURO_MIGRAINE_CGRP,neurology,Southeast,244.66666666666666,244.0,True,1,neurology,Southeast,Southeast,7,8,0.2724795640326937,Chattanooga,Tampa
1327009084,,rule_based,EVT-0078,2024-03-05,NEURO_MIGRAINE_CGRP,neurology,Southwest,254.16666666666666,,False,,,Southwest,,13,,,Scottsdale,
1592062677,,rule_based,EVT-0078,2024-03-05,NEURO_MIGRAINE_CGRP,neurology,Southeast,410.8333333333333,,False,,,Southeast,,9,,,Nashville,
1824149854,1334266743,rule_based,EVT-0078,2024-03-05,NEURO_MIGRAINE_CGRP,neurology,Southeast,275.1666666666667,283.8333333333333,True,1,neurology,Southeast,Southeast,12,11,3.1496062992125844,Memphis,Greenville
1041585906,1985685233,rule_based,EVT-0079,2024-03-11,ONC_TARGETED_ORAL,oncology,West,145.83333333333334,145.16666666666666,True,1,oncology,West,West,8,11,0.4571428571428701,Eugene,Provo
1328056928,,rule_based,EVT-0079,2024-03-11,ONC_TARGETED_ORAL,oncology,Northeast,272.1666666666667,,False,,,Northeast,,7,,,Bangor,
1358245029,,rule_based,EVT-0079,2024-03-11,ONC_TARGETED_ORAL,oncology,Midwest,181.0,,False,,,Midwest,,17,,,South Bend,
1679256069,,rule_based,EVT-0079,2024-03-11,ONC_TARGETED_ORAL,oncology,Northeast,350.0,,False,,,Northeast,,34,,,Hershey,
1893606271,,rule_based,EVT-0079,2024-03-11,ONC_TARGETED_ORAL,oncology,Southwest,317.3333333333333,,False,,,Southwest,,7,,,Austin,
1969914385,,rule_based,EVT-0079,2024-03-11,ONC_TARGETED_ORAL,oncology,West,232.83333333333334,,False,,,West,,12,,,Denver,
1216532808,1375799982,rule_based,EVT-0080,2024-03-11,ONC_TARGETED_ORAL,oncology,Southeast,158.0,171.5,True,1,oncology,Southeast,Southeast,12,10,8.544303797468354,Mobile,Columbia
1240190284,,rule_based,EVT-0080,2024-03-11,ONC_TARGETED_ORAL,oncology,Southwest,321.5,,False,,,Southwest,,17,,,Santa Fe,
1326516303,,rule_based,EVT-0080,2024-03-11,ONC_TARGETED_ORAL,oncology,Southwest,295.3333333333333,,False,,,Southwest,,12,,,Phoenix,
1328056928,,rule_based,EVT-0080,2024-03-11,ONC_TARGETED_ORAL,oncology,Northeast,272.1666666666667,,False,,,Northeast,,7,,,Bangor,
1358245029,,rule_based,EVT-0080,2024-03-11,ONC_TARGETED_ORAL,oncology,Midwest,181.0,,False,,,Midwest,,17,,,South Bend,
1743613295,1900445093,rule_based,EVT-0080,2024-03-11,ONC_TARGETED_ORAL,oncology,Midwest,153.33333333333334,148.5,True,1,oncology,Midwest,Midwest,11,14,3.1521739130434843,Cincinnati,Columbia
1758206720,,rule_based,EVT-0080,2024-03-11,ONC_TARGETED_ORAL,oncology,Southwest,202.16666666666666,,False,,,Southwest,,18,,,Tucson,
1811081532,,rule_based,EVT-0080,2024-03-11,ONC_TARGETED_ORAL,oncology,Northeast,177.66666666666666,,False,,,Northeast,,12,,,Philadelphia,
1857629178,,rule_based,EVT-0080,2024-03-11,ONC_TARGETED_ORAL,oncology,West,82.16666666666667,,False,,,West,,3,,,Eugene,
1893606271,,rule_based,EVT-0080,2024-03-11,ONC_TARGETED_ORAL,oncology,Southwest,317.3333333333333,,False,,,Southwest,,7,,,Austin,
1009179924,1405577143,rule_based,EVT-0081,2024-03-12,CARD_HF_ARNI,cardiology,West,324.1666666666667,334.1666666666667,True,1,cardiology,West,West,10,9,3.0848329048843186,Los Angeles,Colorado Springs
1078096579,,rule_based,EVT-0081,2024-03-12,CARD_HF_ARNI,cardiology,Midwest,383.6666666666667,,False,,,Midwest,,13,,,Rochester,
1123148250,1234567687,rule_based,EVT-0081,2024-03-12,CARD_HF_ARNI,cardiology,Southwest,233.83333333333334,242.16666666666666,True,1,cardiology,Southwest,Southwest,19,21,3.563791874554518,Austin,Albuquerque
1265952337,,rule_based,EVT-0081,2024-03-12,CARD_HF_ARNI,cardiology,Northeast,440.8333333333333,,False,,,Northeast,,22,,,Syracuse,
1286477181,1656483868,rule_based,EVT-0081,2024-03-12,CARD_HF_ARNI,cardiology,Midwest,211.5,222.5,True,1,cardiology,Midwest,Midwest,10,10,5.200945626477541,Green Bay,Rochester
1332369119,1751172259,rule_based,EVT-0081,2024-03-12,CARD_HF_ARNI,cardiology,Southeast,302.8333333333333,279.8333333333333,True,1,cardiology,Southeast,Southeast,9,12,7.59493670886076,Raleigh,Savannah
1494868502,,rule_based,EVT-0081,2024-03-12,CARD_HF_ARNI,cardiology,Southeast,308.5,,False,,,Southeast,,7,,,Huntsville,
1610177150,,rule_based,EVT-0081,2024-03-12,CARD_HF_ARNI,cardiology,Southeast,422.1666666666667,,False,,,Southeast,,19,,,Mobile,
1710163217,1167711153,rule_based,EVT-0081,2024-03-12,CARD_HF_ARNI,cardiology,Northeast,281.3333333333333,277.5,True,1,cardiology,Northeast,Northeast,11,8,1.3625592417061545,Albany,Princeton
1714986282,,rule_based,EVT-0081,2024-03-12,CARD_HF_ARNI,cardiology,West,218.33333333333334,,False,,,West,,10,,,Tacoma,
1715729269,,rule_based,EVT-0081,2024-03-12,CARD_HF_ARNI,cardiology,Southeast,428.1666666666667,,False,,,Southeast,,38,,,Savannah,
1732914373,1722038985,rule_based,EVT-0081,2024-03-12,CARD_HF_ARNI,cardiology,West,220.33333333333334,240.0,True,1,cardiology,West,West,10,8,8.925869894099844,Tacoma,Denver
1897395806,1120080837,rule_based,EVT-0081,2024-03-12,CARD_HF_ARNI,cardiology,Northeast,274.1666666666667,266.0,True,1,cardiology,Northeast,Northeast,15,16,2.9787234042553257,Portland,Hartford
1933607412,1371759725,rule_based,EVT-0081,2024-03-12,CARD_HF_ARNI,cardiology,West,174.5,185.16666666666666,True,1,cardiology,West,West,12,15,6.112702960840491,Tacoma,Portland
1934829601,,rule_based,EVT-0081,2024-03-12,CARD_HF_ARNI,cardiology,Midwest,368.6666666666667,,False,,,Midwest,,13,,,Toledo,
1955222058,1443907526,rule_based,EVT-0081,2024-03-12,CARD_HF_ARNI,cardiology,Southeast,186.5,185.66666666666666,True,1,cardiology,Southeast,Southeast,4,4,0.44682752457551894,Chattanooga,Memphis
1670701188,,rule_based,EVT-0081,2024-03-12,CARD_HF_ARNI,cardiology,Southeast,500.0,,False,,,Southeast,,7,,,Chattanooga,
1246066447,,rule_based,EVT-0082,2024-03-21,RHEUM_JAK_ORAL,rheumatology,Southwest,510.6666666666667,,False,,,Southwest,,28,,,Mesa,
1595774286,,rule_based,EVT-0082,2024-03-21,RHEUM_JAK_ORAL,rheumatology,Midwest,535.5,,False,,,Midwest,,13,,,Peoria,
1598661571,1775551348,rule_based,EVT-0082,2024-03-21,RHEUM_JAK_ORAL,rheumatology,Northeast,437.6666666666667,437.0,True,1,rheumatology,Northeast,Northeast,10,11,0.15232292460015665,Stamford,Newark
1638368260,1038582841,rule_based,EVT-0082,2024-03-21,RHEUM_JAK_ORAL,rheumatology,West,156.5,152.83333333333334,True,1,rheumatology,West,West,13,13,2.3429179978700683,Seattle,Salt Lake City
1944079924,,rule_based,EVT-0082,2024-03-21,RHEUM_JAK_ORAL,rheumatology,Southeast,736.0,,False,,,Southeast,,14,,,Columbia,
1018018261,,rule_based,EVT-0083,2024-03-26,METABOLIC_GLP1_INJ,primary care,Northeast,262.3333333333333,,False,,,Northeast,,13,,,Newark,
1025978341,1736538384,rule_based,EVT-0083,2024-03-26,METABOLIC_GLP1_INJ,endocrinology,Northeast,231.0,208.5,True,1,endocrinology,Northeast,Northeast,12,14,9.740259740259742,Hartford,Allentown
1040239976,1993874985,rule_based,EVT-0083,2024-03-26,METABOLIC_GLP1_INJ,rheumatology,Northeast,117.33333333333333,125.16666666666667,True,1,rheumatology,Northeast,Northeast,24,23,6.676136363636371,New York,Boston
1065455036,1642024693,rule_based,EVT-0083,2024-03-26,METABOLIC_GLP1_INJ,rheumatology,Northeast,65.16666666666667,60.5,True,1,rheumatology,Northeast,Northeast,13,10,7.1611253196931015,Syracuse,Buffalo
1101185407,,rule_based,EVT-0083,2024-03-26,METABOLIC_GLP1_INJ,primary care,Midwest,315.3333333333333,,False,,,Midwest,,17,,,Lansing,
1123148250,,rule_based,EVT-0083,2024-03-26,METABOLIC_GLP1_INJ,cardiology,Southwest,348.6666666666667,,False,,,Southwest,,19,,,Austin,
1124726435,,rule_based,EVT-0083,2024-03-26,METABOLIC_GLP1_INJ,primary care,Northeast,560.3333333333334,,False,,,Northeast,,14,,,Allentown,
1133130363,,rule_based,EVT-0083,2024-03-26,METABOLIC_GLP1_INJ,primary care,Northeast,417.8333333333333,,False,,,Northeast,,13,,,Hartford,
1166368237,1209829039,rule_based,EVT-0083,2024-03-26,METABOLIC_GLP1_INJ,primary care,Southwest,244.66666666666666,221.83333333333334,True,1,primary care,Southwest,Southwest,10,12,9.332425068119884,Tulsa,Dallas
1198262952,,rule_based,EVT-0083,2024-03-26,METABOLIC_GLP1_INJ,pulmonology,Northeast,86.5,,False,,,Northeast,,5,,,Hartford,
1213511599,,rule_based,EVT-0083,2024-03-26,METABOLIC_GLP1_INJ,primary care,Northeast,702.0,,False,,,Northeast,,30,,,Bangor,
1263807582,,rule_based,EVT-0083,2024-03-26,METABOLIC_GLP1_INJ,primary care,Northeast,343.8333333333333,,False,,,Northeast,,7,,,Syracuse,
1265952337,1897723296,rule_based,EVT-0083,2024-03-26,METABOLIC_GLP1_INJ,cardiology,Northeast,87.5,80.5,True,1,cardiology,Northeast,Northeast,22,19,8.0,Syracuse,Portland
1299418347,1464805419,rule_based,EVT-0083,2024-03-26,METABOLIC_GLP1_INJ,cardiology,Northeast,152.66666666666666,157.33333333333334,True,1,cardiology,Northeast,Northeast,18,18,3.056768558951978,Springfield,Syracuse
1418997171,1209566128,rule_based,EVT-0083,2024-03-26,METABOLIC_GLP1_INJ,primary care,Northeast,324.0,346.6666666666667,True,1,primary care,Northeast,Northeast,18,15,6.995884773662557,Jersey City,Stamford
1481247389,,rule_based,EVT-0083,2024-03-26,METABOLIC_GLP1_INJ,primary care,Southeast,434.0,,False,,,Southeast,,24,,,Winston-Salem,
1520551320,1109634414,rule_based,EVT-0083,2024-03-26,METABOLIC_GLP1_INJ,rheumatology,Northeast,127.16666666666667,137.0,True,1,rheumatology,Northeast,Northeast,13,11,7.732634338138922,Syracuse,Buffalo
1595774286,,rule_based,EVT-0083,2024-03-26,METABOLIC_GLP1_INJ,rheumatology,Midwest,157.33333333333334,,False,,,Midwest,,13,,,Peoria,
1616418756,,rule_based,EVT-0083,2024-03-26,METABOLIC_GLP1_INJ,neurology,Northeast,229.83333333333334,,False,,,Northeast,,8,,,Worcester,
1645233598,,rule_based,EVT-0083,2024-03-26,METABOLIC_GLP1_INJ,endocrinology,Northeast,409.0,,False,,,Northeast,,10,,,Boston,
1655727265,,rule_based,EVT-0083,2024-03-26,METABOLIC_GLP1_INJ,pulmonology,Northeast,96.0,,False,,,Northeast,,12,,,Bangor,
1672904236,,rule_based,EVT-0083,2024-03-26,METABOLIC_GLP1_INJ,cardiology,Northeast,134.5,,False,,,Northeast,,5,,,Philadelphia,
1688735228,,rule_based,EVT-0083,2024-03-26,METABOLIC_GLP1_INJ,rheumatology,Northeast,91.33333333333333,,False,,,Northeast,,23,,,Camden,
1725623817,,rule_based,EVT-0083,2024-03-26,METABOLIC_GLP1_INJ,primary care,Southwest,278.1666666666667,,False,,,Southwest,,9,,,Las Vegas,
1738903891,,rule_based,EVT-0083,2024-03-26,METABOLIC_GLP1_INJ,endocrinology,Southeast,223.66666666666666,,False,,,Southeast,,18,,,Charlotte,
1768831921,,rule_based,EVT-0083,2024-03-26,METABOLIC_GLP1_INJ,rheumatology,Northeast,258.5,,False,,,Northeast,,11,,,Rochester,
1806103952,,rule_based,EVT-0083,2024-03-26,METABOLIC_GLP1_INJ,cardiology,West,228.33333333333334,,False,,,West,,8,,,Provo,
1877046932,1099946885,rule_based,EVT-0083,2024-03-26,METABOLIC_GLP1_INJ,primary care,Northeast,190.16666666666666,203.66666666666666,True,1,primary care,Northeast,Northeast,16,18,7.099035933391762,Boston,Hartford
1889776344,1536141264,rule_based,EVT-0083,2024-03-26,METABOLIC_GLP1_INJ,pulmonology,Northeast,77.5,78.83333333333333,True,1,pulmonology,Northeast,Northeast,7,7,1.7204301075268755,Camden,Stamford
1897395806,1746587884,rule_based,EVT-0083,2024-03-26,METABOLIC_GLP1_INJ,cardiology,Northeast,83.5,85.66666666666667,True,1,cardiology,Northeast,Northeast,15,12,2.594810379241523,Portland,Pittsburgh
1922670785,,rule_based,EVT-0083,2024-03-26,METABOLIC_GLP1_INJ,primary care,Southeast,361.5,,False,,,Southeast,,30,,,Augusta,
1924355757,,rule_based,EVT-0083,2024-03-26,METABOLIC_GLP1_INJ,primary care,Southwest,354.3333333333333,,False,,,Southwest,,7,,,Albuquerque,
1944079924,1337789832,rule_based,EVT-0083,2024-03-26,METABOLIC_GLP1_INJ,rheumatology,Southeast,130.33333333333334,130.33333333333334,True,1,rheumatology,Southeast,Southeast,14,15,0.0,Columbia,Savannah
1989798412,1412773438,rule_based,EVT-0083,2024-03-26,METABOLIC_GLP1_INJ,primary care,Southwest,306.3333333333333,296.0,True,1,primary care,Southwest,Southwest,13,12,3.3732317736670234,Las Vegas,Tucson
1524065749,,rule_based,EVT-0083,2024-03-26,METABOLIC_GLP1_INJ,rheumatology,Northeast,109.0,,False,,,Northeast,,16,,,Worcester,
1009179924,1405577143,rule_based,EVT-0084,2024-03-27,CARD_HF_ARNI,cardiology,West,324.1666666666667,334.1666666666667,True,1,cardiology,West,West,10,9,3.0848329048843186,Los Angeles,Colorado Springs
1123148250,1234567687,rule_based,EVT-0084,2024-03-27,CARD_HF_ARNI,cardiology,Southwest,233.83333333333334,242.16666666666666,True,1,cardiology,Southwest,Southwest,19,21,3.563791874554518,Austin,Albuquerque
1246448348,,rule_based,EVT-0084,2024-03-27,CARD_HF_ARNI,cardiology,Southeast,452.0,,False,,,Southeast,,11,,,Orlando,
1369949932,,rule_based,EVT-0084,2024-03-27,CARD_HF_ARNI,cardiology,Southwest,326.1666666666667,,False,,,Southwest,,11,,,Dallas,
1376656900,1823309871,rule_based,EVT-0084,2024-03-27,CARD_HF_ARNI,cardiology,Southwest,295.1666666666667,313.0,True,1,cardiology,Southwest,Southwest,6,5,6.041784302653861,Tucson,San Antonio
1492077734,,rule_based,EVT-0084,2024-03-27,CARD_HF_ARNI,cardiology,Midwest,585.3333333333334,,False,,,Midwest,,6,,,Green Bay,
1631526641,,rule_based,EVT-0084,2024-03-27,CARD_HF_ARNI,cardiology,Southwest,219.0,,False,,,Southwest,,16,,,Oklahoma City,
1648553570,,rule_based,EVT-0084,2024-03-27,CARD_HF_ARNI,cardiology,Southwest,333.3333333333333,,False,,,Southwest,,11,,,Houston,
1710163217,1167711153,rule_based,EVT-0084,2024-03-27,CARD_HF_ARNI,cardiology,Northeast,281.3333333333333,277.5,True,1,cardiology,Northeast,Northeast,11,8,1.3625592417061545,Albany,Princeton
1760628762,,rule_based,EVT-0084,2024-03-27,CARD_HF_ARNI,cardiology,Southwest,200.16666666666666,,False,,,Southwest,,13,,,Oklahoma City,
1934829601,,rule_based,EVT-0084,2024-03-27,CARD_HF_ARNI,cardiology,Midwest,368.6666666666667,,False,,,Midwest,,13,,,Toledo,
1969108517,1656483868,rule_based,EVT-0084,2024-03-27,CARD_HF_ARNI,cardiology,Midwest,214.16666666666666,222.5,True,1,cardiology,Midwest,Midwest,12,10,3.8910505836575924,Minneapolis,Rochester
1050506165,1152018085,rule_based,EVT-0085,2024-04-10,PULM_ICS_LABA_INH,pulmonology,Southeast,326.8333333333333,297.0,True,1,pulmonology,Southeast,Southeast,6,6,9.127995920448745,Raleigh,Huntsville
1058647219,,rule_based,EVT-0085,2024-04-10,PULM_ICS_LABA_INH,pulmonology,Northeast,354.0,,False,,,Northeast,,11,,,Albany,
1129206672,,rule_based,EVT-0085,2024-04-10,PULM_ICS_LABA_INH,pulmonology,Northeast,293.6666666666667,,False,,,Northeast,,27,,,Jersey City,
1139166684,,rule_based,EVT-0085,2024-04-10,PULM_ICS_LABA_INH,pulmonology,Midwest,280.8333333333333,,False,,,Midwest,,5,,,Green Bay,
1238983617,,rule_based,EVT-0085,2024-04-10,PULM_ICS_LABA_INH,pulmonology,Southeast,924.1666666666666,,False,,,Southeast,,13,,,Memphis,
1474100561,1160075531,rule_based,EVT-0085,2024-04-10,PULM_ICS_LABA_INH,pulmonology,Midwest,123.66666666666667,122.83333333333333,True,1,pulmonology,Midwest,Midwest,11,13,0.6738544474393607,Kansas City,Fort Wayne
1533003293,,rule_based,EVT-0085,2024-04-10,PULM_ICS_LABA_INH,pulmonology,Midwest,306.0,,False,,,Midwest,,5,,,Green Bay,
1547244776,1573445784,rule_based,EVT-0085,2024-04-10,PULM_ICS_LABA_INH,pulmonology,Northeast,178.33333333333334,195.83333333333334,True,1,pulmonology,Northeast,Northeast,18,16,9.813084112149532,Cambridge,Springfield
1555906795,,rule_based,EVT-0085,2024-04-10,PULM_ICS_LABA_INH,pulmonology,Midwest,525.1666666666666,,False,,,Midwest,,13,,,Green Bay,
1655727265,,rule_based,EVT-0085,2024-04-10,PULM_ICS_LABA_INH,pulmonology,Northeast,487.5,,False,,,Northeast,,12,,,Bangor,
1688976343,1293528836,rule_based,EVT-0085,2024-04-10,PULM_ICS_LABA_INH,pulmonology,Southeast,306.1666666666667,305.8333333333333,True,1,pulmonology,Southeast,Southeast,14,17,0.1088731627653907,Charlotte,Richmond
1761262934,,rule_based,EVT-0085,2024-04-10,PULM_ICS_LABA_INH,pulmonology,Northeast,291.6666666666667,,False,,,Northeast,,22,,,New Haven,
1889776344,1320611266,rule_based,EVT-0085,2024-04-10,PULM_ICS_LABA_INH,pulmonology,Northeast,226.66666666666666,210.0,True,1,pulmonology,Northeast,Northeast,7,7,7.352941176470584,Camden,Springfield
1009179924,1599978586,rule_based,EVT-0086,2024-04-17,CV_ANTICOAG_ORAL,cardiology,West,270.3333333333333,291.3333333333333,True,1,cardiology,West,West,10,11,7.76818742293465,Los Angeles,Salt Lake City
1025978341,,rule_based,EVT-0086,2024-04-17,CV_ANTICOAG_ORAL,endocrinology,Northeast,467.3333333333333,,False,,,Northeast,,12,,,Hartford,
1026722938,,rule_based,EVT-0086,2024-04-17,CV_ANTICOAG_ORAL,endocrinology,Midwest,386.1666666666667,,False,,,Midwest,,11,,,Toledo,
1038444141,,rule_based,EVT-0086,2024-04-17,CV_ANTICOAG_ORAL,oncology,Southeast,69.16666666666667,,False,,,Southeast,,11,,,Durham,
1050705288,,rule_based,EVT-0086,2024-04-17,CV_ANTICOAG_ORAL,endocrinology,Southeast,581.5,,False,,,Southeast,,21,,,Atlanta,
1101185407,,rule_based,EVT-0086,2024-04-17,CV_ANTICOAG_ORAL,primary care,Midwest,146.66666666666666,,False,,,Midwest,,17,,,Lansing,
1133130363,,rule_based,EVT-0086,2024-04-17,CV_ANTICOAG_ORAL,primary care,Northeast,195.83333333333334,,False,,,Northeast,,13,,,Hartford,
1136500869,,rule_based,EVT-0086,2024-04-17,CV_ANTICOAG_ORAL,endocrinology,Southeast,341.5,,False,,,Southeast,,18,,,Arlington,
1137408567,,rule_based,EVT-0086,2024-04-17,CV_ANTICOAG_ORAL,endocrinology,Northeast,648.5,,False,,,Northeast,,10,,,Allentown,
1144669185,,rule_based,EVT-0086,2024-04-17,CV_ANTICOAG_ORAL,primary care,Northeast,706.8333333333334,,False,,,Northeast,,16,,,Allentown,
1240190284,1111217703,rule_based,EVT-0086,2024-04-17,CV_ANTICOAG_ORAL,oncology,Southwest,153.16666666666666,145.83333333333334,True,1,oncology,Southwest,Southwest,17,17,4.787812840043514,Santa Fe,Oklahoma City
1240393805,,rule_based,EVT-0086,2024-04-17,CV_ANTICOAG_ORAL,primary care,Southeast,66.83333333333333,,False,,,Southeast,,10,,,Jacksonville,
1268222167,,rule_based,EVT-0086,2024-04-17,CV_ANTICOAG_ORAL,primary care,Midwest,362.1666666666667,,False,,,Midwest,,19,,,Fort Wayne,
1330156328,,rule_based,EVT-0086,2024-04-17,CV_ANTICOAG_ORAL,endocrinology,Southwest,41.833333333333336,,False,,,Southwest,,6,,,Santa Fe,
1334793308,,rule_based,EVT-0086,2024-04-17,CV_ANTICOAG_ORAL,neurology,Northeast,109.33333333333333,,False,,,Northeast,,7,,,Portland,
1385532449,1364720148,rule_based,EVT-0086,2024-04-17,CV_ANTICOAG_ORAL,primary care,Southeast,190.83333333333334,200.83333333333334,True,1,primary care,Southeast,Southeast,6,6,5.240174672489083,Atlanta,Miami
1455101661,,rule_based,EVT-0086,2024-04-17,CV_ANTICOAG_ORAL,endocrinology,Southeast,287.6666666666667,,False,,,Southeast,,19,,,Nashville,
1475115246,,rule_based,EVT-0086,2024-04-17,CV_ANTICOAG_ORAL,cardiology,Southeast,171.33333333333334,,False,,,Southeast,,17,,,Macon,
1494868502,,rule_based,EVT-0086,2024-04-17,CV_ANTICOAG_ORAL,cardiology,Southeast,105.83333333333333,,False,,,Southeast,,7,,,Huntsville,
1590337907,1121962926,rule_based,EVT-0086,2024-04-17,CV_ANTICOAG_ORAL,rheumatology,Northeast,263.8333333333333,265.6666666666667,True,1,rheumatology,Northeast,Northeast,9,11,0.6948831332912336,Worcester,Jersey City
1610429726,,rule_based,EVT-0086,2024-04-17,CV_ANTICOAG_ORAL,rheumatology,Southeast,83.16666666666667,,False,,,Southeast,,27,,,Charlottesville,
1644815767,,rule_based,EVT-0086,2024-04-17,CV_ANTICOAG_ORAL,primary care,West,260.0,,False,,,West,,16,,,Tacoma,
1645233598,,rule_based,EVT-0086,2024-04-17,CV_ANTICOAG_ORAL,endocrinology,Northeast,460.6666666666667,,False,,,Northeast,,10,,,Boston,
1666389063,,rule_based,EVT-0086,2024-04-17,CV_ANTICOAG_ORAL,endocrinology,Midwest,115.16666666666667,,False,,,Midwest,,17,,,Indianapolis,
1702497342,1100495849,rule_based,EVT-0086,2024-04-17,CV_ANTICOAG_ORAL,endocrinology,Southeast,305.5,325.5,True,1,endocrinology,Southeast,Southeast,9,8,6.546644844517186,Knoxville,Mobile
1704331150,,rule_based,EVT-0086,2024-04-17,CV_ANTICOAG_ORAL,endocrinology,West,286.6666666666667,,False,,,West,,11,,,Denver,
1710163217,,rule_based,EVT-0086,2024-04-17,CV_ANTICOAG_ORAL,cardiology,Northeast,224.33333333333334,,False,,,Northeast,,11,,,Albany,
1714292012,1793685516,rule_based,EVT-0086,2024-04-17,CV_ANTICOAG_ORAL,cardiology,Southeast,268.1666666666667,274.1666666666667,True,1,cardiology,Southeast,Southeast,14,16,2.237414543194531,Tampa,Birmingham
1738903891,,rule_based,EVT-0086,2024-04-17,CV_ANTICOAG_ORAL,endocrinology,Southeast,512.3333333333334,,False,,,Southeast,,18,,,Charlotte,
1747032997,,rule_based,EVT-0086,2024-04-17,CV_ANTICOAG_ORAL,primary care,Northeast,336.3333333333333,,False,,,Northeast,,9,,,New York,
1836939912,,rule_based,EVT-0086,2024-04-17,CV_ANTICOAG_ORAL,neurology,Southeast,87.33333333333333,,False,,,Southeast,,6,,,Savannah,
1880265578,1279255164,rule_based,EVT-0086,2024-04-17,CV_ANTICOAG_ORAL,cardiology,Midwest,103.16666666666667,105.33333333333333,True,1,cardiology,Midwest,Midwest,11,14,2.1001615508885205,Columbus,St. Paul
1910188758,1971977354,rule_based,EVT-0086,2024-04-17,CV_ANTICOAG_ORAL,endocrinology,Southeast,96.16666666666667,93.0,True,1,endocrinology,Southeast,Southeast,16,15,3.2928942807625696,Charlottesville,Mobile
1944079924,,rule_based,EVT-0086,2024-04-17,CV_ANTICOAG_ORAL,rheumatology,Southeast,392.8333333333333,,False,,,Southeast,,14,,,Columbia,
1949335115,1694658844,rule_based,EVT-0086,2024-04-17,CV_ANTICOAG_ORAL,endocrinology,Southeast,198.16666666666666,203.33333333333334,True,1,endocrinology,Southeast,Southeast,8,6,2.6072329688814224,Nashville,Knoxville
1969108517,,rule_based,EVT-0086,2024-04-17,CV_ANTICOAG_ORAL,cardiology,Midwest,256.0,,False,,,Midwest,,12,,,Minneapolis,
1005067453,,rule_based,EVT-0087,2024-04-18,ENDO_BASAL_INSULIN,endocrinology,West,187.0,,False,,,West,,8,,,Salt Lake City,
1011940271,,rule_based,EVT-0087,2024-04-18,ENDO_BASAL_INSULIN,endocrinology,Northeast,223.66666666666666,,False,,,Northeast,,7,,,Princeton,
1050705288,,rule_based,EVT-0087,2024-04-18,ENDO_BASAL_INSULIN,endocrinology,Southeast,815.8333333333334,,False,,,Southeast,,21,,,Atlanta,
1065091666,1257768279,rule_based,EVT-0087,2024-04-18,ENDO_BASAL_INSULIN,endocrinology,West,213.5,204.83333333333334,True,1,endocrinology,West,West,9,11,4.0593286494925795,Los Angeles,Tacoma
1137408567,,rule_based,EVT-0087,2024-04-18,ENDO_BASAL_INSULIN,endocrinology,Northeast,531.6666666666666,,False,,,Northeast,,10,,,Allentown,
1375349903,,rule_based,EVT-0087,2024-04-18,ENDO_BASAL_INSULIN,endocrinology,West,150.0,,False,,,West,,18,,,Boulder,
1394609428,,rule_based,EVT-0087,2024-04-18,ENDO_BASAL_INSULIN,endocrinology,Southwest,751.3333333333334,,False,,,Southwest,,4,,,Reno,
1453128708,1423753536,rule_based,EVT-0087,2024-04-18,ENDO_BASAL_INSULIN,endocrinology,Northeast,391.1666666666667,363.1666666666667,True,1,endocrinology,Northeast,Northeast,22,19,7.158074137196421,Cambridge,Allentown
1556860702,,rule_based,EVT-0087,2024-04-18,ENDO_BASAL_INSULIN,endocrinology,West,77.33333333333333,,False,,,West,,10,,,Colorado Springs,
1702497342,1694658844,rule_based,EVT-0087,2024-04-18,ENDO_BASAL_INSULIN,endocrinology,Southeast,307.6666666666667,333.3333333333333,True,1,endocrinology,Southeast,Southeast,9,6,8.34236186348861,Knoxville,Knoxville
1704331150,1249126917,rule_based,EVT-0087,2024-04-18,ENDO_BASAL_INSULIN,endocrinology,West,382.5,359.0,True,1,endocrinology,West,West,11,10,6.143790849673202,Denver,Eugene
1713444978,1803339427,rule_based,EVT-0087,2024-04-18,ENDO_BASAL_INSULIN,endocrinology,Midwest,332.6666666666667,301.3333333333333,True,1,endocrinology,Midwest,Midwest,11,11,9.418837675350712,Peoria,Toledo
1740626134,,rule_based,EVT-0087,2024-04-18,ENDO_BASAL_INSULIN,endocrinology,Southwest,214.33333333333334,,False,,,Southwest,,5,,,Oklahoma City,
1827318308,,rule_based,EVT-0087,2024-04-18,ENDO_BASAL_INSULIN,endocrinology,West,245.5,,False,,,West,,7,,,Provo,
1993463169,1702446943,rule_based,EVT-0087,2024-04-18,ENDO_BASAL_INSULIN,endocrinology,West,257.1666666666667,277.6666666666667,True,1,endocrinology,West,West,9,12,7.971484121840569,Seattle,Spokane
1025231352,,rule_based,EVT-0088,2024-04-18,RHEUM_JAK_ORAL,rheumatology,Northeast,278.0,,False,,,Northeast,,6,,,Syracuse,
1040239976,,rule_based,EVT-0088,2024-04-18,RHEUM_JAK_ORAL,rheumatology,Northeast,404.1666666666667,,False,,,Northeast,,24,,,New York,
1246066447,,rule_based,EVT-0088,2024-04-18,RHEUM_JAK_ORAL,rheumatology,Southwest,542.3333333333334,,False,,,Southwest,,28,,,Mesa,
1595774286,,rule_based,EVT-0088,2024-04-18,RHEUM_JAK_ORAL,rheumatology,Midwest,555.5,,False,,,Midwest,,13,,,Peoria,
1610429726,,rule_based,EVT-0088,2024-04-18,RHEUM_JAK_ORAL,rheumatology,Southeast,164.66666666666666,,False,,,Southeast,,27,,,Charlottesville,
1647196991,,rule_based,EVT-0088,2024-04-18,RHEUM_JAK_ORAL,rheumatology,Southeast,640.6666666666666,,False,,,Southeast,,8,,,Richmond,
1808310134,,rule_based,EVT-0088,2024-04-18,RHEUM_JAK_ORAL,rheumatology,Southwest,372.8333333333333,,False,,,Southwest,,12,,,Santa Fe,
1944079924,,rule_based,EVT-0088,2024-04-18,RHEUM_JAK_ORAL,rheumatology,Southeast,766.5,,False,,,Southeast,,14,,,Columbia,
1209464480,1338304433,rule_based,EVT-0089,2024-04-19,ONC_TARGETED_ORAL,oncology,Southeast,481.5,481.1666666666667,True,1,oncology,Southeast,Southeast,16,14,0.06922810661128025,Durham,Columbia
1216532808,1375799982,rule_based,EVT-0089,2024-04-19,ONC_TARGETED_ORAL,oncology,Southeast,158.16666666666666,172.33333333333334,True,1,oncology,Southeast,Southeast,12,10,8.956796628029517,Mobile,Columbia
1240190284,,rule_based,EVT-0089,2024-04-19,ONC_TARGETED_ORAL,oncology,Southwest,345.1666666666667,,False,,,Southwest,,17,,,Santa Fe,
1328056928,,rule_based,EVT-0089,2024-04-19,ONC_TARGETED_ORAL,oncology,Northeast,279.3333333333333,,False,,,Northeast,,7,,,Bangor,
1719186219,,rule_based,EVT-0089,2024-04-19,ONC_TARGETED_ORAL,oncology,West,251.83333333333334,,False,,,West,,14,,,Sacramento,
1811081532,1294882026,rule_based,EVT-0089,2024-04-19,ONC_TARGETED_ORAL,oncology,Northeast,184.0,197.0,True,1,oncology,Northeast,Northeast,12,14,7.065217391304348,Philadelphia,Springfield
1840863041,1384158410,rule_based,EVT-0089,2024-04-19,ONC_TARGETED_ORAL,oncology,Southeast,383.0,354.8333333333333,True,1,oncology,Southeast,Southeast,13,11,7.354221061792868,Miami,Nashville
1041585906,1985685233,rule_based,EVT-0090,2024-04-21,ONC_TARGETED_ORAL,oncology,West,146.16666666666666,141.83333333333334,True,1,oncology,West,West,8,11,2.964652223489155,Eugene,Provo
1240190284,,rule_based,EVT-0090,2024-04-21,ONC_TARGETED_ORAL,oncology,Southwest,345.1666666666667,,False,,,Southwest,,17,,,Santa Fe,
1292975558,,rule_based,EVT-0090,2024-04-21,ONC_TARGETED_ORAL,oncology,Northeast,724.0,,False,,,Northeast,,2,,,Stamford,
1486296159,1424541534,rule_based,EVT-0090,2024-04-21,ONC_TARGETED_ORAL,oncology,West,147.16666666666666,136.66666666666666,True,2,oncology,West,West,8,10,7.134767836919592,Portland,Provo
1555114069,1384158410,rule_based,EVT-0090,2024-04-21,ONC_TARGETED_ORAL,oncology,Southeast,350.3333333333333,354.8333333333333,True,1,oncology,Southeast,Southeast,11,11,1.2844909609895339,Richmond,Nashville
1621842156,,rule_based,EVT-0090,2024-04-21,ONC_TARGETED_ORAL,oncology,Northeast,235.16666666666666,,False,,,Northeast,,28,,,Hershey,
1704492101,,rule_based,EVT-0090,2024-04-21,ONC_TARGETED_ORAL,oncology,Southeast,209.66666666666666,,False,,,Southeast,,24,,,Savannah,
1595774286,,rule_based,EVT-0091,2024-04-24,RHEUM_JAK_ORAL,rheumatology,Midwest,555.5,,False,,,Midwest,,13,,,Peoria,
1025231352,,rule_based,EVT-0091,2024-04-24,RHEUM_JAK_ORAL,rheumatology,Northeast,278.0,,False,,,Northeast,,6,,,Syracuse,
1073902250,1641859123,rule_based,EVT-0091,2024-04-24,RHEUM_JAK_ORAL,rheumatology,West,332.1666666666667,347.6666666666667,True,1,rheumatology,West,West,10,12,4.666332162568991,Boulder,Denver
1199976907,,rule_based,EVT-0091,2024-04-24,RHEUM_JAK_ORAL,rheumatology,Northeast,273.0,,False,,,Northeast,,15,,,Albany,
1435949049,,rule_based,EVT-0091,2024-04-24,RHEUM_JAK_ORAL,rheumatology,Northeast,479.6666666666667,,False,,,Northeast,,4,,,Bangor,
1519182780,1696806755,rule_based,EVT-0091,2024-04-24,RHEUM_JAK_ORAL,rheumatology,Midwest,209.5,190.33333333333334,True,1,rheumatology,Midwest,Midwest,11,14,9.148766905330147,Milwaukee,Peoria
1590337907,1109634414,rule_based,EVT-0091,2024-04-24,RHEUM_JAK_ORAL,rheumatology,Northeast,533.5,484.0,True,1,rheumatology,Northeast,Northeast,9,11,9.278350515463918,Worcester,Buffalo
1598661571,1674708775,rule_based,EVT-0091,2024-04-24,RHEUM_JAK_ORAL,rheumatology,Northeast,431.0,411.5,True,1,rheumatology,Northeast,Northeast,10,9,4.524361948955916,Stamford,Cambridge
1643343233,,rule_based,EVT-0091,2024-04-24,RHEUM_JAK_ORAL,rheumatology,Southeast,323.0,,False,,,Southeast,,17,,,Columbia,
1647196991,,rule_based,EVT-0091,2024-04-24,RHEUM_JAK_ORAL,rheumatology,Southeast,640.6666666666666,,False,,,Southeast,,8,,,Richmond,
1757283357,,rule_based,EVT-0091,2024-04-24,RHEUM_JAK_ORAL,rheumatology,Midwest,225.0,,False,,,Midwest,,23,,,Chicago,
1002145427,,rule_based,EVT-0092,2024-04-28,METABOLIC_GLP1_INJ,primary care,Northeast,327.1666666666667,,False,,,Northeast,,13,,,Jersey City,
1005067453,,rule_based,EVT-0092,2024-04-28,METABOLIC_GLP1_INJ,endocrinology,West,83.16666666666667,,False,,,West,,8,,,Salt Lake City,
1026722938,1803339427,rule_based,EVT-0092,2024-04-28,METABOLIC_GLP1_INJ,endocrinology,Midwest,408.0,423.1666666666667,True,1,endocrinology,Midwest,Midwest,11,11,3.7173202614379135,Toledo,Toledo
1050705288,1769333869,rule_based,EVT-0092,2024-04-28,METABOLIC_GLP1_INJ,endocrinology,Southeast,166.16666666666666,154.66666666666666,True,1,endocrinology,Southeast,Southeast,21,20,6.920762286860582,Atlanta,Columbia
1133616429,1335912683,rule_based,EVT-0092,2024-04-28,METABOLIC_GLP1_INJ,neurology,Midwest,70.5,69.5,True,1,neurology,Midwest,Midwest,10,11,1.4184397163120568,Grand Rapids,St. Paul
1172835138,,rule_based,EVT-0092,2024-04-28,METABOLIC_GLP1_INJ,endocrinology,Southwest,142.0,,False,,,Southwest,,18,,,Oklahoma City,
1202669523,1766730505,rule_based,EVT-0092,2024-04-28,METABOLIC_GLP1_INJ,cardiology,Midwest,266.8333333333333,252.16666666666666,True,1,cardiology,Midwest,Midwest,15,12,5.496564647095562,Fort Wayne,Ann Arbor
1213511599,,rule_based,EVT-0092,2024-04-28,METABOLIC_GLP1_INJ,primary care,Northeast,733.8333333333334,,False,,,Northeast,,30,,,Bangor,
1240190284,1663073843,rule_based,EVT-0092,2024-04-28,METABOLIC_GLP1_INJ,oncology,Southwest,98.33333333333333,98.5,True,1,oncology,Southwest,Southwest,17,14,0.16949152542373364,Santa Fe,Santa Fe
1246066447,,rule_based,EVT-0092,2024-04-28,METABOLIC_GLP1_INJ,rheumatology,Southwest,390.3333333333333,,False,,,Southwest,,28,,,Mesa,
1265952337,,rule_based,EVT-0092,2024-04-28,METABOLIC_GLP1_INJ,cardiology,Northeast,89.0,,False,,,Northeast,,22,,,Syracuse,
1305686507,,rule_based,EVT-0092,2024-04-28,METABOLIC_GLP1_INJ,endocrinology,Southwest,120.0,,False,,,Southwest,,8,,,Austin,
1324722952,,rule_based,EVT-0092,2024-04-28,METABOLIC_GLP1_INJ,endocrinology,Northeast,52.0,,False,,,Northeast,,12,,,Stamford,
1393791409,,rule_based,EVT-0092,2024-04-28,METABOLIC_GLP1_INJ,rheumatology,Midwest,165.0,,False,,,Midwest,,25,,,Rockford,
1425340662,,rule_based,EVT-0092,2024-04-28,METABOLIC_GLP1_INJ,primary care,Southwest,168.66666666666666,,False,,,Southwest,,17,,,Austin,
1449331358,1967802350,rule_based,EVT-0092,2024-04-28,METABOLIC_GLP1_INJ,pulmonology,Midwest,119.83333333333333,129.16666666666666,True,1,pulmonology,Midwest,Midwest,9,12,7.788595271210011,Lansing,Lansing
1455101661,,rule_based,EVT-0092,2024-04-28,METABOLIC_GLP1_INJ,endocrinology,Southeast,235.33333333333334,,False,,,Southeast,,19,,,Nashville,
1566888198,,rule_based,EVT-0092,2024-04-28,METABOLIC_GLP1_INJ,primary care,Midwest,134.83333333333334,,False,,,Midwest,,26,,,Ann Arbor,
1598661571,1674708775,rule_based,EVT-0092,2024-04-28,METABOLIC_GLP1_INJ,rheumatology,Northeast,111.66666666666667,120.5,True,1,rheumatology,Northeast,Northeast,10,9,7.910447761194026,Stamford,Cambridge
1702497342,,rule_based,EVT-0092,2024-04-28,METABOLIC_GLP1_INJ,endocrinology,Southeast,209.83333333333334,,False,,,Southeast,,9,,,Knoxville,
1704331150,1432188427,rule_based,EVT-0092,2024-04-28,METABOLIC_GLP1_INJ,endocrinology,West,248.0,235.33333333333334,True,1,endocrinology,West,West,11,9,5.1075268817204265,Denver,Salt Lake City
1713444978,,rule_based,EVT-0092,2024-04-28,METABOLIC_GLP1_INJ,endocrinology,Midwest,244.83333333333334,,False,,,Midwest,,11,,,Peoria,
1738903891,,rule_based,EVT-0092,2024-04-28,METABOLIC_GLP1_INJ,endocrinology,Southeast,233.33333333333334,,False,,,Southeast,,18,,,Charlotte,
1749355669,,rule_based,EVT-0092,2024-04-28,METABOLIC_GLP1_INJ,neurology,West,141.16666666666666,,False,,,West,,8,,,Los Angeles,
1769352273,,rule_based,EVT-0092,2024-04-28,METABOLIC_GLP1_INJ,primary care,Southwest,151.0,,False,,,Southwest,,27,,,Santa Fe,
1847082322,,rule_based,EVT-0092,2024-04-28,METABOLIC_GLP1_INJ,rheumatology,Northeast,114.83333333333333,,False,,,Northeast,,16,,,Boston,
1848624494,1381937048,rule_based,EVT-0092,2024-04-28,METABOLIC_GLP1_INJ,primary care,Midwest,112.16666666666667,116.66666666666667,True,1,primary care,Midwest,Midwest,14,11,4.011887072808321,Kansas City,Milwaukee
1867204764,1526834563,rule_based,EVT-0092,2024-04-28,METABOLIC_GLP1_INJ,pulmonology,Southeast,168.83333333333334,166.66666666666666,True,1,pulmonology,Southeast,Southeast,15,15,1.2833168805528246,Winston-Salem,Columbia
1895078685,,rule_based,EVT-0092,2024-04-28,METABOLIC_GLP1_INJ,endocrinology,Southwest,130.16666666666666,,False,,,Southwest,,15,,,Fort Worth,
1903798589,1566276774,rule_based,EVT-0092,2024-04-28,METABOLIC_GLP1_INJ,primary care,Southwest,370.6666666666667,342.0,True,1,primary care,Southwest,Southwest,19,20,7.733812949640292,Austin,Reno
1939785840,,rule_based,EVT-0092,2024-04-28,METABOLIC_GLP1_INJ,endocrinology,Southwest,180.33333333333334,,False,,,Southwest,,30,,,Austin,
1964945871,1174145494,rule_based,EVT-0092,2024-04-28,METABOLIC_GLP1_INJ,endocrinology,Northeast,182.83333333333334,186.0,True,1,endocrinology,Northeast,Northeast,6,7,1.7319963536918817,New Haven,Hartford
1989798412,1412773438,rule_based,EVT-0092,2024-04-28,METABOLIC_GLP1_INJ,primary care,Southwest,316.0,300.5,True,1,primary care,Southwest,Southwest,13,12,4.90506329113924,Las Vegas,Tucson
1065870788,,rule_based,EVT-0093,2024-04-28,PC_ANTIHYPERTENSIVE,primary care,Southwest,361.0,,False,,,Southwest,,7,,,Tucson,
1080672524,1363342464,rule_based,EVT-0093,2024-04-28,PC_ANTIHYPERTENSIVE,primary care,Southeast,439.5,482.6666666666667,True,1,primary care,Southeast,Southeast,10,10,9.821767159651124,Memphis,Arlington
1124726435,,rule_based,EVT-0093,2024-04-28,PC_ANTIHYPERTENSIVE,primary care,Northeast,387.6666666666667,,False,,,Northeast,,14,,,Allentown,
1144669185,,rule_based,EVT-0093,2024-04-28,PC_ANTIHYPERTENSIVE,primary care,Northeast,793.5,,False,,,Northeast,,16,,,Allentown,
1227780172,,rule_based,EVT-0093,2024-04-28,PC_ANTIHYPERTENSIVE,primary care,Southwest,1294.5,,False,,,Southwest,,11,,,Scottsdale,
1241711534,1082909627,rule_based,EVT-0093,2024-04-28,PC_ANTIHYPERTENSIVE,primary care,Southeast,165.5,167.0,True,1,primary care,Southeast,Southeast,13,16,0.906344410876133,Columbia,Atlanta
1271768685,1311764207,rule_based,EVT-0093,2024-04-28,PC_ANTIHYPERTENSIVE,primary care,Midwest,430.3333333333333,401.8333333333333,True,1,primary care,Midwest,Midwest,8,6,6.622773044151821,St. Paul,Cincinnati
1280087226,,rule_based,EVT-0093,2024-04-28,PC_ANTIHYPERTENSIVE,primary care,Northeast,900.5,,False,,,Northeast,,10,,,Rochester,
1297280590,,rule_based,EVT-0093,2024-04-28,PC_ANTIHYPERTENSIVE,primary care,Midwest,421.8333333333333,,False,,,Midwest,,14,,,Springfield,
1316743925,,rule_based,EVT-0093,2024-04-28,PC_ANTIHYPERTENSIVE,primary care,Northeast,698.8333333333334,,False,,,Northeast,,16,,,Cambridge,
1377426493,,rule_based,EVT-0093,2024-04-28,PC_ANTIHYPERTENSIVE,primary care,West,259.8333333333333,,False,,,West,,13,,,Portland,
1385532449,,rule_based,EVT-0093,2024-04-28,PC_ANTIHYPERTENSIVE,primary care,Southeast,589.0,,False,,,Southeast,,6,,,Atlanta,
1413519731,,rule_based,EVT-0093,2024-04-28,PC_ANTIHYPERTENSIVE,primary care,Southwest,510.1666666666667,,False,,,Southwest,,13,,,Austin,
1418997171,1209566128,rule_based,EVT-0093,2024-04-28,PC_ANTIHYPERTENSIVE,primary care,Northeast,548.0,590.6666666666666,True,1,primary care,Northeast,Northeast,18,15,7.785888077858874,Jersey City,Stamford
1425340662,,rule_based,EVT-0093,2024-04-28,PC_ANTIHYPERTENSIVE,primary care,Southwest,424.5,,False,,,Southwest,,17,,,Austin,
1481247389,1892083019,rule_based,EVT-0093,2024-04-28,PC_ANTIHYPERTENSIVE,primary care,Southeast,372.5,370.3333333333333,True,1,primary care,Southeast,Southeast,24,27,0.5816554809843452,Winston-Salem,Mobile
1590869917,,rule_based,EVT-0093,2024-04-28,PC_ANTIHYPERTENSIVE,primary care,Southwest,313.5,,False,,,Southwest,,10,,,Oklahoma City,
1639269087,,rule_based,EVT-0093,2024-04-28,PC_ANTIHYPERTENSIVE,primary care,Northeast,249.5,,False,,,Northeast,,18,,,Buffalo,
1644815767,,rule_based,EVT-0093,2024-04-28,PC_ANTIHYPERTENSIVE,primary care,West,388.5,,False,,,West,,16,,,Tacoma,
1686880901,1676855970,rule_based,EVT-0093,2024-04-28,PC_ANTIHYPERTENSIVE,primary care,West,254.5,256.3333333333333,True,1,primary care,West,West,13,16,0.7203667321545439,Salt Lake City,Provo
1689059347,,rule_based,EVT-0093,2024-04-28,PC_ANTIHYPERTENSIVE,primary care,Southwest,253.66666666666666,,False,,,Southwest,,9,,,Reno,
1725623817,1209829039,rule_based,EVT-0093,2024-04-28,PC_ANTIHYPERTENSIVE,primary care,Southwest,624.5,676.8333333333334,True,1,primary care,Southwest,Southwest,9,12,8.380037363223918,Las Vegas,Dallas
1725724532,,rule_based,EVT-0093,2024-04-28,PC_ANTIHYPERTENSIVE,primary care,Northeast,898.1666666666666,,False,,,Northeast,,32,,,Boston,
1732527431,,rule_based,EVT-0093,2024-04-28,PC_ANTIHYPERTENSIVE,primary care,Southeast,425.0,,False,,,Southeast,,9,,,Arlington,
1806479196,,rule_based,EVT-0093,2024-04-28,PC_ANTIHYPERTENSIVE,primary care,Southwest,555.3333333333334,,False,,,Southwest,,16,,,Oklahoma City,
1824172013,,rule_based,EVT-0093,2024-04-28,PC_ANTIHYPERTENSIVE,primary care,Midwest,329.0,,False,,,Midwest,,10,,,Grand Rapids,
1849328657,1488515010,rule_based,EVT-0093,2024-04-28,PC_ANTIHYPERTENSIVE,primary care,Midwest,270.3333333333333,294.0,True,1,primary care,Midwest,Midwest,22,19,8.754623921085088,Minneapolis,St. Louis
1862986803,,rule_based,EVT-0093,2024-04-28,PC_ANTIHYPERTENSIVE,primary care,Midwest,281.1666666666667,,False,,,Midwest,,25,,,Grand Rapids,
1908168895,1219172859,rule_based,EVT-0093,2024-04-28,PC_ANTIHYPERTENSIVE,primary care,Southwest,213.33333333333334,208.33333333333334,True,1,primary care,Southwest,Southwest,16,13,2.34375,Albuquerque,Austin
1924355757,1352216182,rule_based,EVT-0093,2024-04-28,PC_ANTIHYPERTENSIVE,primary care,Southwest,405.1666666666667,383.6666666666667,True,1,primary care,Southwest,Southwest,7,7,5.306458247634718,Albuquerque,Scottsdale
1927430854,1838439200,rule_based,EVT-0093,2024-04-28,PC_ANTIHYPERTENSIVE,primary care,Southeast,623.6666666666666,574.8333333333334,True,1,primary care,Southeast,Southeast,13,16,7.8300374131480375,Richmond,Greenville
1058647219,,rule_based,EVT-0094,2024-04-28,PULM_ICS_LABA_INH,pulmonology,Northeast,354.0,,False,,,Northeast,,11,,,Albany,
1134509243,1320611266,rule_based,EVT-0094,2024-04-28,PULM_ICS_LABA_INH,pulmonology,Northeast,192.66666666666666,210.0,True,1,pulmonology,Northeast,Northeast,8,7,8.99653979238755,Hartford,Springfield
1139166684,,rule_based,EVT-0094,2024-04-28,PULM_ICS_LABA_INH,pulmonology,Midwest,280.8333333333333,,False,,,Midwest,,5,,,Green Bay,
1389574017,,rule_based,EVT-0094,2024-04-28,PULM_ICS_LABA_INH,pulmonology,Southwest,289.8333333333333,,False,,,Southwest,,8,,,Scottsdale,
1547112395,1588179048,rule_based,EVT-0094,2024-04-28,PULM_ICS_LABA_INH,pulmonology,Midwest,183.33333333333334,167.33333333333334,True,1,pulmonology,Midwest,Midwest,10,12,8.727272727272727,Indianapolis,Milwaukee
1547244776,1573445784,rule_based,EVT-0094,2024-04-28,PULM_ICS_LABA_INH,pulmonology,Northeast,178.33333333333334,195.83333333333334,True,1,pulmonology,Northeast,Northeast,18,16,9.813084112149532,Cambridge,Springfield
1854852153,,rule_based,EVT-0094,2024-04-28,PULM_ICS_LABA_INH,pulmonology,Southwest,205.83333333333334,,False,,,Southwest,,17,,,Houston,
1964572899,,rule_based,EVT-0094,2024-04-28,PULM_ICS_LABA_INH,pulmonology,Northeast,139.33333333333334,,False,,,Northeast,,8,,,Philadelphia,
1967802350,,rule_based,EVT-0094,2024-04-28,PULM_ICS_LABA_INH,pulmonology,Midwest,148.66666666666666,,False,,,Midwest,,12,,,Lansing,
1903798589,,rule_based,EVT-0093,2024-04-28,PC_ANTIHYPERTENSIVE,primary care,Southwest,349.6666666666667,,False,,,Southwest,,19,,,Austin,
1002145427,,rule_based,EVT-0095,2024-04-30,PC_ANTIHYPERTENSIVE,primary care,Northeast,621.0,,False,,,Northeast,,13,,,Jersey City,
1018018261,,rule_based,EVT-0095,2024-04-30,PC_ANTIHYPERTENSIVE,primary care,Northeast,497.5,,False,,,Northeast,,13,,,Newark,
1022312734,,rule_based,EVT-0095,2024-04-30,PC_ANTIHYPERTENSIVE,primary care,Midwest,184.83333333333334,,False,,,Midwest,,7,,,Columbia,
1036327983,1939052563,rule_based,EVT-0095,2024-04-30,PC_ANTIHYPERTENSIVE,primary care,West,150.83333333333334,150.5,True,1,primary care,West,West,8,8,0.2209944751381278,Portland,San Jose
1080672524,,rule_based,EVT-0095,2024-04-30,PC_ANTIHYPERTENSIVE,primary care,Southeast,439.5,,False,,,Southeast,,10,,,Memphis,
1084471394,1058325303,rule_based,EVT-0095,2024-04-30,PC_ANTIHYPERTENSIVE,primary care,Northeast,280.1666666666667,294.0,True,1,primary care,Northeast,Northeast,12,13,4.937537180249844,Springfield,Princeton
1124726435,,rule_based,EVT-0095,2024-04-30,PC_ANTIHYPERTENSIVE,primary care,Northeast,387.6666666666667,,False,,,Northeast,,14,,,Allentown,
1124890801,1209566128,rule_based,EVT-0095,2024-04-30,PC_ANTIHYPERTENSIVE,primary care,Northeast,578.3333333333334,590.6666666666666,True,1,primary care,Northeast,Northeast,15,15,2.132564841498546,Hershey,Stamford
1144669185,,rule_based,EVT-0095,2024-04-30,PC_ANTIHYPERTENSIVE,primary care,Northeast,793.5,,False,,,Northeast,,16,,,Allentown,
1166368237,,rule_based,EVT-0095,2024-04-30,PC_ANTIHYPERTENSIVE,primary care,Southwest,295.5,,False,,,Southwest,,10,,,Tulsa,
1200480071,,rule_based,EVT-0095,2024-04-30,PC_ANTIHYPERTENSIVE,primary care,Northeast,313.1666666666667,,False,,,Northeast,,20,,,Portland,
1213511599,,rule_based,EVT-0095,2024-04-30,PC_ANTIHYPERTENSIVE,primary care,Northeast,916.1666666666666,,False,,,Northeast,,30,,,Bangor,
1264333323,,rule_based,EVT-0095,2024-04-30,PC_ANTIHYPERTENSIVE,primary care,Northeast,638.0,,False,,,Northeast,,12,,,New York,
1287287258,1311764207,rule_based,EVT-0095,2024-04-30,PC_ANTIHYPERTENSIVE,primary care,Midwest,440.6666666666667,401.8333333333333,True,1,primary care,Midwest,Midwest,9,6,8.812405446293504,Columbus,Cincinnati
1297280590,,rule_based,EVT-0095,2024-04-30,PC_ANTIHYPERTENSIVE,primary care,Midwest,421.8333333333333,,False,,,Midwest,,14,,,Springfield,
1315385710,,rule_based,EVT-0095,2024-04-30,PC_ANTIHYPERTENSIVE,primary care,Northeast,1238.1666666666667,,False,,,Northeast,,20,,,Worcester,
1316743925,,rule_based,EVT-0095,2024-04-30,PC_ANTIHYPERTENSIVE,primary care,Northeast,698.8333333333334,,False,,,Northeast,,16,,,Cambridge,
1377426493,1676855970,rule_based,EVT-0095,2024-04-30,PC_ANTIHYPERTENSIVE,primary care,West,259.8333333333333,256.3333333333333,True,1,primary care,West,West,13,16,1.347017318794099,Portland,Provo
1451968915,,rule_based,EVT-0095,2024-04-30,PC_ANTIHYPERTENSIVE,primary care,Midwest,278.8333333333333,,False,,,Midwest,,12,,,Lansing,
1455779946,,rule_based,EVT-0095,2024-04-30,PC_ANTIHYPERTENSIVE,primary care,Southwest,353.8333333333333,,False,,,Southwest,,33,,,Tulsa,
1489598965,,rule_based,EVT-0095,2024-04-30,PC_ANTIHYPERTENSIVE,primary care,Southeast,512.0,,False,,,Southeast,,21,,,Charleston,
1526669415,,rule_based,EVT-0095,2024-04-30,PC_ANTIHYPERTENSIVE,primary care,Southwest,283.1666666666667,,False,,,Southwest,,15,,,Tucson,
1552813903,,rule_based,EVT-0095,2024-04-30,PC_ANTIHYPERTENSIVE,primary care,Northeast,709.8333333333334,,False,,,Northeast,,10,,,Newark,
1567742360,1233281843,rule_based,EVT-0095,2024-04-30,PC_ANTIHYPERTENSIVE,primary care,West,165.0,160.66666666666666,True,1,primary care,West,West,8,8,2.626262626262632,Provo,Eugene
1595301304,,rule_based,EVT-0095,2024-04-30,PC_ANTIHYPERTENSIVE,primary care,Southwest,438.3333333333333,,False,,,Southwest,,13,,,Tulsa,
1639269087,,rule_based,EVT-0095,2024-04-30,PC_ANTIHYPERTENSIVE,primary care,Northeast,249.5,,False,,,Northeast,,18,,,Buffalo,
1644815767,,rule_based,EVT-0095,2024-04-30,PC_ANTIHYPERTENSIVE,primary care,West,388.5,,False,,,West,,16,,,Tacoma,
1665478461,,rule_based,EVT-0095,2024-04-30,PC_ANTIHYPERTENSIVE,primary care,Northeast,493.1666666666667,,False,,,Northeast,,10,,,New York,
1689916181,,rule_based,EVT-0095,2024-04-30,PC_ANTIHYPERTENSIVE,primary care,Northeast,513.3333333333334,,False,,,Northeast,,6,,,Bangor,
1725623817,1209829039,rule_based,EVT-0095,2024-04-30,PC_ANTIHYPERTENSIVE,primary care,Southwest,624.5,676.8333333333334,True,1,primary care,Southwest,Southwest,9,12,8.380037363223918,Las Vegas,Dallas
1725724532,,rule_based,EVT-0095,2024-04-30,PC_ANTIHYPERTENSIVE,primary care,Northeast,898.1666666666666,,False,,,Northeast,,32,,,Boston,
1747032997,,rule_based,EVT-0095,2024-04-30,PC_ANTIHYPERTENSIVE,primary care,Northeast,287.5,,False,,,Northeast,,9,,,New York,
1803233885,,rule_based,EVT-0095,2024-04-30,PC_ANTIHYPERTENSIVE,primary care,Southeast,364.8333333333333,,False,,,Southeast,,16,,,Knoxville,
1808826295,,rule_based,EVT-0095,2024-04-30,PC_ANTIHYPERTENSIVE,primary care,Southeast,485.0,,False,,,Southeast,,20,,,Miami,
1815807585,,rule_based,EVT-0095,2024-04-30,PC_ANTIHYPERTENSIVE,primary care,Southeast,611.5,,False,,,Southeast,,13,,,Knoxville,
1824172013,,rule_based,EVT-0095,2024-04-30,PC_ANTIHYPERTENSIVE,primary care,Midwest,329.0,,False,,,Midwest,,10,,,Grand Rapids,
1832506087,,rule_based,EVT-0095,2024-04-30,PC_ANTIHYPERTENSIVE,primary care,Midwest,945.3333333333334,,False,,,Midwest,,14,,,Grand Rapids,
1838439200,,rule_based,EVT-0095,2024-04-30,PC_ANTIHYPERTENSIVE,primary care,Southeast,574.8333333333334,,False,,,Southeast,,16,,,Greenville,
1903798589,,rule_based,EVT-0095,2024-04-30,PC_ANTIHYPERTENSIVE,primary care,Southwest,349.6666666666667,,False,,,Southwest,,19,,,Austin,
1927430854,,rule_based,EVT-0095,2024-04-30,PC_ANTIHYPERTENSIVE,primary care,Southeast,623.6666666666666,,False,,,Southeast,,13,,,Richmond,
1937514325,,rule_based,EVT-0095,2024-04-30,PC_ANTIHYPERTENSIVE,primary care,West,427.6666666666667,,False,,,West,,15,,,Colorado Springs,
1955620046,1363342464,rule_based,EVT-0095,2024-04-30,PC_ANTIHYPERTENSIVE,primary care,Southeast,460.0,482.6666666666667,True,1,primary care,Southeast,Southeast,8,10,4.927536231884062,Birmingham,Arlington
1123148250,1323611925,rule_based,EVT-0096,2024-05-02,CARD_HF_ARNI,cardiology,Southwest,253.33333333333334,254.66666666666666,True,1,cardiology,Southwest,Southwest,19,19,0.5263157894736767,Austin,Albuquerque
1132120993,,rule_based,EVT-0096,2024-05-02,CARD_HF_ARNI,cardiology,Northeast,126.66666666666667,,False,,,Northeast,,10,,,Princeton,
1286477181,1656483868,rule_based,EVT-0096,2024-05-02,CARD_HF_ARNI,cardiology,Midwest,214.33333333333334,224.16666666666666,True,1,cardiology,Midwest,Midwest,10,10,4.58786936236391,Green Bay,Rochester
1341556789,,rule_based,EVT-0096,2024-05-02,CARD_HF_ARNI,cardiology,West,1152.0,,False,,,West,,17,,,Seattle,
1376656900,,rule_based,EVT-0096,2024-05-02,CARD_HF_ARNI,cardiology,Southwest,286.6666666666667,,False,,,Southwest,,6,,,Tucson,
1460081361,,rule_based,EVT-0096,2024-05-02,CARD_HF_ARNI,cardiology,Northeast,211.83333333333334,,False,,,Northeast,,7,,,Bangor,
1478412079,,rule_based,EVT-0096,2024-05-02,CARD_HF_ARNI,cardiology,Midwest,428.1666666666667,,False,,,Midwest,,18,,,Chicago,
1516074709,,rule_based,EVT-0096,2024-05-02,CARD_HF_ARNI,cardiology,Southwest,387.3333333333333,,False,,,Southwest,,20,,,Phoenix,
1648553570,,rule_based,EVT-0096,2024-05-02,CARD_HF_ARNI,cardiology,Southwest,357.6666666666667,,False,,,Southwest,,11,,,Houston,
1670701188,,rule_based,EVT-0096,2024-05-02,CARD_HF_ARNI,cardiology,Southeast,512.1666666666666,,False,,,Southeast,,7,,,Chattanooga,
1672904236,1056679651,rule_based,EVT-0096,2024-05-02,CARD_HF_ARNI,cardiology,Northeast,298.8333333333333,271.5,True,2,cardiology,Northeast,Northeast,5,6,9.146681539319571,Philadelphia,Philadelphia
1683943777,1405577143,rule_based,EVT-0096,2024-05-02,CARD_HF_ARNI,cardiology,West,379.0,356.5,True,1,cardiology,West,West,8,9,5.936675461741425,Provo,Colorado Springs
1710163217,1167711153,rule_based,EVT-0096,2024-05-02,CARD_HF_ARNI,cardiology,Northeast,294.5,290.5,True,1,cardiology,Northeast,Northeast,11,8,1.3582342954159592,Albany,Princeton
1714292012,1836894604,rule_based,EVT-0096,2024-05-02,CARD_HF_ARNI,cardiology,Southeast,280.6666666666667,282.0,True,1,cardiology,Southeast,Southeast,14,12,0.4750593824227961,Tampa,Norfolk
1727463709,1371759725,rule_based,EVT-0096,2024-05-02,CARD_HF_ARNI,cardiology,West,192.5,178.83333333333334,True,1,cardiology,West,West,13,15,7.0995670995670945,Salt Lake City,Portland
1732000645,,rule_based,EVT-0096,2024-05-02,CARD_HF_ARNI,cardiology,Southwest,551.5,,False,,,Southwest,,8,,,Scottsdale,
1050506165,,rule_based,EVT-0097,2024-05-03,PULM_ICS_LABA_INH,pulmonology,Southeast,337.5,,False,,,Southeast,,6,,,Raleigh,
1058647219,,rule_based,EVT-0097,2024-05-03,PULM_ICS_LABA_INH,pulmonology,Northeast,358.3333333333333,,False,,,Northeast,,11,,,Albany,
1139166684,,rule_based,EVT-0097,2024-05-03,PULM_ICS_LABA_INH,pulmonology,Midwest,273.8333333333333,,False,,,Midwest,,5,,,Green Bay,
1198262952,,rule_based,EVT-0097,2024-05-03,PULM_ICS_LABA_INH,pulmonology,Northeast,743.8333333333334,,False,,,Northeast,,5,,,Hartford,
1229022169,,rule_based,EVT-0097,2024-05-03,PULM_ICS_LABA_INH,pulmonology,West,162.16666666666666,,False,,,West,,13,,,Denver,
1238983617,,rule_based,EVT-0097,2024-05-03,PULM_ICS_LABA_INH,pulmonology,Southeast,968.1666666666666,,False,,,Southeast,,13,,,Memphis,
1533003293,,rule_based,EVT-0097,2024-05-03,PULM_ICS_LABA_INH,pulmonology,Midwest,313.3333333333333,,False,,,Midwest,,5,,,Green Bay,
1547244776,,rule_based,EVT-0097,2024-05-03,PULM_ICS_LABA_INH,pulmonology,Northeast,177.16666666666666,,False,,,Northeast,,18,,,Cambridge,
1889776344,1632734848,rule_based,EVT-0097,2024-05-03,PULM_ICS_LABA_INH,pulmonology,Northeast,240.5,248.66666666666666,True,1,pulmonology,Northeast,Northeast,7,7,3.3957033957033915,Camden,Albany
1058647219,1697855363,rule_based,EVT-0098,2024-05-07,CV_ANTICOAG_ORAL,pulmonology,Northeast,227.16666666666666,237.33333333333334,True,1,pulmonology,Northeast,Northeast,11,14,4.475421863536325,Albany,Hershey
1075036339,,rule_based,EVT-0098,2024-05-07,CV_ANTICOAG_ORAL,pulmonology,West,109.83333333333333,,False,,,West,,5,,,Tacoma,
1084471394,,rule_based,EVT-0098,2024-05-07,CV_ANTICOAG_ORAL,primary care,Northeast,106.16666666666667,,False,,,Northeast,,12,,,Springfield,
1198262952,,rule_based,EVT-0098,2024-05-07,CV_ANTICOAG_ORAL,pulmonology,Northeast,211.16666666666666,,False,,,Northeast,,5,,,Hartford,
1204787067,1010957193,rule_based,EVT-0098,2024-05-07,CV_ANTICOAG_ORAL,neurology,Northeast,86.5,95.0,True,1,neurology,Northeast,Northeast,13,15,9.826589595375722,Buffalo,Springfield
1265952337,1897723296,rule_based,EVT-0098,2024-05-07,CV_ANTICOAG_ORAL,cardiology,Northeast,172.0,169.5,True,1,cardiology,Northeast,Northeast,22,19,1.4534883720930232,Syracuse,Portland
1280087226,,rule_based,EVT-0098,2024-05-07,CV_ANTICOAG_ORAL,primary care,Northeast,408.1666666666667,,False,,,Northeast,,10,,,Rochester,
1292975558,,rule_based,EVT-0098,2024-05-07,CV_ANTICOAG_ORAL,oncology,Northeast,687.6666666666666,,False,,,Northeast,,2,,,Stamford,
1309371148,1914644640,rule_based,EVT-0098,2024-05-07,CV_ANTICOAG_ORAL,neurology,Northeast,233.16666666666666,235.16666666666666,True,1,neurology,Northeast,Northeast,12,11,0.8577555396711938,Syracuse,Worcester
1316743925,,rule_based,EVT-0098,2024-05-07,CV_ANTICOAG_ORAL,primary care,Northeast,500.3333333333333,,False,,,Northeast,,16,,,Cambridge,
1328056928,1362648127,rule_based,EVT-0098,2024-05-07,CV_ANTICOAG_ORAL,oncology,Northeast,101.83333333333333,102.0,True,1,oncology,Northeast,Northeast,7,4,0.1636661211129343,Bangor,Albany
1456299035,1393729789,rule_based,EVT-0098,2024-05-07,CV_ANTICOAG_ORAL,primary care,Southeast,204.66666666666666,218.0,True,1,primary care,Southeast,Southeast,15,13,6.514657980456031,Mobile,Miami
1467704312,,rule_based,EVT-0098,2024-05-07,CV_ANTICOAG_ORAL,neurology,Northeast,385.0,,False,,,Northeast,,13,,,Worcester,
1547244776,,rule_based,EVT-0098,2024-05-07,CV_ANTICOAG_ORAL,pulmonology,Northeast,246.0,,False,,,Northeast,,18,,,Cambridge,
1552813903,,rule_based,EVT-0098,2024-05-07,CV_ANTICOAG_ORAL,primary care,Northeast,400.0,,False,,,Northeast,,10,,,Newark,
1592123891,,rule_based,EVT-0098,2024-05-07,CV_ANTICOAG_ORAL,primary care,Northeast,395.3333333333333,,False,,,Northeast,,18,,,Allentown,
1616418756,,rule_based,EVT-0098,2024-05-07,CV_ANTICOAG_ORAL,neurology,Northeast,218.5,,False,,,Northeast,,8,,,Worcester,
1616839134,1222151080,rule_based,EVT-0098,2024-05-07,CV_ANTICOAG_ORAL,rheumatology,Northeast,317.6666666666667,320.8333333333333,True,1,rheumatology,Northeast,Northeast,10,9,0.9968520461699776,New Haven,New Haven
1621842156,,rule_based,EVT-0098,2024-05-07,CV_ANTICOAG_ORAL,oncology,Northeast,101.33333333333333,,False,,,Northeast,,28,,,Hershey,
1639269087,,rule_based,EVT-0098,2024-05-07,CV_ANTICOAG_ORAL,primary care,Northeast,167.33333333333334,,False,,,Northeast,,18,,,Buffalo,
1659738110,1237849298,rule_based,EVT-0098,2024-05-07,CV_ANTICOAG_ORAL,oncology,Northeast,97.5,90.16666666666667,True,1,oncology,Northeast,Northeast,10,8,7.521367521367517,Bangor,Hartford
1665478461,,rule_based,EVT-0098,2024-05-07,CV_ANTICOAG_ORAL,primary care,Northeast,105.33333333333333,,False,,,Northeast,,10,,,New York,
1679256069,,rule_based,EVT-0098,2024-05-07,CV_ANTICOAG_ORAL,oncology,Northeast,229.83333333333334,,False,,,Northeast,,34,,,Hershey,
1689916181,,rule_based,EVT-0098,2024-05-07,CV_ANTICOAG_ORAL,primary care,Northeast,219.83333333333334,,False,,,Northeast,,6,,,Bangor,
1704331150,,rule_based,EVT-0098,2024-05-07,CV_ANTICOAG_ORAL,endocrinology,West,293.0,,False,,,West,,11,,,Denver,
1742579091,,rule_based,EVT-0098,2024-05-07,CV_ANTICOAG_ORAL,primary care,Northeast,338.0,,False,,,Northeast,,25,,,Bangor,
1769764832,,rule_based,EVT-0098,2024-05-07,CV_ANTICOAG_ORAL,neurology,Northeast,183.16666666666666,,False,,,Northeast,,11,,,Cambridge,
1785764022,,rule_based,EVT-0098,2024-05-07,CV_ANTICOAG_ORAL,oncology,Northeast,236.16666666666666,,False,,,Northeast,,17,,,Bangor,
1811081532,,rule_based,EVT-0098,2024-05-07,CV_ANTICOAG_ORAL,oncology,Northeast,240.33333333333334,,False,,,Northeast,,12,,,Philadelphia,
1812815243,,rule_based,EVT-0098,2024-05-07,CV_ANTICOAG_ORAL,primary care,Midwest,271.0,,False,,,Midwest,,7,,,Milwaukee,
1824172013,,rule_based,EVT-0098,2024-05-07,CV_ANTICOAG_ORAL,primary care,Midwest,274.3333333333333,,False,,,Midwest,,10,,,Grand Rapids,
1893606271,,rule_based,EVT-0098,2024-05-07,CV_ANTICOAG_ORAL,oncology,Southwest,89.33333333333333,,False,,,Southwest,,7,,,Austin,
1934613260,,rule_based,EVT-0098,2024-05-07,CV_ANTICOAG_ORAL,oncology,Southwest,124.16666666666667,,False,,,Southwest,,12,,,Tucson,
1934829601,,rule_based,EVT-0098,2024-05-07,CV_ANTICOAG_ORAL,cardiology,Midwest,256.1666666666667,,False,,,Midwest,,13,,,Toledo,
1937514325,,rule_based,EVT-0098,2024-05-07,CV_ANTICOAG_ORAL,primary care,West,267.5,,False,,,West,,15,,,Colorado Springs,
1058647219,,rule_based,EVT-0099,2024-05-10,PULM_ICS_LABA_INH,pulmonology,Northeast,358.3333333333333,,False,,,Northeast,,11,,,Albany,
1129206672,,rule_based,EVT-0099,2024-05-10,PULM_ICS_LABA_INH,pulmonology,Northeast,291.8333333333333,,False,,,Northeast,,27,,,Jersey City,
1134509243,1320611266,rule_based,EVT-0099,2024-05-10,PULM_ICS_LABA_INH,pulmonology,Northeast,203.66666666666666,218.0,True,1,pulmonology,Northeast,Northeast,8,7,7.037643207855979,Hartford,Springfield
1198262952,,rule_based,EVT-0099,2024-05-10,PULM_ICS_LABA_INH,pulmonology,Northeast,743.8333333333334,,False,,,Northeast,,5,,,Hartford,
1433980129,,rule_based,EVT-0099,2024-05-10,PULM_ICS_LABA_INH,pulmonology,Northeast,295.5,,False,,,Northeast,,4,,,Hershey,
1547244776,,rule_based,EVT-0099,2024-05-10,PULM_ICS_LABA_INH,pulmonology,Northeast,177.16666666666666,,False,,,Northeast,,18,,,Cambridge,
1704308638,,rule_based,EVT-0099,2024-05-10,PULM_ICS_LABA_INH,pulmonology,Southeast,521.0,,False,,,Southeast,,15,,,Arlington,
1742859469,,rule_based,EVT-0099,2024-05-10,PULM_ICS_LABA_INH,pulmonology,West,355.1666666666667,,False,,,West,,2,,,Spokane,
1867204764,,rule_based,EVT-0099,2024-05-10,PULM_ICS_LABA_INH,pulmonology,Southeast,380.3333333333333,,False,,,Southeast,,15,,,Winston-Salem,
1880717263,,rule_based,EVT-0099,2024-05-10,PULM_ICS_LABA_INH,pulmonology,Northeast,373.8333333333333,,False,,,Northeast,,12,,,Portland,
1038444141,1245433184,rule_based,EVT-0100,2024-05-11,ONC_TARGETED_ORAL,oncology,Southeast,264.6666666666667,273.0,True,1,oncology,Southeast,Southeast,11,13,3.148614609571781,Durham,Columbia
1044303869,1511742359,rule_based,EVT-0100,2024-05-11,ONC_TARGETED_ORAL,oncology,Northeast,208.16666666666666,191.5,True,2,oncology,Northeast,Northeast,16,16,8.006405124099276,Allentown,Boston
1292975558,,rule_based,EVT-0100,2024-05-11,ONC_TARGETED_ORAL,oncology,Northeast,744.6666666666666,,False,,,Northeast,,2,,,Stamford,
1358245029,,rule_based,EVT-0100,2024-05-11,ONC_TARGETED_ORAL,oncology,Midwest,183.16666666666666,,False,,,Midwest,,17,,,South Bend,
1407931751,,rule_based,EVT-0100,2024-05-11,ONC_TARGETED_ORAL,oncology,Midwest,150.66666666666666,,False,,,Midwest,,8,,,Cincinnati,
1743613295,1480599715,rule_based,EVT-0100,2024-05-11,ONC_TARGETED_ORAL,oncology,Midwest,157.0,149.83333333333334,True,1,oncology,Midwest,Midwest,11,12,4.564755838641183,Cincinnati,Toledo
1793579560,1870533357,rule_based,EVT-0100,2024-05-11,ONC_TARGETED_ORAL,oncology,Midwest,279.6666666666667,275.5,True,1,oncology,Midwest,Midwest,14,17,1.4898688915375513,Columbus,Cincinnati
1811081532,1294882026,rule_based,EVT-0100,2024-05-11,ONC_TARGETED_ORAL,oncology,Northeast,185.16666666666666,193.16666666666666,True,1,oncology,Northeast,Northeast,12,14,4.32043204320432,Philadelphia,Springfield
1002145427,,rule_based,EVT-0101,2024-05-15,METABOLIC_GLP1_INJ,primary care,Northeast,318.1666666666667,,False,,,Northeast,,13,,,Jersey City,
1018018261,,rule_based,EVT-0101,2024-05-15,METABOLIC_GLP1_INJ,primary care,Northeast,268.6666666666667,,False,,,Northeast,,13,,,Newark,
1048976678,,rule_based,EVT-0101,2024-05-15,METABOLIC_GLP1_INJ,primary care,Southeast,156.66666666666666,,False,,,Southeast,,18,,,Orlando,
1065870788,,rule_based,EVT-0101,2024-05-15,METABOLIC_GLP1_INJ,primary care,Southwest,216.83333333333334,,False,,,Southwest,,7,,,Tucson,
1080672524,,rule_based,EVT-0101,2024-05-15,METABOLIC_GLP1_INJ,primary care,Southeast,129.33333333333334,,False,,,Southeast,,10,,,Memphis,
1084919582,,rule_based,EVT-0101,2024-05-15,METABOLIC_GLP1_INJ,primary care,Southeast,390.1666666666667,,False,,,Southeast,,12,,,Nashville,
1124726435,,rule_based,EVT-0101,2024-05-15,METABOLIC_GLP1_INJ,primary care,Northeast,583.8333333333334,,False,,,Northeast,,14,,,Allentown,
1136500869,,rule_based,EVT-0101,2024-05-15,METABOLIC_GLP1_INJ,endocrinology,Southeast,69.16666666666667,,False,,,Southeast,,18,,,Arlington,
1159841240,,rule_based,EVT-0101,2024-05-15,METABOLIC_GLP1_INJ,neurology,Southeast,152.83333333333334,,False,,,Southeast,,17,,,Charlotte,
1174238463,1057676243,rule_based,EVT-0101,2024-05-15,METABOLIC_GLP1_INJ,primary care,Southeast,225.5,212.5,True,1,primary care,Southeast,Southeast,14,11,5.764966740576496,Raleigh,Tampa
1181854898,,rule_based,EVT-0101,2024-05-15,METABOLIC_GLP1_INJ,primary care,Southeast,228.0,,False,,,Southeast,,14,,,Tampa,
1227780172,,rule_based,EVT-0101,2024-05-15,METABOLIC_GLP1_INJ,primary care,Southwest,151.0,,False,,,Southwest,,11,,,Scottsdale,
1241711534,1393729789,rule_based,EVT-0101,2024-05-15,METABOLIC_GLP1_INJ,primary care,Southeast,126.83333333333333,126.16666666666667,True,1,primary care,Southeast,Southeast,13,13,0.5256241787122133,Columbia,Miami
1280087226,,rule_based,EVT-0101,2024-05-15,METABOLIC_GLP1_INJ,primary care,Northeast,857.6666666666666,,False,,,Northeast,,10,,,Rochester,
1286477181,,rule_based,EVT-0101,2024-05-15,METABOLIC_GLP1_INJ,cardiology,Midwest,221.0,,False,,,Midwest,,10,,,Green Bay,
1326516303,,rule_based,EVT-0101,2024-05-15,METABOLIC_GLP1_INJ,oncology,Southwest,381.5,,False,,,Southwest,,12,,,Phoenix,
1385532449,,rule_based,EVT-0101,2024-05-15,METABOLIC_GLP1_INJ,primary care,Southeast,277.0,,False,,,Southeast,,6,,,Atlanta,
1397955463,,rule_based,EVT-0101,2024-05-15,METABOLIC_GLP1_INJ,primary care,Southeast,606.6666666666666,,False,,,Southeast,,14,,,Chattanooga,
1423152481,,rule_based,EVT-0101,2024-05-15,METABOLIC_GLP1_INJ,primary care,Southeast,406.1666666666667,,False,,,Southeast,,11,,,Chattanooga,
1425340662,,rule_based,EVT-0101,2024-05-15,METABOLIC_GLP1_INJ,primary care,Southwest,169.66666666666666,,False,,,Southwest,,17,,,Austin,
1425610817,1512866082,rule_based,EVT-0101,2024-05-15,METABOLIC_GLP1_INJ,primary care,Southeast,80.16666666666667,76.16666666666667,True,1,primary care,Southeast,Southeast,3,6,4.989604989604989,Huntsville,Greenville
1456207657,,rule_based,EVT-0101,2024-05-15,METABOLIC_GLP1_INJ,primary care,Midwest,492.8333333333333,,False,,,Midwest,,10,,,Minneapolis,
1456299035,,rule_based,EVT-0101,2024-05-15,METABOLIC_GLP1_INJ,primary care,Southeast,380.6666666666667,,False,,,Southeast,,15,,,Mobile,
1475115246,1107378550,rule_based,EVT-0101,2024-05-15,METABOLIC_GLP1_INJ,cardiology,Southeast,161.83333333333334,170.83333333333334,True,1,cardiology,Southeast,Southeast,17,14,5.561277033985582,Macon,Charleston
1526669415,,rule_based,EVT-0101,2024-05-15,METABOLIC_GLP1_INJ,primary care,Southwest,90.83333333333333,,False,,,Southwest,,15,,,Tucson,
1552813903,1473494189,rule_based,EVT-0101,2024-05-15,METABOLIC_GLP1_INJ,primary care,Northeast,207.0,219.33333333333334,True,1,primary care,Northeast,Northeast,10,13,5.958132045088571,Newark,Bangor
1555114069,1340345143,rule_based,EVT-0101,2024-05-15,METABOLIC_GLP1_INJ,oncology,Southeast,189.5,184.0,True,1,oncology,Southeast,Southeast,11,12,2.9023746701846966,Richmond,Columbia
1557944620,,rule_based,EVT-0101,2024-05-15,METABOLIC_GLP1_INJ,primary care,Southwest,193.0,,False,,,Southwest,,21,,,Reno,
1592123891,,rule_based,EVT-0101,2024-05-15,METABOLIC_GLP1_INJ,primary care,Northeast,147.83333333333334,,False,,,Northeast,,18,,,Allentown,
1610177150,,rule_based,EVT-0101,2024-05-15,METABOLIC_GLP1_INJ,cardiology,Southeast,190.66666666666666,,False,,,Southeast,,19,,,Mobile,
1616418756,,rule_based,EVT-0101,2024-05-15,METABOLIC_GLP1_INJ,neurology,Northeast,225.16666666666666,,False,,,Northeast,,8,,,Worcester,
1621199177,,rule_based,EVT-0101,2024-05-15,METABOLIC_GLP1_INJ,primary care,Southeast,140.33333333333334,,False,,,Southeast,,16,,,Gainesville,
1647196991,,rule_based,EVT-0101,2024-05-15,METABOLIC_GLP1_INJ,rheumatology,Southeast,478.0,,False,,,Southeast,,8,,,Richmond,
1648553570,,rule_based,EVT-0101,2024-05-15,METABOLIC_GLP1_INJ,cardiology,Southwest,652.5,,False,,,Southwest,,11,,,Houston,
1670701188,,rule_based,EVT-0101,2024-05-15,METABOLIC_GLP1_INJ,cardiology,Southeast,170.66666666666666,,False,,,Southeast,,7,,,Chattanooga,
1688976343,,rule_based,EVT-0101,2024-05-15,METABOLIC_GLP1_INJ,pulmonology,Southeast,292.3333333333333,,False,,,Southeast,,14,,,Charlotte,
1689916181,,rule_based,EVT-0101,2024-05-15,METABOLIC_GLP1_INJ,primary care,Northeast,305.8333333333333,,False,,,Northeast,,6,,,Bangor,
1703413967,,rule_based,EVT-0101,2024-05-15,METABOLIC_GLP1_INJ,endocrinology,West,214.16666666666666,,False,,,West,,26,,,Boulder,
1704492101,,rule_based,EVT-0101,2024-05-15,METABOLIC_GLP1_INJ,oncology,Southeast,170.5,,False,,,Southeast,,24,,,Savannah,
1724092733,,rule_based,EVT-0101,2024-05-15,METABOLIC_GLP1_INJ,cardiology,Northeast,74.0,,False,,,Northeast,,5,,,Pittsburgh,
1732527431,,rule_based,EVT-0101,2024-05-15,METABOLIC_GLP1_INJ,primary care,Southeast,415.1666666666667,,False,,,Southeast,,9,,,Arlington,
1787619711,,rule_based,EVT-0101,2024-05-15,METABOLIC_GLP1_INJ,cardiology,Midwest,319.8333333333333,,False,,,Midwest,,13,,,St. Paul,
1808826295,,rule_based,EVT-0101,2024-05-15,METABOLIC_GLP1_INJ,primary care,Southeast,243.33333333333334,,False,,,Southeast,,20,,,Miami,
1812815243,,rule_based,EVT-0101,2024-05-15,METABOLIC_GLP1_INJ,primary care,Midwest,289.6666666666667,,False,,,Midwest,,7,,,Milwaukee,
1815807585,,rule_based,EVT-0101,2024-05-15,METABOLIC_GLP1_INJ,primary care,Southeast,361.3333333333333,,False,,,Southeast,,13,,,Knoxville,
1849328657,,rule_based,EVT-0101,2024-05-15,METABOLIC_GLP1_INJ,primary care,Midwest,77.66666666666667,,False,,,Midwest,,22,,,Minneapolis,
1896554999,,rule_based,EVT-0101,2024-05-15,METABOLIC_GLP1_INJ,primary care,West,296.6666666666667,,False,,,West,,14,,,Eugene,
1937514325,1547660377,rule_based,EVT-0101,2024-05-15,METABOLIC_GLP1_INJ,primary care,West,233.16666666666666,215.83333333333334,True,1,primary care,West,West,15,12,7.433881343817005,Colorado Springs,Provo
1944079924,1337789832,rule_based,EVT-0101,2024-05-15,METABOLIC_GLP1_INJ,rheumatology,Southeast,133.83333333333334,145.5,True,1,rheumatology,Southeast,Southeast,14,15,8.717310087173093,Columbia,Savannah
1955620046,1363342464,rule_based,EVT-0101,2024-05-15,METABOLIC_GLP1_INJ,primary care,Southeast,535.3333333333334,500.8333333333333,True,1,primary care,Southeast,Southeast,8,10,6.444582814445838,Birmingham,Arlington
1050506165,,rule_based,EVT-0102,2024-05-16,PULM_ICS_LABA_INH,pulmonology,Southeast,337.5,,False,,,Southeast,,6,,,Raleigh,
1058647219,,rule_based,EVT-0102,2024-05-16,PULM_ICS_LABA_INH,pulmonology,Northeast,358.3333333333333,,False,,,Northeast,,11,,,Albany,
1075036339,,rule_based,EVT-0102,2024-05-16,PULM_ICS_LABA_INH,pulmonology,West,213.0,,False,,,West,,5,,,Tacoma,
1139166684,,rule_based,EVT-0102,2024-05-16,PULM_ICS_LABA_INH,pulmonology,Midwest,273.8333333333333,,False,,,Midwest,,5,,,Green Bay,
1229022169,,rule_based,EVT-0102,2024-05-16,PULM_ICS_LABA_INH,pulmonology,West,162.16666666666666,,False,,,West,,13,,,Denver,
1389574017,,rule_based,EVT-0102,2024-05-16,PULM_ICS_LABA_INH,pulmonology,Southwest,288.3333333333333,,False,,,Southwest,,8,,,Scottsdale,
1782077311,1916437647,rule_based,EVT-0102,2024-05-16,PULM_ICS_LABA_INH,pulmonology,Southeast,149.83333333333334,152.83333333333334,True,1,pulmonology,Southeast,Southeast,9,12,2.0022246941045605,Tampa,Nashville
1854852153,,rule_based,EVT-0102,2024-05-16,PULM_ICS_LABA_INH,pulmonology,Southwest,201.83333333333334,,False,,,Southwest,,17,,,Houston,
1867204764,,rule_based,EVT-0102,2024-05-16,PULM_ICS_LABA_INH,pulmonology,Southeast,380.3333333333333,,False,,,Southeast,,15,,,Winston-Salem,
1011940271,,rule_based,EVT-0103,2024-05-18,ENDO_BASAL_INSULIN,endocrinology,Northeast,234.0,,False,,,Northeast,,7,,,Princeton,
1025978341,,rule_based,EVT-0103,2024-05-18,ENDO_BASAL_INSULIN,endocrinology,Northeast,526.3333333333334,,False,,,Northeast,,12,,,Hartford,
1107038659,,rule_based,EVT-0103,2024-05-18,ENDO_BASAL_INSULIN,endocrinology,Northeast,523.5,,False,,,Northeast,,10,,,New York,
1137408567,,rule_based,EVT-0103,2024-05-18,ENDO_BASAL_INSULIN,endocrinology,Northeast,558.3333333333334,,False,,,Northeast,,10,,,Allentown,
1174145494,,rule_based,EVT-0103,2024-05-18,ENDO_BASAL_INSULIN,endocrinology,Northeast,364.5,,False,,,Northeast,,7,,,Hartford,
1237205202,,rule_based,EVT-0103,2024-05-18,ENDO_BASAL_INSULIN,endocrinology,Northeast,185.16666666666666,,False,,,Northeast,,13,,,Buffalo,
1361521440,1801662945,rule_based,EVT-0103,2024-05-18,ENDO_BASAL_INSULIN,endocrinology,Midwest,276.3333333333333,287.0,True,1,endocrinology,Midwest,Midwest,17,14,3.860072376357064,Green Bay,Columbia
1453128708,,rule_based,EVT-0103,2024-05-18,ENDO_BASAL_INSULIN,endocrinology,Northeast,394.5,,False,,,Northeast,,22,,,Cambridge,
1497642888,1333043895,rule_based,EVT-0103,2024-05-18,ENDO_BASAL_INSULIN,endocrinology,Northeast,198.0,195.66666666666666,True,1,endocrinology,Northeast,Northeast,10,12,1.1784511784511833,Pittsburgh,Albany
1645233598,,rule_based,EVT-0103,2024-05-18,ENDO_BASAL_INSULIN,endocrinology,Northeast,500.1666666666667,,False,,,Northeast,,10,,,Boston,
1677860136,1803502636,rule_based,EVT-0103,2024-05-18,ENDO_BASAL_INSULIN,endocrinology,Northeast,329.5,297.5,True,1,endocrinology,Northeast,Northeast,5,7,9.711684370257966,Buffalo,Princeton
1713444978,1803339427,rule_based,EVT-0103,2024-05-18,ENDO_BASAL_INSULIN,endocrinology,Midwest,351.3333333333333,321.0,True,1,endocrinology,Midwest,Midwest,11,11,8.63377609108159,Peoria,Toledo
1738903891,,rule_based,EVT-0103,2024-05-18,ENDO_BASAL_INSULIN,endocrinology,Southeast,510.0,,False,,,Southeast,,18,,,Charlotte,
1740626134,,rule_based,EVT-0103,2024-05-18,ENDO_BASAL_INSULIN,endocrinology,Southwest,208.66666666666666,,False,,,Southwest,,5,,,Oklahoma City,
1746046261,,rule_based,EVT-0103,2024-05-18,ENDO_BASAL_INSULIN,endocrinology,Northeast,239.0,,False,,,Northeast,,4,,,Hershey,
1758794279,1657025858,rule_based,EVT-0103,2024-05-18,ENDO_BASAL_INSULIN,endocrinology,Northeast,488.5,477.0,True,1,endocrinology,Northeast,Northeast,7,10,2.3541453428863868,Jersey City,Buffalo
1880426881,1730655531,rule_based,EVT-0103,2024-05-18,ENDO_BASAL_INSULIN,endocrinology,Northeast,461.3333333333333,420.1666666666667,True,2,endocrinology,Northeast,Northeast,10,9,8.92341040462427,Buffalo,New Haven
1885387740,,rule_based,EVT-0103,2024-05-18,ENDO_BASAL_INSULIN,endocrinology,Northeast,759.6666666666666,,False,,,Northeast,,38,,,Syracuse,
1995404856,,rule_based,EVT-0103,2024-05-18,ENDO_BASAL_INSULIN,endocrinology,Northeast,250.33333333333334,,False,,,Northeast,,5,,,Camden,
1011940271,1995404856,rule_based,EVT-0104,2024-05-18,CV_ANTICOAG_ORAL,endocrinology,Northeast,148.33333333333334,161.66666666666666,True,1,endocrinology,Northeast,Northeast,7,5,8.988764044943807,Princeton,Camden
1038444141,1123562633,rule_based,EVT-0104,2024-05-18,CV_ANTICOAG_ORAL,oncology,Southeast,71.5,76.33333333333333,True,1,oncology,Southeast,Southeast,11,8,6.7599067599067535,Durham,Charleston
1044666919,1464676570,rule_based,EVT-0104,2024-05-18,CV_ANTICOAG_ORAL,neurology,Southeast,130.0,134.16666666666666,True,1,neurology,Southeast,Southeast,17,19,3.2051282051281977,Greenville,Gainesville
1050705288,,rule_based,EVT-0104,2024-05-18,CV_ANTICOAG_ORAL,endocrinology,Southeast,610.0,,False,,,Southeast,,21,,,Atlanta,
1124726435,,rule_based,EVT-0104,2024-05-18,CV_ANTICOAG_ORAL,primary care,Northeast,591.1666666666666,,False,,,Northeast,,14,,,Allentown,
1136500869,,rule_based,EVT-0104,2024-05-18,CV_ANTICOAG_ORAL,endocrinology,Southeast,339.0,,False,,,Southeast,,18,,,Arlington,
1159841240,,rule_based,EVT-0104,2024-05-18,CV_ANTICOAG_ORAL,neurology,Southeast,601.6666666666666,,False,,,Southeast,,17,,,Charlotte,
1204787067,1010957193,rule_based,EVT-0104,2024-05-18,CV_ANTICOAG_ORAL,neurology,Northeast,86.5,95.0,True,1,neurology,Northeast,Northeast,13,15,9.826589595375722,Buffalo,Springfield
1238983617,1502571429,rule_based,EVT-0104,2024-05-18,CV_ANTICOAG_ORAL,pulmonology,Southeast,140.16666666666666,135.83333333333334,True,1,pulmonology,Southeast,Southeast,13,11,3.091557669441128,Memphis,Raleigh
1264333323,,rule_based,EVT-0104,2024-05-18,CV_ANTICOAG_ORAL,primary care,Northeast,285.6666666666667,,False,,,Northeast,,12,,,New York,
1413519731,,rule_based,EVT-0104,2024-05-18,CV_ANTICOAG_ORAL,primary care,Southwest,706.1666666666666,,False,,,Southwest,,13,,,Austin,
1423152481,,rule_based,EVT-0104,2024-05-18,CV_ANTICOAG_ORAL,primary care,Southeast,403.1666666666667,,False,,,Southeast,,11,,,Chattanooga,
1425610817,,rule_based,EVT-0104,2024-05-18,CV_ANTICOAG_ORAL,primary care,Southeast,74.0,,False,,,Southeast,,3,,,Huntsville,
1456299035,1393729789,rule_based,EVT-0104,2024-05-18,CV_ANTICOAG_ORAL,primary care,Southeast,204.66666666666666,218.0,True,1,primary care,Southeast,Southeast,15,13,6.514657980456031,Mobile,Miami
1467704312,,rule_based,EVT-0104,2024-05-18,CV_ANTICOAG_ORAL,neurology,Northeast,385.0,,False,,,Northeast,,13,,,Worcester,
1481247389,,rule_based,EVT-0104,2024-05-18,CV_ANTICOAG_ORAL,primary care,Southeast,204.83333333333334,,False,,,Southeast,,24,,,Winston-Salem,
1512844550,,rule_based,EVT-0104,2024-05-18,CV_ANTICOAG_ORAL,neurology,Southwest,160.0,,False,,,Southwest,,15,,,Tulsa,
1518121706,,rule_based,EVT-0104,2024-05-18,CV_ANTICOAG_ORAL,endocrinology,Southeast,232.33333333333334,,False,,,Southeast,,16,,,Charleston,
1610177150,,rule_based,EVT-0104,2024-05-18,CV_ANTICOAG_ORAL,cardiology,Southeast,375.0,,False,,,Southeast,,19,,,Mobile,
1615059528,1389159553,rule_based,EVT-0104,2024-05-18,CV_ANTICOAG_ORAL,primary care,Southeast,193.0,199.83333333333334,True,1,primary care,Southeast,Southeast,12,11,3.540587219343701,Savannah,Macon
1635476009,,rule_based,EVT-0104,2024-05-18,CV_ANTICOAG_ORAL,neurology,Northeast,273.5,,False,,,Northeast,,18,,,Hartford,
1647196991,,rule_based,EVT-0104,2024-05-18,CV_ANTICOAG_ORAL,rheumatology,Southeast,79.83333333333333,,False,,,Southeast,,8,,,Richmond,
1648553570,,rule_based,EVT-0104,2024-05-18,CV_ANTICOAG_ORAL,cardiology,Southwest,760.0,,False,,,Southwest,,11,,,Houston,
1685524518,,rule_based,EVT-0104,2024-05-18,CV_ANTICOAG_ORAL,primary care,Southeast,134.0,,False,,,Southeast,,4,,,Mobile,
1725724532,,rule_based,EVT-0104,2024-05-18,CV_ANTICOAG_ORAL,primary care,Northeast,612.1666666666666,,False,,,Northeast,,32,,,Boston,
1747032997,,rule_based,EVT-0104,2024-05-18,CV_ANTICOAG_ORAL,primary care,Northeast,346.0,,False,,,Northeast,,9,,,New York,
1927430854,,rule_based,EVT-0104,2024-05-18,CV_ANTICOAG_ORAL,primary care,Southeast,382.5,,False,,,Southeast,,13,,,Richmond,
1969108517,,rule_based,EVT-0104,2024-05-18,CV_ANTICOAG_ORAL,cardiology,Midwest,262.6666666666667,,False,,,Midwest,,12,,,Minneapolis,
1123148250,1323611925,rule_based,EVT-0105,2024-05-20,CARD_HF_ARNI,cardiology,Southwest,253.33333333333334,254.66666666666666,True,1,cardiology,Southwest,Southwest,19,19,0.5263157894736767,Austin,Albuquerque
1265952337,,rule_based,EVT-0105,2024-05-20,CARD_HF_ARNI,cardiology,Northeast,478.8333333333333,,False,,,Northeast,,22,,,Syracuse,
1299418347,1331020234,rule_based,EVT-0105,2024-05-20,CARD_HF_ARNI,cardiology,Northeast,391.6666666666667,401.0,True,1,cardiology,Northeast,Northeast,18,19,2.3829787234042503,Springfield,Syracuse
1341556789,,rule_based,EVT-0105,2024-05-20,CARD_HF_ARNI,cardiology,West,1152.0,,False,,,West,,17,,,Seattle,
1362560363,1950588461,rule_based,EVT-0105,2024-05-20,CARD_HF_ARNI,cardiology,West,393.5,371.8333333333333,True,1,cardiology,West,West,13,14,5.5061414654807335,Spokane,Palo Alto
1376656900,,rule_based,EVT-0105,2024-05-20,CARD_HF_ARNI,cardiology,Southwest,286.6666666666667,,False,,,Southwest,,6,,,Tucson,
1475115246,,rule_based,EVT-0105,2024-05-20,CARD_HF_ARNI,cardiology,Southeast,616.8333333333334,,False,,,Southeast,,17,,,Macon,
1492077734,,rule_based,EVT-0105,2024-05-20,CARD_HF_ARNI,cardiology,Midwest,604.6666666666666,,False,,,Midwest,,6,,,Green Bay,
1551962891,1057623450,rule_based,EVT-0105,2024-05-20,CARD_HF_ARNI,cardiology,Midwest,93.33333333333333,86.66666666666667,True,1,cardiology,Midwest,Midwest,13,13,7.142857142857133,Madison,Toledo
1610177150,,rule_based,EVT-0105,2024-05-20,CARD_HF_ARNI,cardiology,Southeast,444.1666666666667,,False,,,Southeast,,19,,,Mobile,
1648553570,,rule_based,EVT-0105,2024-05-20,CARD_HF_ARNI,cardiology,Southwest,357.6666666666667,,False,,,Southwest,,11,,,Houston,
1655321622,1350739367,rule_based,EVT-0105,2024-05-20,CARD_HF_ARNI,cardiology,Northeast,334.1666666666667,355.0,True,1,cardiology,Northeast,Northeast,19,16,6.234413965087276,Worcester,Hershey
1745601371,1409960642,rule_based,EVT-0105,2024-05-20,CARD_HF_ARNI,cardiology,Midwest,251.0,259.0,True,1,cardiology,Midwest,Midwest,11,9,3.187250996015936,Peoria,Toledo
1760628762,,rule_based,EVT-0105,2024-05-20,CARD_HF_ARNI,cardiology,Southwest,213.33333333333334,,False,,,Southwest,,13,,,Oklahoma City,
1934829601,,rule_based,EVT-0105,2024-05-20,CARD_HF_ARNI,cardiology,Midwest,403.3333333333333,,False,,,Midwest,,13,,,Toledo,
1009179924,1599978586,rule_based,EVT-0106,2024-05-24,CARD_HF_ARNI,cardiology,West,351.0,355.8333333333333,True,1,cardiology,West,West,10,11,1.377018043684705,Los Angeles,Salt Lake City
1074076039,,rule_based,EVT-0106,2024-05-24,CARD_HF_ARNI,cardiology,Southeast,440.1666666666667,,False,,,Southeast,,12,,,Charlottesville,
1169238601,1279255164,rule_based,EVT-0106,2024-05-24,CARD_HF_ARNI,cardiology,Midwest,286.1666666666667,271.3333333333333,True,1,cardiology,Midwest,Midwest,16,14,5.183459522422843,St. Paul,St. Paul
1265952337,,rule_based,EVT-0106,2024-05-24,CARD_HF_ARNI,cardiology,Northeast,478.8333333333333,,False,,,Northeast,,22,,,Syracuse,
1286477181,1656483868,rule_based,EVT-0106,2024-05-24,CARD_HF_ARNI,cardiology,Midwest,214.33333333333334,224.16666666666666,True,1,cardiology,Midwest,Midwest,10,10,4.58786936236391,Green Bay,Rochester
1299418347,1331020234,rule_based,EVT-0106,2024-05-24,CARD_HF_ARNI,cardiology,Northeast,391.6666666666667,401.0,True,1,cardiology,Northeast,Northeast,18,19,2.3829787234042503,Springfield,Syracuse
1409960642,1742318383,rule_based,EVT-0106,2024-05-24,CARD_HF_ARNI,cardiology,Midwest,259.0,260.5,True,1,cardiology,Midwest,Midwest,9,8,0.5791505791505791,Toledo,Columbia
1475115246,,rule_based,EVT-0106,2024-05-24,CARD_HF_ARNI,cardiology,Southeast,616.8333333333334,,False,,,Southeast,,17,,,Macon,
1516074709,,rule_based,EVT-0106,2024-05-24,CARD_HF_ARNI,cardiology,Southwest,387.3333333333333,,False,,,Southwest,,20,,,Phoenix,
1614978876,1486849361,rule_based,EVT-0106,2024-05-24,CARD_HF_ARNI,cardiology,West,135.16666666666666,124.33333333333333,True,1,cardiology,West,West,4,4,8.014796547472255,Provo,Colorado Springs
1648553570,,rule_based,EVT-0106,2024-05-24,CARD_HF_ARNI,cardiology,Southwest,357.6666666666667,,False,,,Southwest,,11,,,Houston,
1655321622,1350739367,rule_based,EVT-0106,2024-05-24,CARD_HF_ARNI,cardiology,Northeast,334.1666666666667,355.0,True,1,cardiology,Northeast,Northeast,19,16,6.234413965087276,Worcester,Hershey
1710163217,1167711153,rule_based,EVT-0106,2024-05-24,CARD_HF_ARNI,cardiology,Northeast,294.5,290.5,True,1,cardiology,Northeast,Northeast,11,8,1.3582342954159592,Albany,Princeton
1724092733,,rule_based,EVT-0106,2024-05-24,CARD_HF_ARNI,cardiology,Northeast,487.6666666666667,,False,,,Northeast,,5,,,Pittsburgh,
1762664088,1302899475,rule_based,EVT-0106,2024-05-24,CARD_HF_ARNI,cardiology,Midwest,188.33333333333334,190.66666666666666,True,1,cardiology,Midwest,Midwest,10,7,1.238938053097335,Detroit,Ann Arbor
1885189138,1056679651,rule_based,EVT-0106,2024-05-24,CARD_HF_ARNI,cardiology,Northeast,282.5,271.5,True,2,cardiology,Northeast,Northeast,7,6,3.893805309734513,Syracuse,Philadelphia
1934763735,,rule_based,EVT-0106,2024-05-24,CARD_HF_ARNI,cardiology,Midwest,162.16666666666666,,False,,,Midwest,,7,,,Rockford,
1934829601,,rule_based,EVT-0106,2024-05-24,CARD_HF_ARNI,cardiology,Midwest,403.3333333333333,,False,,,Midwest,,13,,,Toledo,
1123148250,1323611925,rule_based,EVT-0107,2024-05-30,CARD_HF_ARNI,cardiology,Southwest,253.33333333333334,254.66666666666666,True,1,cardiology,Southwest,Southwest,19,19,0.5263157894736767,Austin,Albuquerque
1167711153,1056679651,rule_based,EVT-0107,2024-05-30,CARD_HF_ARNI,cardiology,Northeast,290.5,271.5,True,1,cardiology,Northeast,Northeast,8,6,6.540447504302927,Princeton,Philadelphia
1332369119,1836894604,rule_based,EVT-0107,2024-05-30,CARD_HF_ARNI,cardiology,Southeast,298.6666666666667,282.0,True,1,cardiology,Southeast,Southeast,9,12,5.580357142857149,Raleigh,Norfolk
1362560363,1950588461,rule_based,EVT-0107,2024-05-30,CARD_HF_ARNI,cardiology,West,393.5,371.8333333333333,True,1,cardiology,West,West,13,14,5.5061414654807335,Spokane,Palo Alto
1478412079,,rule_based,EVT-0107,2024-05-30,CARD_HF_ARNI,cardiology,Midwest,428.1666666666667,,False,,,Midwest,,18,,,Chicago,
1594466975,1069143851,rule_based,EVT-0107,2024-05-30,CARD_HF_ARNI,cardiology,West,297.1666666666667,280.8333333333333,True,1,cardiology,West,West,17,20,5.496354458777354,Salt Lake City,San Francisco
1614978876,1486849361,rule_based,EVT-0107,2024-05-30,CARD_HF_ARNI,cardiology,West,135.16666666666666,124.33333333333333,True,1,cardiology,West,West,4,4,8.014796547472255,Provo,Colorado Springs
1672904236,,rule_based,EVT-0107,2024-05-30,CARD_HF_ARNI,cardiology,Northeast,298.8333333333333,,False,,,Northeast,,5,,,Philadelphia,
1710163217,,rule_based,EVT-0107,2024-05-30,CARD_HF_ARNI,cardiology,Northeast,294.5,,False,,,Northeast,,11,,,Albany,
1722038985,1185877283,rule_based,EVT-0107,2024-05-30,CARD_HF_ARNI,cardiology,West,271.1666666666667,263.1666666666667,True,1,cardiology,West,West,8,10,2.9502151198524893,Denver,Portland
1969108517,1656483868,rule_based,EVT-0107,2024-05-30,CARD_HF_ARNI,cardiology,Midwest,217.5,224.16666666666666,True,1,cardiology,Midwest,Midwest,12,10,3.065134099616854,Minneapolis,Rochester
1386514024,1977922420,rule_based,EVT-0107,2024-05-30,CARD_HF_ARNI,cardiology,West,296.0,282.8333333333333,True,1,cardiology,West,West,10,11,4.448198198198205,Sacramento,Seattle
1018018261,,rule_based,EVT-0108,2024-06-03,PC_ANTIHYPERTENSIVE,primary care,Northeast,562.3333333333334,,False,,,Northeast,,13,,,Newark,
1048976678,,rule_based,EVT-0108,2024-06-03,PC_ANTIHYPERTENSIVE,primary care,Southeast,508.5,,False,,,Southeast,,18,,,Orlando,
1082909627,1804484495,rule_based,EVT-0108,2024-06-03,PC_ANTIHYPERTENSIVE,primary care,Southeast,170.16666666666666,169.33333333333334,True,1,primary care,Southeast,Southeast,16,16,0.4897159647404395,Atlanta,Winston-Salem
1084919582,,rule_based,EVT-0108,2024-06-03,PC_ANTIHYPERTENSIVE,primary care,Southeast,474.8333333333333,,False,,,Southeast,,12,,,Nashville,
1133130363,,rule_based,EVT-0108,2024-06-03,PC_ANTIHYPERTENSIVE,primary care,Northeast,417.1666666666667,,False,,,Northeast,,13,,,Hartford,
1166368237,,rule_based,EVT-0108,2024-06-03,PC_ANTIHYPERTENSIVE,primary care,Southwest,297.1666666666667,,False,,,Southwest,,10,,,Tulsa,
1174238463,,rule_based,EVT-0108,2024-06-03,PC_ANTIHYPERTENSIVE,primary care,Southeast,247.0,,False,,,Southeast,,14,,,Raleigh,
1180932224,,rule_based,EVT-0108,2024-06-03,PC_ANTIHYPERTENSIVE,primary care,Southeast,635.3333333333334,,False,,,Southeast,,19,,,Savannah,
1191545544,,rule_based,EVT-0108,2024-06-03,PC_ANTIHYPERTENSIVE,primary care,Midwest,388.6666666666667,,False,,,Midwest,,22,,,Rochester,
1200096471,1389159553,rule_based,EVT-0108,2024-06-03,PC_ANTIHYPERTENSIVE,primary care,Southeast,238.5,229.5,True,1,primary care,Southeast,Southeast,10,11,3.7735849056603774,Mobile,Macon
1241711534,,rule_based,EVT-0108,2024-06-03,PC_ANTIHYPERTENSIVE,primary care,Southeast,171.0,,False,,,Southeast,,13,,,Columbia,
1271463741,1939052563,rule_based,EVT-0108,2024-06-03,PC_ANTIHYPERTENSIVE,primary care,West,149.0,148.83333333333334,True,1,primary care,West,West,9,8,0.11185682326621288,Portland,San Jose
1271768685,1548652282,rule_based,EVT-0108,2024-06-03,PC_ANTIHYPERTENSIVE,primary care,Midwest,456.0,480.3333333333333,True,1,primary care,Midwest,Midwest,8,5,5.336257309941516,St. Paul,Grand Rapids
1297280590,,rule_based,EVT-0108,2024-06-03,PC_ANTIHYPERTENSIVE,primary care,Midwest,423.0,,False,,,Midwest,,14,,,Springfield,
1310164813,1512866082,rule_based,EVT-0108,2024-06-03,PC_ANTIHYPERTENSIVE,primary care,Southeast,234.33333333333334,257.5,True,1,primary care,Southeast,Southeast,5,6,9.886201991465144,Miami,Greenville
1385532449,,rule_based,EVT-0108,2024-06-03,PC_ANTIHYPERTENSIVE,primary care,Southeast,645.6666666666666,,False,,,Southeast,,6,,,Atlanta,
1423152481,1363342464,rule_based,EVT-0108,2024-06-03,PC_ANTIHYPERTENSIVE,primary care,Southeast,540.0,541.5,True,1,primary care,Southeast,Southeast,11,10,0.2777777777777778,Chattanooga,Arlington
1456299035,,rule_based,EVT-0108,2024-06-03,PC_ANTIHYPERTENSIVE,primary care,Southeast,248.83333333333334,,False,,,Southeast,,15,,,Mobile,
1484724632,,rule_based,EVT-0108,2024-06-03,PC_ANTIHYPERTENSIVE,primary care,Northeast,406.1666666666667,,False,,,Northeast,,14,,,Princeton,
1509977165,,rule_based,EVT-0108,2024-06-03,PC_ANTIHYPERTENSIVE,primary care,Northeast,775.6666666666666,,False,,,Northeast,,27,,,Bangor,
1523498065,,rule_based,EVT-0108,2024-06-03,PC_ANTIHYPERTENSIVE,primary care,Southeast,339.0,,False,,,Southeast,,15,,,Columbia,
1552813903,,rule_based,EVT-0108,2024-06-03,PC_ANTIHYPERTENSIVE,primary care,Northeast,762.6666666666666,,False,,,Northeast,,10,,,Newark,
1567742360,1233281843,rule_based,EVT-0108,2024-06-03,PC_ANTIHYPERTENSIVE,primary care,West,163.33333333333334,166.5,True,1,primary care,West,West,8,8,1.9387755102040758,Provo,Eugene
1595301304,,rule_based,EVT-0108,2024-06-03,PC_ANTIHYPERTENSIVE,primary care,Southwest,429.0,,False,,,Southwest,,13,,,Tulsa,
1689916181,1714021262,rule_based,EVT-0108,2024-06-03,PC_ANTIHYPERTENSIVE,primary care,Northeast,553.1666666666666,527.5,True,1,primary care,Northeast,Northeast,6,5,4.639951792708641,Bangor,Worcester
1707435529,,rule_based,EVT-0108,2024-06-03,PC_ANTIHYPERTENSIVE,primary care,Southeast,461.0,,False,,,Southeast,,14,,,Norfolk,
1732527431,,rule_based,EVT-0108,2024-06-03,PC_ANTIHYPERTENSIVE,primary care,Southeast,414.1666666666667,,False,,,Southeast,,9,,,Arlington,
1742579091,,rule_based,EVT-0108,2024-06-03,PC_ANTIHYPERTENSIVE,primary care,Northeast,1178.1666666666667,,False,,,Northeast,,25,,,Bangor,
1747032997,,rule_based,EVT-0108,2024-06-03,PC_ANTIHYPERTENSIVE,primary care,Northeast,309.0,,False,,,Northeast,,9,,,New York,
1808826295,,rule_based,EVT-0108,2024-06-03,PC_ANTIHYPERTENSIVE,primary care,Southeast,520.1666666666666,,False,,,Southeast,,20,,,Miami,
1815807585,,rule_based,EVT-0108,2024-06-03,PC_ANTIHYPERTENSIVE,primary care,Southeast,639.1666666666666,,False,,,Southeast,,13,,,Knoxville,
1922670785,1892083019,rule_based,EVT-0108,2024-06-03,PC_ANTIHYPERTENSIVE,primary care,Southeast,431.1666666666667,393.3333333333333,True,1,primary care,Southeast,Southeast,30,27,8.77464244298416,Augusta,Mobile
1924355757,1812123887,rule_based,EVT-0108,2024-06-03,PC_ANTIHYPERTENSIVE,primary care,Southwest,432.5,439.0,True,1,primary care,Southwest,Southwest,7,9,1.5028901734104045,Albuquerque,Tucson
1927430854,,rule_based,EVT-0108,2024-06-03,PC_ANTIHYPERTENSIVE,primary care,Southeast,676.1666666666666,,False,,,Southeast,,13,,,Richmond,
1955620046,,rule_based,EVT-0108,2024-06-03,PC_ANTIHYPERTENSIVE,primary care,Southeast,487.3333333333333,,False,,,Southeast,,8,,,Birmingham,
1018018261,,rule_based,EVT-0109,2024-06-07,METABOLIC_GLP1_INJ,primary care,Northeast,265.1666666666667,,False,,,Northeast,,13,,,Newark,
1019230758,,rule_based,EVT-0109,2024-06-07,METABOLIC_GLP1_INJ,neurology,Southwest,65.83333333333333,,False,,,Southwest,,25,,,Reno,
1038444141,1340345143,rule_based,EVT-0109,2024-06-07,METABOLIC_GLP1_INJ,oncology,Southeast,185.83333333333334,185.33333333333334,True,1,oncology,Southeast,Southeast,11,12,0.2690582959641255,Durham,Columbia
1041585906,,rule_based,EVT-0109,2024-06-07,METABOLIC_GLP1_INJ,oncology,West,102.16666666666667,,False,,,West,,8,,,Eugene,
1058647219,,rule_based,EVT-0109,2024-06-07,METABOLIC_GLP1_INJ,pulmonology,Northeast,322.8333333333333,,False,,,Northeast,,11,,,Albany,
1065455036,1739712036,rule_based,EVT-0109,2024-06-07,METABOLIC_GLP1_INJ,rheumatology,Northeast,66.5,70.66666666666667,True,1,rheumatology,Northeast,Northeast,13,13,6.265664160401009,Syracuse,Hartford
1084471394,,rule_based,EVT-0109,2024-06-07,METABOLIC_GLP1_INJ,primary care,Northeast,281.0,,False,,,Northeast,,12,,,Springfield,
1159841240,,rule_based,EVT-0109,2024-06-07,METABOLIC_GLP1_INJ,neurology,Southeast,155.66666666666666,,False,,,Southeast,,17,,,Charlotte,
1189769080,1473494189,rule_based,EVT-0109,2024-06-07,METABOLIC_GLP1_INJ,primary care,Northeast,230.0,224.33333333333334,True,1,primary care,Northeast,Northeast,11,13,2.463768115942025,Stamford,Bangor
1198262952,,rule_based,EVT-0109,2024-06-07,METABOLIC_GLP1_INJ,pulmonology,Northeast,101.33333333333333,,False,,,Northeast,,5,,,Hartford,
1227780172,,rule_based,EVT-0109,2024-06-07,METABOLIC_GLP1_INJ,primary care,Southwest,153.33333333333334,,False,,,Southwest,,11,,,Scottsdale,
1238983617,1526834563,rule_based,EVT-0109,2024-06-07,METABOLIC_GLP1_INJ,pulmonology,Southeast,170.5,174.0,True,1,pulmonology,Southeast,Southeast,13,15,2.0527859237536656,Memphis,Columbia
1240190284,1663073843,rule_based,EVT-0109,2024-06-07,METABOLIC_GLP1_INJ,oncology,Southwest,101.0,96.33333333333333,True,1,oncology,Southwest,Southwest,17,14,4.620462046204625,Santa Fe,Santa Fe
1271768685,,rule_based,EVT-0109,2024-06-07,METABOLIC_GLP1_INJ,primary care,Midwest,312.1666666666667,,False,,,Midwest,,8,,,St. Paul,
1273912869,,rule_based,EVT-0109,2024-06-07,METABOLIC_GLP1_INJ,rheumatology,Northeast,116.16666666666667,,False,,,Northeast,,16,,,Stamford,
1292975558,,rule_based,EVT-0109,2024-06-07,METABOLIC_GLP1_INJ,oncology,Northeast,382.3333333333333,,False,,,Northeast,,2,,,Stamford,
1297280590,,rule_based,EVT-0109,2024-06-07,METABOLIC_GLP1_INJ,primary care,Midwest,135.0,,False,,,Midwest,,14,,,Springfield,
1324722952,,rule_based,EVT-0109,2024-06-07,METABOLIC_GLP1_INJ,endocrinology,Northeast,51.5,,False,,,Northeast,,12,,,Stamford,
1328056928,,rule_based,EVT-0109,2024-06-07,METABOLIC_GLP1_INJ,oncology,Northeast,66.0,,False,,,Northeast,,7,,,Bangor,
1358245029,,rule_based,EVT-0109,2024-06-07,METABOLIC_GLP1_INJ,oncology,Midwest,164.66666666666666,,False,,,Midwest,,17,,,South Bend,
1368009035,,rule_based,EVT-0109,2024-06-07,METABOLIC_GLP1_INJ,cardiology,Northeast,91.33333333333333,,False,,,Northeast,,7,,,Philadelphia,
1376656900,1823309871,rule_based,EVT-0109,2024-06-07,METABOLIC_GLP1_INJ,cardiology,Southwest,157.66666666666666,156.33333333333334,True,1,cardiology,Southwest,Southwest,6,5,0.8456659619450198,Tucson,San Antonio
1467704312,1901417067,rule_based,EVT-0109,2024-06-07,METABOLIC_GLP1_INJ,neurology,Northeast,171.83333333333334,156.0,True,1,neurology,Northeast,Northeast,13,13,9.214354995150345,Worcester,Springfield
1506746308,,rule_based,EVT-0109,2024-06-07,METABOLIC_GLP1_INJ,endocrinology,West,120.33333333333333,,False,,,West,,12,,,Spokane,
1511742359,1913743435,rule_based,EVT-0109,2024-06-07,METABOLIC_GLP1_INJ,oncology,Northeast,152.66666666666666,153.66666666666666,True,1,oncology,Northeast,Northeast,16,13,0.6550218340611355,Boston,Springfield
1546151204,,rule_based,EVT-0109,2024-06-07,METABOLIC_GLP1_INJ,primary care,Northeast,282.6666666666667,,False,,,Northeast,,13,,,Newark,
1616418756,,rule_based,EVT-0109,2024-06-07,METABOLIC_GLP1_INJ,neurology,Northeast,224.0,,False,,,Northeast,,8,,,Worcester,
1621842156,,rule_based,EVT-0109,2024-06-07,METABOLIC_GLP1_INJ,oncology,Northeast,113.0,,False,,,Northeast,,28,,,Hershey,
1657025858,,rule_based,EVT-0109,2024-06-07,METABOLIC_GLP1_INJ,endocrinology,Northeast,148.5,,False,,,Northeast,,10,,,Buffalo,
1672904236,,rule_based,EVT-0109,2024-06-07,METABOLIC_GLP1_INJ,cardiology,Northeast,145.83333333333334,,False,,,Northeast,,5,,,Philadelphia,
1683943777,,rule_based,EVT-0109,2024-06-07,METABOLIC_GLP1_INJ,cardiology,West,318.3333333333333,,False,,,West,,8,,,Provo,
1747032997,,rule_based,EVT-0109,2024-06-07,METABOLIC_GLP1_INJ,primary care,Northeast,203.16666666666666,,False,,,Northeast,,9,,,New York,
1776723276,,rule_based,EVT-0109,2024-06-07,METABOLIC_GLP1_INJ,primary care,Midwest,143.83333333333334,,False,,,Midwest,,21,,,Rochester,
1785764022,1242598583,rule_based,EVT-0109,2024-06-07,METABOLIC_GLP1_INJ,oncology,Northeast,116.83333333333333,116.83333333333333,True,1,oncology,Northeast,Northeast,17,14,0.0,Bangor,Worcester
1803502636,,rule_based,EVT-0109,2024-06-07,METABOLIC_GLP1_INJ,endocrinology,Northeast,220.5,,False,,,Northeast,,7,,,Princeton,
1811081532,,rule_based,EVT-0109,2024-06-07,METABOLIC_GLP1_INJ,oncology,Northeast,130.16666666666666,,False,,,Northeast,,12,,,Philadelphia,
1814938340,1107378550,rule_based,EVT-0109,2024-06-07,METABOLIC_GLP1_INJ,cardiology,Southeast,161.16666666666666,167.5,True,1,cardiology,Southeast,Southeast,13,14,3.9296794208893546,Huntsville,Charleston
1847082322,,rule_based,EVT-0109,2024-06-07,METABOLIC_GLP1_INJ,rheumatology,Northeast,118.16666666666667,,False,,,Northeast,,16,,,Boston,
1856406925,1541379537,rule_based,EVT-0109,2024-06-07,METABOLIC_GLP1_INJ,cardiology,Northeast,160.16666666666666,154.66666666666666,True,1,cardiology,Northeast,Northeast,12,11,3.433922996878252,Pittsburgh,Worcester
1889776344,1320611266,rule_based,EVT-0109,2024-06-07,METABOLIC_GLP1_INJ,pulmonology,Northeast,77.5,70.16666666666667,True,1,pulmonology,Northeast,Northeast,7,7,9.462365591397843,Camden,Springfield
1903798589,1566276774,rule_based,EVT-0109,2024-06-07,METABOLIC_GLP1_INJ,primary care,Southwest,389.6666666666667,359.8333333333333,True,1,primary care,Southwest,Southwest,19,20,7.656116338751079,Austin,Reno
1002145427,1209566128,rule_based,EVT-0110,2024-06-07,PC_ANTIHYPERTENSIVE,primary care,Northeast,622.1666666666666,633.3333333333334,True,1,primary care,Northeast,Northeast,13,15,1.794803107420318,Jersey City,Stamford
1048976678,,rule_based,EVT-0110,2024-06-07,PC_ANTIHYPERTENSIVE,primary care,Southeast,508.5,,False,,,Southeast,,18,,,Orlando,
1082909627,1804484495,rule_based,EVT-0110,2024-06-07,PC_ANTIHYPERTENSIVE,primary care,Southeast,170.16666666666666,169.33333333333334,True,1,primary care,Southeast,Southeast,16,16,0.4897159647404395,Atlanta,Winston-Salem
1101185407,,rule_based,EVT-0110,2024-06-07,PC_ANTIHYPERTENSIVE,primary care,Midwest,684.5,,False,,,Midwest,,17,,,Lansing,
1174238463,1389159553,rule_based,EVT-0110,2024-06-07,PC_ANTIHYPERTENSIVE,primary care,Southeast,247.0,229.5,True,1,primary care,Southeast,Southeast,14,11,7.08502024291498,Raleigh,Macon
1190842652,,rule_based,EVT-0110,2024-06-07,PC_ANTIHYPERTENSIVE,primary care,Southwest,191.5,,False,,,Southwest,,10,,,Las Vegas,
1200480071,,rule_based,EVT-0110,2024-06-07,PC_ANTIHYPERTENSIVE,primary care,Northeast,321.6666666666667,,False,,,Northeast,,20,,,Portland,
1241711534,,rule_based,EVT-0110,2024-06-07,PC_ANTIHYPERTENSIVE,primary care,Southeast,171.0,,False,,,Southeast,,13,,,Columbia,
1266945785,,rule_based,EVT-0110,2024-06-07,PC_ANTIHYPERTENSIVE,primary care,West,774.3333333333334,,False,,,West,,19,,,San Diego,
1321405205,1463019459,rule_based,EVT-0110,2024-06-07,PC_ANTIHYPERTENSIVE,primary care,West,211.83333333333334,216.0,True,1,primary care,West,West,10,9,1.9669551534224974,San Jose,Seattle
1334266016,,rule_based,EVT-0110,2024-06-07,PC_ANTIHYPERTENSIVE,primary care,Southwest,377.1666666666667,,False,,,Southwest,,20,,,Phoenix,
1456207657,,rule_based,EVT-0110,2024-06-07,PC_ANTIHYPERTENSIVE,primary care,Midwest,596.5,,False,,,Midwest,,10,,,Minneapolis,
1481247389,1892083019,rule_based,EVT-0110,2024-06-07,PC_ANTIHYPERTENSIVE,primary care,Southeast,366.0,393.3333333333333,True,1,primary care,Southeast,Southeast,24,27,7.46812386156648,Winston-Salem,Mobile
1523681389,,rule_based,EVT-0110,2024-06-07,PC_ANTIHYPERTENSIVE,primary care,Midwest,293.3333333333333,,False,,,Midwest,,8,,,Milwaukee,
1535820066,,rule_based,EVT-0110,2024-06-07,PC_ANTIHYPERTENSIVE,primary care,West,642.1666666666666,,False,,,West,,10,,,Denver,
1567742360,1233281843,rule_based,EVT-0110,2024-06-07,PC_ANTIHYPERTENSIVE,primary care,West,163.33333333333334,166.5,True,1,primary care,West,West,8,8,1.9387755102040758,Provo,Eugene
1595301304,,rule_based,EVT-0110,2024-06-07,PC_ANTIHYPERTENSIVE,primary care,Southwest,429.0,,False,,,Southwest,,13,,,Tulsa,
1808826295,,rule_based,EVT-0110,2024-06-07,PC_ANTIHYPERTENSIVE,primary care,Southeast,520.1666666666666,,False,,,Southeast,,20,,,Miami,
1812815243,,rule_based,EVT-0110,2024-06-07,PC_ANTIHYPERTENSIVE,primary care,Midwest,679.5,,False,,,Midwest,,7,,,Milwaukee,
1832506087,,rule_based,EVT-0110,2024-06-07,PC_ANTIHYPERTENSIVE,primary care,Midwest,957.1666666666666,,False,,,Midwest,,14,,,Grand Rapids,
1848624494,1356982086,rule_based,EVT-0110,2024-06-07,PC_ANTIHYPERTENSIVE,primary care,Midwest,367.6666666666667,335.1666666666667,True,1,primary care,Midwest,Midwest,14,16,8.83952855847688,Kansas City,Cincinnati
1937514325,,rule_based,EVT-0110,2024-06-07,PC_ANTIHYPERTENSIVE,primary care,West,459.3333333333333,,False,,,West,,15,,,Colorado Springs,
1287287258,,rule_based,EVT-0110,2024-06-07,PC_ANTIHYPERTENSIVE,primary care,Midwest,452.5,,False,,,Midwest,,9,,,Columbus,
1011940271,1708639657,rule_based,EVT-0111,2024-06-10,METABOLIC_GLP1_INJ,endocrinology,Northeast,109.83333333333333,108.16666666666667,True,1,endocrinology,Northeast,Northeast,7,7,1.5174506828527987,Princeton,Worcester
1050705288,,rule_based,EVT-0111,2024-06-10,METABOLIC_GLP1_INJ,endocrinology,Southeast,176.83333333333334,,False,,,Southeast,,21,,,Atlanta,
1076376403,,rule_based,EVT-0111,2024-06-10,METABOLIC_GLP1_INJ,endocrinology,Northeast,182.5,,False,,,Northeast,,18,,,Boston,
1107038659,,rule_based,EVT-0111,2024-06-10,METABOLIC_GLP1_INJ,endocrinology,Northeast,178.66666666666666,,False,,,Northeast,,10,,,New York,
1136500869,,rule_based,EVT-0111,2024-06-10,METABOLIC_GLP1_INJ,endocrinology,Southeast,67.33333333333333,,False,,,Southeast,,18,,,Arlington,
1139166684,,rule_based,EVT-0111,2024-06-10,METABOLIC_GLP1_INJ,pulmonology,Midwest,154.33333333333334,,False,,,Midwest,,5,,,Green Bay,
1166368237,1209829039,rule_based,EVT-0111,2024-06-10,METABOLIC_GLP1_INJ,primary care,Southwest,251.16666666666666,242.5,True,1,primary care,Southwest,Southwest,10,12,3.450564034505637,Tulsa,Dallas
1213511599,,rule_based,EVT-0111,2024-06-10,METABOLIC_GLP1_INJ,primary care,Northeast,798.8333333333334,,False,,,Northeast,,30,,,Bangor,
1224230882,,rule_based,EVT-0111,2024-06-10,METABOLIC_GLP1_INJ,primary care,Southwest,74.33333333333333,,False,,,Southwest,,13,,,Reno,
1240190284,1663073843,rule_based,EVT-0111,2024-06-10,METABOLIC_GLP1_INJ,oncology,Southwest,101.0,96.33333333333333,True,1,oncology,Southwest,Southwest,17,14,4.620462046204625,Santa Fe,Santa Fe
1264333323,,rule_based,EVT-0111,2024-06-10,METABOLIC_GLP1_INJ,primary care,Northeast,138.5,,False,,,Northeast,,12,,,New York,
1265952337,1871372714,rule_based,EVT-0111,2024-06-10,METABOLIC_GLP1_INJ,cardiology,Northeast,99.5,105.0,True,1,cardiology,Northeast,Northeast,22,19,5.527638190954774,Syracuse,Portland
1302899475,,rule_based,EVT-0111,2024-06-10,METABOLIC_GLP1_INJ,cardiology,Midwest,47.0,,False,,,Midwest,,7,,,Ann Arbor,
1330156328,,rule_based,EVT-0111,2024-06-10,METABOLIC_GLP1_INJ,endocrinology,Southwest,180.5,,False,,,Southwest,,6,,,Santa Fe,
1375349903,,rule_based,EVT-0111,2024-06-10,METABOLIC_GLP1_INJ,endocrinology,West,238.33333333333334,,False,,,West,,18,,,Boulder,
1394609428,,rule_based,EVT-0111,2024-06-10,METABOLIC_GLP1_INJ,endocrinology,Southwest,422.6666666666667,,False,,,Southwest,,4,,,Reno,
1413519731,1412773438,rule_based,EVT-0111,2024-06-10,METABOLIC_GLP1_INJ,primary care,Southwest,326.5,330.6666666666667,True,1,primary care,Southwest,Southwest,13,12,1.276161306789184,Austin,Tucson
1497642888,,rule_based,EVT-0111,2024-06-10,METABOLIC_GLP1_INJ,endocrinology,Northeast,114.66666666666667,,False,,,Northeast,,10,,,Pittsburgh,
1592123891,,rule_based,EVT-0111,2024-06-10,METABOLIC_GLP1_INJ,primary care,Northeast,158.16666666666666,,False,,,Northeast,,18,,,Allentown,
1639269087,1209566128,rule_based,EVT-0111,2024-06-10,METABOLIC_GLP1_INJ,primary care,Northeast,403.6666666666667,395.1666666666667,True,1,primary care,Northeast,Northeast,18,15,2.1056977704376547,Buffalo,Stamford
1665478461,1058325303,rule_based,EVT-0111,2024-06-10,METABOLIC_GLP1_INJ,primary care,Northeast,172.16666666666666,165.0,True,1,primary care,Northeast,Northeast,10,13,4.162633107454012,New York,Princeton
1670560261,,rule_based,EVT-0111,2024-06-10,METABOLIC_GLP1_INJ,primary care,Southwest,199.5,,False,,,Southwest,,13,,,Tulsa,
1670701188,,rule_based,EVT-0111,2024-06-10,METABOLIC_GLP1_INJ,cardiology,Southeast,173.5,,False,,,Southeast,,7,,,Chattanooga,
1689059347,,rule_based,EVT-0111,2024-06-10,METABOLIC_GLP1_INJ,primary care,Southwest,74.5,,False,,,Southwest,,9,,,Reno,
1696806755,1337606333,rule_based,EVT-0111,2024-06-10,METABOLIC_GLP1_INJ,rheumatology,Midwest,68.5,62.666666666666664,True,1,rheumatology,Midwest,Midwest,14,16,8.515815085158154,Peoria,Columbia
1702497342,,rule_based,EVT-0111,2024-06-10,METABOLIC_GLP1_INJ,endocrinology,Southeast,214.66666666666666,,False,,,Southeast,,9,,,Knoxville,
1706991829,,rule_based,EVT-0111,2024-06-10,METABOLIC_GLP1_INJ,endocrinology,Midwest,91.0,,False,,,Midwest,,19,,,Milwaukee,
1717519684,,rule_based,EVT-0111,2024-06-10,METABOLIC_GLP1_INJ,endocrinology,Midwest,194.33333333333334,,False,,,Midwest,,22,,,Springfield,
1740626134,,rule_based,EVT-0111,2024-06-10,METABOLIC_GLP1_INJ,endocrinology,Southwest,199.66666666666666,,False,,,Southwest,,5,,,Oklahoma City,
1747032997,,rule_based,EVT-0111,2024-06-10,METABOLIC_GLP1_INJ,primary care,Northeast,203.16666666666666,,False,,,Northeast,,9,,,New York,
1750236147,,rule_based,EVT-0111,2024-06-10,METABOLIC_GLP1_INJ,cardiology,Southwest,227.66666666666666,,False,,,Southwest,,12,,,Austin,
1885387740,,rule_based,EVT-0111,2024-06-10,METABOLIC_GLP1_INJ,endocrinology,Northeast,157.83333333333334,,False,,,Northeast,,38,,,Syracuse,
1901019392,,rule_based,EVT-0111,2024-06-10,METABOLIC_GLP1_INJ,cardiology,West,636.1666666666666,,False,,,West,,16,,,Portland,
1903121188,,rule_based,EVT-0111,2024-06-10,METABOLIC_GLP1_INJ,pulmonology,Northeast,129.16666666666666,,False,,,Northeast,,18,,,Philadelphia,
1921646299,1285347583,rule_based,EVT-0111,2024-06-10,METABOLIC_GLP1_INJ,neurology,Southwest,150.16666666666666,146.5,True,1,neurology,Southwest,Southwest,9,10,2.441731409544944,Oklahoma City,Reno
1939785840,,rule_based,EVT-0111,2024-06-10,METABOLIC_GLP1_INJ,endocrinology,Southwest,186.66666666666666,,False,,,Southwest,,30,,,Austin,
1993463169,,rule_based,EVT-0111,2024-06-10,METABOLIC_GLP1_INJ,endocrinology,West,270.5,,False,,,West,,9,,,Seattle,
1259584955,1124315999,rule_based,EVT-0112,2024-06-11,ONC_TARGETED_ORAL,oncology,Northeast,128.16666666666666,121.5,True,1,oncology,Northeast,Northeast,12,15,5.201560468140435,Boston,Portland
1326516303,,rule_based,EVT-0112,2024-06-11,ONC_TARGETED_ORAL,oncology,Southwest,317.3333333333333,,False,,,Southwest,,12,,,Phoenix,
1358245029,1943531446,rule_based,EVT-0112,2024-06-11,ONC_TARGETED_ORAL,oncology,Midwest,187.0,199.33333333333334,True,1,oncology,Midwest,Midwest,17,17,6.595365418894835,South Bend,Indianapolis
1663073843,,rule_based,EVT-0112,2024-06-11,ONC_TARGETED_ORAL,oncology,Southwest,222.5,,False,,,Southwest,,14,,,Santa Fe,
1969914385,,rule_based,EVT-0112,2024-06-11,ONC_TARGETED_ORAL,oncology,West,241.16666666666666,,False,,,West,,12,,,Denver,
1009179924,1599978586,rule_based,EVT-0113,2024-06-12,CV_ANTICOAG_ORAL,cardiology,West,279.8333333333333,293.3333333333333,True,1,cardiology,West,West,10,11,4.824300178677785,Los Angeles,Salt Lake City
1031568581,1838576308,rule_based,EVT-0113,2024-06-12,CV_ANTICOAG_ORAL,pulmonology,Southeast,98.5,99.0,True,1,pulmonology,Southeast,Southeast,5,6,0.5076142131979695,Chattanooga,Columbia
1038444141,1123562633,rule_based,EVT-0113,2024-06-12,CV_ANTICOAG_ORAL,oncology,Southeast,70.33333333333333,72.33333333333333,True,1,oncology,Southeast,Southeast,11,8,2.843601895734597,Durham,Charleston
1074076039,1836894604,rule_based,EVT-0113,2024-06-12,CV_ANTICOAG_ORAL,cardiology,Southeast,190.0,194.0,True,1,cardiology,Southeast,Southeast,12,12,2.1052631578947367,Charlottesville,Norfolk
1084919582,,rule_based,EVT-0113,2024-06-12,CV_ANTICOAG_ORAL,primary care,Southeast,143.5,,False,,,Southeast,,12,,,Nashville,
1159301823,1088938448,rule_based,EVT-0113,2024-06-12,CV_ANTICOAG_ORAL,oncology,West,87.33333333333333,92.0,True,1,oncology,West,West,6,6,5.343511450381685,Eugene,San Diego
1163199601,,rule_based,EVT-0113,2024-06-12,CV_ANTICOAG_ORAL,neurology,Southwest,164.66666666666666,,False,,,Southwest,,17,,,Oklahoma City,
1210642439,,rule_based,EVT-0113,2024-06-12,CV_ANTICOAG_ORAL,oncology,Southwest,403.5,,False,,,Southwest,,8,,,Reno,
1213511599,,rule_based,EVT-0113,2024-06-12,CV_ANTICOAG_ORAL,primary care,Northeast,931.5,,False,,,Northeast,,30,,,Bangor,
1246066447,,rule_based,EVT-0113,2024-06-12,CV_ANTICOAG_ORAL,rheumatology,Southwest,237.5,,False,,,Southwest,,28,,,Mesa,
1257723886,,rule_based,EVT-0113,2024-06-12,CV_ANTICOAG_ORAL,endocrinology,Southwest,227.33333333333334,,False,,,Southwest,,11,,,Phoenix,
1326516303,,rule_based,EVT-0113,2024-06-12,CV_ANTICOAG_ORAL,oncology,Southwest,400.6666666666667,,False,,,Southwest,,12,,,Phoenix,
1394609428,,rule_based,EVT-0113,2024-06-12,CV_ANTICOAG_ORAL,endocrinology,Southwest,493.5,,False,,,Southwest,,4,,,Reno,
1592123891,,rule_based,EVT-0113,2024-06-12,CV_ANTICOAG_ORAL,primary care,Northeast,405.1666666666667,,False,,,Northeast,,18,,,Allentown,
1647196991,,rule_based,EVT-0113,2024-06-12,CV_ANTICOAG_ORAL,rheumatology,Southeast,82.5,,False,,,Southeast,,8,,,Richmond,
1663073843,,rule_based,EVT-0113,2024-06-12,CV_ANTICOAG_ORAL,oncology,Southwest,65.33333333333333,,False,,,Southwest,,14,,,Santa Fe,
1710163217,,rule_based,EVT-0113,2024-06-12,CV_ANTICOAG_ORAL,cardiology,Northeast,235.66666666666666,,False,,,Northeast,,11,,,Albany,
1743613295,,rule_based,EVT-0113,2024-06-12,CV_ANTICOAG_ORAL,oncology,Midwest,88.66666666666667,,False,,,Midwest,,11,,,Cincinnati,
1793685516,,rule_based,EVT-0113,2024-06-12,CV_ANTICOAG_ORAL,cardiology,Southeast,269.0,,False,,,Southeast,,16,,,Birmingham,
1808310134,1075689749,rule_based,EVT-0113,2024-06-12,CV_ANTICOAG_ORAL,rheumatology,Southwest,342.3333333333333,330.3333333333333,True,1,rheumatology,Southwest,Southwest,12,12,3.5053554040895816,Santa Fe,Oklahoma City
1824149854,,rule_based,EVT-0113,2024-06-12,CV_ANTICOAG_ORAL,neurology,Southeast,163.66666666666666,,False,,,Southeast,,12,,,Memphis,
1893606271,1828766265,rule_based,EVT-0113,2024-06-12,CV_ANTICOAG_ORAL,oncology,Southwest,93.66666666666667,95.83333333333333,True,1,oncology,Southwest,Southwest,7,8,2.3131672597864665,Austin,Fort Worth
1895078685,,rule_based,EVT-0113,2024-06-12,CV_ANTICOAG_ORAL,endocrinology,Southwest,409.5,,False,,,Southwest,,15,,,Fort Worth,
1903798589,,rule_based,EVT-0113,2024-06-12,CV_ANTICOAG_ORAL,primary care,Southwest,241.83333333333334,,False,,,Southwest,,19,,,Austin,
1025231352,,rule_based,EVT-0114,2024-06-14,RHEUM_JAK_ORAL,rheumatology,Northeast,309.1666666666667,,False,,,Northeast,,6,,,Syracuse,
1435949049,,rule_based,EVT-0114,2024-06-14,RHEUM_JAK_ORAL,rheumatology,Northeast,518.0,,False,,,Northeast,,4,,,Bangor,
1590337907,,rule_based,EVT-0114,2024-06-14,RHEUM_JAK_ORAL,rheumatology,Northeast,594.1666666666666,,False,,,Northeast,,9,,,Worcester,
1595774286,,rule_based,EVT-0114,2024-06-14,RHEUM_JAK_ORAL,rheumatology,Midwest,543.1666666666666,,False,,,Midwest,,13,,,Peoria,
1647196991,,rule_based,EVT-0114,2024-06-14,RHEUM_JAK_ORAL,rheumatology,Southeast,664.0,,False,,,Southeast,,8,,,Richmond,
1944079924,,rule_based,EVT-0114,2024-06-14,RHEUM_JAK_ORAL,rheumatology,Southeast,777.0,,False,,,Southeast,,14,,,Columbia,
1328056928,,rule_based,EVT-0115,2024-06-17,ONC_TARGETED_ORAL,oncology,Northeast,287.1666666666667,,False,,,Northeast,,7,,,Bangor,
1340345143,1384158410,rule_based,EVT-0115,2024-06-17,ONC_TARGETED_ORAL,oncology,Southeast,331.5,351.0,True,1,oncology,Southeast,Southeast,12,11,5.88235294117647,Columbia,Nashville
1407931751,,rule_based,EVT-0115,2024-06-17,ONC_TARGETED_ORAL,oncology,Midwest,148.66666666666666,,False,,,Midwest,,8,,,Cincinnati,
1840863041,,rule_based,EVT-0115,2024-06-17,ONC_TARGETED_ORAL,oncology,Southeast,387.0,,False,,,Southeast,,13,,,Miami,
1046736322,1769234364,rule_based,EVT-0116,2024-06-18,PC_ANTIHYPERTENSIVE,primary care,Southwest,245.5,252.5,True,1,primary care,Southwest,Southwest,24,21,2.8513238289205702,Reno,Tulsa
1048976678,,rule_based,EVT-0116,2024-06-18,PC_ANTIHYPERTENSIVE,primary care,Southeast,508.5,,False,,,Southeast,,18,,,Orlando,
1098995024,,rule_based,EVT-0116,2024-06-18,PC_ANTIHYPERTENSIVE,primary care,Northeast,167.66666666666666,,False,,,Northeast,,6,,,Pittsburgh,
1145899849,,rule_based,EVT-0116,2024-06-18,PC_ANTIHYPERTENSIVE,primary care,West,384.5,,False,,,West,,17,,,Portland,
1180932224,,rule_based,EVT-0116,2024-06-18,PC_ANTIHYPERTENSIVE,primary care,Southeast,635.3333333333334,,False,,,Southeast,,19,,,Savannah,
1190842652,,rule_based,EVT-0116,2024-06-18,PC_ANTIHYPERTENSIVE,primary care,Southwest,191.5,,False,,,Southwest,,10,,,Las Vegas,
1209829039,,rule_based,EVT-0116,2024-06-18,PC_ANTIHYPERTENSIVE,primary care,Southwest,666.0,,False,,,Southwest,,12,,,Dallas,
1268222167,1356982086,rule_based,EVT-0116,2024-06-18,PC_ANTIHYPERTENSIVE,primary care,Midwest,336.6666666666667,335.1666666666667,True,1,primary care,Midwest,Midwest,19,16,0.4455445544554455,Fort Wayne,Cincinnati
1271768685,1548652282,rule_based,EVT-0116,2024-06-18,PC_ANTIHYPERTENSIVE,primary care,Midwest,456.0,480.3333333333333,True,1,primary care,Midwest,Midwest,8,5,5.336257309941516,St. Paul,Grand Rapids
1280087226,,rule_based,EVT-0116,2024-06-18,PC_ANTIHYPERTENSIVE,primary care,Northeast,959.8333333333334,,False,,,Northeast,,10,,,Rochester,
1296552940,,rule_based,EVT-0116,2024-06-18,PC_ANTIHYPERTENSIVE,primary care,Northeast,379.3333333333333,,False,,,Northeast,,8,,,Rochester,
1311764207,,rule_based,EVT-0116,2024-06-18,PC_ANTIHYPERTENSIVE,primary care,Midwest,372.1666666666667,,False,,,Midwest,,6,,,Cincinnati,
1385532449,,rule_based,EVT-0116,2024-06-18,PC_ANTIHYPERTENSIVE,primary care,Southeast,645.6666666666666,,False,,,Southeast,,6,,,Atlanta,
1397955463,,rule_based,EVT-0116,2024-06-18,PC_ANTIHYPERTENSIVE,primary care,Southeast,575.1666666666666,,False,,,Southeast,,14,,,Chattanooga,
1423152481,1363342464,rule_based,EVT-0116,2024-06-18,PC_ANTIHYPERTENSIVE,primary care,Southeast,540.0,541.5,True,1,primary care,Southeast,Southeast,11,10,0.2777777777777778,Chattanooga,Arlington
1425340662,,rule_based,EVT-0116,2024-06-18,PC_ANTIHYPERTENSIVE,primary care,Southwest,447.0,,False,,,Southwest,,17,,,Austin,
1425610817,,rule_based,EVT-0116,2024-06-18,PC_ANTIHYPERTENSIVE,primary care,Southeast,215.16666666666666,,False,,,Southeast,,3,,,Huntsville,
1456299035,,rule_based,EVT-0116,2024-06-18,PC_ANTIHYPERTENSIVE,primary care,Southeast,248.83333333333334,,False,,,Southeast,,15,,,Mobile,
1488515010,,rule_based,EVT-0116,2024-06-18,PC_ANTIHYPERTENSIVE,primary care,Midwest,292.5,,False,,,Midwest,,19,,,St. Louis,
1506356074,,rule_based,EVT-0116,2024-06-18,PC_ANTIHYPERTENSIVE,primary care,Midwest,197.83333333333334,,False,,,Midwest,,14,,,Lansing,
1546151204,,rule_based,EVT-0116,2024-06-18,PC_ANTIHYPERTENSIVE,primary care,Northeast,317.6666666666667,,False,,,Northeast,,13,,,Newark,
1595301304,,rule_based,EVT-0116,2024-06-18,PC_ANTIHYPERTENSIVE,primary care,Southwest,429.0,,False,,,Southwest,,13,,,Tulsa,
1610820601,,rule_based,EVT-0116,2024-06-18,PC_ANTIHYPERTENSIVE,primary care,Midwest,326.5,,False,,,Midwest,,9,,,Lansing,
1613561947,,rule_based,EVT-0116,2024-06-18,PC_ANTIHYPERTENSIVE,primary care,Southeast,470.5,,False,,,Southeast,,16,,,Norfolk,
1689059347,,rule_based,EVT-0116,2024-06-18,PC_ANTIHYPERTENSIVE,primary care,Southwest,239.83333333333334,,False,,,Southwest,,9,,,Reno,
1707435529,,rule_based,EVT-0116,2024-06-18,PC_ANTIHYPERTENSIVE,primary care,Southeast,461.0,,False,,,Southeast,,14,,,Norfolk,
1721479586,,rule_based,EVT-0116,2024-06-18,PC_ANTIHYPERTENSIVE,primary care,West,449.3333333333333,,False,,,West,,8,,,San Diego,
1732527431,,rule_based,EVT-0116,2024-06-18,PC_ANTIHYPERTENSIVE,primary care,Southeast,414.1666666666667,,False,,,Southeast,,9,,,Arlington,
1803233885,,rule_based,EVT-0116,2024-06-18,PC_ANTIHYPERTENSIVE,primary care,Southeast,377.5,,False,,,Southeast,,16,,,Knoxville,
1806479196,,rule_based,EVT-0116,2024-06-18,PC_ANTIHYPERTENSIVE,primary care,Southwest,573.5,,False,,,Southwest,,16,,,Oklahoma City,
1815807585,,rule_based,EVT-0116,2024-06-18,PC_ANTIHYPERTENSIVE,primary care,Southeast,639.1666666666666,,False,,,Southeast,,13,,,Knoxville,
1848624494,,rule_based,EVT-0116,2024-06-18,PC_ANTIHYPERTENSIVE,primary care,Midwest,367.6666666666667,,False,,,Midwest,,14,,,Kansas City,
1903798589,,rule_based,EVT-0116,2024-06-18,PC_ANTIHYPERTENSIVE,primary care,Southwest,364.5,,False,,,Southwest,,19,,,Austin,
1922670785,1892083019,rule_based,EVT-0116,2024-06-18,PC_ANTIHYPERTENSIVE,primary care,Southeast,431.1666666666667,393.3333333333333,True,1,primary care,Southeast,Southeast,30,27,8.77464244298416,Augusta,Mobile
1924355757,1812123887,rule_based,EVT-0116,2024-06-18,PC_ANTIHYPERTENSIVE,primary care,Southwest,432.5,439.0,True,1,primary care,Southwest,Southwest,7,9,1.5028901734104045,Albuquerque,Tucson
1955620046,,rule_based,EVT-0116,2024-06-18,PC_ANTIHYPERTENSIVE,primary care,Southeast,487.3333333333333,,False,,,Southeast,,8,,,Birmingham,
1120302413,1584097178,rule_based,EVT-0117,2024-06-20,ONC_TARGETED_ORAL,oncology,Southeast,212.16666666666666,213.5,True,1,oncology,Southeast,Southeast,11,10,0.6284367635506721,Atlanta,Columbia
1240190284,,rule_based,EVT-0117,2024-06-20,ONC_TARGETED_ORAL,oncology,Southwest,347.0,,False,,,Southwest,,17,,,Santa Fe,
1259584955,1124315999,rule_based,EVT-0117,2024-06-20,ONC_TARGETED_ORAL,oncology,Northeast,128.16666666666666,121.5,True,1,oncology,Northeast,Northeast,12,15,5.201560468140435,Boston,Portland
1358340028,1309185530,rule_based,EVT-0117,2024-06-20,ONC_TARGETED_ORAL,oncology,Southeast,134.33333333333334,130.0,True,1,oncology,Southeast,Southeast,21,19,3.22580645161291,Miami,Norfolk
1407931751,,rule_based,EVT-0117,2024-06-20,ONC_TARGETED_ORAL,oncology,Midwest,148.66666666666666,,False,,,Midwest,,8,,,Cincinnati,
1704492101,,rule_based,EVT-0117,2024-06-20,ONC_TARGETED_ORAL,oncology,Southeast,190.66666666666666,,False,,,Southeast,,24,,,Savannah,
1719186219,,rule_based,EVT-0117,2024-06-20,ONC_TARGETED_ORAL,oncology,West,263.0,,False,,,West,,14,,,Sacramento,
1737256036,1479311619,rule_based,EVT-0117,2024-06-20,ONC_TARGETED_ORAL,oncology,Midwest,172.16666666666666,182.16666666666666,True,1,oncology,Midwest,Midwest,9,6,5.808325266214908,Green Bay,Fort Wayne
1811081532,1294882026,rule_based,EVT-0117,2024-06-20,ONC_TARGETED_ORAL,oncology,Northeast,189.5,193.0,True,1,oncology,Northeast,Northeast,12,14,1.8469656992084433,Philadelphia,Springfield
1840863041,1384158410,rule_based,EVT-0117,2024-06-20,ONC_TARGETED_ORAL,oncology,Southeast,387.0,351.0,True,1,oncology,Southeast,Southeast,13,11,9.30232558139535,Miami,Nashville
1009179924,1599978586,rule_based,EVT-0118,2024-06-20,CARD_HF_ARNI,cardiology,West,367.5,364.5,True,1,cardiology,West,West,10,11,0.8163265306122449,Los Angeles,Salt Lake City
1015191335,1779918477,rule_based,EVT-0118,2024-06-20,CARD_HF_ARNI,cardiology,Northeast,186.83333333333334,185.0,True,1,cardiology,Northeast,Northeast,17,17,0.9812667261373824,Camden,New Haven
1123148250,1323611925,rule_based,EVT-0118,2024-06-20,CARD_HF_ARNI,cardiology,Southwest,254.66666666666666,250.16666666666666,True,1,cardiology,Southwest,Southwest,19,19,1.7670157068062828,Austin,Albuquerque
1265952337,,rule_based,EVT-0118,2024-06-20,CARD_HF_ARNI,cardiology,Northeast,481.0,,False,,,Northeast,,22,,,Syracuse,
1299418347,1331020234,rule_based,EVT-0118,2024-06-20,CARD_HF_ARNI,cardiology,Northeast,397.0,406.6666666666667,True,1,cardiology,Northeast,Northeast,18,19,2.434928631402188,Springfield,Syracuse
1300832031,1458345984,rule_based,EVT-0118,2024-06-20,CARD_HF_ARNI,cardiology,West,173.33333333333334,180.0,True,1,cardiology,West,West,11,12,3.846153846153841,Spokane,Provo
1341556789,,rule_based,EVT-0118,2024-06-20,CARD_HF_ARNI,cardiology,West,1187.5,,False,,,West,,17,,,Seattle,
1444774099,,rule_based,EVT-0118,2024-06-20,CARD_HF_ARNI,cardiology,West,167.66666666666666,,False,,,West,,27,,,Salt Lake City,
1610177150,,rule_based,EVT-0118,2024-06-20,CARD_HF_ARNI,cardiology,Southeast,477.3333333333333,,False,,,Southeast,,19,,,Mobile,
1631526641,,rule_based,EVT-0118,2024-06-20,CARD_HF_ARNI,cardiology,Southwest,217.0,,False,,,Southwest,,16,,,Oklahoma City,
1648553570,,rule_based,EVT-0118,2024-06-20,CARD_HF_ARNI,cardiology,Southwest,356.5,,False,,,Southwest,,11,,,Houston,
1670701188,,rule_based,EVT-0118,2024-06-20,CARD_HF_ARNI,cardiology,Southeast,520.8333333333334,,False,,,Southeast,,7,,,Chattanooga,
1710163217,,rule_based,EVT-0118,2024-06-20,CARD_HF_ARNI,cardiology,Northeast,282.1666666666667,,False,,,Northeast,,11,,,Albany,
1714986282,,rule_based,EVT-0118,2024-06-20,CARD_HF_ARNI,cardiology,West,240.0,,False,,,West,,10,,,Tacoma,
1760628762,,rule_based,EVT-0118,2024-06-20,CARD_HF_ARNI,cardiology,Southwest,216.33333333333334,,False,,,Southwest,,13,,,Oklahoma City,
1901019392,,rule_based,EVT-0118,2024-06-20,CARD_HF_ARNI,cardiology,West,811.8333333333334,,False,,,West,,16,,,Portland,
1923786978,1836894604,rule_based,EVT-0118,2024-06-20,CARD_HF_ARNI,cardiology,Southeast,300.5,289.6666666666667,True,1,cardiology,Southeast,Southeast,15,12,3.6051026067664944,Nashville,Norfolk
1934829601,,rule_based,EVT-0118,2024-06-20,CARD_HF_ARNI,cardiology,Midwest,406.5,,False,,,Midwest,,13,,,Toledo,
1036718538,,rule_based,EVT-0119,2024-06-21,CV_ANTICOAG_ORAL,endocrinology,Southwest,63.333333333333336,,False,,,Southwest,,15,,,Phoenix,
1058647219,1697855363,rule_based,EVT-0119,2024-06-21,CV_ANTICOAG_ORAL,pulmonology,Northeast,226.16666666666666,237.16666666666666,True,1,pulmonology,Northeast,Northeast,11,14,4.8636698599852615,Albany,Hershey
1101185407,,rule_based,EVT-0119,2024-06-21,CV_ANTICOAG_ORAL,primary care,Midwest,146.83333333333334,,False,,,Midwest,,17,,,Lansing,
1133130363,1261377760,rule_based,EVT-0119,2024-06-21,CV_ANTICOAG_ORAL,primary care,Northeast,200.5,182.5,True,1,primary care,Northeast,Northeast,13,14,8.977556109725686,Hartford,Stamford
1137408567,,rule_based,EVT-0119,2024-06-21,CV_ANTICOAG_ORAL,endocrinology,Northeast,696.6666666666666,,False,,,Northeast,,10,,,Allentown,
1144669185,,rule_based,EVT-0119,2024-06-21,CV_ANTICOAG_ORAL,primary care,Northeast,736.5,,False,,,Northeast,,16,,,Allentown,
1198262952,,rule_based,EVT-0119,2024-06-21,CV_ANTICOAG_ORAL,pulmonology,Northeast,217.33333333333334,,False,,,Northeast,,5,,,Hartford,
1200480071,,rule_based,EVT-0119,2024-06-21,CV_ANTICOAG_ORAL,primary care,Northeast,918.6666666666666,,False,,,Northeast,,20,,,Portland,
1238983617,1502571429,rule_based,EVT-0119,2024-06-21,CV_ANTICOAG_ORAL,pulmonology,Southeast,149.16666666666666,140.66666666666666,True,1,pulmonology,Southeast,Southeast,13,11,5.698324022346369,Memphis,Raleigh
1271768685,,rule_based,EVT-0119,2024-06-21,CV_ANTICOAG_ORAL,primary care,Midwest,252.33333333333334,,False,,,Midwest,,8,,,St. Paul,
1273912869,1602648309,rule_based,EVT-0119,2024-06-21,CV_ANTICOAG_ORAL,rheumatology,Northeast,157.5,166.66666666666666,True,1,rheumatology,Northeast,Northeast,16,14,5.820105820105814,Stamford,Camden
1299418347,1350739367,rule_based,EVT-0119,2024-06-21,CV_ANTICOAG_ORAL,cardiology,Northeast,101.66666666666667,93.66666666666667,True,1,cardiology,Northeast,Northeast,18,16,7.868852459016392,Springfield,Hershey
1327009084,1738266356,rule_based,EVT-0119,2024-06-21,CV_ANTICOAG_ORAL,neurology,Southwest,96.5,96.83333333333333,True,1,neurology,Southwest,Southwest,13,11,0.3454231433505996,Scottsdale,Dallas
1511742359,1535323178,rule_based,EVT-0119,2024-06-21,CV_ANTICOAG_ORAL,oncology,Northeast,173.66666666666666,172.66666666666666,True,1,oncology,Northeast,Northeast,16,17,0.5758157389635317,Boston,Stamford
1567742360,,rule_based,EVT-0119,2024-06-21,CV_ANTICOAG_ORAL,primary care,West,366.0,,False,,,West,,8,,,Provo,
1567993435,1874547676,rule_based,EVT-0119,2024-06-21,CV_ANTICOAG_ORAL,neurology,Northeast,67.66666666666667,72.0,True,1,neurology,Northeast,Northeast,9,12,6.4039408866995,Buffalo,Camden
1598661571,,rule_based,EVT-0119,2024-06-21,CV_ANTICOAG_ORAL,rheumatology,Northeast,224.0,,False,,,Northeast,,10,,,Stamford,
1636376422,1529873311,rule_based,EVT-0119,2024-06-21,CV_ANTICOAG_ORAL,neurology,Southwest,66.5,69.5,True,1,neurology,Southwest,Southwest,7,4,4.511278195488721,San Antonio,Mesa
1647196991,,rule_based,EVT-0119,2024-06-21,CV_ANTICOAG_ORAL,rheumatology,Southeast,82.5,,False,,,Southeast,,8,,,Richmond,
1670701188,,rule_based,EVT-0119,2024-06-21,CV_ANTICOAG_ORAL,cardiology,Southeast,311.6666666666667,,False,,,Southeast,,7,,,Chattanooga,
1719574174,1987971524,rule_based,EVT-0119,2024-06-21,CV_ANTICOAG_ORAL,neurology,Midwest,167.33333333333334,162.33333333333334,True,1,neurology,Midwest,Midwest,11,10,2.98804780876494,St. Louis,Fort Wayne
1738903891,,rule_based,EVT-0119,2024-06-21,CV_ANTICOAG_ORAL,endocrinology,Southeast,542.6666666666666,,False,,,Southeast,,18,,,Charlotte,
1740047711,,rule_based,EVT-0119,2024-06-21,CV_ANTICOAG_ORAL,primary care,Southeast,147.0,,False,,,Southeast,,13,,,Greenville,
1774691384,,rule_based,EVT-0119,2024-06-21,CV_ANTICOAG_ORAL,neurology,Northeast,60.666666666666664,,False,,,Northeast,,12,,,Bangor,
1815807585,1057676243,rule_based,EVT-0119,2024-06-21,CV_ANTICOAG_ORAL,primary care,Southeast,216.16666666666666,210.5,True,1,primary care,Southeast,Southeast,13,11,2.621434078643018,Knoxville,Tampa
1841791217,,rule_based,EVT-0119,2024-06-21,CV_ANTICOAG_ORAL,neurology,Midwest,161.5,,False,,,Midwest,,21,,,Cleveland,
1844747141,1873780039,rule_based,EVT-0119,2024-06-21,CV_ANTICOAG_ORAL,primary care,West,249.33333333333334,239.16666666666666,True,1,primary care,West,West,12,9,4.077540106951879,Colorado Springs,Provo
1934277181,1342938887,rule_based,EVT-0119,2024-06-21,CV_ANTICOAG_ORAL,neurology,Southeast,56.666666666666664,55.833333333333336,True,1,neurology,Southeast,Southeast,9,7,1.4705882352941093,Orlando,Greenville
1964945871,,rule_based,EVT-0119,2024-06-21,CV_ANTICOAG_ORAL,endocrinology,Northeast,242.16666666666666,,False,,,Northeast,,6,,,New Haven,
1456207657,,rule_based,EVT-0119,2024-06-21,CV_ANTICOAG_ORAL,primary care,Midwest,312.1666666666667,,False,,,Midwest,,10,,,Minneapolis,
1040239976,,rule_based,EVT-0120,2024-06-26,RHEUM_JAK_ORAL,rheumatology,Northeast,429.3333333333333,,False,,,Northeast,,24,,,New York,
1073902250,1641859123,rule_based,EVT-0120,2024-06-26,RHEUM_JAK_ORAL,rheumatology,West,348.0,346.3333333333333,True,1,rheumatology,West,West,10,12,0.47892720306513953,Boulder,Denver
1194203331,,rule_based,EVT-0120,2024-06-26,RHEUM_JAK_ORAL,rheumatology,Southeast,351.6666666666667,,False,,,Southeast,,5,,,Columbia,
1196400158,1337789832,rule_based,EVT-0120,2024-06-26,RHEUM_JAK_ORAL,rheumatology,Southeast,229.0,214.83333333333334,True,1,rheumatology,Southeast,Southeast,18,15,6.186317321688497,Greenville,Savannah
1199976907,,rule_based,EVT-0120,2024-06-26,RHEUM_JAK_ORAL,rheumatology,Northeast,295.0,,False,,,Northeast,,15,,,Albany,
1246066447,,rule_based,EVT-0120,2024-06-26,RHEUM_JAK_ORAL,rheumatology,Southwest,553.0,,False,,,Southwest,,28,,,Mesa,
1595774286,,rule_based,EVT-0120,2024-06-26,RHEUM_JAK_ORAL,rheumatology,Midwest,543.1666666666666,,False,,,Midwest,,13,,,Peoria,
1944079924,,rule_based,EVT-0120,2024-06-26,RHEUM_JAK_ORAL,rheumatology,Southeast,777.0,,False,,,Southeast,,14,,,Columbia,
1993874985,,rule_based,EVT-0120,2024-06-26,RHEUM_JAK_ORAL,rheumatology,Northeast,476.1666666666667,,False,,,Northeast,,23,,,Boston,
1009179924,,rule_based,EVT-0121,2024-06-27,METABOLIC_GLP1_INJ,cardiology,West,263.0,,False,,,West,,10,,,Los Angeles,
1019230758,,rule_based,EVT-0121,2024-06-27,METABOLIC_GLP1_INJ,neurology,Southwest,65.83333333333333,,False,,,Southwest,,25,,,Reno,
1025231352,,rule_based,EVT-0121,2024-06-27,METABOLIC_GLP1_INJ,rheumatology,Northeast,438.5,,False,,,Northeast,,6,,,Syracuse,
1048976678,,rule_based,EVT-0121,2024-06-27,METABOLIC_GLP1_INJ,primary care,Southeast,158.66666666666666,,False,,,Southeast,,18,,,Orlando,
1065870788,,rule_based,EVT-0121,2024-06-27,METABOLIC_GLP1_INJ,primary care,Southwest,230.33333333333334,,False,,,Southwest,,7,,,Tucson,
1082909627,,rule_based,EVT-0121,2024-06-27,METABOLIC_GLP1_INJ,primary care,Southeast,180.5,,False,,,Southeast,,16,,,Atlanta,
1124726435,,rule_based,EVT-0121,2024-06-27,METABOLIC_GLP1_INJ,primary care,Northeast,595.5,,False,,,Northeast,,14,,,Allentown,
1133130363,1209566128,rule_based,EVT-0121,2024-06-27,METABOLIC_GLP1_INJ,primary care,Northeast,430.1666666666667,395.1666666666667,True,1,primary care,Northeast,Northeast,13,15,8.136381247578457,Hartford,Stamford
1136500869,,rule_based,EVT-0121,2024-06-27,METABOLIC_GLP1_INJ,endocrinology,Southeast,67.33333333333333,,False,,,Southeast,,18,,,Arlington,
1137408567,1730655531,rule_based,EVT-0121,2024-06-27,METABOLIC_GLP1_INJ,endocrinology,Northeast,370.3333333333333,336.1666666666667,True,1,endocrinology,Northeast,Northeast,10,9,9.225922592259215,Allentown,New Haven
1204787067,1788421810,rule_based,EVT-0121,2024-06-27,METABOLIC_GLP1_INJ,neurology,Northeast,68.83333333333333,69.33333333333333,True,1,neurology,Northeast,Northeast,13,15,0.7263922518159807,Buffalo,Springfield
1240190284,,rule_based,EVT-0121,2024-06-27,METABOLIC_GLP1_INJ,oncology,Southwest,101.0,,False,,,Southwest,,17,,,Santa Fe,
1246066447,,rule_based,EVT-0121,2024-06-27,METABOLIC_GLP1_INJ,rheumatology,Southwest,435.8333333333333,,False,,,Southwest,,28,,,Mesa,
1257723886,1598998692,rule_based,EVT-0121,2024-06-27,METABOLIC_GLP1_INJ,endocrinology,Southwest,87.0,86.66666666666667,True,1,endocrinology,Southwest,Southwest,11,12,0.38314176245210185,Phoenix,Tulsa
1271768685,,rule_based,EVT-0121,2024-06-27,METABOLIC_GLP1_INJ,primary care,Midwest,312.1666666666667,,False,,,Midwest,,8,,,St. Paul,
1413519731,1412773438,rule_based,EVT-0121,2024-06-27,METABOLIC_GLP1_INJ,primary care,Southwest,326.5,330.6666666666667,True,1,primary care,Southwest,Southwest,13,12,1.276161306789184,Austin,Tucson
1423152481,,rule_based,EVT-0121,2024-06-27,METABOLIC_GLP1_INJ,primary care,Southeast,408.1666666666667,,False,,,Southeast,,11,,,Chattanooga,
1433980129,,rule_based,EVT-0121,2024-06-27,METABOLIC_GLP1_INJ,pulmonology,Northeast,209.33333333333334,,False,,,Northeast,,4,,,Hershey,
1516074709,,rule_based,EVT-0121,2024-06-27,METABOLIC_GLP1_INJ,cardiology,Southwest,304.6666666666667,,False,,,Southwest,,20,,,Phoenix,
1557944620,1769234364,rule_based,EVT-0121,2024-06-27,METABOLIC_GLP1_INJ,primary care,Southwest,189.66666666666666,174.83333333333334,True,1,primary care,Southwest,Southwest,21,21,7.820738137082592,Reno,Tulsa
1688976343,,rule_based,EVT-0121,2024-06-27,METABOLIC_GLP1_INJ,pulmonology,Southeast,300.1666666666667,,False,,,Southeast,,14,,,Charlotte,
1689059347,,rule_based,EVT-0121,2024-06-27,METABOLIC_GLP1_INJ,primary care,Southwest,74.5,,False,,,Southwest,,9,,,Reno,
1740626134,,rule_based,EVT-0121,2024-06-27,METABOLIC_GLP1_INJ,endocrinology,Southwest,199.66666666666666,,False,,,Southwest,,5,,,Oklahoma City,
1806479196,,rule_based,EVT-0121,2024-06-27,METABOLIC_GLP1_INJ,primary care,Southwest,457.0,,False,,,Southwest,,16,,,Oklahoma City,
1857629178,,rule_based,EVT-0121,2024-06-27,METABOLIC_GLP1_INJ,oncology,West,90.0,,False,,,West,,3,,,Eugene,
1964945871,,rule_based,EVT-0121,2024-06-27,METABOLIC_GLP1_INJ,endocrinology,Northeast,206.83333333333334,,False,,,Northeast,,6,,,New Haven,
1497642888,1708639657,rule_based,EVT-0121,2024-06-27,METABOLIC_GLP1_INJ,endocrinology,Northeast,114.66666666666667,108.16666666666667,True,1,endocrinology,Northeast,Northeast,10,7,5.6686046511627906,Pittsburgh,Worcester
1026722938,,rule_based,EVT-0122,2024-07-03,CV_ANTICOAG_ORAL,endocrinology,Midwest,416.0,,False,,,Midwest,,11,,,Toledo,
1074076039,1836894604,rule_based,EVT-0122,2024-07-03,CV_ANTICOAG_ORAL,cardiology,Southeast,190.66666666666666,191.0,True,1,cardiology,Southeast,Southeast,12,12,0.1748251748251798,Charlottesville,Norfolk
1076376403,1299832539,rule_based,EVT-0122,2024-07-03,CV_ANTICOAG_ORAL,endocrinology,Northeast,209.66666666666666,208.83333333333334,True,1,endocrinology,Northeast,Northeast,18,19,0.39745627980921194,Boston,Newark
1078096579,,rule_based,EVT-0122,2024-07-03,CV_ANTICOAG_ORAL,cardiology,Midwest,422.5,,False,,,Midwest,,13,,,Rochester,
1124890801,1209566128,rule_based,EVT-0122,2024-07-03,CV_ANTICOAG_ORAL,primary care,Northeast,268.8333333333333,266.0,True,1,primary care,Northeast,Northeast,15,15,1.0539367637941655,Hershey,Stamford
1133130363,,rule_based,EVT-0122,2024-07-03,CV_ANTICOAG_ORAL,primary care,Northeast,205.16666666666666,,False,,,Northeast,,13,,,Hartford,
1240190284,1111217703,rule_based,EVT-0122,2024-07-03,CV_ANTICOAG_ORAL,oncology,Southwest,154.83333333333334,142.33333333333334,True,1,oncology,Southwest,Southwest,17,17,8.073196986006458,Santa Fe,Oklahoma City
1267903205,,rule_based,EVT-0122,2024-07-03,CV_ANTICOAG_ORAL,endocrinology,Midwest,74.0,,False,,,Midwest,,23,,,Chicago,
1271463741,1296624285,rule_based,EVT-0122,2024-07-03,CV_ANTICOAG_ORAL,primary care,West,106.0,102.5,True,1,primary care,West,West,9,11,3.30188679245283,Portland,Sacramento
1278315217,,rule_based,EVT-0122,2024-07-03,CV_ANTICOAG_ORAL,oncology,Midwest,76.0,,False,,,Midwest,,11,,,Rockford,
1279255164,1083149777,rule_based,EVT-0122,2024-07-03,CV_ANTICOAG_ORAL,cardiology,Midwest,100.33333333333333,91.0,True,1,cardiology,Midwest,Midwest,14,11,9.302325581395344,St. Paul,Columbus
1279507085,,rule_based,EVT-0122,2024-07-03,CV_ANTICOAG_ORAL,rheumatology,Southwest,211.66666666666666,,False,,,Southwest,,17,,,San Antonio,
1286477181,,rule_based,EVT-0122,2024-07-03,CV_ANTICOAG_ORAL,cardiology,Midwest,325.1666666666667,,False,,,Midwest,,10,,,Green Bay,
1328056928,1362648127,rule_based,EVT-0122,2024-07-03,CV_ANTICOAG_ORAL,oncology,Northeast,104.33333333333333,98.83333333333333,True,1,oncology,Northeast,Northeast,7,4,5.2715654952076685,Bangor,Albany
1361521440,,rule_based,EVT-0122,2024-07-03,CV_ANTICOAG_ORAL,endocrinology,Midwest,141.83333333333334,,False,,,Midwest,,17,,,Green Bay,
1456207657,,rule_based,EVT-0122,2024-07-03,CV_ANTICOAG_ORAL,primary care,Midwest,317.5,,False,,,Midwest,,10,,,Minneapolis,
1516074709,,rule_based,EVT-0122,2024-07-03,CV_ANTICOAG_ORAL,cardiology,Southwest,265.3333333333333,,False,,,Southwest,,20,,,Phoenix,
1595774286,,rule_based,EVT-0122,2024-07-03,CV_ANTICOAG_ORAL,rheumatology,Midwest,231.33333333333334,,False,,,Midwest,,13,,,Peoria,
1631526641,,rule_based,EVT-0122,2024-07-03,CV_ANTICOAG_ORAL,cardiology,Southwest,258.8333333333333,,False,,,Southwest,,16,,,Oklahoma City,
1683943777,,rule_based,EVT-0122,2024-07-03,CV_ANTICOAG_ORAL,cardiology,West,163.5,,False,,,West,,8,,,Provo,
1704331150,,rule_based,EVT-0122,2024-07-03,CV_ANTICOAG_ORAL,endocrinology,West,277.0,,False,,,West,,11,,,Denver,
1732527431,,rule_based,EVT-0122,2024-07-03,CV_ANTICOAG_ORAL,primary care,Southeast,262.5,,False,,,Southeast,,9,,,Arlington,
1738903891,,rule_based,EVT-0122,2024-07-03,CV_ANTICOAG_ORAL,endocrinology,Southeast,578.1666666666666,,False,,,Southeast,,18,,,Charlotte,
1848624494,,rule_based,EVT-0122,2024-07-03,CV_ANTICOAG_ORAL,primary care,Midwest,638.3333333333334,,False,,,Midwest,,14,,,Kansas City,
1857629178,1980850634,rule_based,EVT-0122,2024-07-03,CV_ANTICOAG_ORAL,oncology,West,52.666666666666664,55.0,True,1,oncology,West,West,3,6,4.430379746835448,Eugene,Eugene
1889776344,,rule_based,EVT-0122,2024-07-03,CV_ANTICOAG_ORAL,pulmonology,Northeast,296.5,,False,,,Northeast,,7,,,Camden,
1923786978,1743431961,rule_based,EVT-0122,2024-07-03,CV_ANTICOAG_ORAL,cardiology,Southeast,84.66666666666667,86.83333333333333,True,1,cardiology,Southeast,Southeast,15,14,2.5590551181102246,Nashville,Charleston
1949335115,1694658844,rule_based,EVT-0122,2024-07-03,CV_ANTICOAG_ORAL,endocrinology,Southeast,216.16666666666666,217.83333333333334,True,1,endocrinology,Southeast,Southeast,8,6,0.7710100231303095,Nashville,Knoxville
1989798412,1412773438,rule_based,EVT-0122,2024-07-03,CV_ANTICOAG_ORAL,primary care,Southwest,507.8333333333333,481.8333333333333,True,1,primary care,Southwest,Southwest,13,12,5.119789957335084,Las Vegas,Tucson
1002145427,1209566128,rule_based,EVT-0123,2024-07-04,PC_ANTIHYPERTENSIVE,primary care,Northeast,633.1666666666666,650.8333333333334,True,1,primary care,Northeast,Northeast,13,15,2.7902079494603966,Jersey City,Stamford
1018018261,,rule_based,EVT-0123,2024-07-04,PC_ANTIHYPERTENSIVE,primary care,Northeast,577.8333333333334,,False,,,Northeast,,13,,,Newark,
1048976678,,rule_based,EVT-0123,2024-07-04,PC_ANTIHYPERTENSIVE,primary care,Southeast,517.5,,False,,,Southeast,,18,,,Orlando,
1065870788,1352216182,rule_based,EVT-0123,2024-07-04,PC_ANTIHYPERTENSIVE,primary care,Southwest,385.5,404.3333333333333,True,1,primary care,Southwest,Southwest,7,7,4.885430177258966,Tucson,Scottsdale
1084471394,1058325303,rule_based,EVT-0123,2024-07-04,PC_ANTIHYPERTENSIVE,primary care,Northeast,281.5,280.6666666666667,True,1,primary care,Northeast,Northeast,12,13,0.2960331557134332,Springfield,Princeton
1084919582,,rule_based,EVT-0123,2024-07-04,PC_ANTIHYPERTENSIVE,primary care,Southeast,493.3333333333333,,False,,,Southeast,,12,,,Nashville,
1124726435,,rule_based,EVT-0123,2024-07-04,PC_ANTIHYPERTENSIVE,primary care,Northeast,451.0,,False,,,Northeast,,14,,,Allentown,
1133130363,,rule_based,EVT-0123,2024-07-04,PC_ANTIHYPERTENSIVE,primary care,Northeast,408.6666666666667,,False,,,Northeast,,13,,,Hartford,
1144669185,,rule_based,EVT-0123,2024-07-04,PC_ANTIHYPERTENSIVE,primary care,Northeast,843.1666666666666,,False,,,Northeast,,16,,,Allentown,
1200480071,,rule_based,EVT-0123,2024-07-04,PC_ANTIHYPERTENSIVE,primary care,Northeast,318.5,,False,,,Northeast,,20,,,Portland,
1213511599,,rule_based,EVT-0123,2024-07-04,PC_ANTIHYPERTENSIVE,primary care,Northeast,1052.0,,False,,,Northeast,,30,,,Bangor,
1241711534,1804484495,rule_based,EVT-0123,2024-07-04,PC_ANTIHYPERTENSIVE,primary care,Southeast,157.5,170.16666666666666,True,1,primary care,Southeast,Southeast,13,16,8.042328042328037,Columbia,Winston-Salem
1263807582,,rule_based,EVT-0123,2024-07-04,PC_ANTIHYPERTENSIVE,primary care,Northeast,859.5,,False,,,Northeast,,7,,,Syracuse,
1264333323,,rule_based,EVT-0123,2024-07-04,PC_ANTIHYPERTENSIVE,primary care,Northeast,718.0,,False,,,Northeast,,12,,,New York,
1271768685,1548652282,rule_based,EVT-0123,2024-07-04,PC_ANTIHYPERTENSIVE,primary care,Midwest,460.5,464.8333333333333,True,1,primary care,Midwest,Midwest,8,5,0.941006152732533,St. Paul,Grand Rapids
1296552940,,rule_based,EVT-0123,2024-07-04,PC_ANTIHYPERTENSIVE,primary care,Northeast,368.8333333333333,,False,,,Northeast,,8,,,Rochester,
1315385710,,rule_based,EVT-0123,2024-07-04,PC_ANTIHYPERTENSIVE,primary care,Northeast,1278.1666666666667,,False,,,Northeast,,20,,,Worcester,
1321405205,1296624285,rule_based,EVT-0123,2024-07-04,PC_ANTIHYPERTENSIVE,primary care,West,207.0,209.83333333333334,True,1,primary care,West,West,10,11,1.3687600644122428,San Jose,Sacramento
1334266016,,rule_based,EVT-0123,2024-07-04,PC_ANTIHYPERTENSIVE,primary care,Southwest,385.5,,False,,,Southwest,,20,,,Phoenix,
1389159553,,rule_based,EVT-0123,2024-07-04,PC_ANTIHYPERTENSIVE,primary care,Southeast,234.0,,False,,,Southeast,,11,,,Macon,
1418997171,,rule_based,EVT-0123,2024-07-04,PC_ANTIHYPERTENSIVE,primary care,Northeast,554.8333333333334,,False,,,Northeast,,18,,,Jersey City,
1423152481,1363342464,rule_based,EVT-0123,2024-07-04,PC_ANTIHYPERTENSIVE,primary care,Southeast,567.1666666666666,586.8333333333334,True,1,primary care,Southeast,Southeast,11,10,3.46752865119014,Chattanooga,Arlington
1425610817,,rule_based,EVT-0123,2024-07-04,PC_ANTIHYPERTENSIVE,primary care,Southeast,203.66666666666666,,False,,,Southeast,,3,,,Huntsville,
1436505063,,rule_based,EVT-0123,2024-07-04,PC_ANTIHYPERTENSIVE,primary care,Midwest,559.3333333333334,,False,,,Midwest,,12,,,Milwaukee,
1523498065,,rule_based,EVT-0123,2024-07-04,PC_ANTIHYPERTENSIVE,primary care,Southeast,336.6666666666667,,False,,,Southeast,,15,,,Columbia,
1615059528,,rule_based,EVT-0123,2024-07-04,PC_ANTIHYPERTENSIVE,primary care,Southeast,316.5,,False,,,Southeast,,12,,,Savannah,
1674102136,,rule_based,EVT-0123,2024-07-04,PC_ANTIHYPERTENSIVE,primary care,Northeast,137.83333333333334,,False,,,Northeast,,13,,,Hartford,
1689916181,1714021262,rule_based,EVT-0123,2024-07-04,PC_ANTIHYPERTENSIVE,primary care,Northeast,551.1666666666666,543.3333333333334,True,1,primary care,Northeast,Northeast,6,5,1.4212276988206698,Bangor,Worcester
1725724532,,rule_based,EVT-0123,2024-07-04,PC_ANTIHYPERTENSIVE,primary care,Northeast,913.6666666666666,,False,,,Northeast,,32,,,Boston,
1747032997,,rule_based,EVT-0123,2024-07-04,PC_ANTIHYPERTENSIVE,primary care,Northeast,301.0,,False,,,Northeast,,9,,,New York,
1812815243,,rule_based,EVT-0123,2024-07-04,PC_ANTIHYPERTENSIVE,primary care,Midwest,696.8333333333334,,False,,,Midwest,,7,,,Milwaukee,
1848624494,,rule_based,EVT-0123,2024-07-04,PC_ANTIHYPERTENSIVE,primary care,Midwest,379.0,,False,,,Midwest,,14,,,Kansas City,
1903798589,,rule_based,EVT-0123,2024-07-04,PC_ANTIHYPERTENSIVE,primary care,Southwest,378.1666666666667,,False,,,Southwest,,19,,,Austin,
1927430854,,rule_based,EVT-0123,2024-07-04,PC_ANTIHYPERTENSIVE,primary care,Southeast,716.3333333333334,,False,,,Southeast,,13,,,Richmond,
1937514325,,rule_based,EVT-0123,2024-07-04,PC_ANTIHYPERTENSIVE,primary care,West,474.6666666666667,,False,,,West,,15,,,Colorado Springs,
1955620046,,rule_based,EVT-0123,2024-07-04,PC_ANTIHYPERTENSIVE,primary care,Southeast,492.1666666666667,,False,,,Southeast,,8,,,Birmingham,
1002145427,,rule_based,EVT-0124,2024-07-04,CV_ANTICOAG_ORAL,primary care,Northeast,239.66666666666666,,False,,,Northeast,,13,,,Jersey City,
1018018261,,rule_based,EVT-0124,2024-07-04,CV_ANTICOAG_ORAL,primary care,Northeast,335.8333333333333,,False,,,Northeast,,13,,,Newark,
1076376403,1299832539,rule_based,EVT-0124,2024-07-04,CV_ANTICOAG_ORAL,endocrinology,Northeast,209.66666666666666,208.83333333333334,True,1,endocrinology,Northeast,Northeast,18,19,0.39745627980921194,Boston,Newark
1098995024,,rule_based,EVT-0124,2024-07-04,CV_ANTICOAG_ORAL,primary care,Northeast,329.0,,False,,,Northeast,,6,,,Pittsburgh,
1124890801,1209566128,rule_based,EVT-0124,2024-07-04,CV_ANTICOAG_ORAL,primary care,Northeast,268.8333333333333,266.0,True,1,primary care,Northeast,Northeast,15,15,1.0539367637941655,Hershey,Stamford
1133130363,,rule_based,EVT-0124,2024-07-04,CV_ANTICOAG_ORAL,primary care,Northeast,205.16666666666666,,False,,,Northeast,,13,,,Hartford,
1159841240,,rule_based,EVT-0124,2024-07-04,CV_ANTICOAG_ORAL,neurology,Southeast,629.8333333333334,,False,,,Southeast,,17,,,Charlotte,
1166368237,,rule_based,EVT-0124,2024-07-04,CV_ANTICOAG_ORAL,primary care,Southwest,225.33333333333334,,False,,,Southwest,,10,,,Tulsa,
1200480071,,rule_based,EVT-0124,2024-07-04,CV_ANTICOAG_ORAL,primary care,Northeast,912.3333333333334,,False,,,Northeast,,20,,,Portland,
1263807582,,rule_based,EVT-0124,2024-07-04,CV_ANTICOAG_ORAL,primary care,Northeast,537.0,,False,,,Northeast,,7,,,Syracuse,
1280087226,,rule_based,EVT-0124,2024-07-04,CV_ANTICOAG_ORAL,primary care,Northeast,390.8333333333333,,False,,,Northeast,,10,,,Rochester,
1284061300,,rule_based,EVT-0124,2024-07-04,CV_ANTICOAG_ORAL,primary care,West,236.33333333333334,,False,,,West,,21,,,Spokane,
1300654963,,rule_based,EVT-0124,2024-07-04,CV_ANTICOAG_ORAL,primary care,Northeast,422.3333333333333,,False,,,Northeast,,9,,,Albany,
1310164813,1295857761,rule_based,EVT-0124,2024-07-04,CV_ANTICOAG_ORAL,primary care,Southeast,82.5,77.16666666666667,True,1,primary care,Southeast,Southeast,5,4,6.464646464646459,Miami,Savannah
1350739367,,rule_based,EVT-0124,2024-07-04,CV_ANTICOAG_ORAL,cardiology,Northeast,96.5,,False,,,Northeast,,16,,,Hershey,
1362560363,,rule_based,EVT-0124,2024-07-04,CV_ANTICOAG_ORAL,cardiology,West,238.66666666666666,,False,,,West,,13,,,Spokane,
1385532449,1364720148,rule_based,EVT-0124,2024-07-04,CV_ANTICOAG_ORAL,primary care,Southeast,202.33333333333334,218.83333333333334,True,1,primary care,Southeast,Southeast,6,6,8.15485996705107,Atlanta,Miami
1389574017,,rule_based,EVT-0124,2024-07-04,CV_ANTICOAG_ORAL,pulmonology,Southwest,288.5,,False,,,Southwest,,8,,,Scottsdale,
1394609428,,rule_based,EVT-0124,2024-07-04,CV_ANTICOAG_ORAL,endocrinology,Southwest,522.0,,False,,,Southwest,,4,,,Reno,
1397955463,,rule_based,EVT-0124,2024-07-04,CV_ANTICOAG_ORAL,primary care,Southeast,342.3333333333333,,False,,,Southeast,,14,,,Chattanooga,
1413519731,,rule_based,EVT-0124,2024-07-04,CV_ANTICOAG_ORAL,primary care,Southwest,736.6666666666666,,False,,,Southwest,,13,,,Austin,
1418997171,,rule_based,EVT-0124,2024-07-04,CV_ANTICOAG_ORAL,primary care,Northeast,302.1666666666667,,False,,,Northeast,,18,,,Jersey City,
1456299035,,rule_based,EVT-0124,2024-07-04,CV_ANTICOAG_ORAL,primary care,Southeast,208.16666666666666,,False,,,Southeast,,15,,,Mobile,
1484724632,1261377760,rule_based,EVT-0124,2024-07-04,CV_ANTICOAG_ORAL,primary care,Northeast,193.0,174.33333333333334,True,1,primary care,Northeast,Northeast,14,14,9.671848013816922,Princeton,Stamford
1567742360,,rule_based,EVT-0124,2024-07-04,CV_ANTICOAG_ORAL,primary care,West,376.8333333333333,,False,,,West,,8,,,Provo,
1621199177,,rule_based,EVT-0124,2024-07-04,CV_ANTICOAG_ORAL,primary care,Southeast,309.1666666666667,,False,,,Southeast,,16,,,Gainesville,
1670560261,1219172859,rule_based,EVT-0124,2024-07-04,CV_ANTICOAG_ORAL,primary care,Southwest,243.66666666666666,253.16666666666666,True,1,primary care,Southwest,Southwest,13,13,3.8987688098495212,Tulsa,Austin
1689916181,,rule_based,EVT-0124,2024-07-04,CV_ANTICOAG_ORAL,primary care,Northeast,230.66666666666666,,False,,,Northeast,,6,,,Bangor,
1697719783,1443551811,rule_based,EVT-0124,2024-07-04,CV_ANTICOAG_ORAL,neurology,Southwest,91.16666666666667,92.5,True,1,neurology,Southwest,Southwest,7,10,1.462522851919556,Las Vegas,Albuquerque
1710163217,,rule_based,EVT-0124,2024-07-04,CV_ANTICOAG_ORAL,cardiology,Northeast,245.5,,False,,,Northeast,,11,,,Albany,
1742579091,,rule_based,EVT-0124,2024-07-04,CV_ANTICOAG_ORAL,primary care,Northeast,359.6666666666667,,False,,,Northeast,,25,,,Bangor,
1848624494,,rule_based,EVT-0124,2024-07-04,CV_ANTICOAG_ORAL,primary care,Midwest,638.3333333333334,,False,,,Midwest,,14,,,Kansas City,
1856406925,,rule_based,EVT-0124,2024-07-04,CV_ANTICOAG_ORAL,cardiology,Northeast,198.83333333333334,,False,,,Northeast,,12,,,Pittsburgh,
1949335115,1694658844,rule_based,EVT-0124,2024-07-04,CV_ANTICOAG_ORAL,endocrinology,Southeast,216.16666666666666,217.83333333333334,True,1,endocrinology,Southeast,Southeast,8,6,0.7710100231303095,Nashville,Knoxville
1955620046,,rule_based,EVT-0124,2024-07-04,CV_ANTICOAG_ORAL,primary care,Southeast,348.8333333333333,,False,,,Southeast,,8,,,Birmingham,
1009179924,1120914548,rule_based,EVT-0125,2024-07-05,CARD_HF_ARNI,cardiology,West,361.3333333333333,357.6666666666667,True,1,cardiology,West,West,10,8,1.0147601476014656,Los Angeles,Salt Lake City
1123148250,1234567687,rule_based,EVT-0125,2024-07-05,CARD_HF_ARNI,cardiology,Southwest,251.16666666666666,241.33333333333334,True,1,cardiology,Southwest,Southwest,19,21,3.9150630391506227,Austin,Albuquerque
1138208594,,rule_based,EVT-0125,2024-07-05,CARD_HF_ARNI,cardiology,West,425.6666666666667,,False,,,West,,4,,,Tacoma,
1341556789,,rule_based,EVT-0125,2024-07-05,CARD_HF_ARNI,cardiology,West,1232.8333333333333,,False,,,West,,17,,,Seattle,
1368009035,1848800052,rule_based,EVT-0125,2024-07-05,CARD_HF_ARNI,cardiology,Northeast,322.1666666666667,331.8333333333333,True,1,cardiology,Northeast,Northeast,7,9,3.000517330574225,Philadelphia,Albany
1460081361,,rule_based,EVT-0125,2024-07-05,CARD_HF_ARNI,cardiology,Northeast,216.66666666666666,,False,,,Northeast,,7,,,Bangor,
1475115246,,rule_based,EVT-0125,2024-07-05,CARD_HF_ARNI,cardiology,Southeast,642.3333333333334,,False,,,Southeast,,17,,,Macon,
1492077734,,rule_based,EVT-0125,2024-07-05,CARD_HF_ARNI,cardiology,Midwest,623.1666666666666,,False,,,Midwest,,6,,,Green Bay,
1516074709,,rule_based,EVT-0125,2024-07-05,CARD_HF_ARNI,cardiology,Southwest,428.5,,False,,,Southwest,,20,,,Phoenix,
1631526641,1323611925,rule_based,EVT-0125,2024-07-05,CARD_HF_ARNI,cardiology,Southwest,218.16666666666666,234.0,True,1,cardiology,Southwest,Southwest,16,19,7.257448433919027,Oklahoma City,Albuquerque
1648553570,,rule_based,EVT-0125,2024-07-05,CARD_HF_ARNI,cardiology,Southwest,368.3333333333333,,False,,,Southwest,,11,,,Houston,
1655321622,,rule_based,EVT-0125,2024-07-05,CARD_HF_ARNI,cardiology,Northeast,338.3333333333333,,False,,,Northeast,,19,,,Worcester,
1701585576,1036176265,rule_based,EVT-0125,2024-07-05,CARD_HF_ARNI,cardiology,Southwest,456.3333333333333,468.1666666666667,True,1,cardiology,Southwest,Southwest,9,8,2.593133674214764,Scottsdale,Las Vegas
1732000645,,rule_based,EVT-0125,2024-07-05,CARD_HF_ARNI,cardiology,Southwest,575.6666666666666,,False,,,Southwest,,8,,,Scottsdale,
1745601371,1200346587,rule_based,EVT-0125,2024-07-05,CARD_HF_ARNI,cardiology,Midwest,241.5,249.66666666666666,True,1,cardiology,Midwest,Midwest,11,8,3.381642512077291,Peoria,Chicago
1760628762,,rule_based,EVT-0125,2024-07-05,CARD_HF_ARNI,cardiology,Southwest,212.83333333333334,,False,,,Southwest,,13,,,Oklahoma City,
1766730505,,rule_based,EVT-0125,2024-07-05,CARD_HF_ARNI,cardiology,Midwest,333.8333333333333,,False,,,Midwest,,12,,,Ann Arbor,
1901019392,,rule_based,EVT-0125,2024-07-05,CARD_HF_ARNI,cardiology,West,836.1666666666666,,False,,,West,,16,,,Portland,
1969108517,1656483868,rule_based,EVT-0125,2024-07-05,CARD_HF_ARNI,cardiology,Midwest,206.83333333333334,204.5,True,1,cardiology,Midwest,Midwest,12,10,1.1281224818694646,Minneapolis,Rochester
1689059347,,rule_based,EVT-0123,2024-07-04,PC_ANTIHYPERTENSIVE,primary care,Southwest,233.83333333333334,,False,,,Southwest,,9,,,Reno,
1058647219,,rule_based,EVT-0126,2024-07-10,PULM_ICS_LABA_INH,pulmonology,Northeast,378.3333333333333,,False,,,Northeast,,11,,,Albany,
1075036339,,rule_based,EVT-0126,2024-07-10,PULM_ICS_LABA_INH,pulmonology,West,213.0,,False,,,West,,5,,,Tacoma,
1139166684,,rule_based,EVT-0126,2024-07-10,PULM_ICS_LABA_INH,pulmonology,Midwest,271.6666666666667,,False,,,Midwest,,5,,,Green Bay,
1370467684,,rule_based,EVT-0126,2024-07-10,PULM_ICS_LABA_INH,pulmonology,Midwest,91.33333333333333,,False,,,Midwest,,8,,,South Bend,
1449331358,,rule_based,EVT-0126,2024-07-10,PULM_ICS_LABA_INH,pulmonology,Midwest,136.66666666666666,,False,,,Midwest,,9,,,Lansing,
1533003293,,rule_based,EVT-0126,2024-07-10,PULM_ICS_LABA_INH,pulmonology,Midwest,323.0,,False,,,Midwest,,5,,,Green Bay,
1547112395,,rule_based,EVT-0126,2024-07-10,PULM_ICS_LABA_INH,pulmonology,Midwest,182.66666666666666,,False,,,Midwest,,10,,,Indianapolis,
1647700669,1696606064,rule_based,EVT-0126,2024-07-10,PULM_ICS_LABA_INH,pulmonology,West,153.33333333333334,154.83333333333334,True,1,pulmonology,West,West,6,6,0.9782608695652173,Colorado Springs,Provo
1688976343,1081238747,rule_based,EVT-0126,2024-07-10,PULM_ICS_LABA_INH,pulmonology,Southeast,322.6666666666667,338.8333333333333,True,1,pulmonology,Southeast,Southeast,14,13,5.010330578512385,Charlotte,Tampa
1782077311,1831183839,rule_based,EVT-0126,2024-07-10,PULM_ICS_LABA_INH,pulmonology,Southeast,133.16666666666666,130.0,True,1,pulmonology,Southeast,Southeast,9,12,2.3779724655819705,Tampa,Durham
1880717263,,rule_based,EVT-0126,2024-07-10,PULM_ICS_LABA_INH,pulmonology,Northeast,379.1666666666667,,False,,,Northeast,,12,,,Portland,
1889776344,1632734848,rule_based,EVT-0126,2024-07-10,PULM_ICS_LABA_INH,pulmonology,Northeast,256.8333333333333,255.0,True,1,pulmonology,Northeast,Northeast,7,7,0.7138221933809141,Camden,Albany
1964572899,,rule_based,EVT-0126,2024-07-10,PULM_ICS_LABA_INH,pulmonology,Northeast,140.16666666666666,,False,,,Northeast,,8,,,Philadelphia,
1019230758,,rule_based,EVT-0127,2024-07-21,NEURO_MIGRAINE_CGRP,neurology,Southwest,184.5,,False,,,Southwest,,25,,,Reno,
1044379984,,rule_based,EVT-0127,2024-07-21,NEURO_MIGRAINE_CGRP,neurology,Midwest,256.3333333333333,,False,,,Midwest,,9,,,Grand Rapids,
1189244753,1879821175,rule_based,EVT-0127,2024-07-21,NEURO_MIGRAINE_CGRP,neurology,Northeast,266.0,270.0,True,1,neurology,Northeast,Northeast,12,12,1.5037593984962405,Portland,Camden
1467704312,1914644640,rule_based,EVT-0127,2024-07-21,NEURO_MIGRAINE_CGRP,neurology,Northeast,219.5,240.5,True,1,neurology,Northeast,Northeast,13,11,9.567198177676538,Worcester,Worcester
1592062677,,rule_based,EVT-0127,2024-07-21,NEURO_MIGRAINE_CGRP,neurology,Southeast,501.0,,False,,,Southeast,,9,,,Nashville,
1616418756,,rule_based,EVT-0127,2024-07-21,NEURO_MIGRAINE_CGRP,neurology,Northeast,202.5,,False,,,Northeast,,8,,,Worcester,
1635476009,1788421810,rule_based,EVT-0127,2024-07-21,NEURO_MIGRAINE_CGRP,neurology,Northeast,262.3333333333333,240.83333333333334,True,1,neurology,Northeast,Northeast,18,15,8.195679796696306,Hartford,Springfield
1921646299,1196385359,rule_based,EVT-0127,2024-07-21,NEURO_MIGRAINE_CGRP,neurology,Southwest,560.6666666666666,512.0,True,1,neurology,Southwest,Southwest,9,12,8.680142687277046,Oklahoma City,San Antonio
1002145427,1209566128,rule_based,EVT-0128,2024-08-14,PC_ANTIHYPERTENSIVE,primary care,Northeast,627.6666666666666,654.3333333333334,True,1,primary care,Northeast,Northeast,13,15,4.248539564524707,Jersey City,Stamford
1048976678,,rule_based,EVT-0128,2024-08-14,PC_ANTIHYPERTENSIVE,primary care,Southeast,529.1666666666666,,False,,,Southeast,,18,,,Orlando,
1080672524,,rule_based,EVT-0128,2024-08-14,PC_ANTIHYPERTENSIVE,primary care,Southeast,490.1666666666667,,False,,,Southeast,,10,,,Memphis,
1133130363,,rule_based,EVT-0128,2024-08-14,PC_ANTIHYPERTENSIVE,primary care,Northeast,420.5,,False,,,Northeast,,13,,,Hartford,
1166368237,,rule_based,EVT-0128,2024-08-14,PC_ANTIHYPERTENSIVE,primary care,Southwest,276.3333333333333,,False,,,Southwest,,10,,,Tulsa,
1170846871,,rule_based,EVT-0128,2024-08-14,PC_ANTIHYPERTENSIVE,primary care,Southeast,503.6666666666667,,False,,,Southeast,,19,,,Columbia,
1180932224,,rule_based,EVT-0128,2024-08-14,PC_ANTIHYPERTENSIVE,primary care,Southeast,664.6666666666666,,False,,,Southeast,,19,,,Savannah,
1227780172,,rule_based,EVT-0128,2024-08-14,PC_ANTIHYPERTENSIVE,primary care,Southwest,1387.3333333333333,,False,,,Southwest,,11,,,Scottsdale,
1300654963,1762971749,rule_based,EVT-0128,2024-08-14,PC_ANTIHYPERTENSIVE,primary care,Northeast,231.16666666666666,245.33333333333334,True,1,primary care,Northeast,Northeast,9,9,6.128334534967564,Albany,New Haven
1385532449,,rule_based,EVT-0128,2024-08-14,PC_ANTIHYPERTENSIVE,primary care,Southeast,737.5,,False,,,Southeast,,6,,,Atlanta,
1397955463,,rule_based,EVT-0128,2024-08-14,PC_ANTIHYPERTENSIVE,primary care,Southeast,592.1666666666666,,False,,,Southeast,,14,,,Chattanooga,
1413519731,,rule_based,EVT-0128,2024-08-14,PC_ANTIHYPERTENSIVE,primary care,Southwest,515.3333333333334,,False,,,Southwest,,13,,,Austin,
1418997171,,rule_based,EVT-0128,2024-08-14,PC_ANTIHYPERTENSIVE,primary care,Northeast,582.6666666666666,,False,,,Northeast,,18,,,Jersey City,
1423152481,,rule_based,EVT-0128,2024-08-14,PC_ANTIHYPERTENSIVE,primary care,Southeast,574.5,,False,,,Southeast,,11,,,Chattanooga,
1425340662,,rule_based,EVT-0128,2024-08-14,PC_ANTIHYPERTENSIVE,primary care,Southwest,457.6666666666667,,False,,,Southwest,,17,,,Austin,
1425610817,,rule_based,EVT-0128,2024-08-14,PC_ANTIHYPERTENSIVE,primary care,Southeast,191.66666666666666,,False,,,Southeast,,3,,,Huntsville,
1548652282,,rule_based,EVT-0128,2024-08-14,PC_ANTIHYPERTENSIVE,primary care,Midwest,454.8333333333333,,False,,,Midwest,,5,,,Grand Rapids,
1552813903,,rule_based,EVT-0128,2024-08-14,PC_ANTIHYPERTENSIVE,primary care,Northeast,812.1666666666666,,False,,,Northeast,,10,,,Newark,
1592123891,,rule_based,EVT-0128,2024-08-14,PC_ANTIHYPERTENSIVE,primary care,Northeast,833.8333333333334,,False,,,Northeast,,18,,,Allentown,
1613561947,,rule_based,EVT-0128,2024-08-14,PC_ANTIHYPERTENSIVE,primary care,Southeast,450.1666666666667,,False,,,Southeast,,16,,,Norfolk,
1615059528,,rule_based,EVT-0128,2024-08-14,PC_ANTIHYPERTENSIVE,primary care,Southeast,328.5,,False,,,Southeast,,12,,,Savannah,
1621199177,,rule_based,EVT-0128,2024-08-14,PC_ANTIHYPERTENSIVE,primary care,Southeast,208.5,,False,,,Southeast,,16,,,Gainesville,
1639269087,,rule_based,EVT-0128,2024-08-14,PC_ANTIHYPERTENSIVE,primary care,Northeast,226.16666666666666,,False,,,Northeast,,18,,,Buffalo,
1707435529,,rule_based,EVT-0128,2024-08-14,PC_ANTIHYPERTENSIVE,primary care,Southeast,457.3333333333333,,False,,,Southeast,,14,,,Norfolk,
1732527431,1364720148,rule_based,EVT-0128,2024-08-14,PC_ANTIHYPERTENSIVE,primary care,Southeast,430.5,389.5,True,1,primary care,Southeast,Southeast,9,6,9.523809523809524,Arlington,Miami
1747032997,,rule_based,EVT-0128,2024-08-14,PC_ANTIHYPERTENSIVE,primary care,Northeast,297.8333333333333,,False,,,Northeast,,9,,,New York,
1815807585,1363342464,rule_based,EVT-0128,2024-08-14,PC_ANTIHYPERTENSIVE,primary care,Southeast,698.5,631.0,True,1,primary care,Southeast,Southeast,13,10,9.663564781675017,Knoxville,Arlington
1922670785,,rule_based,EVT-0128,2024-08-14,PC_ANTIHYPERTENSIVE,primary care,Southeast,434.6666666666667,,False,,,Southeast,,30,,,Augusta,
1924355757,1812123887,rule_based,EVT-0128,2024-08-14,PC_ANTIHYPERTENSIVE,primary care,Southwest,448.8333333333333,426.6666666666667,True,1,primary care,Southwest,Southwest,7,9,4.9387300408466315,Albuquerque,Tucson
1927430854,,rule_based,EVT-0128,2024-08-14,PC_ANTIHYPERTENSIVE,primary care,Southeast,703.0,,False,,,Southeast,,13,,,Richmond,
1937514325,,rule_based,EVT-0128,2024-08-14,PC_ANTIHYPERTENSIVE,primary care,West,472.8333333333333,,False,,,West,,15,,,Colorado Springs,
1955620046,,rule_based,EVT-0128,2024-08-14,PC_ANTIHYPERTENSIVE,primary care,Southeast,491.3333333333333,,False,,,Southeast,,8,,,Birmingham,
1268222167,1356982086,rule_based,EVT-0128,2024-08-14,PC_ANTIHYPERTENSIVE,primary care,Midwest,318.8333333333333,327.1666666666667,True,1,primary care,Midwest,Midwest,19,16,2.613695765812871,Fort Wayne,Cincinnati
1040239976,,rule_based,EVT-0129,2024-08-25,RHEUM_JAK_ORAL,rheumatology,Northeast,447.8333333333333,,False,,,Northeast,,24,,,New York,
1357524945,,rule_based,EVT-0129,2024-08-25,RHEUM_JAK_ORAL,rheumatology,Midwest,995.1666666666666,,False,,,Midwest,,8,,,Detroit,
1428792083,,rule_based,EVT-0129,2024-08-25,RHEUM_JAK_ORAL,rheumatology,West,93.5,,False,,,West,,18,,,Eugene,
1435949049,,rule_based,EVT-0129,2024-08-25,RHEUM_JAK_ORAL,rheumatology,Northeast,549.5,,False,,,Northeast,,4,,,Bangor,
1595774286,,rule_based,EVT-0129,2024-08-25,RHEUM_JAK_ORAL,rheumatology,Midwest,560.8333333333334,,False,,,Midwest,,13,,,Peoria,
1598661571,1674708775,rule_based,EVT-0129,2024-08-25,RHEUM_JAK_ORAL,rheumatology,Northeast,477.1666666666667,448.3333333333333,True,1,rheumatology,Northeast,Northeast,10,9,6.042612644079645,Stamford,Cambridge
1647196991,,rule_based,EVT-0129,2024-08-25,RHEUM_JAK_ORAL,rheumatology,Southeast,707.3333333333334,,False,,,Southeast,,8,,,Richmond,
1690348028,,rule_based,EVT-0129,2024-08-25,RHEUM_JAK_ORAL,rheumatology,Midwest,272.5,,False,,,Midwest,,39,,,Fort Wayne,
1757283357,,rule_based,EVT-0129,2024-08-25,RHEUM_JAK_ORAL,rheumatology,Midwest,227.66666666666666,,False,,,Midwest,,23,,,Chicago,
1768831921,1418704015,rule_based,EVT-0129,2024-08-25,RHEUM_JAK_ORAL,rheumatology,Northeast,227.5,218.5,True,1,rheumatology,Northeast,Northeast,11,11,3.9560439560439558,Rochester,Springfield
1808310134,,rule_based,EVT-0129,2024-08-25,RHEUM_JAK_ORAL,rheumatology,Southwest,358.3333333333333,,False,,,Southwest,,12,,,Santa Fe,
1847082322,,rule_based,EVT-0129,2024-08-25,RHEUM_JAK_ORAL,rheumatology,Northeast,278.1666666666667,,False,,,Northeast,,16,,,Boston,
1944079924,,rule_based,EVT-0129,2024-08-25,RHEUM_JAK_ORAL,rheumatology,Southeast,786.5,,False,,,Southeast,,14,,,Columbia,
1009179924,,rule_based,EVT-0130,2024-09-05,METABOLIC_GLP1_INJ,cardiology,West,275.5,,False,,,West,,10,,,Los Angeles,
1031568581,1152018085,rule_based,EVT-0130,2024-09-05,METABOLIC_GLP1_INJ,pulmonology,Southeast,112.16666666666667,108.16666666666667,True,1,pulmonology,Southeast,Southeast,5,6,3.566121842496285,Chattanooga,Huntsville
1048976678,,rule_based,EVT-0130,2024-09-05,METABOLIC_GLP1_INJ,primary care,Southeast,173.16666666666666,,False,,,Southeast,,18,,,Orlando,
1050705288,,rule_based,EVT-0130,2024-09-05,METABOLIC_GLP1_INJ,endocrinology,Southeast,200.66666666666666,,False,,,Southeast,,21,,,Atlanta,
1074076039,,rule_based,EVT-0130,2024-09-05,METABOLIC_GLP1_INJ,cardiology,Southeast,279.1666666666667,,False,,,Southeast,,12,,,Charlottesville,
1117854327,1085047243,rule_based,EVT-0130,2024-09-05,METABOLIC_GLP1_INJ,neurology,West,56.333333333333336,54.833333333333336,True,1,neurology,West,West,8,8,2.662721893491124,San Francisco,Los Angeles
1200480071,,rule_based,EVT-0130,2024-09-05,METABOLIC_GLP1_INJ,primary care,Northeast,136.0,,False,,,Northeast,,20,,,Portland,
1202669523,,rule_based,EVT-0130,2024-09-05,METABOLIC_GLP1_INJ,cardiology,Midwest,272.0,,False,,,Midwest,,15,,,Fort Wayne,
1223523766,,rule_based,EVT-0130,2024-09-05,METABOLIC_GLP1_INJ,primary care,West,113.83333333333333,,False,,,West,,18,,,Seattle,
1237205202,1736538384,rule_based,EVT-0130,2024-09-05,METABOLIC_GLP1_INJ,endocrinology,Northeast,185.0,199.16666666666666,True,1,endocrinology,Northeast,Northeast,13,14,7.657657657657653,Buffalo,Allentown
1244876920,1718275724,rule_based,EVT-0130,2024-09-05,METABOLIC_GLP1_INJ,neurology,West,27.833333333333332,30.5,True,1,neurology,West,West,6,9,9.580838323353298,Eugene,Provo
1264333323,1261377760,rule_based,EVT-0130,2024-09-05,METABOLIC_GLP1_INJ,primary care,Northeast,158.33333333333334,169.5,True,1,primary care,Northeast,Northeast,12,14,7.052631578947362,New York,Stamford
1265952337,1871372714,rule_based,EVT-0130,2024-09-05,METABOLIC_GLP1_INJ,cardiology,Northeast,107.0,114.33333333333333,True,1,cardiology,Northeast,Northeast,22,19,6.853582554517129,Syracuse,Portland
1299418347,,rule_based,EVT-0130,2024-09-05,METABOLIC_GLP1_INJ,cardiology,Northeast,163.66666666666666,,False,,,Northeast,,18,,,Springfield,
1332369119,,rule_based,EVT-0130,2024-09-05,METABOLIC_GLP1_INJ,cardiology,Southeast,62.0,,False,,,Southeast,,9,,,Raleigh,
1350739367,1464805419,rule_based,EVT-0130,2024-09-05,METABOLIC_GLP1_INJ,cardiology,Northeast,139.66666666666666,148.0,True,1,cardiology,Northeast,Northeast,16,18,5.966587112171845,Hershey,Syracuse
1397955463,,rule_based,EVT-0130,2024-09-05,METABOLIC_GLP1_INJ,primary care,Southeast,644.0,,False,,,Southeast,,14,,,Chattanooga,
1455101661,,rule_based,EVT-0130,2024-09-05,METABOLIC_GLP1_INJ,endocrinology,Southeast,261.1666666666667,,False,,,Southeast,,19,,,Nashville,
1475115246,1107378550,rule_based,EVT-0130,2024-09-05,METABOLIC_GLP1_INJ,cardiology,Southeast,180.33333333333334,173.16666666666666,True,1,cardiology,Southeast,Southeast,17,14,3.974121996303152,Macon,Charleston
1566888198,,rule_based,EVT-0130,2024-09-05,METABOLIC_GLP1_INJ,primary care,Midwest,134.66666666666666,,False,,,Midwest,,26,,,Ann Arbor,
1610177150,,rule_based,EVT-0130,2024-09-05,METABOLIC_GLP1_INJ,cardiology,Southeast,240.66666666666666,,False,,,Southeast,,19,,,Mobile,
1639269087,1209566128,rule_based,EVT-0130,2024-09-05,METABOLIC_GLP1_INJ,primary care,Northeast,412.5,421.0,True,1,primary care,Northeast,Northeast,18,15,2.0606060606060606,Buffalo,Stamford
1647196991,,rule_based,EVT-0130,2024-09-05,METABOLIC_GLP1_INJ,rheumatology,Southeast,484.0,,False,,,Southeast,,8,,,Richmond,
1657725655,,rule_based,EVT-0130,2024-09-05,METABOLIC_GLP1_INJ,cardiology,West,152.66666666666666,,False,,,West,,13,,,Seattle,
1670701188,,rule_based,EVT-0130,2024-09-05,METABOLIC_GLP1_INJ,cardiology,Southeast,182.16666666666666,,False,,,Southeast,,7,,,Chattanooga,
1672904236,,rule_based,EVT-0130,2024-09-05,METABOLIC_GLP1_INJ,cardiology,Northeast,149.16666666666666,,False,,,Northeast,,5,,,Philadelphia,
1683943777,,rule_based,EVT-0130,2024-09-05,METABOLIC_GLP1_INJ,cardiology,West,351.3333333333333,,False,,,West,,8,,,Provo,
1688976343,,rule_based,EVT-0130,2024-09-05,METABOLIC_GLP1_INJ,pulmonology,Southeast,332.1666666666667,,False,,,Southeast,,14,,,Charlotte,
1701585576,,rule_based,EVT-0130,2024-09-05,METABOLIC_GLP1_INJ,cardiology,Southwest,163.83333333333334,,False,,,Southwest,,9,,,Scottsdale,
1707435529,,rule_based,EVT-0130,2024-09-05,METABOLIC_GLP1_INJ,primary care,Southeast,154.5,,False,,,Southeast,,14,,,Norfolk,
1732000645,,rule_based,EVT-0130,2024-09-05,METABOLIC_GLP1_INJ,cardiology,Southwest,151.5,,False,,,Southwest,,8,,,Scottsdale,
1732914373,1185877283,rule_based,EVT-0130,2024-09-05,METABOLIC_GLP1_INJ,cardiology,West,201.16666666666666,220.66666666666666,True,1,cardiology,West,West,10,10,9.693454846727425,Tacoma,Portland
1742859469,,rule_based,EVT-0130,2024-09-05,METABOLIC_GLP1_INJ,pulmonology,West,260.3333333333333,,False,,,West,,2,,,Spokane,
1776723276,,rule_based,EVT-0130,2024-09-05,METABOLIC_GLP1_INJ,primary care,Midwest,162.0,,False,,,Midwest,,21,,,Rochester,
1848624494,,rule_based,EVT-0130,2024-09-05,METABOLIC_GLP1_INJ,primary care,Midwest,134.66666666666666,,False,,,Midwest,,14,,,Kansas City,
1908127628,,rule_based,EVT-0130,2024-09-05,METABOLIC_GLP1_INJ,cardiology,Southeast,111.33333333333333,,False,,,Southeast,,14,,,Mobile,
1927430854,,rule_based,EVT-0130,2024-09-05,METABOLIC_GLP1_INJ,primary care,Southeast,189.16666666666666,,False,,,Southeast,,13,,,Richmond,
1955620046,1363342464,rule_based,EVT-0130,2024-09-05,METABOLIC_GLP1_INJ,primary care,Southeast,553.0,550.8333333333334,True,1,primary care,Southeast,Southeast,8,10,0.3918022905364609,Birmingham,Arlington
1964945871,,rule_based,EVT-0130,2024-09-05,METABOLIC_GLP1_INJ,endocrinology,Northeast,213.83333333333334,,False,,,Northeast,,6,,,New Haven,
1991291398,1010852790,rule_based,EVT-0130,2024-09-05,METABOLIC_GLP1_INJ,rheumatology,Southwest,204.83333333333334,223.16666666666666,True,1,rheumatology,Southwest,Southwest,11,14,8.950366151342545,Austin,Tulsa
1002145427,1209566128,rule_based,EVT-0131,2024-09-08,PC_ANTIHYPERTENSIVE,primary care,Northeast,626.3333333333334,670.6666666666666,True,1,primary care,Northeast,Northeast,13,15,7.078233102714197,Jersey City,Stamford
1018018261,,rule_based,EVT-0131,2024-09-08,PC_ANTIHYPERTENSIVE,primary care,Northeast,575.6666666666666,,False,,,Northeast,,13,,,Newark,
1057676243,,rule_based,EVT-0131,2024-09-08,PC_ANTIHYPERTENSIVE,primary care,Southeast,197.5,,False,,,Southeast,,11,,,Tampa,
1065870788,1352216182,rule_based,EVT-0131,2024-09-08,PC_ANTIHYPERTENSIVE,primary care,Southwest,393.5,398.8333333333333,True,1,primary care,Southwest,Southwest,7,7,1.3553578991952515,Tucson,Scottsdale
1094274762,,rule_based,EVT-0131,2024-09-08,PC_ANTIHYPERTENSIVE,primary care,West,202.83333333333334,,False,,,West,,4,,,Salt Lake City,
1098995024,1060922949,rule_based,EVT-0131,2024-09-08,PC_ANTIHYPERTENSIVE,primary care,Northeast,184.83333333333334,173.16666666666666,True,1,primary care,Northeast,Northeast,6,3,6.311992786293969,Pittsburgh,Jersey City
1124726435,,rule_based,EVT-0131,2024-09-08,PC_ANTIHYPERTENSIVE,primary care,Northeast,458.5,,False,,,Northeast,,14,,,Allentown,
1133130363,,rule_based,EVT-0131,2024-09-08,PC_ANTIHYPERTENSIVE,primary care,Northeast,420.5,,False,,,Northeast,,13,,,Hartford,
1144669185,,rule_based,EVT-0131,2024-09-08,PC_ANTIHYPERTENSIVE,primary care,Northeast,928.1666666666666,,False,,,Northeast,,16,,,Allentown,
1189769080,,rule_based,EVT-0131,2024-09-08,PC_ANTIHYPERTENSIVE,primary care,Northeast,392.1666666666667,,False,,,Northeast,,11,,,Stamford,
1200480071,,rule_based,EVT-0131,2024-09-08,PC_ANTIHYPERTENSIVE,primary care,Northeast,329.3333333333333,,False,,,Northeast,,20,,,Portland,
1209829039,,rule_based,EVT-0131,2024-09-08,PC_ANTIHYPERTENSIVE,primary care,Southwest,753.1666666666666,,False,,,Southwest,,12,,,Dallas,
1213511599,,rule_based,EVT-0131,2024-09-08,PC_ANTIHYPERTENSIVE,primary care,Northeast,1074.3333333333333,,False,,,Northeast,,30,,,Bangor,
1263807582,,rule_based,EVT-0131,2024-09-08,PC_ANTIHYPERTENSIVE,primary care,Northeast,897.5,,False,,,Northeast,,7,,,Syracuse,
1264333323,,rule_based,EVT-0131,2024-09-08,PC_ANTIHYPERTENSIVE,primary care,Northeast,813.3333333333334,,False,,,Northeast,,12,,,New York,
1296552940,,rule_based,EVT-0131,2024-09-08,PC_ANTIHYPERTENSIVE,primary care,Northeast,353.5,,False,,,Northeast,,8,,,Rochester,
1315385710,,rule_based,EVT-0131,2024-09-08,PC_ANTIHYPERTENSIVE,primary care,Northeast,1320.1666666666667,,False,,,Northeast,,20,,,Worcester,
1316743925,,rule_based,EVT-0131,2024-09-08,PC_ANTIHYPERTENSIVE,primary care,Northeast,784.3333333333334,,False,,,Northeast,,16,,,Cambridge,
1321405205,1296624285,rule_based,EVT-0131,2024-09-08,PC_ANTIHYPERTENSIVE,primary care,West,212.33333333333334,204.66666666666666,True,1,primary care,West,West,10,11,3.610675039246477,San Jose,Sacramento
1335670091,,rule_based,EVT-0131,2024-09-08,PC_ANTIHYPERTENSIVE,primary care,Midwest,307.8333333333333,,False,,,Midwest,,11,,,Indianapolis,
1356982086,1511022174,rule_based,EVT-0131,2024-09-08,PC_ANTIHYPERTENSIVE,primary care,Midwest,318.6666666666667,324.3333333333333,True,1,primary care,Midwest,Midwest,16,15,1.7782426778242557,Cincinnati,Lansing
1377426493,1138281740,rule_based,EVT-0131,2024-09-08,PC_ANTIHYPERTENSIVE,primary care,West,285.3333333333333,268.6666666666667,True,1,primary care,West,West,13,10,5.84112149532709,Portland,Provo
1385532449,,rule_based,EVT-0131,2024-09-08,PC_ANTIHYPERTENSIVE,primary care,Southeast,745.0,,False,,,Southeast,,6,,,Atlanta,
1413519731,,rule_based,EVT-0131,2024-09-08,PC_ANTIHYPERTENSIVE,primary care,Southwest,487.8333333333333,,False,,,Southwest,,13,,,Austin,
1418997171,,rule_based,EVT-0131,2024-09-08,PC_ANTIHYPERTENSIVE,primary care,Northeast,621.1666666666666,,False,,,Northeast,,18,,,Jersey City,
1456299035,,rule_based,EVT-0131,2024-09-08,PC_ANTIHYPERTENSIVE,primary care,Southeast,262.1666666666667,,False,,,Southeast,,15,,,Mobile,
1509977165,,rule_based,EVT-0131,2024-09-08,PC_ANTIHYPERTENSIVE,primary care,Northeast,828.3333333333334,,False,,,Northeast,,27,,,Bangor,
1523498065,,rule_based,EVT-0131,2024-09-08,PC_ANTIHYPERTENSIVE,primary care,Southeast,310.3333333333333,,False,,,Southeast,,15,,,Columbia,
1536278926,,rule_based,EVT-0131,2024-09-08,PC_ANTIHYPERTENSIVE,primary care,West,746.3333333333334,,False,,,West,,13,,,Provo,
1546151204,,rule_based,EVT-0131,2024-09-08,PC_ANTIHYPERTENSIVE,primary care,Northeast,342.1666666666667,,False,,,Northeast,,13,,,Newark,
1552813903,,rule_based,EVT-0131,2024-09-08,PC_ANTIHYPERTENSIVE,primary care,Northeast,811.8333333333334,,False,,,Northeast,,10,,,Newark,
1592123891,,rule_based,EVT-0131,2024-09-08,PC_ANTIHYPERTENSIVE,primary care,Northeast,834.6666666666666,,False,,,Northeast,,18,,,Allentown,
1595301304,,rule_based,EVT-0131,2024-09-08,PC_ANTIHYPERTENSIVE,primary care,Southwest,432.8333333333333,,False,,,Southwest,,13,,,Tulsa,
1635581279,,rule_based,EVT-0131,2024-09-08,PC_ANTIHYPERTENSIVE,primary care,Southeast,763.3333333333334,,False,,,Southeast,,18,,,Charlotte,
1644815767,,rule_based,EVT-0131,2024-09-08,PC_ANTIHYPERTENSIVE,primary care,West,441.8333333333333,,False,,,West,,16,,,Tacoma,
1657035808,,rule_based,EVT-0131,2024-09-08,PC_ANTIHYPERTENSIVE,primary care,West,87.33333333333333,,False,,,West,,14,,,Eugene,
1674102136,,rule_based,EVT-0131,2024-09-08,PC_ANTIHYPERTENSIVE,primary care,Northeast,129.16666666666666,,False,,,Northeast,,13,,,Hartford,
1689916181,,rule_based,EVT-0131,2024-09-08,PC_ANTIHYPERTENSIVE,primary care,Northeast,625.3333333333334,,False,,,Northeast,,6,,,Bangor,
1725724532,,rule_based,EVT-0131,2024-09-08,PC_ANTIHYPERTENSIVE,primary care,Northeast,1015.3333333333334,,False,,,Northeast,,32,,,Boston,
1742579091,,rule_based,EVT-0131,2024-09-08,PC_ANTIHYPERTENSIVE,primary care,Northeast,1307.5,,False,,,Northeast,,25,,,Bangor,
1747032997,,rule_based,EVT-0131,2024-09-08,PC_ANTIHYPERTENSIVE,primary care,Northeast,293.0,,False,,,Northeast,,9,,,New York,
1747637738,,rule_based,EVT-0131,2024-09-08,PC_ANTIHYPERTENSIVE,primary care,Midwest,141.0,,False,,,Midwest,,7,,,Chicago,
1812815243,,rule_based,EVT-0131,2024-09-08,PC_ANTIHYPERTENSIVE,primary care,Midwest,787.0,,False,,,Midwest,,7,,,Milwaukee,
1815807585,1363342464,rule_based,EVT-0131,2024-09-08,PC_ANTIHYPERTENSIVE,primary care,Southeast,693.1666666666666,652.5,True,1,primary care,Southeast,Southeast,13,10,5.866794902620817,Knoxville,Arlington
1824172013,,rule_based,EVT-0131,2024-09-08,PC_ANTIHYPERTENSIVE,primary care,Midwest,440.0,,False,,,Midwest,,10,,,Grand Rapids,
1903798589,,rule_based,EVT-0131,2024-09-08,PC_ANTIHYPERTENSIVE,primary care,Southwest,401.5,,False,,,Southwest,,19,,,Austin,
1924355757,1812123887,rule_based,EVT-0131,2024-09-08,PC_ANTIHYPERTENSIVE,primary care,Southwest,458.0,445.3333333333333,True,1,primary care,Southwest,Southwest,7,9,2.765647743813687,Albuquerque,Tucson
1937514325,,rule_based,EVT-0131,2024-09-08,PC_ANTIHYPERTENSIVE,primary care,West,499.3333333333333,,False,,,West,,15,,,Colorado Springs,
1955620046,,rule_based,EVT-0131,2024-09-08,PC_ANTIHYPERTENSIVE,primary care,Southeast,503.5,,False,,,Southeast,,8,,,Birmingham,
1965727443,,rule_based,EVT-0131,2024-09-08,PC_ANTIHYPERTENSIVE,primary care,West,189.0,,False,,,West,,35,,,Denver,
1989798412,,rule_based,EVT-0131,2024-09-08,PC_ANTIHYPERTENSIVE,primary care,Southwest,623.0,,False,,,Southwest,,13,,,Las Vegas,
1120080837,1624547729,rule_based,EVT-0132,2024-09-14,CARD_HF_ARNI,cardiology,Northeast,311.5,287.5,True,1,cardiology,Northeast,Northeast,16,15,7.704654895666131,Hartford,Stamford
1074076039,,rule_based,EVT-0132,2024-09-14,CARD_HF_ARNI,cardiology,Southeast,513.0,,False,,,Southeast,,12,,,Charlottesville,
1299418347,1331020234,rule_based,EVT-0132,2024-09-14,CARD_HF_ARNI,cardiology,Northeast,429.6666666666667,428.3333333333333,True,1,cardiology,Northeast,Northeast,18,19,0.31031807602793743,Springfield,Syracuse
1341556789,,rule_based,EVT-0132,2024-09-14,CARD_HF_ARNI,cardiology,West,1321.5,,False,,,West,,17,,,Seattle,
1362560363,1950588461,rule_based,EVT-0132,2024-09-14,CARD_HF_ARNI,cardiology,West,411.0,385.0,True,1,cardiology,West,West,13,14,6.326034063260341,Spokane,Palo Alto
1475115246,,rule_based,EVT-0132,2024-09-14,CARD_HF_ARNI,cardiology,Southeast,641.0,,False,,,Southeast,,17,,,Macon,
1516074709,,rule_based,EVT-0132,2024-09-14,CARD_HF_ARNI,cardiology,Southwest,438.3333333333333,,False,,,Southwest,,20,,,Phoenix,
1594466975,1069143851,rule_based,EVT-0132,2024-09-14,CARD_HF_ARNI,cardiology,West,287.1666666666667,292.8333333333333,True,1,cardiology,West,West,17,20,1.9733023795705031,Salt Lake City,San Francisco
1683943777,,rule_based,EVT-0132,2024-09-14,CARD_HF_ARNI,cardiology,West,444.5,,False,,,West,,8,,,Provo,
1710163217,,rule_based,EVT-0132,2024-09-14,CARD_HF_ARNI,cardiology,Northeast,297.6666666666667,,False,,,Northeast,,11,,,Albany,
1724092733,,rule_based,EVT-0132,2024-09-14,CARD_HF_ARNI,cardiology,Northeast,486.1666666666667,,False,,,Northeast,,5,,,Pittsburgh,
1009179924,1599978586,rule_based,EVT-0133,2024-09-19,CARD_HF_ARNI,cardiology,West,390.8333333333333,380.6666666666667,True,1,cardiology,West,West,10,11,2.6012793176972187,Los Angeles,Salt Lake City
1078096579,,rule_based,EVT-0133,2024-09-19,CARD_HF_ARNI,cardiology,Midwest,427.6666666666667,,False,,,Midwest,,13,,,Rochester,
1123148250,1234567687,rule_based,EVT-0133,2024-09-19,CARD_HF_ARNI,cardiology,Southwest,253.66666666666666,242.66666666666666,True,1,cardiology,Southwest,Southwest,19,21,4.336399474375821,Austin,Albuquerque
1176034100,,rule_based,EVT-0133,2024-09-19,CARD_HF_ARNI,cardiology,West,272.6666666666667,,False,,,West,,21,,,Provo,
1350739367,,rule_based,EVT-0133,2024-09-19,CARD_HF_ARNI,cardiology,Northeast,345.8333333333333,,False,,,Northeast,,16,,,Hershey,
1362560363,1950588461,rule_based,EVT-0133,2024-09-19,CARD_HF_ARNI,cardiology,West,411.0,385.0,True,1,cardiology,West,West,13,14,6.326034063260341,Spokane,Palo Alto
1376656900,,rule_based,EVT-0133,2024-09-19,CARD_HF_ARNI,cardiology,Southwest,287.3333333333333,,False,,,Southwest,,6,,,Tucson,
1386514024,1405577143,rule_based,EVT-0133,2024-09-19,CARD_HF_ARNI,cardiology,West,311.8333333333333,339.1666666666667,True,1,cardiology,West,West,10,9,8.765366114377352,Sacramento,Colorado Springs
1494868502,,rule_based,EVT-0133,2024-09-19,CARD_HF_ARNI,cardiology,Southeast,343.8333333333333,,False,,,Southeast,,7,,,Huntsville,
1551962891,1219591108,rule_based,EVT-0133,2024-09-19,CARD_HF_ARNI,cardiology,Midwest,88.5,96.83333333333333,True,1,cardiology,Midwest,Midwest,13,11,9.416195856873816,Madison,Fort Wayne
1594466975,1069143851,rule_based,EVT-0133,2024-09-19,CARD_HF_ARNI,cardiology,West,287.1666666666667,292.8333333333333,True,1,cardiology,West,West,17,20,1.9733023795705031,Salt Lake City,San Francisco
1610177150,,rule_based,EVT-0133,2024-09-19,CARD_HF_ARNI,cardiology,Southeast,532.8333333333334,,False,,,Southeast,,19,,,Mobile,
1631526641,1323611925,rule_based,EVT-0133,2024-09-19,CARD_HF_ARNI,cardiology,Southwest,218.66666666666666,229.5,True,1,cardiology,Southwest,Southwest,16,19,4.954268292682931,Oklahoma City,Albuquerque
1670701188,,rule_based,EVT-0133,2024-09-19,CARD_HF_ARNI,cardiology,Southeast,513.5,,False,,,Southeast,,7,,,Chattanooga,
1683943777,,rule_based,EVT-0133,2024-09-19,CARD_HF_ARNI,cardiology,West,444.5,,False,,,West,,8,,,Provo,
1701585576,1036176265,rule_based,EVT-0133,2024-09-19,CARD_HF_ARNI,cardiology,Southwest,468.8333333333333,440.3333333333333,True,1,cardiology,Southwest,Southwest,9,8,6.078919303234981,Scottsdale,Las Vegas
1710163217,,rule_based,EVT-0133,2024-09-19,CARD_HF_ARNI,cardiology,Northeast,297.6666666666667,,False,,,Northeast,,11,,,Albany,
1885189138,1056679651,rule_based,EVT-0133,2024-09-19,CARD_HF_ARNI,cardiology,Northeast,284.1666666666667,266.5,True,1,cardiology,Northeast,Northeast,7,6,6.217008797653965,Syracuse,Philadelphia
1085110611,1968864862,rule_based,EVT-0134,2024-09-22,NEURO_MIGRAINE_CGRP,neurology,West,109.5,104.66666666666667,True,1,neurology,West,West,18,19,4.414003044140026,Spokane,Denver
1244876920,1944636921,rule_based,EVT-0134,2024-09-22,NEURO_MIGRAINE_CGRP,neurology,West,97.5,95.33333333333333,True,1,neurology,West,West,6,8,2.222222222222227,Eugene,Palo Alto
1635476009,1788421810,rule_based,EVT-0134,2024-09-22,NEURO_MIGRAINE_CGRP,neurology,Northeast,265.8333333333333,239.33333333333334,True,1,neurology,Northeast,Northeast,18,15,9.968652037617545,Hartford,Springfield
1749355669,1712965692,rule_based,EVT-0134,2024-09-22,NEURO_MIGRAINE_CGRP,neurology,West,269.3333333333333,278.1666666666667,True,1,neurology,West,West,8,9,3.279702970297044,Los Angeles,San Jose
1357524945,,rule_based,EVT-0135,2024-09-24,RHEUM_JAK_ORAL,rheumatology,Midwest,1034.5,,False,,,Midwest,,8,,,Detroit,
1393791409,,rule_based,EVT-0135,2024-09-24,RHEUM_JAK_ORAL,rheumatology,Midwest,322.3333333333333,,False,,,Midwest,,25,,,Rockford,
1520551320,,rule_based,EVT-0135,2024-09-24,RHEUM_JAK_ORAL,rheumatology,Northeast,186.83333333333334,,False,,,Northeast,,13,,,Syracuse,
1595774286,,rule_based,EVT-0135,2024-09-24,RHEUM_JAK_ORAL,rheumatology,Midwest,582.3333333333334,,False,,,Midwest,,13,,,Peoria,
1598661571,1109634414,rule_based,EVT-0135,2024-09-24,RHEUM_JAK_ORAL,rheumatology,Northeast,484.6666666666667,519.8333333333334,True,1,rheumatology,Northeast,Northeast,10,11,7.25584594222834,Stamford,Buffalo
1610429726,,rule_based,EVT-0135,2024-09-24,RHEUM_JAK_ORAL,rheumatology,Southeast,136.5,,False,,,Southeast,,27,,,Charlottesville,
1616839134,,rule_based,EVT-0135,2024-09-24,RHEUM_JAK_ORAL,rheumatology,Northeast,1005.5,,False,,,Northeast,,10,,,New Haven,
1892307210,,rule_based,EVT-0135,2024-09-24,RHEUM_JAK_ORAL,rheumatology,Northeast,233.83333333333334,,False,,,Northeast,,17,,,Bangor,
1944079924,,rule_based,EVT-0135,2024-09-24,RHEUM_JAK_ORAL,rheumatology,Southeast,785.8333333333334,,False,,,Southeast,,14,,,Columbia,
1968209027,1499123879,rule_based,EVT-0135,2024-09-24,RHEUM_JAK_ORAL,rheumatology,Southeast,184.16666666666666,176.16666666666666,True,1,rheumatology,Southeast,Southeast,6,9,4.343891402714933,Tampa,Tampa
1009179924,1599978586,rule_based,EVT-0136,2024-09-25,CARD_HF_ARNI,cardiology,West,390.8333333333333,380.6666666666667,True,1,cardiology,West,West,10,11,2.6012793176972187,Los Angeles,Salt Lake City
1015191335,,rule_based,EVT-0136,2024-09-25,CARD_HF_ARNI,cardiology,Northeast,215.66666666666666,,False,,,Northeast,,17,,,Camden,
1078096579,,rule_based,EVT-0136,2024-09-25,CARD_HF_ARNI,cardiology,Midwest,427.6666666666667,,False,,,Midwest,,13,,,Rochester,
1123148250,1234567687,rule_based,EVT-0136,2024-09-25,CARD_HF_ARNI,cardiology,Southwest,253.66666666666666,242.66666666666666,True,1,cardiology,Southwest,Southwest,19,21,4.336399474375821,Austin,Albuquerque
1265952337,,rule_based,EVT-0136,2024-09-25,CARD_HF_ARNI,cardiology,Northeast,500.6666666666667,,False,,,Northeast,,22,,,Syracuse,
1286477181,1977228745,rule_based,EVT-0136,2024-09-25,CARD_HF_ARNI,cardiology,Midwest,224.66666666666666,207.83333333333334,True,1,cardiology,Midwest,Midwest,10,11,7.492581602373879,Green Bay,Madison
1332369119,,rule_based,EVT-0136,2024-09-25,CARD_HF_ARNI,cardiology,Southeast,317.0,,False,,,Southeast,,9,,,Raleigh,
1361620622,1850313960,rule_based,EVT-0136,2024-09-25,CARD_HF_ARNI,cardiology,West,167.16666666666666,162.83333333333334,True,1,cardiology,West,West,20,21,2.592223330009959,Boulder,Tacoma
1409960642,1742318383,rule_based,EVT-0136,2024-09-25,CARD_HF_ARNI,cardiology,Midwest,254.33333333333334,246.66666666666666,True,1,cardiology,Midwest,Midwest,9,8,3.014416775884673,Toledo,Columbia
1475115246,,rule_based,EVT-0136,2024-09-25,CARD_HF_ARNI,cardiology,Southeast,641.0,,False,,,Southeast,,17,,,Macon,
1492077734,,rule_based,EVT-0136,2024-09-25,CARD_HF_ARNI,cardiology,Midwest,681.1666666666666,,False,,,Midwest,,6,,,Green Bay,
1516074709,,rule_based,EVT-0136,2024-09-25,CARD_HF_ARNI,cardiology,Southwest,438.3333333333333,,False,,,Southwest,,20,,,Phoenix,
1670701188,,rule_based,EVT-0136,2024-09-25,CARD_HF_ARNI,cardiology,Southeast,513.5,,False,,,Southeast,,7,,,Chattanooga,
1683943777,,rule_based,EVT-0136,2024-09-25,CARD_HF_ARNI,cardiology,West,444.5,,False,,,West,,8,,,Provo,
1722038985,1185877283,rule_based,EVT-0136,2024-09-25,CARD_HF_ARNI,cardiology,West,297.1666666666667,271.3333333333333,True,1,cardiology,West,West,8,10,8.69321368480091,Denver,Portland
1745601371,,rule_based,EVT-0136,2024-09-25,CARD_HF_ARNI,cardiology,Midwest,235.5,,False,,,Midwest,,11,,,Peoria,
1762664088,1656483868,rule_based,EVT-0136,2024-09-25,CARD_HF_ARNI,cardiology,Midwest,193.5,194.16666666666666,True,1,cardiology,Midwest,Midwest,10,10,0.3445305770887117,Detroit,Rochester
1814938340,1836894604,rule_based,EVT-0136,2024-09-25,CARD_HF_ARNI,cardiology,Southeast,305.1666666666667,280.1666666666667,True,1,cardiology,Southeast,Southeast,13,12,8.19224467504096,Huntsville,Norfolk
1856406925,1860037419,rule_based,EVT-0136,2024-09-25,CARD_HF_ARNI,cardiology,Northeast,262.1666666666667,250.16666666666666,True,1,cardiology,Northeast,Northeast,12,15,4.5772409408773145,Pittsburgh,Syracuse
1934763735,1041640354,rule_based,EVT-0136,2024-09-25,CARD_HF_ARNI,cardiology,Midwest,170.33333333333334,169.0,True,1,cardiology,Midwest,Midwest,7,5,0.7827788649706513,Rockford,Detroit
1934829601,,rule_based,EVT-0136,2024-09-25,CARD_HF_ARNI,cardiology,Midwest,416.6666666666667,,False,,,Midwest,,13,,,Toledo,
1009179924,1599978586,rule_based,EVT-0137,2024-09-25,CARD_HF_ARNI,cardiology,West,390.8333333333333,380.6666666666667,True,1,cardiology,West,West,10,11,2.6012793176972187,Los Angeles,Salt Lake City
1265952337,,rule_based,EVT-0137,2024-09-25,CARD_HF_ARNI,cardiology,Northeast,500.6666666666667,,False,,,Northeast,,22,,,Syracuse,
1279255164,,rule_based,EVT-0137,2024-09-25,CARD_HF_ARNI,cardiology,Midwest,248.83333333333334,,False,,,Midwest,,14,,,St. Paul,
1299418347,1331020234,rule_based,EVT-0137,2024-09-25,CARD_HF_ARNI,cardiology,Northeast,429.6666666666667,428.3333333333333,True,1,cardiology,Northeast,Northeast,18,19,0.31031807602793743,Springfield,Syracuse
1460081361,,rule_based,EVT-0137,2024-09-25,CARD_HF_ARNI,cardiology,Northeast,228.83333333333334,,False,,,Northeast,,7,,,Bangor,
1494868502,,rule_based,EVT-0137,2024-09-25,CARD_HF_ARNI,cardiology,Southeast,343.8333333333333,,False,,,Southeast,,7,,,Huntsville,
1516074709,,rule_based,EVT-0137,2024-09-25,CARD_HF_ARNI,cardiology,Southwest,438.3333333333333,,False,,,Southwest,,20,,,Phoenix,
1610177150,,rule_based,EVT-0137,2024-09-25,CARD_HF_ARNI,cardiology,Southeast,532.8333333333334,,False,,,Southeast,,19,,,Mobile,
1648553570,1036176265,rule_based,EVT-0137,2024-09-25,CARD_HF_ARNI,cardiology,Southwest,410.8333333333333,440.3333333333333,True,1,cardiology,Southwest,Southwest,11,8,7.1805273833671395,Houston,Las Vegas
1657725655,,rule_based,EVT-0137,2024-09-25,CARD_HF_ARNI,cardiology,West,677.5,,False,,,West,,13,,,Seattle,
1710163217,,rule_based,EVT-0137,2024-09-25,CARD_HF_ARNI,cardiology,Northeast,297.6666666666667,,False,,,Northeast,,11,,,Albany,
1722898792,,rule_based,EVT-0137,2024-09-25,CARD_HF_ARNI,cardiology,Southeast,408.0,,False,,,Southeast,,19,,,Charlottesville,
1760628762,,rule_based,EVT-0137,2024-09-25,CARD_HF_ARNI,cardiology,Southwest,215.0,,False,,,Southwest,,13,,,Oklahoma City,
1787619711,,rule_based,EVT-0137,2024-09-25,CARD_HF_ARNI,cardiology,Midwest,772.1666666666666,,False,,,Midwest,,13,,,St. Paul,
1806103952,,rule_based,EVT-0137,2024-09-25,CARD_HF_ARNI,cardiology,West,207.0,,False,,,West,,8,,,Provo,
1814938340,1836894604,rule_based,EVT-0137,2024-09-25,CARD_HF_ARNI,cardiology,Southeast,305.1666666666667,280.1666666666667,True,1,cardiology,Southeast,Southeast,13,12,8.19224467504096,Huntsville,Norfolk
1901019392,,rule_based,EVT-0137,2024-09-25,CARD_HF_ARNI,cardiology,West,914.0,,False,,,West,,16,,,Portland,
1934763735,1041640354,rule_based,EVT-0137,2024-09-25,CARD_HF_ARNI,cardiology,Midwest,170.33333333333334,169.0,True,1,cardiology,Midwest,Midwest,7,5,0.7827788649706513,Rockford,Detroit
1934829601,,rule_based,EVT-0137,2024-09-25,CARD_HF_ARNI,cardiology,Midwest,416.6666666666667,,False,,,Midwest,,13,,,Toledo,
1683943777,,rule_based,EVT-0137,2024-09-25,CARD_HF_ARNI,cardiology,West,444.5,,False,,,West,,8,,,Provo,
1038444141,1987092370,rule_based,EVT-0138,2024-09-29,ONC_TARGETED_ORAL,oncology,Southeast,239.16666666666666,261.0,True,1,oncology,Southeast,Southeast,11,14,9.128919860627182,Durham,Nashville
1240190284,,rule_based,EVT-0138,2024-09-29,ONC_TARGETED_ORAL,oncology,Southwest,378.6666666666667,,False,,,Southwest,,17,,,Santa Fe,
1292975558,,rule_based,EVT-0138,2024-09-29,ONC_TARGETED_ORAL,oncology,Northeast,821.8333333333334,,False,,,Northeast,,2,,,Stamford,
1663073843,1788668972,rule_based,EVT-0138,2024-09-29,ONC_TARGETED_ORAL,oncology,Southwest,238.0,231.83333333333334,True,1,oncology,Southwest,Southwest,14,16,2.5910364145658225,Santa Fe,Scottsdale
1679256069,,rule_based,EVT-0138,2024-09-29,ONC_TARGETED_ORAL,oncology,Northeast,372.6666666666667,,False,,,Northeast,,34,,,Hershey,
1840863041,,rule_based,EVT-0138,2024-09-29,ONC_TARGETED_ORAL,oncology,Southeast,406.5,,False,,,Southeast,,13,,,Miami,
1394982015,1637550512,rule_based,EVT-0139,2024-10-04,ONC_TARGETED_ORAL,oncology,Southeast,78.66666666666667,77.16666666666667,True,1,oncology,Southeast,Southeast,7,7,1.906779661016949,Birmingham,Birmingham
1535436392,1596912711,rule_based,EVT-0139,2024-10-04,ONC_TARGETED_ORAL,oncology,Northeast,64.16666666666667,60.333333333333336,True,1,oncology,Northeast,Northeast,2,3,5.974025974025977,Cambridge,Princeton
1599989245,1242598583,rule_based,EVT-0139,2024-10-04,ONC_TARGETED_ORAL,oncology,Northeast,286.8333333333333,289.8333333333333,True,1,oncology,Northeast,Northeast,13,14,1.0459035444509008,New York,Worcester
1621842156,,rule_based,EVT-0139,2024-10-04,ONC_TARGETED_ORAL,oncology,Northeast,252.0,,False,,,Northeast,,28,,,Hershey,
1758206720,,rule_based,EVT-0139,2024-10-04,ONC_TARGETED_ORAL,oncology,Southwest,173.66666666666666,,False,,,Southwest,,18,,,Tucson,
1785764022,1828803407,rule_based,EVT-0139,2024-10-04,ONC_TARGETED_ORAL,oncology,Northeast,141.0,130.83333333333334,True,1,oncology,Northeast,Northeast,17,16,7.210401891252949,Bangor,Cambridge
1002145427,,rule_based,EVT-0140,2024-10-06,PC_ANTIHYPERTENSIVE,primary care,Northeast,647.3333333333334,,False,,,Northeast,,13,,,Jersey City,
1018018261,,rule_based,EVT-0140,2024-10-06,PC_ANTIHYPERTENSIVE,primary care,Northeast,578.6666666666666,,False,,,Northeast,,13,,,Newark,
1036327983,,rule_based,EVT-0140,2024-10-06,PC_ANTIHYPERTENSIVE,primary care,West,134.16666666666666,,False,,,West,,8,,,Portland,
1124726435,1877046932,rule_based,EVT-0140,2024-10-06,PC_ANTIHYPERTENSIVE,primary care,Northeast,474.3333333333333,518.1666666666666,True,1,primary care,Northeast,Northeast,14,16,9.241040056219251,Allentown,Boston
1133130363,,rule_based,EVT-0140,2024-10-06,PC_ANTIHYPERTENSIVE,primary care,Northeast,420.6666666666667,,False,,,Northeast,,13,,,Hartford,
1144669185,,rule_based,EVT-0140,2024-10-06,PC_ANTIHYPERTENSIVE,primary care,Northeast,936.1666666666666,,False,,,Northeast,,16,,,Allentown,
1200480071,,rule_based,EVT-0140,2024-10-06,PC_ANTIHYPERTENSIVE,primary care,Northeast,339.5,,False,,,Northeast,,20,,,Portland,
1213511599,,rule_based,EVT-0140,2024-10-06,PC_ANTIHYPERTENSIVE,primary care,Northeast,1125.8333333333333,,False,,,Northeast,,30,,,Bangor,
1227780172,,rule_based,EVT-0140,2024-10-06,PC_ANTIHYPERTENSIVE,primary care,Southwest,1459.0,,False,,,Southwest,,11,,,Scottsdale,
1263807582,,rule_based,EVT-0140,2024-10-06,PC_ANTIHYPERTENSIVE,primary care,Northeast,928.6666666666666,,False,,,Northeast,,7,,,Syracuse,
1268222167,,rule_based,EVT-0140,2024-10-06,PC_ANTIHYPERTENSIVE,primary care,Midwest,317.3333333333333,,False,,,Midwest,,19,,,Fort Wayne,
1280087226,,rule_based,EVT-0140,2024-10-06,PC_ANTIHYPERTENSIVE,primary care,Northeast,1178.1666666666667,,False,,,Northeast,,10,,,Rochester,
1377426493,1138281740,rule_based,EVT-0140,2024-10-06,PC_ANTIHYPERTENSIVE,primary care,West,288.1666666666667,267.3333333333333,True,1,primary care,West,West,13,10,7.2296124927704,Portland,Provo
1418997171,1209566128,rule_based,EVT-0140,2024-10-06,PC_ANTIHYPERTENSIVE,primary care,Northeast,652.3333333333334,713.0,True,1,primary care,Northeast,Northeast,18,15,9.299948901379656,Jersey City,Stamford
1423152481,,rule_based,EVT-0140,2024-10-06,PC_ANTIHYPERTENSIVE,primary care,Southeast,580.6666666666666,,False,,,Southeast,,11,,,Chattanooga,
1456207657,,rule_based,EVT-0140,2024-10-06,PC_ANTIHYPERTENSIVE,primary care,Midwest,592.8333333333334,,False,,,Midwest,,10,,,Minneapolis,
1552813903,,rule_based,EVT-0140,2024-10-06,PC_ANTIHYPERTENSIVE,primary care,Northeast,886.0,,False,,,Northeast,,10,,,Newark,
1665478461,,rule_based,EVT-0140,2024-10-06,PC_ANTIHYPERTENSIVE,primary care,Northeast,482.5,,False,,,Northeast,,10,,,New York,
1689916181,,rule_based,EVT-0140,2024-10-06,PC_ANTIHYPERTENSIVE,primary care,Northeast,649.8333333333334,,False,,,Northeast,,6,,,Bangor,
1732527431,1364720148,rule_based,EVT-0140,2024-10-06,PC_ANTIHYPERTENSIVE,primary care,Southeast,426.3333333333333,385.8333333333333,True,1,primary care,Southeast,Southeast,9,6,9.499609069585615,Arlington,Miami
1742579091,,rule_based,EVT-0140,2024-10-06,PC_ANTIHYPERTENSIVE,primary care,Northeast,1309.0,,False,,,Northeast,,25,,,Bangor,
1806479196,,rule_based,EVT-0140,2024-10-06,PC_ANTIHYPERTENSIVE,primary care,Southwest,587.8333333333334,,False,,,Southwest,,16,,,Oklahoma City,
1844747141,1873780039,rule_based,EVT-0140,2024-10-06,PC_ANTIHYPERTENSIVE,primary care,West,385.6666666666667,360.1666666666667,True,1,primary care,West,West,12,9,6.611927398444252,Colorado Springs,Provo
1896554999,,rule_based,EVT-0140,2024-10-06,PC_ANTIHYPERTENSIVE,primary care,West,583.1666666666666,,False,,,West,,14,,,Eugene,
1903798589,,rule_based,EVT-0140,2024-10-06,PC_ANTIHYPERTENSIVE,primary care,Southwest,410.3333333333333,,False,,,Southwest,,19,,,Austin,
1927430854,,rule_based,EVT-0140,2024-10-06,PC_ANTIHYPERTENSIVE,primary care,Southeast,754.5,,False,,,Southeast,,13,,,Richmond,
1955620046,,rule_based,EVT-0140,2024-10-06,PC_ANTIHYPERTENSIVE,primary care,Southeast,496.6666666666667,,False,,,Southeast,,8,,,Birmingham,
1897395806,,rule_based,EVT-0142,2024-10-08,METABOLIC_GLP1_INJ,cardiology,Northeast,87.0,,False,,,Northeast,,15,,,Portland,
1740047711,,rule_based,EVT-0143,2024-10-09,CV_ANTICOAG_ORAL,primary care,Southeast,142.66666666666666,,False,,,Southeast,,13,,,Greenville,
1103232447,1925142923,rule_based,EVT-0141,2024-10-08,NEURO_MIGRAINE_CGRP,neurology,Southwest,234.16666666666666,218.83333333333334,True,1,neurology,Southwest,Southwest,11,8,6.548042704626327,Phoenix,Oklahoma City
1163199601,,rule_based,EVT-0141,2024-10-08,NEURO_MIGRAINE_CGRP,neurology,Southwest,249.33333333333334,,False,,,Southwest,,17,,,Oklahoma City,
1243754490,,rule_based,EVT-0141,2024-10-08,NEURO_MIGRAINE_CGRP,neurology,Northeast,151.16666666666666,,False,,,Northeast,,6,,,Springfield,
1413495239,,rule_based,EVT-0141,2024-10-08,NEURO_MIGRAINE_CGRP,neurology,Southeast,434.8333333333333,,False,,,Southeast,,16,,,Charlotte,
1467704312,1788421810,rule_based,EVT-0141,2024-10-08,NEURO_MIGRAINE_CGRP,neurology,Northeast,237.16666666666666,233.33333333333334,True,1,neurology,Northeast,Northeast,13,15,1.6163035839775044,Worcester,Springfield
1592062677,,rule_based,EVT-0141,2024-10-08,NEURO_MIGRAINE_CGRP,neurology,Southeast,517.6666666666666,,False,,,Southeast,,9,,,Nashville,
1616418756,,rule_based,EVT-0141,2024-10-08,NEURO_MIGRAINE_CGRP,neurology,Northeast,214.16666666666666,,False,,,Northeast,,8,,,Worcester,
1635476009,,rule_based,EVT-0141,2024-10-08,NEURO_MIGRAINE_CGRP,neurology,Northeast,275.5,,False,,,Northeast,,18,,,Hartford,
1824149854,1334266743,rule_based,EVT-0141,2024-10-08,NEURO_MIGRAINE_CGRP,neurology,Southeast,287.1666666666667,300.0,True,1,neurology,Southeast,Southeast,12,11,4.468949506674398,Memphis,Greenville
1836939912,1204261733,rule_based,EVT-0141,2024-10-08,NEURO_MIGRAINE_CGRP,neurology,Southeast,215.66666666666666,229.0,True,1,neurology,Southeast,Southeast,6,7,6.182380216383312,Savannah,Chattanooga
1002145427,,rule_based,EVT-0142,2024-10-08,METABOLIC_GLP1_INJ,primary care,Northeast,345.1666666666667,,False,,,Northeast,,13,,,Jersey City,
1081051991,1308498975,rule_based,EVT-0142,2024-10-08,METABOLIC_GLP1_INJ,pulmonology,Southwest,88.0,86.83333333333333,True,1,pulmonology,Southwest,Southwest,15,15,1.3257575757575812,Fort Worth,Las Vegas
1124726435,,rule_based,EVT-0142,2024-10-08,METABOLIC_GLP1_INJ,primary care,Northeast,772.8333333333334,,False,,,Northeast,,14,,,Allentown,
1136500869,,rule_based,EVT-0142,2024-10-08,METABOLIC_GLP1_INJ,endocrinology,Southeast,74.5,,False,,,Southeast,,18,,,Arlington,
1139166684,,rule_based,EVT-0142,2024-10-08,METABOLIC_GLP1_INJ,pulmonology,Midwest,162.0,,False,,,Midwest,,5,,,Green Bay,
1179994367,1149313383,rule_based,EVT-0142,2024-10-08,METABOLIC_GLP1_INJ,pulmonology,Southeast,101.66666666666667,97.0,True,1,pulmonology,Southeast,Southeast,21,18,4.590163934426235,Durham,Savannah
1238983617,1526834563,rule_based,EVT-0142,2024-10-08,METABOLIC_GLP1_INJ,pulmonology,Southeast,188.0,187.0,True,1,pulmonology,Southeast,Southeast,13,15,0.5319148936170213,Memphis,Columbia
1271768685,,rule_based,EVT-0142,2024-10-08,METABOLIC_GLP1_INJ,primary care,Midwest,355.6666666666667,,False,,,Midwest,,8,,,St. Paul,
1287287258,,rule_based,EVT-0142,2024-10-08,METABOLIC_GLP1_INJ,primary care,Midwest,513.3333333333334,,False,,,Midwest,,9,,,Columbus,
1332369119,,rule_based,EVT-0142,2024-10-08,METABOLIC_GLP1_INJ,cardiology,Southeast,63.5,,False,,,Southeast,,9,,,Raleigh,
1456207657,,rule_based,EVT-0142,2024-10-08,METABOLIC_GLP1_INJ,primary care,Midwest,577.0,,False,,,Midwest,,10,,,Minneapolis,
1533003293,,rule_based,EVT-0142,2024-10-08,METABOLIC_GLP1_INJ,pulmonology,Midwest,151.83333333333334,,False,,,Midwest,,5,,,Green Bay,
1555906795,,rule_based,EVT-0142,2024-10-08,METABOLIC_GLP1_INJ,pulmonology,Midwest,399.5,,False,,,Midwest,,13,,,Green Bay,
1556860702,,rule_based,EVT-0142,2024-10-08,METABOLIC_GLP1_INJ,endocrinology,West,35.833333333333336,,False,,,West,,10,,,Colorado Springs,
1592123891,,rule_based,EVT-0142,2024-10-08,METABOLIC_GLP1_INJ,primary care,Northeast,176.16666666666666,,False,,,Northeast,,18,,,Allentown,
1688976343,,rule_based,EVT-0142,2024-10-08,METABOLIC_GLP1_INJ,pulmonology,Southeast,348.8333333333333,,False,,,Southeast,,14,,,Charlotte,
1704331150,1249126917,rule_based,EVT-0142,2024-10-08,METABOLIC_GLP1_INJ,endocrinology,West,257.3333333333333,258.5,True,1,endocrinology,West,West,11,10,0.45336787564767583,Denver,Eugene
1706991829,,rule_based,EVT-0142,2024-10-08,METABOLIC_GLP1_INJ,endocrinology,Midwest,89.16666666666667,,False,,,Midwest,,19,,,Milwaukee,
1779411515,,rule_based,EVT-0142,2024-10-08,METABOLIC_GLP1_INJ,endocrinology,Midwest,251.0,,False,,,Midwest,,11,,,Kansas City,
1815807585,,rule_based,EVT-0142,2024-10-08,METABOLIC_GLP1_INJ,primary care,Southeast,434.1666666666667,,False,,,Southeast,,13,,,Knoxville,
1832506087,,rule_based,EVT-0142,2024-10-08,METABOLIC_GLP1_INJ,primary care,Midwest,733.1666666666666,,False,,,Midwest,,14,,,Grand Rapids,
1848624494,1529045985,rule_based,EVT-0142,2024-10-08,METABOLIC_GLP1_INJ,primary care,Midwest,141.83333333333334,149.33333333333334,True,1,primary care,Midwest,Midwest,14,13,5.287896592244418,Kansas City,Chicago
1964945871,,rule_based,EVT-0142,2024-10-08,METABOLIC_GLP1_INJ,endocrinology,Northeast,215.83333333333334,,False,,,Northeast,,6,,,New Haven,
1993367014,,rule_based,EVT-0142,2024-10-08,METABOLIC_GLP1_INJ,pulmonology,Midwest,35.833333333333336,,False,,,Midwest,,9,,,Ann Arbor,
1050705288,,rule_based,EVT-0143,2024-10-09,CV_ANTICOAG_ORAL,endocrinology,Southeast,704.1666666666666,,False,,,Southeast,,21,,,Atlanta,
1094274762,,rule_based,EVT-0143,2024-10-09,CV_ANTICOAG_ORAL,primary care,West,136.5,,False,,,West,,4,,,Salt Lake City,
1180932224,1804484495,rule_based,EVT-0143,2024-10-09,CV_ANTICOAG_ORAL,primary care,Southeast,278.3333333333333,251.5,True,1,primary care,Southeast,Southeast,19,16,9.640718562874245,Savannah,Winston-Salem
1227780172,1219172859,rule_based,EVT-0143,2024-10-09,CV_ANTICOAG_ORAL,primary care,Southwest,244.33333333333334,262.0,True,1,primary care,Southwest,Southwest,11,13,7.230559345156886,Scottsdale,Austin
1263807582,,rule_based,EVT-0143,2024-10-09,CV_ANTICOAG_ORAL,primary care,Northeast,572.6666666666666,,False,,,Northeast,,7,,,Syracuse,
1274985831,,rule_based,EVT-0143,2024-10-09,CV_ANTICOAG_ORAL,rheumatology,Southwest,121.66666666666667,,False,,,Southwest,,5,,,Tucson,
1296624285,,rule_based,EVT-0143,2024-10-09,CV_ANTICOAG_ORAL,primary care,West,106.5,,False,,,West,,11,,,Sacramento,
1297280590,1511022174,rule_based,EVT-0143,2024-10-09,CV_ANTICOAG_ORAL,primary care,Midwest,208.33333333333334,221.83333333333334,True,1,primary care,Midwest,Midwest,14,15,6.4799999999999995,Springfield,Lansing
1311764207,1275443434,rule_based,EVT-0143,2024-10-09,CV_ANTICOAG_ORAL,primary care,Midwest,62.0,59.0,True,1,primary care,Midwest,Midwest,6,8,4.838709677419355,Cincinnati,South Bend
1355374483,,rule_based,EVT-0143,2024-10-09,CV_ANTICOAG_ORAL,primary care,West,269.8333333333333,,False,,,West,,3,,,Eugene,
1389159553,,rule_based,EVT-0143,2024-10-09,CV_ANTICOAG_ORAL,primary care,Southeast,196.5,,False,,,Southeast,,11,,,Macon,
1423152481,,rule_based,EVT-0143,2024-10-09,CV_ANTICOAG_ORAL,primary care,Southeast,492.6666666666667,,False,,,Southeast,,11,,,Chattanooga,
1456207657,,rule_based,EVT-0143,2024-10-09,CV_ANTICOAG_ORAL,primary care,Midwest,345.8333333333333,,False,,,Midwest,,10,,,Minneapolis,
1456299035,,rule_based,EVT-0143,2024-10-09,CV_ANTICOAG_ORAL,primary care,Southeast,202.5,,False,,,Southeast,,15,,,Mobile,
1536278926,1479078465,rule_based,EVT-0143,2024-10-09,CV_ANTICOAG_ORAL,primary care,West,123.83333333333333,132.83333333333334,True,1,primary care,West,West,13,12,7.267833109017509,Provo,Portland
1567742360,1138281740,rule_based,EVT-0143,2024-10-09,CV_ANTICOAG_ORAL,primary care,West,390.0,357.6666666666667,True,1,primary care,West,West,8,10,8.290598290598286,Provo,Provo
1599978586,,rule_based,EVT-0143,2024-10-09,CV_ANTICOAG_ORAL,cardiology,West,310.8333333333333,,False,,,West,,11,,,Salt Lake City,
1621199177,,rule_based,EVT-0143,2024-10-09,CV_ANTICOAG_ORAL,primary care,Southeast,338.3333333333333,,False,,,Southeast,,16,,,Gainesville,
1686880901,1101142523,rule_based,EVT-0143,2024-10-09,CV_ANTICOAG_ORAL,primary care,West,50.5,50.166666666666664,True,1,primary care,West,West,13,11,0.6600660066006647,Salt Lake City,San Francisco
1752727945,,rule_based,EVT-0143,2024-10-09,CV_ANTICOAG_ORAL,primary care,West,114.66666666666667,,False,,,West,,14,,,Los Angeles,
1806707737,1463019459,rule_based,EVT-0143,2024-10-09,CV_ANTICOAG_ORAL,primary care,West,151.16666666666666,142.0,True,1,primary care,West,West,9,9,6.063947078280038,Boulder,Seattle
1824172013,,rule_based,EVT-0143,2024-10-09,CV_ANTICOAG_ORAL,primary care,Midwest,364.0,,False,,,Midwest,,10,,,Grand Rapids,
1832506087,,rule_based,EVT-0143,2024-10-09,CV_ANTICOAG_ORAL,primary care,Midwest,623.3333333333334,,False,,,Midwest,,14,,,Grand Rapids,
1844747141,1873780039,rule_based,EVT-0143,2024-10-09,CV_ANTICOAG_ORAL,primary care,West,288.5,264.6666666666667,True,1,primary care,West,West,12,9,8.261120739456954,Colorado Springs,Provo
1896554999,,rule_based,EVT-0143,2024-10-09,CV_ANTICOAG_ORAL,primary care,West,545.8333333333334,,False,,,West,,14,,,Eugene,
1903798589,,rule_based,EVT-0143,2024-10-09,CV_ANTICOAG_ORAL,primary care,Southwest,285.8333333333333,,False,,,Southwest,,19,,,Austin,
1927430854,,rule_based,EVT-0143,2024-10-09,CV_ANTICOAG_ORAL,primary care,Southeast,418.3333333333333,,False,,,Southeast,,13,,,Richmond,
1937514325,,rule_based,EVT-0143,2024-10-09,CV_ANTICOAG_ORAL,primary care,West,285.5,,False,,,West,,15,,,Colorado Springs,
1955620046,,rule_based,EVT-0143,2024-10-09,CV_ANTICOAG_ORAL,primary care,Southeast,361.3333333333333,,False,,,Southeast,,8,,,Birmingham,
1964945871,,rule_based,EVT-0143,2024-10-09,CV_ANTICOAG_ORAL,endocrinology,Northeast,280.0,,False,,,Northeast,,6,,,New Haven,
1989798412,1412773438,rule_based,EVT-0143,2024-10-09,CV_ANTICOAG_ORAL,primary care,Southwest,522.1666666666666,541.5,True,1,primary care,Southwest,Southwest,13,12,3.702521544845204,Las Vegas,Tucson
1050705288,,rule_based,EVT-0144,2024-10-18,CV_ANTICOAG_ORAL,endocrinology,Southeast,704.1666666666666,,False,,,Southeast,,21,,,Atlanta,
1058647219,,rule_based,EVT-0144,2024-10-18,CV_ANTICOAG_ORAL,pulmonology,Northeast,260.3333333333333,,False,,,Northeast,,11,,,Albany,
1078096579,,rule_based,EVT-0144,2024-10-18,CV_ANTICOAG_ORAL,cardiology,Midwest,431.1666666666667,,False,,,Midwest,,13,,,Rochester,
1094274762,,rule_based,EVT-0144,2024-10-18,CV_ANTICOAG_ORAL,primary care,West,136.5,,False,,,West,,4,,,Salt Lake City,
1133130363,,rule_based,EVT-0144,2024-10-18,CV_ANTICOAG_ORAL,primary care,Northeast,224.0,,False,,,Northeast,,13,,,Hartford,
1139166684,,rule_based,EVT-0144,2024-10-18,CV_ANTICOAG_ORAL,pulmonology,Midwest,146.16666666666666,,False,,,Midwest,,5,,,Green Bay,
1190842652,,rule_based,EVT-0144,2024-10-18,CV_ANTICOAG_ORAL,primary care,Southwest,181.0,,False,,,Southwest,,10,,,Las Vegas,
1229022169,1423946593,rule_based,EVT-0144,2024-10-18,CV_ANTICOAG_ORAL,pulmonology,West,154.0,154.5,True,1,pulmonology,West,West,13,15,0.3246753246753247,Denver,Seattle
1250017203,,rule_based,EVT-0144,2024-10-18,CV_ANTICOAG_ORAL,pulmonology,Southeast,251.0,,False,,,Southeast,,22,,,Durham,
1250474354,,rule_based,EVT-0144,2024-10-18,CV_ANTICOAG_ORAL,pulmonology,Southeast,158.66666666666666,,False,,,Southeast,,16,,,Augusta,
1263807582,,rule_based,EVT-0144,2024-10-18,CV_ANTICOAG_ORAL,primary care,Northeast,572.6666666666666,,False,,,Northeast,,7,,,Syracuse,
1266945785,,rule_based,EVT-0144,2024-10-18,CV_ANTICOAG_ORAL,primary care,West,399.3333333333333,,False,,,West,,19,,,San Diego,
1309371148,1914644640,rule_based,EVT-0144,2024-10-18,CV_ANTICOAG_ORAL,neurology,Northeast,217.16666666666666,221.16666666666666,True,1,neurology,Northeast,Northeast,12,11,1.841903300076746,Syracuse,Worcester
1326905712,1705644676,rule_based,EVT-0144,2024-10-18,CV_ANTICOAG_ORAL,oncology,West,97.33333333333333,95.83333333333333,True,1,oncology,West,West,24,21,1.541095890410959,Denver,Provo
1341556789,,rule_based,EVT-0144,2024-10-18,CV_ANTICOAG_ORAL,cardiology,West,981.0,,False,,,West,,17,,,Seattle,
1393791409,,rule_based,EVT-0144,2024-10-18,CV_ANTICOAG_ORAL,rheumatology,Midwest,200.0,,False,,,Midwest,,25,,,Rockford,
1567742360,1138281740,rule_based,EVT-0144,2024-10-18,CV_ANTICOAG_ORAL,primary care,West,390.0,357.6666666666667,True,1,primary care,West,West,8,10,8.290598290598286,Provo,Provo
1599978586,,rule_based,EVT-0144,2024-10-18,CV_ANTICOAG_ORAL,cardiology,West,310.8333333333333,,False,,,West,,11,,,Salt Lake City,
1599989245,,rule_based,EVT-0144,2024-10-18,CV_ANTICOAG_ORAL,oncology,Northeast,92.5,,False,,,Northeast,,13,,,New York,
1647700669,1113190601,rule_based,EVT-0144,2024-10-18,CV_ANTICOAG_ORAL,pulmonology,West,35.5,32.0,True,1,pulmonology,West,West,6,6,9.859154929577464,Colorado Springs,Salt Lake City
1710163217,,rule_based,EVT-0144,2024-10-18,CV_ANTICOAG_ORAL,cardiology,Northeast,243.5,,False,,,Northeast,,11,,,Albany,
1749355669,1971035963,rule_based,EVT-0144,2024-10-18,CV_ANTICOAG_ORAL,neurology,West,170.5,183.66666666666666,True,1,neurology,West,West,8,6,7.722385141739975,Los Angeles,San Diego
1776723276,,rule_based,EVT-0144,2024-10-18,CV_ANTICOAG_ORAL,primary care,Midwest,157.5,,False,,,Midwest,,21,,,Rochester,
1924355757,,rule_based,EVT-0144,2024-10-18,CV_ANTICOAG_ORAL,primary care,Southwest,508.3333333333333,,False,,,Southwest,,7,,,Albuquerque,
1934763735,,rule_based,EVT-0144,2024-10-18,CV_ANTICOAG_ORAL,cardiology,Midwest,325.1666666666667,,False,,,Midwest,,7,,,Rockford,
1991291398,,rule_based,EVT-0144,2024-10-18,CV_ANTICOAG_ORAL,rheumatology,Southwest,590.5,,False,,,Southwest,,11,,,Austin,
1103232447,1925142923,rule_based,EVT-0145,2024-10-20,NEURO_MIGRAINE_CGRP,neurology,Southwest,234.16666666666666,218.83333333333334,True,1,neurology,Southwest,Southwest,11,8,6.548042704626327,Phoenix,Oklahoma City
1159841240,,rule_based,EVT-0145,2024-10-20,NEURO_MIGRAINE_CGRP,neurology,Southeast,735.6666666666666,,False,,,Southeast,,17,,,Charlotte,
1163199601,,rule_based,EVT-0145,2024-10-20,NEURO_MIGRAINE_CGRP,neurology,Southwest,249.33333333333334,,False,,,Southwest,,17,,,Oklahoma City,
1327009084,,rule_based,EVT-0145,2024-10-20,NEURO_MIGRAINE_CGRP,neurology,Southwest,281.8333333333333,,False,,,Southwest,,13,,,Scottsdale,
1467704312,1788421810,rule_based,EVT-0145,2024-10-20,NEURO_MIGRAINE_CGRP,neurology,Northeast,237.16666666666666,233.33333333333334,True,1,neurology,Northeast,Northeast,13,15,1.6163035839775044,Worcester,Springfield
1548035017,1901417067,rule_based,EVT-0145,2024-10-20,NEURO_MIGRAINE_CGRP,neurology,Northeast,71.66666666666667,69.33333333333333,True,1,neurology,Northeast,Northeast,12,13,3.2558139534883854,Stamford,Springfield
1592062677,,rule_based,EVT-0145,2024-10-20,NEURO_MIGRAINE_CGRP,neurology,Southeast,517.6666666666666,,False,,,Southeast,,9,,,Nashville,
1616418756,,rule_based,EVT-0145,2024-10-20,NEURO_MIGRAINE_CGRP,neurology,Northeast,214.16666666666666,,False,,,Northeast,,8,,,Worcester,
1635476009,,rule_based,EVT-0145,2024-10-20,NEURO_MIGRAINE_CGRP,neurology,Northeast,275.5,,False,,,Northeast,,18,,,Hartford,
1728890785,1838809964,rule_based,EVT-0145,2024-10-20,NEURO_MIGRAINE_CGRP,neurology,Southeast,201.0,202.0,True,1,neurology,Southeast,Southeast,10,8,0.4975124378109453,Charlottesville,Greenville
1980975555,1914644640,rule_based,EVT-0145,2024-10-20,NEURO_MIGRAINE_CGRP,neurology,Northeast,252.33333333333334,251.33333333333334,True,1,neurology,Northeast,Northeast,10,11,0.3963011889035667,Bangor,Worcester
1180932224,1804484495,rule_based,EVT-0146,2024-10-22,CV_ANTICOAG_ORAL,primary care,Southeast,278.3333333333333,251.5,True,1,primary care,Southeast,Southeast,19,16,9.640718562874245,Savannah,Winston-Salem
1031907094,,rule_based,EVT-0146,2024-10-22,CV_ANTICOAG_ORAL,rheumatology,West,211.66666666666666,,False,,,West,,7,,,Salt Lake City,
1159841240,,rule_based,EVT-0146,2024-10-22,CV_ANTICOAG_ORAL,neurology,Southeast,663.6666666666666,,False,,,Southeast,,17,,,Charlotte,
1204959187,1352578078,rule_based,EVT-0146,2024-10-22,CV_ANTICOAG_ORAL,pulmonology,Southeast,176.5,177.66666666666666,True,1,pulmonology,Southeast,Southeast,11,14,0.6610009442870579,Macon,Huntsville
1209464480,1338304433,rule_based,EVT-0146,2024-10-22,CV_ANTICOAG_ORAL,oncology,Southeast,171.33333333333334,166.0,True,1,oncology,Southeast,Southeast,16,14,3.1128404669260754,Durham,Columbia
1326516303,,rule_based,EVT-0146,2024-10-22,CV_ANTICOAG_ORAL,oncology,Southwest,447.6666666666667,,False,,,Southwest,,12,,,Phoenix,
1328056928,,rule_based,EVT-0146,2024-10-22,CV_ANTICOAG_ORAL,oncology,Northeast,89.0,,False,,,Northeast,,7,,,Bangor,
1394609428,,rule_based,EVT-0146,2024-10-22,CV_ANTICOAG_ORAL,endocrinology,Southwest,560.8333333333334,,False,,,Southwest,,4,,,Reno,
1394982015,,rule_based,EVT-0146,2024-10-22,CV_ANTICOAG_ORAL,oncology,Southeast,28.666666666666668,,False,,,Southeast,,7,,,Birmingham,
1413519731,,rule_based,EVT-0146,2024-10-22,CV_ANTICOAG_ORAL,primary care,Southwest,848.3333333333334,,False,,,Southwest,,13,,,Austin,
1480599715,,rule_based,EVT-0146,2024-10-22,CV_ANTICOAG_ORAL,oncology,Midwest,62.0,,False,,,Midwest,,12,,,Toledo,
1494868502,,rule_based,EVT-0146,2024-10-22,CV_ANTICOAG_ORAL,cardiology,Southeast,95.16666666666667,,False,,,Southeast,,7,,,Huntsville,
1535436392,,rule_based,EVT-0146,2024-10-22,CV_ANTICOAG_ORAL,oncology,Northeast,22.0,,False,,,Northeast,,2,,,Cambridge,
1567742360,1138281740,rule_based,EVT-0146,2024-10-22,CV_ANTICOAG_ORAL,primary care,West,390.0,357.6666666666667,True,1,primary care,West,West,8,10,8.290598290598286,Provo,Provo
1644815767,,rule_based,EVT-0146,2024-10-22,CV_ANTICOAG_ORAL,primary care,West,281.6666666666667,,False,,,West,,16,,,Tacoma,
1704308638,,rule_based,EVT-0146,2024-10-22,CV_ANTICOAG_ORAL,pulmonology,Southeast,169.16666666666666,,False,,,Southeast,,15,,,Arlington,
1809220084,,rule_based,EVT-0146,2024-10-22,CV_ANTICOAG_ORAL,pulmonology,West,98.83333333333333,,False,,,West,,9,,,Los Angeles,
1824172013,,rule_based,EVT-0146,2024-10-22,CV_ANTICOAG_ORAL,primary care,Midwest,364.0,,False,,,Midwest,,10,,,Grand Rapids,
1927430854,,rule_based,EVT-0146,2024-10-22,CV_ANTICOAG_ORAL,primary care,Southeast,418.3333333333333,,False,,,Southeast,,13,,,Richmond,
1955620046,,rule_based,EVT-0146,2024-10-22,CV_ANTICOAG_ORAL,primary care,Southeast,361.3333333333333,,False,,,Southeast,,8,,,Birmingham,
1009179924,,rule_based,EVT-0147,2024-10-31,CV_ANTICOAG_ORAL,cardiology,West,311.5,,False,,,West,,10,,,Los Angeles,
1025231352,,rule_based,EVT-0147,2024-10-31,CV_ANTICOAG_ORAL,rheumatology,Northeast,249.0,,False,,,Northeast,,6,,,Syracuse,
1048976678,,rule_based,EVT-0147,2024-10-31,CV_ANTICOAG_ORAL,primary care,Southeast,298.1666666666667,,False,,,Southeast,,18,,,Orlando,
1050705288,,rule_based,EVT-0147,2024-10-31,CV_ANTICOAG_ORAL,endocrinology,Southeast,704.1666666666666,,False,,,Southeast,,21,,,Atlanta,
1078096579,,rule_based,EVT-0147,2024-10-31,CV_ANTICOAG_ORAL,cardiology,Midwest,431.1666666666667,,False,,,Midwest,,13,,,Rochester,
1080672524,1773180629,rule_based,EVT-0147,2024-10-31,CV_ANTICOAG_ORAL,primary care,Southeast,328.3333333333333,305.0,True,1,primary care,Southeast,Southeast,10,7,7.106598984771568,Memphis,Charleston
1107378550,1275177768,rule_based,EVT-0147,2024-10-31,CV_ANTICOAG_ORAL,cardiology,Southeast,69.83333333333333,63.666666666666664,True,1,cardiology,Southeast,Southeast,14,11,8.830548926014318,Charleston,Arlington
1120080837,,rule_based,EVT-0147,2024-10-31,CV_ANTICOAG_ORAL,cardiology,Northeast,196.83333333333334,,False,,,Northeast,,16,,,Hartford,
1202669523,,rule_based,EVT-0147,2024-10-31,CV_ANTICOAG_ORAL,cardiology,Midwest,359.1666666666667,,False,,,Midwest,,15,,,Fort Wayne,
1265952337,1897723296,rule_based,EVT-0147,2024-10-31,CV_ANTICOAG_ORAL,cardiology,Northeast,172.83333333333334,163.0,True,1,cardiology,Northeast,Northeast,22,19,5.6894889103182305,Syracuse,Portland
1299418347,1331020234,rule_based,EVT-0147,2024-10-31,CV_ANTICOAG_ORAL,cardiology,Northeast,113.83333333333333,121.66666666666667,True,1,cardiology,Northeast,Northeast,18,19,6.881405563689613,Springfield,Syracuse
1332369119,1451721462,rule_based,EVT-0147,2024-10-31,CV_ANTICOAG_ORAL,cardiology,Southeast,226.66666666666666,228.66666666666666,True,1,cardiology,Southeast,Southeast,9,7,0.8823529411764706,Raleigh,Charlottesville
1355374483,,rule_based,EVT-0147,2024-10-31,CV_ANTICOAG_ORAL,primary care,West,269.8333333333333,,False,,,West,,3,,,Eugene,
1368009035,,rule_based,EVT-0147,2024-10-31,CV_ANTICOAG_ORAL,cardiology,Northeast,198.5,,False,,,Northeast,,7,,,Philadelphia,
1377426493,1138281740,rule_based,EVT-0147,2024-10-31,CV_ANTICOAG_ORAL,primary care,West,336.1666666666667,357.6666666666667,True,1,primary care,West,West,13,10,6.395637084779375,Portland,Provo
1389574017,,rule_based,EVT-0147,2024-10-31,CV_ANTICOAG_ORAL,pulmonology,Southwest,288.0,,False,,,Southwest,,8,,,Scottsdale,
1433980129,,rule_based,EVT-0147,2024-10-31,CV_ANTICOAG_ORAL,pulmonology,Northeast,72.83333333333333,,False,,,Northeast,,4,,,Hershey,
1444774099,,rule_based,EVT-0147,2024-10-31,CV_ANTICOAG_ORAL,cardiology,West,95.66666666666667,,False,,,West,,27,,,Salt Lake City,
1478412079,,rule_based,EVT-0147,2024-10-31,CV_ANTICOAG_ORAL,cardiology,Midwest,214.5,,False,,,Midwest,,18,,,Chicago,
1512844550,,rule_based,EVT-0147,2024-10-31,CV_ANTICOAG_ORAL,neurology,Southwest,155.16666666666666,,False,,,Southwest,,15,,,Tulsa,
1516074709,,rule_based,EVT-0147,2024-10-31,CV_ANTICOAG_ORAL,cardiology,Southwest,250.5,,False,,,Southwest,,20,,,Phoenix,
1526669415,1219172859,rule_based,EVT-0147,2024-10-31,CV_ANTICOAG_ORAL,primary care,Southwest,245.0,262.0,True,1,primary care,Southwest,Southwest,15,13,6.938775510204081,Tucson,Austin
1610177150,,rule_based,EVT-0147,2024-10-31,CV_ANTICOAG_ORAL,cardiology,Southeast,426.1666666666667,,False,,,Southeast,,19,,,Mobile,
1647196991,,rule_based,EVT-0147,2024-10-31,CV_ANTICOAG_ORAL,rheumatology,Southeast,83.66666666666667,,False,,,Southeast,,8,,,Richmond,
1648553570,,rule_based,EVT-0147,2024-10-31,CV_ANTICOAG_ORAL,cardiology,Southwest,785.1666666666666,,False,,,Southwest,,11,,,Houston,
1670701188,,rule_based,EVT-0147,2024-10-31,CV_ANTICOAG_ORAL,cardiology,Southeast,350.3333333333333,,False,,,Southeast,,7,,,Chattanooga,
1722898792,,rule_based,EVT-0147,2024-10-31,CV_ANTICOAG_ORAL,cardiology,Southeast,174.33333333333334,,False,,,Southeast,,19,,,Charlottesville,
1738903891,,rule_based,EVT-0147,2024-10-31,CV_ANTICOAG_ORAL,endocrinology,Southeast,650.6666666666666,,False,,,Southeast,,18,,,Charlotte,
1760628762,,rule_based,EVT-0147,2024-10-31,CV_ANTICOAG_ORAL,cardiology,Southwest,97.33333333333333,,False,,,Southwest,,13,,,Oklahoma City,
1768225918,,rule_based,EVT-0147,2024-10-31,CV_ANTICOAG_ORAL,endocrinology,Midwest,216.16666666666666,,False,,,Midwest,,9,,,South Bend,
1812815243,,rule_based,EVT-0147,2024-10-31,CV_ANTICOAG_ORAL,primary care,Midwest,286.3333333333333,,False,,,Midwest,,7,,,Milwaukee,
1814938340,,rule_based,EVT-0147,2024-10-31,CV_ANTICOAG_ORAL,cardiology,Southeast,145.83333333333334,,False,,,Southeast,,13,,,Huntsville,
1815807585,1804484495,rule_based,EVT-0147,2024-10-31,CV_ANTICOAG_ORAL,primary care,Southeast,241.5,251.5,True,1,primary care,Southeast,Southeast,13,16,4.140786749482402,Knoxville,Winston-Salem
1832506087,,rule_based,EVT-0147,2024-10-31,CV_ANTICOAG_ORAL,primary care,Midwest,623.3333333333334,,False,,,Midwest,,14,,,Grand Rapids,
1836939912,,rule_based,EVT-0147,2024-10-31,CV_ANTICOAG_ORAL,neurology,Southeast,77.83333333333333,,False,,,Southeast,,6,,,Savannah,
1903798589,,rule_based,EVT-0147,2024-10-31,CV_ANTICOAG_ORAL,primary care,Southwest,285.8333333333333,,False,,,Southwest,,19,,,Austin,
1921646299,1618352078,rule_based,EVT-0147,2024-10-31,CV_ANTICOAG_ORAL,neurology,Southwest,186.5,194.83333333333334,True,1,neurology,Southwest,Southwest,9,11,4.468275245755144,Oklahoma City,Austin
1965727443,,rule_based,EVT-0147,2024-10-31,CV_ANTICOAG_ORAL,primary care,West,256.8333333333333,,False,,,West,,35,,,Denver,
1025231352,,rule_based,EVT-0148,2024-11-06,RHEUM_JAK_ORAL,rheumatology,Northeast,347.5,,False,,,Northeast,,6,,,Syracuse,
1040239976,,rule_based,EVT-0148,2024-11-06,RHEUM_JAK_ORAL,rheumatology,Northeast,436.3333333333333,,False,,,Northeast,,24,,,New York,
1196400158,,rule_based,EVT-0148,2024-11-06,RHEUM_JAK_ORAL,rheumatology,Southeast,260.5,,False,,,Southeast,,18,,,Greenville,
1199976907,,rule_based,EVT-0148,2024-11-06,RHEUM_JAK_ORAL,rheumatology,Northeast,269.6666666666667,,False,,,Northeast,,15,,,Albany,
1246066447,,rule_based,EVT-0148,2024-11-06,RHEUM_JAK_ORAL,rheumatology,Southwest,570.5,,False,,,Southwest,,28,,,Mesa,
1520551320,,rule_based,EVT-0148,2024-11-06,RHEUM_JAK_ORAL,rheumatology,Northeast,185.33333333333334,,False,,,Northeast,,13,,,Syracuse,
1598661571,1775551348,rule_based,EVT-0148,2024-11-06,RHEUM_JAK_ORAL,rheumatology,Northeast,492.3333333333333,451.3333333333333,True,1,rheumatology,Northeast,Northeast,10,11,8.327691266079892,Stamford,Newark
1638368260,1038582841,rule_based,EVT-0148,2024-11-06,RHEUM_JAK_ORAL,rheumatology,West,140.83333333333334,127.83333333333333,True,1,rheumatology,West,West,13,13,9.230769230769239,Seattle,Salt Lake City
1688735228,,rule_based,EVT-0148,2024-11-06,RHEUM_JAK_ORAL,rheumatology,Northeast,154.83333333333334,,False,,,Northeast,,23,,,Camden,
1690348028,,rule_based,EVT-0148,2024-11-06,RHEUM_JAK_ORAL,rheumatology,Midwest,271.8333333333333,,False,,,Midwest,,39,,,Fort Wayne,
1808310134,,rule_based,EVT-0148,2024-11-06,RHEUM_JAK_ORAL,rheumatology,Southwest,391.6666666666667,,False,,,Southwest,,12,,,Santa Fe,
1847082322,,rule_based,EVT-0148,2024-11-06,RHEUM_JAK_ORAL,rheumatology,Northeast,291.5,,False,,,Northeast,,16,,,Boston,
1080672524,1773180629,rule_based,EVT-0149,2024-11-07,CV_ANTICOAG_ORAL,primary care,Southeast,341.5,308.1666666666667,True,1,primary care,Southeast,Southeast,10,7,9.760858955588086,Memphis,Charleston
1098995024,,rule_based,EVT-0149,2024-11-07,CV_ANTICOAG_ORAL,primary care,Northeast,333.5,,False,,,Northeast,,6,,,Pittsburgh,
1107378550,,rule_based,EVT-0149,2024-11-07,CV_ANTICOAG_ORAL,cardiology,Southeast,71.5,,False,,,Southeast,,14,,,Charleston,
1120080837,,rule_based,EVT-0149,2024-11-07,CV_ANTICOAG_ORAL,cardiology,Northeast,202.83333333333334,,False,,,Northeast,,16,,,Hartford,
1124726435,,rule_based,EVT-0149,2024-11-07,CV_ANTICOAG_ORAL,primary care,Northeast,697.0,,False,,,Northeast,,14,,,Allentown,
1163199601,,rule_based,EVT-0149,2024-11-07,CV_ANTICOAG_ORAL,neurology,Southwest,150.16666666666666,,False,,,Southwest,,17,,,Oklahoma City,
1189769080,,rule_based,EVT-0149,2024-11-07,CV_ANTICOAG_ORAL,primary care,Northeast,353.3333333333333,,False,,,Northeast,,11,,,Stamford,
1219516501,,rule_based,EVT-0149,2024-11-07,CV_ANTICOAG_ORAL,endocrinology,Midwest,420.3333333333333,,False,,,Midwest,,7,,,Madison,
1264333323,,rule_based,EVT-0149,2024-11-07,CV_ANTICOAG_ORAL,primary care,Northeast,381.1666666666667,,False,,,Northeast,,12,,,New York,
1265952337,1897723296,rule_based,EVT-0149,2024-11-07,CV_ANTICOAG_ORAL,cardiology,Northeast,165.83333333333334,168.16666666666666,True,1,cardiology,Northeast,Northeast,22,19,1.4070351758793853,Syracuse,Portland
1273912869,,rule_based,EVT-0149,2024-11-07,CV_ANTICOAG_ORAL,rheumatology,Northeast,158.0,,False,,,Northeast,,16,,,Stamford,
1299418347,1331020234,rule_based,EVT-0149,2024-11-07,CV_ANTICOAG_ORAL,cardiology,Northeast,118.5,129.5,True,1,cardiology,Northeast,Northeast,18,19,9.282700421940929,Springfield,Syracuse
1310164813,1295857761,rule_based,EVT-0149,2024-11-07,CV_ANTICOAG_ORAL,primary care,Southeast,76.16666666666667,70.16666666666667,True,1,primary care,Southeast,Southeast,5,4,7.877461706783369,Miami,Savannah
1326516303,,rule_based,EVT-0149,2024-11-07,CV_ANTICOAG_ORAL,oncology,Southwest,468.3333333333333,,False,,,Southwest,,12,,,Phoenix,
1328056928,,rule_based,EVT-0149,2024-11-07,CV_ANTICOAG_ORAL,oncology,Northeast,86.66666666666667,,False,,,Northeast,,7,,,Bangor,
1332369119,1451721462,rule_based,EVT-0149,2024-11-07,CV_ANTICOAG_ORAL,cardiology,Southeast,231.0,235.83333333333334,True,1,cardiology,Southeast,Southeast,9,7,2.0923520923520966,Raleigh,Charlottesville
1433980129,,rule_based,EVT-0149,2024-11-07,CV_ANTICOAG_ORAL,pulmonology,Northeast,71.16666666666667,,False,,,Northeast,,4,,,Hershey,
1449048093,,rule_based,EVT-0149,2024-11-07,CV_ANTICOAG_ORAL,endocrinology,Northeast,127.0,,False,,,Northeast,,8,,,Rochester,
1475115246,,rule_based,EVT-0149,2024-11-07,CV_ANTICOAG_ORAL,cardiology,Southeast,192.33333333333334,,False,,,Southeast,,17,,,Macon,
1516074709,,rule_based,EVT-0149,2024-11-07,CV_ANTICOAG_ORAL,cardiology,Southwest,244.16666666666666,,False,,,Southwest,,20,,,Phoenix,
1520551320,,rule_based,EVT-0149,2024-11-07,CV_ANTICOAG_ORAL,rheumatology,Northeast,227.33333333333334,,False,,,Northeast,,13,,,Syracuse,
1546151204,1877046932,rule_based,EVT-0149,2024-11-07,CV_ANTICOAG_ORAL,primary care,Northeast,145.33333333333334,144.66666666666666,True,1,primary care,Northeast,Northeast,13,16,0.45871559633028824,Newark,Boston
1598661571,,rule_based,EVT-0149,2024-11-07,CV_ANTICOAG_ORAL,rheumatology,Northeast,227.66666666666666,,False,,,Northeast,,10,,,Stamford,
1610177150,,rule_based,EVT-0149,2024-11-07,CV_ANTICOAG_ORAL,cardiology,Southeast,426.3333333333333,,False,,,Southeast,,19,,,Mobile,
1621842156,,rule_based,EVT-0149,2024-11-07,CV_ANTICOAG_ORAL,oncology,Northeast,105.83333333333333,,False,,,Northeast,,28,,,Hershey,
1683943777,,rule_based,EVT-0149,2024-11-07,CV_ANTICOAG_ORAL,cardiology,West,180.33333333333334,,False,,,West,,8,,,Provo,
1710163217,,rule_based,EVT-0149,2024-11-07,CV_ANTICOAG_ORAL,cardiology,Northeast,241.16666666666666,,False,,,Northeast,,11,,,Albany,
1713444978,,rule_based,EVT-0149,2024-11-07,CV_ANTICOAG_ORAL,endocrinology,Midwest,791.0,,False,,,Midwest,,11,,,Peoria,
1714986282,1185877283,rule_based,EVT-0149,2024-11-07,CV_ANTICOAG_ORAL,cardiology,West,181.66666666666666,198.16666666666666,True,1,cardiology,West,West,10,10,9.08256880733945,Tacoma,Portland
1724092733,,rule_based,EVT-0149,2024-11-07,CV_ANTICOAG_ORAL,cardiology,Northeast,287.6666666666667,,False,,,Northeast,,5,,,Pittsburgh,
1725623817,1812123887,rule_based,EVT-0149,2024-11-07,CV_ANTICOAG_ORAL,primary care,Southwest,355.0,336.6666666666667,True,1,primary care,Southwest,Southwest,9,9,5.164319248826286,Las Vegas,Tucson
1725724532,,rule_based,EVT-0149,2024-11-07,CV_ANTICOAG_ORAL,primary care,Northeast,717.3333333333334,,False,,,Northeast,,32,,,Boston,
1768225918,,rule_based,EVT-0149,2024-11-07,CV_ANTICOAG_ORAL,endocrinology,Midwest,216.83333333333334,,False,,,Midwest,,9,,,South Bend,
1793685516,,rule_based,EVT-0149,2024-11-07,CV_ANTICOAG_ORAL,cardiology,Southeast,274.0,,False,,,Southeast,,16,,,Birmingham,
1824172013,,rule_based,EVT-0149,2024-11-07,CV_ANTICOAG_ORAL,primary care,Midwest,385.8333333333333,,False,,,Midwest,,10,,,Grand Rapids,
1847082322,,rule_based,EVT-0149,2024-11-07,CV_ANTICOAG_ORAL,rheumatology,Northeast,105.16666666666667,,False,,,Northeast,,16,,,Boston,
1854852153,1308498975,rule_based,EVT-0149,2024-11-07,CV_ANTICOAG_ORAL,pulmonology,Southwest,154.16666666666666,167.33333333333334,True,1,pulmonology,Southwest,Southwest,17,15,8.540540540540553,Houston,Las Vegas
1880717263,,rule_based,EVT-0149,2024-11-07,CV_ANTICOAG_ORAL,pulmonology,Northeast,171.33333333333334,,False,,,Northeast,,12,,,Portland,
1885387740,,rule_based,EVT-0149,2024-11-07,CV_ANTICOAG_ORAL,endocrinology,Northeast,347.3333333333333,,False,,,Northeast,,38,,,Syracuse,
1903121188,1573445784,rule_based,EVT-0149,2024-11-07,CV_ANTICOAG_ORAL,pulmonology,Northeast,101.83333333333333,99.0,True,1,pulmonology,Northeast,Northeast,18,16,2.7823240589197993,Philadelphia,Springfield
1944079924,,rule_based,EVT-0149,2024-11-07,CV_ANTICOAG_ORAL,rheumatology,Southeast,503.1666666666667,,False,,,Southeast,,14,,,Columbia,
1038444141,1987092370,rule_based,EVT-0150,2024-11-08,ONC_TARGETED_ORAL,oncology,Southeast,255.16666666666666,254.83333333333334,True,1,oncology,Southeast,Southeast,11,14,0.13063357282820945,Durham,Nashville
1209464480,1338304433,rule_based,EVT-0150,2024-11-08,ONC_TARGETED_ORAL,oncology,Southeast,520.3333333333334,508.0,True,1,oncology,Southeast,Southeast,16,14,2.370275464445875,Durham,Columbia
1292975558,,rule_based,EVT-0150,2024-11-08,ONC_TARGETED_ORAL,oncology,Northeast,871.5,,False,,,Northeast,,2,,,Stamford,
1328056928,,rule_based,EVT-0150,2024-11-08,ONC_TARGETED_ORAL,oncology,Northeast,306.3333333333333,,False,,,Northeast,,7,,,Bangor,
1358245029,1943531446,rule_based,EVT-0150,2024-11-08,ONC_TARGETED_ORAL,oncology,Midwest,186.5,193.5,True,1,oncology,Midwest,Midwest,17,17,3.753351206434316,South Bend,Indianapolis
1659738110,,rule_based,EVT-0150,2024-11-08,ONC_TARGETED_ORAL,oncology,Northeast,119.66666666666667,,False,,,Northeast,,10,,,Bangor,
1025231352,,rule_based,EVT-0151,2024-11-14,RHEUM_JAK_ORAL,rheumatology,Northeast,347.5,,False,,,Northeast,,6,,,Syracuse,
1199976907,,rule_based,EVT-0151,2024-11-14,RHEUM_JAK_ORAL,rheumatology,Northeast,269.6666666666667,,False,,,Northeast,,15,,,Albany,
1520551320,,rule_based,EVT-0151,2024-11-14,RHEUM_JAK_ORAL,rheumatology,Northeast,185.33333333333334,,False,,,Northeast,,13,,,Syracuse,
1524065749,1282327174,rule_based,EVT-0151,2024-11-14,RHEUM_JAK_ORAL,rheumatology,Northeast,512.8333333333334,523.8333333333334,True,1,rheumatology,Northeast,Northeast,16,18,2.144946376340591,Worcester,Newark
1590337907,,rule_based,EVT-0151,2024-11-14,RHEUM_JAK_ORAL,rheumatology,Northeast,667.6666666666666,,False,,,Northeast,,9,,,Worcester,
1595774286,,rule_based,EVT-0151,2024-11-14,RHEUM_JAK_ORAL,rheumatology,Midwest,613.3333333333334,,False,,,Midwest,,13,,,Peoria,
1598661571,1775551348,rule_based,EVT-0151,2024-11-14,RHEUM_JAK_ORAL,rheumatology,Northeast,492.3333333333333,451.3333333333333,True,1,rheumatology,Northeast,Northeast,10,11,8.327691266079892,Stamford,Newark
1688735228,,rule_based,EVT-0151,2024-11-14,RHEUM_JAK_ORAL,rheumatology,Northeast,154.83333333333334,,False,,,Northeast,,23,,,Camden,
1768831921,1418704015,rule_based,EVT-0151,2024-11-14,RHEUM_JAK_ORAL,rheumatology,Northeast,230.5,231.66666666666666,True,1,rheumatology,Northeast,Northeast,11,11,0.5061460592913914,Rochester,Springfield
1847082322,,rule_based,EVT-0151,2024-11-14,RHEUM_JAK_ORAL,rheumatology,Northeast,291.5,,False,,,Northeast,,16,,,Boston,
1892307210,,rule_based,EVT-0151,2024-11-14,RHEUM_JAK_ORAL,rheumatology,Northeast,239.66666666666666,,False,,,Northeast,,17,,,Bangor,
1015191335,,rule_based,EVT-0152,2024-11-20,CV_ANTICOAG_ORAL,cardiology,Northeast,88.83333333333333,,False,,,Northeast,,17,,,Camden,
1025231352,,rule_based,EVT-0152,2024-11-20,CV_ANTICOAG_ORAL,rheumatology,Northeast,234.83333333333334,,False,,,Northeast,,6,,,Syracuse,
1044303869,,rule_based,EVT-0152,2024-11-20,CV_ANTICOAG_ORAL,oncology,Northeast,96.0,,False,,,Northeast,,16,,,Allentown,
1058647219,1697855363,rule_based,EVT-0152,2024-11-20,CV_ANTICOAG_ORAL,pulmonology,Northeast,270.1666666666667,245.83333333333334,True,1,pulmonology,Northeast,Northeast,11,14,9.006785934608269,Albany,Hershey
1144669185,,rule_based,EVT-0152,2024-11-20,CV_ANTICOAG_ORAL,primary care,Northeast,863.6666666666666,,False,,,Northeast,,16,,,Allentown,
1204787067,1874547676,rule_based,EVT-0152,2024-11-20,CV_ANTICOAG_ORAL,neurology,Northeast,69.83333333333333,71.66666666666667,True,1,neurology,Northeast,Northeast,13,12,2.6252983293556227,Buffalo,Camden
1213511599,,rule_based,EVT-0152,2024-11-20,CV_ANTICOAG_ORAL,primary care,Northeast,1096.6666666666667,,False,,,Northeast,,30,,,Bangor,
1225504491,,rule_based,EVT-0152,2024-11-20,CV_ANTICOAG_ORAL,endocrinology,Midwest,70.0,,False,,,Midwest,,14,,,Madison,
1237205202,1736538384,rule_based,EVT-0152,2024-11-20,CV_ANTICOAG_ORAL,endocrinology,Northeast,86.83333333333333,92.5,True,1,endocrinology,Northeast,Northeast,13,14,6.525911708253365,Buffalo,Allentown
1243754490,,rule_based,EVT-0152,2024-11-20,CV_ANTICOAG_ORAL,neurology,Northeast,396.5,,False,,,Northeast,,6,,,Springfield,
1263807582,,rule_based,EVT-0152,2024-11-20,CV_ANTICOAG_ORAL,primary care,Northeast,575.5,,False,,,Northeast,,7,,,Syracuse,
1280087226,,rule_based,EVT-0152,2024-11-20,CV_ANTICOAG_ORAL,primary care,Northeast,473.6666666666667,,False,,,Northeast,,10,,,Rochester,
1299418347,1331020234,rule_based,EVT-0152,2024-11-20,CV_ANTICOAG_ORAL,cardiology,Northeast,118.5,129.5,True,1,cardiology,Northeast,Northeast,18,19,9.282700421940929,Springfield,Syracuse
1385532449,,rule_based,EVT-0152,2024-11-20,CV_ANTICOAG_ORAL,primary care,Southeast,214.16666666666666,,False,,,Southeast,,6,,,Atlanta,
1418997171,,rule_based,EVT-0152,2024-11-20,CV_ANTICOAG_ORAL,primary care,Northeast,323.0,,False,,,Northeast,,18,,,Jersey City,
1425340662,1566276774,rule_based,EVT-0152,2024-11-20,CV_ANTICOAG_ORAL,primary care,Southwest,474.0,443.6666666666667,True,1,primary care,Southwest,Southwest,17,20,6.3994374120956365,Austin,Reno
1443551811,,rule_based,EVT-0152,2024-11-20,CV_ANTICOAG_ORAL,neurology,Southwest,93.83333333333333,,False,,,Southwest,,10,,,Albuquerque,
1467704312,,rule_based,EVT-0152,2024-11-20,CV_ANTICOAG_ORAL,neurology,Northeast,366.1666666666667,,False,,,Northeast,,13,,,Worcester,
1486877065,1788421810,rule_based,EVT-0152,2024-11-20,CV_ANTICOAG_ORAL,neurology,Northeast,169.5,180.66666666666666,True,1,neurology,Northeast,Northeast,12,15,6.5880039331366715,Portland,Springfield
1533003293,,rule_based,EVT-0152,2024-11-20,CV_ANTICOAG_ORAL,pulmonology,Midwest,477.6666666666667,,False,,,Midwest,,5,,,Green Bay,
1555906795,,rule_based,EVT-0152,2024-11-20,CV_ANTICOAG_ORAL,pulmonology,Midwest,257.8333333333333,,False,,,Midwest,,13,,,Green Bay,
1567993435,,rule_based,EVT-0152,2024-11-20,CV_ANTICOAG_ORAL,neurology,Northeast,65.83333333333333,,False,,,Northeast,,9,,,Buffalo,
1592062677,1026926489,rule_based,EVT-0152,2024-11-20,CV_ANTICOAG_ORAL,neurology,Southeast,273.8333333333333,273.6666666666667,True,1,neurology,Southeast,Southeast,9,9,0.06086427267192774,Nashville,Tampa
1598661571,,rule_based,EVT-0152,2024-11-20,CV_ANTICOAG_ORAL,rheumatology,Northeast,227.66666666666666,,False,,,Northeast,,10,,,Stamford,
1599989245,,rule_based,EVT-0152,2024-11-20,CV_ANTICOAG_ORAL,oncology,Northeast,94.16666666666667,,False,,,Northeast,,13,,,New York,
1616418756,,rule_based,EVT-0152,2024-11-20,CV_ANTICOAG_ORAL,neurology,Northeast,255.5,,False,,,Northeast,,8,,,Worcester,
1645233598,1025978341,rule_based,EVT-0152,2024-11-20,CV_ANTICOAG_ORAL,endocrinology,Northeast,573.5,572.0,True,1,endocrinology,Northeast,Northeast,10,12,0.26155187445510025,Boston,Hartford
1647196991,,rule_based,EVT-0152,2024-11-20,CV_ANTICOAG_ORAL,rheumatology,Southeast,82.16666666666667,,False,,,Southeast,,8,,,Richmond,
1655321622,,rule_based,EVT-0152,2024-11-20,CV_ANTICOAG_ORAL,cardiology,Northeast,116.5,,False,,,Northeast,,19,,,Worcester,
1666389063,,rule_based,EVT-0152,2024-11-20,CV_ANTICOAG_ORAL,endocrinology,Midwest,108.66666666666667,,False,,,Midwest,,17,,,Indianapolis,
1689916181,,rule_based,EVT-0152,2024-11-20,CV_ANTICOAG_ORAL,primary care,Northeast,232.5,,False,,,Northeast,,6,,,Bangor,
1706991829,,rule_based,EVT-0152,2024-11-20,CV_ANTICOAG_ORAL,endocrinology,Midwest,309.6666666666667,,False,,,Midwest,,19,,,Milwaukee,
1774691384,,rule_based,EVT-0152,2024-11-20,CV_ANTICOAG_ORAL,neurology,Northeast,64.33333333333333,,False,,,Northeast,,12,,,Bangor,
1787619711,,rule_based,EVT-0152,2024-11-20,CV_ANTICOAG_ORAL,cardiology,Midwest,528.5,,False,,,Midwest,,13,,,St. Paul,
1832506087,,rule_based,EVT-0152,2024-11-20,CV_ANTICOAG_ORAL,primary care,Midwest,649.1666666666666,,False,,,Midwest,,14,,,Grand Rapids,
1885189138,,rule_based,EVT-0152,2024-11-20,CV_ANTICOAG_ORAL,cardiology,Northeast,196.66666666666666,,False,,,Northeast,,7,,,Syracuse,
1893020424,1674345776,rule_based,EVT-0152,2024-11-20,CV_ANTICOAG_ORAL,neurology,Midwest,118.0,115.33333333333333,True,1,neurology,Midwest,Midwest,16,14,2.2598870056497216,Rockford,Cleveland
1944079924,,rule_based,EVT-0152,2024-11-20,CV_ANTICOAG_ORAL,rheumatology,Southeast,503.1666666666667,,False,,,Southeast,,14,,,Columbia,
1018018261,,rule_based,EVT-0153,2024-11-21,CV_ANTICOAG_ORAL,primary care,Northeast,370.3333333333333,,False,,,Northeast,,13,,,Newark,
1044666919,1464676570,rule_based,EVT-0153,2024-11-21,CV_ANTICOAG_ORAL,neurology,Southeast,134.33333333333334,132.66666666666666,True,1,neurology,Southeast,Southeast,17,19,1.2406947890818998,Greenville,Gainesville
1048976678,1838439200,rule_based,EVT-0153,2024-11-21,CV_ANTICOAG_ORAL,primary care,Southeast,304.5,320.1666666666667,True,1,primary care,Southeast,Southeast,18,16,5.145046524356876,Orlando,Greenville
1058647219,1697855363,rule_based,EVT-0153,2024-11-21,CV_ANTICOAG_ORAL,pulmonology,Northeast,270.1666666666667,245.83333333333334,True,1,pulmonology,Northeast,Northeast,11,14,9.006785934608269,Albany,Hershey
1123148250,,rule_based,EVT-0153,2024-11-21,CV_ANTICOAG_ORAL,cardiology,Southwest,283.1666666666667,,False,,,Southwest,,19,,,Austin,
1136500869,,rule_based,EVT-0153,2024-11-21,CV_ANTICOAG_ORAL,endocrinology,Southeast,396.5,,False,,,Southeast,,18,,,Arlington,
1139166684,,rule_based,EVT-0153,2024-11-21,CV_ANTICOAG_ORAL,pulmonology,Midwest,147.5,,False,,,Midwest,,5,,,Green Bay,
1159841240,,rule_based,EVT-0153,2024-11-21,CV_ANTICOAG_ORAL,neurology,Southeast,671.8333333333334,,False,,,Southeast,,17,,,Charlotte,
1204787067,1874547676,rule_based,EVT-0153,2024-11-21,CV_ANTICOAG_ORAL,neurology,Northeast,69.83333333333333,71.66666666666667,True,1,neurology,Northeast,Northeast,13,12,2.6252983293556227,Buffalo,Camden
1213511599,,rule_based,EVT-0153,2024-11-21,CV_ANTICOAG_ORAL,primary care,Northeast,1096.6666666666667,,False,,,Northeast,,30,,,Bangor,
1219516501,,rule_based,EVT-0153,2024-11-21,CV_ANTICOAG_ORAL,endocrinology,Midwest,420.3333333333333,,False,,,Midwest,,7,,,Madison,
1273912869,,rule_based,EVT-0153,2024-11-21,CV_ANTICOAG_ORAL,rheumatology,Northeast,158.0,,False,,,Northeast,,16,,,Stamford,
1280087226,,rule_based,EVT-0153,2024-11-21,CV_ANTICOAG_ORAL,primary care,Northeast,473.6666666666667,,False,,,Northeast,,10,,,Rochester,
1285347583,1251411553,rule_based,EVT-0153,2024-11-21,CV_ANTICOAG_ORAL,neurology,Southwest,70.33333333333333,67.16666666666667,True,1,neurology,Southwest,Southwest,10,11,4.502369668246432,Reno,Reno
1456207657,,rule_based,EVT-0153,2024-11-21,CV_ANTICOAG_ORAL,primary care,Midwest,356.0,,False,,,Midwest,,10,,,Minneapolis,
1467704312,,rule_based,EVT-0153,2024-11-21,CV_ANTICOAG_ORAL,neurology,Northeast,366.1666666666667,,False,,,Northeast,,13,,,Worcester,
1567993435,,rule_based,EVT-0153,2024-11-21,CV_ANTICOAG_ORAL,neurology,Northeast,65.83333333333333,,False,,,Northeast,,9,,,Buffalo,
1595301304,1650044724,rule_based,EVT-0153,2024-11-21,CV_ANTICOAG_ORAL,primary care,Southwest,107.66666666666667,104.0,True,1,primary care,Southwest,Southwest,13,11,3.4055727554179605,Tulsa,Reno
1599989245,,rule_based,EVT-0153,2024-11-21,CV_ANTICOAG_ORAL,oncology,Northeast,94.16666666666667,,False,,,Northeast,,13,,,New York,
1615059528,,rule_based,EVT-0153,2024-11-21,CV_ANTICOAG_ORAL,primary care,Southeast,197.33333333333334,,False,,,Southeast,,12,,,Savannah,
1616418756,,rule_based,EVT-0153,2024-11-21,CV_ANTICOAG_ORAL,neurology,Northeast,255.5,,False,,,Northeast,,8,,,Worcester,
1732527431,1364720148,rule_based,EVT-0153,2024-11-21,CV_ANTICOAG_ORAL,primary care,Southeast,267.6666666666667,245.66666666666666,True,1,primary care,Southeast,Southeast,9,6,8.219178082191792,Arlington,Miami
1745601371,,rule_based,EVT-0153,2024-11-21,CV_ANTICOAG_ORAL,cardiology,Midwest,62.0,,False,,,Midwest,,11,,,Peoria,
1749355669,1971035963,rule_based,EVT-0153,2024-11-21,CV_ANTICOAG_ORAL,neurology,West,178.0,192.16666666666666,True,1,neurology,West,West,8,6,7.958801498127335,Los Angeles,San Diego
1769764832,1914644640,rule_based,EVT-0153,2024-11-21,CV_ANTICOAG_ORAL,neurology,Northeast,222.5,217.83333333333334,True,1,neurology,Northeast,Northeast,11,11,2.097378277153554,Cambridge,Worcester
1774691384,,rule_based,EVT-0153,2024-11-21,CV_ANTICOAG_ORAL,neurology,Northeast,64.33333333333333,,False,,,Northeast,,12,,,Bangor,
1788421810,,rule_based,EVT-0153,2024-11-21,CV_ANTICOAG_ORAL,neurology,Northeast,180.66666666666666,,False,,,Northeast,,15,,,Springfield,
1896554999,,rule_based,EVT-0153,2024-11-21,CV_ANTICOAG_ORAL,primary care,West,549.6666666666666,,False,,,West,,14,,,Eugene,
1993367014,,rule_based,EVT-0153,2024-11-21,CV_ANTICOAG_ORAL,pulmonology,Midwest,165.33333333333334,,False,,,Midwest,,9,,,Ann Arbor,
1425610817,1512866082,rule_based,EVT-0154,2024-11-22,METABOLIC_GLP1_INJ,primary care,Southeast,87.0,91.16666666666667,True,1,primary care,Southeast,Southeast,3,6,4.789272030651347,Huntsville,Greenville
1924355757,,rule_based,EVT-0153,2024-11-21,CV_ANTICOAG_ORAL,primary care,Southwest,513.5,,False,,,Southwest,,7,,,Albuquerque,
1075036339,,rule_based,EVT-0154,2024-11-22,METABOLIC_GLP1_INJ,pulmonology,West,26.5,,False,,,West,,5,,,Tacoma,
1080672524,1393729789,rule_based,EVT-0154,2024-11-22,METABOLIC_GLP1_INJ,primary care,Southeast,148.66666666666666,142.33333333333334,True,1,primary care,Southeast,Southeast,10,13,4.260089686098642,Memphis,Miami
1138281740,,rule_based,EVT-0154,2024-11-22,METABOLIC_GLP1_INJ,primary care,West,313.8333333333333,,False,,,West,,10,,,Provo,
1144669185,,rule_based,EVT-0154,2024-11-22,METABOLIC_GLP1_INJ,primary care,Northeast,364.3333333333333,,False,,,Northeast,,16,,,Allentown,
1174145494,1995404856,rule_based,EVT-0154,2024-11-22,METABOLIC_GLP1_INJ,endocrinology,Northeast,211.5,225.66666666666666,True,1,endocrinology,Northeast,Northeast,7,5,6.698187549251375,Hartford,Camden
1189769080,,rule_based,EVT-0154,2024-11-22,METABOLIC_GLP1_INJ,primary care,Northeast,276.5,,False,,,Northeast,,11,,,Stamford,
1190842652,1352216182,rule_based,EVT-0154,2024-11-22,METABOLIC_GLP1_INJ,primary care,Southwest,198.16666666666666,197.33333333333334,True,1,primary care,Southwest,Southwest,10,7,0.4205214465937667,Las Vegas,Scottsdale
1213511599,,rule_based,EVT-0154,2024-11-22,METABOLIC_GLP1_INJ,primary care,Northeast,978.3333333333334,,False,,,Northeast,,30,,,Bangor,
1266945785,,rule_based,EVT-0154,2024-11-22,METABOLIC_GLP1_INJ,primary care,West,94.33333333333333,,False,,,West,,19,,,San Diego,
1271463741,1434523506,rule_based,EVT-0154,2024-11-22,METABOLIC_GLP1_INJ,primary care,West,124.16666666666667,132.16666666666666,True,1,primary care,West,West,9,6,6.442953020134216,Portland,San Diego
1321405205,,rule_based,EVT-0154,2024-11-22,METABOLIC_GLP1_INJ,primary care,West,32.166666666666664,,False,,,West,,10,,,San Jose,
1425340662,,rule_based,EVT-0154,2024-11-22,METABOLIC_GLP1_INJ,primary care,Southwest,210.5,,False,,,Southwest,,17,,,Austin,
1435662964,,rule_based,EVT-0154,2024-11-22,METABOLIC_GLP1_INJ,endocrinology,West,105.83333333333333,,False,,,West,,5,,,Seattle,
1533003293,,rule_based,EVT-0154,2024-11-22,METABOLIC_GLP1_INJ,pulmonology,Midwest,158.5,,False,,,Midwest,,5,,,Green Bay,
1536278926,,rule_based,EVT-0154,2024-11-22,METABOLIC_GLP1_INJ,primary care,West,150.83333333333334,,False,,,West,,13,,,Provo,
1567742360,1873780039,rule_based,EVT-0154,2024-11-22,METABOLIC_GLP1_INJ,primary care,West,323.6666666666667,338.6666666666667,True,1,primary care,West,West,8,9,4.634397528321318,Provo,Provo
1595774286,,rule_based,EVT-0154,2024-11-22,METABOLIC_GLP1_INJ,rheumatology,Midwest,183.66666666666666,,False,,,Midwest,,13,,,Peoria,
1644815767,,rule_based,EVT-0154,2024-11-22,METABOLIC_GLP1_INJ,primary care,West,350.3333333333333,,False,,,West,,16,,,Tacoma,
1672904236,,rule_based,EVT-0154,2024-11-22,METABOLIC_GLP1_INJ,cardiology,Northeast,160.5,,False,,,Northeast,,5,,,Philadelphia,
1686880901,,rule_based,EVT-0154,2024-11-22,METABOLIC_GLP1_INJ,primary care,West,91.0,,False,,,West,,13,,,Salt Lake City,
1688976343,,rule_based,EVT-0154,2024-11-22,METABOLIC_GLP1_INJ,pulmonology,Southeast,358.8333333333333,,False,,,Southeast,,14,,,Charlotte,
1689916181,,rule_based,EVT-0154,2024-11-22,METABOLIC_GLP1_INJ,primary care,Northeast,355.0,,False,,,Northeast,,6,,,Bangor,
1703413967,,rule_based,EVT-0154,2024-11-22,METABOLIC_GLP1_INJ,endocrinology,West,210.33333333333334,,False,,,West,,26,,,Boulder,
1704331150,1432188427,rule_based,EVT-0154,2024-11-22,METABOLIC_GLP1_INJ,endocrinology,West,257.5,266.6666666666667,True,1,endocrinology,West,West,11,9,3.55987055016182,Denver,Salt Lake City
1738903891,,rule_based,EVT-0154,2024-11-22,METABOLIC_GLP1_INJ,endocrinology,Southeast,317.5,,False,,,Southeast,,18,,,Charlotte,
1747637738,,rule_based,EVT-0154,2024-11-22,METABOLIC_GLP1_INJ,primary care,Midwest,71.33333333333333,,False,,,Midwest,,7,,,Chicago,
1752727945,1101142523,rule_based,EVT-0154,2024-11-22,METABOLIC_GLP1_INJ,primary care,West,94.33333333333333,98.83333333333333,True,1,primary care,West,West,14,11,4.770318021201414,Los Angeles,San Francisco
1769234364,,rule_based,EVT-0154,2024-11-22,METABOLIC_GLP1_INJ,primary care,Southwest,154.33333333333334,,False,,,Southwest,,21,,,Tulsa,
1803233885,,rule_based,EVT-0154,2024-11-22,METABOLIC_GLP1_INJ,primary care,Southeast,438.5,,False,,,Southeast,,16,,,Knoxville,
1824149854,1429777182,rule_based,EVT-0154,2024-11-22,METABOLIC_GLP1_INJ,neurology,Southeast,145.5,145.5,True,1,neurology,Southeast,Southeast,12,10,0.0,Memphis,Raleigh
1824172013,,rule_based,EVT-0154,2024-11-22,METABOLIC_GLP1_INJ,primary care,Midwest,1173.6666666666667,,False,,,Midwest,,10,,,Grand Rapids,
1828803407,1124315999,rule_based,EVT-0154,2024-11-22,METABOLIC_GLP1_INJ,oncology,Northeast,40.5,41.5,True,1,oncology,Northeast,Northeast,16,15,2.4691358024691357,Cambridge,Portland
1896554999,,rule_based,EVT-0154,2024-11-22,METABOLIC_GLP1_INJ,primary care,West,331.6666666666667,,False,,,West,,14,,,Eugene,
1908168895,,rule_based,EVT-0154,2024-11-22,METABOLIC_GLP1_INJ,primary care,Southwest,209.66666666666666,,False,,,Southwest,,16,,,Albuquerque,
1927430854,,rule_based,EVT-0154,2024-11-22,METABOLIC_GLP1_INJ,primary care,Southeast,192.5,,False,,,Southeast,,13,,,Richmond,
1937514325,1676855970,rule_based,EVT-0154,2024-11-22,METABOLIC_GLP1_INJ,primary care,West,276.0,291.8333333333333,True,1,primary care,West,West,15,16,5.736714975845404,Colorado Springs,Provo
1944079924,1337789832,rule_based,EVT-0154,2024-11-22,METABOLIC_GLP1_INJ,rheumatology,Southeast,134.16666666666666,132.5,True,1,rheumatology,Southeast,Southeast,14,15,1.2422360248447135,Columbia,Savannah
1967802350,1041494554,rule_based,EVT-0154,2024-11-22,METABOLIC_GLP1_INJ,pulmonology,Midwest,124.83333333333333,126.0,True,1,pulmonology,Midwest,Midwest,12,13,0.9345794392523402,Lansing,Columbus
1058647219,,rule_based,EVT-0155,2024-11-23,PULM_ICS_LABA_INH,pulmonology,Northeast,433.0,,False,,,Northeast,,11,,,Albany,
1081051991,,rule_based,EVT-0155,2024-11-23,PULM_ICS_LABA_INH,pulmonology,Southwest,100.83333333333333,,False,,,Southwest,,15,,,Fort Worth,
1198262952,,rule_based,EVT-0155,2024-11-23,PULM_ICS_LABA_INH,pulmonology,Northeast,864.6666666666666,,False,,,Northeast,,5,,,Hartford,
1229022169,1423946593,rule_based,EVT-0155,2024-11-23,PULM_ICS_LABA_INH,pulmonology,West,140.5,143.16666666666666,True,1,pulmonology,West,West,13,15,1.8979833926453076,Denver,Seattle
1389574017,,rule_based,EVT-0155,2024-11-23,PULM_ICS_LABA_INH,pulmonology,Southwest,319.8333333333333,,False,,,Southwest,,8,,,Scottsdale,
1433980129,,rule_based,EVT-0155,2024-11-23,PULM_ICS_LABA_INH,pulmonology,Northeast,334.3333333333333,,False,,,Northeast,,4,,,Hershey,
1533003293,,rule_based,EVT-0155,2024-11-23,PULM_ICS_LABA_INH,pulmonology,Midwest,345.1666666666667,,False,,,Midwest,,5,,,Green Bay,
1655727265,,rule_based,EVT-0155,2024-11-23,PULM_ICS_LABA_INH,pulmonology,Northeast,514.8333333333334,,False,,,Northeast,,12,,,Bangor,
1688976343,1081238747,rule_based,EVT-0155,2024-11-23,PULM_ICS_LABA_INH,pulmonology,Southeast,325.5,333.5,True,1,pulmonology,Southeast,Southeast,14,13,2.457757296466974,Charlotte,Tampa
1736829924,,rule_based,EVT-0155,2024-11-23,PULM_ICS_LABA_INH,pulmonology,Southeast,174.33333333333334,,False,,,Southeast,,14,,,Birmingham,
1854852153,,rule_based,EVT-0155,2024-11-23,PULM_ICS_LABA_INH,pulmonology,Southwest,203.16666666666666,,False,,,Southwest,,17,,,Houston,
1058647219,1134509243,rule_based,EVT-0154,2024-11-22,METABOLIC_GLP1_INJ,pulmonology,Northeast,361.3333333333333,338.1666666666667,True,1,pulmonology,Northeast,Northeast,11,8,6.411439114391134,Albany,Hartford
1025231352,,rule_based,EVT-0156,2024-11-24,METABOLIC_GLP1_INJ,rheumatology,Northeast,521.6666666666666,,False,,,Northeast,,6,,,Syracuse,
1041585906,1404995171,rule_based,EVT-0156,2024-11-24,METABOLIC_GLP1_INJ,oncology,West,83.33333333333333,76.5,True,1,oncology,West,West,8,8,8.199999999999994,Eugene,Salt Lake City
1048976678,,rule_based,EVT-0156,2024-11-24,METABOLIC_GLP1_INJ,primary care,Southeast,167.16666666666666,,False,,,Southeast,,18,,,Orlando,
1050705288,,rule_based,EVT-0156,2024-11-24,METABOLIC_GLP1_INJ,endocrinology,Southeast,215.5,,False,,,Southeast,,21,,,Atlanta,
1075036339,,rule_based,EVT-0156,2024-11-24,METABOLIC_GLP1_INJ,pulmonology,West,26.5,,False,,,West,,5,,,Tacoma,
1200480071,,rule_based,EVT-0156,2024-11-24,METABOLIC_GLP1_INJ,primary care,Northeast,147.16666666666666,,False,,,Northeast,,20,,,Portland,
1227780172,,rule_based,EVT-0156,2024-11-24,METABOLIC_GLP1_INJ,primary care,Southwest,185.5,,False,,,Southwest,,11,,,Scottsdale,
1237205202,1736538384,rule_based,EVT-0156,2024-11-24,METABOLIC_GLP1_INJ,endocrinology,Northeast,188.33333333333334,205.83333333333334,True,1,endocrinology,Northeast,Northeast,13,14,9.292035398230087,Buffalo,Allentown
1238983617,1113953065,rule_based,EVT-0156,2024-11-24,METABOLIC_GLP1_INJ,pulmonology,Southeast,182.5,182.0,True,1,pulmonology,Southeast,Southeast,13,11,0.273972602739726,Memphis,Birmingham
1257723886,1598998692,rule_based,EVT-0156,2024-11-24,METABOLIC_GLP1_INJ,endocrinology,Southwest,85.16666666666667,85.0,True,1,endocrinology,Southwest,Southwest,11,12,0.195694716242667,Phoenix,Tulsa
1264333323,1261377760,rule_based,EVT-0156,2024-11-24,METABOLIC_GLP1_INJ,primary care,Northeast,173.33333333333334,157.83333333333334,True,1,primary care,Northeast,Northeast,12,14,8.942307692307692,New York,Stamford
1280087226,,rule_based,EVT-0156,2024-11-24,METABOLIC_GLP1_INJ,primary care,Northeast,1034.8333333333333,,False,,,Northeast,,10,,,Rochester,
1299418347,,rule_based,EVT-0156,2024-11-24,METABOLIC_GLP1_INJ,cardiology,Northeast,163.5,,False,,,Northeast,,18,,,Springfield,
1375349903,,rule_based,EVT-0156,2024-11-24,METABOLIC_GLP1_INJ,endocrinology,West,226.83333333333334,,False,,,West,,18,,,Boulder,
1435662964,,rule_based,EVT-0156,2024-11-24,METABOLIC_GLP1_INJ,endocrinology,West,105.83333333333333,,False,,,West,,5,,,Seattle,
1475115246,1714292012,rule_based,EVT-0156,2024-11-24,METABOLIC_GLP1_INJ,cardiology,Southeast,194.16666666666666,192.0,True,1,cardiology,Southeast,Southeast,17,14,1.1158798283261753,Macon,Tampa
1494868502,,rule_based,EVT-0156,2024-11-24,METABOLIC_GLP1_INJ,cardiology,Southeast,78.66666666666667,,False,,,Southeast,,7,,,Huntsville,
1590869917,1352216182,rule_based,EVT-0156,2024-11-24,METABOLIC_GLP1_INJ,primary care,Southwest,212.66666666666666,197.33333333333334,True,1,primary care,Southwest,Southwest,10,7,7.210031347962374,Oklahoma City,Scottsdale
1610177150,,rule_based,EVT-0156,2024-11-24,METABOLIC_GLP1_INJ,cardiology,Southeast,241.83333333333334,,False,,,Southeast,,19,,,Mobile,
1613561947,,rule_based,EVT-0156,2024-11-24,METABOLIC_GLP1_INJ,primary care,Southeast,365.3333333333333,,False,,,Southeast,,16,,,Norfolk,
1621199177,1393729789,rule_based,EVT-0156,2024-11-24,METABOLIC_GLP1_INJ,primary care,Southeast,153.33333333333334,142.33333333333334,True,1,primary care,Southeast,Southeast,16,13,7.173913043478261,Gainesville,Miami
1645233598,,rule_based,EVT-0156,2024-11-24,METABOLIC_GLP1_INJ,endocrinology,Northeast,521.5,,False,,,Northeast,,10,,,Boston,
1657025858,,rule_based,EVT-0156,2024-11-24,METABOLIC_GLP1_INJ,endocrinology,Northeast,154.33333333333334,,False,,,Northeast,,10,,,Buffalo,
1666389063,,rule_based,EVT-0156,2024-11-24,METABOLIC_GLP1_INJ,endocrinology,Midwest,159.5,,False,,,Midwest,,17,,,Indianapolis,
1706991829,,rule_based,EVT-0156,2024-11-24,METABOLIC_GLP1_INJ,endocrinology,Midwest,88.66666666666667,,False,,,Midwest,,19,,,Milwaukee,
1732000645,1823309871,rule_based,EVT-0156,2024-11-24,METABOLIC_GLP1_INJ,cardiology,Southwest,166.83333333333334,179.33333333333334,True,1,cardiology,Southwest,Southwest,8,5,7.492507492507492,Scottsdale,San Antonio
1732527431,1364720148,rule_based,EVT-0156,2024-11-24,METABOLIC_GLP1_INJ,primary care,Southeast,510.6666666666667,467.0,True,1,primary care,Southeast,Southeast,9,6,8.550913838120108,Arlington,Miami
1738903891,,rule_based,EVT-0156,2024-11-24,METABOLIC_GLP1_INJ,endocrinology,Southeast,317.5,,False,,,Southeast,,18,,,Charlotte,
1752727945,1101142523,rule_based,EVT-0156,2024-11-24,METABOLIC_GLP1_INJ,primary care,West,94.33333333333333,98.83333333333333,True,1,primary care,West,West,14,11,4.770318021201414,Los Angeles,San Francisco
1803502636,,rule_based,EVT-0156,2024-11-24,METABOLIC_GLP1_INJ,endocrinology,Northeast,271.0,,False,,,Northeast,,7,,,Princeton,
1808826295,1489598965,rule_based,EVT-0156,2024-11-24,METABOLIC_GLP1_INJ,primary care,Southeast,287.1666666666667,309.3333333333333,True,1,primary care,Southeast,Southeast,20,21,7.719094602437596,Miami,Charleston
1815807585,,rule_based,EVT-0156,2024-11-24,METABOLIC_GLP1_INJ,primary care,Southeast,438.1666666666667,,False,,,Southeast,,13,,,Knoxville,
1880426881,1249657408,rule_based,EVT-0156,2024-11-24,METABOLIC_GLP1_INJ,endocrinology,Northeast,187.66666666666666,190.33333333333334,True,1,endocrinology,Northeast,Northeast,10,8,1.4209591474245216,Buffalo,Princeton
1949335115,1694658844,rule_based,EVT-0156,2024-11-24,METABOLIC_GLP1_INJ,endocrinology,Southeast,174.33333333333334,172.16666666666666,True,1,endocrinology,Southeast,Southeast,8,6,1.2428298279158807,Nashville,Knoxville
1136500869,1518121706,rule_based,EVT-0156,2024-11-24,METABOLIC_GLP1_INJ,endocrinology,Southeast,78.0,79.66666666666667,True,1,endocrinology,Southeast,Southeast,18,16,2.1367521367521425,Arlington,Charleston
1031568581,,rule_based,EVT-0157,2024-11-29,PULM_ICS_LABA_INH,pulmonology,Southeast,548.5,,False,,,Southeast,,5,,,Chattanooga,
1126098163,,rule_based,EVT-0157,2024-11-29,PULM_ICS_LABA_INH,pulmonology,Southeast,172.33333333333334,,False,,,Southeast,,24,,,Greenville,
1139166684,,rule_based,EVT-0157,2024-11-29,PULM_ICS_LABA_INH,pulmonology,Midwest,277.6666666666667,,False,,,Midwest,,5,,,Green Bay,
1198262952,,rule_based,EVT-0157,2024-11-29,PULM_ICS_LABA_INH,pulmonology,Northeast,864.6666666666666,,False,,,Northeast,,5,,,Hartford,
1238983617,,rule_based,EVT-0157,2024-11-29,PULM_ICS_LABA_INH,pulmonology,Southeast,1144.1666666666667,,False,,,Southeast,,13,,,Memphis,
1374281198,1369172659,rule_based,EVT-0157,2024-11-29,PULM_ICS_LABA_INH,pulmonology,Southeast,115.5,112.33333333333333,True,1,pulmonology,Southeast,Southeast,6,7,2.741702741702746,Augusta,Charlottesville
1555906795,,rule_based,EVT-0157,2024-11-29,PULM_ICS_LABA_INH,pulmonology,Midwest,581.5,,False,,,Midwest,,13,,,Green Bay,
1688976343,1081238747,rule_based,EVT-0157,2024-11-29,PULM_ICS_LABA_INH,pulmonology,Southeast,325.5,333.5,True,1,pulmonology,Southeast,Southeast,14,13,2.457757296466974,Charlotte,Tampa
1704308638,1867204764,rule_based,EVT-0157,2024-11-29,PULM_ICS_LABA_INH,pulmonology,Southeast,460.3333333333333,433.6666666666667,True,1,pulmonology,Southeast,Southeast,15,15,5.792903692976097,Arlington,Winston-Salem
1736829924,,rule_based,EVT-0157,2024-11-29,PULM_ICS_LABA_INH,pulmonology,Southeast,174.33333333333334,,False,,,Southeast,,14,,,Birmingham,
1742859469,,rule_based,EVT-0157,2024-11-29,PULM_ICS_LABA_INH,pulmonology,West,395.1666666666667,,False,,,West,,2,,,Spokane,
1964572899,,rule_based,EVT-0157,2024-11-29,PULM_ICS_LABA_INH,pulmonology,Northeast,128.0,,False,,,Northeast,,8,,,Philadelphia,
1002145427,,rule_based,EVT-0158,2024-11-30,PC_ANTIHYPERTENSIVE,primary care,Northeast,651.5,,False,,,Northeast,,13,,,Jersey City,
1018018261,,rule_based,EVT-0158,2024-11-30,PC_ANTIHYPERTENSIVE,primary care,Northeast,597.8333333333334,,False,,,Northeast,,13,,,Newark,
1133130363,,rule_based,EVT-0158,2024-11-30,PC_ANTIHYPERTENSIVE,primary care,Northeast,440.0,,False,,,Northeast,,13,,,Hartford,
1200480071,,rule_based,EVT-0158,2024-11-30,PC_ANTIHYPERTENSIVE,primary care,Northeast,354.5,,False,,,Northeast,,20,,,Portland,
1227780172,,rule_based,EVT-0158,2024-11-30,PC_ANTIHYPERTENSIVE,primary care,Southwest,1528.3333333333333,,False,,,Southwest,,11,,,Scottsdale,
1268222167,,rule_based,EVT-0158,2024-11-30,PC_ANTIHYPERTENSIVE,primary care,Midwest,320.0,,False,,,Midwest,,19,,,Fort Wayne,
1271768685,1216575070,rule_based,EVT-0158,2024-11-30,PC_ANTIHYPERTENSIVE,primary care,Midwest,521.1666666666666,549.6666666666666,True,1,primary care,Midwest,Midwest,8,11,5.4685001598976655,St. Paul,Columbia
1321405205,1463019459,rule_based,EVT-0158,2024-11-30,PC_ANTIHYPERTENSIVE,primary care,West,208.33333333333334,196.5,True,1,primary care,West,West,10,9,5.680000000000004,San Jose,Seattle
1355374483,,rule_based,EVT-0158,2024-11-30,PC_ANTIHYPERTENSIVE,primary care,West,388.8333333333333,,False,,,West,,3,,,Eugene,
1397955463,,rule_based,EVT-0158,2024-11-30,PC_ANTIHYPERTENSIVE,primary care,Southeast,651.8333333333334,,False,,,Southeast,,14,,,Chattanooga,
1413519731,,rule_based,EVT-0158,2024-11-30,PC_ANTIHYPERTENSIVE,primary care,Southwest,512.8333333333334,,False,,,Southwest,,13,,,Austin,
1423152481,,rule_based,EVT-0158,2024-11-30,PC_ANTIHYPERTENSIVE,primary care,Southeast,599.0,,False,,,Southeast,,11,,,Chattanooga,
1425340662,,rule_based,EVT-0158,2024-11-30,PC_ANTIHYPERTENSIVE,primary care,Southwest,440.6666666666667,,False,,,Southwest,,17,,,Austin,
1455779946,,rule_based,EVT-0158,2024-11-30,PC_ANTIHYPERTENSIVE,primary care,Southwest,385.8333333333333,,False,,,Southwest,,33,,,Tulsa,
1456207657,,rule_based,EVT-0158,2024-11-30,PC_ANTIHYPERTENSIVE,primary care,Midwest,628.0,,False,,,Midwest,,10,,,Minneapolis,
1456299035,,rule_based,EVT-0158,2024-11-30,PC_ANTIHYPERTENSIVE,primary care,Southeast,273.5,,False,,,Southeast,,15,,,Mobile,
1481247389,1892083019,rule_based,EVT-0158,2024-11-30,PC_ANTIHYPERTENSIVE,primary care,Southeast,359.0,377.5,True,1,primary care,Southeast,Southeast,24,27,5.153203342618385,Winston-Salem,Mobile
1523498065,,rule_based,EVT-0158,2024-11-30,PC_ANTIHYPERTENSIVE,primary care,Southeast,306.6666666666667,,False,,,Southeast,,15,,,Columbia,
1536278926,,rule_based,EVT-0158,2024-11-30,PC_ANTIHYPERTENSIVE,primary care,West,741.6666666666666,,False,,,West,,13,,,Provo,
1567742360,,rule_based,EVT-0158,2024-11-30,PC_ANTIHYPERTENSIVE,primary care,West,181.0,,False,,,West,,8,,,Provo,
1595301304,,rule_based,EVT-0158,2024-11-30,PC_ANTIHYPERTENSIVE,primary care,Southwest,451.6666666666667,,False,,,Southwest,,13,,,Tulsa,
1635581279,1838439200,rule_based,EVT-0158,2024-11-30,PC_ANTIHYPERTENSIVE,primary care,Southeast,793.8333333333334,780.3333333333334,True,1,primary care,Southeast,Southeast,18,16,1.7006088599622087,Charlotte,Greenville
1639269087,,rule_based,EVT-0158,2024-11-30,PC_ANTIHYPERTENSIVE,primary care,Northeast,240.83333333333334,,False,,,Northeast,,18,,,Buffalo,
1644815767,,rule_based,EVT-0158,2024-11-30,PC_ANTIHYPERTENSIVE,primary care,West,460.5,,False,,,West,,16,,,Tacoma,
1689916181,,rule_based,EVT-0158,2024-11-30,PC_ANTIHYPERTENSIVE,primary care,Northeast,701.5,,False,,,Northeast,,6,,,Bangor,
1725623817,,rule_based,EVT-0158,2024-11-30,PC_ANTIHYPERTENSIVE,primary care,Southwest,736.8333333333334,,False,,,Southwest,,9,,,Las Vegas,
1808826295,,rule_based,EVT-0158,2024-11-30,PC_ANTIHYPERTENSIVE,primary care,Southeast,614.0,,False,,,Southeast,,20,,,Miami,
1824172013,,rule_based,EVT-0158,2024-11-30,PC_ANTIHYPERTENSIVE,primary care,Midwest,462.1666666666667,,False,,,Midwest,,10,,,Grand Rapids,
1896554999,,rule_based,EVT-0158,2024-11-30,PC_ANTIHYPERTENSIVE,primary care,West,604.3333333333334,,False,,,West,,14,,,Eugene,
1903798589,,rule_based,EVT-0158,2024-11-30,PC_ANTIHYPERTENSIVE,primary care,Southwest,426.8333333333333,,False,,,Southwest,,19,,,Austin,
1924355757,1812123887,rule_based,EVT-0158,2024-11-30,PC_ANTIHYPERTENSIVE,primary care,Southwest,486.5,462.6666666666667,True,1,primary care,Southwest,Southwest,7,9,4.898937992463169,Albuquerque,Tucson
1927430854,,rule_based,EVT-0158,2024-11-30,PC_ANTIHYPERTENSIVE,primary care,Southeast,799.1666666666666,,False,,,Southeast,,13,,,Richmond,
1005067453,,rule_based,EVT-0159,2024-12-03,ENDO_BASAL_INSULIN,endocrinology,West,182.16666666666666,,False,,,West,,8,,,Salt Lake City,
1065091666,1898803444,rule_based,EVT-0159,2024-12-03,ENDO_BASAL_INSULIN,endocrinology,West,205.66666666666666,212.16666666666666,True,1,endocrinology,West,West,9,11,3.160453808752026,Los Angeles,Salt Lake City
1107038659,,rule_based,EVT-0159,2024-12-03,ENDO_BASAL_INSULIN,endocrinology,Northeast,631.6666666666666,,False,,,Northeast,,10,,,New York,
1136500869,1890077344,rule_based,EVT-0159,2024-12-03,ENDO_BASAL_INSULIN,endocrinology,Southeast,298.5,304.6666666666667,True,1,endocrinology,Southeast,Southeast,18,18,2.065884980457851,Arlington,Charleston
1137408567,,rule_based,EVT-0159,2024-12-03,ENDO_BASAL_INSULIN,endocrinology,Northeast,716.1666666666666,,False,,,Northeast,,10,,,Allentown,
1324237324,,rule_based,EVT-0159,2024-12-03,ENDO_BASAL_INSULIN,endocrinology,West,269.1666666666667,,False,,,West,,9,,,Sacramento,
1375349903,1568842342,rule_based,EVT-0159,2024-12-03,ENDO_BASAL_INSULIN,endocrinology,West,139.16666666666666,125.83333333333333,True,1,endocrinology,West,West,18,20,9.58083832335329,Boulder,Eugene
1455101661,,rule_based,EVT-0159,2024-12-03,ENDO_BASAL_INSULIN,endocrinology,Southeast,422.6666666666667,,False,,,Southeast,,19,,,Nashville,
1541422121,,rule_based,EVT-0159,2024-12-03,ENDO_BASAL_INSULIN,endocrinology,Southeast,229.33333333333334,,False,,,Southeast,,6,,,Richmond,
1645233598,1025978341,rule_based,EVT-0159,2024-12-03,ENDO_BASAL_INSULIN,endocrinology,Northeast,585.3333333333334,528.1666666666666,True,1,endocrinology,Northeast,Northeast,10,12,9.766514806378144,Boston,Hartford
1703413967,,rule_based,EVT-0159,2024-12-03,ENDO_BASAL_INSULIN,endocrinology,West,224.16666666666666,,False,,,West,,26,,,Boulder,
1704331150,1432188427,rule_based,EVT-0159,2024-12-03,ENDO_BASAL_INSULIN,endocrinology,West,407.8333333333333,370.1666666666667,True,1,endocrinology,West,West,11,9,9.235798937474451,Denver,Salt Lake City
1706645516,1630629040,rule_based,EVT-0159,2024-12-03,ENDO_BASAL_INSULIN,endocrinology,Southeast,172.5,170.0,True,1,endocrinology,Southeast,Southeast,9,6,1.4492753623188406,Mobile,Greenville
1738903891,,rule_based,EVT-0159,2024-12-03,ENDO_BASAL_INSULIN,endocrinology,Southeast,625.5,,False,,,Southeast,,18,,,Charlotte,
1768225918,1803339427,rule_based,EVT-0159,2024-12-03,ENDO_BASAL_INSULIN,endocrinology,Midwest,321.8333333333333,339.3333333333333,True,1,endocrinology,Midwest,Midwest,9,11,5.4375970999482135,South Bend,Toledo
1827318308,,rule_based,EVT-0159,2024-12-03,ENDO_BASAL_INSULIN,endocrinology,West,238.0,,False,,,West,,7,,,Provo,
1836314447,,rule_based,EVT-0159,2024-12-03,ENDO_BASAL_INSULIN,endocrinology,Southeast,423.1666666666667,,False,,,Southeast,,5,,,Richmond,
1939785840,,rule_based,EVT-0159,2024-12-03,ENDO_BASAL_INSULIN,endocrinology,Southwest,288.1666666666667,,False,,,Southwest,,30,,,Austin,
1993463169,,rule_based,EVT-0159,2024-12-03,ENDO_BASAL_INSULIN,endocrinology,West,285.8333333333333,,False,,,West,,9,,,Seattle,
1995404856,1746046261,rule_based,EVT-0159,2024-12-03,ENDO_BASAL_INSULIN,endocrinology,Northeast,240.33333333333334,250.33333333333334,True,1,endocrinology,Northeast,Northeast,5,4,4.160887656033287,Camden,Hershey
1964945871,1730655531,rule_based,EVT-0160,2024-12-07,ENDO_BASAL_INSULIN,endocrinology,Northeast,404.1666666666667,419.8333333333333,True,1,endocrinology,Northeast,Northeast,6,9,3.876288659793805,New Haven,New Haven
1011940271,,rule_based,EVT-0160,2024-12-07,ENDO_BASAL_INSULIN,endocrinology,Northeast,213.83333333333334,,False,,,Northeast,,7,,,Princeton,
1025978341,,rule_based,EVT-0160,2024-12-07,ENDO_BASAL_INSULIN,endocrinology,Northeast,528.1666666666666,,False,,,Northeast,,12,,,Hartford,
1076376403,,rule_based,EVT-0160,2024-12-07,ENDO_BASAL_INSULIN,endocrinology,Northeast,621.3333333333334,,False,,,Northeast,,18,,,Boston,
1137408567,,rule_based,EVT-0160,2024-12-07,ENDO_BASAL_INSULIN,endocrinology,Northeast,716.1666666666666,,False,,,Northeast,,10,,,Allentown,
1178533166,1456937691,rule_based,EVT-0160,2024-12-07,ENDO_BASAL_INSULIN,endocrinology,Southeast,109.66666666666667,117.66666666666667,True,1,endocrinology,Southeast,Southeast,9,6,7.29483282674772,Memphis,Augusta
1449048093,,rule_based,EVT-0160,2024-12-07,ENDO_BASAL_INSULIN,endocrinology,Northeast,76.16666666666667,,False,,,Northeast,,8,,,Rochester,
1541422121,,rule_based,EVT-0160,2024-12-07,ENDO_BASAL_INSULIN,endocrinology,Southeast,229.33333333333334,,False,,,Southeast,,6,,,Richmond,
1645233598,,rule_based,EVT-0160,2024-12-07,ENDO_BASAL_INSULIN,endocrinology,Northeast,585.3333333333334,,False,,,Northeast,,10,,,Boston,
1666389063,,rule_based,EVT-0160,2024-12-07,ENDO_BASAL_INSULIN,endocrinology,Midwest,118.16666666666667,,False,,,Midwest,,17,,,Indianapolis,
1677860136,1249657408,rule_based,EVT-0160,2024-12-07,ENDO_BASAL_INSULIN,endocrinology,Northeast,314.6666666666667,337.1666666666667,True,1,endocrinology,Northeast,Northeast,5,8,7.150423728813558,Buffalo,Princeton
1702497342,1694658844,rule_based,EVT-0160,2024-12-07,ENDO_BASAL_INSULIN,endocrinology,Southeast,367.6666666666667,372.3333333333333,True,1,endocrinology,Southeast,Southeast,9,6,1.2692656391659007,Knoxville,Knoxville
1758794279,,rule_based,EVT-0160,2024-12-07,ENDO_BASAL_INSULIN,endocrinology,Northeast,520.8333333333334,,False,,,Northeast,,7,,,Jersey City,
1101185407,,rule_based,EVT-0161,2024-12-07,PC_ANTIHYPERTENSIVE,primary care,Midwest,758.6666666666666,,False,,,Midwest,,17,,,Lansing,
1144669185,,rule_based,EVT-0161,2024-12-07,PC_ANTIHYPERTENSIVE,primary care,Northeast,1003.8333333333334,,False,,,Northeast,,16,,,Allentown,
1166368237,,rule_based,EVT-0161,2024-12-07,PC_ANTIHYPERTENSIVE,primary care,Southwest,271.1666666666667,,False,,,Southwest,,10,,,Tulsa,
1169614082,,rule_based,EVT-0161,2024-12-07,PC_ANTIHYPERTENSIVE,primary care,Midwest,185.5,,False,,,Midwest,,19,,,Madison,
1180932224,1838439200,rule_based,EVT-0161,2024-12-07,PC_ANTIHYPERTENSIVE,primary care,Southeast,780.8333333333334,785.5,True,1,primary care,Southeast,Southeast,19,16,0.5976520811099204,Savannah,Greenville
1190842652,,rule_based,EVT-0161,2024-12-07,PC_ANTIHYPERTENSIVE,primary care,Southwest,233.83333333333334,,False,,,Southwest,,10,,,Las Vegas,
1200480071,,rule_based,EVT-0161,2024-12-07,PC_ANTIHYPERTENSIVE,primary care,Northeast,370.3333333333333,,False,,,Northeast,,20,,,Portland,
1213511599,,rule_based,EVT-0161,2024-12-07,PC_ANTIHYPERTENSIVE,primary care,Northeast,1173.1666666666667,,False,,,Northeast,,30,,,Bangor,
1227780172,,rule_based,EVT-0161,2024-12-07,PC_ANTIHYPERTENSIVE,primary care,Southwest,1591.0,,False,,,Southwest,,11,,,Scottsdale,
1251567115,1381937048,rule_based,EVT-0161,2024-12-07,PC_ANTIHYPERTENSIVE,primary care,Midwest,250.0,232.16666666666666,True,1,primary care,Midwest,Midwest,8,11,7.133333333333337,Rockford,Milwaukee
1264333323,1209566128,rule_based,EVT-0161,2024-12-07,PC_ANTIHYPERTENSIVE,primary care,Northeast,832.1666666666666,752.5,True,1,primary care,Northeast,Northeast,12,15,9.573402763869412,New York,Stamford
1266945785,,rule_based,EVT-0161,2024-12-07,PC_ANTIHYPERTENSIVE,primary care,West,852.1666666666666,,False,,,West,,19,,,San Diego,
1300654963,,rule_based,EVT-0161,2024-12-07,PC_ANTIHYPERTENSIVE,primary care,Northeast,262.0,,False,,,Northeast,,9,,,Albany,
1315385710,,rule_based,EVT-0161,2024-12-07,PC_ANTIHYPERTENSIVE,primary care,Northeast,1425.8333333333333,,False,,,Northeast,,20,,,Worcester,
1334266016,,rule_based,EVT-0161,2024-12-07,PC_ANTIHYPERTENSIVE,primary care,Southwest,397.6666666666667,,False,,,Southwest,,20,,,Phoenix,
1377426493,1676855970,rule_based,EVT-0161,2024-12-07,PC_ANTIHYPERTENSIVE,primary care,West,277.8333333333333,252.66666666666666,True,1,primary care,West,West,13,16,9.058188362327533,Portland,Provo
1397955463,,rule_based,EVT-0161,2024-12-07,PC_ANTIHYPERTENSIVE,primary care,Southeast,709.3333333333334,,False,,,Southeast,,14,,,Chattanooga,
1423152481,,rule_based,EVT-0161,2024-12-07,PC_ANTIHYPERTENSIVE,primary care,Southeast,587.6666666666666,,False,,,Southeast,,11,,,Chattanooga,
1456299035,,rule_based,EVT-0161,2024-12-07,PC_ANTIHYPERTENSIVE,primary care,Southeast,279.8333333333333,,False,,,Southeast,,15,,,Mobile,
1535820066,,rule_based,EVT-0161,2024-12-07,PC_ANTIHYPERTENSIVE,primary care,West,717.8333333333334,,False,,,West,,10,,,Denver,
1567742360,,rule_based,EVT-0161,2024-12-07,PC_ANTIHYPERTENSIVE,primary care,West,175.16666666666666,,False,,,West,,8,,,Provo,
1590869917,,rule_based,EVT-0161,2024-12-07,PC_ANTIHYPERTENSIVE,primary care,Southwest,283.5,,False,,,Southwest,,10,,,Oklahoma City,
1592123891,,rule_based,EVT-0161,2024-12-07,PC_ANTIHYPERTENSIVE,primary care,Northeast,909.1666666666666,,False,,,Northeast,,18,,,Allentown,
1595301304,,rule_based,EVT-0161,2024-12-07,PC_ANTIHYPERTENSIVE,primary care,Southwest,464.5,,False,,,Southwest,,13,,,Tulsa,
1689059347,,rule_based,EVT-0161,2024-12-07,PC_ANTIHYPERTENSIVE,primary care,Southwest,238.33333333333334,,False,,,Southwest,,9,,,Reno,
1689916181,,rule_based,EVT-0161,2024-12-07,PC_ANTIHYPERTENSIVE,primary care,Northeast,708.3333333333334,,False,,,Northeast,,6,,,Bangor,
1721479586,,rule_based,EVT-0161,2024-12-07,PC_ANTIHYPERTENSIVE,primary care,West,458.1666666666667,,False,,,West,,8,,,San Diego,
1725623817,,rule_based,EVT-0161,2024-12-07,PC_ANTIHYPERTENSIVE,primary care,Southwest,776.6666666666666,,False,,,Southwest,,9,,,Las Vegas,
1769234364,,rule_based,EVT-0161,2024-12-07,PC_ANTIHYPERTENSIVE,primary care,Southwest,226.66666666666666,,False,,,Southwest,,21,,,Tulsa,
1806479196,,rule_based,EVT-0161,2024-12-07,PC_ANTIHYPERTENSIVE,primary care,Southwest,652.1666666666666,,False,,,Southwest,,16,,,Oklahoma City,
1812815243,,rule_based,EVT-0161,2024-12-07,PC_ANTIHYPERTENSIVE,primary care,Midwest,916.5,,False,,,Midwest,,7,,,Milwaukee,
1903798589,,rule_based,EVT-0161,2024-12-07,PC_ANTIHYPERTENSIVE,primary care,Southwest,460.1666666666667,,False,,,Southwest,,19,,,Austin,
1908168895,1219172859,rule_based,EVT-0161,2024-12-07,PC_ANTIHYPERTENSIVE,primary care,Southwest,218.16666666666666,216.0,True,1,primary care,Southwest,Southwest,16,13,0.9931245225362829,Albuquerque,Austin
1922670785,,rule_based,EVT-0161,2024-12-07,PC_ANTIHYPERTENSIVE,primary care,Southeast,461.5,,False,,,Southeast,,30,,,Augusta,
1924355757,,rule_based,EVT-0161,2024-12-07,PC_ANTIHYPERTENSIVE,primary care,Southwest,527.0,,False,,,Southwest,,7,,,Albuquerque,
1927430854,,rule_based,EVT-0161,2024-12-07,PC_ANTIHYPERTENSIVE,primary care,Southeast,800.8333333333334,,False,,,Southeast,,13,,,Richmond,
1644815767,,rule_based,EVT-0161,2024-12-07,PC_ANTIHYPERTENSIVE,primary care,West,467.0,,False,,,West,,16,,,Tacoma,
1058647219,,rule_based,EVT-0162,2024-12-10,PULM_ICS_LABA_INH,pulmonology,Northeast,432.0,,False,,,Northeast,,11,,,Albany,
1075036339,1767249513,rule_based,EVT-0162,2024-12-10,PULM_ICS_LABA_INH,pulmonology,West,195.5,180.16666666666666,True,1,pulmonology,West,West,5,8,7.843137254901967,Tacoma,Boulder
1204959187,,rule_based,EVT-0162,2024-12-10,PULM_ICS_LABA_INH,pulmonology,Southeast,188.5,,False,,,Southeast,,11,,,Macon,
1330067194,,rule_based,EVT-0162,2024-12-10,PULM_ICS_LABA_INH,pulmonology,West,434.0,,False,,,West,,13,,,Seattle,
1352578078,1081238747,rule_based,EVT-0162,2024-12-10,PULM_ICS_LABA_INH,pulmonology,Southeast,367.5,346.6666666666667,True,1,pulmonology,Southeast,Southeast,14,13,5.668934240362806,Huntsville,Tampa
1547244776,1573445784,rule_based,EVT-0162,2024-12-10,PULM_ICS_LABA_INH,pulmonology,Northeast,189.33333333333334,191.66666666666666,True,1,pulmonology,Northeast,Northeast,18,16,1.232394366197173,Cambridge,Springfield
1050705288,,rule_based,EVT-0163,2024-12-13,CV_ANTICOAG_ORAL,endocrinology,Southeast,713.6666666666666,,False,,,Southeast,,21,,,Atlanta,
1095874958,1026926489,rule_based,EVT-0163,2024-12-13,CV_ANTICOAG_ORAL,neurology,Southeast,273.0,277.8333333333333,True,1,neurology,Southeast,Southeast,8,9,1.7704517704517635,Tampa,Tampa
1126098163,,rule_based,EVT-0163,2024-12-13,CV_ANTICOAG_ORAL,pulmonology,Southeast,147.33333333333334,,False,,,Southeast,,24,,,Greenville,
1145899849,,rule_based,EVT-0163,2024-12-13,CV_ANTICOAG_ORAL,primary care,West,271.3333333333333,,False,,,West,,17,,,Portland,
1159841240,,rule_based,EVT-0163,2024-12-13,CV_ANTICOAG_ORAL,neurology,Southeast,664.8333333333334,,False,,,Southeast,,17,,,Charlotte,
1168657405,,rule_based,EVT-0163,2024-12-13,CV_ANTICOAG_ORAL,pulmonology,Southeast,72.0,,False,,,Southeast,,12,,,Nashville,
1196385359,1815549120,rule_based,EVT-0163,2024-12-13,CV_ANTICOAG_ORAL,neurology,Southwest,74.5,68.83333333333333,True,1,neurology,Southwest,Southwest,12,9,7.606263982102915,San Antonio,Oklahoma City
1198262952,1536141264,rule_based,EVT-0163,2024-12-13,CV_ANTICOAG_ORAL,pulmonology,Northeast,262.5,264.1666666666667,True,1,pulmonology,Northeast,Northeast,5,7,0.6349206349206421,Hartford,Stamford
1200096471,,rule_based,EVT-0163,2024-12-13,CV_ANTICOAG_ORAL,primary care,Southeast,143.33333333333334,,False,,,Southeast,,10,,,Mobile,
1216532808,1214210316,rule_based,EVT-0163,2024-12-13,CV_ANTICOAG_ORAL,oncology,Southeast,68.5,69.33333333333333,True,1,oncology,Southeast,Southeast,12,15,1.2165450121654433,Mobile,Charlotte
1216575070,,rule_based,EVT-0163,2024-12-13,CV_ANTICOAG_ORAL,primary care,Midwest,186.16666666666666,,False,,,Midwest,,11,,,Columbia,
1250017203,,rule_based,EVT-0163,2024-12-13,CV_ANTICOAG_ORAL,pulmonology,Southeast,266.1666666666667,,False,,,Southeast,,22,,,Durham,
1315385710,,rule_based,EVT-0163,2024-12-13,CV_ANTICOAG_ORAL,primary care,Northeast,697.1666666666666,,False,,,Northeast,,20,,,Worcester,
1352578078,,rule_based,EVT-0163,2024-12-13,CV_ANTICOAG_ORAL,pulmonology,Southeast,178.16666666666666,,False,,,Southeast,,14,,,Huntsville,
1449331358,1588179048,rule_based,EVT-0163,2024-12-13,CV_ANTICOAG_ORAL,pulmonology,Midwest,75.16666666666667,72.66666666666667,True,1,pulmonology,Midwest,Midwest,9,12,3.325942350332594,Lansing,Milwaukee
1555114069,1123562633,rule_based,EVT-0163,2024-12-13,CV_ANTICOAG_ORAL,oncology,Southeast,66.66666666666667,68.33333333333333,True,1,oncology,Southeast,Southeast,11,8,2.499999999999986,Richmond,Charleston
1592062677,,rule_based,EVT-0163,2024-12-13,CV_ANTICOAG_ORAL,neurology,Southeast,290.0,,False,,,Southeast,,9,,,Nashville,
1647196991,,rule_based,EVT-0163,2024-12-13,CV_ANTICOAG_ORAL,rheumatology,Southeast,77.5,,False,,,Southeast,,8,,,Richmond,
1657025858,1708639657,rule_based,EVT-0163,2024-12-13,CV_ANTICOAG_ORAL,endocrinology,Northeast,108.66666666666667,111.33333333333333,True,1,endocrinology,Northeast,Northeast,10,7,2.453987730061341,Buffalo,Worcester
1666389063,,rule_based,EVT-0163,2024-12-13,CV_ANTICOAG_ORAL,endocrinology,Midwest,109.83333333333333,,False,,,Midwest,,17,,,Indianapolis,
1688976343,1713731663,rule_based,EVT-0163,2024-12-13,CV_ANTICOAG_ORAL,pulmonology,Southeast,453.8333333333333,485.1666666666667,True,1,pulmonology,Southeast,Southeast,14,14,6.904149834741102,Charlotte,Mobile
1703413967,,rule_based,EVT-0163,2024-12-13,CV_ANTICOAG_ORAL,endocrinology,West,298.5,,False,,,West,,26,,,Boulder,
1704308638,,rule_based,EVT-0163,2024-12-13,CV_ANTICOAG_ORAL,pulmonology,Southeast,182.83333333333334,,False,,,Southeast,,15,,,Arlington,
1732527431,1364720148,rule_based,EVT-0163,2024-12-13,CV_ANTICOAG_ORAL,primary care,Southeast,275.8333333333333,261.0,True,1,primary care,Southeast,Southeast,9,6,5.377643504531716,Arlington,Miami
1742859469,,rule_based,EVT-0163,2024-12-13,CV_ANTICOAG_ORAL,pulmonology,West,259.3333333333333,,False,,,West,,2,,,Spokane,
1793685516,,rule_based,EVT-0163,2024-12-13,CV_ANTICOAG_ORAL,cardiology,Southeast,272.8333333333333,,False,,,Southeast,,16,,,Birmingham,
1832506087,,rule_based,EVT-0163,2024-12-13,CV_ANTICOAG_ORAL,primary care,Midwest,663.6666666666666,,False,,,Midwest,,14,,,Grand Rapids,
1910188758,,rule_based,EVT-0163,2024-12-13,CV_ANTICOAG_ORAL,endocrinology,Southeast,97.16666666666667,,False,,,Southeast,,16,,,Charlottesville,
1927430854,,rule_based,EVT-0163,2024-12-13,CV_ANTICOAG_ORAL,primary care,Southeast,461.5,,False,,,Southeast,,13,,,Richmond,
1934829601,,rule_based,EVT-0163,2024-12-13,CV_ANTICOAG_ORAL,cardiology,Midwest,306.0,,False,,,Midwest,,13,,,Toledo,
1944079924,,rule_based,EVT-0163,2024-12-13,CV_ANTICOAG_ORAL,rheumatology,Southeast,517.6666666666666,,False,,,Southeast,,14,,,Columbia,
1955620046,,rule_based,EVT-0163,2024-12-13,CV_ANTICOAG_ORAL,primary care,Southeast,386.0,,False,,,Southeast,,8,,,Birmingham,
1991291398,,rule_based,EVT-0163,2024-12-13,CV_ANTICOAG_ORAL,rheumatology,Southwest,632.3333333333334,,False,,,Southwest,,11,,,Austin,
1025978341,,rule_based,EVT-0164,2024-12-15,ENDO_BASAL_INSULIN,endocrinology,Northeast,528.1666666666666,,False,,,Northeast,,12,,,Hartford,
1028436479,,rule_based,EVT-0164,2024-12-15,ENDO_BASAL_INSULIN,endocrinology,Southwest,231.83333333333334,,False,,,Southwest,,15,,,Las Vegas,
1137408567,,rule_based,EVT-0164,2024-12-15,ENDO_BASAL_INSULIN,endocrinology,Northeast,716.1666666666666,,False,,,Northeast,,10,,,Allentown,
1257723886,,rule_based,EVT-0164,2024-12-15,ENDO_BASAL_INSULIN,endocrinology,Southwest,755.8333333333334,,False,,,Southwest,,11,,,Phoenix,
1394609428,,rule_based,EVT-0164,2024-12-15,ENDO_BASAL_INSULIN,endocrinology,Southwest,890.1666666666666,,False,,,Southwest,,4,,,Reno,
1423753536,,rule_based,EVT-0164,2024-12-15,ENDO_BASAL_INSULIN,endocrinology,Northeast,354.6666666666667,,False,,,Northeast,,19,,,Allentown,
1630629040,,rule_based,EVT-0164,2024-12-15,ENDO_BASAL_INSULIN,endocrinology,Southeast,170.0,,False,,,Southeast,,6,,,Greenville,
1645233598,,rule_based,EVT-0164,2024-12-15,ENDO_BASAL_INSULIN,endocrinology,Northeast,585.3333333333334,,False,,,Northeast,,10,,,Boston,
1657025858,,rule_based,EVT-0164,2024-12-15,ENDO_BASAL_INSULIN,endocrinology,Northeast,463.3333333333333,,False,,,Northeast,,10,,,Buffalo,
1702497342,1694658844,rule_based,EVT-0164,2024-12-15,ENDO_BASAL_INSULIN,endocrinology,Southeast,367.6666666666667,372.3333333333333,True,1,endocrinology,Southeast,Southeast,9,6,1.2692656391659007,Knoxville,Knoxville
1740626134,1999506508,rule_based,EVT-0164,2024-12-15,ENDO_BASAL_INSULIN,endocrinology,Southwest,211.83333333333334,207.5,True,1,endocrinology,Southwest,Southwest,5,4,2.0456333595594063,Oklahoma City,Mesa
1836314447,,rule_based,EVT-0164,2024-12-15,ENDO_BASAL_INSULIN,endocrinology,Southeast,423.1666666666667,,False,,,Southeast,,5,,,Richmond,
1880426881,,rule_based,EVT-0164,2024-12-15,ENDO_BASAL_INSULIN,endocrinology,Northeast,484.8333333333333,,False,,,Northeast,,10,,,Buffalo,
1910188758,,rule_based,EVT-0164,2024-12-15,ENDO_BASAL_INSULIN,endocrinology,Southeast,142.16666666666666,,False,,,Southeast,,16,,,Charlottesville,
1964945871,1730655531,rule_based,EVT-0164,2024-12-15,ENDO_BASAL_INSULIN,endocrinology,Northeast,404.1666666666667,419.8333333333333,True,1,endocrinology,Northeast,Northeast,6,9,3.876288659793805,New Haven,New Haven
1025231352,,rule_based,EVT-0165,2024-12-19,CV_ANTICOAG_ORAL,rheumatology,Northeast,244.33333333333334,,False,,,Northeast,,6,,,Syracuse,
1050705288,,rule_based,EVT-0165,2024-12-19,CV_ANTICOAG_ORAL,endocrinology,Southeast,713.6666666666666,,False,,,Southeast,,21,,,Atlanta,
1065091666,1200437733,rule_based,EVT-0165,2024-12-19,CV_ANTICOAG_ORAL,endocrinology,West,140.0,137.0,True,1,endocrinology,West,West,9,11,2.142857142857143,Los Angeles,Eugene
1074076039,1836894604,rule_based,EVT-0165,2024-12-19,CV_ANTICOAG_ORAL,cardiology,Southeast,203.16666666666666,214.16666666666666,True,1,cardiology,Southeast,Southeast,12,12,5.4142739950779335,Charlottesville,Norfolk
1123148250,,rule_based,EVT-0165,2024-12-19,CV_ANTICOAG_ORAL,cardiology,Southwest,279.8333333333333,,False,,,Southwest,,19,,,Austin,
1124726435,,rule_based,EVT-0165,2024-12-19,CV_ANTICOAG_ORAL,primary care,Northeast,710.1666666666666,,False,,,Northeast,,14,,,Allentown,
1126098163,,rule_based,EVT-0165,2024-12-19,CV_ANTICOAG_ORAL,pulmonology,Southeast,147.33333333333334,,False,,,Southeast,,24,,,Greenville,
1136500869,,rule_based,EVT-0165,2024-12-19,CV_ANTICOAG_ORAL,endocrinology,Southeast,385.6666666666667,,False,,,Southeast,,18,,,Arlington,
1178533166,1508064668,rule_based,EVT-0165,2024-12-19,CV_ANTICOAG_ORAL,endocrinology,Southeast,100.66666666666667,91.33333333333333,True,1,endocrinology,Southeast,Southeast,9,12,9.271523178807955,Memphis,Charlottesville
1180932224,1838439200,rule_based,EVT-0165,2024-12-19,CV_ANTICOAG_ORAL,primary care,Southeast,320.8333333333333,337.1666666666667,True,1,primary care,Southeast,Southeast,19,16,5.090909090909103,Savannah,Greenville
1194203331,,rule_based,EVT-0165,2024-12-19,CV_ANTICOAG_ORAL,rheumatology,Southeast,266.0,,False,,,Southeast,,5,,,Columbia,
1219516501,,rule_based,EVT-0165,2024-12-19,CV_ANTICOAG_ORAL,endocrinology,Midwest,416.5,,False,,,Midwest,,7,,,Madison,
1238983617,1349686455,rule_based,EVT-0165,2024-12-19,CV_ANTICOAG_ORAL,pulmonology,Southeast,172.0,172.5,True,1,pulmonology,Southeast,Southeast,13,10,0.29069767441860467,Memphis,Savannah
1246066447,,rule_based,EVT-0165,2024-12-19,CV_ANTICOAG_ORAL,rheumatology,Southwest,238.16666666666666,,False,,,Southwest,,28,,,Mesa,
1257723886,,rule_based,EVT-0165,2024-12-19,CV_ANTICOAG_ORAL,endocrinology,Southwest,272.3333333333333,,False,,,Southwest,,11,,,Phoenix,
1355374483,,rule_based,EVT-0165,2024-12-19,CV_ANTICOAG_ORAL,primary care,West,268.1666666666667,,False,,,West,,3,,,Eugene,
1364458855,,rule_based,EVT-0165,2024-12-19,CV_ANTICOAG_ORAL,endocrinology,Southeast,246.0,,False,,,Southeast,,14,,,Columbia,
1375349903,1583696442,rule_based,EVT-0165,2024-12-19,CV_ANTICOAG_ORAL,endocrinology,West,143.33333333333334,143.66666666666666,True,1,endocrinology,West,West,18,18,0.23255813953487048,Boulder,Portland
1394609428,,rule_based,EVT-0165,2024-12-19,CV_ANTICOAG_ORAL,endocrinology,Southwest,597.6666666666666,,False,,,Southwest,,4,,,Reno,
1453128708,,rule_based,EVT-0165,2024-12-19,CV_ANTICOAG_ORAL,endocrinology,Northeast,120.16666666666667,,False,,,Northeast,,22,,,Cambridge,
1475115246,,rule_based,EVT-0165,2024-12-19,CV_ANTICOAG_ORAL,cardiology,Southeast,196.16666666666666,,False,,,Southeast,,17,,,Macon,
1518121706,,rule_based,EVT-0165,2024-12-19,CV_ANTICOAG_ORAL,endocrinology,Southeast,228.16666666666666,,False,,,Southeast,,16,,,Charleston,
1533003293,,rule_based,EVT-0165,2024-12-19,CV_ANTICOAG_ORAL,pulmonology,Midwest,481.6666666666667,,False,,,Midwest,,5,,,Green Bay,
1557944620,,rule_based,EVT-0165,2024-12-19,CV_ANTICOAG_ORAL,primary care,Southwest,708.0,,False,,,Southwest,,21,,,Reno,
1595774286,,rule_based,EVT-0165,2024-12-19,CV_ANTICOAG_ORAL,rheumatology,Midwest,244.5,,False,,,Midwest,,13,,,Peoria,
1631526641,,rule_based,EVT-0165,2024-12-19,CV_ANTICOAG_ORAL,cardiology,Southwest,264.1666666666667,,False,,,Southwest,,16,,,Oklahoma City,
1645233598,,rule_based,EVT-0165,2024-12-19,CV_ANTICOAG_ORAL,endocrinology,Northeast,600.1666666666666,,False,,,Northeast,,10,,,Boston,
1670701188,,rule_based,EVT-0165,2024-12-19,CV_ANTICOAG_ORAL,cardiology,Southeast,355.8333333333333,,False,,,Southeast,,7,,,Chattanooga,
1688976343,1713731663,rule_based,EVT-0165,2024-12-19,CV_ANTICOAG_ORAL,pulmonology,Southeast,453.8333333333333,485.1666666666667,True,1,pulmonology,Southeast,Southeast,14,14,6.904149834741102,Charlotte,Mobile
1713444978,,rule_based,EVT-0165,2024-12-19,CV_ANTICOAG_ORAL,endocrinology,Midwest,814.1666666666666,,False,,,Midwest,,11,,,Peoria,
1717519684,,rule_based,EVT-0165,2024-12-19,CV_ANTICOAG_ORAL,endocrinology,Midwest,150.83333333333334,,False,,,Midwest,,22,,,Springfield,
1732000645,,rule_based,EVT-0165,2024-12-19,CV_ANTICOAG_ORAL,cardiology,Southwest,325.3333333333333,,False,,,Southwest,,8,,,Scottsdale,
1732527431,1364720148,rule_based,EVT-0165,2024-12-19,CV_ANTICOAG_ORAL,primary care,Southeast,275.8333333333333,261.0,True,1,primary care,Southeast,Southeast,9,6,5.377643504531716,Arlington,Miami
1736829924,1546273719,rule_based,EVT-0165,2024-12-19,CV_ANTICOAG_ORAL,pulmonology,Southeast,117.66666666666667,113.16666666666667,True,1,pulmonology,Southeast,Southeast,14,15,3.824362606232294,Birmingham,Norfolk
1738903891,,rule_based,EVT-0165,2024-12-19,CV_ANTICOAG_ORAL,endocrinology,Southeast,702.5,,False,,,Southeast,,18,,,Charlotte,
1758794279,,rule_based,EVT-0165,2024-12-19,CV_ANTICOAG_ORAL,endocrinology,Northeast,278.0,,False,,,Northeast,,7,,,Jersey City,
1779411515,1785926670,rule_based,EVT-0165,2024-12-19,CV_ANTICOAG_ORAL,endocrinology,Midwest,158.5,144.66666666666666,True,1,endocrinology,Midwest,Midwest,11,12,8.727655099894854,Kansas City,Green Bay
1815807585,1804484495,rule_based,EVT-0165,2024-12-19,CV_ANTICOAG_ORAL,primary care,Southeast,257.8333333333333,256.0,True,1,primary care,Southeast,Southeast,13,16,0.7110536522301155,Knoxville,Winston-Salem
1862986803,,rule_based,EVT-0165,2024-12-19,CV_ANTICOAG_ORAL,primary care,Midwest,180.0,,False,,,Midwest,,25,,,Grand Rapids,
1867204764,1526834563,rule_based,EVT-0165,2024-12-19,CV_ANTICOAG_ORAL,pulmonology,Southeast,265.8333333333333,265.8333333333333,True,1,pulmonology,Southeast,Southeast,15,15,0.0,Winston-Salem,Columbia
1885189138,,rule_based,EVT-0165,2024-12-19,CV_ANTICOAG_ORAL,cardiology,Northeast,203.16666666666666,,False,,,Northeast,,7,,,Syracuse,
1910188758,,rule_based,EVT-0165,2024-12-19,CV_ANTICOAG_ORAL,endocrinology,Southeast,97.16666666666667,,False,,,Southeast,,16,,,Charlottesville,
1927430854,,rule_based,EVT-0165,2024-12-19,CV_ANTICOAG_ORAL,primary care,Southeast,461.5,,False,,,Southeast,,13,,,Richmond,
1955620046,,rule_based,EVT-0165,2024-12-19,CV_ANTICOAG_ORAL,primary care,Southeast,386.0,,False,,,Southeast,,8,,,Birmingham,
1964945871,,rule_based,EVT-0165,2024-12-19,CV_ANTICOAG_ORAL,endocrinology,Northeast,283.3333333333333,,False,,,Northeast,,6,,,New Haven,
1704331150,,rule_based,EVT-0165,2024-12-19,CV_ANTICOAG_ORAL,endocrinology,West,325.0,,False,,,West,,11,,,Denver,
1259584955,1486382629,rule_based,EVT-0166,2024-12-31,ONC_TARGETED_ORAL,oncology,Northeast,100.0,95.66666666666667,True,1,oncology,Northeast,Northeast,12,10,4.333333333333329,Boston,Bangor
1407931751,1841542198,rule_based,EVT-0166,2024-12-31,ONC_TARGETED_ORAL,oncology,Midwest,117.16666666666667,127.83333333333333,True,1,oncology,Midwest,Midwest,8,6,9.103840682788043,Cincinnati,South Bend
1621842156,,rule_based,EVT-0166,2024-12-31,ONC_TARGETED_ORAL,oncology,Northeast,259.6666666666667,,False,,,Northeast,,28,,,Hershey,
1679256069,,rule_based,EVT-0166,2024-12-31,ONC_TARGETED_ORAL,oncology,Northeast,392.1666666666667,,False,,,Northeast,,34,,,Hershey,
1743613295,1737256036,rule_based,EVT-0166,2024-12-31,ONC_TARGETED_ORAL,oncology,Midwest,159.83333333333334,162.83333333333334,True,1,oncology,Midwest,Midwest,11,9,1.8769551616266942,Cincinnati,Green Bay
1893606271,,rule_based,EVT-0166,2024-12-31,ONC_TARGETED_ORAL,oncology,Southwest,364.8333333333333,,False,,,Southwest,,7,,,Austin,
1018018261,,rule_based,EVT-0167,2024-12-31,CV_ANTICOAG_ORAL,primary care,Northeast,373.1666666666667,,False,,,Northeast,,13,,,Newark,
1025978341,,rule_based,EVT-0167,2024-12-31,CV_ANTICOAG_ORAL,endocrinology,Northeast,576.5,,False,,,Northeast,,12,,,Hartford,
1036327983,1434523506,rule_based,EVT-0167,2024-12-31,CV_ANTICOAG_ORAL,primary care,West,104.83333333333333,109.16666666666667,True,1,primary care,West,West,8,6,4.133545310015908,Portland,San Diego
1076376403,,rule_based,EVT-0167,2024-12-31,CV_ANTICOAG_ORAL,endocrinology,Northeast,242.16666666666666,,False,,,Northeast,,18,,,Boston,
1102089657,,rule_based,EVT-0167,2024-12-31,CV_ANTICOAG_ORAL,primary care,Northeast,123.0,,False,,,Northeast,,10,,,New Haven,
1133130363,,rule_based,EVT-0167,2024-12-31,CV_ANTICOAG_ORAL,primary care,Northeast,234.0,,False,,,Northeast,,13,,,Hartford,
1136500869,,rule_based,EVT-0167,2024-12-31,CV_ANTICOAG_ORAL,endocrinology,Southeast,385.6666666666667,,False,,,Southeast,,18,,,Arlington,
1169614082,,rule_based,EVT-0167,2024-12-31,CV_ANTICOAG_ORAL,primary care,Midwest,85.5,,False,,,Midwest,,19,,,Madison,
1227780172,1219172859,rule_based,EVT-0167,2024-12-31,CV_ANTICOAG_ORAL,primary care,Southwest,263.5,270.0,True,1,primary care,Southwest,Southwest,11,13,2.4667931688804554,Scottsdale,Austin
1237205202,,rule_based,EVT-0167,2024-12-31,CV_ANTICOAG_ORAL,endocrinology,Northeast,84.83333333333333,,False,,,Northeast,,13,,,Buffalo,
1264333323,,rule_based,EVT-0167,2024-12-31,CV_ANTICOAG_ORAL,primary care,Northeast,405.1666666666667,,False,,,Northeast,,12,,,New York,
1268222167,,rule_based,EVT-0167,2024-12-31,CV_ANTICOAG_ORAL,primary care,Midwest,385.6666666666667,,False,,,Midwest,,19,,,Fort Wayne,
1271768685,,rule_based,EVT-0167,2024-12-31,CV_ANTICOAG_ORAL,primary care,Midwest,303.3333333333333,,False,,,Midwest,,8,,,St. Paul,
1282948292,,rule_based,EVT-0167,2024-12-31,CV_ANTICOAG_ORAL,rheumatology,Midwest,21.833333333333332,,False,,,Midwest,,5,,,Madison,
1321405205,1479078465,rule_based,EVT-0167,2024-12-31,CV_ANTICOAG_ORAL,primary care,West,132.33333333333334,127.83333333333333,True,1,primary care,West,West,10,12,3.400503778337542,San Jose,Portland
1333393084,,rule_based,EVT-0167,2024-12-31,CV_ANTICOAG_ORAL,primary care,Midwest,102.83333333333333,,False,,,Midwest,,9,,,Madison,
1335670091,,rule_based,EVT-0167,2024-12-31,CV_ANTICOAG_ORAL,primary care,Midwest,358.0,,False,,,Midwest,,11,,,Indianapolis,
1357524945,,rule_based,EVT-0167,2024-12-31,CV_ANTICOAG_ORAL,rheumatology,Midwest,251.5,,False,,,Midwest,,8,,,Detroit,
1377426493,,rule_based,EVT-0167,2024-12-31,CV_ANTICOAG_ORAL,primary care,West,379.8333333333333,,False,,,West,,13,,,Portland,
1393791409,,rule_based,EVT-0167,2024-12-31,CV_ANTICOAG_ORAL,rheumatology,Midwest,191.33333333333334,,False,,,Midwest,,25,,,Rockford,
1394609428,,rule_based,EVT-0167,2024-12-31,CV_ANTICOAG_ORAL,endocrinology,Southwest,597.6666666666666,,False,,,Southwest,,4,,,Reno,
1397955463,,rule_based,EVT-0167,2024-12-31,CV_ANTICOAG_ORAL,primary care,Southeast,399.5,,False,,,Southeast,,14,,,Chattanooga,
1435949049,,rule_based,EVT-0167,2024-12-31,CV_ANTICOAG_ORAL,rheumatology,Northeast,401.1666666666667,,False,,,Northeast,,4,,,Bangor,
1436505063,,rule_based,EVT-0167,2024-12-31,CV_ANTICOAG_ORAL,primary care,Midwest,323.0,,False,,,Midwest,,12,,,Milwaukee,
1451968915,,rule_based,EVT-0167,2024-12-31,CV_ANTICOAG_ORAL,primary care,Midwest,87.83333333333333,,False,,,Midwest,,12,,,Lansing,
1455779946,,rule_based,EVT-0167,2024-12-31,CV_ANTICOAG_ORAL,primary care,Southwest,602.6666666666666,,False,,,Southwest,,33,,,Tulsa,
1456207657,,rule_based,EVT-0167,2024-12-31,CV_ANTICOAG_ORAL,primary care,Midwest,372.6666666666667,,False,,,Midwest,,10,,,Minneapolis,
1484724632,,rule_based,EVT-0167,2024-12-31,CV_ANTICOAG_ORAL,primary care,Northeast,204.66666666666666,,False,,,Northeast,,14,,,Princeton,
1523498065,1174238463,rule_based,EVT-0167,2024-12-31,CV_ANTICOAG_ORAL,primary care,Southeast,105.33333333333333,111.16666666666667,True,1,primary care,Southeast,Southeast,15,14,5.537974683544313,Columbia,Raleigh
1551107307,,rule_based,EVT-0167,2024-12-31,CV_ANTICOAG_ORAL,endocrinology,Midwest,379.0,,False,,,Midwest,,12,,,Peoria,
1552813903,,rule_based,EVT-0167,2024-12-31,CV_ANTICOAG_ORAL,primary care,Northeast,467.3333333333333,,False,,,Northeast,,10,,,Newark,
1555906795,,rule_based,EVT-0167,2024-12-31,CV_ANTICOAG_ORAL,pulmonology,Midwest,270.6666666666667,,False,,,Midwest,,13,,,Green Bay,
1595774286,,rule_based,EVT-0167,2024-12-31,CV_ANTICOAG_ORAL,rheumatology,Midwest,244.5,,False,,,Midwest,,13,,,Peoria,
1610820601,1842420535,rule_based,EVT-0167,2024-12-31,CV_ANTICOAG_ORAL,primary care,Midwest,226.83333333333334,239.33333333333334,True,1,primary care,Midwest,Midwest,9,11,5.510653930933137,Lansing,Springfield
1686880901,1905395731,rule_based,EVT-0167,2024-12-31,CV_ANTICOAG_ORAL,primary care,West,54.166666666666664,54.833333333333336,True,1,primary care,West,West,13,13,1.2307692307692397,Salt Lake City,Boulder
1688976343,1713731663,rule_based,EVT-0167,2024-12-31,CV_ANTICOAG_ORAL,pulmonology,Southeast,453.8333333333333,485.1666666666667,True,1,pulmonology,Southeast,Southeast,14,14,6.904149834741102,Charlotte,Mobile
1689916181,,rule_based,EVT-0167,2024-12-31,CV_ANTICOAG_ORAL,primary care,Northeast,244.5,,False,,,Northeast,,6,,,Bangor,
1703413967,,rule_based,EVT-0167,2024-12-31,CV_ANTICOAG_ORAL,endocrinology,West,298.5,,False,,,West,,26,,,Boulder,
1704331150,,rule_based,EVT-0167,2024-12-31,CV_ANTICOAG_ORAL,endocrinology,West,325.0,,False,,,West,,11,,,Denver,
1740626134,,rule_based,EVT-0167,2024-12-31,CV_ANTICOAG_ORAL,endocrinology,Southwest,308.5,,False,,,Southwest,,5,,,Oklahoma City,
1747637738,,rule_based,EVT-0167,2024-12-31,CV_ANTICOAG_ORAL,primary care,Midwest,205.0,,False,,,Midwest,,7,,,Chicago,
1788421810,,rule_based,EVT-0167,2024-12-31,CV_ANTICOAG_ORAL,neurology,Northeast,168.5,,False,,,Northeast,,15,,,Springfield,
1803502636,,rule_based,EVT-0167,2024-12-31,CV_ANTICOAG_ORAL,endocrinology,Northeast,340.8333333333333,,False,,,Northeast,,7,,,Princeton,
1812815243,,rule_based,EVT-0167,2024-12-31,CV_ANTICOAG_ORAL,primary care,Midwest,336.3333333333333,,False,,,Midwest,,7,,,Milwaukee,
1824172013,,rule_based,EVT-0167,2024-12-31,CV_ANTICOAG_ORAL,primary care,Midwest,399.5,,False,,,Midwest,,10,,,Grand Rapids,
1832506087,,rule_based,EVT-0167,2024-12-31,CV_ANTICOAG_ORAL,primary care,Midwest,663.6666666666666,,False,,,Midwest,,14,,,Grand Rapids,
1836939912,,rule_based,EVT-0167,2024-12-31,CV_ANTICOAG_ORAL,neurology,Southeast,82.33333333333333,,False,,,Southeast,,6,,,Savannah,
1848624494,,rule_based,EVT-0167,2024-12-31,CV_ANTICOAG_ORAL,primary care,Midwest,312.0,,False,,,Midwest,,14,,,Kansas City,
1903798589,,rule_based,EVT-0167,2024-12-31,CV_ANTICOAG_ORAL,primary care,Southwest,306.5,,False,,,Southwest,,19,,,Austin,
1927430854,,rule_based,EVT-0167,2024-12-31,CV_ANTICOAG_ORAL,primary care,Southeast,461.5,,False,,,Southeast,,13,,,Richmond,
1934763735,,rule_based,EVT-0167,2024-12-31,CV_ANTICOAG_ORAL,cardiology,Midwest,350.3333333333333,,False,,,Midwest,,7,,,Rockford,
1937514325,,rule_based,EVT-0167,2024-12-31,CV_ANTICOAG_ORAL,primary care,West,271.8333333333333,,False,,,West,,15,,,Colorado Springs,
1042224778,,rule_based,EVT-0168,2025-01-01,METABOLIC_GLP1_INJ,cardiology,Northeast,471.8333333333333,,False,,,Northeast,,6,,,Albany,
1044666919,,rule_based,EVT-0168,2025-01-01,METABOLIC_GLP1_INJ,neurology,Southeast,262.6666666666667,,False,,,Southeast,,17,,,Greenville,
1065091666,1257768279,rule_based,EVT-0168,2025-01-01,METABOLIC_GLP1_INJ,endocrinology,West,238.5,235.33333333333334,True,1,endocrinology,West,West,9,11,1.3277428371767954,Los Angeles,Tacoma
1074076039,,rule_based,EVT-0168,2025-01-01,METABOLIC_GLP1_INJ,cardiology,Southeast,329.5,,False,,,Southeast,,12,,,Charlottesville,
1078096579,1304105269,rule_based,EVT-0168,2025-01-01,METABOLIC_GLP1_INJ,cardiology,Midwest,168.83333333333334,185.5,True,1,cardiology,Midwest,Midwest,13,11,9.871668311944712,Rochester,Green Bay
1095874958,1026926489,rule_based,EVT-0168,2025-01-01,METABOLIC_GLP1_INJ,neurology,Southeast,192.33333333333334,191.83333333333334,True,1,neurology,Southeast,Southeast,8,9,0.2599653379549393,Tampa,Tampa
1123148250,,rule_based,EVT-0168,2025-01-01,METABOLIC_GLP1_INJ,cardiology,Southwest,398.1666666666667,,False,,,Southwest,,19,,,Austin,
1213511599,,rule_based,EVT-0168,2025-01-01,METABOLIC_GLP1_INJ,primary care,Northeast,1046.1666666666667,,False,,,Northeast,,30,,,Bangor,
1241711534,,rule_based,EVT-0168,2025-01-01,METABOLIC_GLP1_INJ,primary care,Southeast,138.66666666666666,,False,,,Southeast,,13,,,Columbia,
1246448348,,rule_based,EVT-0168,2025-01-01,METABOLIC_GLP1_INJ,cardiology,Southeast,340.0,,False,,,Southeast,,11,,,Orlando,
1250474354,,rule_based,EVT-0168,2025-01-01,METABOLIC_GLP1_INJ,pulmonology,Southeast,52.666666666666664,,False,,,Southeast,,16,,,Augusta,
1263807582,,rule_based,EVT-0168,2025-01-01,METABOLIC_GLP1_INJ,primary care,Northeast,493.1666666666667,,False,,,Northeast,,7,,,Syracuse,
1332369119,,rule_based,EVT-0168,2025-01-01,METABOLIC_GLP1_INJ,cardiology,Southeast,77.83333333333333,,False,,,Southeast,,9,,,Raleigh,
1350739367,,rule_based,EVT-0168,2025-01-01,METABOLIC_GLP1_INJ,cardiology,Northeast,162.33333333333334,,False,,,Northeast,,16,,,Hershey,
1385532449,,rule_based,EVT-0168,2025-01-01,METABOLIC_GLP1_INJ,primary care,Southeast,376.0,,False,,,Southeast,,6,,,Atlanta,
1386514024,1933607412,rule_based,EVT-0168,2025-01-01,METABOLIC_GLP1_INJ,cardiology,West,130.5,118.33333333333333,True,1,cardiology,West,West,10,12,9.323116219667947,Sacramento,Tacoma
1423152481,,rule_based,EVT-0168,2025-01-01,METABOLIC_GLP1_INJ,primary care,Southeast,515.1666666666666,,False,,,Southeast,,11,,,Chattanooga,
1443520683,1742318383,rule_based,EVT-0168,2025-01-01,METABOLIC_GLP1_INJ,cardiology,Midwest,161.83333333333334,152.66666666666666,True,1,cardiology,Midwest,Midwest,9,8,5.664263645726067,Chicago,Columbia
1467704312,,rule_based,EVT-0168,2025-01-01,METABOLIC_GLP1_INJ,neurology,Northeast,197.66666666666666,,False,,,Northeast,,13,,,Worcester,
1475115246,1714292012,rule_based,EVT-0168,2025-01-01,METABOLIC_GLP1_INJ,cardiology,Southeast,209.66666666666666,197.0,True,1,cardiology,Southeast,Southeast,17,14,6.041335453100155,Macon,Tampa
1524065749,,rule_based,EVT-0168,2025-01-01,METABOLIC_GLP1_INJ,rheumatology,Northeast,113.5,,False,,,Northeast,,16,,,Worcester,
1567742360,1873780039,rule_based,EVT-0168,2025-01-01,METABOLIC_GLP1_INJ,primary care,West,346.6666666666667,346.6666666666667,True,1,primary care,West,West,8,9,0.0,Provo,Provo
1595774286,,rule_based,EVT-0168,2025-01-01,METABOLIC_GLP1_INJ,rheumatology,Midwest,190.16666666666666,,False,,,Midwest,,13,,,Peoria,
1610177150,,rule_based,EVT-0168,2025-01-01,METABOLIC_GLP1_INJ,cardiology,Southeast,237.16666666666666,,False,,,Southeast,,19,,,Mobile,
1631526641,,rule_based,EVT-0168,2025-01-01,METABOLIC_GLP1_INJ,cardiology,Southwest,271.5,,False,,,Southwest,,16,,,Oklahoma City,
1639269087,1209566128,rule_based,EVT-0168,2025-01-01,METABOLIC_GLP1_INJ,primary care,Northeast,476.1666666666667,508.0,True,1,primary care,Northeast,Northeast,18,15,6.6853342667133315,Buffalo,Stamford
1640263392,,rule_based,EVT-0168,2025-01-01,METABOLIC_GLP1_INJ,oncology,Southeast,152.5,,False,,,Southeast,,18,,,Winston-Salem,
1648553570,,rule_based,EVT-0168,2025-01-01,METABOLIC_GLP1_INJ,cardiology,Southwest,817.3333333333334,,False,,,Southwest,,11,,,Houston,
1655321622,1871372714,rule_based,EVT-0168,2025-01-01,METABOLIC_GLP1_INJ,cardiology,Northeast,119.0,127.66666666666667,True,1,cardiology,Northeast,Northeast,19,19,7.282913165266111,Worcester,Portland
1701585576,,rule_based,EVT-0168,2025-01-01,METABOLIC_GLP1_INJ,cardiology,Southwest,167.66666666666666,,False,,,Southwest,,9,,,Scottsdale,
1714986282,1300832031,rule_based,EVT-0168,2025-01-01,METABOLIC_GLP1_INJ,cardiology,West,246.33333333333334,248.5,True,1,cardiology,West,West,10,11,0.8795669824086565,Tacoma,Spokane
1738903891,,rule_based,EVT-0168,2025-01-01,METABOLIC_GLP1_INJ,endocrinology,Southeast,344.5,,False,,,Southeast,,18,,,Charlotte,
1766730505,,rule_based,EVT-0168,2025-01-01,METABOLIC_GLP1_INJ,cardiology,Midwest,270.3333333333333,,False,,,Midwest,,12,,,Ann Arbor,
1793685516,1743431961,rule_based,EVT-0168,2025-01-01,METABOLIC_GLP1_INJ,cardiology,Southeast,62.0,62.666666666666664,True,1,cardiology,Southeast,Southeast,16,14,1.0752688172042972,Birmingham,Charleston
1815807585,,rule_based,EVT-0168,2025-01-01,METABOLIC_GLP1_INJ,primary care,Southeast,472.6666666666667,,False,,,Southeast,,13,,,Knoxville,
1827318308,,rule_based,EVT-0168,2025-01-01,METABOLIC_GLP1_INJ,endocrinology,West,164.16666666666666,,False,,,West,,7,,,Provo,
1862986803,1191545544,rule_based,EVT-0168,2025-01-01,METABOLIC_GLP1_INJ,primary care,Midwest,344.6666666666667,329.0,True,1,primary care,Midwest,Midwest,25,22,4.54545454545455,Grand Rapids,Rochester
1903798589,1566276774,rule_based,EVT-0168,2025-01-01,METABOLIC_GLP1_INJ,primary care,Southwest,446.0,483.6666666666667,True,1,primary care,Southwest,Southwest,19,20,8.445440956651723,Austin,Reno
1937514325,1676855970,rule_based,EVT-0168,2025-01-01,METABOLIC_GLP1_INJ,primary care,West,286.8333333333333,313.3333333333333,True,1,primary care,West,West,15,16,9.238814642649624,Colorado Springs,Provo
1489598965,,rule_based,EVT-0167,2024-12-31,CV_ANTICOAG_ORAL,primary care,Southeast,246.0,,False,,,Southeast,,21,,,Charleston,
1020833996,,rule_based,EVT-0169,2025-01-06,NEURO_MIGRAINE_CGRP,neurology,Midwest,226.33333333333334,,False,,,Midwest,,7,,,South Bend,
1044666919,1464676570,rule_based,EVT-0169,2025-01-06,NEURO_MIGRAINE_CGRP,neurology,Southeast,165.16666666666666,167.0,True,1,neurology,Southeast,Southeast,17,19,1.1099899091826495,Greenville,Gainesville
1133616429,,rule_based,EVT-0169,2025-01-06,NEURO_MIGRAINE_CGRP,neurology,Midwest,245.16666666666666,,False,,,Midwest,,10,,,Grand Rapids,
1159841240,,rule_based,EVT-0169,2025-01-06,NEURO_MIGRAINE_CGRP,neurology,Southeast,850.1666666666666,,False,,,Southeast,,17,,,Charlotte,
1204261733,,rule_based,EVT-0169,2025-01-06,NEURO_MIGRAINE_CGRP,neurology,Southeast,242.66666666666666,,False,,,Southeast,,7,,,Chattanooga,
1204787067,1409867656,rule_based,EVT-0169,2025-01-06,NEURO_MIGRAINE_CGRP,neurology,Northeast,160.5,167.83333333333334,True,1,neurology,Northeast,Northeast,13,11,4.5690550363447615,Buffalo,Princeton
1244876920,1569475654,rule_based,EVT-0169,2025-01-06,NEURO_MIGRAINE_CGRP,neurology,West,84.0,85.83333333333333,True,1,neurology,West,West,6,5,2.182539682539677,Eugene,Eugene
1398789739,,rule_based,EVT-0169,2025-01-06,NEURO_MIGRAINE_CGRP,neurology,Northeast,235.66666666666666,,False,,,Northeast,,26,,,Philadelphia,
1486877065,1914644640,rule_based,EVT-0169,2025-01-06,NEURO_MIGRAINE_CGRP,neurology,Northeast,244.0,253.83333333333334,True,1,neurology,Northeast,Northeast,12,11,4.030054644808747,Portland,Worcester
1592062677,,rule_based,EVT-0169,2025-01-06,NEURO_MIGRAINE_CGRP,neurology,Southeast,578.6666666666666,,False,,,Southeast,,9,,,Nashville,
1025231352,,rule_based,EVT-0170,2025-01-07,RHEUM_JAK_ORAL,rheumatology,Northeast,366.0,,False,,,Northeast,,6,,,Syracuse,
1073902250,1641859123,rule_based,EVT-0170,2025-01-07,RHEUM_JAK_ORAL,rheumatology,West,381.1666666666667,397.0,True,1,rheumatology,West,West,10,12,4.153913423699164,Boulder,Denver
1246066447,,rule_based,EVT-0170,2025-01-07,RHEUM_JAK_ORAL,rheumatology,Southwest,574.6666666666666,,False,,,Southwest,,28,,,Mesa,
1273912869,,rule_based,EVT-0170,2025-01-07,RHEUM_JAK_ORAL,rheumatology,Northeast,324.6666666666667,,False,,,Northeast,,16,,,Stamford,
1274985831,,rule_based,EVT-0170,2025-01-07,RHEUM_JAK_ORAL,rheumatology,Southwest,345.3333333333333,,False,,,Southwest,,5,,,Tucson,
1357524945,,rule_based,EVT-0170,2025-01-07,RHEUM_JAK_ORAL,rheumatology,Midwest,1168.6666666666667,,False,,,Midwest,,8,,,Detroit,
1595774286,,rule_based,EVT-0170,2025-01-07,RHEUM_JAK_ORAL,rheumatology,Midwest,660.5,,False,,,Midwest,,13,,,Peoria,
1598661571,1775551348,rule_based,EVT-0170,2025-01-07,RHEUM_JAK_ORAL,rheumatology,Northeast,485.0,489.0,True,1,rheumatology,Northeast,Northeast,10,11,0.8247422680412372,Stamford,Newark
1616839134,,rule_based,EVT-0170,2025-01-07,RHEUM_JAK_ORAL,rheumatology,Northeast,1052.3333333333333,,False,,,Northeast,,10,,,New Haven,
1647196991,,rule_based,EVT-0170,2025-01-07,RHEUM_JAK_ORAL,rheumatology,Southeast,797.0,,False,,,Southeast,,8,,,Richmond,
1808310134,,rule_based,EVT-0170,2025-01-07,RHEUM_JAK_ORAL,rheumatology,Southwest,411.5,,False,,,Southwest,,12,,,Santa Fe,
1847082322,,rule_based,EVT-0170,2025-01-07,RHEUM_JAK_ORAL,rheumatology,Northeast,318.5,,False,,,Northeast,,16,,,Boston,
1892307210,,rule_based,EVT-0170,2025-01-07,RHEUM_JAK_ORAL,rheumatology,Northeast,251.83333333333334,,False,,,Northeast,,17,,,Bangor,
1944079924,,rule_based,EVT-0170,2025-01-07,RHEUM_JAK_ORAL,rheumatology,Southeast,911.8333333333334,,False,,,Southeast,,14,,,Columbia,
1993874985,,rule_based,EVT-0170,2025-01-07,RHEUM_JAK_ORAL,rheumatology,Northeast,502.5,,False,,,Northeast,,23,,,Boston,
1031568581,,rule_based,EVT-0171,2025-01-10,PULM_ICS_LABA_INH,pulmonology,Southeast,562.1666666666666,,False,,,Southeast,,5,,,Chattanooga,
1389574017,,rule_based,EVT-0171,2025-01-10,PULM_ICS_LABA_INH,pulmonology,Southwest,351.6666666666667,,False,,,Southwest,,8,,,Scottsdale,
1449331358,1588179048,rule_based,EVT-0171,2025-01-10,PULM_ICS_LABA_INH,pulmonology,Midwest,135.0,135.66666666666666,True,1,pulmonology,Midwest,Midwest,9,12,0.49382716049382014,Lansing,Milwaukee
1648626962,,rule_based,EVT-0171,2025-01-10,PULM_ICS_LABA_INH,pulmonology,Southwest,365.1666666666667,,False,,,Southwest,,16,,,Tulsa,
1655727265,,rule_based,EVT-0171,2025-01-10,PULM_ICS_LABA_INH,pulmonology,Northeast,531.3333333333334,,False,,,Northeast,,12,,,Bangor,
1704308638,,rule_based,EVT-0171,2025-01-10,PULM_ICS_LABA_INH,pulmonology,Southeast,496.5,,False,,,Southeast,,15,,,Arlington,
1742859469,,rule_based,EVT-0171,2025-01-10,PULM_ICS_LABA_INH,pulmonology,West,451.0,,False,,,West,,2,,,Spokane,
1889776344,,rule_based,EVT-0171,2025-01-10,PULM_ICS_LABA_INH,pulmonology,Northeast,293.6666666666667,,False,,,Northeast,,7,,,Camden,
1002145427,,rule_based,EVT-0172,2025-01-14,METABOLIC_GLP1_INJ,primary care,Northeast,365.5,,False,,,Northeast,,13,,,Jersey City,
1018018261,,rule_based,EVT-0172,2025-01-14,METABOLIC_GLP1_INJ,primary care,Northeast,363.1666666666667,,False,,,Northeast,,13,,,Newark,
1065870788,,rule_based,EVT-0172,2025-01-14,METABOLIC_GLP1_INJ,primary care,Southwest,251.5,,False,,,Southwest,,7,,,Tucson,
1101185407,,rule_based,EVT-0172,2025-01-14,METABOLIC_GLP1_INJ,primary care,Midwest,443.3333333333333,,False,,,Midwest,,17,,,Lansing,
1144669185,,rule_based,EVT-0172,2025-01-14,METABOLIC_GLP1_INJ,primary care,Northeast,422.3333333333333,,False,,,Northeast,,16,,,Allentown,
1174238463,1181854898,rule_based,EVT-0172,2025-01-14,METABOLIC_GLP1_INJ,primary care,Southeast,285.8333333333333,272.8333333333333,True,1,primary care,Southeast,Southeast,14,14,4.548104956268221,Raleigh,Tampa
1213511599,,rule_based,EVT-0172,2025-01-14,METABOLIC_GLP1_INJ,primary care,Northeast,1046.1666666666667,,False,,,Northeast,,30,,,Bangor,
1227780172,1670560261,rule_based,EVT-0172,2025-01-14,METABOLIC_GLP1_INJ,primary care,Southwest,206.0,217.0,True,1,primary care,Southwest,Southwest,11,13,5.339805825242718,Scottsdale,Tulsa
1282948292,,rule_based,EVT-0172,2025-01-14,METABOLIC_GLP1_INJ,rheumatology,Midwest,34.166666666666664,,False,,,Midwest,,5,,,Madison,
1287287258,,rule_based,EVT-0172,2025-01-14,METABOLIC_GLP1_INJ,primary care,Midwest,558.6666666666666,,False,,,Midwest,,9,,,Columbus,
1292975558,,rule_based,EVT-0172,2025-01-14,METABOLIC_GLP1_INJ,oncology,Northeast,432.5,,False,,,Northeast,,2,,,Stamford,
1296552940,,rule_based,EVT-0172,2025-01-14,METABOLIC_GLP1_INJ,primary care,Northeast,121.83333333333333,,False,,,Northeast,,8,,,Rochester,
1326516303,,rule_based,EVT-0172,2025-01-14,METABOLIC_GLP1_INJ,oncology,Southwest,444.1666666666667,,False,,,Southwest,,12,,,Phoenix,
1362648127,1596912711,rule_based,EVT-0172,2025-01-14,METABOLIC_GLP1_INJ,oncology,Northeast,36.166666666666664,33.833333333333336,True,1,oncology,Northeast,Northeast,4,3,6.451612903225794,Albany,Princeton
1377426493,1676855970,rule_based,EVT-0172,2025-01-14,METABOLIC_GLP1_INJ,primary care,West,335.6666666666667,313.3333333333333,True,1,primary care,West,West,13,16,6.653426017874888,Portland,Provo
1385532449,,rule_based,EVT-0172,2025-01-14,METABOLIC_GLP1_INJ,primary care,Southeast,376.0,,False,,,Southeast,,6,,,Atlanta,
1418997171,,rule_based,EVT-0172,2025-01-14,METABOLIC_GLP1_INJ,primary care,Northeast,402.0,,False,,,Northeast,,18,,,Jersey City,
1425340662,,rule_based,EVT-0172,2025-01-14,METABOLIC_GLP1_INJ,primary care,Southwest,221.16666666666666,,False,,,Southwest,,17,,,Austin,
1429255973,1529045985,rule_based,EVT-0172,2025-01-14,METABOLIC_GLP1_INJ,primary care,Midwest,167.5,169.83333333333334,True,1,primary care,Midwest,Midwest,16,13,1.3930348258706524,Indianapolis,Chicago
1436505063,,rule_based,EVT-0172,2025-01-14,METABOLIC_GLP1_INJ,primary care,Midwest,187.83333333333334,,False,,,Midwest,,12,,,Milwaukee,
1494868502,,rule_based,EVT-0172,2025-01-14,METABOLIC_GLP1_INJ,cardiology,Southeast,86.16666666666667,,False,,,Southeast,,7,,,Huntsville,
1509977165,,rule_based,EVT-0172,2025-01-14,METABOLIC_GLP1_INJ,primary care,Northeast,614.1666666666666,,False,,,Northeast,,27,,,Bangor,
1557944620,,rule_based,EVT-0172,2025-01-14,METABOLIC_GLP1_INJ,primary care,Southwest,249.83333333333334,,False,,,Southwest,,21,,,Reno,
1599989245,,rule_based,EVT-0172,2025-01-14,METABOLIC_GLP1_INJ,oncology,Northeast,96.0,,False,,,Northeast,,13,,,New York,
1639269087,1209566128,rule_based,EVT-0172,2025-01-14,METABOLIC_GLP1_INJ,primary care,Northeast,476.1666666666667,508.0,True,1,primary care,Northeast,Northeast,18,15,6.6853342667133315,Buffalo,Stamford
1644815767,,rule_based,EVT-0172,2025-01-14,METABOLIC_GLP1_INJ,primary care,West,376.5,,False,,,West,,16,,,Tacoma,
1707435529,1082909627,rule_based,EVT-0172,2025-01-14,METABOLIC_GLP1_INJ,primary care,Southeast,169.5,173.0,True,1,primary care,Southeast,Southeast,14,16,2.0648967551622417,Norfolk,Atlanta
1725623817,,rule_based,EVT-0172,2025-01-14,METABOLIC_GLP1_INJ,primary care,Southwest,383.8333333333333,,False,,,Southwest,,9,,,Las Vegas,
1732527431,1364720148,rule_based,EVT-0172,2025-01-14,METABOLIC_GLP1_INJ,primary care,Southeast,522.3333333333334,514.0,True,1,primary care,Southeast,Southeast,9,6,1.5954052329291712,Arlington,Miami
1768831921,1602648309,rule_based,EVT-0172,2025-01-14,METABOLIC_GLP1_INJ,rheumatology,Northeast,298.3333333333333,269.5,True,1,rheumatology,Northeast,Northeast,11,14,9.664804469273736,Rochester,Camden
1803233885,,rule_based,EVT-0172,2025-01-14,METABOLIC_GLP1_INJ,primary care,Southeast,488.3333333333333,,False,,,Southeast,,16,,,Knoxville,
1808826295,,rule_based,EVT-0172,2025-01-14,METABOLIC_GLP1_INJ,primary care,Southeast,326.3333333333333,,False,,,Southeast,,20,,,Miami,
1812815243,,rule_based,EVT-0172,2025-01-14,METABOLIC_GLP1_INJ,primary care,Midwest,401.0,,False,,,Midwest,,7,,,Milwaukee,
1862986803,1191545544,rule_based,EVT-0172,2025-01-14,METABOLIC_GLP1_INJ,primary care,Midwest,344.6666666666667,329.0,True,1,primary care,Midwest,Midwest,25,22,4.54545454545455,Grand Rapids,Rochester
1041585906,,rule_based,EVT-0173,2025-01-14,METABOLIC_GLP1_INJ,oncology,West,88.66666666666667,,False,,,West,,8,,,Eugene,
1085110611,,rule_based,EVT-0173,2025-01-14,METABOLIC_GLP1_INJ,neurology,West,98.0,,False,,,West,,18,,,Spokane,
1124726435,,rule_based,EVT-0173,2025-01-14,METABOLIC_GLP1_INJ,primary care,Northeast,955.6666666666666,,False,,,Northeast,,14,,,Allentown,
1145899849,,rule_based,EVT-0173,2025-01-14,METABOLIC_GLP1_INJ,primary care,West,144.83333333333334,,False,,,West,,17,,,Portland,
1228081653,,rule_based,EVT-0173,2025-01-14,METABOLIC_GLP1_INJ,neurology,Southeast,24.666666666666668,,False,,,Southeast,,8,,,Durham,
1229022169,,rule_based,EVT-0173,2025-01-14,METABOLIC_GLP1_INJ,pulmonology,West,294.0,,False,,,West,,13,,,Denver,
1243754490,,rule_based,EVT-0173,2025-01-14,METABOLIC_GLP1_INJ,neurology,Northeast,238.0,,False,,,Northeast,,6,,,Springfield,
1244876920,1718275724,rule_based,EVT-0173,2025-01-14,METABOLIC_GLP1_INJ,neurology,West,28.166666666666668,27.166666666666668,True,1,neurology,West,West,6,9,3.5502958579881656,Eugene,Provo
1282948292,,rule_based,EVT-0173,2025-01-14,METABOLIC_GLP1_INJ,rheumatology,Midwest,34.166666666666664,,False,,,Midwest,,5,,,Madison,
1293643247,,rule_based,EVT-0173,2025-01-14,METABOLIC_GLP1_INJ,cardiology,Midwest,166.0,,False,,,Midwest,,4,,,St. Louis,
1324237324,,rule_based,EVT-0173,2025-01-14,METABOLIC_GLP1_INJ,endocrinology,West,433.5,,False,,,West,,9,,,Sacramento,
1327009084,1081031506,rule_based,EVT-0173,2025-01-14,METABOLIC_GLP1_INJ,neurology,Southwest,148.0,152.16666666666666,True,1,neurology,Southwest,Southwest,13,11,2.815315315315309,Scottsdale,Reno
1341556789,,rule_based,EVT-0173,2025-01-14,METABOLIC_GLP1_INJ,cardiology,West,492.5,,False,,,West,,17,,,Seattle,
1413495239,,rule_based,EVT-0173,2025-01-14,METABOLIC_GLP1_INJ,neurology,Southeast,356.0,,False,,,Southeast,,16,,,Charlotte,
1425340662,,rule_based,EVT-0173,2025-01-14,METABOLIC_GLP1_INJ,primary care,Southwest,221.16666666666666,,False,,,Southwest,,17,,,Austin,
1473057747,,rule_based,EVT-0173,2025-01-14,METABOLIC_GLP1_INJ,endocrinology,West,185.5,,False,,,West,,9,,,Denver,
1551962891,1656483868,rule_based,EVT-0173,2025-01-14,METABOLIC_GLP1_INJ,cardiology,Midwest,77.0,70.16666666666667,True,1,cardiology,Midwest,Midwest,13,10,8.874458874458869,Madison,Rochester
1567742360,1873780039,rule_based,EVT-0173,2025-01-14,METABOLIC_GLP1_INJ,primary care,West,346.6666666666667,346.6666666666667,True,1,primary care,West,West,8,9,0.0,Provo,Provo
1592123891,,rule_based,EVT-0173,2025-01-14,METABOLIC_GLP1_INJ,primary care,Northeast,198.33333333333334,,False,,,Northeast,,18,,,Allentown,
1614978876,,rule_based,EVT-0173,2025-01-14,METABOLIC_GLP1_INJ,cardiology,West,58.166666666666664,,False,,,West,,4,,,Provo,
1639269087,1209566128,rule_based,EVT-0173,2025-01-14,METABOLIC_GLP1_INJ,primary care,Northeast,476.1666666666667,508.0,True,1,primary care,Northeast,Northeast,18,15,6.6853342667133315,Buffalo,Stamford
1644815767,,rule_based,EVT-0173,2025-01-14,METABOLIC_GLP1_INJ,primary care,West,376.5,,False,,,West,,16,,,Tacoma,
1681501296,1438452850,rule_based,EVT-0173,2025-01-14,METABOLIC_GLP1_INJ,pulmonology,West,52.5,57.5,True,1,pulmonology,West,West,8,6,9.523809523809524,Spokane,Colorado Springs
1742859469,,rule_based,EVT-0173,2025-01-14,METABOLIC_GLP1_INJ,pulmonology,West,301.0,,False,,,West,,2,,,Spokane,
1827318308,,rule_based,EVT-0173,2025-01-14,METABOLIC_GLP1_INJ,endocrinology,West,164.16666666666666,,False,,,West,,7,,,Provo,
1889776344,1536141264,rule_based,EVT-0173,2025-01-14,METABOLIC_GLP1_INJ,pulmonology,Northeast,103.16666666666667,96.33333333333333,True,1,pulmonology,Northeast,Northeast,7,7,6.623586429725373,Camden,Stamford
1026722938,,rule_based,EVT-0174,2025-01-15,ENDO_BASAL_INSULIN,endocrinology,Midwest,1095.0,,False,,,Midwest,,11,,,Toledo,
1050705288,,rule_based,EVT-0174,2025-01-15,ENDO_BASAL_INSULIN,endocrinology,Southeast,971.3333333333334,,False,,,Southeast,,21,,,Atlanta,
1136500869,1769333869,rule_based,EVT-0174,2025-01-15,ENDO_BASAL_INSULIN,endocrinology,Southeast,306.8333333333333,296.3333333333333,True,1,endocrinology,Southeast,Southeast,18,20,3.4220532319391634,Arlington,Columbia
1137408567,,rule_based,EVT-0174,2025-01-15,ENDO_BASAL_INSULIN,endocrinology,Northeast,732.1666666666666,,False,,,Northeast,,10,,,Allentown,
1219516501,,rule_based,EVT-0174,2025-01-15,ENDO_BASAL_INSULIN,endocrinology,Midwest,696.1666666666666,,False,,,Midwest,,7,,,Madison,
1267903205,,rule_based,EVT-0174,2025-01-15,ENDO_BASAL_INSULIN,endocrinology,Midwest,124.83333333333333,,False,,,Midwest,,23,,,Chicago,
1645233598,,rule_based,EVT-0174,2025-01-15,ENDO_BASAL_INSULIN,endocrinology,Northeast,645.5,,False,,,Northeast,,10,,,Boston,
1706991829,,rule_based,EVT-0174,2025-01-15,ENDO_BASAL_INSULIN,endocrinology,Midwest,288.6666666666667,,False,,,Midwest,,19,,,Milwaukee,
1738903891,,rule_based,EVT-0174,2025-01-15,ENDO_BASAL_INSULIN,endocrinology,Southeast,656.0,,False,,,Southeast,,18,,,Charlotte,
1746046261,,rule_based,EVT-0174,2025-01-15,ENDO_BASAL_INSULIN,endocrinology,Northeast,262.1666666666667,,False,,,Northeast,,4,,,Hershey,
1803502636,,rule_based,EVT-0174,2025-01-15,ENDO_BASAL_INSULIN,endocrinology,Northeast,306.0,,False,,,Northeast,,7,,,Princeton,
1836314447,1694658844,rule_based,EVT-0174,2025-01-15,ENDO_BASAL_INSULIN,endocrinology,Southeast,421.8333333333333,379.6666666666667,True,1,endocrinology,Southeast,Southeast,5,6,9.996048992493076,Richmond,Knoxville
1964945871,1730655531,rule_based,EVT-0174,2025-01-15,ENDO_BASAL_INSULIN,endocrinology,Northeast,405.6666666666667,435.5,True,1,endocrinology,Northeast,Northeast,6,9,7.354149548069016,New Haven,New Haven
1002145427,1124890801,rule_based,EVT-0175,2025-01-20,CV_ANTICOAG_ORAL,primary care,Northeast,276.1666666666667,292.5,True,1,primary care,Northeast,Northeast,13,15,5.914302957151471,Jersey City,Hershey
1018018261,,rule_based,EVT-0175,2025-01-20,CV_ANTICOAG_ORAL,primary care,Northeast,387.1666666666667,,False,,,Northeast,,13,,,Newark,
1025978341,,rule_based,EVT-0175,2025-01-20,CV_ANTICOAG_ORAL,endocrinology,Northeast,571.3333333333334,,False,,,Northeast,,12,,,Hartford,
1048976678,,rule_based,EVT-0175,2025-01-20,CV_ANTICOAG_ORAL,primary care,Southeast,340.0,,False,,,Southeast,,18,,,Orlando,
1084471394,,rule_based,EVT-0175,2025-01-20,CV_ANTICOAG_ORAL,primary care,Northeast,119.0,,False,,,Northeast,,12,,,Springfield,
1098995024,,rule_based,EVT-0175,2025-01-20,CV_ANTICOAG_ORAL,primary care,Northeast,347.0,,False,,,Northeast,,6,,,Pittsburgh,
1101185407,1488515010,rule_based,EVT-0175,2025-01-20,CV_ANTICOAG_ORAL,primary care,Midwest,163.0,175.5,True,1,primary care,Midwest,Midwest,17,19,7.668711656441718,Lansing,St. Louis
1124726435,,rule_based,EVT-0175,2025-01-20,CV_ANTICOAG_ORAL,primary care,Northeast,761.1666666666666,,False,,,Northeast,,14,,,Allentown,
1133130363,,rule_based,EVT-0175,2025-01-20,CV_ANTICOAG_ORAL,primary care,Northeast,251.83333333333334,,False,,,Northeast,,13,,,Hartford,
1134089733,,rule_based,EVT-0175,2025-01-20,CV_ANTICOAG_ORAL,primary care,Northeast,49.0,,False,,,Northeast,,5,,,Syracuse,
1138281740,,rule_based,EVT-0175,2025-01-20,CV_ANTICOAG_ORAL,primary care,West,369.8333333333333,,False,,,West,,10,,,Provo,
1159841240,,rule_based,EVT-0175,2025-01-20,CV_ANTICOAG_ORAL,neurology,Southeast,717.5,,False,,,Southeast,,17,,,Charlotte,
1180932224,,rule_based,EVT-0175,2025-01-20,CV_ANTICOAG_ORAL,primary care,Southeast,321.1666666666667,,False,,,Southeast,,19,,,Savannah,
1189769080,,rule_based,EVT-0175,2025-01-20,CV_ANTICOAG_ORAL,primary care,Northeast,382.1666666666667,,False,,,Northeast,,11,,,Stamford,
1213511599,,rule_based,EVT-0175,2025-01-20,CV_ANTICOAG_ORAL,primary care,Northeast,1243.8333333333333,,False,,,Northeast,,30,,,Bangor,
1227780172,1219172859,rule_based,EVT-0175,2025-01-20,CV_ANTICOAG_ORAL,primary care,Southwest,276.1666666666667,270.6666666666667,True,1,primary care,Southwest,Southwest,11,13,1.9915509957754978,Scottsdale,Austin
1238983617,1349686455,rule_based,EVT-0175,2025-01-20,CV_ANTICOAG_ORAL,pulmonology,Southeast,171.0,175.16666666666666,True,1,pulmonology,Southeast,Southeast,13,10,2.436647173489273,Memphis,Savannah
1241711534,,rule_based,EVT-0175,2025-01-20,CV_ANTICOAG_ORAL,primary care,Southeast,130.83333333333334,,False,,,Southeast,,13,,,Columbia,
1259584955,,rule_based,EVT-0175,2025-01-20,CV_ANTICOAG_ORAL,oncology,Northeast,121.66666666666667,,False,,,Northeast,,12,,,Boston,
1263807582,,rule_based,EVT-0175,2025-01-20,CV_ANTICOAG_ORAL,primary care,Northeast,623.6666666666666,,False,,,Northeast,,7,,,Syracuse,
1280087226,,rule_based,EVT-0175,2025-01-20,CV_ANTICOAG_ORAL,primary care,Northeast,539.3333333333334,,False,,,Northeast,,10,,,Rochester,
1300654963,,rule_based,EVT-0175,2025-01-20,CV_ANTICOAG_ORAL,primary care,Northeast,550.6666666666666,,False,,,Northeast,,9,,,Albany,
1315385710,,rule_based,EVT-0175,2025-01-20,CV_ANTICOAG_ORAL,primary care,Northeast,711.5,,False,,,Northeast,,20,,,Worcester,
1316743925,,rule_based,EVT-0175,2025-01-20,CV_ANTICOAG_ORAL,primary care,Northeast,591.5,,False,,,Northeast,,16,,,Cambridge,
1327009084,,rule_based,EVT-0175,2025-01-20,CV_ANTICOAG_ORAL,neurology,Southwest,120.83333333333333,,False,,,Southwest,,13,,,Scottsdale,
1377426493,,rule_based,EVT-0175,2025-01-20,CV_ANTICOAG_ORAL,primary care,West,388.3333333333333,,False,,,West,,13,,,Portland,
1393791409,,rule_based,EVT-0175,2025-01-20,CV_ANTICOAG_ORAL,rheumatology,Midwest,193.33333333333334,,False,,,Midwest,,25,,,Rockford,
1418997171,1209566128,rule_based,EVT-0175,2025-01-20,CV_ANTICOAG_ORAL,primary care,Northeast,324.0,304.1666666666667,True,1,primary care,Northeast,Northeast,18,15,6.121399176954727,Jersey City,Stamford
1425340662,1566276774,rule_based,EVT-0175,2025-01-20,CV_ANTICOAG_ORAL,primary care,Southwest,509.1666666666667,500.0,True,1,primary care,Southwest,Southwest,17,20,1.8003273322422293,Austin,Reno
1443520683,,rule_based,EVT-0175,2025-01-20,CV_ANTICOAG_ORAL,cardiology,Midwest,177.0,,False,,,Midwest,,9,,,Chicago,
1456207657,,rule_based,EVT-0175,2025-01-20,CV_ANTICOAG_ORAL,primary care,Midwest,400.3333333333333,,False,,,Midwest,,10,,,Minneapolis,
1456299035,,rule_based,EVT-0175,2025-01-20,CV_ANTICOAG_ORAL,primary care,Southeast,219.0,,False,,,Southeast,,15,,,Mobile,
1460081361,,rule_based,EVT-0175,2025-01-20,CV_ANTICOAG_ORAL,cardiology,Northeast,215.83333333333334,,False,,,Northeast,,7,,,Bangor,
1523681389,1428222503,rule_based,EVT-0175,2025-01-20,CV_ANTICOAG_ORAL,primary care,Midwest,95.16666666666667,92.0,True,1,primary care,Midwest,Midwest,8,5,3.327495621716292,Milwaukee,Milwaukee
1533003293,,rule_based,EVT-0175,2025-01-20,CV_ANTICOAG_ORAL,pulmonology,Midwest,487.8333333333333,,False,,,Midwest,,5,,,Green Bay,
1535820066,1873780039,rule_based,EVT-0175,2025-01-20,CV_ANTICOAG_ORAL,primary care,West,299.3333333333333,275.6666666666667,True,1,primary care,West,West,10,9,7.906458797327382,Denver,Provo
1540759788,,rule_based,EVT-0175,2025-01-20,CV_ANTICOAG_ORAL,primary care,Midwest,154.66666666666666,,False,,,Midwest,,6,,,St. Louis,
1546151204,1877046932,rule_based,EVT-0175,2025-01-20,CV_ANTICOAG_ORAL,primary care,Northeast,150.33333333333334,143.0,True,1,primary care,Northeast,Northeast,13,16,4.878048780487811,Newark,Boston
1552813903,,rule_based,EVT-0175,2025-01-20,CV_ANTICOAG_ORAL,primary care,Northeast,487.5,,False,,,Northeast,,10,,,Newark,
1590869917,1650044724,rule_based,EVT-0175,2025-01-20,CV_ANTICOAG_ORAL,primary care,Southwest,97.33333333333333,104.0,True,1,primary care,Southwest,Southwest,10,11,6.849315068493156,Oklahoma City,Reno
1595301304,,rule_based,EVT-0175,2025-01-20,CV_ANTICOAG_ORAL,primary care,Southwest,118.66666666666667,,False,,,Southwest,,13,,,Tulsa,
1595774286,,rule_based,EVT-0175,2025-01-20,CV_ANTICOAG_ORAL,rheumatology,Midwest,257.0,,False,,,Midwest,,13,,,Peoria,
1610177150,,rule_based,EVT-0175,2025-01-20,CV_ANTICOAG_ORAL,cardiology,Southeast,454.0,,False,,,Southeast,,19,,,Mobile,
1613561947,1393729789,rule_based,EVT-0175,2025-01-20,CV_ANTICOAG_ORAL,primary care,Southeast,302.8333333333333,322.1666666666667,True,1,primary care,Southeast,Southeast,16,13,6.384149697303259,Norfolk,Miami
1621842156,,rule_based,EVT-0175,2025-01-20,CV_ANTICOAG_ORAL,oncology,Northeast,102.66666666666667,,False,,,Northeast,,28,,,Hershey,
1644815767,,rule_based,EVT-0175,2025-01-20,CV_ANTICOAG_ORAL,primary care,West,312.0,,False,,,West,,16,,,Tacoma,
1655727265,1697855363,rule_based,EVT-0175,2025-01-20,CV_ANTICOAG_ORAL,pulmonology,Northeast,242.83333333333334,264.0,True,1,pulmonology,Northeast,Northeast,12,14,8.71654083733699,Bangor,Hershey
1689916181,,rule_based,EVT-0175,2025-01-20,CV_ANTICOAG_ORAL,primary care,Northeast,254.83333333333334,,False,,,Northeast,,6,,,Bangor,
1710163217,,rule_based,EVT-0175,2025-01-20,CV_ANTICOAG_ORAL,cardiology,Northeast,253.66666666666666,,False,,,Northeast,,11,,,Albany,
1732527431,1364720148,rule_based,EVT-0175,2025-01-20,CV_ANTICOAG_ORAL,primary care,Southeast,274.8333333333333,274.5,True,1,primary care,Southeast,Southeast,9,6,0.12128562765311621,Arlington,Miami
1747032997,,rule_based,EVT-0175,2025-01-20,CV_ANTICOAG_ORAL,primary care,Northeast,454.6666666666667,,False,,,Northeast,,9,,,New York,
1767508967,1251202242,rule_based,EVT-0175,2025-01-20,CV_ANTICOAG_ORAL,primary care,Northeast,101.0,91.5,True,1,primary care,Northeast,Northeast,27,25,9.405940594059405,Worcester,Boston
1785764022,1242598583,rule_based,EVT-0175,2025-01-20,CV_ANTICOAG_ORAL,oncology,Northeast,215.83333333333334,216.0,True,1,oncology,Northeast,Northeast,17,14,0.07722007722007283,Bangor,Worcester
1808826295,,rule_based,EVT-0175,2025-01-20,CV_ANTICOAG_ORAL,primary care,Southeast,489.5,,False,,,Southeast,,20,,,Miami,
1811081532,,rule_based,EVT-0175,2025-01-20,CV_ANTICOAG_ORAL,oncology,Northeast,250.66666666666666,,False,,,Northeast,,12,,,Philadelphia,
1815807585,1804484495,rule_based,EVT-0175,2025-01-20,CV_ANTICOAG_ORAL,primary care,Southeast,268.5,263.5,True,1,primary care,Southeast,Southeast,13,16,1.86219739292365,Knoxville,Winston-Salem
1838439200,1181854898,rule_based,EVT-0175,2025-01-20,CV_ANTICOAG_ORAL,primary care,Southeast,342.3333333333333,353.1666666666667,True,1,primary care,Southeast,Southeast,16,14,3.164556962025328,Greenville,Tampa
1848624494,,rule_based,EVT-0175,2025-01-20,CV_ANTICOAG_ORAL,primary care,Midwest,315.6666666666667,,False,,,Midwest,,14,,,Kansas City,
1896554999,,rule_based,EVT-0175,2025-01-20,CV_ANTICOAG_ORAL,primary care,West,543.5,,False,,,West,,14,,,Eugene,
1908168895,,rule_based,EVT-0175,2025-01-20,CV_ANTICOAG_ORAL,primary care,Southwest,158.5,,False,,,Southwest,,16,,,Albuquerque,
1922670785,,rule_based,EVT-0175,2025-01-20,CV_ANTICOAG_ORAL,primary care,Southeast,502.8333333333333,,False,,,Southeast,,30,,,Augusta,
1924355757,,rule_based,EVT-0175,2025-01-20,CV_ANTICOAG_ORAL,primary care,Southwest,552.5,,False,,,Southwest,,7,,,Albuquerque,
1944079924,,rule_based,EVT-0175,2025-01-20,CV_ANTICOAG_ORAL,rheumatology,Southeast,538.8333333333334,,False,,,Southeast,,14,,,Columbia,
1955620046,,rule_based,EVT-0175,2025-01-20,CV_ANTICOAG_ORAL,primary care,Southeast,403.6666666666667,,False,,,Southeast,,8,,,Birmingham,
1009179924,,rule_based,EVT-0176,2025-01-23,CV_ANTICOAG_ORAL,cardiology,West,343.8333333333333,,False,,,West,,10,,,Los Angeles,
1025978341,,rule_based,EVT-0176,2025-01-23,CV_ANTICOAG_ORAL,endocrinology,Northeast,571.3333333333334,,False,,,Northeast,,12,,,Hartford,
1058647219,1697855363,rule_based,EVT-0176,2025-01-23,CV_ANTICOAG_ORAL,pulmonology,Northeast,288.6666666666667,264.0,True,1,pulmonology,Northeast,Northeast,11,14,8.545034642032338,Albany,Hershey
1134509243,,rule_based,EVT-0176,2025-01-23,CV_ANTICOAG_ORAL,pulmonology,Northeast,37.833333333333336,,False,,,Northeast,,8,,,Hartford,
1273912869,1065455036,rule_based,EVT-0176,2025-01-23,CV_ANTICOAG_ORAL,rheumatology,Northeast,154.66666666666666,158.5,True,1,rheumatology,Northeast,Northeast,16,13,2.478448275862075,Stamford,Syracuse
1315385710,,rule_based,EVT-0176,2025-01-23,CV_ANTICOAG_ORAL,primary care,Northeast,711.5,,False,,,Northeast,,20,,,Worcester,
1389574017,,rule_based,EVT-0176,2025-01-23,CV_ANTICOAG_ORAL,pulmonology,Southwest,325.0,,False,,,Southwest,,8,,,Scottsdale,
1397955463,,rule_based,EVT-0176,2025-01-23,CV_ANTICOAG_ORAL,primary care,Southeast,414.0,,False,,,Southeast,,14,,,Chattanooga,
1423152481,,rule_based,EVT-0176,2025-01-23,CV_ANTICOAG_ORAL,primary care,Southeast,530.5,,False,,,Southeast,,11,,,Chattanooga,
1425340662,1566276774,rule_based,EVT-0176,2025-01-23,CV_ANTICOAG_ORAL,primary care,Southwest,509.1666666666667,500.0,True,1,primary care,Southwest,Southwest,17,20,1.8003273322422293,Austin,Reno
1453128708,,rule_based,EVT-0176,2025-01-23,CV_ANTICOAG_ORAL,endocrinology,Northeast,121.83333333333333,,False,,,Northeast,,22,,,Cambridge,
1489598965,,rule_based,EVT-0176,2025-01-23,CV_ANTICOAG_ORAL,primary care,Southeast,240.16666666666666,,False,,,Southeast,,21,,,Charleston,
1533003293,,rule_based,EVT-0176,2025-01-23,CV_ANTICOAG_ORAL,pulmonology,Midwest,487.8333333333333,,False,,,Midwest,,5,,,Green Bay,
1547244776,,rule_based,EVT-0176,2025-01-23,CV_ANTICOAG_ORAL,pulmonology,Northeast,308.0,,False,,,Northeast,,18,,,Cambridge,
1567742360,,rule_based,EVT-0176,2025-01-23,CV_ANTICOAG_ORAL,primary care,West,433.8333333333333,,False,,,West,,8,,,Provo,
1592062677,,rule_based,EVT-0176,2025-01-23,CV_ANTICOAG_ORAL,neurology,Southeast,307.3333333333333,,False,,,Southeast,,9,,,Nashville,
1616839134,1222151080,rule_based,EVT-0176,2025-01-23,CV_ANTICOAG_ORAL,rheumatology,Northeast,343.5,363.0,True,1,rheumatology,Northeast,Northeast,10,9,5.676855895196507,New Haven,New Haven
1635581279,,rule_based,EVT-0176,2025-01-23,CV_ANTICOAG_ORAL,primary care,Southeast,435.5,,False,,,Southeast,,18,,,Charlotte,
1647196991,,rule_based,EVT-0176,2025-01-23,CV_ANTICOAG_ORAL,rheumatology,Southeast,81.16666666666667,,False,,,Southeast,,8,,,Richmond,
1647700669,1895795452,rule_based,EVT-0176,2025-01-23,CV_ANTICOAG_ORAL,pulmonology,West,37.166666666666664,37.166666666666664,True,1,pulmonology,West,West,6,3,0.0,Colorado Springs,Eugene
1688976343,1713731663,rule_based,EVT-0176,2025-01-23,CV_ANTICOAG_ORAL,pulmonology,Southeast,467.8333333333333,504.0,True,1,pulmonology,Southeast,Southeast,14,14,7.730673316708233,Charlotte,Mobile
1704308638,,rule_based,EVT-0176,2025-01-23,CV_ANTICOAG_ORAL,pulmonology,Southeast,179.16666666666666,,False,,,Southeast,,15,,,Arlington,
1707435529,1084919582,rule_based,EVT-0176,2025-01-23,CV_ANTICOAG_ORAL,primary care,Southeast,202.5,186.0,True,1,primary care,Southeast,Southeast,14,12,8.148148148148149,Norfolk,Nashville
1727463709,1185877283,rule_based,EVT-0176,2025-01-23,CV_ANTICOAG_ORAL,cardiology,West,208.33333333333334,204.66666666666666,True,1,cardiology,West,West,13,10,1.7600000000000091,Salt Lake City,Portland
1738903891,,rule_based,EVT-0176,2025-01-23,CV_ANTICOAG_ORAL,endocrinology,Southeast,729.8333333333334,,False,,,Southeast,,18,,,Charlotte,
1808310134,,rule_based,EVT-0176,2025-01-23,CV_ANTICOAG_ORAL,rheumatology,Southwest,401.5,,False,,,Southwest,,12,,,Santa Fe,
1832506087,,rule_based,EVT-0176,2025-01-23,CV_ANTICOAG_ORAL,primary care,Midwest,730.1666666666666,,False,,,Midwest,,14,,,Grand Rapids,
1854852153,,rule_based,EVT-0176,2025-01-23,CV_ANTICOAG_ORAL,pulmonology,Southwest,147.16666666666666,,False,,,Southwest,,17,,,Houston,
1862986803,,rule_based,EVT-0176,2025-01-23,CV_ANTICOAG_ORAL,primary care,Midwest,186.66666666666666,,False,,,Midwest,,25,,,Grand Rapids,
1867204764,1526834563,rule_based,EVT-0176,2025-01-23,CV_ANTICOAG_ORAL,pulmonology,Southeast,281.8333333333333,279.1666666666667,True,1,pulmonology,Southeast,Southeast,15,15,0.9461856889414413,Winston-Salem,Columbia
1889776344,1536141264,rule_based,EVT-0176,2025-01-23,CV_ANTICOAG_ORAL,pulmonology,Northeast,282.5,273.8333333333333,True,1,pulmonology,Northeast,Northeast,7,7,3.067846607669623,Camden,Stamford
1921646299,1618352078,rule_based,EVT-0176,2025-01-23,CV_ANTICOAG_ORAL,neurology,Southwest,193.16666666666666,194.5,True,1,neurology,Southwest,Southwest,9,11,0.6902502157031973,Oklahoma City,Austin
1969914385,,rule_based,EVT-0176,2025-01-23,CV_ANTICOAG_ORAL,oncology,West,130.5,,False,,,West,,12,,,Denver,
1999506508,,rule_based,EVT-0176,2025-01-23,CV_ANTICOAG_ORAL,endocrinology,Southwest,133.5,,False,,,Southwest,,4,,,Mesa,
1264333323,,rule_based,EVT-0176,2025-01-23,CV_ANTICOAG_ORAL,primary care,Northeast,420.3333333333333,,False,,,Northeast,,12,,,New York,
1036718538,,rule_based,EVT-0177,2025-01-31,CV_ANTICOAG_ORAL,endocrinology,Southwest,58.166666666666664,,False,,,Southwest,,15,,,Phoenix,
1044666919,1464676570,rule_based,EVT-0177,2025-01-31,CV_ANTICOAG_ORAL,neurology,Southeast,132.16666666666666,138.66666666666666,True,1,neurology,Southeast,Southeast,17,19,4.918032786885247,Greenville,Gainesville
1048976678,,rule_based,EVT-0177,2025-01-31,CV_ANTICOAG_ORAL,primary care,Southeast,340.0,,False,,,Southeast,,18,,,Orlando,
1098995024,,rule_based,EVT-0177,2025-01-31,CV_ANTICOAG_ORAL,primary care,Northeast,347.0,,False,,,Northeast,,6,,,Pittsburgh,
1200480071,,rule_based,EVT-0177,2025-01-31,CV_ANTICOAG_ORAL,primary care,Northeast,1196.5,,False,,,Northeast,,20,,,Portland,
1204787067,1874547676,rule_based,EVT-0177,2025-01-31,CV_ANTICOAG_ORAL,neurology,Northeast,74.33333333333333,76.5,True,1,neurology,Northeast,Northeast,13,12,2.9147982062780335,Buffalo,Camden
1227780172,1219172859,rule_based,EVT-0177,2025-01-31,CV_ANTICOAG_ORAL,primary care,Southwest,276.1666666666667,270.6666666666667,True,1,primary care,Southwest,Southwest,11,13,1.9915509957754978,Scottsdale,Austin
1278315217,,rule_based,EVT-0177,2025-01-31,CV_ANTICOAG_ORAL,oncology,Midwest,90.33333333333333,,False,,,Midwest,,11,,,Rockford,
1285347583,1815549120,rule_based,EVT-0177,2025-01-31,CV_ANTICOAG_ORAL,neurology,Southwest,73.66666666666667,68.66666666666667,True,1,neurology,Southwest,Southwest,10,9,6.787330316742081,Reno,Oklahoma City
1300832031,,rule_based,EVT-0177,2025-01-31,CV_ANTICOAG_ORAL,cardiology,West,287.0,,False,,,West,,11,,,Spokane,
1328056928,,rule_based,EVT-0177,2025-01-31,CV_ANTICOAG_ORAL,oncology,Northeast,86.33333333333333,,False,,,Northeast,,7,,,Bangor,
1341556789,,rule_based,EVT-0177,2025-01-31,CV_ANTICOAG_ORAL,cardiology,West,1084.5,,False,,,West,,17,,,Seattle,
1394609428,,rule_based,EVT-0177,2025-01-31,CV_ANTICOAG_ORAL,endocrinology,Southwest,620.6666666666666,,False,,,Southwest,,4,,,Reno,
1425340662,1566276774,rule_based,EVT-0177,2025-01-31,CV_ANTICOAG_ORAL,primary care,Southwest,509.1666666666667,500.0,True,1,primary care,Southwest,Southwest,17,20,1.8003273322422293,Austin,Reno
1456207657,,rule_based,EVT-0177,2025-01-31,CV_ANTICOAG_ORAL,primary care,Midwest,400.3333333333333,,False,,,Midwest,,10,,,Minneapolis,
1456299035,,rule_based,EVT-0177,2025-01-31,CV_ANTICOAG_ORAL,primary care,Southeast,219.0,,False,,,Southeast,,15,,,Mobile,
1555906795,,rule_based,EVT-0177,2025-01-31,CV_ANTICOAG_ORAL,pulmonology,Midwest,263.3333333333333,,False,,,Midwest,,13,,,Green Bay,
1592062677,,rule_based,EVT-0177,2025-01-31,CV_ANTICOAG_ORAL,neurology,Southeast,307.3333333333333,,False,,,Southeast,,9,,,Nashville,
1595774286,,rule_based,EVT-0177,2025-01-31,CV_ANTICOAG_ORAL,rheumatology,Midwest,257.0,,False,,,Midwest,,13,,,Peoria,
1599989245,1468815406,rule_based,EVT-0177,2025-01-31,CV_ANTICOAG_ORAL,oncology,Northeast,100.33333333333333,106.66666666666667,True,1,oncology,Northeast,Northeast,13,14,6.3122923588039965,New York,Bangor
1616418756,,rule_based,EVT-0177,2025-01-31,CV_ANTICOAG_ORAL,neurology,Northeast,255.66666666666666,,False,,,Northeast,,8,,,Worcester,
1648553570,,rule_based,EVT-0177,2025-01-31,CV_ANTICOAG_ORAL,cardiology,Southwest,903.8333333333334,,False,,,Southwest,,11,,,Houston,
1686880901,1847794991,rule_based,EVT-0177,2025-01-31,CV_ANTICOAG_ORAL,primary care,West,53.5,49.5,True,1,primary care,West,West,13,10,7.476635514018691,Salt Lake City,Colorado Springs
1701585576,,rule_based,EVT-0177,2025-01-31,CV_ANTICOAG_ORAL,cardiology,Southwest,202.16666666666666,,False,,,Southwest,,9,,,Scottsdale,
1710163217,,rule_based,EVT-0177,2025-01-31,CV_ANTICOAG_ORAL,cardiology,Northeast,253.66666666666666,,False,,,Northeast,,11,,,Albany,
1714986282,,rule_based,EVT-0177,2025-01-31,CV_ANTICOAG_ORAL,cardiology,West,176.66666666666666,,False,,,West,,10,,,Tacoma,
1725623817,1812123887,rule_based,EVT-0177,2025-01-31,CV_ANTICOAG_ORAL,primary care,Southwest,386.6666666666667,391.5,True,1,primary care,Southwest,Southwest,9,9,1.2499999999999951,Las Vegas,Tucson
1736829924,1546273719,rule_based,EVT-0177,2025-01-31,CV_ANTICOAG_ORAL,pulmonology,Southeast,113.66666666666667,115.16666666666667,True,1,pulmonology,Southeast,Southeast,14,15,1.3196480938416422,Birmingham,Norfolk
1806707737,,rule_based,EVT-0177,2025-01-31,CV_ANTICOAG_ORAL,primary care,West,161.83333333333334,,False,,,West,,9,,,Boulder,
1854852153,,rule_based,EVT-0177,2025-01-31,CV_ANTICOAG_ORAL,pulmonology,Southwest,147.16666666666666,,False,,,Southwest,,17,,,Houston,
1856406925,,rule_based,EVT-0177,2025-01-31,CV_ANTICOAG_ORAL,cardiology,Northeast,176.0,,False,,,Northeast,,12,,,Pittsburgh,
1893606271,,rule_based,EVT-0177,2025-01-31,CV_ANTICOAG_ORAL,oncology,Southwest,108.83333333333333,,False,,,Southwest,,7,,,Austin,
1949335115,1694658844,rule_based,EVT-0177,2025-01-31,CV_ANTICOAG_ORAL,endocrinology,Southeast,235.66666666666666,238.33333333333334,True,1,endocrinology,Southeast,Southeast,8,6,1.1315417256011395,Nashville,Knoxville
1042224778,,rule_based,EVT-0178,2025-01-31,METABOLIC_GLP1_INJ,cardiology,Northeast,471.8333333333333,,False,,,Northeast,,6,,,Albany,
1044379984,,rule_based,EVT-0178,2025-01-31,METABOLIC_GLP1_INJ,neurology,Midwest,178.83333333333334,,False,,,Midwest,,9,,,Grand Rapids,
1050705288,,rule_based,EVT-0178,2025-01-31,METABOLIC_GLP1_INJ,endocrinology,Southeast,243.0,,False,,,Southeast,,21,,,Atlanta,
1103232447,,rule_based,EVT-0178,2025-01-31,METABOLIC_GLP1_INJ,neurology,Southwest,226.0,,False,,,Southwest,,11,,,Phoenix,
1159841240,,rule_based,EVT-0178,2025-01-31,METABOLIC_GLP1_INJ,neurology,Southeast,208.16666666666666,,False,,,Southeast,,17,,,Charlotte,
1204261733,,rule_based,EVT-0178,2025-01-31,METABOLIC_GLP1_INJ,neurology,Southeast,263.8333333333333,,False,,,Southeast,,7,,,Chattanooga,
1227780172,1670560261,rule_based,EVT-0178,2025-01-31,METABOLIC_GLP1_INJ,primary care,Southwest,206.0,217.0,True,1,primary care,Southwest,Southwest,11,13,5.339805825242718,Scottsdale,Tulsa
1240393805,,rule_based,EVT-0178,2025-01-31,METABOLIC_GLP1_INJ,primary care,Southeast,191.0,,False,,,Southeast,,10,,,Jacksonville,
1257723886,1598998692,rule_based,EVT-0178,2025-01-31,METABOLIC_GLP1_INJ,endocrinology,Southwest,90.66666666666667,83.66666666666667,True,1,endocrinology,Southwest,Southwest,11,12,7.720588235294117,Phoenix,Tulsa
1315385710,,rule_based,EVT-0178,2025-01-31,METABOLIC_GLP1_INJ,primary care,Northeast,696.0,,False,,,Northeast,,20,,,Worcester,
1326516303,,rule_based,EVT-0178,2025-01-31,METABOLIC_GLP1_INJ,oncology,Southwest,444.1666666666667,,False,,,Southwest,,12,,,Phoenix,
1362560363,,rule_based,EVT-0178,2025-01-31,METABOLIC_GLP1_INJ,cardiology,West,144.66666666666666,,False,,,West,,13,,,Spokane,
1364458855,,rule_based,EVT-0178,2025-01-31,METABOLIC_GLP1_INJ,endocrinology,Southeast,140.5,,False,,,Southeast,,14,,,Columbia,
1423152481,1084919582,rule_based,EVT-0178,2025-01-31,METABOLIC_GLP1_INJ,primary care,Southeast,515.1666666666666,497.6666666666667,True,1,primary care,Southeast,Southeast,11,12,3.3969589129731372,Chattanooga,Nashville
1455779946,,rule_based,EVT-0178,2025-01-31,METABOLIC_GLP1_INJ,primary care,Southwest,192.0,,False,,,Southwest,,33,,,Tulsa,
1467704312,,rule_based,EVT-0178,2025-01-31,METABOLIC_GLP1_INJ,neurology,Northeast,197.66666666666666,,False,,,Northeast,,13,,,Worcester,
1475115246,1923786978,rule_based,EVT-0178,2025-01-31,METABOLIC_GLP1_INJ,cardiology,Southeast,209.66666666666666,211.83333333333334,True,1,cardiology,Southeast,Southeast,17,15,1.0333863275039836,Macon,Nashville
1610177150,,rule_based,EVT-0178,2025-01-31,METABOLIC_GLP1_INJ,cardiology,Southeast,237.16666666666666,,False,,,Southeast,,19,,,Mobile,
1689916181,,rule_based,EVT-0178,2025-01-31,METABOLIC_GLP1_INJ,primary care,Northeast,393.0,,False,,,Northeast,,6,,,Bangor,
1696606064,,rule_based,EVT-0178,2025-01-31,METABOLIC_GLP1_INJ,pulmonology,West,156.66666666666666,,False,,,West,,6,,,Provo,
1725623817,,rule_based,EVT-0178,2025-01-31,METABOLIC_GLP1_INJ,primary care,Southwest,383.8333333333333,,False,,,Southwest,,9,,,Las Vegas,
1732527431,1364720148,rule_based,EVT-0178,2025-01-31,METABOLIC_GLP1_INJ,primary care,Southeast,522.3333333333334,514.0,True,1,primary care,Southeast,Southeast,9,6,1.5954052329291712,Arlington,Miami
1766730505,,rule_based,EVT-0178,2025-01-31,METABOLIC_GLP1_INJ,cardiology,Midwest,270.3333333333333,,False,,,Midwest,,12,,,Ann Arbor,
1788421810,,rule_based,EVT-0178,2025-01-31,METABOLIC_GLP1_INJ,neurology,Northeast,73.0,,False,,,Northeast,,15,,,Springfield,
1808826295,,rule_based,EVT-0178,2025-01-31,METABOLIC_GLP1_INJ,primary care,Southeast,326.3333333333333,,False,,,Southeast,,20,,,Miami,
1812815243,,rule_based,EVT-0178,2025-01-31,METABOLIC_GLP1_INJ,primary care,Midwest,401.0,,False,,,Midwest,,7,,,Milwaukee,
1814938340,1751172259,rule_based,EVT-0178,2025-01-31,METABOLIC_GLP1_INJ,cardiology,Southeast,162.0,156.33333333333334,True,1,cardiology,Southeast,Southeast,13,12,3.4979423868312702,Huntsville,Savannah
1836939912,1838809964,rule_based,EVT-0178,2025-01-31,METABOLIC_GLP1_INJ,neurology,Southeast,126.66666666666667,117.0,True,1,neurology,Southeast,Southeast,6,8,7.631578947368424,Savannah,Greenville
1848624494,1381937048,rule_based,EVT-0178,2025-01-31,METABOLIC_GLP1_INJ,primary care,Midwest,141.16666666666666,142.66666666666666,True,1,primary care,Midwest,Midwest,14,11,1.062573789846517,Kansas City,Milwaukee
1922670785,,rule_based,EVT-0178,2025-01-31,METABOLIC_GLP1_INJ,primary care,Southeast,573.1666666666666,,False,,,Southeast,,30,,,Augusta,
1989798412,,rule_based,EVT-0178,2025-01-31,METABOLIC_GLP1_INJ,primary care,Southwest,404.1666666666667,,False,,,Southwest,,13,,,Las Vegas,
1683943777,1185877283,rule_based,EVT-0177,2025-01-31,CV_ANTICOAG_ORAL,cardiology,West,198.5,204.66666666666666,True,1,cardiology,West,West,8,10,3.10663308144416,Provo,Portland
1002145427,1124890801,rule_based,EVT-0179,2025-02-05,PC_ANTIHYPERTENSIVE,primary care,Northeast,692.0,633.3333333333334,True,1,primary care,Northeast,Northeast,13,15,8.477842003853558,Jersey City,Hershey
1048976678,,rule_based,EVT-0179,2025-02-05,PC_ANTIHYPERTENSIVE,primary care,Southeast,673.0,,False,,,Southeast,,18,,,Orlando,
1084471394,1058325303,rule_based,EVT-0179,2025-02-05,PC_ANTIHYPERTENSIVE,primary care,Northeast,306.8333333333333,297.3333333333333,True,1,primary care,Northeast,Northeast,12,13,3.0961434003259103,Springfield,Princeton
1101185407,,rule_based,EVT-0179,2025-02-05,PC_ANTIHYPERTENSIVE,primary care,Midwest,836.5,,False,,,Midwest,,17,,,Lansing,
1124726435,,rule_based,EVT-0179,2025-02-05,PC_ANTIHYPERTENSIVE,primary care,Northeast,560.0,,False,,,Northeast,,14,,,Allentown,
1170846871,,rule_based,EVT-0179,2025-02-05,PC_ANTIHYPERTENSIVE,primary care,Southeast,548.6666666666666,,False,,,Southeast,,19,,,Columbia,
1190842652,1670560261,rule_based,EVT-0179,2025-02-05,PC_ANTIHYPERTENSIVE,primary care,Southwest,255.16666666666666,241.33333333333334,True,1,primary care,Southwest,Southwest,10,13,5.421293272370993,Las Vegas,Tulsa
1251567115,1381937048,rule_based,EVT-0179,2025-02-05,PC_ANTIHYPERTENSIVE,primary care,Midwest,255.5,233.16666666666666,True,1,primary care,Midwest,Midwest,8,11,8.741030658838882,Rockford,Milwaukee
1271768685,,rule_based,EVT-0179,2025-02-05,PC_ANTIHYPERTENSIVE,primary care,Midwest,608.8333333333334,,False,,,Midwest,,8,,,St. Paul,
1300654963,,rule_based,EVT-0179,2025-02-05,PC_ANTIHYPERTENSIVE,primary care,Northeast,277.6666666666667,,False,,,Northeast,,9,,,Albany,
1425340662,,rule_based,EVT-0179,2025-02-05,PC_ANTIHYPERTENSIVE,primary care,Southwest,493.0,,False,,,Southwest,,17,,,Austin,
1455779946,,rule_based,EVT-0179,2025-02-05,PC_ANTIHYPERTENSIVE,primary care,Southwest,425.3333333333333,,False,,,Southwest,,33,,,Tulsa,
1456299035,,rule_based,EVT-0179,2025-02-05,PC_ANTIHYPERTENSIVE,primary care,Southeast,281.3333333333333,,False,,,Southeast,,15,,,Mobile,
1523498065,,rule_based,EVT-0179,2025-02-05,PC_ANTIHYPERTENSIVE,primary care,Southeast,341.1666666666667,,False,,,Southeast,,15,,,Columbia,
1552813903,,rule_based,EVT-0179,2025-02-05,PC_ANTIHYPERTENSIVE,primary care,Northeast,1031.1666666666667,,False,,,Northeast,,10,,,Newark,
1595301304,,rule_based,EVT-0179,2025-02-05,PC_ANTIHYPERTENSIVE,primary care,Southwest,525.3333333333334,,False,,,Southwest,,13,,,Tulsa,
1639269087,,rule_based,EVT-0179,2025-02-05,PC_ANTIHYPERTENSIVE,primary care,Northeast,284.1666666666667,,False,,,Northeast,,18,,,Buffalo,
1689916181,,rule_based,EVT-0179,2025-02-05,PC_ANTIHYPERTENSIVE,primary care,Northeast,758.6666666666666,,False,,,Northeast,,6,,,Bangor,
1725623817,,rule_based,EVT-0179,2025-02-05,PC_ANTIHYPERTENSIVE,primary care,Southwest,865.6666666666666,,False,,,Southwest,,9,,,Las Vegas,
1732527431,,rule_based,EVT-0179,2025-02-05,PC_ANTIHYPERTENSIVE,primary care,Southeast,481.6666666666667,,False,,,Southeast,,9,,,Arlington,
1812815243,,rule_based,EVT-0179,2025-02-05,PC_ANTIHYPERTENSIVE,primary care,Midwest,983.8333333333334,,False,,,Midwest,,7,,,Milwaukee,
1824172013,,rule_based,EVT-0179,2025-02-05,PC_ANTIHYPERTENSIVE,primary care,Midwest,507.6666666666667,,False,,,Midwest,,10,,,Grand Rapids,
1832506087,,rule_based,EVT-0179,2025-02-05,PC_ANTIHYPERTENSIVE,primary care,Midwest,1237.1666666666667,,False,,,Midwest,,14,,,Grand Rapids,
1848624494,,rule_based,EVT-0179,2025-02-05,PC_ANTIHYPERTENSIVE,primary care,Midwest,434.6666666666667,,False,,,Midwest,,14,,,Kansas City,
1896554999,,rule_based,EVT-0179,2025-02-05,PC_ANTIHYPERTENSIVE,primary care,West,689.5,,False,,,West,,14,,,Eugene,
1924355757,,rule_based,EVT-0179,2025-02-05,PC_ANTIHYPERTENSIVE,primary care,Southwest,578.0,,False,,,Southwest,,7,,,Albuquerque,
1937514325,,rule_based,EVT-0179,2025-02-05,PC_ANTIHYPERTENSIVE,primary care,West,565.8333333333334,,False,,,West,,15,,,Colorado Springs,
1159301823,1407902521,rule_based,EVT-0180,2025-02-06,ONC_TARGETED_ORAL,oncology,West,65.16666666666667,61.166666666666664,True,1,oncology,West,West,6,8,6.138107416879806,Eugene,Tacoma
1326905712,,rule_based,EVT-0180,2025-02-06,ONC_TARGETED_ORAL,oncology,West,101.5,,False,,,West,,24,,,Denver,
1358245029,1943531446,rule_based,EVT-0180,2025-02-06,ONC_TARGETED_ORAL,oncology,Midwest,189.83333333333334,187.66666666666666,True,1,oncology,Midwest,Midwest,17,17,1.141352063213355,South Bend,Indianapolis
1640263392,1149018644,rule_based,EVT-0180,2025-02-06,ONC_TARGETED_ORAL,oncology,Southeast,219.0,205.5,True,1,oncology,Southeast,Southeast,18,15,6.164383561643835,Winston-Salem,Richmond
1704492101,,rule_based,EVT-0180,2025-02-06,ONC_TARGETED_ORAL,oncology,Southeast,188.66666666666666,,False,,,Southeast,,24,,,Savannah,
1811081532,,rule_based,EVT-0180,2025-02-06,ONC_TARGETED_ORAL,oncology,Northeast,210.83333333333334,,False,,,Northeast,,12,,,Philadelphia,
1038444141,1245433184,rule_based,EVT-0181,2025-02-07,ONC_TARGETED_ORAL,oncology,Southeast,250.16666666666666,241.66666666666666,True,1,oncology,Southeast,Southeast,11,13,3.397734843437708,Durham,Columbia
1120302413,1987092370,rule_based,EVT-0181,2025-02-07,ONC_TARGETED_ORAL,oncology,Southeast,251.5,258.6666666666667,True,1,oncology,Southeast,Southeast,11,14,2.849569251159716,Atlanta,Nashville
1209464480,1338304433,rule_based,EVT-0181,2025-02-07,ONC_TARGETED_ORAL,oncology,Southeast,592.6666666666666,549.6666666666666,True,1,oncology,Southeast,Southeast,16,14,7.255343082114736,Durham,Columbia
1216532808,1375799982,rule_based,EVT-0181,2025-02-07,ONC_TARGETED_ORAL,oncology,Southeast,151.16666666666666,162.83333333333334,True,1,oncology,Southeast,Southeast,12,10,7.717750826901887,Mobile,Columbia
1407931751,1841542198,rule_based,EVT-0181,2025-02-07,ONC_TARGETED_ORAL,oncology,Midwest,123.16666666666667,128.66666666666666,True,1,oncology,Midwest,Midwest,8,6,4.46549391069011,Cincinnati,South Bend
1480599715,,rule_based,EVT-0181,2025-02-07,ONC_TARGETED_ORAL,oncology,Midwest,139.83333333333334,,False,,,Midwest,,12,,,Toledo,
1704492101,,rule_based,EVT-0181,2025-02-07,ONC_TARGETED_ORAL,oncology,Southeast,188.66666666666666,,False,,,Southeast,,24,,,Savannah,
1758206720,,rule_based,EVT-0181,2025-02-07,ONC_TARGETED_ORAL,oncology,Southwest,173.66666666666666,,False,,,Southwest,,18,,,Tucson,
1840863041,1340345143,rule_based,EVT-0181,2025-02-07,ONC_TARGETED_ORAL,oncology,Southeast,451.1666666666667,434.8333333333333,True,1,oncology,Southeast,Southeast,13,12,3.62024381233839,Miami,Columbia
1009179924,,rule_based,EVT-0182,2025-02-14,CV_ANTICOAG_ORAL,cardiology,West,337.5,,False,,,West,,10,,,Los Angeles,
1025231352,,rule_based,EVT-0182,2025-02-14,CV_ANTICOAG_ORAL,rheumatology,Northeast,272.8333333333333,,False,,,Northeast,,6,,,Syracuse,
1041585906,1356707665,rule_based,EVT-0182,2025-02-14,CV_ANTICOAG_ORAL,oncology,West,120.66666666666667,115.33333333333333,True,1,oncology,West,West,8,11,4.419889502762438,Eugene,Colorado Springs
1058647219,1697855363,rule_based,EVT-0182,2025-02-14,CV_ANTICOAG_ORAL,pulmonology,Northeast,293.5,270.0,True,1,pulmonology,Northeast,Northeast,11,14,8.006814310051109,Albany,Hershey
1073902250,1641859123,rule_based,EVT-0182,2025-02-14,CV_ANTICOAG_ORAL,rheumatology,West,248.16666666666666,231.66666666666666,True,1,rheumatology,West,West,10,12,6.648757555406314,Boulder,Denver
1085110611,,rule_based,EVT-0182,2025-02-14,CV_ANTICOAG_ORAL,neurology,West,109.0,,False,,,West,,18,,,Spokane,
1101185407,1488515010,rule_based,EVT-0182,2025-02-14,CV_ANTICOAG_ORAL,primary care,Midwest,182.5,177.83333333333334,True,1,primary care,Midwest,Midwest,17,19,2.5570776255707712,Lansing,St. Louis
1133616429,,rule_based,EVT-0182,2025-02-14,CV_ANTICOAG_ORAL,neurology,Midwest,228.33333333333334,,False,,,Midwest,,10,,,Grand Rapids,
1137408567,,rule_based,EVT-0182,2025-02-14,CV_ANTICOAG_ORAL,endocrinology,Northeast,934.1666666666666,,False,,,Northeast,,10,,,Allentown,
1144669185,,rule_based,EVT-0182,2025-02-14,CV_ANTICOAG_ORAL,primary care,Northeast,1068.8333333333333,,False,,,Northeast,,16,,,Allentown,
1159841240,,rule_based,EVT-0182,2025-02-14,CV_ANTICOAG_ORAL,neurology,Southeast,769.6666666666666,,False,,,Southeast,,17,,,Charlotte,
1240190284,,rule_based,EVT-0182,2025-02-14,CV_ANTICOAG_ORAL,oncology,Southwest,148.83333333333334,,False,,,Southwest,,17,,,Santa Fe,
1244876920,,rule_based,EVT-0182,2025-02-14,CV_ANTICOAG_ORAL,neurology,West,51.5,,False,,,West,,6,,,Eugene,
1246066447,,rule_based,EVT-0182,2025-02-14,CV_ANTICOAG_ORAL,rheumatology,Southwest,254.16666666666666,,False,,,Southwest,,28,,,Mesa,
1299418347,1331020234,rule_based,EVT-0182,2025-02-14,CV_ANTICOAG_ORAL,cardiology,Northeast,127.0,138.0,True,1,cardiology,Northeast,Northeast,18,19,8.661417322834646,Springfield,Syracuse
1321405205,1479078465,rule_based,EVT-0182,2025-02-14,CV_ANTICOAG_ORAL,primary care,West,131.0,124.5,True,1,primary care,West,West,10,12,4.961832061068702,San Jose,Portland
1327009084,,rule_based,EVT-0182,2025-02-14,CV_ANTICOAG_ORAL,neurology,Southwest,121.16666666666667,,False,,,Southwest,,13,,,Scottsdale,
1330017819,,rule_based,EVT-0182,2025-02-14,CV_ANTICOAG_ORAL,neurology,Southwest,302.0,,False,,,Southwest,,18,,,Santa Fe,
1334266016,1134632102,rule_based,EVT-0182,2025-02-14,CV_ANTICOAG_ORAL,primary care,Southwest,421.3333333333333,389.5,True,1,primary care,Southwest,Southwest,20,22,7.555379746835439,Phoenix,Santa Fe
1409867656,,rule_based,EVT-0182,2025-02-14,CV_ANTICOAG_ORAL,neurology,Northeast,94.5,,False,,,Northeast,,11,,,Princeton,
1467704312,,rule_based,EVT-0182,2025-02-14,CV_ANTICOAG_ORAL,neurology,Northeast,402.8333333333333,,False,,,Northeast,,13,,,Worcester,
1512844550,,rule_based,EVT-0182,2025-02-14,CV_ANTICOAG_ORAL,neurology,Southwest,165.33333333333334,,False,,,Southwest,,15,,,Tulsa,
1567742360,,rule_based,EVT-0182,2025-02-14,CV_ANTICOAG_ORAL,primary care,West,455.5,,False,,,West,,8,,,Provo,
1567993435,,rule_based,EVT-0182,2025-02-14,CV_ANTICOAG_ORAL,neurology,Northeast,70.33333333333333,,False,,,Northeast,,9,,,Buffalo,
1592062677,,rule_based,EVT-0182,2025-02-14,CV_ANTICOAG_ORAL,neurology,Southeast,333.1666666666667,,False,,,Southeast,,9,,,Nashville,
1595301304,,rule_based,EVT-0182,2025-02-14,CV_ANTICOAG_ORAL,primary care,Southwest,124.0,,False,,,Southwest,,13,,,Tulsa,
1616418756,,rule_based,EVT-0182,2025-02-14,CV_ANTICOAG_ORAL,neurology,Northeast,263.6666666666667,,False,,,Northeast,,8,,,Worcester,
1636376422,1815549120,rule_based,EVT-0182,2025-02-14,CV_ANTICOAG_ORAL,neurology,Southwest,64.0,69.0,True,1,neurology,Southwest,Southwest,7,9,7.8125,San Antonio,Oklahoma City
1644815767,,rule_based,EVT-0182,2025-02-14,CV_ANTICOAG_ORAL,primary care,West,319.0,,False,,,West,,16,,,Tacoma,
1683943777,1185877283,rule_based,EVT-0182,2025-02-14,CV_ANTICOAG_ORAL,cardiology,West,201.16666666666666,206.5,True,1,cardiology,West,West,8,10,2.6512013256006677,Provo,Portland
1689916181,,rule_based,EVT-0182,2025-02-14,CV_ANTICOAG_ORAL,primary care,Northeast,253.66666666666666,,False,,,Northeast,,6,,,Bangor,
1704331150,,rule_based,EVT-0182,2025-02-14,CV_ANTICOAG_ORAL,endocrinology,West,346.5,,False,,,West,,11,,,Denver,
1732000645,,rule_based,EVT-0182,2025-02-14,CV_ANTICOAG_ORAL,cardiology,Southwest,332.0,,False,,,Southwest,,8,,,Scottsdale,
1779411515,1801662945,rule_based,EVT-0182,2025-02-14,CV_ANTICOAG_ORAL,endocrinology,Midwest,175.0,188.66666666666666,True,1,endocrinology,Midwest,Midwest,11,14,7.809523809523804,Kansas City,Columbia
1806707737,,rule_based,EVT-0182,2025-02-14,CV_ANTICOAG_ORAL,primary care,West,167.33333333333334,,False,,,West,,9,,,Boulder,
1824149854,,rule_based,EVT-0182,2025-02-14,CV_ANTICOAG_ORAL,neurology,Southeast,178.5,,False,,,Southeast,,12,,,Memphis,
1836939912,,rule_based,EVT-0182,2025-02-14,CV_ANTICOAG_ORAL,neurology,Southeast,89.16666666666667,,False,,,Southeast,,6,,,Savannah,
1854852153,,rule_based,EVT-0182,2025-02-14,CV_ANTICOAG_ORAL,pulmonology,Southwest,148.0,,False,,,Southwest,,17,,,Houston,
1927430854,,rule_based,EVT-0182,2025-02-14,CV_ANTICOAG_ORAL,primary care,Southeast,522.0,,False,,,Southeast,,13,,,Richmond,
1944079924,,rule_based,EVT-0182,2025-02-14,CV_ANTICOAG_ORAL,rheumatology,Southeast,549.1666666666666,,False,,,Southeast,,14,,,Columbia,
1955620046,,rule_based,EVT-0182,2025-02-14,CV_ANTICOAG_ORAL,primary care,Southeast,432.1666666666667,,False,,,Southeast,,8,,,Birmingham,
1989798412,1412773438,rule_based,EVT-0182,2025-02-14,CV_ANTICOAG_ORAL,primary care,Southwest,594.8333333333334,601.8333333333334,True,1,primary care,Southwest,Southwest,13,12,1.1768002241524236,Las Vegas,Tucson
1991291398,,rule_based,EVT-0182,2025-02-14,CV_ANTICOAG_ORAL,rheumatology,Southwest,665.1666666666666,,False,,,Southwest,,11,,,Austin,
1133616429,,rule_based,EVT-0183,2025-02-17,NEURO_MIGRAINE_CGRP,neurology,Midwest,245.66666666666666,,False,,,Midwest,,10,,,Grand Rapids,
1159841240,,rule_based,EVT-0183,2025-02-17,NEURO_MIGRAINE_CGRP,neurology,Southeast,887.8333333333334,,False,,,Southeast,,17,,,Charlotte,
1163199601,,rule_based,EVT-0183,2025-02-17,NEURO_MIGRAINE_CGRP,neurology,Southwest,293.0,,False,,,Southwest,,17,,,Oklahoma City,
1204261733,1934277181,rule_based,EVT-0183,2025-02-17,NEURO_MIGRAINE_CGRP,neurology,Southeast,251.83333333333334,275.3333333333333,True,1,neurology,Southeast,Southeast,7,9,9.33156849768364,Chattanooga,Orlando
1204787067,1527981900,rule_based,EVT-0183,2025-02-17,NEURO_MIGRAINE_CGRP,neurology,Northeast,167.83333333333334,154.66666666666666,True,1,neurology,Northeast,Northeast,13,14,7.845084409136059,Buffalo,Syracuse
1467704312,1879821175,rule_based,EVT-0183,2025-02-17,NEURO_MIGRAINE_CGRP,neurology,Northeast,274.8333333333333,272.0,True,1,neurology,Northeast,Northeast,13,12,1.0309278350515396,Worcester,Camden
1592062677,,rule_based,EVT-0183,2025-02-17,NEURO_MIGRAINE_CGRP,neurology,Southeast,601.8333333333334,,False,,,Southeast,,9,,,Nashville,
1616418756,1914644640,rule_based,EVT-0183,2025-02-17,NEURO_MIGRAINE_CGRP,neurology,Northeast,252.0,268.8333333333333,True,1,neurology,Northeast,Northeast,8,11,6.679894179894172,Worcester,Worcester
1824149854,1334266743,rule_based,EVT-0183,2025-02-17,NEURO_MIGRAINE_CGRP,neurology,Southeast,314.8333333333333,316.0,True,1,neurology,Southeast,Southeast,12,11,0.37056643726840205,Memphis,Greenville
1856601467,,rule_based,EVT-0183,2025-02-17,NEURO_MIGRAINE_CGRP,neurology,West,435.3333333333333,,False,,,West,,27,,,Portland,
1921646299,,rule_based,EVT-0183,2025-02-17,NEURO_MIGRAINE_CGRP,neurology,Southwest,705.5,,False,,,Southwest,,9,,,Oklahoma City,
1010852790,,rule_based,EVT-0184,2025-02-17,RHEUM_JAK_ORAL,rheumatology,Southwest,245.16666666666666,,False,,,Southwest,,14,,,Tulsa,
1025231352,,rule_based,EVT-0184,2025-02-17,RHEUM_JAK_ORAL,rheumatology,Northeast,371.0,,False,,,Northeast,,6,,,Syracuse,
1073902250,1641859123,rule_based,EVT-0184,2025-02-17,RHEUM_JAK_ORAL,rheumatology,West,380.8333333333333,397.0,True,1,rheumatology,West,West,10,12,4.245076586433266,Boulder,Denver
1194203331,,rule_based,EVT-0184,2025-02-17,RHEUM_JAK_ORAL,rheumatology,Southeast,442.0,,False,,,Southeast,,5,,,Columbia,
1273912869,,rule_based,EVT-0184,2025-02-17,RHEUM_JAK_ORAL,rheumatology,Northeast,330.6666666666667,,False,,,Northeast,,16,,,Stamford,
1393791409,,rule_based,EVT-0184,2025-02-17,RHEUM_JAK_ORAL,rheumatology,Midwest,320.5,,False,,,Midwest,,25,,,Rockford,
1524065749,,rule_based,EVT-0184,2025-02-17,RHEUM_JAK_ORAL,rheumatology,Northeast,491.6666666666667,,False,,,Northeast,,16,,,Worcester,
1595774286,,rule_based,EVT-0184,2025-02-17,RHEUM_JAK_ORAL,rheumatology,Midwest,705.8333333333334,,False,,,Midwest,,13,,,Peoria,
1616839134,,rule_based,EVT-0184,2025-02-17,RHEUM_JAK_ORAL,rheumatology,Northeast,1101.5,,False,,,Northeast,,10,,,New Haven,
1647196991,,rule_based,EVT-0184,2025-02-17,RHEUM_JAK_ORAL,rheumatology,Southeast,825.8333333333334,,False,,,Southeast,,8,,,Richmond,
1808310134,,rule_based,EVT-0184,2025-02-17,RHEUM_JAK_ORAL,rheumatology,Southwest,417.5,,False,,,Southwest,,12,,,Santa Fe,
1847082322,,rule_based,EVT-0184,2025-02-17,RHEUM_JAK_ORAL,rheumatology,Northeast,318.8333333333333,,False,,,Northeast,,16,,,Boston,
1993874985,,rule_based,EVT-0184,2025-02-17,RHEUM_JAK_ORAL,rheumatology,Northeast,519.6666666666666,,False,,,Northeast,,23,,,Boston,
1009179924,,rule_based,EVT-0185,2025-02-20,CARD_HF_ARNI,cardiology,West,466.0,,False,,,West,,10,,,Los Angeles,
1120080837,1871372714,rule_based,EVT-0185,2025-02-20,CARD_HF_ARNI,cardiology,Northeast,341.3333333333333,325.0,True,1,cardiology,Northeast,Northeast,16,19,4.785156249999995,Hartford,Portland
1123148250,,rule_based,EVT-0185,2025-02-20,CARD_HF_ARNI,cardiology,Southwest,267.0,,False,,,Southwest,,19,,,Austin,
1302899475,1041640354,rule_based,EVT-0185,2025-02-20,CARD_HF_ARNI,cardiology,Midwest,183.16666666666666,183.5,True,1,cardiology,Midwest,Midwest,7,5,0.18198362147407252,Ann Arbor,Detroit
1323611925,1234567687,rule_based,EVT-0185,2025-02-20,CARD_HF_ARNI,cardiology,Southwest,232.66666666666666,231.5,True,1,cardiology,Southwest,Southwest,19,21,0.501432664756443,Albuquerque,Albuquerque
1341556789,,rule_based,EVT-0185,2025-02-20,CARD_HF_ARNI,cardiology,West,1593.0,,False,,,West,,17,,,Seattle,
1362560363,,rule_based,EVT-0185,2025-02-20,CARD_HF_ARNI,cardiology,West,470.1666666666667,,False,,,West,,13,,,Spokane,
1475115246,,rule_based,EVT-0185,2025-02-20,CARD_HF_ARNI,cardiology,Southeast,661.5,,False,,,Southeast,,17,,,Macon,
1551962891,,rule_based,EVT-0185,2025-02-20,CARD_HF_ARNI,cardiology,Midwest,82.83333333333333,,False,,,Midwest,,13,,,Madison,
1683943777,,rule_based,EVT-0185,2025-02-20,CARD_HF_ARNI,cardiology,West,460.1666666666667,,False,,,West,,8,,,Provo,
1722038985,,rule_based,EVT-0185,2025-02-20,CARD_HF_ARNI,cardiology,West,328.0,,False,,,West,,8,,,Denver,
1724092733,,rule_based,EVT-0185,2025-02-20,CARD_HF_ARNI,cardiology,Northeast,614.0,,False,,,Northeast,,5,,,Pittsburgh,
1727463709,1028050239,rule_based,EVT-0185,2025-02-20,CARD_HF_ARNI,cardiology,West,180.83333333333334,180.16666666666666,True,1,cardiology,West,West,13,14,0.36866359447005653,Salt Lake City,Provo
1732000645,,rule_based,EVT-0185,2025-02-20,CARD_HF_ARNI,cardiology,Southwest,700.6666666666666,,False,,,Southwest,,8,,,Scottsdale,
1732914373,1977922420,rule_based,EVT-0185,2025-02-20,CARD_HF_ARNI,cardiology,West,254.16666666666666,263.5,True,1,cardiology,West,West,10,11,3.6721311475409877,Tacoma,Seattle
1836894604,1714292012,rule_based,EVT-0185,2025-02-20,CARD_HF_ARNI,cardiology,Southeast,317.5,307.3333333333333,True,1,cardiology,Southeast,Southeast,12,14,3.2020997375328144,Norfolk,Tampa
1901019392,,rule_based,EVT-0185,2025-02-20,CARD_HF_ARNI,cardiology,West,1179.5,,False,,,West,,16,,,Portland,
1934829601,,rule_based,EVT-0185,2025-02-20,CARD_HF_ARNI,cardiology,Midwest,508.5,,False,,,Midwest,,13,,,Toledo,
1044303869,,rule_based,EVT-0186,2025-02-22,METABOLIC_GLP1_INJ,oncology,Northeast,329.5,,False,,,Northeast,,16,,,Allentown,
1200480071,,rule_based,EVT-0186,2025-02-22,METABOLIC_GLP1_INJ,primary care,Northeast,168.0,,False,,,Northeast,,20,,,Portland,
1240190284,1111217703,rule_based,EVT-0186,2025-02-22,METABOLIC_GLP1_INJ,oncology,Southwest,113.0,114.33333333333333,True,1,oncology,Southwest,Southwest,17,17,1.1799410029498483,Santa Fe,Oklahoma City
1265952337,,rule_based,EVT-0186,2025-02-22,METABOLIC_GLP1_INJ,cardiology,Northeast,111.0,,False,,,Northeast,,22,,,Syracuse,
1398789739,,rule_based,EVT-0186,2025-02-22,METABOLIC_GLP1_INJ,neurology,Northeast,107.83333333333333,,False,,,Northeast,,26,,,Philadelphia,
1511742359,1535323178,rule_based,EVT-0186,2025-02-22,METABOLIC_GLP1_INJ,oncology,Northeast,154.16666666666666,153.16666666666666,True,1,oncology,Northeast,Northeast,16,17,0.6486486486486487,Boston,Stamford
1536278926,,rule_based,EVT-0186,2025-02-22,METABOLIC_GLP1_INJ,primary care,West,156.66666666666666,,False,,,West,,13,,,Provo,
1683943777,,rule_based,EVT-0186,2025-02-22,METABOLIC_GLP1_INJ,cardiology,West,410.3333333333333,,False,,,West,,8,,,Provo,
1714986282,1185877283,rule_based,EVT-0186,2025-02-22,METABOLIC_GLP1_INJ,cardiology,West,234.16666666666666,237.83333333333334,True,1,cardiology,West,West,10,10,1.5658362989323924,Tacoma,Portland
1725724532,,rule_based,EVT-0186,2025-02-22,METABOLIC_GLP1_INJ,primary care,Northeast,449.0,,False,,,Northeast,,32,,,Boston,
1738903891,1285330571,rule_based,EVT-0186,2025-02-22,METABOLIC_GLP1_INJ,endocrinology,Southeast,382.5,411.1666666666667,True,1,endocrinology,Southeast,Southeast,18,18,7.494553376906323,Charlotte,Savannah
1848624494,1381937048,rule_based,EVT-0186,2025-02-22,METABOLIC_GLP1_INJ,primary care,Midwest,146.16666666666666,141.83333333333334,True,1,primary care,Midwest,Midwest,14,11,2.964652223489155,Kansas City,Milwaukee
1857629178,,rule_based,EVT-0186,2025-02-22,METABOLIC_GLP1_INJ,oncology,West,75.5,,False,,,West,,3,,,Eugene,
1903798589,,rule_based,EVT-0186,2025-02-22,METABOLIC_GLP1_INJ,primary care,Southwest,463.3333333333333,,False,,,Southwest,,19,,,Austin,
1991291398,,rule_based,EVT-0186,2025-02-22,METABOLIC_GLP1_INJ,rheumatology,Southwest,248.0,,False,,,Southwest,,11,,,Austin,
1460081361,1167711153,rule_based,EVT-0186,2025-02-22,METABOLIC_GLP1_INJ,cardiology,Northeast,390.0,358.3333333333333,True,1,cardiology,Northeast,Northeast,7,8,8.119658119658125,Bangor,Princeton
1018018261,,rule_based,EVT-0187,2025-02-24,METABOLIC_GLP1_INJ,primary care,Northeast,378.8333333333333,,False,,,Northeast,,13,,,Newark,
1050705288,,rule_based,EVT-0187,2025-02-24,METABOLIC_GLP1_INJ,endocrinology,Southeast,259.1666666666667,,False,,,Southeast,,21,,,Atlanta,
1065091666,1898803444,rule_based,EVT-0187,2025-02-24,METABOLIC_GLP1_INJ,endocrinology,West,238.0,246.66666666666666,True,1,endocrinology,West,West,9,11,3.641456582633049,Los Angeles,Salt Lake City
1123148250,,rule_based,EVT-0187,2025-02-24,METABOLIC_GLP1_INJ,cardiology,Southwest,420.1666666666667,,False,,,Southwest,,19,,,Austin,
1133616429,1987971524,rule_based,EVT-0187,2025-02-24,METABOLIC_GLP1_INJ,neurology,Midwest,76.0,82.33333333333333,True,1,neurology,Midwest,Midwest,10,10,8.333333333333327,Grand Rapids,Fort Wayne
1136500869,,rule_based,EVT-0187,2025-02-24,METABOLIC_GLP1_INJ,endocrinology,Southeast,88.5,,False,,,Southeast,,18,,,Arlington,
1159841240,,rule_based,EVT-0187,2025-02-24,METABOLIC_GLP1_INJ,neurology,Southeast,220.16666666666666,,False,,,Southeast,,17,,,Charlotte,
1200096471,,rule_based,EVT-0187,2025-02-24,METABOLIC_GLP1_INJ,primary care,Southeast,134.66666666666666,,False,,,Southeast,,10,,,Mobile,
1202669523,,rule_based,EVT-0187,2025-02-24,METABOLIC_GLP1_INJ,cardiology,Midwest,332.3333333333333,,False,,,Midwest,,15,,,Fort Wayne,
1237205202,1736538384,rule_based,EVT-0187,2025-02-24,METABOLIC_GLP1_INJ,endocrinology,Northeast,201.83333333333334,211.66666666666666,True,1,endocrinology,Northeast,Northeast,13,14,4.872006606110642,Buffalo,Allentown
1251567115,,rule_based,EVT-0187,2025-02-24,METABOLIC_GLP1_INJ,primary care,Midwest,196.0,,False,,,Midwest,,8,,,Rockford,
1264333323,1058325303,rule_based,EVT-0187,2025-02-24,METABOLIC_GLP1_INJ,primary care,Northeast,199.5,200.66666666666666,True,1,primary care,Northeast,Northeast,12,13,0.5847953216374222,New York,Princeton
1324722952,,rule_based,EVT-0187,2025-02-24,METABOLIC_GLP1_INJ,endocrinology,Northeast,52.0,,False,,,Northeast,,12,,,Stamford,
1375349903,,rule_based,EVT-0187,2025-02-24,METABOLIC_GLP1_INJ,endocrinology,West,233.83333333333334,,False,,,West,,18,,,Boulder,
1418997171,,rule_based,EVT-0187,2025-02-24,METABOLIC_GLP1_INJ,primary care,Northeast,435.1666666666667,,False,,,Northeast,,18,,,Jersey City,
1455101661,,rule_based,EVT-0187,2025-02-24,METABOLIC_GLP1_INJ,endocrinology,Southeast,315.5,,False,,,Southeast,,19,,,Nashville,
1467704312,,rule_based,EVT-0187,2025-02-24,METABOLIC_GLP1_INJ,neurology,Northeast,197.83333333333334,,False,,,Northeast,,13,,,Worcester,
1481247389,,rule_based,EVT-0187,2025-02-24,METABOLIC_GLP1_INJ,primary care,Southeast,504.3333333333333,,False,,,Southeast,,24,,,Winston-Salem,
1551107307,,rule_based,EVT-0187,2025-02-24,METABOLIC_GLP1_INJ,endocrinology,Midwest,185.5,,False,,,Midwest,,12,,,Peoria,
1567742360,1873780039,rule_based,EVT-0187,2025-02-24,METABOLIC_GLP1_INJ,primary care,West,365.0,355.6666666666667,True,1,primary care,West,West,8,9,2.5570776255707712,Provo,Provo
1592062677,1026926489,rule_based,EVT-0187,2025-02-24,METABOLIC_GLP1_INJ,neurology,Southeast,209.0,192.33333333333334,True,1,neurology,Southeast,Southeast,9,9,7.97448165869218,Nashville,Tampa
1621199177,1393729789,rule_based,EVT-0187,2025-02-24,METABOLIC_GLP1_INJ,primary care,Southeast,163.33333333333334,163.16666666666666,True,1,primary care,Southeast,Southeast,16,13,0.1020408163265422,Gainesville,Miami
1645233598,,rule_based,EVT-0187,2025-02-24,METABOLIC_GLP1_INJ,endocrinology,Northeast,618.1666666666666,,False,,,Northeast,,10,,,Boston,
1648626962,1879804551,rule_based,EVT-0187,2025-02-24,METABOLIC_GLP1_INJ,pulmonology,Southwest,76.5,72.16666666666667,True,1,pulmonology,Southwest,Southwest,16,19,5.664488017429187,Tulsa,Las Vegas
1670701188,1955222058,rule_based,EVT-0187,2025-02-24,METABOLIC_GLP1_INJ,cardiology,Southeast,228.83333333333334,236.16666666666666,True,1,cardiology,Southeast,Southeast,7,4,3.2046613255644494,Chattanooga,Chattanooga
1689916181,,rule_based,EVT-0187,2025-02-24,METABOLIC_GLP1_INJ,primary care,Northeast,401.6666666666667,,False,,,Northeast,,6,,,Bangor,
1703413967,,rule_based,EVT-0187,2025-02-24,METABOLIC_GLP1_INJ,endocrinology,West,231.5,,False,,,West,,26,,,Boulder,
1787619711,,rule_based,EVT-0187,2025-02-24,METABOLIC_GLP1_INJ,cardiology,Midwest,507.1666666666667,,False,,,Midwest,,13,,,St. Paul,
1803502636,,rule_based,EVT-0187,2025-02-24,METABOLIC_GLP1_INJ,endocrinology,Northeast,313.1666666666667,,False,,,Northeast,,7,,,Princeton,
1841542198,1737256036,rule_based,EVT-0187,2025-02-24,METABOLIC_GLP1_INJ,oncology,Midwest,139.66666666666666,149.16666666666666,True,1,oncology,Midwest,Midwest,6,9,6.801909307875896,South Bend,Green Bay
1901019392,,rule_based,EVT-0187,2025-02-24,METABOLIC_GLP1_INJ,cardiology,West,851.5,,False,,,West,,16,,,Portland,
1924355757,,rule_based,EVT-0187,2025-02-24,METABOLIC_GLP1_INJ,primary care,Southwest,593.5,,False,,,Southwest,,7,,,Albuquerque,
1927430854,,rule_based,EVT-0187,2025-02-24,METABOLIC_GLP1_INJ,primary care,Southeast,223.16666666666666,,False,,,Southeast,,13,,,Richmond,
1949335115,1694658844,rule_based,EVT-0187,2025-02-24,METABOLIC_GLP1_INJ,endocrinology,Southeast,213.16666666666666,198.16666666666666,True,1,endocrinology,Southeast,Southeast,8,6,7.0367474589523065,Nashville,Knoxville
1964945871,,rule_based,EVT-0187,2025-02-24,METABOLIC_GLP1_INJ,endocrinology,Northeast,247.5,,False,,,Northeast,,6,,,New Haven,
1993463169,1432188427,rule_based,EVT-0187,2025-02-24,METABOLIC_GLP1_INJ,endocrinology,West,329.6666666666667,300.6666666666667,True,1,endocrinology,West,West,9,9,8.796764408493427,Seattle,Salt Lake City
1038444141,1245433184,rule_based,EVT-0188,2025-02-26,ONC_TARGETED_ORAL,oncology,Southeast,250.16666666666666,241.66666666666666,True,1,oncology,Southeast,Southeast,11,13,3.397734843437708,Durham,Columbia
1340345143,1384158410,rule_based,EVT-0188,2025-02-26,ONC_TARGETED_ORAL,oncology,Southeast,434.8333333333333,425.1666666666667,True,1,oncology,Southeast,Southeast,12,11,2.2230739747029427,Columbia,Nashville
1394982015,1123562633,rule_based,EVT-0188,2025-02-26,ONC_TARGETED_ORAL,oncology,Southeast,89.83333333333333,81.83333333333333,True,1,oncology,Southeast,Southeast,7,8,8.905380333951761,Birmingham,Charleston
1640263392,1149018644,rule_based,EVT-0188,2025-02-26,ONC_TARGETED_ORAL,oncology,Southeast,219.0,205.5,True,1,oncology,Southeast,Southeast,18,15,6.164383561643835,Winston-Salem,Richmond
1840863041,,rule_based,EVT-0188,2025-02-26,ONC_TARGETED_ORAL,oncology,Southeast,451.1666666666667,,False,,,Southeast,,13,,,Miami,
1031568581,,rule_based,EVT-0189,2025-02-27,PULM_ICS_LABA_INH,pulmonology,Southeast,554.3333333333334,,False,,,Southeast,,5,,,Chattanooga,
1198262952,,rule_based,EVT-0189,2025-02-27,PULM_ICS_LABA_INH,pulmonology,Northeast,875.8333333333334,,False,,,Northeast,,5,,,Hartford,
1238983617,,rule_based,EVT-0189,2025-02-27,PULM_ICS_LABA_INH,pulmonology,Southeast,1275.0,,False,,,Southeast,,13,,,Memphis,
1250017203,,rule_based,EVT-0189,2025-02-27,PULM_ICS_LABA_INH,pulmonology,Southeast,200.5,,False,,,Southeast,,22,,,Durham,
1369172659,,rule_based,EVT-0189,2025-02-27,PULM_ICS_LABA_INH,pulmonology,Southeast,107.33333333333333,,False,,,Southeast,,7,,,Charlottesville,
1374281198,,rule_based,EVT-0189,2025-02-27,PULM_ICS_LABA_INH,pulmonology,Southeast,125.66666666666667,,False,,,Southeast,,6,,,Augusta,
1389574017,,rule_based,EVT-0189,2025-02-27,PULM_ICS_LABA_INH,pulmonology,Southwest,381.8333333333333,,False,,,Southwest,,8,,,Scottsdale,
1474100561,1798313247,rule_based,EVT-0189,2025-02-27,PULM_ICS_LABA_INH,pulmonology,Midwest,106.0,103.5,True,1,pulmonology,Midwest,Midwest,11,13,2.358490566037736,Kansas City,Lansing
1555906795,,rule_based,EVT-0189,2025-02-27,PULM_ICS_LABA_INH,pulmonology,Midwest,617.3333333333334,,False,,,Midwest,,13,,,Green Bay,
1688976343,1081238747,rule_based,EVT-0189,2025-02-27,PULM_ICS_LABA_INH,pulmonology,Southeast,356.3333333333333,356.3333333333333,True,1,pulmonology,Southeast,Southeast,14,13,0.0,Charlotte,Tampa
1704308638,,rule_based,EVT-0189,2025-02-27,PULM_ICS_LABA_INH,pulmonology,Southeast,492.3333333333333,,False,,,Southeast,,15,,,Arlington,
1782077311,1916437647,rule_based,EVT-0189,2025-02-27,PULM_ICS_LABA_INH,pulmonology,Southeast,125.66666666666667,126.66666666666667,True,1,pulmonology,Southeast,Southeast,9,12,0.7957559681697612,Tampa,Nashville
1838576308,,rule_based,EVT-0189,2025-02-27,PULM_ICS_LABA_INH,pulmonology,Southeast,203.16666666666666,,False,,,Southeast,,6,,,Columbia,
1867204764,,rule_based,EVT-0189,2025-02-27,PULM_ICS_LABA_INH,pulmonology,Southeast,462.1666666666667,,False,,,Southeast,,15,,,Winston-Salem,
1967802350,1588179048,rule_based,EVT-0189,2025-02-27,PULM_ICS_LABA_INH,pulmonology,Midwest,150.16666666666666,140.16666666666666,True,1,pulmonology,Midwest,Midwest,12,12,6.659267480577137,Lansing,Milwaukee
1025978341,,rule_based,EVT-0190,2025-03-01,ENDO_BASAL_INSULIN,endocrinology,Northeast,560.1666666666666,,False,,,Northeast,,12,,,Hartford,
1028436479,,rule_based,EVT-0190,2025-03-01,ENDO_BASAL_INSULIN,endocrinology,Southwest,254.33333333333334,,False,,,Southwest,,15,,,Las Vegas,
1107038659,,rule_based,EVT-0190,2025-03-01,ENDO_BASAL_INSULIN,endocrinology,Northeast,683.8333333333334,,False,,,Northeast,,10,,,New York,
1136500869,1769333869,rule_based,EVT-0190,2025-03-01,ENDO_BASAL_INSULIN,endocrinology,Southeast,314.0,311.6666666666667,True,1,endocrinology,Southeast,Southeast,18,20,0.7430997876857689,Arlington,Columbia
1237205202,1333043895,rule_based,EVT-0190,2025-03-01,ENDO_BASAL_INSULIN,endocrinology,Northeast,192.0,193.0,True,1,endocrinology,Northeast,Northeast,13,12,0.5208333333333333,Buffalo,Albany
1324722952,,rule_based,EVT-0190,2025-03-01,ENDO_BASAL_INSULIN,endocrinology,Northeast,260.5,,False,,,Northeast,,12,,,Stamford,
1330156328,,rule_based,EVT-0190,2025-03-01,ENDO_BASAL_INSULIN,endocrinology,Southwest,218.5,,False,,,Southwest,,6,,,Santa Fe,
1394609428,,rule_based,EVT-0190,2025-03-01,ENDO_BASAL_INSULIN,endocrinology,Southwest,970.6666666666666,,False,,,Southwest,,4,,,Reno,
1645233598,,rule_based,EVT-0190,2025-03-01,ENDO_BASAL_INSULIN,endocrinology,Northeast,695.3333333333334,,False,,,Northeast,,10,,,Boston,
1704331150,1432188427,rule_based,EVT-0190,2025-03-01,ENDO_BASAL_INSULIN,endocrinology,West,436.0,412.6666666666667,True,1,endocrinology,West,West,11,9,5.35168195718654,Denver,Salt Lake City
1713444978,,rule_based,EVT-0190,2025-03-01,ENDO_BASAL_INSULIN,endocrinology,Midwest,495.8333333333333,,False,,,Midwest,,11,,,Peoria,
1746046261,,rule_based,EVT-0190,2025-03-01,ENDO_BASAL_INSULIN,endocrinology,Northeast,282.3333333333333,,False,,,Northeast,,4,,,Hershey,
1758794279,1730655531,rule_based,EVT-0190,2025-03-01,ENDO_BASAL_INSULIN,endocrinology,Northeast,517.5,481.0,True,1,endocrinology,Northeast,Northeast,7,9,7.053140096618357,Jersey City,New Haven
1993463169,,rule_based,EVT-0190,2025-03-01,ENDO_BASAL_INSULIN,endocrinology,West,292.1666666666667,,False,,,West,,9,,,Seattle,
1271768685,1548652282,rule_based,EVT-0191,2025-03-03,PC_ANTIHYPERTENSIVE,primary care,Midwest,622.0,584.5,True,1,primary care,Midwest,Midwest,8,5,6.028938906752412,St. Paul,Grand Rapids
1084919582,,rule_based,EVT-0191,2025-03-03,PC_ANTIHYPERTENSIVE,primary care,Southeast,629.1666666666666,,False,,,Southeast,,12,,,Nashville,
1101185407,,rule_based,EVT-0191,2025-03-03,PC_ANTIHYPERTENSIVE,primary care,Midwest,839.0,,False,,,Midwest,,17,,,Lansing,
1144669185,,rule_based,EVT-0191,2025-03-03,PC_ANTIHYPERTENSIVE,primary care,Northeast,1094.5,,False,,,Northeast,,16,,,Allentown,
1200480071,,rule_based,EVT-0191,2025-03-03,PC_ANTIHYPERTENSIVE,primary care,Northeast,432.5,,False,,,Northeast,,20,,,Portland,
1264333323,1209566128,rule_based,EVT-0191,2025-03-03,PC_ANTIHYPERTENSIVE,primary care,Northeast,880.1666666666666,828.6666666666666,True,1,primary care,Northeast,Northeast,12,15,5.85116455216815,New York,Stamford
1266945785,,rule_based,EVT-0191,2025-03-03,PC_ANTIHYPERTENSIVE,primary care,West,915.8333333333334,,False,,,West,,19,,,San Diego,
1280087226,,rule_based,EVT-0191,2025-03-03,PC_ANTIHYPERTENSIVE,primary care,Northeast,1441.3333333333333,,False,,,Northeast,,10,,,Rochester,
1297280590,,rule_based,EVT-0191,2025-03-03,PC_ANTIHYPERTENSIVE,primary care,Midwest,538.1666666666666,,False,,,Midwest,,14,,,Springfield,
1315385710,,rule_based,EVT-0191,2025-03-03,PC_ANTIHYPERTENSIVE,primary care,Northeast,1658.5,,False,,,Northeast,,20,,,Worcester,
1377426493,,rule_based,EVT-0191,2025-03-03,PC_ANTIHYPERTENSIVE,primary care,West,325.8333333333333,,False,,,West,,13,,,Portland,
1385532449,,rule_based,EVT-0191,2025-03-03,PC_ANTIHYPERTENSIVE,primary care,Southeast,864.3333333333334,,False,,,Southeast,,6,,,Atlanta,
1418997171,,rule_based,EVT-0191,2025-03-03,PC_ANTIHYPERTENSIVE,primary care,Northeast,768.6666666666666,,False,,,Northeast,,18,,,Jersey City,
1456207657,,rule_based,EVT-0191,2025-03-03,PC_ANTIHYPERTENSIVE,primary care,Midwest,804.6666666666666,,False,,,Midwest,,10,,,Minneapolis,
1523681389,,rule_based,EVT-0191,2025-03-03,PC_ANTIHYPERTENSIVE,primary care,Midwest,343.0,,False,,,Midwest,,8,,,Milwaukee,
1546151204,,rule_based,EVT-0191,2025-03-03,PC_ANTIHYPERTENSIVE,primary care,Northeast,402.0,,False,,,Northeast,,13,,,Newark,
1592123891,,rule_based,EVT-0191,2025-03-03,PC_ANTIHYPERTENSIVE,primary care,Northeast,1052.6666666666667,,False,,,Northeast,,18,,,Allentown,
1595301304,,rule_based,EVT-0191,2025-03-03,PC_ANTIHYPERTENSIVE,primary care,Southwest,511.8333333333333,,False,,,Southwest,,13,,,Tulsa,
1615059528,,rule_based,EVT-0191,2025-03-03,PC_ANTIHYPERTENSIVE,primary care,Southeast,318.5,,False,,,Southeast,,12,,,Savannah,
1639269087,,rule_based,EVT-0191,2025-03-03,PC_ANTIHYPERTENSIVE,primary care,Northeast,279.1666666666667,,False,,,Northeast,,18,,,Buffalo,
1689916181,,rule_based,EVT-0191,2025-03-03,PC_ANTIHYPERTENSIVE,primary care,Northeast,783.6666666666666,,False,,,Northeast,,6,,,Bangor,
1742579091,,rule_based,EVT-0191,2025-03-03,PC_ANTIHYPERTENSIVE,primary care,Northeast,1521.6666666666667,,False,,,Northeast,,25,,,Bangor,
1767508967,,rule_based,EVT-0191,2025-03-03,PC_ANTIHYPERTENSIVE,primary care,Northeast,437.6666666666667,,False,,,Northeast,,27,,,Worcester,
1776723276,,rule_based,EVT-0191,2025-03-03,PC_ANTIHYPERTENSIVE,primary care,Midwest,607.0,,False,,,Midwest,,21,,,Rochester,
1812815243,,rule_based,EVT-0191,2025-03-03,PC_ANTIHYPERTENSIVE,primary care,Midwest,1009.6666666666666,,False,,,Midwest,,7,,,Milwaukee,
1832506087,,rule_based,EVT-0191,2025-03-03,PC_ANTIHYPERTENSIVE,primary care,Midwest,1298.6666666666667,,False,,,Midwest,,14,,,Grand Rapids,
1838439200,,rule_based,EVT-0191,2025-03-03,PC_ANTIHYPERTENSIVE,primary care,Southeast,827.8333333333334,,False,,,Southeast,,16,,,Greenville,
1849328657,,rule_based,EVT-0191,2025-03-03,PC_ANTIHYPERTENSIVE,primary care,Midwest,212.66666666666666,,False,,,Midwest,,22,,,Minneapolis,
1922670785,,rule_based,EVT-0191,2025-03-03,PC_ANTIHYPERTENSIVE,primary care,Southeast,515.3333333333334,,False,,,Southeast,,30,,,Augusta,
1924355757,,rule_based,EVT-0191,2025-03-03,PC_ANTIHYPERTENSIVE,primary care,Southwest,598.8333333333334,,False,,,Southwest,,7,,,Albuquerque,
1927430854,,rule_based,EVT-0191,2025-03-03,PC_ANTIHYPERTENSIVE,primary care,Southeast,913.5,,False,,,Southeast,,13,,,Richmond,
1937514325,,rule_based,EVT-0191,2025-03-03,PC_ANTIHYPERTENSIVE,primary care,West,579.1666666666666,,False,,,West,,15,,,Colorado Springs,
1955620046,,rule_based,EVT-0191,2025-03-03,PC_ANTIHYPERTENSIVE,primary care,Southeast,639.5,,False,,,Southeast,,8,,,Birmingham,
1989798412,,rule_based,EVT-0191,2025-03-03,PC_ANTIHYPERTENSIVE,primary care,Southwest,730.0,,False,,,Southwest,,13,,,Las Vegas,
1009179924,,rule_based,EVT-0192,2025-03-04,CARD_HF_ARNI,cardiology,West,473.6666666666667,,False,,,West,,10,,,Los Angeles,
1123148250,1234567687,rule_based,EVT-0192,2025-03-04,CARD_HF_ARNI,cardiology,Southwest,265.5,242.83333333333334,True,1,cardiology,Southwest,Southwest,19,21,8.537350910232263,Austin,Albuquerque
1169238601,,rule_based,EVT-0192,2025-03-04,CARD_HF_ARNI,cardiology,Midwest,289.1666666666667,,False,,,Midwest,,16,,,St. Paul,
1299418347,1331020234,rule_based,EVT-0192,2025-03-04,CARD_HF_ARNI,cardiology,Northeast,472.6666666666667,484.1666666666667,True,1,cardiology,Northeast,Northeast,18,19,2.4330042313117066,Springfield,Syracuse
1368009035,1056679651,rule_based,EVT-0192,2025-03-04,CARD_HF_ARNI,cardiology,Northeast,350.3333333333333,365.3333333333333,True,1,cardiology,Northeast,Northeast,7,6,4.28163653663178,Philadelphia,Philadelphia
1610177150,,rule_based,EVT-0192,2025-03-04,CARD_HF_ARNI,cardiology,Southeast,608.8333333333334,,False,,,Southeast,,19,,,Mobile,
1631526641,,rule_based,EVT-0192,2025-03-04,CARD_HF_ARNI,cardiology,Southwest,256.0,,False,,,Southwest,,16,,,Oklahoma City,
1648553570,1036176265,rule_based,EVT-0192,2025-03-04,CARD_HF_ARNI,cardiology,Southwest,514.5,475.1666666666667,True,1,cardiology,Southwest,Southwest,11,8,7.64496274700356,Houston,Las Vegas
1683943777,1120914548,rule_based,EVT-0192,2025-03-04,CARD_HF_ARNI,cardiology,West,464.8333333333333,428.0,True,1,cardiology,West,West,8,8,7.923987092147719,Provo,Salt Lake City
1701585576,,rule_based,EVT-0192,2025-03-04,CARD_HF_ARNI,cardiology,Southwest,553.5,,False,,,Southwest,,9,,,Scottsdale,
1714986282,,rule_based,EVT-0192,2025-03-04,CARD_HF_ARNI,cardiology,West,236.83333333333334,,False,,,West,,10,,,Tacoma,
1722038985,,rule_based,EVT-0192,2025-03-04,CARD_HF_ARNI,cardiology,West,326.5,,False,,,West,,8,,,Denver,
1732000645,,rule_based,EVT-0192,2025-03-04,CARD_HF_ARNI,cardiology,Southwest,711.1666666666666,,False,,,Southwest,,8,,,Scottsdale,
1933607412,,rule_based,EVT-0192,2025-03-04,CARD_HF_ARNI,cardiology,West,214.16666666666666,,False,,,West,,12,,,Tacoma,
1934829601,,rule_based,EVT-0192,2025-03-04,CARD_HF_ARNI,cardiology,Midwest,533.8333333333334,,False,,,Midwest,,13,,,Toledo,
1969108517,1977228745,rule_based,EVT-0192,2025-03-04,CARD_HF_ARNI,cardiology,Midwest,221.0,214.5,True,1,cardiology,Midwest,Midwest,12,11,2.941176470588235,Minneapolis,Madison
1934763735,1656483868,rule_based,EVT-0192,2025-03-04,CARD_HF_ARNI,cardiology,Midwest,200.66666666666666,199.66666666666666,True,1,cardiology,Midwest,Midwest,7,10,0.49833887043189373,Rockford,Rochester
1050506165,,rule_based,EVT-0193,2025-03-07,METABOLIC_GLP1_INJ,pulmonology,Southeast,95.5,,False,,,Southeast,,6,,,Raleigh,
1073902250,1038582841,rule_based,EVT-0193,2025-03-07,METABOLIC_GLP1_INJ,rheumatology,West,221.5,226.33333333333334,True,1,rheumatology,West,West,10,13,2.1820917983446244,Boulder,Salt Lake City
1075036339,1767249513,rule_based,EVT-0193,2025-03-07,METABOLIC_GLP1_INJ,pulmonology,West,30.833333333333332,33.666666666666664,True,1,pulmonology,West,West,5,8,9.189189189189186,Tacoma,Boulder
1133130363,1209566128,rule_based,EVT-0193,2025-03-07,METABOLIC_GLP1_INJ,primary care,Northeast,609.1666666666666,580.0,True,1,primary care,Northeast,Northeast,13,15,4.787961696306424,Hartford,Stamford
1139166684,,rule_based,EVT-0193,2025-03-07,METABOLIC_GLP1_INJ,pulmonology,Midwest,174.66666666666666,,False,,,Midwest,,5,,,Green Bay,
1159841240,,rule_based,EVT-0193,2025-03-07,METABOLIC_GLP1_INJ,neurology,Southeast,243.0,,False,,,Southeast,,17,,,Charlotte,
1200480071,,rule_based,EVT-0193,2025-03-07,METABOLIC_GLP1_INJ,primary care,Northeast,171.33333333333334,,False,,,Northeast,,20,,,Portland,
1330017819,,rule_based,EVT-0193,2025-03-07,METABOLIC_GLP1_INJ,neurology,Southwest,973.8333333333334,,False,,,Southwest,,18,,,Santa Fe,
1385532449,,rule_based,EVT-0193,2025-03-07,METABOLIC_GLP1_INJ,primary care,Southeast,393.0,,False,,,Southeast,,6,,,Atlanta,
1386514024,,rule_based,EVT-0193,2025-03-07,METABOLIC_GLP1_INJ,cardiology,West,143.66666666666666,,False,,,West,,10,,,Sacramento,
1394609428,,rule_based,EVT-0193,2025-03-07,METABOLIC_GLP1_INJ,endocrinology,Southwest,583.0,,False,,,Southwest,,4,,,Reno,
1397955463,,rule_based,EVT-0193,2025-03-07,METABOLIC_GLP1_INJ,primary care,Southeast,894.1666666666666,,False,,,Southeast,,14,,,Chattanooga,
1429255973,1529045985,rule_based,EVT-0193,2025-03-07,METABOLIC_GLP1_INJ,primary care,Midwest,180.83333333333334,180.16666666666666,True,1,primary care,Midwest,Midwest,16,13,0.36866359447005653,Indianapolis,Chicago
1433980129,,rule_based,EVT-0193,2025-03-07,METABOLIC_GLP1_INJ,pulmonology,Northeast,247.33333333333334,,False,,,Northeast,,4,,,Hershey,
1443551811,,rule_based,EVT-0193,2025-03-07,METABOLIC_GLP1_INJ,neurology,Southwest,118.33333333333333,,False,,,Southwest,,10,,,Albuquerque,
1488515010,,rule_based,EVT-0193,2025-03-07,METABOLIC_GLP1_INJ,primary care,Midwest,277.3333333333333,,False,,,Midwest,,19,,,St. Louis,
1509977165,,rule_based,EVT-0193,2025-03-07,METABOLIC_GLP1_INJ,primary care,Northeast,662.8333333333334,,False,,,Northeast,,27,,,Bangor,
1592062677,1026926489,rule_based,EVT-0193,2025-03-07,METABOLIC_GLP1_INJ,neurology,Southeast,211.33333333333334,206.33333333333334,True,1,neurology,Southeast,Southeast,9,9,2.365930599369085,Nashville,Tampa
1621842156,,rule_based,EVT-0193,2025-03-07,METABOLIC_GLP1_INJ,oncology,Northeast,111.16666666666667,,False,,,Northeast,,28,,,Hershey,
1643343233,1337789832,rule_based,EVT-0193,2025-03-07,METABOLIC_GLP1_INJ,rheumatology,Southeast,141.66666666666666,147.5,True,1,rheumatology,Southeast,Southeast,17,15,4.117647058823536,Columbia,Savannah
1747032997,,rule_based,EVT-0193,2025-03-07,METABOLIC_GLP1_INJ,primary care,Northeast,307.5,,False,,,Northeast,,9,,,New York,
1815807585,,rule_based,EVT-0193,2025-03-07,METABOLIC_GLP1_INJ,primary care,Southeast,571.1666666666666,,False,,,Southeast,,13,,,Knoxville,
1824149854,1429777182,rule_based,EVT-0193,2025-03-07,METABOLIC_GLP1_INJ,neurology,Southeast,176.0,159.66666666666666,True,1,neurology,Southeast,Southeast,12,10,9.280303030303036,Memphis,Raleigh
1927430854,,rule_based,EVT-0193,2025-03-07,METABOLIC_GLP1_INJ,primary care,Southeast,249.66666666666666,,False,,,Southeast,,13,,,Richmond,
1964945871,,rule_based,EVT-0193,2025-03-07,METABOLIC_GLP1_INJ,endocrinology,Northeast,242.16666666666666,,False,,,Northeast,,6,,,New Haven,
1995404856,,rule_based,EVT-0193,2025-03-07,METABOLIC_GLP1_INJ,endocrinology,Northeast,253.16666666666666,,False,,,Northeast,,5,,,Camden,
1044666919,1464676570,rule_based,EVT-0194,2025-03-13,NEURO_MIGRAINE_CGRP,neurology,Southeast,172.0,167.66666666666666,True,1,neurology,Southeast,Southeast,17,19,2.5193798449612457,Greenville,Gainesville
1133616429,,rule_based,EVT-0194,2025-03-13,NEURO_MIGRAINE_CGRP,neurology,Midwest,255.83333333333334,,False,,,Midwest,,10,,,Grand Rapids,
1204261733,1934277181,rule_based,EVT-0194,2025-03-13,NEURO_MIGRAINE_CGRP,neurology,Southeast,260.1666666666667,269.0,True,1,neurology,Southeast,Southeast,7,9,3.395259449071101,Chattanooga,Orlando
1443551811,1618352078,rule_based,EVT-0194,2025-03-13,NEURO_MIGRAINE_CGRP,neurology,Southwest,205.0,209.33333333333334,True,1,neurology,Southwest,Southwest,10,11,2.113821138211387,Albuquerque,Austin
1467704312,1914644640,rule_based,EVT-0194,2025-03-13,NEURO_MIGRAINE_CGRP,neurology,Northeast,269.3333333333333,267.5,True,1,neurology,Northeast,Northeast,13,11,0.6806930693069236,Worcester,Worcester
1561159348,,rule_based,EVT-0194,2025-03-13,NEURO_MIGRAINE_CGRP,neurology,Northeast,207.33333333333334,,False,,,Northeast,,7,,,Portland,
1567993435,1189244753,rule_based,EVT-0194,2025-03-13,NEURO_MIGRAINE_CGRP,neurology,Northeast,303.0,299.6666666666667,True,1,neurology,Northeast,Northeast,9,12,1.100110011001094,Buffalo,Portland
1616418756,,rule_based,EVT-0194,2025-03-13,NEURO_MIGRAINE_CGRP,neurology,Northeast,248.0,,False,,,Northeast,,8,,,Worcester,
1635476009,,rule_based,EVT-0194,2025-03-13,NEURO_MIGRAINE_CGRP,neurology,Northeast,319.8333333333333,,False,,,Northeast,,18,,,Hartford,
1636376422,,rule_based,EVT-0194,2025-03-13,NEURO_MIGRAINE_CGRP,neurology,Southwest,287.8333333333333,,False,,,Southwest,,7,,,San Antonio,
1674345776,1335912683,rule_based,EVT-0194,2025-03-13,NEURO_MIGRAINE_CGRP,neurology,Midwest,294.5,295.5,True,1,neurology,Midwest,Midwest,14,11,0.3395585738539898,Cleveland,St. Paul
1712965692,,rule_based,EVT-0194,2025-03-13,NEURO_MIGRAINE_CGRP,neurology,West,294.3333333333333,,False,,,West,,9,,,San Jose,
1719574174,,rule_based,EVT-0194,2025-03-13,NEURO_MIGRAINE_CGRP,neurology,Midwest,150.33333333333334,,False,,,Midwest,,11,,,St. Louis,
1893020424,1154629764,rule_based,EVT-0194,2025-03-13,NEURO_MIGRAINE_CGRP,neurology,Midwest,148.66666666666666,158.16666666666666,True,1,neurology,Midwest,Midwest,16,15,6.390134529147982,Rockford,Rochester
1921646299,,rule_based,EVT-0194,2025-03-13,NEURO_MIGRAINE_CGRP,neurology,Southwest,748.8333333333334,,False,,,Southwest,,9,,,Oklahoma City,
1009179924,,rule_based,EVT-0195,2025-03-19,CV_ANTICOAG_ORAL,cardiology,West,355.8333333333333,,False,,,West,,10,,,Los Angeles,
1025231352,,rule_based,EVT-0195,2025-03-19,CV_ANTICOAG_ORAL,rheumatology,Northeast,282.8333333333333,,False,,,Northeast,,6,,,Syracuse,
1036718538,,rule_based,EVT-0195,2025-03-19,CV_ANTICOAG_ORAL,endocrinology,Southwest,57.833333333333336,,False,,,Southwest,,15,,,Phoenix,
1040239976,,rule_based,EVT-0195,2025-03-19,CV_ANTICOAG_ORAL,rheumatology,Northeast,130.66666666666666,,False,,,Northeast,,24,,,New York,
1044303869,,rule_based,EVT-0195,2025-03-19,CV_ANTICOAG_ORAL,oncology,Northeast,106.16666666666667,,False,,,Northeast,,16,,,Allentown,
1050506165,,rule_based,EVT-0195,2025-03-19,CV_ANTICOAG_ORAL,pulmonology,Southeast,379.1666666666667,,False,,,Southeast,,6,,,Raleigh,
1120080837,,rule_based,EVT-0195,2025-03-19,CV_ANTICOAG_ORAL,cardiology,Northeast,224.66666666666666,,False,,,Northeast,,16,,,Hartford,
1167711153,,rule_based,EVT-0195,2025-03-19,CV_ANTICOAG_ORAL,cardiology,Northeast,147.33333333333334,,False,,,Northeast,,8,,,Princeton,
1273912869,1739712036,rule_based,EVT-0195,2025-03-19,CV_ANTICOAG_ORAL,rheumatology,Northeast,164.83333333333334,169.66666666666666,True,1,rheumatology,Northeast,Northeast,16,13,2.932254802831131,Stamford,Hartford
1280087226,,rule_based,EVT-0195,2025-03-19,CV_ANTICOAG_ORAL,primary care,Northeast,592.0,,False,,,Northeast,,10,,,Rochester,
1328056928,,rule_based,EVT-0195,2025-03-19,CV_ANTICOAG_ORAL,oncology,Northeast,89.16666666666667,,False,,,Northeast,,7,,,Bangor,
1361521440,,rule_based,EVT-0195,2025-03-19,CV_ANTICOAG_ORAL,endocrinology,Midwest,165.16666666666666,,False,,,Midwest,,17,,,Green Bay,
1362648127,,rule_based,EVT-0195,2025-03-19,CV_ANTICOAG_ORAL,oncology,Northeast,104.16666666666667,,False,,,Northeast,,4,,,Albany,
1413519731,,rule_based,EVT-0195,2025-03-19,CV_ANTICOAG_ORAL,primary care,Southwest,1081.5,,False,,,Southwest,,13,,,Austin,
1548035017,1879821175,rule_based,EVT-0195,2025-03-19,CV_ANTICOAG_ORAL,neurology,Northeast,146.16666666666666,149.66666666666666,True,1,neurology,Northeast,Northeast,12,12,2.394526795895097,Stamford,Camden
1567742360,,rule_based,EVT-0195,2025-03-19,CV_ANTICOAG_ORAL,primary care,West,481.6666666666667,,False,,,West,,8,,,Provo,
1645233598,,rule_based,EVT-0195,2025-03-19,CV_ANTICOAG_ORAL,endocrinology,Northeast,690.1666666666666,,False,,,Northeast,,10,,,Boston,
1657725655,,rule_based,EVT-0195,2025-03-19,CV_ANTICOAG_ORAL,cardiology,West,451.3333333333333,,False,,,West,,13,,,Seattle,
1674102136,,rule_based,EVT-0195,2025-03-19,CV_ANTICOAG_ORAL,primary care,Northeast,84.16666666666667,,False,,,Northeast,,13,,,Hartford,
1768831921,1775551348,rule_based,EVT-0195,2025-03-19,CV_ANTICOAG_ORAL,rheumatology,Northeast,108.0,107.83333333333333,True,1,rheumatology,Northeast,Northeast,11,11,0.1543209876543254,Rochester,Newark
1832506087,,rule_based,EVT-0195,2025-03-19,CV_ANTICOAG_ORAL,primary care,Midwest,805.0,,False,,,Midwest,,14,,,Grand Rapids,
1885189138,,rule_based,EVT-0195,2025-03-19,CV_ANTICOAG_ORAL,cardiology,Northeast,216.16666666666666,,False,,,Northeast,,7,,,Syracuse,
1002145427,,rule_based,EVT-0196,2025-03-22,METABOLIC_GLP1_INJ,primary care,Northeast,400.3333333333333,,False,,,Northeast,,13,,,Jersey City,
1011940271,,rule_based,EVT-0196,2025-03-22,METABOLIC_GLP1_INJ,endocrinology,Northeast,119.83333333333333,,False,,,Northeast,,7,,,Princeton,
1025231352,,rule_based,EVT-0196,2025-03-22,METABOLIC_GLP1_INJ,rheumatology,Northeast,628.3333333333334,,False,,,Northeast,,6,,,Syracuse,
1050705288,,rule_based,EVT-0196,2025-03-22,METABOLIC_GLP1_INJ,endocrinology,Southeast,269.3333333333333,,False,,,Southeast,,21,,,Atlanta,
1081031506,,rule_based,EVT-0196,2025-03-22,METABOLIC_GLP1_INJ,neurology,Southwest,153.66666666666666,,False,,,Southwest,,11,,,Reno,
1137408567,,rule_based,EVT-0196,2025-03-22,METABOLIC_GLP1_INJ,endocrinology,Northeast,511.0,,False,,,Northeast,,10,,,Allentown,
1144669185,,rule_based,EVT-0196,2025-03-22,METABOLIC_GLP1_INJ,primary care,Northeast,467.6666666666667,,False,,,Northeast,,16,,,Allentown,
1174785596,,rule_based,EVT-0196,2025-03-22,METABOLIC_GLP1_INJ,endocrinology,Northeast,181.83333333333334,,False,,,Northeast,,18,,,Philadelphia,
1280087226,,rule_based,EVT-0196,2025-03-22,METABOLIC_GLP1_INJ,primary care,Northeast,1235.5,,False,,,Northeast,,10,,,Rochester,
1316743925,,rule_based,EVT-0196,2025-03-22,METABOLIC_GLP1_INJ,primary care,Northeast,366.6666666666667,,False,,,Northeast,,16,,,Cambridge,
1324722952,,rule_based,EVT-0196,2025-03-22,METABOLIC_GLP1_INJ,endocrinology,Northeast,54.833333333333336,,False,,,Northeast,,12,,,Stamford,
1492077734,,rule_based,EVT-0196,2025-03-22,METABOLIC_GLP1_INJ,cardiology,Midwest,308.8333333333333,,False,,,Midwest,,6,,,Green Bay,
1533003293,,rule_based,EVT-0196,2025-03-22,METABOLIC_GLP1_INJ,pulmonology,Midwest,192.5,,False,,,Midwest,,5,,,Green Bay,
1552813903,,rule_based,EVT-0196,2025-03-22,METABOLIC_GLP1_INJ,primary care,Northeast,332.8333333333333,,False,,,Northeast,,10,,,Newark,
1590337907,,rule_based,EVT-0196,2025-03-22,METABOLIC_GLP1_INJ,rheumatology,Northeast,246.0,,False,,,Northeast,,9,,,Worcester,
1592123891,1099946885,rule_based,EVT-0196,2025-03-22,METABOLIC_GLP1_INJ,primary care,Northeast,228.66666666666666,237.83333333333334,True,1,primary care,Northeast,Northeast,18,18,4.0087463556851395,Allentown,Hartford
1598661571,,rule_based,EVT-0196,2025-03-22,METABOLIC_GLP1_INJ,rheumatology,Northeast,134.33333333333334,,False,,,Northeast,,10,,,Stamford,
1645233598,,rule_based,EVT-0196,2025-03-22,METABOLIC_GLP1_INJ,endocrinology,Northeast,619.6666666666666,,False,,,Northeast,,10,,,Boston,
1657025858,,rule_based,EVT-0196,2025-03-22,METABOLIC_GLP1_INJ,endocrinology,Northeast,180.5,,False,,,Northeast,,10,,,Buffalo,
1704331150,1432188427,rule_based,EVT-0196,2025-03-22,METABOLIC_GLP1_INJ,endocrinology,West,320.1666666666667,303.3333333333333,True,1,endocrinology,West,West,11,9,5.257678292555972,Denver,Salt Lake City
1706991829,,rule_based,EVT-0196,2025-03-22,METABOLIC_GLP1_INJ,endocrinology,Midwest,90.0,,False,,,Midwest,,19,,,Milwaukee,
1758794279,1730655531,rule_based,EVT-0196,2025-03-22,METABOLIC_GLP1_INJ,endocrinology,Northeast,378.8333333333333,403.6666666666667,True,1,endocrinology,Northeast,Northeast,7,9,6.555213374395083,Jersey City,New Haven
1768225918,,rule_based,EVT-0196,2025-03-22,METABOLIC_GLP1_INJ,endocrinology,Midwest,132.83333333333334,,False,,,Midwest,,9,,,South Bend,
1903798589,,rule_based,EVT-0196,2025-03-22,METABOLIC_GLP1_INJ,primary care,Southwest,482.0,,False,,,Southwest,,19,,,Austin,
1944079924,,rule_based,EVT-0196,2025-03-22,METABOLIC_GLP1_INJ,rheumatology,Southeast,169.83333333333334,,False,,,Southeast,,14,,,Columbia,
1993463169,,rule_based,EVT-0196,2025-03-22,METABOLIC_GLP1_INJ,endocrinology,West,344.5,,False,,,West,,9,,,Seattle,
1025231352,,rule_based,EVT-0197,2025-03-23,RHEUM_JAK_ORAL,rheumatology,Northeast,385.1666666666667,,False,,,Northeast,,6,,,Syracuse,
1199976907,,rule_based,EVT-0197,2025-03-23,RHEUM_JAK_ORAL,rheumatology,Northeast,320.8333333333333,,False,,,Northeast,,15,,,Albany,
1246066447,,rule_based,EVT-0197,2025-03-23,RHEUM_JAK_ORAL,rheumatology,Southwest,626.3333333333334,,False,,,Southwest,,28,,,Mesa,
1273912869,,rule_based,EVT-0197,2025-03-23,RHEUM_JAK_ORAL,rheumatology,Northeast,319.1666666666667,,False,,,Northeast,,16,,,Stamford,
1402958817,1884938808,rule_based,EVT-0197,2025-03-23,RHEUM_JAK_ORAL,rheumatology,West,305.1666666666667,322.3333333333333,True,1,rheumatology,West,West,11,14,5.625341343528114,Tacoma,Palo Alto
1524065749,,rule_based,EVT-0197,2025-03-23,RHEUM_JAK_ORAL,rheumatology,Northeast,511.1666666666667,,False,,,Northeast,,16,,,Worcester,
1598661571,1674708775,rule_based,EVT-0197,2025-03-23,RHEUM_JAK_ORAL,rheumatology,Northeast,510.8333333333333,503.6666666666667,True,1,rheumatology,Northeast,Northeast,10,9,1.4029363784665505,Stamford,Cambridge
1647196991,,rule_based,EVT-0197,2025-03-23,RHEUM_JAK_ORAL,rheumatology,Southeast,843.1666666666666,,False,,,Southeast,,8,,,Richmond,
1892307210,,rule_based,EVT-0197,2025-03-23,RHEUM_JAK_ORAL,rheumatology,Northeast,279.8333333333333,,False,,,Northeast,,17,,,Bangor,
1386514024,1405577143,rule_based,EVT-0199,2025-03-25,CARD_HF_ARNI,cardiology,West,369.3333333333333,379.0,True,1,cardiology,West,West,10,9,2.617328519855601,Sacramento,Colorado Springs
1101185407,,rule_based,EVT-0198,2025-03-24,CV_ANTICOAG_ORAL,primary care,Midwest,187.16666666666666,,False,,,Midwest,,17,,,Lansing,
1132120993,,rule_based,EVT-0198,2025-03-24,CV_ANTICOAG_ORAL,cardiology,Northeast,123.33333333333333,,False,,,Northeast,,10,,,Princeton,
1166368237,1670560261,rule_based,EVT-0198,2025-03-24,CV_ANTICOAG_ORAL,primary care,Southwest,260.6666666666667,260.5,True,1,primary care,Southwest,Southwest,10,13,0.06393861892583848,Tulsa,Tulsa
1180932224,,rule_based,EVT-0198,2025-03-24,CV_ANTICOAG_ORAL,primary care,Southeast,368.3333333333333,,False,,,Southeast,,19,,,Savannah,
1271463741,,rule_based,EVT-0198,2025-03-24,CV_ANTICOAG_ORAL,primary care,West,99.33333333333333,,False,,,West,,9,,,Portland,
1280087226,,rule_based,EVT-0198,2025-03-24,CV_ANTICOAG_ORAL,primary care,Northeast,592.0,,False,,,Northeast,,10,,,Rochester,
1287287258,,rule_based,EVT-0198,2025-03-24,CV_ANTICOAG_ORAL,primary care,Midwest,339.8333333333333,,False,,,Midwest,,9,,,Columbus,
1296552940,,rule_based,EVT-0198,2025-03-24,CV_ANTICOAG_ORAL,primary care,Northeast,67.16666666666667,,False,,,Northeast,,8,,,Rochester,
1315385710,,rule_based,EVT-0198,2025-03-24,CV_ANTICOAG_ORAL,primary care,Northeast,799.6666666666666,,False,,,Northeast,,20,,,Worcester,
1377426493,,rule_based,EVT-0198,2025-03-24,CV_ANTICOAG_ORAL,primary care,West,393.3333333333333,,False,,,West,,13,,,Portland,
1425610817,1295857761,rule_based,EVT-0198,2025-03-24,CV_ANTICOAG_ORAL,primary care,Southeast,76.83333333333333,75.16666666666667,True,1,primary care,Southeast,Southeast,3,4,2.1691973969631113,Huntsville,Savannah
1486296159,1992928436,rule_based,EVT-0198,2025-03-24,CV_ANTICOAG_ORAL,oncology,West,28.166666666666668,27.166666666666668,True,1,oncology,West,West,8,6,3.5502958579881656,Portland,Spokane
1486849361,,rule_based,EVT-0198,2025-03-24,CV_ANTICOAG_ORAL,cardiology,West,39.333333333333336,,False,,,West,,4,,,Colorado Springs,
1512844550,,rule_based,EVT-0198,2025-03-24,CV_ANTICOAG_ORAL,neurology,Southwest,167.66666666666666,,False,,,Southwest,,15,,,Tulsa,
1535820066,,rule_based,EVT-0198,2025-03-24,CV_ANTICOAG_ORAL,primary care,West,312.6666666666667,,False,,,West,,10,,,Denver,
1567742360,,rule_based,EVT-0198,2025-03-24,CV_ANTICOAG_ORAL,primary care,West,481.6666666666667,,False,,,West,,8,,,Provo,
1635581279,,rule_based,EVT-0198,2025-03-24,CV_ANTICOAG_ORAL,primary care,Southeast,474.3333333333333,,False,,,Southeast,,18,,,Charlotte,
1645233598,,rule_based,EVT-0198,2025-03-24,CV_ANTICOAG_ORAL,endocrinology,Northeast,690.1666666666666,,False,,,Northeast,,10,,,Boston,
1648553570,,rule_based,EVT-0198,2025-03-24,CV_ANTICOAG_ORAL,cardiology,Southwest,1013.5,,False,,,Southwest,,11,,,Houston,
1688976343,1713731663,rule_based,EVT-0198,2025-03-24,CV_ANTICOAG_ORAL,pulmonology,Southeast,514.1666666666666,564.8333333333334,True,1,pulmonology,Southeast,Southeast,14,14,9.854132901134538,Charlotte,Mobile
1725623817,1812123887,rule_based,EVT-0198,2025-03-24,CV_ANTICOAG_ORAL,primary care,Southwest,406.5,416.8333333333333,True,1,primary care,Southwest,Southwest,9,9,2.542025420254198,Las Vegas,Tucson
1737256036,,rule_based,EVT-0198,2025-03-24,CV_ANTICOAG_ORAL,oncology,Midwest,104.66666666666667,,False,,,Midwest,,9,,,Green Bay,
1806479196,1289174306,rule_based,EVT-0198,2025-03-24,CV_ANTICOAG_ORAL,primary care,Southwest,225.66666666666666,207.0,True,1,primary care,Southwest,Southwest,16,17,8.271787296898076,Oklahoma City,Mesa
1844747141,,rule_based,EVT-0198,2025-03-24,CV_ANTICOAG_ORAL,primary care,West,338.1666666666667,,False,,,West,,12,,,Colorado Springs,
1908168895,,rule_based,EVT-0198,2025-03-24,CV_ANTICOAG_ORAL,primary care,Southwest,171.16666666666666,,False,,,Southwest,,16,,,Albuquerque,
1924355757,,rule_based,EVT-0198,2025-03-24,CV_ANTICOAG_ORAL,primary care,Southwest,582.8333333333334,,False,,,Southwest,,7,,,Albuquerque,
1944079924,,rule_based,EVT-0197,2025-03-23,RHEUM_JAK_ORAL,rheumatology,Southeast,984.8333333333334,,False,,,Southeast,,14,,,Columbia,
1009179924,1120914548,rule_based,EVT-0199,2025-03-25,CARD_HF_ARNI,cardiology,West,473.6666666666667,428.0,True,1,cardiology,West,West,10,8,9.641097818437723,Los Angeles,Salt Lake City
1015191335,1779918477,rule_based,EVT-0199,2025-03-25,CARD_HF_ARNI,cardiology,Northeast,215.83333333333334,209.33333333333334,True,1,cardiology,Northeast,Northeast,17,17,3.011583011583012,Camden,New Haven
1265952337,,rule_based,EVT-0199,2025-03-25,CARD_HF_ARNI,cardiology,Northeast,498.8333333333333,,False,,,Northeast,,22,,,Syracuse,
1299418347,1331020234,rule_based,EVT-0199,2025-03-25,CARD_HF_ARNI,cardiology,Northeast,472.6666666666667,484.1666666666667,True,1,cardiology,Northeast,Northeast,18,19,2.4330042313117066,Springfield,Syracuse
1341556789,,rule_based,EVT-0199,2025-03-25,CARD_HF_ARNI,cardiology,West,1638.5,,False,,,West,,17,,,Seattle,
1710163217,,rule_based,EVT-0199,2025-03-25,CARD_HF_ARNI,cardiology,Northeast,363.0,,False,,,Northeast,,11,,,Albany,
1732914373,,rule_based,EVT-0199,2025-03-25,CARD_HF_ARNI,cardiology,West,247.66666666666666,,False,,,West,,10,,,Tacoma,
1050705288,,rule_based,EVT-0200,2025-03-29,ENDO_BASAL_INSULIN,endocrinology,Southeast,1058.3333333333333,,False,,,Southeast,,21,,,Atlanta,
1065091666,1257768279,rule_based,EVT-0200,2025-03-29,ENDO_BASAL_INSULIN,endocrinology,West,207.0,215.16666666666666,True,1,endocrinology,West,West,9,11,3.945249597423506,Los Angeles,Tacoma
1137408567,,rule_based,EVT-0200,2025-03-29,ENDO_BASAL_INSULIN,endocrinology,Northeast,746.0,,False,,,Northeast,,10,,,Allentown,
1305686507,,rule_based,EVT-0200,2025-03-29,ENDO_BASAL_INSULIN,endocrinology,Southwest,424.0,,False,,,Southwest,,8,,,Austin,
1449048093,,rule_based,EVT-0200,2025-03-29,ENDO_BASAL_INSULIN,endocrinology,Northeast,74.66666666666667,,False,,,Northeast,,8,,,Rochester,
1518121706,,rule_based,EVT-0200,2025-03-29,ENDO_BASAL_INSULIN,endocrinology,Southeast,231.33333333333334,,False,,,Southeast,,16,,,Charleston,
1645233598,,rule_based,EVT-0200,2025-03-29,ENDO_BASAL_INSULIN,endocrinology,Northeast,695.3333333333334,,False,,,Northeast,,10,,,Boston,
1704331150,1432188427,rule_based,EVT-0200,2025-03-29,ENDO_BASAL_INSULIN,endocrinology,West,436.0,412.6666666666667,True,1,endocrinology,West,West,11,9,5.35168195718654,Denver,Salt Lake City
1768225918,1803339427,rule_based,EVT-0200,2025-03-29,ENDO_BASAL_INSULIN,endocrinology,Midwest,348.6666666666667,363.6666666666667,True,1,endocrinology,Midwest,Midwest,9,11,4.3021032504780115,South Bend,Toledo
1898803444,1702446943,rule_based,EVT-0200,2025-03-29,ENDO_BASAL_INSULIN,endocrinology,West,231.66666666666666,226.33333333333334,True,1,endocrinology,West,West,11,12,2.302158273381287,Salt Lake City,Spokane
1964945871,,rule_based,EVT-0200,2025-03-29,ENDO_BASAL_INSULIN,endocrinology,Northeast,433.8333333333333,,False,,,Northeast,,6,,,New Haven,
