treatment_hcp_id,control_hcp_id,event_id,pre_treatment_rx,post_treatment_rx,pre_control_rx,post_control_rx,incremental_lift,incremental_lift_pct
1264333323,1209566128,EVT-0002,1076.0,1605.0,1120.0,1260.0,389.0,36.152416356877325
1335670091,1848624494,EVT-0002,1526.0,1894.0,1384.0,1419.0,333.0,21.82175622542595
1352578078,1831183839,EVT-0002,755.0,930.0,740.0,605.0,310.0,41.05960264900662
1456207657,1216575070,EVT-0002,1020.0,1768.0,1001.0,1136.0,613.0,60.09803921568627
1511022174,1297280590,EVT-0002,903.0,1217.0,876.0,1007.0,183.0,20.26578073089701
1520551320,1598661571,EVT-0002,1015.0,1336.0,1095.0,1211.0,205.0,20.19704433497537
1592062677,1204261733,EVT-0002,1004.0,1440.0,1103.0,954.0,585.0,58.266932270916335
1811081532,1242598583,EVT-0002,1258.0,1400.0,1270.0,1185.0,227.0,18.044515103338632
1927430854,1838439200,EVT-0002,1383.0,2122.0,1355.0,1677.0,417.0,30.151843817787416
1050506165,1782341873,EVT-0003,1361.0,1902.0,1415.0,1390.0,566.0,41.58706833210874
1229022169,1731313338,EVT-0003,745.0,967.0,725.0,616.0,331.0,44.42953020134228
1352578078,1293528836,EVT-0003,1957.0,2109.0,1910.0,1804.0,258.0,13.183444047010731
1449331358,1474100561,EVT-0003,796.0,871.0,843.0,738.0,180.0,22.613065326633166
1782077311,1831183839,EVT-0003,893.0,869.0,912.0,801.0,87.0,9.742441209406495
1867204764,1081238747,EVT-0003,1642.0,2230.0,1702.0,1869.0,421.0,25.6394640682095
1880717263,1058647219,EVT-0003,1779.0,2195.0,1758.0,2043.0,131.0,7.363687464867903
1964572899,1134509243,EVT-0003,804.0,831.0,797.0,1097.0,-273.0,-33.95522388059701
1011940271,1708639657,EVT-0004,1149.0,1282.0,1165.0,1059.0,239.0,20.800696257615318
1107038659,1758794279,EVT-0004,2101.0,2845.0,2087.0,2592.0,239.0,11.375535459305093
1324722952,1333043895,EVT-0004,1296.0,1546.0,1323.0,1242.0,331.0,25.540123456790127
1330156328,1740626134,EVT-0004,1125.0,1422.0,1213.0,1217.0,293.0,26.04444444444444
1423753536,1299832539,EVT-0004,1691.0,2071.0,1769.0,1600.0,549.0,32.46599645180367
1645233598,1174145494,EVT-0004,1896.0,2702.0,1886.0,2034.0,658.0,34.70464135021097
1704331150,1702446943,EVT-0004,1790.0,2314.0,1793.0,1629.0,688.0,38.435754189944134
1803502636,1995404856,EVT-0004,1201.0,1583.0,1263.0,1389.0,256.0,21.31557035803497
1964945871,1249657408,EVT-0004,1542.0,2085.0,1458.0,1746.0,255.0,16.536964980544745
1044379984,1765233105,EVT-0005,762.0,987.0,769.0,859.0,135.0,17.716535433070867
1145899849,1752727945,EVT-0005,525.0,679.0,495.0,476.0,173.0,32.95238095238095
1194203331,1647196991,EVT-0005,1653.0,1986.0,1657.0,2408.0,-418.0,-25.287356321839084
1251567115,1540759788,EVT-0005,816.0,1023.0,739.0,780.0,166.0,20.34313725490196
1376656900,1732000645,EVT-0005,712.0,903.0,694.0,771.0,114.0,16.01123595505618
1413519731,1783823739,EVT-0005,1343.0,1654.0,1342.0,1932.0,-279.0,-20.774385703648548
1425340662,1289174306,EVT-0005,694.0,981.0,687.0,692.0,282.0,40.63400576368876
1475115246,1722898792,EVT-0005,708.0,921.0,762.0,772.0,203.0,28.67231638418079
1567742360,1873780039,EVT-0005,1224.0,1731.0,1250.0,1584.0,173.0,14.133986928104575
1639269087,1209566128,EVT-0005,1582.0,2355.0,1650.0,2042.0,381.0,24.0834386852086
1676855970,1644815767,EVT-0005,1142.0,1528.0,1140.0,1702.0,-176.0,-15.411558669001751
1683943777,1722038985,EVT-0005,1287.0,1695.0,1203.0,1575.0,36.0,2.797202797202797
1719186219,1205576824,EVT-0005,687.0,834.0,745.0,831.0,61.0,8.879184861717611
1738903891,1769333869,EVT-0005,843.0,1294.0,911.0,866.0,496.0,58.83748517200475
1880426881,1657025858,EVT-0005,826.0,1038.0,838.0,908.0,142.0,17.191283292978206
1989798412,1166368237,EVT-0005,1181.0,1759.0,1128.0,1354.0,352.0,29.805249788314985
1326516303,1852326267,EVT-0006,1131.0,1659.0,1126.0,1086.0,568.0,50.221043324491596
1362648127,1965430253,EVT-0006,1089.0,1261.0,1039.0,913.0,298.0,27.364554637281913
1785764022,1124315999,EVT-0006,776.0,899.0,805.0,744.0,184.0,23.711340206185564
1811081532,1659738110,EVT-0006,929.0,1030.0,854.0,787.0,168.0,18.083961248654468
1299418347,1897395806,EVT-0007,1717.0,2132.0,1664.0,1640.0,439.0,25.567850902737334
1332369119,1451721462,EVT-0007,1395.0,1776.0,1423.0,1463.0,341.0,24.444444444444443
1460081361,1132120993,EVT-0007,817.0,1173.0,780.0,786.0,350.0,42.83965728274174
1610177150,1722898792,EVT-0007,1708.0,2430.0,1711.0,2001.0,432.0,25.292740046838407
1672904236,1167711153,EVT-0007,1226.0,1579.0,1272.0,1531.0,94.0,7.6672104404567705
1710163217,1856406925,EVT-0007,1461.0,1673.0,1317.0,1370.0,159.0,10.882956878850102
1714292012,1836894604,EVT-0007,1263.0,1595.0,1302.0,1617.0,17.0,1.3460015835312746
1714986282,1933607412,EVT-0007,1004.0,1295.0,1020.0,1077.0,234.0,23.306772908366533
1724092733,1042224778,EVT-0007,1685.0,2569.0,1668.0,2165.0,387.0,22.967359050445104
1732000645,1701585576,EVT-0007,2195.0,3068.0,1996.0,2415.0,454.0,20.68337129840547
1814938340,1107378550,EVT-0007,1350.0,1669.0,1430.0,1567.0,182.0,13.481481481481481
1228081653,1937449878,EVT-0008,495.0,605.0,533.0,485.0,158.0,31.91919191919192
1327009084,1103232447,EVT-0008,1247.0,1481.0,1204.0,1257.0,181.0,14.514835605453088
1636376422,1925142923,EVT-0008,1251.0,1483.0,1234.0,1282.0,184.0,14.708233413269383
1674345776,1844748057,EVT-0008,1362.0,1584.0,1363.0,1402.0,183.0,13.43612334801762
1788421810,1309371148,EVT-0008,1266.0,1393.0,1259.0,1337.0,49.0,3.8704581358609795
1065870788,1190842652,EVT-0009,819.0,1285.0,883.0,1050.0,299.0,36.507936507936506
1098995024,1742974847,EVT-0009,536.0,818.0,519.0,533.0,268.0,50.0
1101185407,1356982086,EVT-0009,1115.0,1892.0,1092.0,1156.0,713.0,63.946188340807176
1133130363,1084471394,EVT-0009,1468.0,2507.0,1534.0,1750.0,823.0,56.06267029972752
1263807582,1300654963,EVT-0009,1401.0,2063.0,1475.0,1737.0,400.0,28.551034975017846
1296552940,1762971749,EVT-0009,453.0,685.0,436.0,494.0,174.0,38.41059602649007
1332369119,1494868502,EVT-0009,340.0,418.0,349.0,410.0,17.0,5.0
1413519731,1783823739,EVT-0009,1404.0,1753.0,1362.0,2077.0,-366.0,-26.06837606837607
1456299035,1815807585,EVT-0009,1556.0,2108.0,1419.0,1941.0,30.0,1.9280205655526992
1481247389,1489598965,EVT-0009,1884.0,2604.0,1705.0,1838.0,587.0,31.157112526539276
1484724632,1261377760,EVT-0009,821.0,1002.0,846.0,955.0,72.0,8.76979293544458
1547244776,1417682113,EVT-0009,430.0,573.0,460.0,372.0,231.0,53.72093023255814
1552813903,1665478461,EVT-0009,657.0,1056.0,705.0,990.0,114.0,17.35159817351598
1567742360,1873780039,EVT-0009,1267.0,1789.0,1257.0,1644.0,135.0,10.655090765588003
1639269087,1418997171,EVT-0009,1520.0,2315.0,1567.0,1944.0,418.0,27.500000000000004
1740047711,1838439200,EVT-0009,986.0,1302.0,984.0,1331.0,-31.0,-3.1440162271805274
1896554999,1657035808,EVT-0009,1184.0,1664.0,1231.0,1388.0,323.0,27.280405405405407
1124726435,1316743925,EVT-0010,2200.0,3240.0,2043.0,2730.0,353.0,16.045454545454547
1124890801,1418997171,EVT-0010,1312.0,1701.0,1341.0,1643.0,87.0,6.63109756097561
1132120993,1167711153,EVT-0010,675.0,711.0,664.0,684.0,16.0,2.3703703703703702
1198262952,1536141264,EVT-0010,1116.0,1266.0,1094.0,1380.0,-136.0,-12.186379928315413
1299418347,1350739367,EVT-0010,570.0,602.0,552.0,519.0,65.0,11.403508771929824
1423152481,1181854898,EVT-0010,1689.0,2273.0,1652.0,1624.0,612.0,36.234458259325045
1552813903,1747032997,EVT-0010,1513.0,2292.0,1507.0,1893.0,393.0,25.974884335756776
1594466975,1028050239,EVT-0010,637.0,779.0,624.0,562.0,204.0,32.025117739403456
1714986282,1185877283,EVT-0010,1005.0,1091.0,979.0,1094.0,-29.0,-2.8855721393034823
1768831921,1775551348,EVT-0010,527.0,614.0,555.0,518.0,124.0,23.52941176470588
1812815243,1271768685,EVT-0010,979.0,1545.0,1033.0,1389.0,210.0,21.450459652706844
1969108517,1934829601,EVT-0010,1302.0,1439.0,1275.0,1412.0,0.0,0.0
1124726435,1316743925,EVT-0011,2200.0,3240.0,2043.0,2730.0,353.0,16.045454545454547
1362560363,1950588461,EVT-0011,1126.0,1360.0,1090.0,1093.0,231.0,20.515097690941385
1475115246,1743431961,EVT-0011,719.0,1035.0,666.0,601.0,381.0,52.99026425591099
1552813903,1747032997,EVT-0011,1513.0,2292.0,1507.0,1893.0,393.0,25.974884335756776
1595774286,1390939977,EVT-0011,1197.0,1384.0,1286.0,1488.0,-15.0,-1.2531328320802004
1616418756,1769764832,EVT-0011,1076.0,1235.0,1034.0,1095.0,98.0,9.107806691449815
1672904236,1167711153,EVT-0011,702.0,782.0,664.0,684.0,60.0,8.547008547008547
1683943777,1577953643,EVT-0011,699.0,918.0,753.0,761.0,211.0,30.185979971387695
1714986282,1185877283,EVT-0011,1005.0,1091.0,979.0,1094.0,-29.0,-2.8855721393034823
1724092733,1056679651,EVT-0011,1159.0,1468.0,1105.0,1379.0,35.0,3.019844693701467
1725623817,1166368237,EVT-0011,1137.0,1563.0,1190.0,1163.0,453.0,39.84168865435356
1746046261,1174145494,EVT-0011,1041.0,1078.0,995.0,1093.0,-61.0,-5.859750240153699
1768831921,1775551348,EVT-0011,527.0,614.0,555.0,518.0,124.0,23.52941176470588
1856406925,1746587884,EVT-0011,810.0,1046.0,825.0,844.0,217.0,26.79012345679012
1964945871,1730655531,EVT-0011,1096.0,1287.0,1028.0,1029.0,190.0,17.335766423357665
1074076039,1751172259,EVT-0012,1890.0,2471.0,1865.0,1679.0,767.0,40.58201058201058
1123148250,1631526641,EVT-0012,1159.0,1403.0,1254.0,1314.0,184.0,15.875754961173424
1332369119,1451721462,EVT-0012,1347.0,1817.0,1433.0,1507.0,396.0,29.398663697104677
1551962891,1057623450,EVT-0012,486.0,522.0,523.0,516.0,43.0,8.847736625514404
1648553570,1750236147,EVT-0012,1298.0,2000.0,1296.0,1649.0,349.0,26.887519260400616
1655321622,1871372714,EVT-0012,1663.0,2106.0,1507.0,1692.0,258.0,15.514131088394468
1683943777,1009179924,EVT-0012,1792.0,2088.0,1731.0,1945.0,82.0,4.575892857142857
1722038985,1732914373,EVT-0012,1096.0,1440.0,1177.0,1322.0,199.0,18.15693430656934
1191545544,1488515010,EVT-0013,1671.0,2144.0,1587.0,1701.0,359.0,21.484141232794734
1268222167,1849328657,EVT-0013,1511.0,1905.0,1528.0,1544.0,378.0,25.01654533421575
1300654963,1102089657,EVT-0013,997.0,1430.0,1040.0,1073.0,400.0,40.12036108324975
1311764207,1287287258,EVT-0013,1773.0,2453.0,1885.0,2505.0,60.0,3.3840947546531304
1418997171,1877046932,EVT-0013,2465.0,3220.0,2347.0,2667.0,435.0,17.647058823529413
1436505063,1216575070,EVT-0013,2236.0,2857.0,2332.0,2972.0,-19.0,-0.8497316636851521
1456299035,1174238463,EVT-0013,1311.0,1463.0,1288.0,1415.0,25.0,1.9069412662090008
1481247389,1892083019,EVT-0013,2036.0,2109.0,1928.0,2200.0,-199.0,-9.774066797642437
1567742360,1036327983,EVT-0013,791.0,988.0,813.0,912.0,98.0,12.389380530973451
1639269087,1099946885,EVT-0013,1109.0,1444.0,1137.0,1174.0,298.0,26.871055004508566
1707435529,1084919582,EVT-0013,1848.0,2621.0,1933.0,2595.0,111.0,6.0064935064935066
1803233885,1523498065,EVT-0013,1419.0,2055.0,1549.0,1949.0,236.0,16.631430584918956
1123148250,1631526641,EVT-0014,1219.0,1419.0,1228.0,1325.0,103.0,8.44954881050041
1169238601,1279255164,EVT-0014,1418.0,1777.0,1367.0,1647.0,79.0,5.571227080394922
1299418347,1331020234,EVT-0014,1811.0,2307.0,1963.0,2343.0,116.0,6.405300938707896
1551962891,1057623450,EVT-0014,513.0,544.0,504.0,526.0,9.0,1.7543859649122806
1599978586,1120914548,EVT-0014,1625.0,2140.0,1635.0,1914.0,236.0,14.523076923076921
1722038985,1732914373,EVT-0014,1137.0,1599.0,1185.0,1330.0,317.0,27.880386983289355
1787619711,1078096579,EVT-0014,2543.0,4043.0,2315.0,2306.0,1509.0,59.33936295713724
1084919582,1080672524,EVT-0015,2047.0,2620.0,2097.0,2637.0,33.0,1.612115290669272
1124890801,1316743925,EVT-0015,3058.0,3470.0,2967.0,4193.0,-814.0,-26.618705035971225
1133130363,1058325303,EVT-0015,1784.0,2306.0,1696.0,1764.0,454.0,25.448430493273545
1166368237,1689059347,EVT-0015,1246.0,1773.0,1247.0,1522.0,252.0,20.224719101123593
1241711534,1240393805,EVT-0015,881.0,993.0,905.0,1220.0,-203.0,-23.04199772985244
1423152481,1815807585,EVT-0015,2505.0,3108.0,2560.0,3669.0,-506.0,-20.199600798403196
1456299035,1174238463,EVT-0015,1336.0,1432.0,1339.0,1480.0,-45.0,-3.3682634730538923
1481247389,1892083019,EVT-0015,1999.0,2235.0,1855.0,2222.0,-131.0,-6.55327663831916
1489598965,1180932224,EVT-0015,2494.0,3072.0,2376.0,3473.0,-519.0,-20.809943865276665
1523681389,1275443434,EVT-0015,1335.0,1776.0,1332.0,1343.0,430.0,32.20973782771536
1526669415,1908168895,EVT-0015,1297.0,1699.0,1237.0,1280.0,359.0,27.679259830377795
1567742360,1036327983,EVT-0015,843.0,990.0,809.0,905.0,51.0,6.049822064056939
1613561947,1181854898,EVT-0015,1678.0,2623.0,1731.0,2445.0,231.0,13.766388557806913
1639269087,1099946885,EVT-0015,1146.0,1497.0,1130.0,1173.0,308.0,26.876090750436298
1747032997,1102089657,EVT-0015,1126.0,1725.0,1050.0,1060.0,589.0,52.30905861456483
1848624494,1297280590,EVT-0015,1686.0,2048.0,1759.0,2531.0,-410.0,-24.31791221826809
1955620046,1997693654,EVT-0015,1663.0,2760.0,1640.0,1647.0,1090.0,65.54419723391462
1018018261,1665478461,EVT-0016,2157.0,2985.0,2192.0,2959.0,61.0,2.8280018544274457
1084471394,1546151204,EVT-0016,1463.0,1681.0,1467.0,1994.0,-309.0,-21.120984278879014
1101185407,1832506087,EVT-0016,3135.0,3793.0,3434.0,5672.0,-1580.0,-50.398724082934606
1145899849,1937514325,EVT-0016,2065.0,2177.0,1897.0,2566.0,-557.0,-26.973365617433416
1180932224,1489598965,EVT-0016,2376.0,3473.0,2494.0,3072.0,519.0,21.843434343434343
1271463741,1939052563,EVT-0016,894.0,871.0,928.0,903.0,2.0,0.22371364653243847
1335670091,1523681389,EVT-0016,1480.0,1521.0,1335.0,1776.0,-400.0,-27.027027027027028
1423152481,1363342464,EVT-0016,2505.0,3108.0,2266.0,2896.0,-27.0,-1.0778443113772456
1456299035,1174238463,EVT-0016,1336.0,1432.0,1339.0,1480.0,-45.0,-3.3682634730538923
1523498065,1613561947,EVT-0016,1575.0,1968.0,1678.0,2623.0,-552.0,-35.04761904761905
1557944620,1134632102,EVT-0016,2205.0,3141.0,2395.0,2455.0,876.0,39.72789115646258
1567742360,1036327983,EVT-0016,843.0,990.0,809.0,905.0,51.0,6.049822064056939
1686880901,1138281740,EVT-0016,1236.0,1527.0,1223.0,1575.0,-61.0,-4.935275080906148
1752727945,1479078465,EVT-0016,1046.0,1109.0,1090.0,913.0,240.0,22.94455066921606
1815807585,1838439200,EVT-0016,2560.0,3669.0,2723.0,3449.0,383.0,14.960937499999998
1844747141,1377426493,EVT-0016,1257.0,1930.0,1350.0,1559.0,464.0,36.913285600636435
1009179924,1300832031,EVT-0017,981.0,1541.0,951.0,1262.0,249.0,25.382262996941897
1117854327,1703230064,EVT-0017,261.0,355.0,267.0,253.0,108.0,41.37931034482759
1138281740,1547660377,EVT-0017,1060.0,1601.0,1124.0,1262.0,403.0,38.0188679245283
1251567115,1333393084,EVT-0017,867.0,1130.0,935.0,1227.0,-29.0,-3.3448673587081887
1271463741,1233281843,EVT-0017,662.0,721.0,641.0,647.0,53.0,8.006042296072508
1299418347,1350739367,EVT-0017,789.0,911.0,826.0,841.0,107.0,13.561470215462613
1341556789,1361620622,EVT-0017,1382.0,1956.0,1334.0,1354.0,554.0,40.08683068017366
1364458855,1508064668,EVT-0017,645.0,789.0,651.0,657.0,138.0,21.3953488372093
1386514024,1933607412,EVT-0017,529.0,660.0,561.0,613.0,79.0,14.933837429111533
1409867656,1980975555,EVT-0017,388.0,477.0,400.0,452.0,37.0,9.536082474226804
1443520683,1880265578,EVT-0017,677.0,896.0,625.0,796.0,48.0,7.0901033973412115
1520551320,1524065749,EVT-0017,580.0,761.0,576.0,628.0,129.0,22.24137931034483
1567993435,1914644640,EVT-0017,608.0,782.0,602.0,664.0,112.0,18.421052631578945
1598661571,1418704015,EVT-0017,466.0,670.0,449.0,442.0,211.0,45.27896995708154
1631526641,1830884742,EVT-0017,1117.0,1403.0,1197.0,1244.0,239.0,21.396598030438675
1655321622,1779918477,EVT-0017,501.0,611.0,482.0,520.0,72.0,14.37125748502994
1686880901,1847794991,EVT-0017,451.0,488.0,429.0,363.0,103.0,22.838137472283815
1707435529,1621199177,EVT-0017,638.0,831.0,698.0,787.0,104.0,16.30094043887147
1719186219,1205576824,EVT-0017,717.0,880.0,772.0,804.0,131.0,18.270571827057182
1760628762,1750236147,EVT-0017,841.0,1192.0,902.0,1318.0,-65.0,-7.728894173602854
1762664088,1977228745,EVT-0017,607.0,666.0,607.0,703.0,-37.0,-6.095551894563426
1806103952,1185877283,EVT-0017,1082.0,1357.0,1116.0,1271.0,120.0,11.090573012939002
1898803444,1156754057,EVT-0017,913.0,1353.0,977.0,914.0,503.0,55.09309967141293
1934829601,1279255164,EVT-0017,784.0,1027.0,852.0,952.0,143.0,18.239795918367346
1065091666,1827318308,EVT-0018,1137.0,1281.0,1153.0,1473.0,-176.0,-15.479331574318381
1137408567,1657025858,EVT-0018,2485.0,3190.0,2469.0,2846.0,328.0,13.199195171026156
1330156328,1999506508,EVT-0018,1195.0,1409.0,1205.0,1448.0,-29.0,-2.426778242677824
1497642888,1708639657,EVT-0018,1199.0,1186.0,1123.0,1129.0,-19.0,-1.58465387823186
1666389063,1225504491,EVT-0018,683.0,734.0,735.0,771.0,15.0,2.1961932650073206
1706645516,1508064668,EVT-0018,1022.0,1217.0,959.0,883.0,271.0,26.516634050880626
1002145427,1877046932,EVT-0019,2477.0,3726.0,2382.0,2746.0,885.0,35.728704077513115
1018018261,1665478461,EVT-0019,2157.0,2985.0,2192.0,2959.0,61.0,2.8280018544274457
1102089657,1473494189,EVT-0019,1050.0,1060.0,976.0,1003.0,-17.0,-1.6190476190476188
1124890801,1316743925,EVT-0019,3058.0,3470.0,2967.0,4193.0,-814.0,-26.618705035971225
1133130363,1058325303,EVT-0019,1784.0,2306.0,1696.0,1764.0,454.0,25.448430493273545
1251567115,1275443434,EVT-0019,1286.0,1504.0,1332.0,1343.0,207.0,16.09642301710731
1264333323,1209566128,EVT-0019,2948.0,3828.0,2826.0,3544.0,162.0,5.495251017639077
1546151204,1261377760,EVT-0019,1467.0,1994.0,1506.0,1496.0,537.0,36.60531697341513
1621199177,1804484495,EVT-0019,942.0,1291.0,1005.0,1063.0,291.0,30.89171974522293
1639269087,1099946885,EVT-0019,1146.0,1497.0,1130.0,1173.0,308.0,26.876090750436298
1689916181,1714021262,EVT-0019,2346.0,3080.0,2402.0,2758.0,378.0,16.11253196930946
1057676243,1240393805,EVT-0020,987.0,1265.0,905.0,1220.0,-37.0,-3.7487335359675784
1060922949,1134089733,EVT-0020,840.0,1009.0,825.0,786.0,208.0,24.761904761904763
1133130363,1058325303,EVT-0020,1784.0,2306.0,1696.0,1764.0,454.0,25.448430493273545
1251567115,1540759788,EVT-0020,1286.0,1504.0,1371.0,1238.0,351.0,27.29393468118196
1321405205,1547660377,EVT-0020,970.0,1269.0,994.0,944.0,349.0,35.97938144329897
1356982086,1135650855,EVT-0020,1601.0,2127.0,1595.0,1672.0,449.0,28.044971892567144
1451968915,1181360912,EVT-0020,1263.0,1673.0,1230.0,1439.0,201.0,15.914489311163896
1456299035,1174238463,EVT-0020,1336.0,1432.0,1339.0,1480.0,-45.0,-3.3682634730538923
1523681389,1275443434,EVT-0020,1335.0,1776.0,1332.0,1343.0,430.0,32.20973782771536
1815807585,1838439200,EVT-0020,2560.0,3669.0,2723.0,3449.0,383.0,14.960937499999998
1844747141,1377426493,EVT-0020,1257.0,1930.0,1350.0,1559.0,464.0,36.913285600636435
1849328657,1488515010,EVT-0020,1489.0,1622.0,1550.0,1764.0,-81.0,-5.439892545332438
1924355757,1352216182,EVT-0020,1787.0,2431.0,1932.0,2302.0,274.0,15.332960268606602
1009179924,1300832031,EVT-0021,981.0,1541.0,951.0,1262.0,249.0,25.382262996941897
1202669523,1766730505,EVT-0021,1358.0,1601.0,1267.0,1513.0,-3.0,-0.22091310751104565
1243754490,1410468163,EVT-0021,785.0,1107.0,737.0,635.0,424.0,54.01273885350319
1341556789,1361620622,EVT-0021,1382.0,1956.0,1334.0,1354.0,554.0,40.08683068017366
1523987174,1971035963,EVT-0021,549.0,607.0,506.0,599.0,-35.0,-6.375227686703097
1536278926,1101142523,EVT-0021,701.0,789.0,703.0,734.0,57.0,8.131241084165477
1596580633,1905395731,EVT-0021,554.0,720.0,523.0,518.0,171.0,30.866425992779785
1670560261,1190842652,EVT-0021,873.0,1153.0,885.0,1094.0,71.0,8.132875143184421
1058647219,1697855363,EVT-0022,1164.0,1345.0,1223.0,1441.0,-37.0,-3.178694158075601
1107038659,1449048093,EVT-0022,875.0,1130.0,896.0,800.0,351.0,40.114285714285714
1198262952,1536141264,EVT-0022,1089.0,1300.0,1079.0,1410.0,-120.0,-11.019283746556475
1309371148,1769764832,EVT-0022,1104.0,1334.0,1056.0,1090.0,196.0,17.753623188405797
1334793308,1410468163,EVT-0022,596.0,656.0,590.0,552.0,98.0,16.44295302013423
1455101661,1890077344,EVT-0022,1393.0,1726.0,1500.0,1508.0,325.0,23.33094041636755
1467704312,1914644640,EVT-0022,1552.0,2182.0,1425.0,1351.0,704.0,45.36082474226804
1536278926,1657035808,EVT-0022,625.0,723.0,649.0,623.0,124.0,19.84
1548035017,1980975555,EVT-0022,805.0,922.0,726.0,885.0,-42.0,-5.217391304347826
1707435529,1389159553,EVT-0022,839.0,982.0,894.0,1190.0,-153.0,-18.235995232419548
1779411515,1225504491,EVT-0022,517.0,719.0,470.0,445.0,227.0,43.907156673114116
1927430854,1080672524,EVT-0022,1497.0,2296.0,1550.0,1790.0,559.0,37.34134936539746
1964945871,1758794279,EVT-0022,1158.0,1318.0,1216.0,1549.0,-173.0,-14.939550949913643
1506746308,1335601583,EVT-0023,894.0,985.0,817.0,690.0,218.0,24.384787472035793
1666389063,1225504491,EVT-0023,683.0,734.0,735.0,771.0,15.0,2.1961932650073206
1713444978,1551107307,EVT-0023,1626.0,1996.0,1722.0,2197.0,-105.0,-6.4575645756457565
1827318308,1005067453,EVT-0023,1153.0,1473.0,1094.0,1122.0,292.0,25.32523850823938
1836314447,1100495849,EVT-0023,2205.0,2735.0,2086.0,2528.0,88.0,3.9909297052154193
1964945871,1677860136,EVT-0023,1666.0,2286.0,1647.0,1920.0,347.0,20.82833133253301
1137408567,1657025858,EVT-0024,2485.0,3190.0,2469.0,2846.0,328.0,13.199195171026156
1330156328,1999506508,EVT-0024,1195.0,1409.0,1205.0,1448.0,-29.0,-2.426778242677824
1645233598,1730655531,EVT-0024,2153.0,2855.0,2109.0,2480.0,331.0,15.373896888063168
1704331150,1432188427,EVT-0024,1883.0,2295.0,1841.0,2016.0,237.0,12.586298459904407
1836314447,1100495849,EVT-0024,2205.0,2735.0,2086.0,2528.0,88.0,3.9909297052154193
1002145427,1877046932,EVT-0025,2506.0,3689.0,2395.0,2833.0,745.0,29.728651237031123
1018018261,1665478461,EVT-0025,2272.0,3116.0,2293.0,3017.0,120.0,5.28169014084507
1065870788,1352216182,EVT-0025,1807.0,2211.0,1960.0,2335.0,29.0,1.6048699501936912
1166368237,1590869917,EVT-0025,1326.0,1796.0,1252.0,1952.0,-230.0,-17.345399698340874
1251567115,1540759788,EVT-0025,1356.0,1508.0,1310.0,1250.0,212.0,15.634218289085547
1279684447,1184426066,EVT-0025,934.0,1009.0,858.0,758.0,175.0,18.73661670235546
1284061300,1266945785,EVT-0025,2488.0,3466.0,2725.0,4200.0,-497.0,-19.975884244372992
1316743925,1209566128,EVT-0025,2975.0,4423.0,2978.0,3630.0,796.0,26.7563025210084
1456299035,1615059528,EVT-0025,1386.0,1506.0,1435.0,1894.0,-339.0,-24.458874458874458
1523681389,1275443434,EVT-0025,1408.0,1787.0,1276.0,1340.0,315.0,22.37215909090909
1685524518,1773180629,EVT-0025,671.0,723.0,702.0,850.0,-96.0,-14.307004470938898
1815807585,1838439200,EVT-0025,2720.0,3713.0,2755.0,3307.0,441.0,16.21323529411765
1955620046,1732527431,EVT-0025,1864.0,2836.0,1736.0,2566.0,142.0,7.618025751072961
1094274762,1643297637,EVT-0026,1230.0,1191.0,1343.0,1443.0,-139.0,-11.300813008130081
1133130363,1058325303,EVT-0026,1791.0,2372.0,1702.0,1723.0,560.0,31.267448352875487
1264333323,1209566128,EVT-0026,3001.0,4135.0,2978.0,3630.0,482.0,16.061312895701434
1279684447,1184426066,EVT-0026,934.0,1009.0,858.0,758.0,175.0,18.73661670235546
1355374483,1434523506,EVT-0026,1846.0,2196.0,1747.0,1717.0,380.0,20.585048754062836
1377426493,1296624285,EVT-0026,1342.0,1630.0,1417.0,1350.0,355.0,26.453055141579735
1526669415,1908168895,EVT-0026,1325.0,1744.0,1258.0,1396.0,281.0,21.20754716981132
1567742360,1939052563,EVT-0026,868.0,953.0,898.0,902.0,81.0,9.331797235023041
1615059528,1174238463,EVT-0026,1435.0,1894.0,1335.0,1469.0,325.0,22.64808362369338
1644815767,1937514325,EVT-0026,2193.0,2433.0,1980.0,2735.0,-515.0,-23.483812129502965
1747032997,1762971749,EVT-0026,1252.0,1787.0,1370.0,1500.0,405.0,32.3482428115016
1815807585,1838439200,EVT-0026,2720.0,3713.0,2755.0,3307.0,441.0,16.21323529411765
1228081653,1765149178,EVT-0027,542.0,537.0,570.0,589.0,-24.0,-4.428044280442804
1636376422,1925142923,EVT-0027,1223.0,1529.0,1159.0,1351.0,114.0,9.321340964840557
1788421810,1879821175,EVT-0027,1301.0,1479.0,1351.0,1582.0,-53.0,-4.073789392774789
1921646299,1081031506,EVT-0027,2265.0,3530.0,2129.0,2351.0,1043.0,46.04856512141281
1204261733,1095874958,EVT-0028,1453.0,1442.0,1319.0,1491.0,-183.0,-12.59463179628355
1204787067,1527981900,EVT-0028,997.0,1086.0,994.0,1065.0,18.0,1.8054162487462388
1467704312,1980975555,EVT-0028,1093.0,1314.0,1184.0,1631.0,-226.0,-20.67703568161025
1636376422,1925142923,EVT-0028,1223.0,1529.0,1159.0,1351.0,114.0,9.321340964840557
1824149854,1334266743,EVT-0028,1367.0,1667.0,1434.0,1788.0,-54.0,-3.9502560351133873
1107038659,1449048093,EVT-0029,879.0,1147.0,920.0,791.0,397.0,45.16496018202503
1133042691,1885189138,EVT-0029,965.0,1141.0,991.0,1194.0,-27.0,-2.7979274611398965
1257723886,1004543439,EVT-0029,1156.0,1400.0,1046.0,925.0,365.0,31.574394463667822
1324722952,1297391371,EVT-0029,739.0,824.0,710.0,658.0,137.0,18.538565629228685
1327009084,1251411553,EVT-0029,563.0,579.0,527.0,440.0,103.0,18.29484902309059
1523987174,1712965692,EVT-0029,560.0,523.0,557.0,627.0,-107.0,-19.107142857142854
1681501296,1809220084,EVT-0029,802.0,890.0,760.0,683.0,165.0,20.57356608478803
1689059347,1650044724,EVT-0029,669.0,874.0,704.0,713.0,196.0,29.297458893871447
1702497342,1100495849,EVT-0029,1395.0,1786.0,1516.0,1915.0,-8.0,-0.5734767025089605
1856406925,1746587884,EVT-0029,767.0,1171.0,843.0,807.0,440.0,57.36636245110821
1910188758,1971977354,EVT-0029,616.0,578.0,610.0,552.0,20.0,3.2467532467532463
1927430854,1080672524,EVT-0029,1569.0,2295.0,1544.0,1840.0,430.0,27.405991077119186
1237205202,1297391371,EVT-0030,904.0,1111.0,924.0,989.0,142.0,15.70796460176991
1423753536,1174785596,EVT-0030,1830.0,2130.0,1944.0,1677.0,567.0,30.983606557377048
1453128708,1299832539,EVT-0030,1594.0,2367.0,1611.0,1547.0,837.0,52.50941028858218
1497642888,1333043895,EVT-0030,1212.0,1188.0,1315.0,1174.0,117.0,9.653465346534654
1706645516,1630629040,EVT-0030,1010.0,1205.0,944.0,1195.0,-56.0,-5.544554455445545
1746046261,1708639657,EVT-0030,1020.0,1434.0,1027.0,1148.0,293.0,28.72549019607843
1758794279,1730655531,EVT-0030,2108.0,2931.0,2177.0,2521.0,479.0,22.722960151802656
1964945871,1677860136,EVT-0030,1740.0,2403.0,1656.0,1977.0,342.0,19.655172413793103
1078096579,1286477181,EVT-0031,1768.0,2410.0,1648.0,1978.0,312.0,17.647058823529413
1133130363,1261377760,EVT-0031,1030.0,1224.0,962.0,1040.0,116.0,11.262135922330096
1204787067,1774691384,EVT-0031,397.0,519.0,394.0,382.0,134.0,33.75314861460957
1296552940,1742974847,EVT-0031,345.0,378.0,359.0,321.0,71.0,20.579710144927535
1299418347,1331020234,EVT-0031,581.0,598.0,609.0,761.0,-135.0,-23.23580034423408
1352578078,1132792726,EVT-0031,864.0,1041.0,779.0,811.0,145.0,16.78240740740741
1443520683,1200346587,EVT-0031,1078.0,1125.0,1128.0,1304.0,-129.0,-11.966604823747682
1724092733,1056679651,EVT-0031,1215.0,1529.0,1202.0,1499.0,17.0,1.3991769547325104
1768225918,1785926670,EVT-0031,1002.0,1288.0,940.0,926.0,300.0,29.94011976047904
1824172013,1842420535,EVT-0031,1419.0,1646.0,1308.0,1366.0,169.0,11.909795630725863
1856406925,1746587884,EVT-0031,767.0,1171.0,843.0,807.0,440.0,57.36636245110821
1885189138,1042224778,EVT-0031,991.0,1194.0,1041.0,1301.0,-57.0,-5.751765893037336
1897395806,1779918477,EVT-0031,1426.0,1808.0,1337.0,1404.0,315.0,22.08976157082749
1075036339,1767249513,EVT-0032,1084.0,1278.0,1054.0,1108.0,140.0,12.915129151291513
1681501296,1058613039,EVT-0032,582.0,608.0,635.0,644.0,17.0,2.9209621993127146
1889776344,1320611266,EVT-0032,1158.0,1443.0,1129.0,1308.0,106.0,9.153713298791018
1050705288,1769333869,EVT-0033,805.0,1029.0,845.0,896.0,173.0,21.490683229813666
1202669523,1766730505,EVT-0033,1405.0,1644.0,1271.0,1488.0,22.0,1.5658362989323844
1243754490,1045376799,EVT-0033,750.0,1121.0,772.0,914.0,229.0,30.533333333333335
1274985831,1795350721,EVT-0033,931.0,1233.0,955.0,1266.0,-9.0,-0.966702470461869
1309371148,1527981900,EVT-0033,499.0,571.0,515.0,558.0,29.0,5.811623246492986
1546151204,1473494189,EVT-0033,1186.0,1633.0,1191.0,1316.0,322.0,27.150084317032043
1552813903,1665478461,EVT-0033,762.0,1242.0,769.0,1019.0,230.0,30.183727034120732
1598661571,1418704015,EVT-0033,475.0,699.0,460.0,468.0,216.0,45.473684210526315
1599989245,1507378861,EVT-0033,391.0,531.0,364.0,359.0,145.0,37.084398976982094
1745601371,1880265578,EVT-0033,620.0,538.0,621.0,823.0,-284.0,-45.806451612903224
1944079924,1715246280,EVT-0033,595.0,803.0,638.0,593.0,253.0,42.52100840336134
1060922949,1134089733,EVT-0034,845.0,1039.0,773.0,764.0,203.0,24.023668639053255
1084471394,1261377760,EVT-0034,1548.0,1621.0,1467.0,1421.0,119.0,7.687338501291989
1180932224,1838439200,EVT-0034,2533.0,3540.0,2755.0,3307.0,455.0,17.96288985392815
1355374483,1434523506,EVT-0034,1846.0,2196.0,1747.0,1717.0,380.0,20.585048754062836
1377426493,1296624285,EVT-0034,1342.0,1630.0,1417.0,1350.0,355.0,26.453055141579735
1423152481,1363342464,EVT-0034,2522.0,3116.0,2447.0,3034.0,7.0,0.2775574940523394
1488515010,1135650855,EVT-0034,1536.0,1777.0,1583.0,1682.0,142.0,9.244791666666668
1546151204,1058325303,EVT-0034,1550.0,1985.0,1702.0,1723.0,414.0,26.70967741935484
1567742360,1939052563,EVT-0034,868.0,953.0,898.0,902.0,81.0,9.331797235023041
1752727945,1479078465,EVT-0034,1064.0,1075.0,1068.0,945.0,134.0,12.593984962406015
1806707737,1847794991,EVT-0034,765.0,966.0,720.0,663.0,258.0,33.72549019607843
1002145427,1877046932,EVT-0035,2506.0,3689.0,2395.0,2833.0,745.0,29.728651237031123
1018018261,1665478461,EVT-0035,2272.0,3116.0,2293.0,3017.0,120.0,5.28169014084507
1133130363,1058325303,EVT-0035,1791.0,2372.0,1702.0,1723.0,560.0,31.267448352875487
1138281740,1463019459,EVT-0035,1188.0,1594.0,1126.0,1348.0,184.0,15.488215488215488
1166368237,1590869917,EVT-0035,1326.0,1796.0,1252.0,1952.0,-230.0,-17.345399698340874
1180932224,1838439200,EVT-0035,2533.0,3540.0,2755.0,3307.0,455.0,17.96288985392815
1316743925,1209566128,EVT-0035,2975.0,4423.0,2978.0,3630.0,796.0,26.7563025210084
1511022174,1135650855,EVT-0035,1677.0,1966.0,1583.0,1682.0,190.0,11.329755515802027
1523681389,1540759788,EVT-0035,1408.0,1787.0,1310.0,1250.0,439.0,31.17897727272727
1639269087,1099946885,EVT-0035,1127.0,1471.0,1132.0,1175.0,301.0,26.70807453416149
1908168895,1224230882,EVT-0035,1258.0,1396.0,1156.0,1140.0,154.0,12.241653418124006
1002145427,1877046932,EVT-0036,2506.0,3689.0,2395.0,2833.0,745.0,29.728651237031123
1065870788,1352216182,EVT-0036,1807.0,2211.0,1960.0,2335.0,29.0,1.6048699501936912
1133130363,1058325303,EVT-0036,1791.0,2372.0,1702.0,1723.0,560.0,31.267448352875487
1268222167,1135650855,EVT-0036,1539.0,2034.0,1583.0,1682.0,396.0,25.730994152046783
1456299035,1174238463,EVT-0036,1386.0,1506.0,1335.0,1469.0,-14.0,-1.0101010101010102
1506356074,1842420535,EVT-0036,856.0,1133.0,801.0,901.0,177.0,20.677570093457945
1590869917,1224230882,EVT-0036,1252.0,1952.0,1156.0,1140.0,716.0,57.18849840255591
1615059528,1200096471,EVT-0036,1435.0,1894.0,1328.0,1424.0,363.0,25.29616724738676
1747032997,1762971749,EVT-0036,1252.0,1787.0,1370.0,1500.0,405.0,32.3482428115016
1815807585,1838439200,EVT-0036,2720.0,3713.0,2755.0,3307.0,441.0,16.21323529411765
1075036339,1767249513,EVT-0037,1084.0,1278.0,1054.0,1108.0,140.0,12.915129151291513
1113023042,1113190601,EVT-0037,852.0,1053.0,826.0,749.0,278.0,32.629107981220656
1547244776,1903121188,EVT-0037,856.0,1063.0,851.0,732.0,326.0,38.084112149532714
1696606064,1722581836,EVT-0037,874.0,947.0,916.0,941.0,48.0,5.491990846681922
1407931751,1841542198,EVT-0038,783.0,892.0,783.0,748.0,144.0,18.39080459770115
1659738110,1486382629,EVT-0038,674.0,870.0,669.0,674.0,191.0,28.338278931750743
1737256036,1480599715,EVT-0038,853.0,1033.0,863.0,878.0,165.0,19.343493552168816
1031568581,1152018085,EVT-0039,519.0,641.0,523.0,636.0,9.0,1.7341040462427744
1241711534,1804484495,EVT-0039,754.0,780.0,777.0,463.0,340.0,45.09283819628647
1274985831,1795350721,EVT-0039,940.0,1168.0,1018.0,1243.0,3.0,0.3191489361702127
1286477181,1304105269,EVT-0039,998.0,1410.0,998.0,1087.0,323.0,32.364729458917836
1467704312,1901417067,EVT-0039,753.0,1031.0,753.0,936.0,95.0,12.616201859229747
1583696442,1268421124,EVT-0039,712.0,922.0,754.0,721.0,243.0,34.12921348314607
1590869917,1209829039,EVT-0039,990.0,1119.0,1071.0,1455.0,-255.0,-25.757575757575758
1721479586,1434523506,EVT-0039,757.0,979.0,797.0,818.0,201.0,26.55217965653897
1758794279,1730655531,EVT-0039,1614.0,1722.0,1498.0,2017.0,-411.0,-25.46468401486989
1806707737,1233281843,EVT-0039,599.0,659.0,656.0,668.0,48.0,8.013355592654424
1944079924,1715246280,EVT-0039,647.0,799.0,629.0,597.0,184.0,28.438948995363216
1124890801,1209566128,EVT-0040,3164.0,3611.0,3048.0,3800.0,-305.0,-9.639696586599241
1355374483,1434523506,EVT-0040,1847.0,2273.0,1740.0,1632.0,534.0,28.91174878180834
1377426493,1296624285,EVT-0040,1379.0,1664.0,1376.0,1301.0,360.0,26.10587382160986
1689916181,1714021262,EVT-0040,2546.0,3319.0,2490.0,3165.0,98.0,3.8491751767478397
1752727945,1479078465,EVT-0040,1061.0,1073.0,1014.0,1014.0,12.0,1.1310084825636193
1815807585,1838439200,EVT-0040,2880.0,3835.0,2959.0,3640.0,274.0,9.51388888888889
1065091666,1257768279,EVT-0041,1174.0,1187.0,1093.0,1204.0,-98.0,-8.347529812606473
1324237324,1702446943,EVT-0041,1555.0,1621.0,1582.0,1667.0,-19.0,-1.2218649517684887
1330156328,1999506508,EVT-0041,1307.0,1406.0,1285.0,1430.0,-46.0,-3.519510328997705
1497642888,1333043895,EVT-0041,1215.0,1161.0,1263.0,1107.0,102.0,8.395061728395062
1704331150,1432188427,EVT-0041,1946.0,2422.0,1956.0,2172.0,260.0,13.360739979445016
1746046261,1708639657,EVT-0041,1049.0,1498.0,990.0,1118.0,321.0,30.60057197330791
1768225918,1551107307,EVT-0041,1954.0,2109.0,1860.0,2276.0,-261.0,-13.357215967246674
1779411515,1803339427,EVT-0041,1776.0,2160.0,1720.0,1922.0,182.0,10.247747747747747
1180932224,1838439200,EVT-0042,1092.0,1501.0,1070.0,1316.0,163.0,14.926739926739927
1026722938,1803339427,EVT-0042,2037.0,2566.0,1917.0,2519.0,-73.0,-3.5837015218458514
1065455036,1642024693,EVT-0042,378.0,399.0,408.0,362.0,67.0,17.724867724867725
1078096579,1057623450,EVT-0042,726.0,888.0,685.0,664.0,183.0,25.206611570247933
1202669523,1766730505,EVT-0042,1427.0,1668.0,1305.0,1466.0,80.0,5.606166783461807
1286477181,1304105269,EVT-0042,998.0,1410.0,998.0,1087.0,323.0,32.364729458917836
1299418347,1350739367,EVT-0042,840.0,927.0,808.0,817.0,78.0,9.285714285714286
1386514024,1933607412,EVT-0042,549.0,657.0,581.0,628.0,61.0,11.11111111111111
1533003293,1262874856,EVT-0042,680.0,802.0,682.0,701.0,103.0,15.147058823529411
1557944620,1769234364,EVT-0042,887.0,1138.0,863.0,1049.0,65.0,7.328072153325817
1598661571,1255569448,EVT-0042,498.0,732.0,520.0,483.0,271.0,54.41767068273092
1714986282,1185877283,EVT-0042,1067.0,1238.0,1067.0,1248.0,-10.0,-0.937207122774133
1719186219,1416978082,EVT-0042,723.0,886.0,770.0,733.0,200.0,27.662517289073307
1727463709,1131525051,EVT-0042,368.0,465.0,354.0,314.0,137.0,37.22826086956522
1814938340,1751172259,EVT-0042,827.0,967.0,865.0,893.0,112.0,13.54292623941959
1840863041,1775891033,EVT-0042,331.0,498.0,331.0,421.0,77.0,23.26283987915408
1848624494,1381937048,EVT-0042,642.0,742.0,675.0,699.0,76.0,11.838006230529595
1880265578,1200346587,EVT-0042,643.0,822.0,651.0,734.0,96.0,14.930015552099535
1324722952,1333043895,EVT-0043,1389.0,1416.0,1263.0,1107.0,183.0,13.174946004319654
1704331150,1432188427,EVT-0043,1946.0,2422.0,1956.0,2172.0,260.0,13.360739979445016
1749652321,1939526327,EVT-0043,701.0,587.0,710.0,606.0,-10.0,-1.4265335235378032
1779411515,1803339427,EVT-0043,1776.0,2160.0,1720.0,1922.0,182.0,10.247747747747747
1836314447,1100495849,EVT-0043,2299.0,2659.0,2194.0,2800.0,-246.0,-10.700304480208786
1041585906,1051073538,EVT-0044,804.0,862.0,777.0,690.0,145.0,18.034825870646767
1209464480,1338304433,EVT-0044,2374.0,2881.0,2550.0,3093.0,-36.0,-1.5164279696714407
1358245029,1743803979,EVT-0044,1011.0,1122.0,924.0,848.0,187.0,18.496538081107815
1196385359,1081031506,EVT-0045,2012.0,3027.0,2202.0,2436.0,781.0,38.81709741550696
1728890785,1974446365,EVT-0045,925.0,1338.0,848.0,904.0,357.0,38.5945945945946
1980975555,1769764832,EVT-0045,1229.0,1572.0,1270.0,1899.0,-286.0,-23.270951993490645
1022312734,1275443434,EVT-0046,278.0,309.0,271.0,300.0,2.0,0.7194244604316548
1036327983,1922185990,EVT-0046,240.0,331.0,236.0,271.0,56.0,23.333333333333332
1075036339,1767249513,EVT-0046,188.0,194.0,185.0,181.0,10.0,5.319148936170213
1133130363,1209566128,EVT-0046,1839.0,2581.0,1791.0,2371.0,162.0,8.809135399673735
1133616429,1020833996,EVT-0046,383.0,450.0,396.0,485.0,-22.0,-5.7441253263707575
1180932224,1838439200,EVT-0046,1092.0,1501.0,1070.0,1316.0,163.0,14.926739926739927
1274985831,1795350721,EVT-0046,940.0,1168.0,1018.0,1243.0,3.0,0.3191489361702127
1300832031,1977922420,EVT-0046,963.0,1427.0,892.0,1044.0,312.0,32.398753894081
1334266016,1566276774,EVT-0046,1575.0,2093.0,1543.0,2159.0,-98.0,-6.222222222222222
1386514024,1933607412,EVT-0046,549.0,657.0,581.0,628.0,61.0,11.11111111111111
1714986282,1185877283,EVT-0046,1067.0,1238.0,1067.0,1248.0,-10.0,-0.937207122774133
1721479586,1434523506,EVT-0046,757.0,979.0,797.0,818.0,201.0,26.55217965653897
1732527431,1364720148,EVT-0046,1975.0,2618.0,1790.0,2290.0,143.0,7.2405063291139244
1768225918,1835878442,EVT-0046,661.0,774.0,642.0,586.0,169.0,25.56732223903177
1937514325,1547660377,EVT-0046,1153.0,1451.0,1153.0,1299.0,152.0,13.183000867302688
1358245029,1943531446,EVT-0047,749.0,855.0,727.0,748.0,85.0,11.348464619492656
1376656900,1555285877,EVT-0047,476.0,602.0,491.0,493.0,124.0,26.05042016806723
1719186219,1416978082,EVT-0047,801.0,839.0,751.0,795.0,-6.0,-0.7490636704119851
1719574174,1987971524,EVT-0047,984.0,1004.0,997.0,974.0,43.0,4.369918699186992
1811081532,1242598583,EVT-0047,1296.0,1460.0,1248.0,1219.0,193.0,14.891975308641975
1856406925,1624547729,EVT-0047,781.0,1183.0,837.0,1001.0,238.0,30.473751600512163
1880717263,1416644254,EVT-0047,914.0,1082.0,863.0,792.0,239.0,26.148796498905906
1934829601,1304105269,EVT-0047,1242.0,1530.0,1196.0,1244.0,240.0,19.32367149758454
1271768685,1548652282,EVT-0048,1157.0,1514.0,1248.0,1312.0,293.0,25.324114088159032
1352578078,1132792726,EVT-0048,862.0,1052.0,791.0,821.0,160.0,18.561484918793504
1370467684,1893638738,EVT-0048,394.0,396.0,371.0,298.0,75.0,19.035532994923855
1436505063,1842420535,EVT-0048,1255.0,1743.0,1362.0,1324.0,526.0,41.91235059760956
1592062677,1095874958,EVT-0048,1202.0,1652.0,1291.0,1538.0,203.0,16.888519134775372
1598661571,1105435741,EVT-0048,1073.0,1344.0,984.0,996.0,259.0,24.137931034482758
1616418756,1769764832,EVT-0048,1106.0,1275.0,1076.0,1190.0,55.0,4.972875226039783
1767249513,1738916414,EVT-0048,1640.0,1728.0,1515.0,1617.0,-14.0,-0.853658536585366
1785764022,1242598583,EVT-0048,1209.0,1481.0,1248.0,1219.0,301.0,24.89660876757651
1934763735,1041640354,EVT-0048,1565.0,2043.0,1564.0,1673.0,369.0,23.578274760383387
1103232447,1618352078,EVT-0049,1100.0,1395.0,1141.0,1235.0,201.0,18.272727272727273
1409867656,1527981900,EVT-0049,1088.0,1192.0,1017.0,1052.0,69.0,6.341911764705882
1769764832,1879821175,EVT-0049,1270.0,1899.0,1334.0,1586.0,377.0,29.68503937007874
1921646299,1081031506,EVT-0049,2380.0,3476.0,2202.0,2436.0,862.0,36.21848739495798
1041585906,1424541534,EVT-0050,413.0,613.0,396.0,432.0,164.0,39.70944309927361
1238983617,1113953065,EVT-0050,833.0,1023.0,827.0,971.0,46.0,5.5222088835534215
1273912869,1524065749,EVT-0050,598.0,697.0,618.0,662.0,55.0,9.197324414715718
1533003293,1262874856,EVT-0050,680.0,802.0,682.0,701.0,103.0,15.147058823529411
1944079924,1715246280,EVT-0050,647.0,799.0,629.0,597.0,184.0,28.438948995363216
1908127628,1743431961,EVT-0051,962.0,999.0,966.0,815.0,188.0,19.542619542619544
1368009035,1056679651,EVT-0052,1561.0,1933.0,1546.0,1632.0,286.0,18.32158872517617
1376656900,1823309871,EVT-0052,1640.0,1732.0,1801.0,2165.0,-272.0,-16.585365853658537
1648553570,1369949932,EVT-0052,1698.0,2210.0,1727.0,2477.0,-238.0,-14.016489988221437
1934829601,1083149777,EVT-0052,1779.0,2397.0,1823.0,1774.0,667.0,37.49297358066329
1969108517,1656483868,EVT-0052,1170.0,1241.0,1280.0,1227.0,124.0,10.598290598290598
1190842652,1219172859,EVT-0053,1054.0,1209.0,1150.0,1380.0,-75.0,-7.115749525616698
1264333323,1209566128,EVT-0053,3143.0,4308.0,3176.0,3905.0,436.0,13.87209672287623
1355374483,1434523506,EVT-0053,1905.0,2230.0,1780.0,1619.0,486.0,25.511811023622048
1423152481,1363342464,EVT-0053,2659.0,3403.0,2662.0,3521.0,-115.0,-4.324934185784129
1456299035,1174238463,EVT-0053,1381.0,1497.0,1393.0,1490.0,19.0,1.3758146270818248
1567742360,1939052563,EVT-0053,896.0,1034.0,885.0,851.0,172.0,19.196428571428573
1639269087,1099946885,EVT-0053,1258.0,1388.0,1259.0,1086.0,303.0,24.085850556438793
1686880901,1296624285,EVT-0053,1395.0,1527.0,1354.0,1259.0,227.0,16.272401433691755
1725623817,1412773438,EVT-0053,3416.0,4143.0,3531.0,4700.0,-442.0,-12.939110070257613
1815807585,1838439200,EVT-0053,3019.0,4032.0,3032.0,3693.0,352.0,11.659489897316993
1922670785,1892083019,EVT-0053,1855.0,2705.0,1917.0,2282.0,485.0,26.1455525606469
1961509027,1184426066,EVT-0053,781.0,798.0,785.0,710.0,92.0,11.7797695262484
1689916181,1714021262,EVT-0053,2692.0,3307.0,2486.0,3260.0,-159.0,-5.906389301634472
1330156328,1999506508,EVT-0054,1383.0,1330.0,1269.0,1376.0,-160.0,-11.569052783803325
1361521440,1801662945,EVT-0054,1674.0,1812.0,1596.0,1720.0,14.0,0.8363201911589008
1435662964,1005067453,EVT-0054,1111.0,1261.0,1009.0,1170.0,-11.0,-0.9900990099009901
1704331150,1249126917,EVT-0054,2024.0,2460.0,2035.0,2412.0,59.0,2.91501976284585
1779411515,1803339427,EVT-0054,1826.0,2150.0,1721.0,1919.0,126.0,6.900328587075576
1880426881,1730655531,EVT-0054,2217.0,2856.0,2267.0,2501.0,405.0,18.26792963464141
1204959187,1502571429,EVT-0055,1036.0,1076.0,1104.0,1239.0,-95.0,-9.16988416988417
1250474354,1149313383,EVT-0055,684.0,741.0,636.0,612.0,81.0,11.842105263157894
1433980129,1632734848,EVT-0055,1594.0,1824.0,1448.0,1530.0,148.0,9.284818067754077
1474100561,1798313247,EVT-0055,733.0,666.0,732.0,718.0,-53.0,-7.230559345156889
1647700669,1722581836,EVT-0055,950.0,920.0,929.0,869.0,30.0,3.1578947368421053
1889776344,1320611266,EVT-0055,1224.0,1541.0,1144.0,1298.0,163.0,13.316993464052288
1286477181,1302899475,EVT-0056,1223.0,1324.0,1177.0,1145.0,133.0,10.874897792313982
1624547729,1860037419,EVT-0056,1462.0,1741.0,1441.0,2855.0,-1135.0,-77.63337893296853
1648553570,1369949932,EVT-0056,1698.0,2210.0,1727.0,2477.0,-238.0,-14.016489988221437
1672904236,1056679651,EVT-0056,1422.0,1829.0,1546.0,1632.0,321.0,22.573839662447256
1856406925,1440538092,EVT-0056,1310.0,1401.0,1203.0,1398.0,-104.0,-7.938931297709924
1934829601,1083149777,EVT-0056,1779.0,2397.0,1823.0,1774.0,667.0,37.49297358066329
1969108517,1656483868,EVT-0056,1170.0,1241.0,1280.0,1227.0,124.0,10.598290598290598
1227780172,1625192632,EVT-0057,944.0,1345.0,877.0,868.0,410.0,43.43220338983051
1271768685,1548652282,EVT-0057,1214.0,1597.0,1211.0,1323.0,271.0,22.322899505766063
1456299035,1082909627,EVT-0057,1165.0,1249.0,1130.0,1172.0,42.0,3.6051502145922747
1484724632,1058325303,EVT-0057,929.0,1158.0,978.0,946.0,261.0,28.094725511302478
1621199177,1838439200,EVT-0057,1637.0,1855.0,1575.0,1876.0,-83.0,-5.070250458155162
1725623817,1812123887,EVT-0057,1398.0,1863.0,1459.0,1761.0,163.0,11.659513590844064
1785764022,1242598583,EVT-0057,1185.0,1438.0,1172.0,1263.0,162.0,13.670886075949367
1848624494,1842420535,EVT-0057,1332.0,3830.0,1439.0,1383.0,2554.0,191.74174174174175
1044379984,1335912683,EVT-0058,1472.0,1538.0,1561.0,1766.0,-139.0,-9.442934782608695
1085110611,1901453930,EVT-0058,588.0,654.0,552.0,492.0,126.0,21.428571428571427
1244876920,1944636921,EVT-0058,588.0,631.0,596.0,595.0,44.0,7.482993197278912
1769764832,1914644640,EVT-0058,1240.0,1844.0,1363.0,1443.0,524.0,42.25806451612903
1386832996,1699200295,EVT-0059,1115.0,1237.0,1144.0,1048.0,218.0,19.55156950672646
1598661571,1775551348,EVT-0059,2573.0,2863.0,2541.0,2651.0,180.0,6.9957248348231635
1423152481,1363342464,EVT-0061,2656.0,3447.0,2707.0,3786.0,-288.0,-10.843373493975903
1455101661,1285330571,EVT-0060,2356.0,2559.0,2165.0,2208.0,160.0,6.791171477079796
1666389063,1225504491,EVT-0060,707.0,741.0,749.0,677.0,106.0,14.992927864214991
1084471394,1058325303,EVT-0061,1610.0,1669.0,1716.0,1655.0,120.0,7.453416149068323
1138281740,1296624285,EVT-0061,1362.0,1649.0,1421.0,1225.0,483.0,35.46255506607929
1418997171,1209566128,EVT-0061,3073.0,3496.0,3231.0,3926.0,-272.0,-8.85128538887081
1451968915,1181360912,EVT-0061,1509.0,1676.0,1373.0,1317.0,223.0,14.777998674618953
1725623817,1412773438,EVT-0061,3612.0,4282.0,3712.0,4799.0,-417.0,-11.544850498338871
1742100898,1166978878,EVT-0061,573.0,480.0,524.0,425.0,6.0,1.0471204188481675
1747032997,1762971749,EVT-0061,1467.0,1787.0,1364.0,1472.0,212.0,14.451261077027949
1924355757,1352216182,EVT-0061,2097.0,2693.0,2009.0,2326.0,279.0,13.304721030042918
1927430854,1838439200,EVT-0061,3394.0,4218.0,3198.0,4002.0,20.0,0.5892751915144373
1050705288,1769333869,EVT-0062,937.0,1146.0,878.0,927.0,160.0,17.075773745997864
1704331150,1257768279,EVT-0062,1259.0,1543.0,1270.0,1376.0,178.0,14.138204924543288
1002145427,1209566128,EVT-0063,1214.0,1498.0,1215.0,1667.0,-168.0,-13.838550247116968
1241711534,1200096471,EVT-0063,666.0,747.0,675.0,834.0,-78.0,-11.711711711711711
1251567115,1428222503,EVT-0063,703.0,778.0,669.0,587.0,157.0,22.33285917496444
1397955463,1838439200,EVT-0063,1662.0,2057.0,1660.0,1879.0,176.0,10.589651022864018
1425340662,1566276774,EVT-0063,2101.0,2525.0,1917.0,2320.0,21.0,0.9995240361732507
1526669415,1219172859,EVT-0063,1275.0,1510.0,1276.0,1473.0,38.0,2.980392156862745
1541422121,1630629040,EVT-0063,963.0,834.0,903.0,979.0,-205.0,-21.287642782969883
1621199177,1804484495,EVT-0063,1632.0,1916.0,1592.0,1514.0,362.0,22.181372549019606
1712965692,1611952734,EVT-0063,563.0,663.0,553.0,600.0,53.0,9.41385435168739
1719574174,1987971524,EVT-0063,993.0,994.0,910.0,957.0,-46.0,-4.632426988922457
1721479586,1873780039,EVT-0063,1450.0,1888.0,1335.0,1521.0,252.0,17.379310344827587
1812815243,1548652282,EVT-0063,1399.0,1621.0,1295.0,1421.0,96.0,6.862044317369549
1815807585,1082909627,EVT-0063,1078.0,1433.0,1080.0,1104.0,331.0,30.70500927643785
1908168895,1224230882,EVT-0063,775.0,960.0,700.0,803.0,82.0,10.580645161290322
1989798412,1412773438,EVT-0063,2150.0,3079.0,2133.0,3006.0,56.0,2.604651162790698
1300832031,1933607412,EVT-0064,1021.0,956.0,1068.0,1256.0,-253.0,-24.779627815866796
1443520683,1977228745,EVT-0064,1097.0,1113.0,1039.0,1193.0,-138.0,-12.579762989972654
1648553570,1369949932,EVT-0064,1843.0,2350.0,1834.0,2517.0,-176.0,-9.549647314161692
1934829601,1766730505,EVT-0064,1888.0,2401.0,1928.0,2092.0,349.0,18.485169491525426
1002145427,1209566128,EVT-0065,1214.0,1498.0,1215.0,1667.0,-168.0,-13.838550247116968
1259584955,1468815406,EVT-0065,619.0,708.0,637.0,692.0,34.0,5.492730210016155
1271768685,1548652282,EVT-0065,1262.0,1553.0,1295.0,1421.0,165.0,13.074484944532488
1287287258,1842420535,EVT-0065,1338.0,1710.0,1363.0,1373.0,362.0,27.05530642750374
1385532449,1997693654,EVT-0065,959.0,1184.0,1019.0,1043.0,201.0,20.959332638164753
1425340662,1566276774,EVT-0065,2101.0,2525.0,1917.0,2320.0,21.0,0.9995240361732507
1523498065,1174238463,EVT-0065,602.0,664.0,577.0,670.0,-31.0,-5.149501661129568
1523681389,1275443434,EVT-0065,409.0,492.0,386.0,402.0,67.0,16.381418092909534
1752727945,1547660377,EVT-0065,653.0,703.0,619.0,553.0,116.0,17.76416539050536
1856406925,1746587884,EVT-0065,869.0,1174.0,864.0,786.0,383.0,44.07364787111623
1934829601,1304105269,EVT-0065,1311.0,1629.0,1182.0,1277.0,223.0,17.009916094584288
1989798412,1412773438,EVT-0065,2150.0,3079.0,2133.0,3006.0,56.0,2.604651162790698
1352702876,1105435741,EVT-0066,885.0,1043.0,920.0,1088.0,-10.0,-1.1299435028248588
1386832996,1699200295,EVT-0066,1115.0,1237.0,1144.0,1048.0,218.0,19.55156950672646
1590337907,1109634414,EVT-0066,2864.0,3742.0,2652.0,3141.0,389.0,13.582402234636874
1598661571,1775551348,EVT-0066,2573.0,2863.0,2541.0,2651.0,180.0,6.9957248348231635
1847082322,1892307210,EVT-0066,1358.0,1669.0,1398.0,1425.0,284.0,20.913107511045656
1031568581,1838576308,EVT-0067,519.0,605.0,554.0,547.0,93.0,17.91907514450867
1031907094,1902607450,EVT-0067,907.0,1281.0,873.0,870.0,377.0,41.56560088202866
1190842652,1352216182,EVT-0067,953.0,1053.0,921.0,909.0,112.0,11.752360965372507
1567993435,1874547676,EVT-0067,432.0,390.0,451.0,400.0,9.0,2.083333333333333
1599989245,1507378861,EVT-0067,553.0,583.0,499.0,382.0,147.0,26.582278481012654
1647700669,1113190601,EVT-0067,268.0,216.0,246.0,196.0,-2.0,-0.7462686567164178
1812815243,1548652282,EVT-0067,1399.0,1621.0,1295.0,1421.0,96.0,6.862044317369549
1993463169,1808677938,EVT-0067,748.0,916.0,723.0,592.0,299.0,39.97326203208556
1636376422,1815549120,EVT-0067,384.0,379.0,374.0,373.0,-4.0,-1.0416666666666665
1031568581,1152018085,EVT-0068,541.0,679.0,537.0,660.0,15.0,2.7726432532347505
1050705288,1769333869,EVT-0068,937.0,1146.0,878.0,927.0,160.0,17.075773745997864
1238983617,1867204764,EVT-0068,894.0,1052.0,890.0,1078.0,-30.0,-3.3557046979865772
1413519731,1412773438,EVT-0068,1640.0,2173.0,1631.0,2097.0,67.0,4.085365853658537
1592062677,1429777182,EVT-0068,782.0,1015.0,838.0,827.0,244.0,31.202046035805626
1728890785,1973275377,EVT-0068,516.0,593.0,519.0,495.0,101.0,19.57364341085271
1745601371,1977228745,EVT-0068,617.0,548.0,632.0,703.0,-140.0,-22.690437601296594
1840863041,1775891033,EVT-0068,360.0,528.0,352.0,397.0,123.0,34.166666666666664
1927430854,1240393805,EVT-0068,855.0,1084.0,851.0,988.0,92.0,10.760233918128655
1133130363,1261377760,EVT-0069,1114.0,1306.0,1025.0,982.0,235.0,21.095152603231597
1169614082,1429255973,EVT-0069,627.0,507.0,635.0,721.0,-206.0,-32.854864433811805
1229022169,1330067194,EVT-0069,846.0,905.0,779.0,826.0,12.0,1.4184397163120568
1251567115,1428222503,EVT-0069,703.0,778.0,669.0,587.0,157.0,22.33285917496444
1271463741,1547660377,EVT-0069,571.0,608.0,619.0,553.0,103.0,18.038528896672503
1376656900,1555285877,EVT-0069,552.0,568.0,497.0,486.0,27.0,4.891304347826087
1385532449,1997693654,EVT-0069,959.0,1184.0,1019.0,1043.0,201.0,20.959332638164753
1407931751,1841542198,EVT-0069,558.0,514.0,561.0,572.0,-55.0,-9.85663082437276
1456299035,1393729789,EVT-0069,1129.0,1215.0,1159.0,1582.0,-337.0,-29.849424269264833
1506746308,1081498101,EVT-0069,500.0,465.0,502.0,376.0,91.0,18.2
1551962891,1766730505,EVT-0069,768.0,761.0,796.0,785.0,4.0,0.5208333333333333
1724092733,1056679651,EVT-0069,1340.0,1567.0,1310.0,1464.0,73.0,5.447761194029851
1727463709,1426157339,EVT-0069,1224.0,1225.0,1144.0,1202.0,-57.0,-4.6568627450980395
1779411515,1881781243,EVT-0069,704.0,748.0,654.0,576.0,122.0,17.329545454545457
1848624494,1842420535,EVT-0069,1338.0,3883.0,1363.0,1373.0,2535.0,189.46188340807174
1934829601,1304105269,EVT-0069,1311.0,1629.0,1182.0,1277.0,223.0,17.009916094584288
1944079924,1643343233,EVT-0069,2294.0,2772.0,2074.0,1981.0,571.0,24.891020052310374
1989798412,1412773438,EVT-0069,2150.0,3079.0,2133.0,3006.0,56.0,2.604651162790698
1073902250,1641859123,EVT-0070,1912.0,2077.0,1963.0,2110.0,18.0,0.9414225941422595
1598661571,1109634414,EVT-0070,2615.0,2908.0,2671.0,3119.0,-155.0,-5.927342256214149
1847082322,1892307210,EVT-0070,1436.0,1721.0,1397.0,1403.0,279.0,19.42896935933148
1181854898,1838439200,EVT-0071,1253.0,1446.0,1248.0,1349.0,92.0,7.342378292098963
1243754490,1045376799,EVT-0071,962.0,1288.0,891.0,969.0,248.0,25.779625779625782
1335670091,1166978878,EVT-0071,316.0,363.0,303.0,281.0,69.0,21.835443037974684
1377426493,1676855970,EVT-0071,1545.0,1841.0,1528.0,1626.0,198.0,12.815533980582524
1413519731,1412773438,EVT-0071,1654.0,2287.0,1739.0,2164.0,208.0,12.575574365175331
1520551320,1524065749,EVT-0071,689.0,697.0,638.0,670.0,-24.0,-3.483309143686502
1721479586,1434523506,EVT-0071,804.0,1011.0,831.0,800.0,238.0,29.601990049751244
1848624494,1381937048,EVT-0071,680.0,808.0,691.0,717.0,102.0,15.0
1937514325,1547660377,EVT-0071,1334.0,1529.0,1289.0,1281.0,203.0,15.217391304347828
1944079924,1337789832,EVT-0071,736.0,818.0,739.0,827.0,-6.0,-0.8152173913043478
1598661571,1109634414,EVT-0072,2615.0,2908.0,2671.0,3119.0,-155.0,-5.927342256214149
1643343233,1371002787,EVT-0072,1814.0,2024.0,1754.0,1678.0,286.0,15.766262403528113
1264333323,1209566128,EVT-0073,3471.0,4880.0,3522.0,4024.0,907.0,26.130798040910403
1268222167,1135650855,EVT-0073,1806.0,1980.0,1744.0,1368.0,550.0,30.454042081949055
1271463741,1479078465,EVT-0073,853.0,927.0,894.0,987.0,-19.0,-2.2274325908558033
1300654963,1762971749,EVT-0073,1364.0,1344.0,1396.0,1396.0,-20.0,-1.466275659824047
1456299035,1174238463,EVT-0073,1442.0,1573.0,1440.0,1473.0,98.0,6.796116504854369
1546151204,1058325303,EVT-0073,1856.0,2053.0,1754.0,1631.0,320.0,17.24137931034483
1924355757,1352216182,EVT-0073,2244.0,2748.0,2155.0,2393.0,266.0,11.853832442067738
1927430854,1838439200,EVT-0073,3509.0,4416.0,3343.0,4086.0,164.0,4.673696209746367
1065091666,1200437733,EVT-0074,880.0,844.0,945.0,917.0,-8.0,-0.9090909090909091
1536278926,1479078465,EVT-0074,745.0,724.0,760.0,809.0,-70.0,-9.395973154362416
1590869917,1209829039,EVT-0074,527.0,558.0,510.0,572.0,-31.0,-5.88235294117647
1647700669,1895795452,EVT-0074,278.0,203.0,299.0,256.0,-32.0,-11.510791366906476
1701585576,1403453024,EVT-0074,960.0,1111.0,1031.0,1182.0,0.0,0.0
1725623817,1812123887,EVT-0074,1525.0,2079.0,1621.0,1919.0,256.0,16.78688524590164
1732914373,1977922420,EVT-0074,911.0,884.0,997.0,1081.0,-111.0,-12.184412733260155
1898803444,1257768279,EVT-0074,1125.0,1095.0,1078.0,1129.0,-81.0,-7.199999999999999
1138281740,1296624285,EVT-0075,1396.0,1612.0,1424.0,1228.0,412.0,29.512893982808023
1271768685,1311764207,EVT-0075,2282.0,2986.0,2374.0,2216.0,862.0,37.773882559158636
1321405205,1463019459,EVT-0075,1161.0,1274.0,1255.0,1187.0,181.0,15.590008613264427
1423152481,1363342464,EVT-0075,2821.0,3508.0,2693.0,3915.0,-535.0,-18.964906061680256
1725623817,1209829039,EVT-0075,3655.0,4194.0,3852.0,4519.0,-128.0,-3.5020519835841313
1747032997,1762971749,EVT-0075,1526.0,1758.0,1396.0,1396.0,232.0,15.203145478374836
1806707737,1479078465,EVT-0075,865.0,964.0,894.0,987.0,6.0,0.6936416184971098
1922670785,1892083019,EVT-0075,2209.0,2615.0,2038.0,2206.0,238.0,10.774105930285197
1204261733,1095874958,EVT-0076,1455.0,1357.0,1421.0,1713.0,-390.0,-26.804123711340207
1824149854,1334266743,EVT-0076,1602.0,1695.0,1596.0,1802.0,-113.0,-7.053682896379526
1836939912,1838809964,EVT-0076,1112.0,1313.0,1187.0,1193.0,195.0,17.535971223021583
1202669523,1766730505,EVT-0077,1758.0,2001.0,1912.0,2151.0,4.0,0.22753128555176336
1594466975,1069143851,EVT-0077,1885.0,1723.0,1755.0,1757.0,-164.0,-8.700265251989391
1648553570,1369949932,EVT-0077,1919.0,2465.0,1881.0,2536.0,-109.0,-5.680041688379364
1745601371,1200346587,EVT-0077,1486.0,1413.0,1471.0,1606.0,-208.0,-13.997308209959622
1814938340,1751172259,EVT-0077,1669.0,1831.0,1673.0,1568.0,267.0,15.997603355302575
1885189138,1056679651,EVT-0077,1662.0,1705.0,1614.0,1599.0,58.0,3.489771359807461
1933607412,1371759725,EVT-0077,1077.0,1279.0,1076.0,948.0,330.0,30.64066852367688
1204261733,1095874958,EVT-0078,1468.0,1374.0,1464.0,1731.0,-361.0,-24.591280653950953
1824149854,1334266743,EVT-0078,1651.0,1723.0,1703.0,1800.0,-25.0,-1.5142337976983646
1041585906,1985685233,EVT-0079,875.0,787.0,871.0,741.0,42.0,4.8
1216532808,1375799982,EVT-0080,948.0,973.0,1029.0,1029.0,25.0,2.6371308016877637
1743613295,1900445093,EVT-0080,920.0,1013.0,891.0,697.0,287.0,31.19565217391304
1009179924,1405577143,EVT-0081,1945.0,2341.0,2005.0,2084.0,317.0,16.298200514138816
1123148250,1234567687,EVT-0081,1403.0,1581.0,1453.0,1487.0,144.0,10.263720598717036
1286477181,1656483868,EVT-0081,1269.0,1326.0,1335.0,1120.0,272.0,21.434200157604412
1332369119,1751172259,EVT-0081,1817.0,1952.0,1679.0,1546.0,268.0,14.749587231700605
1710163217,1167711153,EVT-0081,1688.0,1817.0,1665.0,1714.0,80.0,4.739336492890995
1732914373,1722038985,EVT-0081,1322.0,1314.0,1440.0,1760.0,-328.0,-24.81089258698941
1897395806,1120080837,EVT-0081,1645.0,1739.0,1596.0,1937.0,-247.0,-15.015197568389057
1933607412,1371759725,EVT-0081,1047.0,1253.0,1111.0,911.0,406.0,38.7774594078319
1955222058,1443907526,EVT-0081,1119.0,1051.0,1114.0,1162.0,-116.0,-10.366398570151922
1598661571,1775551348,EVT-0082,2626.0,3007.0,2622.0,2625.0,378.0,14.394516374714394
1638368260,1038582841,EVT-0082,939.0,867.0,917.0,781.0,64.0,6.815761448349308
1025978341,1736538384,EVT-0083,1386.0,1579.0,1251.0,1225.0,219.0,15.800865800865802
1040239976,1993874985,EVT-0083,704.0,712.0,751.0,689.0,70.0,9.943181818181818
1065455036,1642024693,EVT-0083,391.0,419.0,363.0,344.0,47.0,12.020460358056265
1166368237,1209829039,EVT-0083,1468.0,1559.0,1331.0,1470.0,-48.0,-3.2697547683923704
1265952337,1897723296,EVT-0083,525.0,654.0,483.0,433.0,179.0,34.095238095238095
1299418347,1464805419,EVT-0083,916.0,971.0,944.0,837.0,162.0,17.685589519650655
1418997171,1209566128,EVT-0083,1944.0,2229.0,2080.0,2535.0,-170.0,-8.74485596707819
1520551320,1109634414,EVT-0083,763.0,708.0,822.0,868.0,-101.0,-13.237221494102227
1877046932,1099946885,EVT-0083,1141.0,1394.0,1222.0,1283.0,192.0,16.827344434706397
1889776344,1536141264,EVT-0083,465.0,489.0,473.0,521.0,-24.0,-5.161290322580645
1897395806,1746587884,EVT-0083,501.0,522.0,514.0,608.0,-73.0,-14.570858283433132
1944079924,1337789832,EVT-0083,782.0,793.0,782.0,837.0,-44.0,-5.626598465473146
1989798412,1412773438,EVT-0083,1838.0,2065.0,1776.0,2196.0,-193.0,-10.500544069640915
1009179924,1405577143,EVT-0084,1945.0,2341.0,2005.0,2084.0,317.0,16.298200514138816
1123148250,1234567687,EVT-0084,1403.0,1581.0,1453.0,1487.0,144.0,10.263720598717036
1376656900,1823309871,EVT-0084,1771.0,1674.0,1878.0,2275.0,-494.0,-27.89384528514963
1710163217,1167711153,EVT-0084,1688.0,1817.0,1665.0,1714.0,80.0,4.739336492890995
1969108517,1656483868,EVT-0084,1285.0,1213.0,1335.0,1120.0,143.0,11.1284046692607
1050506165,1152018085,EVT-0085,1961.0,2219.0,1782.0,1593.0,447.0,22.79449260581336
1474100561,1160075531,EVT-0085,742.0,645.0,737.0,620.0,20.0,2.6954177897574128
1547244776,1573445784,EVT-0085,1070.0,1088.0,1175.0,1110.0,83.0,7.757009345794392
1688976343,1293528836,EVT-0085,1837.0,1953.0,1835.0,1568.0,383.0,20.84921066956995
1889776344,1320611266,EVT-0085,1360.0,1698.0,1260.0,1278.0,320.0,23.52941176470588
1009179924,1599978586,EVT-0086,1622.0,1935.0,1748.0,1860.0,201.0,12.392108508014797
1240190284,1111217703,EVT-0086,919.0,1008.0,875.0,818.0,146.0,15.88683351468988
1385532449,1364720148,EVT-0086,1145.0,1285.0,1205.0,1474.0,-129.0,-11.26637554585153
1590337907,1121962926,EVT-0086,1583.0,1927.0,1594.0,1704.0,234.0,14.7820593809223
1702497342,1100495849,EVT-0086,1833.0,1804.0,1953.0,2294.0,-370.0,-20.185488270594654
1714292012,1793685516,EVT-0086,1609.0,1868.0,1645.0,1644.0,260.0,16.159105034182723
1880265578,1279255164,EVT-0086,619.0,648.0,632.0,648.0,13.0,2.10016155088853
1910188758,1971977354,EVT-0086,577.0,588.0,558.0,514.0,55.0,9.532062391681109
1949335115,1694658844,EVT-0086,1189.0,1329.0,1220.0,1460.0,-100.0,-8.410428931875526
1065091666,1257768279,EVT-0087,1281.0,1180.0,1229.0,1265.0,-137.0,-10.694769711163152
1453128708,1423753536,EVT-0087,2347.0,2209.0,2179.0,2115.0,-74.0,-3.1529612270984235
1702497342,1694658844,EVT-0087,1846.0,2096.0,2000.0,2238.0,12.0,0.6500541711809318
1704331150,1249126917,EVT-0087,2295.0,2375.0,2154.0,2675.0,-441.0,-19.215686274509807
1713444978,1803339427,EVT-0087,1996.0,2462.0,1808.0,2000.0,274.0,13.72745490981964
1993463169,1702446943,EVT-0087,1543.0,1765.0,1666.0,1508.0,380.0,24.627349319507452
1209464480,1338304433,EVT-0089,2889.0,3122.0,2887.0,3048.0,72.0,2.4922118380062304
1216532808,1375799982,EVT-0089,949.0,939.0,1034.0,1035.0,-11.0,-1.1591148577449948
1811081532,1294882026,EVT-0089,1104.0,1147.0,1182.0,1098.0,127.0,11.503623188405797
1840863041,1384158410,EVT-0089,2298.0,2506.0,2129.0,2220.0,117.0,5.091383812010443
1041585906,1985685233,EVT-0090,877.0,774.0,851.0,730.0,18.0,2.0524515393386547
1486296159,1424541534,EVT-0090,883.0,969.0,820.0,698.0,208.0,23.556058890147224
1555114069,1384158410,EVT-0090,2102.0,2555.0,2129.0,2220.0,362.0,17.221693625118935
1073902250,1641859123,EVT-0091,1993.0,2155.0,2086.0,2319.0,-71.0,-3.562468640240843
1519182780,1696806755,EVT-0091,1257.0,1330.0,1142.0,1159.0,56.0,4.455051710421639
1590337907,1109634414,EVT-0091,3201.0,4006.0,2904.0,3271.0,438.0,13.683223992502343
1598661571,1674708775,EVT-0091,2586.0,2954.0,2469.0,2687.0,150.0,5.800464037122969
1026722938,1803339427,EVT-0092,2448.0,3192.0,2539.0,2524.0,759.0,31.004901960784316
1050705288,1769333869,EVT-0092,997.0,1293.0,928.0,920.0,304.0,30.49147442326981
1133616429,1335912683,EVT-0092,423.0,457.0,417.0,498.0,-47.0,-11.11111111111111
1202669523,1766730505,EVT-0092,1601.0,1636.0,1513.0,1498.0,50.0,3.1230480949406623
1240190284,1663073843,EVT-0092,590.0,666.0,591.0,645.0,22.0,3.728813559322034
1449331358,1967802350,EVT-0092,719.0,703.0,775.0,749.0,10.0,1.3908205841446455
1598661571,1674708775,EVT-0092,670.0,718.0,723.0,765.0,6.0,0.8955223880597015
1704331150,1432188427,EVT-0092,1488.0,1545.0,1412.0,1600.0,-131.0,-8.803763440860216
1848624494,1381937048,EVT-0092,673.0,875.0,700.0,771.0,131.0,19.46508172362556
1867204764,1526834563,EVT-0092,1013.0,1195.0,1000.0,1112.0,70.0,6.910167818361303
1903798589,1566276774,EVT-0092,2224.0,2464.0,2052.0,2529.0,-237.0,-10.656474820143885
1964945871,1174145494,EVT-0092,1097.0,1311.0,1116.0,1269.0,61.0,5.560619872379216
1989798412,1412773438,EVT-0092,1896.0,2194.0,1803.0,2347.0,-246.0,-12.974683544303797
1080672524,1363342464,EVT-0093,2637.0,2968.0,2896.0,4161.0,-934.0,-35.4190367842245
1241711534,1082909627,EVT-0093,993.0,1011.0,1002.0,1091.0,-71.0,-7.150050352467272
1271768685,1311764207,EVT-0093,2582.0,3127.0,2411.0,2330.0,626.0,24.244771494965143
1418997171,1209566128,EVT-0093,3288.0,4097.0,3544.0,4611.0,-258.0,-7.846715328467154
1481247389,1892083019,EVT-0093,2235.0,2154.0,2222.0,2265.0,-124.0,-5.548098434004474
1686880901,1676855970,EVT-0093,1527.0,1592.0,1538.0,1494.0,109.0,7.138179436804191
1725623817,1209829039,EVT-0093,3747.0,4421.0,4061.0,4949.0,-214.0,-5.711235655190819
1849328657,1488515010,EVT-0093,1622.0,1405.0,1764.0,1832.0,-285.0,-17.57090012330456
1908168895,1219172859,EVT-0093,1280.0,1301.0,1250.0,1309.0,-38.0,-2.96875
1924355757,1352216182,EVT-0093,2431.0,2919.0,2302.0,2586.0,204.0,8.391608391608392
1927430854,1838439200,EVT-0093,3742.0,4795.0,3449.0,4682.0,-180.0,-4.810261892036345
1134509243,1320611266,EVT-0094,1156.0,1167.0,1260.0,1278.0,-7.0,-0.6055363321799307
1547112395,1588179048,EVT-0094,1100.0,941.0,1004.0,885.0,-40.0,-3.6363636363636362
1547244776,1573445784,EVT-0094,1070.0,1088.0,1175.0,1110.0,83.0,7.757009345794392
1036327983,1939052563,EVT-0095,905.0,808.0,903.0,714.0,92.0,10.165745856353592
1084471394,1058325303,EVT-0095,1681.0,1758.0,1764.0,1646.0,195.0,11.600237953599049
1124890801,1209566128,EVT-0095,3470.0,3630.0,3544.0,4611.0,-907.0,-26.138328530259365
1287287258,1311764207,EVT-0095,2644.0,3087.0,2411.0,2330.0,524.0,19.818456883509832
1377426493,1676855970,EVT-0095,1559.0,1738.0,1538.0,1494.0,223.0,14.304041051956382
1567742360,1233281843,EVT-0095,990.0,1086.0,964.0,877.0,183.0,18.484848484848484
1725623817,1209829039,EVT-0095,3747.0,4421.0,4061.0,4949.0,-214.0,-5.711235655190819
1955620046,1363342464,EVT-0095,2760.0,3048.0,2896.0,4161.0,-977.0,-35.39855072463768
1123148250,1323611925,EVT-0096,1520.0,1510.0,1528.0,1439.0,79.0,5.197368421052632
1286477181,1656483868,EVT-0096,1286.0,1444.0,1345.0,1165.0,338.0,26.283048211508554
1672904236,1056679651,EVT-0096,1793.0,2039.0,1629.0,1868.0,7.0,0.39040713887339656
1683943777,1405577143,EVT-0096,2274.0,2734.0,2139.0,2059.0,540.0,23.7467018469657
1710163217,1167711153,EVT-0096,1767.0,2013.0,1743.0,1717.0,272.0,15.393322014714206
1714292012,1836894604,EVT-0096,1684.0,1775.0,1692.0,1834.0,-51.0,-3.0285035629453683
1727463709,1371759725,EVT-0096,1155.0,1064.0,1073.0,853.0,129.0,11.168831168831169
1889776344,1632734848,EVT-0097,1443.0,1736.0,1492.0,1566.0,219.0,15.176715176715177
1058647219,1697855363,EVT-0098,1363.0,1684.0,1424.0,1459.0,286.0,20.98312545854732
1204787067,1010957193,EVT-0098,519.0,415.0,570.0,649.0,-183.0,-35.26011560693642
1265952337,1897723296,EVT-0098,1032.0,1021.0,1017.0,1002.0,4.0,0.3875968992248062
1309371148,1914644640,EVT-0098,1399.0,1263.0,1411.0,1268.0,7.0,0.5003573981415297
1328056928,1362648127,EVT-0098,611.0,535.0,612.0,606.0,-70.0,-11.456628477905074
1456299035,1393729789,EVT-0098,1228.0,1301.0,1308.0,1857.0,-476.0,-38.762214983713356
1616839134,1222151080,EVT-0098,1906.0,1977.0,1925.0,2074.0,-78.0,-4.092339979013642
1659738110,1237849298,EVT-0098,585.0,540.0,541.0,430.0,66.0,11.282051282051283
1134509243,1320611266,EVT-0099,1222.0,1214.0,1308.0,1302.0,-2.0,-0.16366612111292964
1038444141,1245433184,EVT-0100,1588.0,1584.0,1638.0,1480.0,154.0,9.697732997481108
1044303869,1511742359,EVT-0100,1249.0,1278.0,1149.0,1109.0,69.0,5.524419535628502
1743613295,1480599715,EVT-0100,942.0,959.0,899.0,820.0,96.0,10.191082802547772
1793579560,1870533357,EVT-0100,1678.0,2202.0,1653.0,1444.0,733.0,43.68295589988081
1811081532,1294882026,EVT-0100,1111.0,1166.0,1159.0,1067.0,147.0,13.23132313231323
1174238463,1057676243,EVT-0101,1353.0,1630.0,1275.0,1429.0,123.0,9.090909090909092
1241711534,1393729789,EVT-0101,761.0,832.0,757.0,924.0,-96.0,-12.614980289093298
1425610817,1512866082,EVT-0101,481.0,521.0,457.0,558.0,-61.0,-12.681912681912683
1475115246,1107378550,EVT-0101,971.0,1201.0,1025.0,1157.0,98.0,10.092687950566425
1552813903,1473494189,EVT-0101,1242.0,1706.0,1316.0,1402.0,378.0,30.434782608695656
1555114069,1340345143,EVT-0101,1137.0,1250.0,1104.0,1200.0,17.0,1.4951627088830255
1937514325,1547660377,EVT-0101,1399.0,1734.0,1295.0,1214.0,416.0,29.735525375268047
1944079924,1337789832,EVT-0101,803.0,853.0,873.0,839.0,84.0,10.460772104607722
1955620046,1363342464,EVT-0101,3212.0,3686.0,3005.0,3790.0,-311.0,-9.682440846824408
1782077311,1916437647,EVT-0102,899.0,784.0,917.0,705.0,97.0,10.789766407119021
1361521440,1801662945,EVT-0103,1658.0,2039.0,1722.0,1834.0,269.0,16.224366706875752
1497642888,1333043895,EVT-0103,1188.0,1204.0,1174.0,1141.0,49.0,4.124579124579125
1677860136,1803502636,EVT-0103,1977.0,1888.0,1785.0,1775.0,-79.0,-3.995953464845726
1713444978,1803339427,EVT-0103,2108.0,2584.0,1926.0,2036.0,366.0,17.362428842504745
1758794279,1657025858,EVT-0103,2931.0,3125.0,2862.0,2780.0,276.0,9.416581371545547
1880426881,1730655531,EVT-0103,2768.0,2909.0,2521.0,2519.0,143.0,5.166184971098266
1011940271,1995404856,EVT-0104,890.0,961.0,970.0,982.0,59.0,6.629213483146068
1038444141,1123562633,EVT-0104,429.0,471.0,458.0,410.0,90.0,20.97902097902098
1044666919,1464676570,EVT-0104,780.0,815.0,805.0,829.0,11.0,1.4102564102564104
1204787067,1010957193,EVT-0104,519.0,415.0,570.0,649.0,-183.0,-35.26011560693642
1238983617,1502571429,EVT-0104,841.0,1032.0,815.0,946.0,60.0,7.13436385255648
1456299035,1393729789,EVT-0104,1228.0,1301.0,1308.0,1857.0,-476.0,-38.762214983713356
1615059528,1389159553,EVT-0104,1158.0,1154.0,1199.0,1326.0,-131.0,-11.312607944732298
1123148250,1323611925,EVT-0105,1520.0,1510.0,1528.0,1439.0,79.0,5.197368421052632
1299418347,1331020234,EVT-0105,2350.0,2759.0,2406.0,2673.0,142.0,6.042553191489362
1362560363,1950588461,EVT-0105,2361.0,2653.0,2231.0,2393.0,130.0,5.506141465480729
1551962891,1057623450,EVT-0105,560.0,500.0,520.0,375.0,85.0,15.178571428571427
1655321622,1350739367,EVT-0105,2005.0,2222.0,2130.0,2041.0,306.0,15.261845386533665
1745601371,1409960642,EVT-0105,1506.0,1498.0,1554.0,1604.0,-58.0,-3.851261620185923
1009179924,1599978586,EVT-0106,2106.0,2632.0,2135.0,2356.0,305.0,14.482431149097815
1169238601,1279255164,EVT-0106,1717.0,1684.0,1628.0,1488.0,107.0,6.231799650553291
1286477181,1656483868,EVT-0106,1286.0,1444.0,1345.0,1165.0,338.0,26.283048211508554
1299418347,1331020234,EVT-0106,2350.0,2759.0,2406.0,2673.0,142.0,6.042553191489362
1409960642,1742318383,EVT-0106,1554.0,1604.0,1563.0,1452.0,161.0,10.36036036036036
1614978876,1486849361,EVT-0106,811.0,912.0,746.0,684.0,163.0,20.098643649815042
1655321622,1350739367,EVT-0106,2005.0,2222.0,2130.0,2041.0,306.0,15.261845386533665
1710163217,1167711153,EVT-0106,1767.0,2013.0,1743.0,1717.0,272.0,15.393322014714206
1762664088,1302899475,EVT-0106,1130.0,1157.0,1144.0,1253.0,-82.0,-7.256637168141593
1885189138,1056679651,EVT-0106,1695.0,1758.0,1629.0,1868.0,-176.0,-10.383480825958703
1123148250,1323611925,EVT-0107,1520.0,1510.0,1528.0,1439.0,79.0,5.197368421052632
1167711153,1056679651,EVT-0107,1743.0,1717.0,1629.0,1868.0,-265.0,-15.203671830177854
1332369119,1836894604,EVT-0107,1792.0,2046.0,1692.0,1834.0,112.0,6.25
1362560363,1950588461,EVT-0107,2361.0,2653.0,2231.0,2393.0,130.0,5.506141465480729
1594466975,1069143851,EVT-0107,1783.0,1752.0,1685.0,1792.0,-138.0,-7.739764441951767
1614978876,1486849361,EVT-0107,811.0,912.0,746.0,684.0,163.0,20.098643649815042
1722038985,1185877283,EVT-0107,1627.0,1882.0,1579.0,1646.0,188.0,11.55500921942225
1969108517,1656483868,EVT-0107,1305.0,1215.0,1345.0,1165.0,90.0,6.896551724137931
1386514024,1977922420,EVT-0107,1776.0,1884.0,1697.0,1569.0,236.0,13.288288288288289
1082909627,1804484495,EVT-0108,1021.0,1112.0,1016.0,1025.0,82.0,8.03134182174339
1200096471,1389159553,EVT-0108,1431.0,1443.0,1377.0,1671.0,-282.0,-19.70649895178197
1271463741,1939052563,EVT-0108,894.0,1040.0,893.0,669.0,370.0,41.387024608501115
1271768685,1548652282,EVT-0108,2736.0,3542.0,2882.0,3132.0,556.0,20.321637426900587
1310164813,1512866082,EVT-0108,1406.0,1546.0,1545.0,1547.0,138.0,9.815078236130867
1423152481,1363342464,EVT-0108,3240.0,3727.0,3249.0,4329.0,-593.0,-18.30246913580247
1567742360,1233281843,EVT-0108,980.0,1080.0,999.0,858.0,241.0,24.591836734693878
1689916181,1714021262,EVT-0108,3319.0,4480.0,3165.0,3682.0,644.0,19.403434769508888
1922670785,1892083019,EVT-0108,2587.0,2874.0,2360.0,2355.0,292.0,11.287205257054502
1924355757,1812123887,EVT-0108,2595.0,3295.0,2634.0,2941.0,393.0,15.144508670520231
1038444141,1340345143,EVT-0109,1115.0,1187.0,1112.0,1289.0,-105.0,-9.417040358744394
1065455036,1739712036,EVT-0109,399.0,452.0,424.0,392.0,85.0,21.303258145363408
1189769080,1473494189,EVT-0109,1380.0,1762.0,1346.0,1469.0,259.0,18.768115942028984
1238983617,1526834563,EVT-0109,1023.0,1317.0,1044.0,1198.0,140.0,13.685239491691103
1240190284,1663073843,EVT-0109,606.0,665.0,578.0,611.0,26.0,4.29042904290429
1376656900,1823309871,EVT-0109,946.0,1237.0,938.0,1120.0,109.0,11.522198731501057
1467704312,1901417067,EVT-0109,1031.0,1186.0,936.0,850.0,241.0,23.375363724539284
1511742359,1913743435,EVT-0109,916.0,922.0,922.0,1084.0,-156.0,-17.03056768558952
1785764022,1242598583,EVT-0109,701.0,731.0,701.0,846.0,-115.0,-16.405135520684734
1814938340,1107378550,EVT-0109,967.0,972.0,1005.0,1151.0,-141.0,-14.581178903826267
1856406925,1541379537,EVT-0109,961.0,1295.0,928.0,1077.0,185.0,19.250780437044746
1889776344,1320611266,EVT-0109,465.0,619.0,421.0,421.0,154.0,33.11827956989247
1903798589,1566276774,EVT-0109,2338.0,2676.0,2159.0,2902.0,-405.0,-17.32249786142002
1002145427,1209566128,EVT-0110,3733.0,3966.0,3800.0,4704.0,-671.0,-17.974819180283955
1082909627,1804484495,EVT-0110,1021.0,1112.0,1016.0,1025.0,82.0,8.03134182174339
1174238463,1389159553,EVT-0110,1482.0,1481.0,1377.0,1671.0,-295.0,-19.9055330634278
1321405205,1463019459,EVT-0110,1271.0,1243.0,1296.0,1291.0,-23.0,-1.8095987411487018
1481247389,1892083019,EVT-0110,2196.0,2432.0,2360.0,2355.0,241.0,10.974499089253188
1567742360,1233281843,EVT-0110,980.0,1080.0,999.0,858.0,241.0,24.591836734693878
1848624494,1356982086,EVT-0110,2206.0,2422.0,2011.0,1984.0,243.0,11.015412511332729
1011940271,1708639657,EVT-0111,659.0,673.0,649.0,571.0,92.0,13.960546282245827
1166368237,1209829039,EVT-0111,1507.0,1726.0,1455.0,1574.0,100.0,6.635700066357001
1240190284,1663073843,EVT-0111,606.0,665.0,578.0,611.0,26.0,4.29042904290429
1265952337,1871372714,EVT-0111,597.0,632.0,630.0,766.0,-101.0,-16.917922948073702
1413519731,1412773438,EVT-0111,1959.0,2827.0,1984.0,2690.0,162.0,8.269525267993874
1639269087,1209566128,EVT-0111,2422.0,2857.0,2371.0,3048.0,-242.0,-9.991742361684558
1665478461,1058325303,EVT-0111,1033.0,1229.0,990.0,1189.0,-3.0,-0.29041626331074544
1696806755,1337606333,EVT-0111,411.0,429.0,376.0,415.0,-21.0,-5.109489051094891
1921646299,1285347583,EVT-0111,901.0,1249.0,879.0,884.0,343.0,38.06881243063263
1259584955,1124315999,EVT-0112,769.0,617.0,729.0,699.0,-122.0,-15.864759427828348
1358245029,1943531446,EVT-0112,1122.0,1090.0,1196.0,1151.0,13.0,1.1586452762923352
1009179924,1599978586,EVT-0113,1679.0,2063.0,1760.0,2024.0,120.0,7.14711137581894
1031568581,1838576308,EVT-0113,591.0,658.0,594.0,527.0,134.0,22.673434856175973
1038444141,1123562633,EVT-0113,422.0,474.0,434.0,394.0,92.0,21.80094786729858
1074076039,1836894604,EVT-0113,1140.0,1226.0,1164.0,1351.0,-101.0,-8.859649122807017
1159301823,1088938448,EVT-0113,524.0,461.0,552.0,462.0,27.0,5.152671755725191
1808310134,1075689749,EVT-0113,2054.0,2409.0,1982.0,2057.0,280.0,13.631937682570594
1893606271,1828766265,EVT-0113,562.0,653.0,575.0,543.0,123.0,21.88612099644128
1340345143,1384158410,EVT-0115,1989.0,2529.0,2106.0,2436.0,210.0,10.558069381598793
1046736322,1769234364,EVT-0116,1473.0,1894.0,1515.0,1441.0,495.0,33.604887983706725
1268222167,1356982086,EVT-0116,2020.0,2035.0,2011.0,1984.0,42.0,2.0792079207920793
1271768685,1548652282,EVT-0116,2736.0,3542.0,2882.0,3132.0,556.0,20.321637426900587
1423152481,1363342464,EVT-0116,3240.0,3727.0,3249.0,4329.0,-593.0,-18.30246913580247
1922670785,1892083019,EVT-0116,2587.0,2874.0,2360.0,2355.0,292.0,11.287205257054502
1924355757,1812123887,EVT-0116,2595.0,3295.0,2634.0,2941.0,393.0,15.144508670520231
1120302413,1584097178,EVT-0117,1273.0,1510.0,1281.0,1319.0,199.0,15.632364493322859
1259584955,1124315999,EVT-0117,769.0,617.0,729.0,699.0,-122.0,-15.864759427828348
1358340028,1309185530,EVT-0117,806.0,695.0,780.0,734.0,-65.0,-8.064516129032258
1737256036,1479311619,EVT-0117,1033.0,932.0,1093.0,1084.0,-92.0,-8.906098741529526
1811081532,1294882026,EVT-0117,1137.0,1274.0,1158.0,1072.0,223.0,19.61301671064204
1840863041,1384158410,EVT-0117,2322.0,2606.0,2106.0,2436.0,-46.0,-1.9810508182601205
1009179924,1599978586,EVT-0118,2205.0,2731.0,2187.0,2431.0,282.0,12.789115646258503
1015191335,1779918477,EVT-0118,1121.0,1421.0,1110.0,1279.0,131.0,11.685994647636038
1123148250,1323611925,EVT-0118,1528.0,1546.0,1501.0,1457.0,62.0,4.057591623036649
1299418347,1331020234,EVT-0118,2382.0,2830.0,2440.0,2721.0,167.0,7.010915197313182
1300832031,1458345984,EVT-0118,1040.0,1052.0,1080.0,954.0,138.0,13.26923076923077
1923786978,1836894604,EVT-0118,1803.0,1721.0,1738.0,1885.0,-229.0,-12.701053799223516
1058647219,1697855363,EVT-0119,1357.0,1732.0,1423.0,1584.0,214.0,15.770081061164335
1133130363,1261377760,EVT-0119,1203.0,1511.0,1095.0,1046.0,357.0,29.67581047381546
1238983617,1502571429,EVT-0119,895.0,1026.0,844.0,958.0,17.0,1.899441340782123
1273912869,1602648309,EVT-0119,945.0,928.0,1000.0,1115.0,-132.0,-13.968253968253968
1299418347,1350739367,EVT-0119,610.0,764.0,562.0,620.0,96.0,15.737704918032788
1327009084,1738266356,EVT-0119,579.0,725.0,581.0,476.0,251.0,43.350604490500864
1511742359,1535323178,EVT-0119,1042.0,993.0,1036.0,1140.0,-153.0,-14.683301343570058
1567993435,1874547676,EVT-0119,406.0,412.0,432.0,459.0,-21.0,-5.172413793103448
1636376422,1529873311,EVT-0119,399.0,381.0,417.0,349.0,50.0,12.531328320802004
1719574174,1987971524,EVT-0119,1004.0,948.0,974.0,891.0,27.0,2.689243027888446
1815807585,1057676243,EVT-0119,1297.0,1611.0,1263.0,1262.0,315.0,24.286815728604473
1844747141,1873780039,EVT-0119,1496.0,1873.0,1435.0,1654.0,158.0,10.56149732620321
1934277181,1342938887,EVT-0119,340.0,411.0,335.0,279.0,127.0,37.35294117647059
1073902250,1641859123,EVT-0120,2088.0,2287.0,2078.0,2382.0,-105.0,-5.028735632183908
1196400158,1337789832,EVT-0120,1374.0,1682.0,1289.0,1025.0,572.0,41.630276564774384
1133130363,1209566128,EVT-0121,2581.0,3247.0,2371.0,3048.0,-11.0,-0.42619139868268113
1137408567,1730655531,EVT-0121,2222.0,2627.0,2017.0,2314.0,108.0,4.86048604860486
1204787067,1788421810,EVT-0121,413.0,368.0,416.0,438.0,-67.0,-16.222760290556902
1257723886,1598998692,EVT-0121,522.0,544.0,520.0,502.0,40.0,7.662835249042145
1413519731,1412773438,EVT-0121,1959.0,2827.0,1984.0,2690.0,162.0,8.269525267993874
1557944620,1769234364,EVT-0121,1138.0,1499.0,1049.0,993.0,417.0,36.64323374340949
1497642888,1708639657,EVT-0121,688.0,773.0,649.0,571.0,163.0,23.691860465116278
1074076039,1836894604,EVT-0122,1144.0,1271.0,1146.0,1363.0,-90.0,-7.8671328671328675
1076376403,1299832539,EVT-0122,1258.0,1475.0,1253.0,1267.0,203.0,16.136724960254373
1124890801,1209566128,EVT-0122,1613.0,1773.0,1596.0,1977.0,-221.0,-13.70117792932424
1240190284,1111217703,EVT-0122,929.0,893.0,854.0,765.0,53.0,5.705059203444564
1271463741,1296624285,EVT-0122,636.0,606.0,615.0,697.0,-112.0,-17.61006289308176
1279255164,1083149777,EVT-0122,602.0,670.0,546.0,511.0,103.0,17.109634551495017
1328056928,1362648127,EVT-0122,626.0,532.0,593.0,618.0,-119.0,-19.009584664536742
1857629178,1980850634,EVT-0122,316.0,328.0,330.0,300.0,42.0,13.291139240506327
1923786978,1743431961,EVT-0122,508.0,504.0,521.0,524.0,-7.0,-1.3779527559055118
1949335115,1694658844,EVT-0122,1297.0,1452.0,1307.0,1481.0,-19.0,-1.4649190439475714
1989798412,1412773438,EVT-0122,3047.0,3569.0,2891.0,3611.0,-198.0,-6.4981949458483745
1002145427,1209566128,EVT-0123,3799.0,4152.0,3905.0,4753.0,-495.0,-13.02974466964991
1065870788,1352216182,EVT-0123,2313.0,2483.0,2426.0,2971.0,-375.0,-16.212710765239947
1084471394,1058325303,EVT-0123,1689.0,1841.0,1684.0,1784.0,52.0,3.078744819419775
1241711534,1804484495,EVT-0123,945.0,1044.0,1021.0,1097.0,23.0,2.433862433862434
1271768685,1548652282,EVT-0123,2763.0,3653.0,2789.0,3406.0,273.0,9.88056460369164
1321405205,1296624285,EVT-0123,1242.0,1239.0,1259.0,1298.0,-42.0,-3.3816425120772946
1423152481,1363342464,EVT-0123,3403.0,3890.0,3521.0,4627.0,-619.0,-18.189832500734646
1689916181,1714021262,EVT-0123,3307.0,4552.0,3260.0,3877.0,628.0,18.990021167221048
1076376403,1299832539,EVT-0124,1258.0,1475.0,1253.0,1267.0,203.0,16.136724960254373
1124890801,1209566128,EVT-0124,1613.0,1773.0,1596.0,1977.0,-221.0,-13.70117792932424
1310164813,1295857761,EVT-0124,495.0,432.0,463.0,445.0,-45.0,-9.090909090909092
1385532449,1364720148,EVT-0124,1214.0,1510.0,1313.0,1654.0,-45.0,-3.706754530477759
1484724632,1261377760,EVT-0124,1158.0,1331.0,1046.0,1080.0,139.0,12.003454231433507
1670560261,1219172859,EVT-0124,1462.0,1469.0,1519.0,1666.0,-140.0,-9.575923392612859
1697719783,1443551811,EVT-0124,547.0,643.0,555.0,599.0,52.0,9.506398537477148
1949335115,1694658844,EVT-0124,1297.0,1452.0,1307.0,1481.0,-19.0,-1.4649190439475714
1009179924,1120914548,EVT-0125,2168.0,2796.0,2146.0,2408.0,366.0,16.88191881918819
1123148250,1234567687,EVT-0125,1507.0,1602.0,1448.0,1389.0,154.0,10.218978102189782
1368009035,1848800052,EVT-0125,1933.0,2063.0,1991.0,1944.0,177.0,9.156751163993793
1631526641,1323611925,EVT-0125,1309.0,1511.0,1404.0,1396.0,210.0,16.0427807486631
1701585576,1036176265,EVT-0125,2738.0,3228.0,2809.0,2928.0,371.0,13.550036523009496
1745601371,1200346587,EVT-0125,1449.0,1608.0,1498.0,1849.0,-192.0,-13.250517598343686
1969108517,1656483868,EVT-0125,1241.0,1340.0,1227.0,1206.0,120.0,9.6696212731668
1647700669,1696606064,EVT-0126,920.0,799.0,929.0,925.0,-117.0,-12.717391304347824
1688976343,1081238747,EVT-0126,1936.0,2138.0,2033.0,2138.0,97.0,5.010330578512397
1782077311,1831183839,EVT-0126,799.0,754.0,780.0,787.0,-52.0,-6.508135168961202
1889776344,1632734848,EVT-0126,1541.0,1831.0,1530.0,1584.0,236.0,15.314730694354314
1189244753,1879821175,EVT-0127,1596.0,1727.0,1620.0,1632.0,119.0,7.456140350877193
1467704312,1914644640,EVT-0127,1317.0,1649.0,1443.0,1613.0,162.0,12.300683371298406
1635476009,1788421810,EVT-0127,1574.0,1923.0,1445.0,1507.0,287.0,18.23379923761118
1921646299,1196385359,EVT-0127,3364.0,4233.0,3072.0,3537.0,404.0,12.009512485136742
1002145427,1209566128,EVT-0128,3766.0,4352.0,3926.0,4972.0,-460.0,-12.214551248008497
1300654963,1762971749,EVT-0128,1387.0,1716.0,1472.0,1371.0,430.0,31.002162941600574
1732527431,1364720148,EVT-0128,2583.0,3097.0,2337.0,2708.0,143.0,5.5361982191250485
1815807585,1363342464,EVT-0128,4191.0,5514.0,3786.0,4828.0,281.0,6.704843712717729
1924355757,1812123887,EVT-0128,2693.0,3593.0,2560.0,2998.0,462.0,17.155588562940956
1268222167,1356982086,EVT-0128,1913.0,2105.0,1963.0,2125.0,30.0,1.5682174594877154
1598661571,1674708775,EVT-0129,2863.0,3065.0,2690.0,3022.0,-130.0,-4.5406915822563745
1768831921,1418704015,EVT-0129,1365.0,1518.0,1311.0,1505.0,-41.0,-3.0036630036630036
1031568581,1152018085,EVT-0130,673.0,856.0,649.0,669.0,163.0,24.219910846953937
1117854327,1085047243,EVT-0130,338.0,326.0,329.0,209.0,108.0,31.952662721893493
1237205202,1736538384,EVT-0130,1110.0,1225.0,1195.0,1299.0,11.0,0.990990990990991
1244876920,1718275724,EVT-0130,167.0,167.0,183.0,199.0,-16.0,-9.580838323353294
1264333323,1261377760,EVT-0130,950.0,1229.0,1017.0,1201.0,95.0,10.0
1265952337,1871372714,EVT-0130,642.0,692.0,686.0,834.0,-98.0,-15.264797507788161
1350739367,1464805419,EVT-0130,838.0,1064.0,888.0,869.0,245.0,29.236276849642007
1475115246,1107378550,EVT-0130,1082.0,1392.0,1039.0,1150.0,199.0,18.391866913123845
1639269087,1209566128,EVT-0130,2475.0,3369.0,2526.0,3707.0,-287.0,-11.595959595959595
1732914373,1185877283,EVT-0130,1207.0,1266.0,1324.0,1422.0,-39.0,-3.2311516155758078
1955620046,1363342464,EVT-0130,3318.0,4936.0,3305.0,4747.0,176.0,5.304400241109102
1991291398,1010852790,EVT-0130,1229.0,1550.0,1339.0,1633.0,27.0,2.196908055329536
1002145427,1209566128,EVT-0131,3758.0,4373.0,4024.0,5090.0,-451.0,-12.001064395955295
1065870788,1352216182,EVT-0131,2361.0,2732.0,2393.0,3098.0,-334.0,-14.146548072850488
1098995024,1060922949,EVT-0131,1109.0,1327.0,1039.0,1046.0,211.0,19.026149684400362
1321405205,1296624285,EVT-0131,1274.0,1253.0,1228.0,1315.0,-108.0,-8.47723704866562
1356982086,1511022174,EVT-0131,1912.0,2149.0,1946.0,2106.0,77.0,4.027196652719665
1377426493,1138281740,EVT-0131,1712.0,1922.0,1612.0,1805.0,17.0,0.9929906542056074
1815807585,1363342464,EVT-0131,4159.0,5670.0,3915.0,5059.0,367.0,8.824236595335417
1924355757,1812123887,EVT-0131,2748.0,3794.0,2672.0,3173.0,545.0,19.83260553129549
1120080837,1624547729,EVT-0132,1869.0,2103.0,1725.0,1764.0,195.0,10.43338683788122
1299418347,1331020234,EVT-0132,2578.0,2876.0,2570.0,2950.0,-82.0,-3.180760279286268
1362560363,1950588461,EVT-0132,2466.0,2745.0,2310.0,2546.0,43.0,1.7437145174371453
1594466975,1069143851,EVT-0132,1723.0,1788.0,1757.0,1935.0,-113.0,-6.558328496807893
1009179924,1599978586,EVT-0133,2345.0,2958.0,2284.0,2658.0,239.0,10.19189765458422
1123148250,1234567687,EVT-0133,1522.0,1575.0,1456.0,1374.0,135.0,8.869908015768726
1362560363,1950588461,EVT-0133,2466.0,2745.0,2310.0,2546.0,43.0,1.7437145174371453
1386514024,1405577143,EVT-0133,1871.0,2232.0,2035.0,2431.0,-35.0,-1.870657402458578
1551962891,1219591108,EVT-0133,531.0,475.0,581.0,603.0,-78.0,-14.689265536723164
1594466975,1069143851,EVT-0133,1723.0,1788.0,1757.0,1935.0,-113.0,-6.558328496807893
1631526641,1323611925,EVT-0133,1312.0,1599.0,1377.0,1511.0,153.0,11.661585365853659
1701585576,1036176265,EVT-0133,2813.0,3503.0,2642.0,2860.0,472.0,16.779239246356205
1885189138,1056679651,EVT-0133,1705.0,2067.0,1599.0,2185.0,-224.0,-13.137829912023461
1085110611,1968864862,EVT-0134,657.0,646.0,628.0,576.0,41.0,6.2404870624048705
1244876920,1944636921,EVT-0134,585.0,494.0,572.0,541.0,-60.0,-10.256410256410255
1635476009,1788421810,EVT-0134,1595.0,2006.0,1436.0,1639.0,208.0,13.04075235109718
1749355669,1712965692,EVT-0134,1616.0,1696.0,1669.0,1830.0,-81.0,-5.012376237623763
1598661571,1109634414,EVT-0135,2908.0,3142.0,3119.0,3447.0,-94.0,-3.2324621733149934
1968209027,1499123879,EVT-0135,1105.0,1179.0,1057.0,1152.0,-21.0,-1.9004524886877827
1009179924,1599978586,EVT-0136,2345.0,2958.0,2284.0,2658.0,239.0,10.19189765458422
1123148250,1234567687,EVT-0136,1522.0,1575.0,1456.0,1374.0,135.0,8.869908015768726
1286477181,1977228745,EVT-0136,1348.0,1614.0,1247.0,1272.0,241.0,17.878338278931754
1361620622,1850313960,EVT-0136,1003.0,1041.0,977.0,816.0,199.0,19.84047856430708
1409960642,1742318383,EVT-0136,1526.0,1769.0,1480.0,1520.0,203.0,13.302752293577983
1722038985,1185877283,EVT-0136,1783.0,1921.0,1628.0,1747.0,19.0,1.065619742007852
1762664088,1656483868,EVT-0136,1161.0,1271.0,1165.0,1207.0,68.0,5.8570198105081825
1814938340,1836894604,EVT-0136,1831.0,1995.0,1681.0,2027.0,-182.0,-9.9399235390497
1856406925,1860037419,EVT-0136,1573.0,1560.0,1501.0,1731.0,-243.0,-15.448188175460903
1934763735,1041640354,EVT-0136,1022.0,1215.0,1014.0,1264.0,-57.0,-5.577299412915851
1009179924,1599978586,EVT-0137,2345.0,2958.0,2284.0,2658.0,239.0,10.19189765458422
1299418347,1331020234,EVT-0137,2578.0,2876.0,2570.0,2950.0,-82.0,-3.180760279286268
1648553570,1036176265,EVT-0137,2465.0,3106.0,2642.0,2860.0,423.0,17.160243407707913
1814938340,1836894604,EVT-0137,1831.0,1995.0,1681.0,2027.0,-182.0,-9.9399235390497
1934763735,1041640354,EVT-0137,1022.0,1215.0,1014.0,1264.0,-57.0,-5.577299412915851
1038444141,1987092370,EVT-0138,1435.0,1474.0,1566.0,1687.0,-82.0,-5.714285714285714
1663073843,1788668972,EVT-0138,1428.0,1712.0,1391.0,1433.0,242.0,16.946778711484594
1394982015,1637550512,EVT-0139,472.0,580.0,463.0,404.0,167.0,35.38135593220339
1535436392,1596912711,EVT-0139,385.0,378.0,362.0,310.0,45.0,11.688311688311687
1599989245,1242598583,EVT-0139,1721.0,1752.0,1739.0,1925.0,-155.0,-9.006391632771644
1785764022,1828803407,EVT-0139,846.0,999.0,785.0,721.0,217.0,25.65011820330969
1124726435,1877046932,EVT-0140,2846.0,3687.0,3109.0,3793.0,157.0,5.516514406184117
1377426493,1138281740,EVT-0140,1729.0,1904.0,1604.0,1722.0,57.0,3.296703296703297
1418997171,1209566128,EVT-0140,3914.0,4576.0,4278.0,4999.0,-59.0,-1.5074092999489013
1732527431,1364720148,EVT-0140,2558.0,3502.0,2315.0,2958.0,301.0,11.767005473025801
1844747141,1873780039,EVT-0140,2314.0,2572.0,2161.0,2445.0,-26.0,-1.1235955056179776
1103232447,1925142923,EVT-0141,1405.0,1557.0,1313.0,3364.0,-1899.0,-135.16014234875445
1467704312,1788421810,EVT-0141,1423.0,1595.0,1400.0,1548.0,24.0,1.6865776528460996
1824149854,1334266743,EVT-0141,1723.0,1913.0,1800.0,2026.0,-36.0,-2.089378990133488
1836939912,1204261733,EVT-0141,1294.0,1525.0,1374.0,1580.0,25.0,1.9319938176197835
1081051991,1308498975,EVT-0142,528.0,490.0,521.0,560.0,-77.0,-14.583333333333334
1179994367,1149313383,EVT-0142,610.0,762.0,582.0,606.0,128.0,20.983606557377048
1238983617,1526834563,EVT-0142,1128.0,1735.0,1122.0,1316.0,413.0,36.61347517730496
1704331150,1249126917,EVT-0142,1544.0,2017.0,1551.0,1876.0,148.0,9.585492227979273
1848624494,1529045985,EVT-0142,851.0,980.0,896.0,1026.0,-1.0,-0.11750881316098707
1180932224,1804484495,EVT-0143,1670.0,2402.0,1509.0,1781.0,460.0,27.54491017964072
1227780172,1219172859,EVT-0143,1466.0,1865.0,1572.0,1760.0,211.0,14.392905866302867
1297280590,1511022174,EVT-0143,1250.0,1354.0,1331.0,1429.0,6.0,0.48
1311764207,1275443434,EVT-0143,372.0,390.0,354.0,358.0,14.0,3.763440860215054
1536278926,1479078465,EVT-0143,743.0,808.0,797.0,739.0,123.0,16.55450874831763
1567742360,1138281740,EVT-0143,2340.0,2887.0,2146.0,2419.0,274.0,11.709401709401709
1686880901,1101142523,EVT-0143,303.0,324.0,301.0,244.0,78.0,25.742574257425744
1806707737,1463019459,EVT-0143,907.0,1083.0,852.0,864.0,164.0,18.081587651598678
1844747141,1873780039,EVT-0143,1731.0,2149.0,1588.0,1687.0,319.0,18.428653957250145
1989798412,1412773438,EVT-0143,3133.0,3844.0,3249.0,4157.0,-197.0,-6.287902968400894
1229022169,1423946593,EVT-0144,924.0,1005.0,927.0,854.0,154.0,16.666666666666664
1309371148,1914644640,EVT-0144,1303.0,1441.0,1327.0,1331.0,134.0,10.283960092095166
1326905712,1705644676,EVT-0144,584.0,493.0,575.0,508.0,-24.0,-4.10958904109589
1567742360,1138281740,EVT-0144,2340.0,2887.0,2146.0,2419.0,274.0,11.709401709401709
1647700669,1113190601,EVT-0144,213.0,203.0,192.0,171.0,11.0,5.164319248826291
1749355669,1971035963,EVT-0144,1023.0,1171.0,1102.0,1198.0,52.0,5.083088954056696
1103232447,1925142923,EVT-0145,1405.0,1557.0,1313.0,3364.0,-1899.0,-135.16014234875445
1467704312,1788421810,EVT-0145,1423.0,1595.0,1400.0,1548.0,24.0,1.6865776528460996
1548035017,1901417067,EVT-0145,430.0,446.0,416.0,429.0,3.0,0.6976744186046512
1728890785,1838809964,EVT-0145,1206.0,1245.0,1212.0,1199.0,52.0,4.311774461028192
1980975555,1914644640,EVT-0145,1514.0,1612.0,1508.0,1588.0,18.0,1.1889035667107
1180932224,1804484495,EVT-0146,1670.0,2402.0,1509.0,1781.0,460.0,27.54491017964072
1204959187,1352578078,EVT-0146,1059.0,1048.0,1066.0,1077.0,-22.0,-2.0774315391879132
1209464480,1338304433,EVT-0146,1028.0,1228.0,996.0,1124.0,72.0,7.003891050583658
1567742360,1138281740,EVT-0146,2340.0,2887.0,2146.0,2419.0,274.0,11.709401709401709
1080672524,1773180629,EVT-0147,1970.0,2463.0,1830.0,2262.0,61.0,3.0964467005076144
1107378550,1275177768,EVT-0147,419.0,443.0,382.0,383.0,23.0,5.4892601431980905
1265952337,1897723296,EVT-0147,1037.0,1108.0,978.0,941.0,108.0,10.414657666345226
1299418347,1331020234,EVT-0147,683.0,857.0,730.0,855.0,49.0,7.174231332357247
1332369119,1451721462,EVT-0147,1360.0,1532.0,1372.0,1345.0,199.0,14.632352941176471
1377426493,1138281740,EVT-0147,2017.0,2420.0,2146.0,2419.0,130.0,6.4452156668319285
1526669415,1219172859,EVT-0147,1470.0,1424.0,1572.0,1760.0,-234.0,-15.918367346938775
1815807585,1804484495,EVT-0147,1449.0,1839.0,1509.0,1781.0,118.0,8.143547273982056
1921646299,1618352078,EVT-0147,1119.0,1298.0,1169.0,1236.0,112.0,10.00893655049151
1598661571,1775551348,EVT-0148,2954.0,3345.0,2708.0,3321.0,-222.0,-7.515233581584292
1638368260,1038582841,EVT-0148,845.0,964.0,767.0,781.0,105.0,12.42603550295858
1080672524,1773180629,EVT-0149,2049.0,2509.0,1849.0,2244.0,65.0,3.17227916056613
1265952337,1897723296,EVT-0149,995.0,1094.0,1009.0,915.0,193.0,19.396984924623116
1299418347,1331020234,EVT-0149,711.0,913.0,777.0,842.0,137.0,19.268635724331926
1310164813,1295857761,EVT-0149,457.0,421.0,421.0,435.0,-50.0,-10.940919037199125
1332369119,1451721462,EVT-0149,1386.0,1480.0,1415.0,1405.0,104.0,7.503607503607504
1546151204,1877046932,EVT-0149,872.0,1074.0,868.0,1035.0,35.0,4.013761467889909
1714986282,1185877283,EVT-0149,1090.0,1222.0,1189.0,1319.0,2.0,0.1834862385321101
1725623817,1812123887,EVT-0149,2130.0,2557.0,2020.0,2550.0,-103.0,-4.835680751173709
1854852153,1308498975,EVT-0149,925.0,926.0,1004.0,1220.0,-215.0,-23.243243243243246
1903121188,1573445784,EVT-0149,611.0,626.0,594.0,597.0,12.0,1.9639934533551555
1038444141,1987092370,EVT-0150,1531.0,1465.0,1529.0,1692.0,-229.0,-14.95754408883083
1209464480,1338304433,EVT-0150,3122.0,3636.0,3048.0,3689.0,-127.0,-4.067905188981422
1358245029,1943531446,EVT-0150,1119.0,1172.0,1161.0,1081.0,133.0,11.885612153708669
1524065749,1282327174,EVT-0151,3077.0,3033.0,3143.0,3341.0,-242.0,-7.864803379915503
1598661571,1775551348,EVT-0151,2954.0,3345.0,2708.0,3321.0,-222.0,-7.515233581584292
1768831921,1418704015,EVT-0151,1383.0,1714.0,1390.0,1399.0,322.0,23.282718727404195
1058647219,1697855363,EVT-0152,1621.0,2094.0,1475.0,1584.0,364.0,22.455274521900062
1204787067,1874547676,EVT-0152,419.0,521.0,430.0,464.0,68.0,16.2291169451074
1237205202,1736538384,EVT-0152,521.0,492.0,555.0,614.0,-88.0,-16.89059500959693
1299418347,1331020234,EVT-0152,711.0,913.0,777.0,842.0,137.0,19.268635724331926
1425340662,1566276774,EVT-0152,2844.0,3042.0,2662.0,3567.0,-707.0,-24.859353023909986
1486877065,1788421810,EVT-0152,1017.0,1100.0,1084.0,1122.0,45.0,4.424778761061947
1592062677,1026926489,EVT-0152,1643.0,2256.0,1642.0,1893.0,362.0,22.03286670724285
1645233598,1025978341,EVT-0152,3441.0,4293.0,3432.0,3664.0,620.0,18.01801801801802
1893020424,1674345776,EVT-0152,708.0,748.0,692.0,677.0,55.0,7.768361581920905
1044666919,1464676570,EVT-0153,806.0,840.0,796.0,707.0,123.0,15.260545905707195
1048976678,1838439200,EVT-0153,1827.0,2332.0,1921.0,2255.0,171.0,9.35960591133005
1058647219,1697855363,EVT-0153,1621.0,2094.0,1475.0,1584.0,364.0,22.455274521900062
1204787067,1874547676,EVT-0153,419.0,521.0,430.0,464.0,68.0,16.2291169451074
1285347583,1251411553,EVT-0153,422.0,426.0,403.0,346.0,61.0,14.454976303317535
1595301304,1650044724,EVT-0153,646.0,753.0,624.0,689.0,42.0,6.5015479876160995
1732527431,1364720148,EVT-0153,1606.0,2174.0,1474.0,2012.0,30.0,1.86799501867995
1749355669,1971035963,EVT-0153,1068.0,1194.0,1153.0,1201.0,78.0,7.303370786516854
1769764832,1914644640,EVT-0153,1335.0,1468.0,1307.0,1437.0,3.0,0.22471910112359553
1425610817,1512866082,EVT-0154,522.0,550.0,547.0,547.0,28.0,5.363984674329502
1080672524,1393729789,EVT-0154,892.0,1097.0,854.0,1176.0,-117.0,-13.11659192825112
1174145494,1995404856,EVT-0154,1269.0,1256.0,1354.0,1480.0,-139.0,-10.95350669818755
1190842652,1352216182,EVT-0154,1189.0,1390.0,1184.0,1458.0,-73.0,-6.139613120269134
1271463741,1434523506,EVT-0154,745.0,883.0,793.0,830.0,101.0,13.557046979865772
1567742360,1873780039,EVT-0154,1942.0,2535.0,2032.0,2059.0,566.0,29.145211122554066
1704331150,1432188427,EVT-0154,1545.0,2064.0,1600.0,2025.0,94.0,6.084142394822006
1752727945,1101142523,EVT-0154,566.0,596.0,593.0,539.0,84.0,14.840989399293287
1824149854,1429777182,EVT-0154,873.0,979.0,873.0,1025.0,-46.0,-5.2691867124856815
1828803407,1124315999,EVT-0154,243.0,263.0,249.0,236.0,33.0,13.580246913580247
1937514325,1676855970,EVT-0154,1656.0,1949.0,1751.0,1917.0,127.0,7.669082125603864
1944079924,1337789832,EVT-0154,805.0,1137.0,795.0,932.0,195.0,24.22360248447205
1967802350,1041494554,EVT-0154,749.0,787.0,756.0,785.0,9.0,1.2016021361815754
1229022169,1423946593,EVT-0155,843.0,1103.0,859.0,1044.0,75.0,8.896797153024911
1688976343,1081238747,EVT-0155,1953.0,2478.0,2001.0,2410.0,116.0,5.939580133128521
1058647219,1134509243,EVT-0154,2168.0,2740.0,2029.0,2186.0,415.0,19.142066420664207
1041585906,1404995171,EVT-0156,500.0,544.0,459.0,394.0,109.0,21.8
1237205202,1736538384,EVT-0156,1130.0,1249.0,1235.0,1306.0,48.0,4.2477876106194685
1238983617,1113953065,EVT-0156,1095.0,1846.0,1092.0,1323.0,520.0,47.48858447488584
1257723886,1598998692,EVT-0156,511.0,593.0,510.0,453.0,139.0,27.20156555772994
1264333323,1261377760,EVT-0156,1040.0,1374.0,947.0,1267.0,14.0,1.3461538461538463
1475115246,1714292012,EVT-0156,1165.0,1446.0,1152.0,1294.0,139.0,11.931330472103003
1590869917,1352216182,EVT-0156,1276.0,1620.0,1184.0,1458.0,70.0,5.4858934169279
1621199177,1393729789,EVT-0156,920.0,1001.0,854.0,1176.0,-241.0,-26.195652173913043
1732000645,1823309871,EVT-0156,1001.0,1215.0,1076.0,1184.0,106.0,10.589410589410589
1732527431,1364720148,EVT-0156,3064.0,3842.0,2802.0,3552.0,28.0,0.9138381201044387
1752727945,1101142523,EVT-0156,566.0,596.0,593.0,539.0,84.0,14.840989399293287
1808826295,1489598965,EVT-0156,1723.0,2359.0,1856.0,2104.0,388.0,22.518862449216485
1880426881,1249657408,EVT-0156,1126.0,1662.0,1142.0,1371.0,307.0,27.264653641207815
1949335115,1694658844,EVT-0156,1046.0,1467.0,1033.0,1273.0,181.0,17.304015296367112
1136500869,1518121706,EVT-0156,468.0,599.0,478.0,617.0,-8.0,-1.7094017094017095
1374281198,1369172659,EVT-0157,693.0,801.0,674.0,743.0,39.0,5.627705627705628
1688976343,1081238747,EVT-0157,1953.0,2478.0,2001.0,2410.0,116.0,5.939580133128521
1704308638,1867204764,EVT-0157,2762.0,3166.0,2602.0,3034.0,-28.0,-1.0137581462708183
1271768685,1216575070,EVT-0158,3127.0,3910.0,3298.0,3629.0,452.0,14.454748960665173
1321405205,1463019459,EVT-0158,1250.0,1273.0,1179.0,1321.0,-119.0,-9.520000000000001
1481247389,1892083019,EVT-0158,2154.0,2366.0,2265.0,2714.0,-237.0,-11.002785515320335
1635581279,1838439200,EVT-0158,4763.0,6765.0,4682.0,5056.0,1628.0,34.18013856812933
1924355757,1812123887,EVT-0158,2919.0,3947.0,2776.0,3571.0,233.0,7.982185680027406
1065091666,1898803444,EVT-0159,1234.0,1178.0,1273.0,1376.0,-159.0,-12.884927066450565
1136500869,1890077344,EVT-0159,1791.0,1972.0,1828.0,1691.0,318.0,17.75544388609715
1375349903,1568842342,EVT-0159,835.0,852.0,755.0,545.0,227.0,27.18562874251497
1645233598,1025978341,EVT-0159,3512.0,4705.0,3169.0,3815.0,547.0,15.575170842824601
1704331150,1432188427,EVT-0159,2447.0,2704.0,2221.0,2575.0,-97.0,-3.9640375970576214
1706645516,1630629040,EVT-0159,1035.0,1000.0,1020.0,1104.0,-119.0,-11.497584541062803
1768225918,1803339427,EVT-0159,1931.0,2101.0,2036.0,2250.0,-44.0,-2.278612118073537
1995404856,1746046261,EVT-0159,1442.0,1378.0,1502.0,1668.0,-230.0,-15.950069348127602
1964945871,1730655531,EVT-0160,2425.0,2833.0,2519.0,3163.0,-236.0,-9.731958762886599
1178533166,1456937691,EVT-0160,658.0,756.0,706.0,575.0,229.0,34.80243161094225
1677860136,1249657408,EVT-0160,1888.0,1702.0,2023.0,2206.0,-369.0,-19.54449152542373
1702497342,1694658844,EVT-0160,2206.0,2505.0,2234.0,2527.0,6.0,0.271985494106981
1180932224,1838439200,EVT-0161,4685.0,5881.0,4713.0,5106.0,803.0,17.13980789754536
1251567115,1381937048,EVT-0161,1500.0,1749.0,1393.0,1332.0,310.0,20.666666666666668
1264333323,1209566128,EVT-0161,4993.0,6533.0,4515.0,5225.0,830.0,16.62327258161426
1377426493,1676855970,EVT-0161,1667.0,1992.0,1516.0,1624.0,217.0,13.017396520695861
1908168895,1219172859,EVT-0161,1309.0,1390.0,1296.0,1582.0,-205.0,-15.660809778456839
1075036339,1767249513,EVT-0162,1173.0,1209.0,1081.0,925.0,192.0,16.36828644501279
1352578078,1081238747,EVT-0162,2205.0,2419.0,2080.0,2513.0,-219.0,-9.931972789115646
1547244776,1573445784,EVT-0162,1136.0,1230.0,1150.0,1174.0,70.0,6.161971830985916
1095874958,1026926489,EVT-0163,1638.0,2239.0,1667.0,2103.0,165.0,10.073260073260073
1196385359,1815549120,EVT-0163,447.0,566.0,413.0,392.0,140.0,31.319910514541387
1198262952,1536141264,EVT-0163,1575.0,1695.0,1585.0,1819.0,-114.0,-7.238095238095238
1216532808,1214210316,EVT-0163,411.0,400.0,416.0,312.0,93.0,22.62773722627737
1449331358,1588179048,EVT-0163,451.0,441.0,436.0,384.0,42.0,9.312638580931264
1555114069,1123562633,EVT-0163,400.0,451.0,410.0,403.0,58.0,14.499999999999998
1657025858,1708639657,EVT-0163,652.0,713.0,668.0,585.0,144.0,22.085889570552148
1688976343,1713731663,EVT-0163,2723.0,3433.0,2911.0,3739.0,-118.0,-4.333455747337496
1732527431,1364720148,EVT-0163,1655.0,2216.0,1566.0,2157.0,-30.0,-1.812688821752266
1702497342,1694658844,EVT-0164,2206.0,2505.0,2234.0,2527.0,6.0,0.271985494106981
1740626134,1999506508,EVT-0164,1271.0,1360.0,1245.0,1305.0,29.0,2.2816679779701023
1964945871,1730655531,EVT-0164,2425.0,2833.0,2519.0,3163.0,-236.0,-9.731958762886599
1065091666,1200437733,EVT-0165,840.0,818.0,822.0,771.0,29.0,3.4523809523809526
1074076039,1836894604,EVT-0165,1219.0,1774.0,1285.0,1360.0,480.0,39.376538146021325
1178533166,1508064668,EVT-0165,604.0,640.0,548.0,560.0,24.0,3.9735099337748347
1180932224,1838439200,EVT-0165,1925.0,2561.0,2023.0,2298.0,361.0,18.753246753246753
1238983617,1349686455,EVT-0165,1032.0,1314.0,1035.0,1187.0,130.0,12.5968992248062
1375349903,1583696442,EVT-0165,860.0,831.0,862.0,923.0,-90.0,-10.465116279069768
1688976343,1713731663,EVT-0165,2723.0,3433.0,2911.0,3739.0,-118.0,-4.333455747337496
1732527431,1364720148,EVT-0165,1655.0,2216.0,1566.0,2157.0,-30.0,-1.812688821752266
1736829924,1546273719,EVT-0165,706.0,670.0,679.0,787.0,-144.0,-20.396600566572236
1779411515,1785926670,EVT-0165,951.0,1171.0,868.0,825.0,263.0,27.655099894847528
1815807585,1804484495,EVT-0165,1547.0,1957.0,1536.0,1791.0,155.0,10.019392372333549
1867204764,1526834563,EVT-0165,1595.0,1854.0,1595.0,1856.0,-2.0,-0.12539184952978058
1259584955,1486382629,EVT-0166,600.0,716.0,574.0,574.0,116.0,19.333333333333332
1407931751,1841542198,EVT-0166,703.0,651.0,767.0,837.0,-122.0,-17.354196301564723
1743613295,1737256036,EVT-0166,959.0,913.0,977.0,904.0,27.0,2.815432742440042
1036327983,1434523506,EVT-0167,629.0,682.0,655.0,690.0,18.0,2.8616852146263914
1227780172,1219172859,EVT-0167,1581.0,1949.0,1620.0,1871.0,117.0,7.400379506641366
1321405205,1479078465,EVT-0167,794.0,815.0,767.0,735.0,53.0,6.675062972292191
1523498065,1174238463,EVT-0167,632.0,817.0,667.0,657.0,195.0,30.854430379746834
1610820601,1842420535,EVT-0167,1361.0,1437.0,1436.0,1451.0,61.0,4.481998530492285
1686880901,1905395731,EVT-0167,325.0,317.0,329.0,274.0,47.0,14.461538461538462
1688976343,1713731663,EVT-0167,2723.0,3433.0,2911.0,3739.0,-118.0,-4.333455747337496
1065091666,1257768279,EVT-0168,1431.0,1330.0,1412.0,1895.0,-584.0,-40.810621942697416
1078096579,1304105269,EVT-0168,1013.0,1001.0,1113.0,1360.0,-259.0,-25.567620927936822
1095874958,1026926489,EVT-0168,1154.0,1617.0,1151.0,1482.0,132.0,11.438474870017332
1386514024,1933607412,EVT-0168,783.0,984.0,710.0,707.0,204.0,26.053639846743295
1443520683,1742318383,EVT-0168,971.0,984.0,916.0,979.0,-50.0,-5.149330587023687
1475115246,1714292012,EVT-0168,1258.0,1529.0,1182.0,1385.0,68.0,5.405405405405405
1567742360,1873780039,EVT-0168,2080.0,2730.0,2080.0,2199.0,531.0,25.528846153846153
1639269087,1209566128,EVT-0168,2857.0,3482.0,3048.0,3838.0,-165.0,-5.775288764438222
1655321622,1871372714,EVT-0168,714.0,740.0,766.0,859.0,-67.0,-9.38375350140056
1714986282,1300832031,EVT-0168,1478.0,1437.0,1491.0,1768.0,-318.0,-21.515561569688767
1793685516,1743431961,EVT-0168,372.0,318.0,376.0,395.0,-73.0,-19.623655913978492
1862986803,1191545544,EVT-0168,2068.0,2588.0,1974.0,2318.0,176.0,8.51063829787234
1903798589,1566276774,EVT-0168,2676.0,3381.0,2902.0,3972.0,-365.0,-13.639760837070252
1937514325,1676855970,EVT-0168,1721.0,2018.0,1880.0,1965.0,212.0,12.31841952353283
1044666919,1464676570,EVT-0169,991.0,1019.0,1002.0,1039.0,-9.0,-0.9081735620585267
1204787067,1409867656,EVT-0169,963.0,1030.0,1007.0,1109.0,-35.0,-3.6344755970924196
1244876920,1569475654,EVT-0169,504.0,473.0,515.0,517.0,-33.0,-6.547619047619048
1486877065,1914644640,EVT-0169,1464.0,1401.0,1523.0,1593.0,-133.0,-9.084699453551913
1073902250,1641859123,EVT-0170,2287.0,2469.0,2382.0,2319.0,245.0,10.712724092697858
1598661571,1775551348,EVT-0170,2910.0,3451.0,2934.0,3068.0,407.0,13.986254295532646
1449331358,1588179048,EVT-0171,810.0,681.0,814.0,823.0,-138.0,-17.037037037037038
1174238463,1181854898,EVT-0172,1715.0,1821.0,1637.0,1926.0,-183.0,-10.670553935860058
1227780172,1670560261,EVT-0172,1236.0,1772.0,1302.0,1468.0,370.0,29.93527508090615
1362648127,1596912711,EVT-0172,217.0,233.0,203.0,166.0,53.0,24.42396313364055
1377426493,1676855970,EVT-0172,2014.0,2045.0,1880.0,1965.0,-54.0,-2.6812313803376364
1429255973,1529045985,EVT-0172,1005.0,1218.0,1019.0,981.0,251.0,24.975124378109452
1639269087,1209566128,EVT-0172,2857.0,3482.0,3048.0,3838.0,-165.0,-5.775288764438222
1707435529,1082909627,EVT-0172,1017.0,1251.0,1038.0,1182.0,90.0,8.849557522123893
1732527431,1364720148,EVT-0172,3134.0,3843.0,3084.0,3715.0,78.0,2.488832163369496
1768831921,1602648309,EVT-0172,1790.0,2041.0,1617.0,1961.0,-93.0,-5.195530726256983
1862986803,1191545544,EVT-0172,2068.0,2588.0,1974.0,2318.0,176.0,8.51063829787234
1244876920,1718275724,EVT-0173,169.0,127.0,163.0,183.0,-62.0,-36.68639053254438
1327009084,1081031506,EVT-0173,888.0,1087.0,913.0,1037.0,75.0,8.445945945945946
1551962891,1656483868,EVT-0173,462.0,524.0,421.0,463.0,20.0,4.329004329004329
1567742360,1873780039,EVT-0173,2080.0,2730.0,2080.0,2199.0,531.0,25.528846153846153
1639269087,1209566128,EVT-0173,2857.0,3482.0,3048.0,3838.0,-165.0,-5.775288764438222
1681501296,1438452850,EVT-0173,315.0,312.0,345.0,315.0,27.0,8.571428571428571
1889776344,1536141264,EVT-0173,619.0,596.0,578.0,751.0,-196.0,-31.663974151857836
1136500869,1769333869,EVT-0174,1841.0,1951.0,1778.0,1803.0,85.0,4.617055947854427
1836314447,1694658844,EVT-0174,2531.0,2659.0,2278.0,2489.0,-83.0,-3.2793362307388385
1964945871,1730655531,EVT-0174,2434.0,2964.0,2613.0,3047.0,96.0,3.9441248972884138
1002145427,1124890801,EVT-0175,1657.0,1906.0,1755.0,2039.0,-35.0,-2.112251056125528
1101185407,1488515010,EVT-0175,978.0,1394.0,1053.0,988.0,481.0,49.18200408997955
1227780172,1219172859,EVT-0175,1657.0,2046.0,1624.0,1799.0,214.0,12.91490645745323
1238983617,1349686455,EVT-0175,1026.0,1374.0,1051.0,1183.0,216.0,21.052631578947366
1418997171,1209566128,EVT-0175,1944.0,2416.0,1825.0,2302.0,-5.0,-0.257201646090535
1425340662,1566276774,EVT-0175,3055.0,3194.0,3000.0,3870.0,-731.0,-23.92798690671031
1523681389,1428222503,EVT-0175,571.0,688.0,552.0,546.0,123.0,21.541155866900176
1535820066,1873780039,EVT-0175,1796.0,1972.0,1654.0,1661.0,169.0,9.409799554565701
1546151204,1877046932,EVT-0175,902.0,1101.0,858.0,1074.0,-17.0,-1.8847006651884701
1590869917,1650044724,EVT-0175,584.0,641.0,624.0,693.0,-12.0,-2.054794520547945
1613561947,1393729789,EVT-0175,1817.0,2274.0,1933.0,2296.0,94.0,5.173362685745735
1655727265,1697855363,EVT-0175,1457.0,1544.0,1584.0,1546.0,125.0,8.579272477693891
1732527431,1364720148,EVT-0175,1649.0,2232.0,1647.0,2198.0,32.0,1.9405700424499697
1767508967,1251202242,EVT-0175,606.0,698.0,549.0,585.0,56.0,9.24092409240924
1785764022,1242598583,EVT-0175,1295.0,1277.0,1296.0,1428.0,-150.0,-11.583011583011583
1815807585,1804484495,EVT-0175,1611.0,1974.0,1581.0,1762.0,182.0,11.297330850403476
1838439200,1181854898,EVT-0175,2054.0,2349.0,2119.0,2451.0,-37.0,-1.8013631937682568
1058647219,1697855363,EVT-0176,1732.0,2192.0,1584.0,1546.0,498.0,28.752886836027713
1273912869,1065455036,EVT-0176,928.0,928.0,951.0,1032.0,-81.0,-8.72844827586207
1425340662,1566276774,EVT-0176,3055.0,3194.0,3000.0,3870.0,-731.0,-23.92798690671031
1616839134,1222151080,EVT-0176,2061.0,2368.0,2178.0,2632.0,-147.0,-7.132459970887918
1647700669,1895795452,EVT-0176,223.0,179.0,223.0,196.0,-17.0,-7.623318385650224
1688976343,1713731663,EVT-0176,2807.0,3579.0,3024.0,4049.0,-253.0,-9.013181332383327
1707435529,1084919582,EVT-0176,1215.0,1399.0,1116.0,1275.0,25.0,2.05761316872428
1727463709,1185877283,EVT-0176,1250.0,1249.0,1228.0,1310.0,-83.0,-6.64
1867204764,1526834563,EVT-0176,1691.0,1873.0,1675.0,1869.0,-12.0,-0.7096392667060911
1889776344,1536141264,EVT-0176,1695.0,1927.0,1643.0,1905.0,-30.0,-1.7699115044247788
1921646299,1618352078,EVT-0176,1159.0,1389.0,1167.0,1260.0,137.0,11.82053494391717
1044666919,1464676570,EVT-0177,793.0,840.0,832.0,707.0,172.0,21.689785624211854
1204787067,1874547676,EVT-0177,446.0,489.0,459.0,452.0,50.0,11.210762331838566
1227780172,1219172859,EVT-0177,1657.0,2046.0,1624.0,1799.0,214.0,12.91490645745323
1285347583,1815549120,EVT-0177,442.0,420.0,412.0,394.0,-4.0,-0.904977375565611
1425340662,1566276774,EVT-0177,3055.0,3194.0,3000.0,3870.0,-731.0,-23.92798690671031
1599989245,1468815406,EVT-0177,602.0,633.0,640.0,647.0,24.0,3.9867109634551494
1686880901,1847794991,EVT-0177,321.0,329.0,297.0,291.0,14.0,4.361370716510903
1725623817,1812123887,EVT-0177,2320.0,2731.0,2349.0,2543.0,217.0,9.35344827586207
1736829924,1546273719,EVT-0177,682.0,655.0,691.0,797.0,-133.0,-19.501466275659823
1949335115,1694658844,EVT-0177,1414.0,1640.0,1430.0,1656.0,0.0,0.0
1227780172,1670560261,EVT-0178,1236.0,1772.0,1302.0,1468.0,370.0,29.93527508090615
1257723886,1598998692,EVT-0178,544.0,667.0,502.0,453.0,172.0,31.61764705882353
1423152481,1084919582,EVT-0178,3091.0,3955.0,2986.0,4077.0,-227.0,-7.343901649951472
1475115246,1923786978,EVT-0178,1258.0,1529.0,1271.0,1401.0,141.0,11.208267090620032
1732527431,1364720148,EVT-0178,3134.0,3843.0,3084.0,3715.0,78.0,2.488832163369496
1814938340,1751172259,EVT-0178,972.0,1019.0,938.0,861.0,124.0,12.757201646090536
1836939912,1838809964,EVT-0178,760.0,741.0,702.0,734.0,-51.0,-6.7105263157894735
1848624494,1381937048,EVT-0178,847.0,1004.0,856.0,863.0,150.0,17.70956316410862
1683943777,1185877283,EVT-0177,1191.0,1314.0,1228.0,1310.0,41.0,3.4424853064651555
1002145427,1124890801,EVT-0179,4152.0,5256.0,3800.0,4376.0,528.0,12.716763005780345
1084471394,1058325303,EVT-0179,1841.0,1864.0,1784.0,1871.0,-64.0,-3.476371537208039
1190842652,1670560261,EVT-0179,1531.0,1561.0,1448.0,1548.0,-70.0,-4.57217504898759
1251567115,1381937048,EVT-0179,1533.0,1642.0,1399.0,1343.0,165.0,10.76320939334638
1159301823,1407902521,EVT-0180,391.0,356.0,367.0,381.0,-49.0,-12.531969309462914
1358245029,1943531446,EVT-0180,1139.0,1233.0,1126.0,1014.0,206.0,18.086040386303775
1640263392,1149018644,EVT-0180,1314.0,1332.0,1233.0,1208.0,43.0,3.272450532724505
1038444141,1245433184,EVT-0181,1501.0,1544.0,1450.0,1438.0,55.0,3.664223850766156
1120302413,1987092370,EVT-0181,1509.0,1452.0,1552.0,1622.0,-127.0,-8.416169648774023
1209464480,1338304433,EVT-0181,3556.0,3887.0,3298.0,4024.0,-395.0,-11.10798650168729
1216532808,1375799982,EVT-0181,907.0,819.0,977.0,989.0,-100.0,-11.025358324145534
1407931751,1841542198,EVT-0181,739.0,652.0,772.0,799.0,-114.0,-15.426251691474965
1840863041,1340345143,EVT-0181,2707.0,3170.0,2609.0,2597.0,475.0,17.54710011082379
1041585906,1356707665,EVT-0182,724.0,665.0,692.0,589.0,44.0,6.077348066298343
1058647219,1697855363,EVT-0182,1761.0,2247.0,1620.0,1522.0,584.0,33.16297558205565
1073902250,1641859123,EVT-0182,1489.0,1664.0,1390.0,1634.0,-69.0,-4.633982538616522
1101185407,1488515010,EVT-0182,1095.0,1423.0,1067.0,980.0,415.0,37.89954337899543
1299418347,1331020234,EVT-0182,762.0,864.0,828.0,866.0,64.0,8.398950131233596
1321405205,1479078465,EVT-0182,786.0,828.0,747.0,743.0,46.0,5.852417302798982
1334266016,1134632102,EVT-0182,2528.0,2808.0,2337.0,2942.0,-325.0,-12.856012658227847
1636376422,1815549120,EVT-0182,384.0,423.0,414.0,398.0,55.0,14.322916666666666
1683943777,1185877283,EVT-0182,1207.0,1303.0,1239.0,1218.0,117.0,9.693454846727423
1779411515,1801662945,EVT-0182,1050.0,1166.0,1132.0,1267.0,-19.0,-1.8095238095238095
1989798412,1412773438,EVT-0182,3569.0,3932.0,3611.0,4756.0,-782.0,-21.91089941159989
1204261733,1934277181,EVT-0183,1511.0,1426.0,1652.0,1571.0,-4.0,-0.26472534745201853
1204787067,1527981900,EVT-0183,1007.0,1044.0,928.0,990.0,-25.0,-2.4826216484607744
1467704312,1879821175,EVT-0183,1649.0,1801.0,1632.0,1658.0,126.0,7.640994542146756
1616418756,1914644640,EVT-0183,1512.0,1581.0,1613.0,1603.0,79.0,5.224867724867725
1824149854,1334266743,EVT-0183,1889.0,1984.0,1896.0,2135.0,-144.0,-7.623080995235575
1073902250,1641859123,EVT-0184,2285.0,2459.0,2382.0,2369.0,187.0,8.183807439824946
1120080837,1871372714,EVT-0185,2048.0,2473.0,1950.0,2008.0,367.0,17.919921875
1302899475,1041640354,EVT-0185,1099.0,1137.0,1101.0,1232.0,-93.0,-8.46223839854413
1323611925,1234567687,EVT-0185,1396.0,1592.0,1389.0,1282.0,303.0,21.70487106017192
1727463709,1028050239,EVT-0185,1085.0,1125.0,1081.0,989.0,132.0,12.165898617511521
1732914373,1977922420,EVT-0185,1525.0,1396.0,1581.0,1571.0,-119.0,-7.80327868852459
1836894604,1714292012,EVT-0185,1905.0,2051.0,1844.0,1954.0,36.0,1.889763779527559
1240190284,1111217703,EVT-0186,678.0,698.0,686.0,747.0,-41.0,-6.047197640117994
1511742359,1535323178,EVT-0186,925.0,1082.0,919.0,1053.0,23.0,2.4864864864864864
1714986282,1185877283,EVT-0186,1405.0,1479.0,1427.0,1498.0,3.0,0.21352313167259787
1738903891,1285330571,EVT-0186,2295.0,3081.0,2467.0,2804.0,449.0,19.564270152505447
1848624494,1381937048,EVT-0186,877.0,1009.0,851.0,896.0,87.0,9.92018244013683
1460081361,1167711153,EVT-0186,2340.0,2940.0,2150.0,2281.0,469.0,20.042735042735043
1065091666,1898803444,EVT-0187,1428.0,1374.0,1480.0,1447.0,-21.0,-1.4705882352941175
1133616429,1987971524,EVT-0187,456.0,477.0,494.0,525.0,-10.0,-2.1929824561403506
1237205202,1736538384,EVT-0187,1211.0,1253.0,1270.0,1387.0,-75.0,-6.193228736581338
1264333323,1058325303,EVT-0187,1197.0,1584.0,1204.0,1233.0,358.0,29.908103592314117
1567742360,1873780039,EVT-0187,2190.0,2823.0,2134.0,2264.0,503.0,22.968036529680365
1592062677,1026926489,EVT-0187,1254.0,1550.0,1154.0,1495.0,-45.0,-3.588516746411483
1621199177,1393729789,EVT-0187,980.0,1022.0,979.0,1233.0,-212.0,-21.63265306122449
1648626962,1879804551,EVT-0187,459.0,471.0,433.0,396.0,49.0,10.675381263616558
1670701188,1955222058,EVT-0187,1373.0,1795.0,1417.0,1403.0,436.0,31.75528040786599
1841542198,1737256036,EVT-0187,838.0,983.0,895.0,870.0,170.0,20.286396181384248
1949335115,1694658844,EVT-0187,1279.0,1476.0,1189.0,1288.0,98.0,7.66223612197029
1993463169,1432188427,EVT-0187,1978.0,2024.0,1804.0,1973.0,-123.0,-6.21840242669363
1038444141,1245433184,EVT-0188,1501.0,1544.0,1450.0,1438.0,55.0,3.664223850766156
1340345143,1384158410,EVT-0188,2609.0,2597.0,2551.0,2667.0,-128.0,-4.906094288999617
1394982015,1123562633,EVT-0188,539.0,463.0,491.0,425.0,-10.0,-1.855287569573284
1640263392,1149018644,EVT-0188,1314.0,1332.0,1233.0,1208.0,43.0,3.272450532724505
1474100561,1798313247,EVT-0189,636.0,566.0,621.0,544.0,7.0,1.10062893081761
1688976343,1081238747,EVT-0189,2138.0,2724.0,2138.0,2584.0,140.0,6.548175865294668
1782077311,1916437647,EVT-0189,754.0,635.0,760.0,556.0,85.0,11.273209549071618
1967802350,1588179048,EVT-0189,901.0,833.0,841.0,811.0,-38.0,-4.217536071032186
1136500869,1769333869,EVT-0190,1884.0,2113.0,1870.0,1712.0,387.0,20.541401273885352
1237205202,1333043895,EVT-0190,1152.0,1110.0,1158.0,1053.0,63.0,5.46875
1704331150,1432188427,EVT-0190,2616.0,2740.0,2476.0,2833.0,-233.0,-8.906727828746178
1758794279,1730655531,EVT-0190,3105.0,3934.0,2886.0,3004.0,711.0,22.89855072463768
1271768685,1548652282,EVT-0191,3732.0,3881.0,3507.0,3559.0,97.0,2.59914255091104
1264333323,1209566128,EVT-0191,5281.0,6759.0,4972.0,5978.0,472.0,8.93770119295588
1123148250,1234567687,EVT-0192,1593.0,1868.0,1457.0,1321.0,411.0,25.800376647834273
1299418347,1331020234,EVT-0192,2836.0,3283.0,2905.0,3251.0,101.0,3.5613540197461213
1368009035,1056679651,EVT-0192,2102.0,2115.0,2192.0,2156.0,49.0,2.331113225499524
1648553570,1036176265,EVT-0192,3087.0,4355.0,2851.0,2948.0,1171.0,37.93326854551344
1683943777,1120914548,EVT-0192,2789.0,3484.0,2568.0,3063.0,200.0,7.171029042667623
1969108517,1977228745,EVT-0192,1326.0,1250.0,1287.0,1280.0,-69.0,-5.203619909502263
1934763735,1656483868,EVT-0192,1204.0,1181.0,1198.0,1097.0,78.0,6.4784053156146175
1073902250,1038582841,EVT-0193,1329.0,1372.0,1358.0,1140.0,261.0,19.63882618510158
1075036339,1767249513,EVT-0193,185.0,250.0,202.0,215.0,52.0,28.10810810810811
1133130363,1209566128,EVT-0193,3655.0,4383.0,3480.0,4036.0,172.0,4.705882352941177
1429255973,1529045985,EVT-0193,1085.0,1293.0,1081.0,1019.0,270.0,24.88479262672811
1592062677,1026926489,EVT-0193,1268.0,1617.0,1238.0,1488.0,99.0,7.807570977917981
1643343233,1337789832,EVT-0193,850.0,781.0,885.0,972.0,-156.0,-18.352941176470587
1824149854,1429777182,EVT-0193,1056.0,908.0,958.0,979.0,-169.0,-16.00378787878788
1044666919,1464676570,EVT-0194,1032.0,1004.0,1006.0,962.0,16.0,1.550387596899225
1204261733,1934277181,EVT-0194,1561.0,1411.0,1614.0,1608.0,-144.0,-9.224855861627162
1443551811,1618352078,EVT-0194,1230.0,1220.0,1256.0,1316.0,-70.0,-5.691056910569105
1467704312,1914644640,EVT-0194,1616.0,1785.0,1605.0,1702.0,72.0,4.455445544554455
1567993435,1189244753,EVT-0194,1818.0,1787.0,1798.0,1787.0,-20.0,-1.1001100110011002
1674345776,1335912683,EVT-0194,1767.0,1692.0,1773.0,1909.0,-211.0,-11.941143180531975
1893020424,1154629764,EVT-0194,892.0,903.0,949.0,750.0,210.0,23.54260089686099
1273912869,1739712036,EVT-0195,989.0,957.0,1018.0,869.0,117.0,11.830131445904954
1548035017,1879821175,EVT-0195,877.0,834.0,898.0,834.0,21.0,2.394526795895097
1768831921,1775551348,EVT-0195,648.0,666.0,647.0,706.0,-41.0,-6.327160493827161
1592123891,1099946885,EVT-0196,1372.0,1758.0,1427.0,1305.0,508.0,37.02623906705539
1704331150,1432188427,EVT-0196,1921.0,2210.0,1820.0,2021.0,88.0,4.580947423217074
1758794279,1730655531,EVT-0196,2273.0,2554.0,2422.0,2771.0,-68.0,-2.9916410030796303
1402958817,1884938808,EVT-0197,1831.0,1942.0,1934.0,1951.0,94.0,5.133806663025669
1598661571,1674708775,EVT-0197,3065.0,3512.0,3022.0,3797.0,-328.0,-10.70146818923328
1386514024,1405577143,EVT-0199,2216.0,2252.0,2274.0,2866.0,-556.0,-25.09025270758123
1166368237,1670560261,EVT-0198,1564.0,1679.0,1563.0,1484.0,194.0,12.404092071611252
1425610817,1295857761,EVT-0198,461.0,458.0,451.0,404.0,44.0,9.544468546637743
1486296159,1992928436,EVT-0198,169.0,141.0,163.0,118.0,17.0,10.059171597633137
1688976343,1713731663,EVT-0198,3085.0,3664.0,3389.0,4400.0,-432.0,-14.0032414910859
1725623817,1812123887,EVT-0198,2439.0,2950.0,2501.0,2708.0,304.0,12.464124641246412
1806479196,1289174306,EVT-0198,1354.0,1516.0,1242.0,1224.0,180.0,13.293943870014772
1009179924,1120914548,EVT-0199,2842.0,3239.0,2568.0,3063.0,-98.0,-3.4482758620689653
1015191335,1779918477,EVT-0199,1295.0,1476.0,1256.0,1117.0,320.0,24.71042471042471
1299418347,1331020234,EVT-0199,2836.0,3283.0,2905.0,3251.0,101.0,3.5613540197461213
1065091666,1257768279,EVT-0200,1242.0,1116.0,1291.0,1269.0,-104.0,-8.373590982286634
1704331150,1432188427,EVT-0200,2616.0,2740.0,2476.0,2833.0,-233.0,-8.906727828746178
1768225918,1803339427,EVT-0200,2092.0,1924.0,2182.0,2313.0,-299.0,-14.292543021032506
1898803444,1702446943,EVT-0200,1390.0,1364.0,1358.0,1288.0,44.0,3.1654676258992804
