treatment_hcp_id,control_hcp_id,event_id,pre_treatment_rx,post_treatment_rx,pre_control_rx,post_control_rx,incremental_lift,incremental_lift_pct
1040239976,1199976907,EVT-0001,2142.0,2268.0,1487.0,1556.0,57.0,2.661064425770308
1194203331,1075683551,EVT-0001,1724.0,2036.0,1482.0,1410.0,384.0,22.2737819025522
1246066447,1279507085,EVT-0001,2218.0,2886.0,1945.0,2023.0,590.0,26.600541027953113
1282327174,1109634414,EVT-0001,2696.0,2982.0,2893.0,2671.0,508.0,18.84272997032641
1393791409,1337606333,EVT-0001,1698.0,1874.0,1033.0,810.0,399.0,23.498233215547703
1519182780,1696806755,EVT-0001,1029.0,1295.0,1220.0,1120.0,366.0,35.56851311953353
1595774286,1187084813,EVT-0001,2321.0,3245.0,1771.0,1772.0,923.0,39.76734166307626
1616839134,1602648309,EVT-0001,3696.0,5353.0,2997.0,3770.0,884.0,23.91774891774892
1690348028,1925493359,EVT-0001,1402.0,1525.0,556.0,586.0,93.0,6.633380884450784
1944079924,1647196991,EVT-0001,2668.0,4176.0,2802.0,3305.0,1005.0,37.668665667166415
1993874985,1273912869,EVT-0001,2522.0,2871.0,1750.0,2079.0,20.0,0.7930214115781126
1040239976,1273912869,EVT-0002,738.0,772.0,817.0,888.0,-37.0,-5.013550135501355
1163199601,1921646299,EVT-0002,815.0,939.0,777.0,847.0,54.0,6.625766871165645
1246066447,1279507085,EVT-0002,1154.0,1317.0,838.0,1166.0,-165.0,-14.298093587521663
1264333323,1209566128,EVT-0002,1076.0,1605.0,1120.0,1260.0,389.0,36.152416356877325
1334266016,1903798589,EVT-0002,1336.0,1637.0,1193.0,1378.0,116.0,8.682634730538922
1335670091,1436505063,EVT-0002,1526.0,1894.0,1238.0,1711.0,-105.0,-6.8807339449541285
1352578078,1113953065,EVT-0002,755.0,930.0,723.0,720.0,178.0,23.576158940397352
1361521440,1768225918,EVT-0002,589.0,771.0,1053.0,1148.0,87.0,14.770797962648558
1394609428,1012264374,EVT-0002,1805.0,2551.0,1452.0,1726.0,472.0,26.14958448753463
1413519731,1989798412,EVT-0002,2572.0,3923.0,2259.0,2287.0,1323.0,51.43856920684292
1425610817,1295857761,EVT-0002,320.0,409.0,514.0,546.0,57.0,17.8125
1456207657,1824172013,EVT-0002,1020.0,1768.0,1169.0,1587.0,330.0,32.35294117647059
1511022174,1506356074,EVT-0002,903.0,1217.0,1185.0,1354.0,145.0,16.057585825027683
1520551320,1847082322,EVT-0002,1015.0,1336.0,613.0,666.0,268.0,26.403940886699505
1592062677,1026926489,EVT-0002,1004.0,1440.0,1293.0,1625.0,104.0,10.358565737051793
1706991829,1801662945,EVT-0002,1537.0,1748.0,937.0,1006.0,142.0,9.238776837996095
1710163217,1860037419,EVT-0002,991.0,1299.0,786.0,497.0,597.0,60.24217961654894
1717519684,1870612441,EVT-0002,949.0,1052.0,1255.0,1431.0,-73.0,-7.6923076923076925
1725623817,1166368237,EVT-0002,1077.0,1525.0,1204.0,1170.0,482.0,44.753946146703804
1742100898,1381937048,EVT-0002,305.0,335.0,369.0,385.0,14.0,4.590163934426229
1785764022,1511742359,EVT-0002,1156.0,1230.0,917.0,957.0,34.0,2.941176470588235
1811081532,1242598583,EVT-0002,1258.0,1400.0,1270.0,1185.0,227.0,18.044515103338632
1927430854,1389159553,EVT-0002,1383.0,2122.0,913.0,1046.0,606.0,43.817787418655094
1993367014,1967802350,EVT-0002,902.0,968.0,675.0,659.0,82.0,9.090909090909092
1050506165,1838576308,EVT-0003,1361.0,1902.0,983.0,1070.0,454.0,33.35782512858192
1139166684,1533003293,EVT-0003,1237.0,1642.0,1364.0,1802.0,-33.0,-2.667744543249798
1198262952,1536141264,EVT-0003,3092.0,4285.0,1995.0,2278.0,910.0,29.43078913324709
1229022169,1423946593,EVT-0003,745.0,967.0,1067.0,1106.0,183.0,24.563758389261743
1352578078,1113953065,EVT-0003,1957.0,2109.0,2721.0,2690.0,183.0,9.351047521716914
1449331358,1798488478,EVT-0003,796.0,871.0,534.0,427.0,182.0,22.8643216080402
1555906795,1967802350,EVT-0003,2254.0,3046.0,952.0,893.0,851.0,37.755102040816325
1648626962,1308498975,EVT-0003,1798.0,1982.0,1388.0,1542.0,30.0,1.668520578420467
1761262934,1547244776,EVT-0003,1405.0,1710.0,843.0,959.0,189.0,13.451957295373665
1782077311,1916437647,EVT-0003,893.0,869.0,988.0,855.0,109.0,12.206047032474803
1867204764,1526834563,EVT-0003,1642.0,2230.0,1227.0,1333.0,482.0,29.35444579780755
1880717263,1632734848,EVT-0003,1779.0,2195.0,1360.0,1504.0,272.0,15.28948847667229
1964572899,1416644254,EVT-0003,804.0,831.0,847.0,675.0,199.0,24.75124378109453
1011940271,1297391371,EVT-0004,1149.0,1282.0,978.0,886.0,225.0,19.5822454308094
1076376403,1025978341,EVT-0004,2598.0,3383.0,2362.0,2943.0,204.0,7.852193995381063
1107038659,1137408567,EVT-0004,2101.0,2845.0,2305.0,2884.0,165.0,7.853403141361256
1324722952,1237205202,EVT-0004,1296.0,1546.0,882.0,1047.0,85.0,6.558641975308642
1330156328,1999506508,EVT-0004,1125.0,1422.0,1340.0,1367.0,270.0,24.0
1364458855,1949335115,EVT-0004,1542.0,1893.0,2707.0,3536.0,-478.0,-30.99870298313878
1423753536,1657025858,EVT-0004,1691.0,2071.0,2307.0,2738.0,-51.0,-3.0159668835008873
1497642888,1657655308,EVT-0004,1234.0,1234.0,1076.0,899.0,177.0,14.343598055105348
1645233598,1758794279,EVT-0004,1896.0,2702.0,2087.0,2592.0,301.0,15.875527426160337
1704331150,1432188427,EVT-0004,1790.0,2314.0,1765.0,1953.0,336.0,18.77094972067039
1746046261,1174145494,EVT-0004,945.0,1298.0,1886.0,2034.0,205.0,21.693121693121693
1749652321,1808677938,EVT-0004,689.0,667.0,826.0,688.0,116.0,16.835994194484762
1803502636,1708639657,EVT-0004,1201.0,1583.0,1165.0,1059.0,488.0,40.63280599500416
1880426881,1400951004,EVT-0004,1823.0,2440.0,2008.0,2319.0,306.0,16.785518376302797
1964945871,1995404856,EVT-0004,1542.0,2085.0,1263.0,1389.0,417.0,27.042801556420233
1044379984,1765233105,EVT-0005,762.0,987.0,769.0,859.0,135.0,17.716535433070867
1058647219,1697855363,EVT-0005,1096.0,1480.0,613.0,670.0,327.0,29.83576642335766
1094274762,1939052563,EVT-0005,579.0,738.0,470.0,444.0,185.0,31.951640759930918
1145899849,1937514325,EVT-0005,525.0,679.0,982.0,1334.0,-198.0,-37.714285714285715
1194203331,1075683551,EVT-0005,1653.0,1986.0,1245.0,1347.0,231.0,13.974591651542651
1251567115,1540759788,EVT-0005,816.0,1023.0,739.0,780.0,166.0,20.34313725490196
1355374483,1873780039,EVT-0005,1917.0,2606.0,1250.0,1584.0,355.0,18.51851851851852
1376656900,1701585576,EVT-0005,712.0,903.0,679.0,779.0,91.0,12.780898876404494
1413519731,1670560261,EVT-0005,1343.0,1654.0,845.0,1031.0,125.0,9.307520476545049
1425340662,1166368237,EVT-0005,694.0,981.0,1128.0,1354.0,61.0,8.789625360230549
1475115246,1074076039,EVT-0005,708.0,921.0,1175.0,1484.0,-96.0,-13.559322033898304
1567742360,1721479586,EVT-0005,1224.0,1731.0,770.0,804.0,473.0,38.6437908496732
1639269087,1189769080,EVT-0005,1582.0,2355.0,1053.0,1254.0,572.0,36.15676359039191
1676855970,1479078465,EVT-0005,1142.0,1528.0,455.0,466.0,375.0,32.83712784588441
1683943777,1138208594,EVT-0005,1287.0,1695.0,1284.0,1225.0,467.0,36.28593628593629
1719186219,1772776476,EVT-0005,687.0,834.0,813.0,732.0,228.0,33.18777292576419
1738903891,1285330571,EVT-0005,843.0,1294.0,1883.0,2088.0,246.0,29.181494661921707
1828766265,1934613260,EVT-0005,320.0,370.0,171.0,187.0,34.0,10.625
1880426881,1400951004,EVT-0005,826.0,1038.0,684.0,728.0,168.0,20.33898305084746
1989798412,1209829039,EVT-0005,1181.0,1759.0,959.0,1203.0,334.0,28.281117696867064
1326516303,1210642439,EVT-0006,1131.0,1659.0,578.0,575.0,531.0,46.94960212201592
1362648127,1018861793,EVT-0006,1089.0,1261.0,615.0,556.0,231.0,21.21212121212121
1785764022,1511742359,EVT-0006,776.0,899.0,1036.0,1044.0,115.0,14.81958762886598
1811081532,1242598583,EVT-0006,929.0,1030.0,1402.0,1649.0,-146.0,-15.715823466092575
1969914385,1424541534,EVT-0006,1336.0,1408.0,896.0,818.0,150.0,11.22754491017964
1120080837,1897395806,EVT-0007,1076.0,1537.0,1664.0,1640.0,485.0,45.07434944237918
1265952337,1871372714,EVT-0007,2210.0,2673.0,1521.0,1647.0,337.0,15.248868778280544
1299418347,1856406925,EVT-0007,1717.0,2132.0,1317.0,1370.0,362.0,21.083284799068142
1332369119,1443907526,EVT-0007,1395.0,1776.0,965.0,1075.0,271.0,19.426523297491038
1444774099,1361620622,EVT-0007,928.0,1001.0,995.0,967.0,101.0,10.883620689655173
1460081361,1133042691,EVT-0007,817.0,1173.0,1492.0,1383.0,465.0,56.91554467564259
1492077734,1078096579,EVT-0007,2296.0,3464.0,2465.0,2323.0,1310.0,57.055749128919864
1610177150,1246448348,EVT-0007,1708.0,2430.0,1895.0,2582.0,35.0,2.0491803278688523
1657725655,1362560363,EVT-0007,2875.0,3809.0,2332.0,2394.0,872.0,30.330434782608695
1672904236,1056679651,EVT-0007,1226.0,1579.0,1352.0,1614.0,91.0,7.422512234910278
1710163217,1860037419,EVT-0007,1461.0,1673.0,1423.0,1476.0,159.0,10.882956878850102
1714292012,1751172259,EVT-0007,1263.0,1595.0,1934.0,1673.0,593.0,46.951702296120345
1714986282,1028050239,EVT-0007,1004.0,1295.0,1314.0,1346.0,259.0,25.796812749003983
1724092733,1848800052,EVT-0007,1685.0,2569.0,1719.0,1893.0,710.0,42.13649851632047
1732000645,1036176265,EVT-0007,2195.0,3068.0,2648.0,2450.0,1071.0,48.792710706150345
1814938340,1743431961,EVT-0007,1350.0,1669.0,1009.0,903.0,425.0,31.48148148148148
1133616429,1841791217,EVT-0008,1035.0,1339.0,1335.0,1204.0,435.0,42.028985507246375
1159841240,1204261733,EVT-0008,2237.0,3481.0,1523.0,1455.0,1312.0,58.649977648636565
1228081653,1937449878,EVT-0008,495.0,605.0,533.0,485.0,158.0,31.91919191919192
1327009084,1618352078,EVT-0008,1247.0,1481.0,1031.0,1260.0,5.0,0.40096230954290296
1592062677,1026926489,EVT-0008,1971.0,2278.0,1654.0,1880.0,81.0,4.10958904109589
1636376422,1103232447,EVT-0008,1251.0,1483.0,1204.0,1257.0,179.0,14.308553157474021
1674345776,1844748057,EVT-0008,1362.0,1584.0,1363.0,1402.0,183.0,13.43612334801762
1719574174,1987971524,EVT-0008,694.0,864.0,513.0,505.0,178.0,25.64841498559078
1788421810,1467704312,EVT-0008,1266.0,1393.0,1047.0,1254.0,-80.0,-6.31911532385466
1022312734,1842420535,EVT-0009,244.0,308.0,402.0,359.0,107.0,43.85245901639344
1048976678,1181854898,EVT-0009,506.0,828.0,1088.0,1243.0,167.0,33.00395256916996
1050506165,1838576308,EVT-0009,339.0,400.0,1042.0,1375.0,-272.0,-80.23598820058997
1065870788,1670560261,EVT-0009,819.0,1285.0,882.0,1099.0,249.0,30.4029304029304
1081051991,1870532862,EVT-0009,450.0,458.0,443.0,387.0,64.0,14.222222222222221
1098995024,1665478461,EVT-0009,536.0,818.0,705.0,990.0,-3.0,-0.5597014925373134
1101185407,1191545544,EVT-0009,1115.0,1892.0,1179.0,1487.0,469.0,42.062780269058294
1123148250,1830884742,EVT-0009,1542.0,2092.0,1236.0,1300.0,486.0,31.517509727626457
1133130363,1002145427,EVT-0009,1468.0,2507.0,1260.0,1884.0,415.0,28.269754768392367
1189244753,1879821175,EVT-0009,1291.0,1604.0,1124.0,1171.0,266.0,20.604182804027886
1263807582,1209566128,EVT-0009,1401.0,2063.0,1647.0,2080.0,229.0,16.345467523197716
1280087226,1124726435,EVT-0009,2934.0,4882.0,2702.0,3362.0,1288.0,43.89911383776414
1296552940,1060922949,EVT-0009,453.0,685.0,230.0,297.0,165.0,36.423841059602644
1332369119,1443907526,EVT-0009,340.0,418.0,1059.0,1409.0,-272.0,-80.0
1413519731,1806479196,EVT-0009,1404.0,1753.0,1828.0,2349.0,-172.0,-12.250712250712251
1456299035,1803233885,EVT-0009,1556.0,2108.0,1831.0,2275.0,108.0,6.940874035989718
1481247389,1489598965,EVT-0009,1884.0,2604.0,1705.0,1838.0,587.0,31.157112526539276
1484724632,1877046932,EVT-0009,821.0,1002.0,905.0,1141.0,-55.0,-6.699147381242387
1547244776,1655727265,EVT-0009,430.0,573.0,442.0,576.0,9.0,2.0930232558139537
1552813903,1316743925,EVT-0009,657.0,1056.0,1013.0,1407.0,5.0,0.76103500761035
1567742360,1721479586,EVT-0009,1267.0,1789.0,792.0,840.0,474.0,37.41120757695343
1592123891,1767508967,EVT-0009,471.0,789.0,1000.0,1318.0,0.0,0.0
1595301304,1908168895,EVT-0009,763.0,1023.0,994.0,1092.0,162.0,21.231979030144167
1639269087,1189769080,EVT-0009,1520.0,2315.0,1068.0,1250.0,613.0,40.328947368421055
1644815767,1138281740,EVT-0009,1152.0,1798.0,1113.0,1549.0,210.0,18.229166666666664
1674102136,1762971749,EVT-0009,625.0,638.0,436.0,494.0,-45.0,-7.199999999999999
1724092733,1056679651,EVT-0009,318.0,418.0,505.0,565.0,40.0,12.578616352201259
1725724532,1144669185,EVT-0009,1209.0,1645.0,1136.0,1525.0,47.0,3.887510339123242
1740047711,1174238463,EVT-0009,986.0,1302.0,1085.0,1250.0,151.0,15.314401622718051
1824172013,1287287258,EVT-0009,3047.0,5157.0,1792.0,2259.0,1643.0,53.92189038398425
1862986803,1135650855,EVT-0009,1537.0,2059.0,1016.0,962.0,576.0,37.47560182173064
1896554999,1536278926,EVT-0009,1184.0,1664.0,707.0,748.0,439.0,37.0777027027027
1924355757,1209829039,EVT-0009,1339.0,2126.0,985.0,1331.0,441.0,32.935026138909635
1124726435,1689916181,EVT-0010,2200.0,3240.0,941.0,1243.0,738.0,33.54545454545455
1124890801,1418997171,EVT-0010,1312.0,1701.0,1341.0,1643.0,87.0,6.63109756097561
1132120993,1167711153,EVT-0010,675.0,711.0,664.0,684.0,16.0,2.3703703703703702
1144669185,1209566128,EVT-0010,2847.0,4004.0,1085.0,1342.0,900.0,31.612223393045312
1189769080,1018018261,EVT-0010,1335.0,1562.0,1500.0,1927.0,-200.0,-14.981273408239701
1198262952,1536141264,EVT-0010,1116.0,1266.0,1094.0,1380.0,-136.0,-12.186379928315413
1202669523,1041640354,EVT-0010,1587.0,1997.0,1727.0,1583.0,554.0,34.90863264020164
1299418347,1856406925,EVT-0010,570.0,602.0,810.0,1046.0,-204.0,-35.78947368421053
1300654963,1058325303,EVT-0010,1738.0,2444.0,935.0,1037.0,604.0,34.75258918296893
1341556789,1120914548,EVT-0010,3066.0,4420.0,1778.0,2134.0,998.0,32.550554468362684
1423152481,1523498065,EVT-0010,1689.0,2273.0,574.0,651.0,507.0,30.017761989342805
1478412079,1742318383,EVT-0010,998.0,1104.0,642.0,686.0,62.0,6.212424849699398
1552813903,1316743925,EVT-0010,1513.0,2292.0,2043.0,2730.0,92.0,6.080634500991408
1594466975,1361620622,EVT-0010,637.0,779.0,773.0,807.0,108.0,16.95447409733124
1710163217,1860037419,EVT-0010,1048.0,1285.0,423.0,496.0,164.0,15.648854961832063
1714986282,1950588461,EVT-0010,1005.0,1091.0,1090.0,1093.0,83.0,8.258706467661693
1768831921,1892307210,EVT-0010,527.0,614.0,719.0,778.0,28.0,5.313092979127135
1812815243,1271768685,EVT-0010,979.0,1545.0,1033.0,1389.0,210.0,21.450459652706844
1828803407,1124315999,EVT-0010,418.0,418.0,563.0,473.0,90.0,21.5311004784689
1901019392,1405577143,EVT-0010,2949.0,4432.0,2293.0,2781.0,995.0,33.7402509325195
1969108517,1286477181,EVT-0010,1302.0,1439.0,1616.0,1972.0,-219.0,-16.82027649769585
1107378550,1908127628,EVT-0011,403.0,463.0,1106.0,1105.0,61.0,15.136476426799009
1124726435,1209566128,EVT-0011,2200.0,3240.0,1085.0,1342.0,783.0,35.590909090909086
1137408567,1025978341,EVT-0011,2414.0,3779.0,2121.0,2714.0,772.0,31.980115990057996
1267903205,1666389063,EVT-0011,378.0,487.0,727.0,712.0,124.0,32.804232804232804
1279507085,1601451010,EVT-0011,900.0,1177.0,383.0,413.0,247.0,27.444444444444443
1362560363,1028050239,EVT-0011,1126.0,1360.0,624.0,562.0,296.0,26.287744227353464
1368009035,1848800052,EVT-0011,868.0,1051.0,406.0,359.0,230.0,26.497695852534562
1433980129,1417682113,EVT-0011,297.0,355.0,310.0,266.0,102.0,34.34343434343434
1435949049,1065455036,EVT-0011,1416.0,2012.0,864.0,1005.0,455.0,32.132768361581924
1475115246,1074076039,EVT-0011,719.0,1035.0,893.0,1098.0,111.0,15.438108484005564
1552813903,1316743925,EVT-0011,1513.0,2292.0,2043.0,2730.0,92.0,6.080634500991408
1567742360,1721479586,EVT-0011,1877.0,2184.0,1326.0,1555.0,78.0,4.1555673947789025
1595774286,1187084813,EVT-0011,1197.0,1384.0,1588.0,1595.0,180.0,15.037593984962406
1616418756,1769764832,EVT-0011,1076.0,1235.0,1034.0,1095.0,98.0,9.107806691449815
1670701188,1955222058,EVT-0011,1298.0,1675.0,810.0,906.0,281.0,21.64869029275809
1672904236,1860037419,EVT-0011,702.0,782.0,423.0,496.0,7.0,0.9971509971509971
1683943777,1138208594,EVT-0011,699.0,918.0,466.0,530.0,155.0,22.17453505007153
1714986282,1950588461,EVT-0011,1005.0,1091.0,1090.0,1093.0,83.0,8.258706467661693
1724092733,1133042691,EVT-0011,1159.0,1468.0,1050.0,1062.0,297.0,25.625539257981018
1725623817,1166368237,EVT-0011,1137.0,1563.0,1190.0,1163.0,453.0,39.84168865435356
1738903891,1455101661,EVT-0011,2081.0,2962.0,1443.0,1699.0,625.0,30.033637674195095
1745601371,1200346587,EVT-0011,352.0,386.0,1106.0,1311.0,-171.0,-48.57954545454545
1746046261,1174145494,EVT-0011,1041.0,1078.0,995.0,1093.0,-61.0,-5.859750240153699
1768831921,1892307210,EVT-0011,527.0,614.0,719.0,778.0,28.0,5.313092979127135
1856406925,1056679651,EVT-0011,810.0,1046.0,1105.0,1379.0,-38.0,-4.691358024691358
1901019392,1405577143,EVT-0011,2949.0,4432.0,2293.0,2781.0,995.0,33.7402509325195
1939785840,1172835138,EVT-0011,1720.0,2109.0,1740.0,2145.0,-16.0,-0.9302325581395349
1964945871,1995404856,EVT-0011,1096.0,1287.0,933.0,953.0,171.0,15.602189781021897
1074076039,1908127628,EVT-0012,1890.0,2471.0,1005.0,1027.0,559.0,29.57671957671958
1123148250,1369949932,EVT-0012,1159.0,1403.0,1638.0,1957.0,-75.0,-6.47109577221743
1246448348,1923786978,EVT-0012,1936.0,2712.0,1664.0,1923.0,517.0,26.704545454545453
1265952337,1871372714,EVT-0012,2206.0,2645.0,1507.0,1692.0,254.0,11.514052583862194
1332369119,1443907526,EVT-0012,1347.0,1817.0,1013.0,1114.0,369.0,27.39420935412027
1341556789,1405577143,EVT-0012,4662.0,6371.0,1514.0,2005.0,1218.0,26.126126126126124
1460081361,1133042691,EVT-0012,869.0,1202.0,1542.0,1490.0,385.0,44.303797468354425
1475115246,1722898792,EVT-0012,3063.0,3531.0,1731.0,2087.0,112.0,3.656545870062031
1551962891,1057623450,EVT-0012,486.0,522.0,523.0,516.0,43.0,8.847736625514404
1648553570,1823309871,EVT-0012,1298.0,2000.0,1522.0,1878.0,346.0,26.656394453004623
1655321622,1848800052,EVT-0012,1663.0,2106.0,1759.0,1958.0,244.0,14.672279013830428
1657725655,1599978586,EVT-0012,2986.0,3917.0,1658.0,2149.0,440.0,14.735432016075018
1670701188,1955222058,EVT-0012,2247.0,3000.0,1047.0,1119.0,681.0,30.307076101468628
1683943777,1138208594,EVT-0012,1792.0,2088.0,1614.0,2166.0,-256.0,-14.285714285714285
1722038985,1185877283,EVT-0012,1096.0,1440.0,1489.0,1540.0,293.0,26.733576642335766
1836894604,1751172259,EVT-0012,1383.0,1649.0,1865.0,1679.0,452.0,32.682574114244396
1169614082,1566888198,EVT-0013,1163.0,1211.0,1175.0,1258.0,-35.0,-3.0094582975064488
1191545544,1506356074,EVT-0013,1671.0,2144.0,903.0,1066.0,310.0,18.55176540993417
1268222167,1356982086,EVT-0013,1511.0,1905.0,1628.0,2044.0,-22.0,-1.455989410986102
1271768685,1181360912,EVT-0013,1564.0,2382.0,1220.0,1473.0,565.0,36.12531969309463
1300654963,1058325303,EVT-0013,997.0,1430.0,1692.0,1773.0,352.0,35.30591775325978
1311764207,1540759788,EVT-0013,1773.0,2453.0,1366.0,1204.0,842.0,47.490129723632265
1385532449,1364720148,EVT-0013,2403.0,3349.0,1323.0,1792.0,477.0,19.850187265917604
1418997171,1099946885,EVT-0013,2465.0,3220.0,1137.0,1174.0,718.0,29.127789046653145
1425340662,1166368237,EVT-0013,2018.0,2530.0,1195.0,1697.0,10.0,0.4955401387512388
1436505063,1216575070,EVT-0013,2236.0,2857.0,2332.0,2972.0,-19.0,-0.8497316636851521
1456207657,1287287258,EVT-0013,2555.0,3470.0,1885.0,2505.0,295.0,11.545988258317024
1456299035,1174238463,EVT-0013,1311.0,1463.0,1288.0,1415.0,25.0,1.9069412662090008
1481247389,1489598965,EVT-0013,2036.0,2109.0,2474.0,3122.0,-575.0,-28.241650294695482
1567742360,1296624285,EVT-0013,791.0,988.0,1465.0,1398.0,264.0,33.37547408343868
1610820601,1135650855,EVT-0013,1551.0,1942.0,1605.0,1702.0,294.0,18.95551257253385
1639269087,1018018261,EVT-0013,1109.0,1444.0,2053.0,2770.0,-382.0,-34.44544634806132
1689916181,1316743925,EVT-0013,2198.0,3053.0,2979.0,3976.0,-142.0,-6.46041856232939
1707435529,1523498065,EVT-0013,1848.0,2621.0,1549.0,1949.0,373.0,20.183982683982684
1776723276,1488515010,EVT-0013,2174.0,3068.0,1587.0,1701.0,780.0,35.878564857405706
1803233885,1080672524,EVT-0013,1419.0,2055.0,2006.0,2546.0,96.0,6.765327695560254
1812815243,1297280590,EVT-0013,2852.0,3932.0,1698.0,2400.0,378.0,13.253856942496494
1123148250,1369949932,EVT-0014,1219.0,1419.0,1638.0,2089.0,-251.0,-20.59064807219032
1138208594,1120914548,EVT-0014,1631.0,2230.0,1635.0,1914.0,320.0,19.619865113427345
1167711153,1133042691,EVT-0014,1254.0,1712.0,1450.0,1490.0,418.0,33.33333333333333
1169238601,1766730505,EVT-0014,1418.0,1777.0,1874.0,1977.0,256.0,18.053596614950635
1265952337,1860037419,EVT-0014,2368.0,2791.0,1476.0,2811.0,-912.0,-38.513513513513516
1299418347,1871372714,EVT-0014,1811.0,2307.0,1560.0,1698.0,358.0,19.768083931529542
1376656900,1701585576,EVT-0014,1443.0,1820.0,2063.0,2521.0,-81.0,-5.613305613305614
1475115246,1923786978,EVT-0014,3036.0,3581.0,1664.0,1902.0,307.0,10.111989459815547
1551962891,1057623450,EVT-0014,513.0,544.0,504.0,526.0,9.0,1.7543859649122806
1599978586,1361620622,EVT-0014,1625.0,2140.0,966.0,999.0,482.0,29.661538461538463
1670701188,1955222058,EVT-0014,2311.0,3053.0,1066.0,1163.0,645.0,27.909995672868888
1722038985,1185877283,EVT-0014,1137.0,1599.0,1468.0,1565.0,365.0,32.10202286719437
1722898792,1908127628,EVT-0014,1705.0,2242.0,971.0,1020.0,488.0,28.621700879765395
1787619711,1078096579,EVT-0014,2543.0,4043.0,2315.0,2306.0,1509.0,59.33936295713724
1897723296,1464805419,EVT-0014,659.0,754.0,531.0,466.0,160.0,24.279210925644918
1934829601,1971097054,EVT-0014,1681.0,2368.0,1296.0,1332.0,651.0,38.72694824509221
1048976678,1892083019,EVT-0015,2009.0,2910.0,1855.0,2222.0,534.0,26.580388252862118
1084919582,1815807585,EVT-0015,2047.0,2620.0,2560.0,3669.0,-536.0,-26.18466047874939
1124890801,1209566128,EVT-0015,3058.0,3470.0,2826.0,3544.0,-306.0,-10.00654022236756
1133130363,1877046932,EVT-0015,1784.0,2306.0,2382.0,2746.0,158.0,8.856502242152468
1144669185,1316743925,EVT-0015,3654.0,4761.0,2967.0,4193.0,-119.0,-3.256704980842912
1166368237,1352216182,EVT-0015,1246.0,1773.0,1932.0,2302.0,157.0,12.60032102728732
1169614082,1566888198,EVT-0015,1136.0,1153.0,1191.0,1294.0,-86.0,-7.570422535211267
1170846871,1363342464,EVT-0015,1841.0,2671.0,2266.0,2896.0,200.0,10.863661053775123
1200480071,1018018261,EVT-0015,1317.0,1879.0,2157.0,2985.0,-266.0,-20.197418375094912
1241711534,1200096471,EVT-0015,881.0,993.0,1295.0,1421.0,-14.0,-1.5891032917139614
1287287258,1216575070,EVT-0015,1919.0,2644.0,2396.0,2951.0,170.0,8.858780614903596
1335670091,1333393084,EVT-0015,1480.0,1521.0,872.0,956.0,-43.0,-2.9054054054054057
1385532449,1364720148,EVT-0015,2557.0,3534.0,1398.0,1937.0,438.0,17.129448572545954
1397955463,1080672524,EVT-0015,2133.0,3266.0,2097.0,2637.0,593.0,27.80121894045945
1413519731,1806479196,EVT-0015,2096.0,3061.0,2550.0,3332.0,183.0,8.73091603053435
1423152481,1082909627,EVT-0015,2505.0,3108.0,1063.0,1002.0,664.0,26.506986027944112
1425340662,1903798589,EVT-0015,2105.0,2547.0,1555.0,2098.0,-101.0,-4.798099762470309
1456299035,1523498065,EVT-0015,1336.0,1432.0,1575.0,1968.0,-297.0,-22.230538922155688
1481247389,1838439200,EVT-0015,1999.0,2235.0,2723.0,3449.0,-490.0,-24.512256128064035
1489598965,1732527431,EVT-0015,2494.0,3072.0,1762.0,2550.0,-210.0,-8.420208500400962
1523681389,1451968915,EVT-0015,1335.0,1776.0,1263.0,1673.0,31.0,2.3220973782771535
1526669415,1689059347,EVT-0015,1297.0,1699.0,1247.0,1522.0,127.0,9.79182729375482
1567742360,1296624285,EVT-0015,843.0,990.0,1437.0,1376.0,208.0,24.67378410438909
1613561947,1389159553,EVT-0015,1678.0,2623.0,1237.0,1344.0,838.0,49.9404052443385
1639269087,1767508967,EVT-0015,1146.0,1497.0,2039.0,2422.0,-32.0,-2.7923211169284468
1644815767,1138281740,EVT-0015,2108.0,2331.0,1223.0,1575.0,-129.0,-6.11954459203036
1747032997,1546151204,EVT-0015,1126.0,1725.0,1467.0,1994.0,72.0,6.394316163410302
1747637738,1275443434,EVT-0015,698.0,817.0,1332.0,1343.0,108.0,15.472779369627506
1808826295,1180932224,EVT-0015,1922.0,2910.0,2376.0,3473.0,-109.0,-5.6711758584807495
1832506087,1548652282,EVT-0015,3434.0,5672.0,2305.0,2764.0,1779.0,51.80547466511357
1848624494,1135650855,EVT-0015,1686.0,2048.0,1595.0,1672.0,285.0,16.90391459074733
1922670785,1635581279,EVT-0015,1653.0,2431.0,3052.0,4127.0,-297.0,-17.96733212341198
1927430854,1615059528,EVT-0015,3094.0,3742.0,1428.0,1752.0,324.0,10.471881060116354
1955620046,1181854898,EVT-0015,1663.0,2760.0,1731.0,2445.0,383.0,23.030667468430547
1018018261,1665478461,EVT-0016,2157.0,2985.0,2192.0,2959.0,61.0,2.8280018544274457
1084471394,1261377760,EVT-0016,1463.0,1681.0,1506.0,1496.0,228.0,15.584415584415584
1094274762,1036327983,EVT-0016,1203.0,1148.0,809.0,905.0,-151.0,-12.55195344970906
1101185407,1297280590,EVT-0016,3135.0,3793.0,1759.0,2531.0,-114.0,-3.6363636363636362
1145899849,1937514325,EVT-0016,2065.0,2177.0,1897.0,2566.0,-557.0,-26.973365617433416
1180932224,1808826295,EVT-0016,2376.0,3473.0,1922.0,2910.0,109.0,4.587542087542087
1189769080,1714021262,EVT-0016,1910.0,2243.0,2402.0,2758.0,-23.0,-1.2041884816753925
1191545544,1488515010,EVT-0016,1750.0,2094.0,1550.0,1764.0,130.0,7.428571428571429
1216575070,1287287258,EVT-0016,2396.0,2951.0,1919.0,2644.0,-170.0,-7.0951585976627705
1271463741,1321405205,EVT-0016,894.0,871.0,970.0,1269.0,-322.0,-36.017897091722595
1315385710,1209566128,EVT-0016,4243.0,7429.0,2826.0,3544.0,2468.0,58.16639170398303
1335670091,1333393084,EVT-0016,1480.0,1521.0,872.0,956.0,-43.0,-2.9054054054054057
1423152481,1732527431,EVT-0016,2505.0,3108.0,1762.0,2550.0,-185.0,-7.385229540918163
1456299035,1080672524,EVT-0016,1336.0,1432.0,2097.0,2637.0,-444.0,-33.23353293413174
1523498065,1057676243,EVT-0016,1575.0,1968.0,987.0,1265.0,115.0,7.301587301587302
1557944620,1134632102,EVT-0016,2205.0,3141.0,2395.0,2455.0,876.0,39.72789115646258
1567742360,1296624285,EVT-0016,843.0,990.0,1437.0,1376.0,208.0,24.67378410438909
1592123891,1316743925,EVT-0016,3315.0,4385.0,2967.0,4193.0,-156.0,-4.705882352941177
1644815767,1138281740,EVT-0016,2108.0,2331.0,1223.0,1575.0,-129.0,-6.11954459203036
1686880901,1939052563,EVT-0016,1236.0,1527.0,928.0,903.0,316.0,25.5663430420712
1752727945,1223523766,EVT-0016,1046.0,1109.0,1299.0,1357.0,5.0,0.47801147227533464
1815807585,1084919582,EVT-0016,2560.0,3669.0,2047.0,2620.0,536.0,20.9375
1824172013,1848624494,EVT-0016,1710.0,1974.0,1686.0,2048.0,-98.0,-5.730994152046784
1844747141,1643297637,EVT-0016,1257.0,1930.0,1336.0,1478.0,531.0,42.243436754176614
1009179924,1361620622,EVT-0017,981.0,1541.0,1334.0,1354.0,540.0,55.04587155963303
1044303869,1195381896,EVT-0017,1498.0,1924.0,1261.0,1376.0,311.0,20.76101468624833
1048976678,1181854898,EVT-0017,545.0,906.0,1170.0,1320.0,211.0,38.71559633027523
1107038659,1249657408,EVT-0017,754.0,1019.0,856.0,1031.0,90.0,11.936339522546419
1117854327,1569475654,EVT-0017,261.0,355.0,193.0,169.0,118.0,45.21072796934866
1123148250,1830884742,EVT-0017,1597.0,2085.0,1197.0,1244.0,441.0,27.614276768941764
1138208594,1300832031,EVT-0017,1280.0,1333.0,951.0,1262.0,-258.0,-20.15625
1138281740,1377426493,EVT-0017,1060.0,1601.0,1404.0,1678.0,267.0,25.18867924528302
1198262952,1536141264,EVT-0017,474.0,550.0,378.0,505.0,-51.0,-10.759493670886076
1251567115,1540759788,EVT-0017,867.0,1130.0,665.0,844.0,84.0,9.688581314878892
1271463741,1296624285,EVT-0017,662.0,721.0,363.0,373.0,49.0,7.401812688821751
1299418347,1871372714,EVT-0017,789.0,911.0,581.0,629.0,74.0,9.37896070975919
1341556789,1405577143,EVT-0017,1382.0,1956.0,774.0,929.0,419.0,30.31837916063676
1364458855,1949335115,EVT-0017,645.0,789.0,724.0,885.0,-17.0,-2.635658914728682
1375349903,1156754057,EVT-0017,1066.0,1427.0,977.0,914.0,424.0,39.77485928705441
1386514024,1933607412,EVT-0017,529.0,660.0,561.0,613.0,79.0,14.933837429111533
1409867656,1774691384,EVT-0017,388.0,477.0,268.0,248.0,109.0,28.09278350515464
1435662964,1702446943,EVT-0017,396.0,621.0,344.0,404.0,165.0,41.66666666666667
1443520683,1880265578,EVT-0017,677.0,896.0,625.0,796.0,48.0,7.0901033973412115
1478412079,1742318383,EVT-0017,825.0,948.0,781.0,894.0,10.0,1.2121212121212122
1486849361,1371759725,EVT-0017,512.0,536.0,578.0,540.0,62.0,12.109375
1492077734,1078096579,EVT-0017,893.0,1183.0,712.0,878.0,124.0,13.885778275475925
1520551320,1847082322,EVT-0017,580.0,761.0,620.0,689.0,112.0,19.310344827586206
1567993435,1980975555,EVT-0017,608.0,782.0,400.0,452.0,122.0,20.065789473684212
1598661571,1674708775,EVT-0017,466.0,670.0,537.0,723.0,18.0,3.862660944206009
1631526641,1234567687,EVT-0017,1117.0,1403.0,465.0,391.0,360.0,32.22918531781558
1648626962,1976707814,EVT-0017,367.0,416.0,338.0,321.0,66.0,17.983651226158038
1655321622,1848800052,EVT-0017,501.0,611.0,807.0,1055.0,-138.0,-27.54491017964072
1657725655,1977922420,EVT-0017,704.0,900.0,860.0,1009.0,47.0,6.676136363636363
1683943777,1120914548,EVT-0017,1254.0,1824.0,715.0,913.0,372.0,29.665071770334926
1686880901,1939052563,EVT-0017,451.0,488.0,467.0,452.0,52.0,11.529933481152993
1707435529,1804484495,EVT-0017,638.0,831.0,793.0,467.0,519.0,81.34796238244513
1719186219,1772776476,EVT-0017,717.0,880.0,808.0,689.0,282.0,39.33054393305439
1722038985,1185877283,EVT-0017,1238.0,1671.0,1116.0,1271.0,278.0,22.45557350565428
1724092733,1056679651,EVT-0017,314.0,443.0,481.0,603.0,7.0,2.229299363057325
1732914373,1458345984,EVT-0017,988.0,1127.0,617.0,547.0,209.0,21.153846153846153
1760628762,1440623548,EVT-0017,841.0,1192.0,971.0,1099.0,223.0,26.516052318668255
1762664088,1971097054,EVT-0017,607.0,666.0,304.0,327.0,36.0,5.930807248764415
1806103952,1727463709,EVT-0017,1082.0,1357.0,378.0,456.0,197.0,18.20702402957486
1824172013,1488515010,EVT-0017,3172.0,5352.0,1349.0,1650.0,1879.0,59.237074401008826
1841791217,1448713440,EVT-0017,729.0,839.0,579.0,517.0,172.0,23.593964334705074
1862986803,1135650855,EVT-0017,1542.0,2071.0,1001.0,946.0,584.0,37.87289234760052
1898803444,1993463169,EVT-0017,913.0,1353.0,1265.0,1572.0,133.0,14.56736035049288
1934829601,1934763735,EVT-0017,784.0,1027.0,557.0,666.0,134.0,17.091836734693878
1050705288,1455101661,EVT-0018,3738.0,4895.0,2075.0,2490.0,742.0,19.850187265917604
1065091666,1827318308,EVT-0018,1137.0,1281.0,1153.0,1473.0,-176.0,-15.479331574318381
1076376403,1025978341,EVT-0018,2820.0,3785.0,2336.0,3026.0,275.0,9.75177304964539
1136500869,1890077344,EVT-0018,1483.0,1888.0,1716.0,1811.0,310.0,20.903573836817262
1137408567,1730655531,EVT-0018,2485.0,3190.0,2109.0,2480.0,334.0,13.440643863179075
1257723886,1172835138,EVT-0018,2651.0,3793.0,2070.0,3008.0,204.0,7.695209354960392
1330156328,1999506508,EVT-0018,1195.0,1409.0,1205.0,1448.0,-29.0,-2.426778242677824
1361521440,1768225918,EVT-0018,1620.0,1668.0,1931.0,2113.0,-134.0,-8.271604938271606
1364458855,1949335115,EVT-0018,1653.0,1966.0,2802.0,4046.0,-931.0,-56.32183908045977
1497642888,1657655308,EVT-0018,1199.0,1186.0,1069.0,891.0,165.0,13.761467889908257
1666389063,1223528765,EVT-0018,683.0,734.0,839.0,972.0,-82.0,-12.005856515373353
1706645516,1178533166,EVT-0018,1022.0,1217.0,720.0,766.0,149.0,14.579256360078277
1738903891,1285330571,EVT-0018,2442.0,3026.0,2155.0,2160.0,579.0,23.710073710073708
1993463169,1324237324,EVT-0018,1288.0,1543.0,1519.0,1712.0,62.0,4.813664596273292
1002145427,1877046932,EVT-0019,2477.0,3726.0,2382.0,2746.0,885.0,35.728704077513115
1018018261,1665478461,EVT-0019,2157.0,2985.0,2192.0,2959.0,61.0,2.8280018544274457
1048976678,1181854898,EVT-0019,2009.0,2910.0,1731.0,2445.0,187.0,9.308113489298158
1101185407,1297280590,EVT-0019,3135.0,3793.0,1759.0,2531.0,-114.0,-3.6363636363636362
1102089657,1947954388,EVT-0019,1050.0,1060.0,648.0,550.0,108.0,10.285714285714285
1124890801,1473494189,EVT-0019,3058.0,3470.0,976.0,1003.0,385.0,12.589928057553957
1133130363,1316743925,EVT-0019,1784.0,2306.0,2967.0,4193.0,-704.0,-39.46188340807175
1144669185,1714021262,EVT-0019,3654.0,4761.0,2402.0,2758.0,751.0,20.5528188286809
1189769080,1762971749,EVT-0019,1910.0,2243.0,1417.0,1508.0,242.0,12.670157068062826
1200480071,1134089733,EVT-0019,1317.0,1879.0,825.0,786.0,601.0,45.63401670463174
1227780172,1209829039,EVT-0019,4913.0,7767.0,3498.0,4061.0,2291.0,46.63138611846123
1251567115,1540759788,EVT-0019,1286.0,1504.0,1371.0,1238.0,351.0,27.29393468118196
1264333323,1209566128,EVT-0019,2948.0,3828.0,2826.0,3544.0,162.0,5.495251017639077
1271768685,1181360912,EVT-0019,1639.0,2582.0,1230.0,1439.0,734.0,44.78340451494814
1280087226,1060922949,EVT-0019,4532.0,5403.0,840.0,1009.0,702.0,15.489849955869373
1300654963,1261377760,EVT-0019,1025.0,1411.0,1506.0,1496.0,396.0,38.63414634146341
1413519731,1806479196,EVT-0019,2096.0,3061.0,2550.0,3332.0,183.0,8.73091603053435
1418997171,1099946885,EVT-0019,2562.0,3288.0,1130.0,1173.0,683.0,26.658860265417644
1425340662,1783823739,EVT-0019,2105.0,2547.0,3223.0,4338.0,-673.0,-31.97149643705463
1484724632,1767508967,EVT-0019,2069.0,2308.0,2039.0,2422.0,-144.0,-6.959884001933301
1546151204,1058325303,EVT-0019,1467.0,1994.0,1696.0,1764.0,459.0,31.28834355828221
1592123891,1251202242,EVT-0019,3315.0,4385.0,1901.0,2007.0,964.0,29.079939668174966
1595301304,1908168895,EVT-0019,2145.0,2630.0,1237.0,1280.0,442.0,20.606060606060606
1621199177,1174238463,EVT-0019,942.0,1291.0,1339.0,1480.0,208.0,22.080679405520172
1639269087,1742974847,EVT-0019,1146.0,1497.0,556.0,448.0,459.0,40.05235602094241
1644815767,1377426493,EVT-0019,2108.0,2331.0,1350.0,1559.0,14.0,0.6641366223908919
1689916181,1849988823,EVT-0019,2346.0,3080.0,344.0,348.0,730.0,31.11679454390452
1725623817,1412773438,EVT-0019,2848.0,3747.0,3433.0,4402.0,-70.0,-2.457865168539326
1808826295,1804484495,EVT-0019,1922.0,2910.0,1005.0,1063.0,930.0,48.38709677419355
1903798589,1046736322,EVT-0019,1555.0,2098.0,1389.0,1432.0,500.0,32.154340836012864
1927430854,1838439200,EVT-0019,3094.0,3742.0,2723.0,3449.0,-78.0,-2.5210084033613445
1057676243,1082909627,EVT-0020,987.0,1265.0,1063.0,1002.0,339.0,34.34650455927052
1060922949,1134089733,EVT-0020,840.0,1009.0,825.0,786.0,208.0,24.761904761904763
1101185407,1429255973,EVT-0020,3135.0,3793.0,625.0,671.0,612.0,19.521531100478466
1133130363,1877046932,EVT-0020,1784.0,2306.0,2382.0,2746.0,158.0,8.856502242152468
1181854898,1732527431,EVT-0020,1731.0,2445.0,1762.0,2550.0,-74.0,-4.274985557481225
1251567115,1540759788,EVT-0020,1286.0,1504.0,1371.0,1238.0,351.0,27.29393468118196
1287287258,1297280590,EVT-0020,1919.0,2644.0,1759.0,2531.0,-47.0,-2.4491922876498173
1296552940,1762971749,EVT-0020,1738.0,2198.0,1417.0,1508.0,369.0,21.231300345224398
1300654963,1058325303,EVT-0020,1025.0,1411.0,1696.0,1764.0,318.0,31.024390243902438
1321405205,1939052563,EVT-0020,970.0,1269.0,928.0,903.0,324.0,33.4020618556701
1356982086,1488515010,EVT-0020,1601.0,2127.0,1550.0,1764.0,312.0,19.48782011242973
1451968915,1275443434,EVT-0020,1263.0,1673.0,1332.0,1343.0,399.0,31.59144893111639
1456207657,1548652282,EVT-0020,2678.0,3506.0,2305.0,2764.0,369.0,13.778939507094847
1456299035,1174238463,EVT-0020,1336.0,1432.0,1339.0,1480.0,-45.0,-3.3682634730538923
1523681389,1381937048,EVT-0020,1335.0,1776.0,1184.0,1360.0,265.0,19.850187265917604
1536278926,1266945785,EVT-0020,3175.0,4440.0,2664.0,3954.0,-25.0,-0.7874015748031495
1566888198,1506356074,EVT-0020,1191.0,1294.0,874.0,1176.0,-199.0,-16.70864819479429
1644815767,1377426493,EVT-0020,2108.0,2331.0,1350.0,1559.0,14.0,0.6641366223908919
1747032997,1665478461,EVT-0020,1126.0,1725.0,2192.0,2959.0,-168.0,-14.92007104795737
1776723276,1529045985,EVT-0020,2274.0,3281.0,940.0,879.0,1068.0,46.965699208443276
1815807585,1080672524,EVT-0020,2560.0,3669.0,2097.0,2637.0,569.0,22.2265625
1832506087,1842420535,EVT-0020,3434.0,5672.0,839.0,861.0,2216.0,64.53115899825276
1844747141,1643297637,EVT-0020,1257.0,1930.0,1336.0,1478.0,531.0,42.243436754176614
1849328657,1135650855,EVT-0020,1489.0,1622.0,1595.0,1672.0,56.0,3.760913364674278
1924355757,1812123887,EVT-0020,1787.0,2431.0,2081.0,2614.0,111.0,6.21152770005596
1009179924,1361620622,EVT-0021,981.0,1541.0,1334.0,1354.0,540.0,55.04587155963303
1169614082,1135650855,EVT-0021,812.0,835.0,1001.0,946.0,78.0,9.60591133004926
1202669523,1041640354,EVT-0021,1358.0,1601.0,512.0,530.0,225.0,16.568483063328422
1204261733,1838809964,EVT-0021,1171.0,1602.0,619.0,723.0,327.0,27.924850555081125
1243754490,1045376799,EVT-0021,785.0,1107.0,712.0,908.0,126.0,16.050955414012737
1287287258,1506356074,EVT-0021,1831.0,2329.0,1061.0,1327.0,232.0,12.670671764063353
1341556789,1405577143,EVT-0021,1382.0,1956.0,774.0,929.0,419.0,30.31837916063676
1398789739,1527981900,EVT-0021,439.0,526.0,510.0,551.0,46.0,10.478359908883828
1413495239,1824149854,EVT-0021,1150.0,1526.0,658.0,754.0,280.0,24.347826086956523
1492077734,1078096579,EVT-0021,893.0,1183.0,712.0,878.0,124.0,13.885778275475925
1523987174,1085047243,EVT-0021,549.0,607.0,319.0,363.0,14.0,2.5500910746812386
1536278926,1873780039,EVT-0021,701.0,789.0,1279.0,1749.0,-382.0,-54.493580599144074
1596580633,1101142523,EVT-0021,554.0,720.0,703.0,734.0,135.0,24.368231046931406
1645233598,1758794279,EVT-0021,1690.0,2430.0,1510.0,1681.0,569.0,33.66863905325444
1670560261,1219172859,EVT-0021,873.0,1153.0,495.0,665.0,110.0,12.600229095074456
1704492101,1358340028,EVT-0021,817.0,1007.0,225.0,245.0,170.0,20.807833537331703
1841791217,1448713440,EVT-0021,729.0,839.0,579.0,517.0,172.0,23.593964334705074
1425340662,1046736322,EVT-0020,2105.0,2547.0,1389.0,1432.0,399.0,18.954869358669836
1025978341,1730655531,EVT-0022,2097.0,2804.0,1039.0,1094.0,652.0,31.09203624225084
1058647219,1697855363,EVT-0022,1164.0,1345.0,1223.0,1441.0,-37.0,-3.178694158075601
1098995024,1665478461,EVT-0022,1473.0,1968.0,548.0,619.0,424.0,28.78479293957909
1107038659,1249657408,EVT-0022,875.0,1130.0,1044.0,1282.0,17.0,1.9428571428571426
1198262952,1536141264,EVT-0022,1089.0,1300.0,1079.0,1410.0,-120.0,-11.019283746556475
1204787067,1774691384,EVT-0022,377.0,537.0,418.0,399.0,179.0,47.48010610079575
1243754490,1045376799,EVT-0022,1789.0,2373.0,934.0,1172.0,346.0,19.340413638904415
1244876920,1001999733,EVT-0022,331.0,350.0,249.0,232.0,36.0,10.876132930513595
1263807582,1209566128,EVT-0022,2089.0,2870.0,1098.0,1405.0,474.0,22.690282431785544
1280087226,1316743925,EVT-0022,1765.0,2545.0,2153.0,2807.0,126.0,7.138810198300282
1309371148,1879821175,EVT-0022,1104.0,1334.0,676.0,808.0,98.0,8.876811594202898
1334793308,1874547676,EVT-0022,596.0,656.0,471.0,443.0,88.0,14.76510067114094
1455101661,1890077344,EVT-0022,1393.0,1726.0,1500.0,1508.0,325.0,23.33094041636755
1467704312,1635476009,EVT-0022,1552.0,2182.0,1096.0,1617.0,109.0,7.02319587628866
1486877065,1333896094,EVT-0022,828.0,1079.0,731.0,700.0,282.0,34.05797101449276
1536278926,1873780039,EVT-0022,625.0,723.0,1312.0,1372.0,38.0,6.08
1548035017,1914644640,EVT-0022,805.0,922.0,1425.0,1351.0,191.0,23.726708074534162
1592062677,1026926489,EVT-0022,1082.0,1561.0,1360.0,1694.0,145.0,13.401109057301294
1616418756,1769764832,EVT-0022,1107.0,1317.0,1056.0,1090.0,176.0,15.898825654923215
1707435529,1804484495,EVT-0022,839.0,982.0,1426.0,1654.0,-85.0,-10.131108462455304
1710163217,1860037419,EVT-0022,1111.0,1346.0,453.0,510.0,178.0,16.021602160216023
1779411515,1835878442,EVT-0022,517.0,719.0,518.0,537.0,183.0,35.39651837524178
1803233885,1080672524,EVT-0022,805.0,992.0,1550.0,1790.0,-53.0,-6.583850931677018
1836939912,1974446365,EVT-0022,448.0,524.0,561.0,576.0,61.0,13.616071428571427
1927430854,1389159553,EVT-0022,1497.0,2296.0,894.0,1190.0,503.0,33.60053440213761
1964945871,1995404856,EVT-0022,1158.0,1318.0,972.0,972.0,160.0,13.81692573402418
1050705288,1949335115,EVT-0023,3738.0,4895.0,2802.0,4046.0,-87.0,-2.327447833065811
1136500869,1890077344,EVT-0023,1483.0,1888.0,1716.0,1811.0,310.0,20.903573836817262
1172835138,1617703974,EVT-0023,2070.0,3008.0,1221.0,1255.0,904.0,43.671497584541065
1249657408,1708639657,EVT-0023,1549.0,1927.0,1123.0,1129.0,372.0,24.015493867010974
1506746308,1556860702,EVT-0023,894.0,985.0,488.0,464.0,115.0,12.863534675615213
1666389063,1223528765,EVT-0023,683.0,734.0,839.0,972.0,-82.0,-12.005856515373353
1713444978,1935314678,EVT-0023,1626.0,1996.0,1525.0,1544.0,351.0,21.58671586715867
1738903891,1285330571,EVT-0023,2442.0,3026.0,2155.0,2160.0,579.0,23.710073710073708
1827318308,1702446943,EVT-0023,1153.0,1473.0,1690.0,1666.0,344.0,29.835212489158717
1836314447,1231453428,EVT-0023,2205.0,2735.0,1890.0,1973.0,447.0,20.272108843537413
1964945871,1758794279,EVT-0023,1666.0,2286.0,2005.0,2811.0,-186.0,-11.164465786314526
1995404856,1333043895,EVT-0023,1266.0,1505.0,1326.0,1171.0,394.0,31.121642969984205
1137408567,1730655531,EVT-0024,2485.0,3190.0,2109.0,2480.0,334.0,13.440643863179075
1172835138,1617703974,EVT-0024,2070.0,3008.0,1221.0,1255.0,904.0,43.671497584541065
1330156328,1999506508,EVT-0024,1195.0,1409.0,1205.0,1448.0,-29.0,-2.426778242677824
1364458855,1949335115,EVT-0024,1653.0,1966.0,2802.0,4046.0,-931.0,-56.32183908045977
1394609428,1012264374,EVT-0024,3145.0,4508.0,3071.0,3837.0,597.0,18.982511923688396
1541422121,1702497342,EVT-0024,1428.0,1502.0,1880.0,1846.0,108.0,7.563025210084033
1645233598,1758794279,EVT-0024,2153.0,2855.0,2005.0,2811.0,-104.0,-4.830469112865768
1704331150,1432188427,EVT-0024,1883.0,2295.0,1841.0,2016.0,237.0,12.586298459904407
1738903891,1285330571,EVT-0024,2442.0,3026.0,2155.0,2160.0,579.0,23.710073710073708
1836314447,1231453428,EVT-0024,2205.0,2735.0,1890.0,1973.0,447.0,20.272108843537413
1885387740,1174785596,EVT-0024,3438.0,4434.0,1947.0,1763.0,1180.0,34.32228039557882
1910188758,1630629040,EVT-0024,841.0,1010.0,908.0,1142.0,-65.0,-7.728894173602854
1939785840,1895078685,EVT-0024,1431.0,1688.0,1808.0,1906.0,159.0,11.11111111111111
1993463169,1324237324,EVT-0024,1288.0,1543.0,1519.0,1712.0,62.0,4.813664596273292
1002145427,1877046932,EVT-0025,2506.0,3689.0,2395.0,2833.0,745.0,29.728651237031123
1018018261,1665478461,EVT-0025,2272.0,3116.0,2293.0,3017.0,120.0,5.28169014084507
1022312734,1842420535,EVT-0025,1031.0,1133.0,801.0,901.0,2.0,0.19398642095053348
1065870788,1806479196,EVT-0025,1807.0,2211.0,2618.0,3484.0,-462.0,-25.567238516878803
1101185407,1488515010,EVT-0025,3194.0,3863.0,1536.0,1777.0,428.0,13.40012523481528
1166368237,1352216182,EVT-0025,1326.0,1796.0,1960.0,2335.0,95.0,7.164404223227752
1170846871,1363342464,EVT-0025,1935.0,2752.0,2447.0,3034.0,230.0,11.886304909560723
1190842652,1219172859,EVT-0025,944.0,1149.0,1150.0,1255.0,100.0,10.59322033898305
1227780172,1412773438,EVT-0025,5227.0,7770.0,3395.0,4505.0,1433.0,27.41534340922135
1251567115,1540759788,EVT-0025,1356.0,1508.0,1310.0,1250.0,212.0,15.634218289085547
1271768685,1181360912,EVT-0025,1745.0,2715.0,1238.0,1368.0,840.0,48.13753581661891
1279684447,1961509027,EVT-0025,934.0,1009.0,783.0,822.0,36.0,3.854389721627409
1284061300,1159833825,EVT-0025,2488.0,3466.0,2228.0,2576.0,630.0,25.32154340836013
1316743925,1209566128,EVT-0025,2975.0,4423.0,2978.0,3630.0,796.0,26.7563025210084
1397955463,1838439200,EVT-0025,2259.0,3309.0,2755.0,3307.0,498.0,22.045152722443557
1436505063,1297280590,EVT-0025,2272.0,3175.0,1712.0,2579.0,36.0,1.584507042253521
1456207657,1548652282,EVT-0025,2801.0,3611.0,2323.0,2824.0,309.0,11.03177436629775
1456299035,1174238463,EVT-0025,1386.0,1506.0,1335.0,1469.0,-14.0,-1.0101010101010102
1523681389,1275443434,EVT-0025,1408.0,1787.0,1276.0,1340.0,315.0,22.37215909090909
1552813903,1714021262,EVT-0025,8225.0,4556.0,2451.0,3036.0,-4254.0,-51.72036474164133
1657035808,1223523766,EVT-0025,472.0,542.0,1335.0,1322.0,83.0,17.584745762711865
1685524518,1295857761,EVT-0025,671.0,723.0,843.0,819.0,76.0,11.326378539493295
1721479586,1937514325,EVT-0025,2089.0,2706.0,1980.0,2735.0,-138.0,-6.606031594064146
1812815243,1333393084,EVT-0025,2918.0,4052.0,858.0,1001.0,991.0,33.96161754626456
1815807585,1080672524,EVT-0025,2720.0,3713.0,2115.0,2780.0,328.0,12.058823529411764
1862986803,1135650855,EVT-0025,1471.0,1747.0,1583.0,1682.0,177.0,12.032630863358259
1922670785,1892083019,EVT-0025,1718.0,2531.0,1895.0,2317.0,391.0,22.759022118742724
1927430854,1393729789,EVT-0025,3217.0,3814.0,4170.0,5738.0,-971.0,-30.183400683866957
1955620046,1364720148,EVT-0025,1864.0,2836.0,1448.0,2028.0,392.0,21.030042918454935
1094274762,1036327983,EVT-0026,1230.0,1191.0,827.0,867.0,-79.0,-6.4227642276422765
1133130363,1877046932,EVT-0026,1791.0,2372.0,2395.0,2833.0,143.0,7.984366275823563
1170846871,1363342464,EVT-0026,1935.0,2752.0,2447.0,3034.0,230.0,11.886304909560723
1180932224,1082909627,EVT-0026,2533.0,3540.0,1062.0,1002.0,1067.0,42.123963679431505
1264333323,1209566128,EVT-0026,3001.0,4135.0,2978.0,3630.0,482.0,16.061312895701434
1266945785,1535820066,EVT-0026,2725.0,4200.0,2627.0,3638.0,464.0,17.027522935779814
1271768685,1181360912,EVT-0026,1745.0,2715.0,1238.0,1368.0,840.0,48.13753581661891
1279684447,1961509027,EVT-0026,934.0,1009.0,783.0,822.0,36.0,3.854389721627409
1284061300,1159833825,EVT-0026,2488.0,3466.0,2228.0,2576.0,630.0,25.32154340836013
1315385710,1316743925,EVT-0026,4550.0,7717.0,2975.0,4423.0,1719.0,37.78021978021978
1355374483,1873780039,EVT-0026,1846.0,2196.0,1770.0,2048.0,72.0,3.9003250270855903
1377426493,1937514325,EVT-0026,1342.0,1630.0,1980.0,2735.0,-467.0,-34.79880774962742
1397955463,1838439200,EVT-0026,2259.0,3309.0,2755.0,3307.0,498.0,22.045152722443557
1413519731,1806479196,EVT-0026,2189.0,3154.0,2618.0,3484.0,99.0,4.522613065326634
1425340662,1046736322,EVT-0026,2159.0,2628.0,1275.0,1453.0,291.0,13.478462251042151
1526669415,1689059347,EVT-0026,1325.0,1744.0,1211.0,1517.0,113.0,8.528301886792452
1536278926,1721479586,EVT-0026,3327.0,4530.0,2089.0,2706.0,586.0,17.61346558461076
1567742360,1296624285,EVT-0026,868.0,953.0,1417.0,1350.0,152.0,17.51152073732719
1615059528,1389159553,EVT-0026,1435.0,1894.0,1222.0,1345.0,336.0,23.414634146341466
1644815767,1851932792,EVT-0026,2193.0,2433.0,1063.0,1169.0,134.0,6.110351117191063
1686880901,1939052563,EVT-0026,1327.0,1530.0,898.0,902.0,199.0,14.996232102486811
1725623817,1412773438,EVT-0026,3047.0,3926.0,3395.0,4505.0,-231.0,-7.581227436823104
1732527431,1174238463,EVT-0026,1736.0,2566.0,1335.0,1469.0,696.0,40.09216589861751
1747032997,1058325303,EVT-0026,1252.0,1787.0,1702.0,1723.0,514.0,41.054313099041536
1803233885,1080672524,EVT-0026,1467.0,2267.0,2115.0,2780.0,135.0,9.202453987730062
1815807585,1635581279,EVT-0026,2720.0,3713.0,3070.0,4337.0,-274.0,-10.073529411764707
1832506087,1548652282,EVT-0026,3581.0,5603.0,2323.0,2824.0,1521.0,42.47416922647305
1924355757,1812123887,EVT-0026,1754.0,2574.0,2085.0,2589.0,316.0,18.015963511972636
1955620046,1364720148,EVT-0026,1864.0,2836.0,1448.0,2028.0,392.0,21.030042918454935
1228081653,1937449878,EVT-0027,542.0,537.0,459.0,452.0,2.0,0.36900369003690037
1243754490,1980975555,EVT-0027,734.0,835.0,1184.0,1631.0,-346.0,-47.13896457765668
1616418756,1561159348,EVT-0027,993.0,1231.0,829.0,1078.0,-11.0,-1.1077542799597182
1636376422,1103232447,EVT-0027,1223.0,1529.0,1075.0,1383.0,-2.0,-0.1635322976287817
1788421810,1333896094,EVT-0027,1301.0,1479.0,471.0,522.0,127.0,9.76172175249808
1921646299,1081031506,EVT-0027,2265.0,3530.0,2129.0,2351.0,1043.0,46.04856512141281
1044666919,1334266743,EVT-0028,749.0,954.0,1434.0,1788.0,-149.0,-19.893190921228303
1163199601,1921646299,EVT-0028,1458.0,1354.0,2265.0,3530.0,-1369.0,-93.89574759945131
1204261733,1838809964,EVT-0028,1453.0,1442.0,1243.0,1215.0,17.0,1.1699931176875429
1204787067,1635476009,EVT-0028,997.0,1086.0,1113.0,1542.0,-340.0,-34.10230692076229
1330017819,1388802401,EVT-0028,1854.0,2654.0,1553.0,2045.0,308.0,16.61272923408846
1467704312,1879821175,EVT-0028,1093.0,1314.0,1351.0,1582.0,-10.0,-0.9149130832570906
1512844550,1081031506,EVT-0028,1390.0,1694.0,2129.0,2351.0,82.0,5.899280575539569
1636376422,1103232447,EVT-0028,1223.0,1529.0,1075.0,1383.0,-2.0,-0.1635322976287817
1824149854,1026926489,EVT-0028,1367.0,1667.0,1646.0,2091.0,-145.0,-10.607168983174835
1011940271,1657025858,EVT-0029,861.0,890.0,591.0,594.0,26.0,3.0197444831591174
1107038659,1805422742,EVT-0029,879.0,1147.0,1222.0,1564.0,-74.0,-8.418657565415245
1124726435,1209566128,EVT-0029,2394.0,3547.0,1122.0,1418.0,857.0,35.79782790309106
1129206672,1655727265,EVT-0029,1845.0,2719.0,993.0,1179.0,688.0,37.289972899728994
1133042691,1871372714,EVT-0029,965.0,1141.0,1571.0,1812.0,-65.0,-6.7357512953367875
1144669185,1099946885,EVT-0029,3192.0,4361.0,1124.0,1113.0,1180.0,36.96741854636591
1213511599,1251202242,EVT-0029,3866.0,5513.0,588.0,555.0,1680.0,43.455768235902745
1257723886,1004543439,EVT-0029,1156.0,1400.0,1046.0,925.0,365.0,31.574394463667822
1315385710,1767508967,EVT-0029,2276.0,3351.0,469.0,528.0,1016.0,44.63971880492091
1324722952,1237205202,EVT-0029,739.0,824.0,443.0,515.0,13.0,1.7591339648173208
1326516303,1210642439,EVT-0029,2029.0,2484.0,2118.0,2432.0,141.0,6.949236076885165
1327009084,1285347583,EVT-0029,563.0,579.0,431.0,431.0,16.0,2.841918294849023
1330156328,1999506508,EVT-0029,224.0,241.0,622.0,595.0,44.0,19.642857142857142
1398789739,1527981900,EVT-0029,657.0,716.0,650.0,775.0,-66.0,-10.045662100456621
1425340662,1783823739,EVT-0029,2076.0,2316.0,1572.0,2150.0,-338.0,-16.28131021194605
1435662964,1473057747,EVT-0029,1352.0,1518.0,798.0,856.0,108.0,7.988165680473373
1475115246,1923786978,EVT-0029,780.0,986.0,534.0,530.0,210.0,26.923076923076923
1523987174,1085047243,EVT-0029,560.0,523.0,189.0,187.0,-35.0,-6.25
1645233598,1758794279,EVT-0029,2264.0,2975.0,1245.0,1542.0,414.0,18.286219081272083
1648553570,1823309871,EVT-0029,3229.0,4560.0,1935.0,2367.0,899.0,27.84143697739238
1666389063,1223528765,EVT-0029,708.0,675.0,656.0,556.0,67.0,9.463276836158192
1681501296,1075036339,EVT-0029,802.0,890.0,609.0,659.0,38.0,4.738154613466334
1689059347,1625192632,EVT-0029,669.0,874.0,861.0,863.0,203.0,30.343796711509718
1702497342,1100495849,EVT-0029,1395.0,1786.0,1516.0,1915.0,-8.0,-0.5734767025089605
1710163217,1860037419,EVT-0029,1118.0,1406.0,450.0,473.0,265.0,23.70304114490161
1738903891,1285330571,EVT-0029,2358.0,3136.0,681.0,818.0,641.0,27.184054283290926
1740626134,1305686507,EVT-0029,1289.0,1671.0,1847.0,1985.0,244.0,18.929402637703646
1856406925,1056679651,EVT-0029,767.0,1171.0,1202.0,1499.0,107.0,13.95045632333768
1908168895,1590869917,EVT-0029,684.0,888.0,428.0,562.0,70.0,10.23391812865497
1910188758,1630629040,EVT-0029,616.0,578.0,861.0,989.0,-166.0,-26.948051948051948
1922670785,1363342464,EVT-0029,2034.0,2501.0,2079.0,2722.0,-176.0,-8.652900688298919
1927430854,1389159553,EVT-0029,1569.0,2295.0,885.0,1199.0,412.0,26.258763543658382
1965727443,1961509027,EVT-0029,1243.0,1512.0,552.0,413.0,408.0,32.82381335478681
1967802350,1041494554,EVT-0029,664.0,711.0,450.0,422.0,75.0,11.295180722891567
1050705288,1890077344,EVT-0030,3744.0,4891.0,1703.0,1782.0,1068.0,28.525641025641026
1076376403,1730655531,EVT-0030,2801.0,3945.0,2177.0,2521.0,800.0,28.561228132809713
1237205202,1449048093,EVT-0030,904.0,1111.0,450.0,499.0,158.0,17.47787610619469
1249657408,1299832539,EVT-0030,1530.0,1951.0,1611.0,1547.0,485.0,31.699346405228756
1305686507,1598998692,EVT-0030,1391.0,2087.0,1126.0,950.0,872.0,62.688713156002876
1423753536,1297391371,EVT-0030,1830.0,2130.0,924.0,989.0,235.0,12.841530054644808
1453128708,1736538384,EVT-0030,1594.0,2367.0,428.0,409.0,792.0,49.68632371392723
1497642888,1657655308,EVT-0030,1212.0,1188.0,1013.0,908.0,81.0,6.683168316831684
1645233598,1174785596,EVT-0030,2373.0,3001.0,1944.0,1677.0,895.0,37.715971344289926
1657025858,1805422742,EVT-0030,2402.0,2862.0,2154.0,2189.0,425.0,17.693588676103246
1706645516,1178533166,EVT-0030,1010.0,1205.0,748.0,775.0,168.0,16.633663366336634
1738903891,1285330571,EVT-0030,2489.0,3060.0,2156.0,2175.0,552.0,22.17758135797509
1746046261,1677860136,EVT-0030,1020.0,1434.0,1656.0,1977.0,93.0,9.117647058823529
1758794279,1400951004,EVT-0030,2108.0,2931.0,1962.0,2516.0,269.0,12.760910815939278
1803502636,1708639657,EVT-0030,1291.0,1785.0,1027.0,1148.0,373.0,28.892331525948876
1949335115,1694658844,EVT-0030,2906.0,4178.0,1989.0,2030.0,1231.0,42.36063317274604
1964945871,1333043895,EVT-0030,1740.0,2403.0,1315.0,1174.0,804.0,46.206896551724135
1939785840,1617703974,EVT-0029,1837.0,2219.0,664.0,706.0,340.0,18.508437670114315
1040239976,1273912869,EVT-0031,715.0,785.0,878.0,936.0,12.0,1.6783216783216783
1050705288,1890077344,EVT-0031,3003.0,3660.0,1462.0,1562.0,557.0,18.54811854811855
1078096579,1200346587,EVT-0031,1768.0,2410.0,1128.0,1304.0,466.0,26.35746606334842
1123148250,1369949932,EVT-0031,1384.0,1765.0,1398.0,1588.0,191.0,13.800578034682081
1133130363,1877046932,EVT-0031,1030.0,1224.0,686.0,768.0,112.0,10.87378640776699
1163199601,1618352078,EVT-0031,929.0,996.0,1026.0,1132.0,-39.0,-4.198062432723358
1169238601,1766730505,EVT-0031,1225.0,1506.0,791.0,775.0,297.0,24.24489795918367
1204787067,1774691384,EVT-0031,397.0,519.0,394.0,382.0,134.0,33.75314861460957
1265952337,1871372714,EVT-0031,828.0,1032.0,1571.0,1812.0,-37.0,-4.4685990338164245
1280087226,1209566128,EVT-0031,1877.0,2449.0,1122.0,1418.0,276.0,14.704315396909962
1296552940,1762971749,EVT-0031,345.0,378.0,939.0,1046.0,-74.0,-21.44927536231884
1299418347,1331020234,EVT-0031,581.0,598.0,609.0,761.0,-135.0,-23.23580034423408
1352578078,1113953065,EVT-0031,864.0,1041.0,712.0,740.0,149.0,17.24537037037037
1393791409,1337606333,EVT-0031,1158.0,1298.0,663.0,584.0,219.0,18.911917098445596
1443520683,1880265578,EVT-0031,1078.0,1125.0,614.0,645.0,16.0,1.4842300556586272
1481247389,1838439200,EVT-0031,1081.0,1229.0,1482.0,1861.0,-231.0,-21.369102682701204
1598661571,1121962926,EVT-0031,1106.0,1322.0,1287.0,1653.0,-150.0,-13.5623869801085
1635476009,1527981900,EVT-0031,1105.0,1641.0,650.0,775.0,411.0,37.19457013574661
1645233598,1400951004,EVT-0031,2264.0,2975.0,1551.0,1768.0,494.0,21.819787985865723
1648553570,1823309871,EVT-0031,3229.0,4560.0,1935.0,2367.0,899.0,27.84143697739238
1704331150,1432188427,EVT-0031,1439.0,1758.0,2017.0,2292.0,44.0,3.0576789437109104
1724092733,1860037419,EVT-0031,1215.0,1529.0,450.0,473.0,291.0,23.950617283950617
1742859469,1738916414,EVT-0031,1121.0,1508.0,1537.0,1624.0,300.0,26.761819803746654
1760628762,1440623548,EVT-0031,537.0,647.0,966.0,1062.0,14.0,2.60707635009311
1768225918,1803339427,EVT-0031,1002.0,1288.0,1265.0,1427.0,124.0,12.375249500998004
1808310134,1075689749,EVT-0031,1373.0,2001.0,1653.0,1858.0,423.0,30.80844865258558
1824172013,1297280590,EVT-0031,1419.0,1646.0,916.0,1175.0,-32.0,-2.255109231853418
1856406925,1056679651,EVT-0031,767.0,1171.0,1202.0,1499.0,107.0,13.95045632333768
1885189138,1042224778,EVT-0031,991.0,1194.0,1041.0,1301.0,-57.0,-5.751765893037336
1897395806,1624547729,EVT-0031,1426.0,1808.0,877.0,1026.0,233.0,16.339410939691447
1991291398,1795350721,EVT-0031,2311.0,3334.0,1881.0,2184.0,720.0,31.155344006923407
1075036339,1722581836,EVT-0032,1084.0,1278.0,916.0,941.0,169.0,15.59040590405904
1139166684,1588179048,EVT-0032,1342.0,1643.0,1078.0,984.0,395.0,29.433681073025337
1198262952,1536141264,EVT-0032,3308.0,4463.0,2075.0,2312.0,918.0,27.750906892382105
1229022169,1423946593,EVT-0032,812.0,973.0,1052.0,1154.0,59.0,7.266009852216748
1533003293,1798313247,EVT-0032,1397.0,1880.0,799.0,726.0,556.0,39.79957050823192
1655727265,1632734848,EVT-0032,2288.0,3055.0,1399.0,1492.0,674.0,29.45804195804196
1681501296,1390158669,EVT-0032,582.0,608.0,490.0,421.0,95.0,16.323024054982817
1704308638,1113953065,EVT-0032,2370.0,3126.0,2631.0,2815.0,572.0,24.135021097046412
1710487228,1798488478,EVT-0032,633.0,688.0,451.0,425.0,81.0,12.796208530805686
1854852153,1308498975,EVT-0032,1059.0,1211.0,1494.0,1530.0,116.0,10.953729933899906
1889776344,1320611266,EVT-0032,1158.0,1443.0,1129.0,1308.0,106.0,9.153713298791018
1025231352,1222151080,EVT-0033,1810.0,2740.0,894.0,1079.0,745.0,41.16022099447514
1044666919,1334266743,EVT-0033,1328.0,1425.0,319.0,378.0,38.0,2.86144578313253
1050705288,1890077344,EVT-0033,805.0,1029.0,522.0,574.0,172.0,21.366459627329192
1098995024,1665478461,EVT-0033,601.0,900.0,769.0,1019.0,49.0,8.153078202995008
1198262952,1536141264,EVT-0033,486.0,584.0,362.0,525.0,-65.0,-13.37448559670782
1202669523,1286477181,EVT-0033,1405.0,1644.0,1018.0,1326.0,-69.0,-4.911032028469751
1243754490,1045376799,EVT-0033,750.0,1121.0,772.0,914.0,229.0,30.533333333333335
1274985831,1004478891,EVT-0033,931.0,1233.0,225.0,211.0,316.0,33.941997851772285
1300654963,1714021262,EVT-0033,1534.0,1959.0,1060.0,1347.0,138.0,8.996088657105608
1309371148,1914644640,EVT-0033,499.0,571.0,572.0,669.0,-25.0,-5.01002004008016
1330156328,1999506508,EVT-0033,1036.0,1075.0,838.0,953.0,-76.0,-7.335907335907336
1341556789,1405577143,EVT-0033,1513.0,2097.0,843.0,942.0,485.0,32.055518836748185
1394609428,1012264374,EVT-0033,1743.0,2495.0,1683.0,2125.0,310.0,17.78542742398164
1418997171,1099946885,EVT-0033,1616.0,1936.0,1141.0,1274.0,187.0,11.571782178217822
1494868502,1751172259,EVT-0033,357.0,426.0,900.0,857.0,112.0,31.372549019607842
1546151204,1058325303,EVT-0033,1186.0,1633.0,996.0,1008.0,435.0,36.677908937605395
1552813903,1209566128,EVT-0033,762.0,1242.0,1800.0,2346.0,-66.0,-8.661417322834646
1561159348,1769764832,EVT-0033,1415.0,1795.0,732.0,1002.0,110.0,7.773851590106007
1583696442,1295389203,EVT-0033,685.0,932.0,868.0,867.0,248.0,36.2043795620438
1598661571,1674708775,EVT-0033,475.0,699.0,582.0,780.0,26.0,5.473684210526316
1599989245,1259584955,EVT-0033,391.0,531.0,692.0,638.0,194.0,49.61636828644501
1610177150,1923786978,EVT-0033,831.0,1144.0,1112.0,1289.0,136.0,16.365824308062578
1636376422,1103232447,EVT-0033,1214.0,1309.0,1037.0,1193.0,-61.0,-5.0247116968698515
1647196991,1337789832,EVT-0033,1776.0,2868.0,759.0,873.0,978.0,55.067567567567565
1655727265,1632734848,EVT-0033,467.0,636.0,670.0,816.0,23.0,4.925053533190578
1745601371,1200346587,EVT-0033,620.0,538.0,632.0,736.0,-186.0,-30.0
1768831921,1892307210,EVT-0033,1365.0,1589.0,490.0,491.0,223.0,16.336996336996336
1808310134,1075689749,EVT-0033,1934.0,2290.0,1075.0,1325.0,106.0,5.4808686659772485
1841791217,1448713440,EVT-0033,746.0,820.0,577.0,525.0,126.0,16.890080428954423
1944079924,1643343233,EVT-0033,595.0,803.0,671.0,740.0,139.0,23.361344537815125
1991291398,1795350721,EVT-0033,891.0,1187.0,955.0,1266.0,-15.0,-1.6835016835016834
1022312734,1842420535,EVT-0034,1031.0,1133.0,801.0,901.0,2.0,0.19398642095053348
1060922949,1762971749,EVT-0034,845.0,1039.0,1370.0,1500.0,64.0,7.573964497041421
1084471394,1261377760,EVT-0034,1548.0,1621.0,1467.0,1421.0,119.0,7.687338501291989
1180932224,1080672524,EVT-0034,2533.0,3540.0,2115.0,2780.0,342.0,13.501776549545994
1190842652,1219172859,EVT-0034,944.0,1149.0,1150.0,1255.0,100.0,10.59322033898305
1263807582,1209566128,EVT-0034,3584.0,5032.0,2978.0,3630.0,796.0,22.209821428571427
1280087226,1714021262,EVT-0034,4671.0,5688.0,2451.0,3036.0,432.0,9.248554913294797
1315385710,1767508967,EVT-0034,4550.0,7717.0,2144.0,2539.0,2772.0,60.92307692307693
1355374483,1873780039,EVT-0034,1846.0,2196.0,1770.0,2048.0,72.0,3.9003250270855903
1377426493,1535820066,EVT-0034,1342.0,1630.0,2627.0,3638.0,-723.0,-53.87481371087929
1423152481,1082909627,EVT-0034,2522.0,3116.0,1062.0,1002.0,654.0,25.931800158604286
1425340662,1769352273,EVT-0034,2159.0,2628.0,2023.0,1969.0,523.0,24.224177860120427
1425610817,1295857761,EVT-0034,1134.0,1338.0,843.0,819.0,228.0,20.105820105820104
1455779946,1134632102,EVT-0034,1588.0,2253.0,2392.0,2581.0,476.0,29.974811083123427
1456207657,1548652282,EVT-0034,2801.0,3611.0,2323.0,2824.0,309.0,11.03177436629775
1488515010,1135650855,EVT-0034,1536.0,1777.0,1583.0,1682.0,142.0,9.244791666666668
1546151204,1058325303,EVT-0034,1550.0,1985.0,1702.0,1723.0,414.0,26.70967741935484
1567742360,1296624285,EVT-0034,868.0,953.0,1417.0,1350.0,152.0,17.51152073732719
1613561947,1200096471,EVT-0034,1781.0,2820.0,1328.0,1424.0,943.0,52.94778214486243
1644815767,1851932792,EVT-0034,2193.0,2433.0,1063.0,1169.0,134.0,6.110351117191063
1721479586,1643297637,EVT-0034,2089.0,2706.0,1343.0,1443.0,517.0,24.748683580660604
1742579091,1251202242,EVT-0034,4733.0,6718.0,1912.0,1923.0,1974.0,41.70716247623072
1752727945,1223523766,EVT-0034,1064.0,1075.0,1335.0,1322.0,24.0,2.2556390977443606
1776723276,1506356074,EVT-0034,2308.0,3305.0,856.0,1133.0,720.0,31.195840554592717
1806707737,1463019459,EVT-0034,765.0,966.0,1126.0,1348.0,-21.0,-2.7450980392156863
1808826295,1804484495,EVT-0034,1997.0,3029.0,954.0,1048.0,938.0,46.97045568352529
1824172013,1297280590,EVT-0034,1666.0,2158.0,1712.0,2579.0,-375.0,-22.50900360144058
1903798589,1046736322,EVT-0034,1562.0,2147.0,1275.0,1453.0,407.0,26.056338028169012
1927430854,1838439200,EVT-0034,3217.0,3814.0,2755.0,3307.0,45.0,1.39881877525645
1937514325,1159833825,EVT-0034,1980.0,2735.0,2228.0,2576.0,407.0,20.555555555555554
1955620046,1364720148,EVT-0034,1864.0,2836.0,1448.0,2028.0,392.0,21.030042918454935
1002145427,1877046932,EVT-0035,2506.0,3689.0,2395.0,2833.0,745.0,29.728651237031123
1018018261,1665478461,EVT-0035,2272.0,3116.0,2293.0,3017.0,120.0,5.28169014084507
1022312734,1842420535,EVT-0035,1031.0,1133.0,801.0,901.0,2.0,0.19398642095053348
1048976678,1364720148,EVT-0035,2050.0,2793.0,1448.0,2028.0,163.0,7.951219512195122
1057676243,1082909627,EVT-0035,1042.0,1239.0,1062.0,1002.0,257.0,24.664107485604607
1080672524,1997693654,EVT-0035,2115.0,2780.0,1561.0,1694.0,532.0,25.153664302600472
1101185407,1548652282,EVT-0035,3194.0,3863.0,2323.0,2824.0,168.0,5.2598622417031935
1133130363,1714021262,EVT-0035,1791.0,2372.0,2451.0,3036.0,-4.0,-0.2233389168062535
1138281740,1036327983,EVT-0035,1188.0,1594.0,827.0,867.0,366.0,30.808080808080806
1144669185,1251202242,EVT-0035,3876.0,5051.0,1912.0,1923.0,1164.0,30.030959752321984
1145899849,1547660377,EVT-0035,2075.0,2271.0,954.0,920.0,230.0,11.08433734939759
1159833825,1851932792,EVT-0035,2228.0,2576.0,1063.0,1169.0,242.0,10.861759425493716
1166368237,1352216182,EVT-0035,1326.0,1796.0,1960.0,2335.0,95.0,7.164404223227752
1180932224,1838439200,EVT-0035,2533.0,3540.0,2755.0,3307.0,455.0,17.96288985392815
1190842652,1219172859,EVT-0035,944.0,1149.0,1150.0,1255.0,100.0,10.59322033898305
1191545544,1381937048,EVT-0035,1878.0,2244.0,1195.0,1363.0,198.0,10.543130990415335
1227780172,1412773438,EVT-0035,5227.0,7770.0,3395.0,4505.0,1433.0,27.41534340922135
1263807582,1261377760,EVT-0035,3584.0,5032.0,1467.0,1421.0,1494.0,41.685267857142854
1297280590,1181360912,EVT-0035,1712.0,2579.0,1238.0,1368.0,737.0,43.04906542056075
1316743925,1209566128,EVT-0035,2975.0,4423.0,2978.0,3630.0,796.0,26.7563025210084
1413519731,1783823739,EVT-0035,2189.0,3154.0,3401.0,4471.0,-105.0,-4.79671082686158
1418997171,1099946885,EVT-0035,2649.0,3270.0,1132.0,1175.0,578.0,21.819554548886373
1436505063,1333393084,EVT-0035,2272.0,3175.0,858.0,1001.0,760.0,33.45070422535211
1456207657,1540759788,EVT-0035,2801.0,3611.0,1310.0,1250.0,870.0,31.060335594430562
1484724632,1767508967,EVT-0035,2119.0,2408.0,2144.0,2539.0,-106.0,-5.002359603586597
1511022174,1506356074,EVT-0035,1677.0,1966.0,856.0,1133.0,12.0,0.7155635062611807
1523681389,1275443434,EVT-0035,1408.0,1787.0,1276.0,1340.0,315.0,22.37215909090909
1535820066,1873780039,EVT-0035,2627.0,3638.0,1770.0,2048.0,733.0,27.902550437761704
1592123891,1058325303,EVT-0035,3379.0,4761.0,1702.0,1723.0,1361.0,40.27818881325836
1613561947,1200096471,EVT-0035,1781.0,2820.0,1328.0,1424.0,943.0,52.94778214486243
1639269087,1762971749,EVT-0035,1127.0,1471.0,1370.0,1500.0,214.0,18.98846495119787
1806479196,1134632102,EVT-0035,2618.0,3484.0,2392.0,2581.0,677.0,25.859434682964093
1812815243,1429255973,EVT-0035,2918.0,4052.0,620.0,683.0,1071.0,36.70322138450994
1832506087,1529045985,EVT-0035,3581.0,5603.0,924.0,915.0,2031.0,56.71600111700642
1848624494,1135650855,EVT-0035,1744.0,2164.0,1583.0,1682.0,321.0,18.405963302752294
1862986803,1166978878,EVT-0035,1471.0,1747.0,551.0,490.0,337.0,22.90958531611149
1908168895,1590869917,EVT-0035,1258.0,1396.0,1252.0,1952.0,-562.0,-44.67408585055644
1922670785,1363342464,EVT-0035,1718.0,2531.0,2447.0,3034.0,226.0,13.154831199068685
1937514325,1223523766,EVT-0035,1980.0,2735.0,1335.0,1322.0,768.0,38.78787878787879
1002145427,1877046932,EVT-0036,2506.0,3689.0,2395.0,2833.0,745.0,29.728651237031123
1018018261,1058325303,EVT-0036,2272.0,3116.0,1702.0,1723.0,823.0,36.223591549295776
1065870788,1352216182,EVT-0036,1807.0,2211.0,1960.0,2335.0,29.0,1.6048699501936912
1133130363,1209566128,EVT-0036,1791.0,2372.0,2978.0,3630.0,-71.0,-3.9642657733109994
1180932224,1572180861,EVT-0036,2533.0,3540.0,1366.0,1089.0,1284.0,50.690880378997235
1268222167,1842420535,EVT-0036,1539.0,2034.0,801.0,901.0,395.0,25.66601689408707
1280087226,1251202242,EVT-0036,4671.0,5688.0,1912.0,1923.0,1006.0,21.53714408049668
1284061300,1851932792,EVT-0036,2488.0,3466.0,1063.0,1169.0,872.0,35.048231511254016
1385532449,1364720148,EVT-0036,2554.0,3824.0,1448.0,2028.0,690.0,27.016444792482382
1397955463,1635581279,EVT-0036,2259.0,3309.0,3070.0,4337.0,-217.0,-9.606020362992474
1425610817,1295857761,EVT-0036,1134.0,1338.0,843.0,819.0,228.0,20.105820105820104
1456207657,1548652282,EVT-0036,2801.0,3611.0,2323.0,2824.0,309.0,11.03177436629775
1456299035,1997693654,EVT-0036,1386.0,1506.0,1561.0,1694.0,-13.0,-0.937950937950938
1484724632,1767508967,EVT-0036,2119.0,2408.0,2144.0,2539.0,-106.0,-5.002359603586597
1489598965,1838439200,EVT-0036,2598.0,2957.0,2755.0,3307.0,-193.0,-7.428791377983064
1506356074,1529045985,EVT-0036,856.0,1133.0,924.0,915.0,286.0,33.41121495327103
1535820066,1873780039,EVT-0036,2627.0,3638.0,1770.0,2048.0,733.0,27.902550437761704
1590869917,1224230882,EVT-0036,1252.0,1952.0,1156.0,1140.0,716.0,57.18849840255591
1610820601,1540759788,EVT-0036,1579.0,1932.0,1310.0,1250.0,413.0,26.155794806839772
1615059528,1389159553,EVT-0036,1435.0,1894.0,1222.0,1345.0,336.0,23.414634146341466
1665478461,1714021262,EVT-0036,2293.0,3017.0,2451.0,3036.0,139.0,6.061927605756651
1707435529,1804484495,EVT-0036,1915.0,2811.0,954.0,1048.0,802.0,41.879895561357706
1732527431,1174238463,EVT-0036,1736.0,2566.0,1335.0,1469.0,696.0,40.09216589861751
1747032997,1762971749,EVT-0036,1252.0,1787.0,1370.0,1500.0,405.0,32.3482428115016
1808826295,1082909627,EVT-0036,1997.0,3029.0,1062.0,1002.0,1092.0,54.68202303455183
1812815243,1181360912,EVT-0036,2918.0,4052.0,1238.0,1368.0,1004.0,34.40712816997944
1815807585,1310164813,EVT-0036,2720.0,3713.0,1350.0,1380.0,963.0,35.404411764705884
1848624494,1135650855,EVT-0036,1744.0,2164.0,1583.0,1682.0,321.0,18.405963302752294
1922670785,1363342464,EVT-0036,1718.0,2531.0,2447.0,3034.0,226.0,13.154831199068685
1927430854,1393729789,EVT-0036,3217.0,3814.0,4170.0,5738.0,-971.0,-30.183400683866957
1139166684,1588179048,EVT-0037,1342.0,1643.0,1078.0,984.0,395.0,29.433681073025337
1075036339,1722581836,EVT-0037,1084.0,1278.0,916.0,941.0,169.0,15.59040590405904
1113023042,1727524690,EVT-0037,852.0,1053.0,647.0,559.0,289.0,33.92018779342723
1134509243,1573445784,EVT-0037,886.0,1222.0,1297.0,1172.0,461.0,52.03160270880362
1229022169,1423946593,EVT-0037,812.0,973.0,1052.0,1154.0,59.0,7.266009852216748
1238983617,1713731663,EVT-0037,3704.0,5809.0,1397.0,1559.0,1943.0,52.456803455723545
1533003293,1798313247,EVT-0037,1397.0,1880.0,799.0,726.0,556.0,39.79957050823192
1547244776,1903121188,EVT-0037,856.0,1063.0,851.0,732.0,326.0,38.084112149532714
1626268928,1401677194,EVT-0037,1926.0,2330.0,1479.0,1516.0,367.0,19.055036344755973
1696606064,1340455504,EVT-0037,874.0,947.0,730.0,767.0,36.0,4.118993135011442
1704308638,1113953065,EVT-0037,2370.0,3126.0,2631.0,2815.0,572.0,24.135021097046412
1710487228,1798488478,EVT-0037,633.0,688.0,451.0,425.0,81.0,12.796208530805686
1742859469,1738916414,EVT-0037,1750.0,2131.0,1082.0,1226.0,237.0,13.542857142857143
1407931751,1900445093,EVT-0038,783.0,892.0,890.0,857.0,142.0,18.135376756066414
1659738110,1124315999,EVT-0038,674.0,870.0,750.0,729.0,217.0,32.195845697329375
1704492101,1358340028,EVT-0038,1133.0,1144.0,732.0,806.0,-63.0,-5.560458958517211
1737256036,1841542198,EVT-0038,853.0,1033.0,783.0,748.0,215.0,25.205158264947247
1893606271,1758206720,EVT-0038,1579.0,1999.0,1115.0,1284.0,251.0,15.896136795440153
1025231352,1222151080,EVT-0039,1850.0,2631.0,892.0,1082.0,591.0,31.945945945945947
1025978341,1730655531,EVT-0039,1328.0,1489.0,1498.0,2017.0,-358.0,-26.957831325301207
1031568581,1113953065,EVT-0039,519.0,641.0,827.0,971.0,-22.0,-4.238921001926782
1159841240,1429777182,EVT-0039,699.0,934.0,812.0,831.0,216.0,30.90128755364807
1198262952,1536141264,EVT-0039,485.0,608.0,359.0,522.0,-40.0,-8.24742268041237
1199976907,1121962926,EVT-0039,1358.0,1835.0,554.0,671.0,360.0,26.50957290132548
1229022169,1423946593,EVT-0039,1383.0,1560.0,1226.0,1297.0,106.0,7.664497469269703
1241711534,1200096471,EVT-0039,754.0,780.0,526.0,697.0,-145.0,-19.230769230769234
1246066447,1075689749,EVT-0039,1941.0,2615.0,1086.0,1411.0,349.0,17.980422462648118
1274985831,1004478891,EVT-0039,940.0,1168.0,208.0,195.0,241.0,25.638297872340427
1286477181,1279255164,EVT-0039,998.0,1410.0,860.0,946.0,326.0,32.66533066132264
1321405205,1939052563,EVT-0039,161.0,187.0,457.0,444.0,39.0,24.22360248447205
1341556789,1405577143,EVT-0039,1584.0,2207.0,877.0,965.0,535.0,33.775252525252526
1389159553,1082909627,EVT-0039,1371.0,1954.0,953.0,1083.0,453.0,33.04157549234136
1435949049,1775551348,EVT-0039,915.0,1053.0,1020.0,1174.0,-16.0,-1.7486338797814207
1453128708,1299832539,EVT-0039,485.0,569.0,273.0,289.0,68.0,14.02061855670103
1467704312,1879821175,EVT-0039,753.0,1031.0,1137.0,1263.0,152.0,20.185922974767596
1523498065,1174238463,EVT-0039,649.0,815.0,1130.0,1324.0,-28.0,-4.314329738058552
1583696442,1295389203,EVT-0039,712.0,922.0,835.0,892.0,153.0,21.48876404494382
1590869917,1625192632,EVT-0039,990.0,1119.0,510.0,569.0,70.0,7.07070707070707
1595774286,1187084813,EVT-0039,823.0,1020.0,1035.0,1110.0,122.0,14.823815309842042
1610177150,1923786978,EVT-0039,866.0,1211.0,1057.0,1302.0,100.0,11.547344110854503
1626268928,1401677194,EVT-0039,1518.0,1620.0,500.0,540.0,62.0,4.084321475625823
1648626962,1976707814,EVT-0039,354.0,411.0,328.0,285.0,100.0,28.24858757062147
1685524518,1295857761,EVT-0039,606.0,602.0,240.0,201.0,35.0,5.775577557755775
1703413967,1268421124,EVT-0039,958.0,1279.0,754.0,721.0,354.0,36.95198329853862
1721479586,1547660377,EVT-0039,757.0,979.0,1153.0,1299.0,76.0,10.039630118890356
1738903891,1285330571,EVT-0039,1051.0,1544.0,1990.0,2106.0,377.0,35.87059942911513
1750236147,1323611925,EVT-0039,1049.0,1366.0,643.0,660.0,300.0,28.59866539561487
1758794279,1333043895,EVT-0039,1614.0,1722.0,369.0,377.0,100.0,6.195786864931847
1768831921,1892307210,EVT-0039,1416.0,1592.0,490.0,461.0,205.0,14.477401129943503
1806707737,1463019459,EVT-0039,599.0,659.0,414.0,468.0,6.0,1.001669449081803
1901019392,1069143851,EVT-0039,2859.0,3817.0,980.0,1104.0,834.0,29.1710388247639
1944079924,1643343233,EVT-0039,647.0,799.0,706.0,718.0,140.0,21.638330757341574
1955222058,1908127628,EVT-0039,1061.0,1323.0,666.0,699.0,229.0,21.583411875589068
1094274762,1036327983,EVT-0040,1211.0,1219.0,873.0,860.0,21.0,1.7341040462427744
1101185407,1548652282,EVT-0040,3227.0,4107.0,2360.0,2882.0,358.0,11.09389525875426
1124890801,1209566128,EVT-0040,3164.0,3611.0,3048.0,3800.0,-305.0,-9.639696586599241
1200480071,1058325303,EVT-0040,1475.0,1930.0,1692.0,1627.0,520.0,35.25423728813559
1227780172,1412773438,EVT-0040,5707.0,7905.0,3444.0,4639.0,1003.0,17.57490800770983
1266945785,1534502129,EVT-0040,2805.0,4646.0,787.0,831.0,1797.0,64.06417112299465
1271768685,1181360912,EVT-0040,1852.0,2736.0,1317.0,1378.0,823.0,44.43844492440604
1284061300,1851932792,EVT-0040,2558.0,3441.0,1063.0,1130.0,816.0,31.89992181391712
1315385710,1767508967,EVT-0040,5033.0,7718.0,2134.0,2468.0,2351.0,46.7117027617723
1355374483,1873780039,EVT-0040,1847.0,2273.0,1734.0,2031.0,129.0,6.984298863021116
1377426493,1547660377,EVT-0040,1379.0,1664.0,905.0,968.0,222.0,16.09862218999275
1385532449,1364720148,EVT-0040,2645.0,3874.0,1552.0,2190.0,591.0,22.344045368620037
1436505063,1135650855,EVT-0040,2300.0,3253.0,1605.0,1567.0,991.0,43.086956521739125
1484724632,1877046932,EVT-0040,2103.0,2437.0,2400.0,2825.0,-91.0,-4.32715168806467
1536278926,1463019459,EVT-0040,3461.0,4633.0,1128.0,1296.0,1004.0,29.00895694885871
1552813903,1251202242,EVT-0040,8305.0,4576.0,1990.0,1977.0,-3716.0,-44.74413004214329
1686880901,1939052563,EVT-0040,1337.0,1514.0,873.0,893.0,157.0,11.742707554225879
1689916181,1714021262,EVT-0040,2546.0,3319.0,2490.0,3165.0,98.0,3.8491751767478397
1752727945,1223523766,EVT-0040,1061.0,1073.0,1396.0,1308.0,100.0,9.42507068803016
1808826295,1804484495,EVT-0040,2160.0,3121.0,955.0,1016.0,900.0,41.66666666666667
1812815243,1333393084,EVT-0040,2956.0,4077.0,862.0,960.0,1023.0,34.60757780784844
1815807585,1635581279,EVT-0040,2880.0,3835.0,3081.0,4416.0,-380.0,-13.194444444444445
1844747141,1643297637,EVT-0040,1401.0,2130.0,1386.0,1420.0,695.0,49.6074232690935
1896554999,1479078465,EVT-0040,2457.0,3181.0,1014.0,1014.0,724.0,29.46682946682947
1927430854,1393729789,EVT-0040,3281.0,4057.0,4304.0,5973.0,-893.0,-27.217311795184397
1937514325,1296624285,EVT-0040,2084.0,2756.0,1376.0,1301.0,747.0,35.84452975047985
1955620046,1838439200,EVT-0040,1990.0,2924.0,2959.0,3640.0,253.0,12.71356783919598
1026722938,1234985764,EVT-0041,3675.0,5539.0,1291.0,1315.0,1840.0,50.06802721088436
1050705288,1285330571,EVT-0041,4015.0,4849.0,2111.0,2224.0,721.0,17.957658779576587
1065091666,1702446943,EVT-0041,1174.0,1187.0,1582.0,1667.0,-72.0,-6.132879045996593
1219516501,1803339427,EVT-0041,2383.0,3506.0,1720.0,1922.0,921.0,38.64876206462443
1324237324,1257768279,EVT-0041,1555.0,1621.0,1093.0,1204.0,-45.0,-2.8938906752411575
1330156328,1999506508,EVT-0041,1307.0,1406.0,1285.0,1430.0,-46.0,-3.519510328997705
1361521440,1870612441,EVT-0041,1685.0,1774.0,1318.0,1250.0,157.0,9.317507418397627
1365873573,1507069536,EVT-0041,1548.0,1794.0,700.0,634.0,312.0,20.155038759689923
1394609428,1012264374,EVT-0041,3126.0,4699.0,3188.0,4070.0,691.0,22.104926423544466
1435662964,1808677938,EVT-0041,1155.0,1265.0,766.0,707.0,169.0,14.632034632034632
1449048093,1297391371,EVT-0041,448.0,501.0,881.0,957.0,-23.0,-5.133928571428571
1497642888,1657655308,EVT-0041,1215.0,1161.0,972.0,902.0,16.0,1.316872427983539
1518121706,1971977354,EVT-0041,1221.0,1389.0,969.0,893.0,244.0,19.98361998361998
1677860136,1730655531,EVT-0041,1674.0,1928.0,2217.0,2477.0,-6.0,-0.35842293906810035
1704331150,1432188427,EVT-0041,1946.0,2422.0,1956.0,2172.0,260.0,13.360739979445016
1706991829,1801662945,EVT-0041,1687.0,1919.0,1503.0,1692.0,43.0,2.5489033787788973
1746046261,1333043895,EVT-0041,1049.0,1498.0,1263.0,1107.0,605.0,57.67397521448999
1768225918,1551107307,EVT-0041,1954.0,2109.0,1860.0,2276.0,-261.0,-13.357215967246674
1779411515,1835878442,EVT-0041,1776.0,2160.0,773.0,771.0,386.0,21.734234234234233
1803502636,1708639657,EVT-0041,1385.0,1823.0,990.0,1118.0,310.0,22.382671480144403
1180932224,1082909627,EVT-0042,1092.0,1501.0,953.0,1083.0,279.0,25.549450549450547
1009179924,1361620622,EVT-0042,1141.0,1578.0,1336.0,1337.0,436.0,38.21209465381244
1025978341,1730655531,EVT-0042,1328.0,1489.0,1498.0,2017.0,-358.0,-26.957831325301207
1026722938,1234985764,EVT-0042,2037.0,2566.0,1684.0,1849.0,364.0,17.869415807560138
1048976678,1838439200,EVT-0042,639.0,952.0,1070.0,1316.0,67.0,10.485133020344287
1065455036,1642024693,EVT-0042,378.0,399.0,408.0,362.0,67.0,17.724867724867725
1074076039,1923786978,EVT-0042,1275.0,1719.0,1057.0,1302.0,199.0,15.607843137254902
1078096579,1766730505,EVT-0042,726.0,888.0,1305.0,1466.0,1.0,0.13774104683195593
1107038659,1805422742,EVT-0042,780.0,1072.0,1485.0,1721.0,56.0,7.179487179487179
1123148250,1830884742,EVT-0042,1757.0,2141.0,1216.0,1252.0,348.0,19.80648833238475
1139166684,1474100561,EVT-0042,716.0,926.0,433.0,430.0,213.0,29.748603351955303
1194203331,1075683551,EVT-0042,1763.0,2292.0,1202.0,1460.0,271.0,15.371525808281339
1202669523,1041640354,EVT-0042,1427.0,1668.0,501.0,547.0,195.0,13.665031534688158
1265952337,1871372714,EVT-0042,476.0,597.0,631.0,630.0,122.0,25.630252100840334
1271768685,1181360912,EVT-0042,1354.0,1873.0,519.0,570.0,468.0,34.5642540620384
1286477181,1279255164,EVT-0042,998.0,1410.0,860.0,946.0,326.0,32.66533066132264
1299418347,1860037419,EVT-0042,840.0,927.0,1017.0,1069.0,35.0,4.166666666666666
1341556789,1405577143,EVT-0042,1584.0,2207.0,877.0,965.0,535.0,33.775252525252526
1386514024,1933607412,EVT-0042,549.0,657.0,581.0,628.0,61.0,11.11111111111111
1394609428,1012264374,EVT-0042,1790.0,2536.0,1636.0,2226.0,156.0,8.715083798882683
1455779946,1769352273,EVT-0042,764.0,958.0,826.0,936.0,84.0,10.99476439790576
1475115246,1169149543,EVT-0042,819.0,1003.0,244.0,214.0,214.0,26.129426129426133
1492077734,1200346587,EVT-0042,1039.0,1334.0,651.0,734.0,212.0,20.404234841193457
1494868502,1751172259,EVT-0042,367.0,444.0,865.0,893.0,49.0,13.35149863760218
1533003293,1798313247,EVT-0042,680.0,802.0,386.0,370.0,138.0,20.294117647058822
1557944620,1134632102,EVT-0042,887.0,1138.0,412.0,506.0,157.0,17.700112739571587
1595774286,1187084813,EVT-0042,823.0,1020.0,1035.0,1110.0,122.0,14.823815309842042
1598661571,1674708775,EVT-0042,498.0,732.0,603.0,815.0,22.0,4.417670682730924
1648553570,1403453024,EVT-0042,2864.0,4023.0,2165.0,2739.0,585.0,20.425977653631286
1670701188,1908127628,EVT-0042,925.0,1041.0,666.0,699.0,83.0,8.972972972972974
1683943777,1120914548,EVT-0042,1398.0,1910.0,717.0,986.0,243.0,17.381974248927037
1713444978,1935314678,EVT-0042,1267.0,1585.0,879.0,905.0,292.0,23.04656669297553
1714986282,1028050239,EVT-0042,1067.0,1238.0,523.0,494.0,200.0,18.744142455482663
1719186219,1772776476,EVT-0042,723.0,886.0,769.0,690.0,242.0,33.471645919778695
1727463709,1458345984,EVT-0042,368.0,465.0,589.0,552.0,134.0,36.41304347826087
1747637738,1275443434,EVT-0042,403.0,405.0,271.0,300.0,-27.0,-6.699751861042183
1814938340,1743431961,EVT-0042,827.0,967.0,519.0,534.0,125.0,15.114873035066505
1824149854,1026926489,EVT-0042,662.0,817.0,962.0,952.0,165.0,24.924471299093657
1840863041,1340345143,EVT-0042,331.0,498.0,921.0,1112.0,-24.0,-7.250755287009064
1848624494,1135650855,EVT-0042,642.0,742.0,957.0,993.0,64.0,9.968847352024921
1880265578,1083149777,EVT-0042,643.0,822.0,503.0,503.0,179.0,27.838258164852252
1880717263,1632734848,EVT-0042,773.0,835.0,689.0,851.0,-100.0,-12.936610608020699
1025978341,1730655531,EVT-0043,2525.0,3133.0,2217.0,2477.0,348.0,13.782178217821784
1137408567,1805422742,EVT-0043,2608.0,3618.0,2156.0,2185.0,981.0,37.61503067484663
1257723886,1895078685,EVT-0043,2875.0,3911.0,1833.0,1916.0,953.0,33.14782608695652
1324722952,1657655308,EVT-0043,1389.0,1416.0,972.0,902.0,97.0,6.983441324694025
1361521440,1870612441,EVT-0043,1685.0,1774.0,1318.0,1250.0,157.0,9.317507418397627
1394609428,1012264374,EVT-0043,3126.0,4699.0,3188.0,4070.0,691.0,22.104926423544466
1583696442,1295389203,EVT-0043,1255.0,1277.0,1441.0,1392.0,71.0,5.657370517928287
1703413967,1568842342,EVT-0043,1357.0,1530.0,961.0,1016.0,118.0,8.695652173913043
1704331150,1432188427,EVT-0043,1946.0,2422.0,1956.0,2172.0,260.0,13.360739979445016
1749652321,1808677938,EVT-0043,701.0,587.0,766.0,707.0,-55.0,-7.845934379457916
1779411515,1835878442,EVT-0043,1776.0,2160.0,773.0,771.0,386.0,21.734234234234233
1836314447,1231453428,EVT-0043,2299.0,2659.0,1812.0,1946.0,226.0,9.830361026533275
1993463169,1257768279,EVT-0043,1280.0,1624.0,1093.0,1204.0,233.0,18.203125
1041585906,1857629178,EVT-0044,804.0,862.0,456.0,456.0,58.0,7.213930348258707
1209464480,1555114069,EVT-0044,2374.0,2881.0,2028.0,2087.0,448.0,18.871103622577927
1292975558,1195381896,EVT-0044,3405.0,4486.0,1718.0,1997.0,802.0,23.55359765051395
1358245029,1065674784,EVT-0044,1011.0,1122.0,670.0,677.0,104.0,10.286844708209692
1758206720,1695082515,EVT-0044,1115.0,1284.0,482.0,455.0,196.0,17.57847533632287
1811081532,1242598583,EVT-0044,1009.0,1137.0,1517.0,1661.0,-16.0,-1.5857284440039643
1044666919,1907112910,EVT-0045,735.0,1008.0,1517.0,1491.0,299.0,40.68027210884353
1159841240,1429777182,EVT-0045,2876.0,4081.0,3137.0,3504.0,838.0,29.13769123783032
1196385359,1081031506,EVT-0045,2012.0,3027.0,2202.0,2436.0,781.0,38.81709741550696
1398789739,1071299832,EVT-0045,1420.0,1427.0,821.0,825.0,3.0,0.21126760563380279
1413495239,1095874958,EVT-0045,1972.0,2445.0,1379.0,1501.0,351.0,17.799188640973632
1592062677,1026926489,EVT-0045,2142.0,2955.0,1772.0,2211.0,374.0,17.46031746031746
1616418756,1769764832,EVT-0045,1073.0,1222.0,1270.0,1899.0,-480.0,-44.73438956197577
1697719783,1925142923,EVT-0045,1466.0,1721.0,1195.0,1395.0,55.0,3.751705320600273
1728890785,1334266743,EVT-0045,925.0,1338.0,1384.0,1727.0,70.0,7.567567567567568
1836939912,1974446365,EVT-0045,1075.0,1307.0,848.0,904.0,176.0,16.37209302325581
1980975555,1527981900,EVT-0045,1229.0,1572.0,1017.0,1052.0,308.0,25.061025223759152
1022312734,1842420535,EVT-0046,278.0,309.0,370.0,413.0,-12.0,-4.316546762589928
1036327983,1922185990,EVT-0046,240.0,331.0,236.0,271.0,56.0,23.333333333333332
1044666919,1334266743,EVT-0046,1305.0,1437.0,328.0,366.0,94.0,7.203065134099616
1050506165,1838576308,EVT-0046,353.0,509.0,1167.0,1350.0,-27.0,-7.64872521246459
1075036339,1722581836,EVT-0046,188.0,194.0,533.0,568.0,-29.0,-15.425531914893616
1075683551,1371002787,EVT-0046,1202.0,1460.0,1046.0,1115.0,189.0,15.72379367720466
1084471394,1261377760,EVT-0046,1523.0,1686.0,870.0,1025.0,8.0,0.5252790544977018
1098995024,1714021262,EVT-0046,645.0,891.0,1072.0,1375.0,-57.0,-8.837209302325581
1101185407,1381937048,EVT-0046,1386.0,1963.0,675.0,699.0,553.0,39.8989898989899
1133130363,1877046932,EVT-0046,1839.0,2581.0,1070.0,1176.0,636.0,34.58401305057096
1133616429,1064190048,EVT-0046,383.0,450.0,360.0,315.0,112.0,29.242819843342037
1170846871,1393729789,EVT-0046,242.0,286.0,543.0,733.0,-146.0,-60.33057851239669
1180932224,1082909627,EVT-0046,1092.0,1501.0,953.0,1083.0,279.0,25.549450549450547
1246066447,1075689749,EVT-0046,1941.0,2615.0,1086.0,1411.0,349.0,17.980422462648118
1263807582,1473494189,EVT-0046,1713.0,2271.0,1193.0,1346.0,405.0,23.642732049036777
1264333323,1209566128,EVT-0046,652.0,831.0,1791.0,2371.0,-401.0,-61.50306748466258
1271768685,1429255973,EVT-0046,1354.0,1873.0,890.0,967.0,442.0,32.64401772525849
1274985831,1004478891,EVT-0046,940.0,1168.0,208.0,195.0,241.0,25.638297872340427
1300832031,1069143851,EVT-0046,963.0,1427.0,980.0,1104.0,340.0,35.306334371754936
1330017819,1388802401,EVT-0046,3447.0,4396.0,1543.0,1986.0,506.0,14.679431389614155
1333393084,1166978878,EVT-0046,1033.0,1315.0,313.0,299.0,296.0,28.654404646660215
1334266016,1046736322,EVT-0046,1575.0,2093.0,1466.0,1933.0,51.0,3.2380952380952377
1335670091,1181360912,EVT-0046,283.0,338.0,519.0,570.0,4.0,1.4134275618374559
1377426493,1873780039,EVT-0046,1347.0,1805.0,1341.0,1830.0,-31.0,-2.3014105419450632
1385532449,1364720148,EVT-0046,1202.0,1693.0,1790.0,2290.0,-9.0,-0.7487520798668885
1386514024,1933607412,EVT-0046,549.0,657.0,581.0,628.0,61.0,11.11111111111111
1418997171,1099946885,EVT-0046,1626.0,1987.0,1090.0,1261.0,190.0,11.685116851168512
1423152481,1174238463,EVT-0046,1863.0,2449.0,1130.0,1324.0,392.0,21.04133118625872
1453128708,1299832539,EVT-0046,485.0,569.0,273.0,289.0,68.0,14.02061855670103
1475115246,1923786978,EVT-0046,819.0,1003.0,1057.0,1302.0,-61.0,-7.448107448107448
1506356074,1135650855,EVT-0046,1105.0,1320.0,957.0,993.0,179.0,16.199095022624434
1540759788,1529045985,EVT-0046,664.0,803.0,899.0,1007.0,31.0,4.66867469879518
1595301304,1352216182,EVT-0046,886.0,1033.0,797.0,1062.0,-118.0,-13.31828442437923
1610820601,1428222503,EVT-0046,469.0,604.0,182.0,211.0,106.0,22.60127931769723
1616418756,1769764832,EVT-0046,1227.0,1344.0,775.0,982.0,-90.0,-7.334963325183375
1635581279,1363342464,EVT-0046,1464.0,2463.0,2382.0,3011.0,370.0,25.273224043715846
1648553570,1403453024,EVT-0046,2864.0,4023.0,2165.0,2739.0,585.0,20.425977653631286
1670701188,1908127628,EVT-0046,925.0,1041.0,666.0,699.0,83.0,8.972972972972974
1714986282,1028050239,EVT-0046,1067.0,1238.0,523.0,494.0,200.0,18.744142455482663
1721479586,1547660377,EVT-0046,757.0,979.0,1153.0,1299.0,76.0,10.039630118890356
1732527431,1838439200,EVT-0046,1975.0,2618.0,1070.0,1316.0,397.0,20.10126582278481
1742579091,1251202242,EVT-0046,717.0,887.0,994.0,1071.0,93.0,12.97071129707113
1747032997,1058325303,EVT-0046,909.0,1219.0,1032.0,990.0,352.0,38.72387238723872
1747637738,1275443434,EVT-0046,403.0,405.0,271.0,300.0,-27.0,-6.699751861042183
1768225918,1551107307,EVT-0046,661.0,774.0,744.0,970.0,-113.0,-17.095310136157337
1779411515,1835878442,EVT-0046,1158.0,1498.0,642.0,586.0,396.0,34.196891191709845
1812815243,1548652282,EVT-0046,1214.0,1818.0,535.0,642.0,497.0,40.93904448105437
1824172013,1377516020,EVT-0046,3766.0,6065.0,419.0,378.0,2340.0,62.13489113117367
1880717263,1632734848,EVT-0046,773.0,835.0,689.0,851.0,-100.0,-12.936610608020699
1893020424,1987971524,EVT-0046,1497.0,1709.0,499.0,503.0,208.0,13.894455577822312
1903798589,1209829039,EVT-0046,1670.0,2338.0,1071.0,1455.0,284.0,17.005988023952096
1922670785,1892083019,EVT-0046,1974.0,2542.0,1275.0,1455.0,388.0,19.655521783181356
1937514325,1223523766,EVT-0046,1153.0,1451.0,645.0,700.0,243.0,21.075455333911535
1018018261,1058325303,EVT-0047,1682.0,2003.0,929.0,974.0,276.0,16.409036860879905
1025231352,1892307210,EVT-0047,1118.0,1384.0,702.0,788.0,180.0,16.100178890876567
1101185407,1381937048,EVT-0047,699.0,881.0,346.0,386.0,142.0,20.314735336194563
1123148250,1369949932,EVT-0047,1462.0,1788.0,1416.0,1611.0,131.0,8.960328317373461
1139166684,1798488478,EVT-0047,701.0,880.0,263.0,216.0,226.0,32.23965763195435
1216575070,1842420535,EVT-0047,1061.0,1170.0,1362.0,1324.0,147.0,13.854853911404335
1268222167,1529045985,EVT-0047,1910.0,2203.0,923.0,910.0,306.0,16.020942408376964
1357524945,1390939977,EVT-0047,891.0,1430.0,1276.0,1754.0,61.0,6.846240179573512
1358245029,1065674784,EVT-0047,749.0,855.0,1142.0,1051.0,197.0,26.301735647530037
1376656900,1701585576,EVT-0047,476.0,602.0,834.0,1068.0,-108.0,-22.689075630252102
1394609428,1012264374,EVT-0047,2046.0,2961.0,1641.0,2085.0,471.0,23.020527859237536
1460081361,1624547729,EVT-0047,851.0,1107.0,837.0,1001.0,92.0,10.81081081081081
1467704312,1769764832,EVT-0047,1738.0,2319.0,1076.0,1190.0,467.0,26.869965477560413
1474100561,1588179048,EVT-0047,559.0,557.0,497.0,481.0,14.0,2.5044722719141324
1512844550,1103232447,EVT-0047,922.0,965.0,804.0,871.0,-24.0,-2.6030368763557483
1688976343,1422258099,EVT-0047,1786.0,2531.0,1272.0,1271.0,746.0,41.76931690929451
1704492101,1358340028,EVT-0047,256.0,289.0,909.0,999.0,-57.0,-22.265625
1719186219,1772776476,EVT-0047,801.0,839.0,433.0,404.0,67.0,8.3645443196005
1719574174,1987971524,EVT-0047,984.0,1004.0,997.0,974.0,43.0,4.369918699186992
1732527431,1838439200,EVT-0047,1250.0,1550.0,1521.0,1865.0,-44.0,-3.52
1811081532,1242598583,EVT-0047,1296.0,1460.0,1248.0,1219.0,193.0,14.891975308641975
1840863041,1340345143,EVT-0047,1342.0,1425.0,510.0,607.0,-14.0,-1.0432190760059614
1856406925,1056679651,EVT-0047,781.0,1183.0,1219.0,1492.0,129.0,16.51728553137004
1880717263,1632734848,EVT-0047,914.0,1082.0,468.0,510.0,126.0,13.785557986870897
1934829601,1934763735,EVT-0047,1242.0,1530.0,1565.0,2043.0,-190.0,-15.297906602254429
1050705288,1890077344,EVT-0048,3063.0,3859.0,1475.0,1562.0,709.0,23.147241266731964
1139166684,1588179048,EVT-0048,701.0,880.0,497.0,481.0,195.0,27.81740370898716
1202669523,1041640354,EVT-0048,1756.0,2050.0,1564.0,1673.0,185.0,10.535307517084282
1246066447,1075689749,EVT-0048,1289.0,1425.0,1700.0,1982.0,-146.0,-11.326609775019394
1271768685,1181360912,EVT-0048,1157.0,1514.0,572.0,618.0,311.0,26.879861711322384
1352578078,1113953065,EVT-0048,862.0,1052.0,708.0,717.0,181.0,20.99767981438515
1369172659,1168657405,EVT-0048,305.0,386.0,441.0,439.0,83.0,27.21311475409836
1370467684,1893638738,EVT-0048,394.0,396.0,371.0,298.0,75.0,19.035532994923855
1433980129,1417682113,EVT-0048,300.0,428.0,286.0,222.0,192.0,64.0
1436505063,1135650855,EVT-0048,1255.0,1743.0,482.0,474.0,496.0,39.52191235059761
1478412079,1742318383,EVT-0048,1049.0,1174.0,613.0,774.0,-36.0,-3.4318398474737846
1492077734,1766730505,EVT-0048,2822.0,3690.0,809.0,762.0,915.0,32.42381289865344
1533003293,1798313247,EVT-0048,1967.0,2548.0,1009.0,812.0,778.0,39.552618200305034
1547112395,1474100561,EVT-0048,329.0,438.0,559.0,557.0,111.0,33.73860182370821
1592062677,1026926489,EVT-0048,1202.0,1652.0,1431.0,1712.0,169.0,14.05990016638935
1598661571,1121962926,EVT-0048,1073.0,1344.0,1281.0,1649.0,-97.0,-9.040074557315938
1616418756,1769764832,EVT-0048,1106.0,1275.0,1076.0,1190.0,55.0,4.972875226039783
1767249513,1738916414,EVT-0048,1640.0,1728.0,1515.0,1617.0,-14.0,-0.853658536585366
1785764022,1511742359,EVT-0048,1209.0,1481.0,838.0,1042.0,68.0,5.624483043837883
1787619711,1200346587,EVT-0048,2106.0,2671.0,1171.0,1332.0,404.0,19.183285849952515
1903798589,1209829039,EVT-0048,1299.0,1451.0,533.0,506.0,179.0,13.779830638953042
1934763735,1971097054,EVT-0048,1565.0,2043.0,685.0,704.0,459.0,29.329073482428115
1993367014,1041494554,EVT-0048,993.0,1030.0,489.0,436.0,90.0,9.06344410876133
1444774099,1361620622,EVT-0051,941.0,1006.0,952.0,1045.0,-28.0,-2.975557917109458
1103232447,1529873311,EVT-0049,1100.0,1395.0,868.0,884.0,279.0,25.363636363636367
1159841240,1429777182,EVT-0049,2876.0,4081.0,3137.0,3504.0,838.0,29.13769123783032
1409867656,1774691384,EVT-0049,1088.0,1192.0,910.0,843.0,171.0,15.716911764705882
1512844550,1388802401,EVT-0049,1428.0,1726.0,1573.0,2051.0,-180.0,-12.605042016806722
1592062677,1026926489,EVT-0049,2142.0,2955.0,1772.0,2211.0,374.0,17.46031746031746
1635476009,1071299832,EVT-0049,1160.0,1530.0,821.0,825.0,366.0,31.551724137931036
1769764832,1527981900,EVT-0049,1270.0,1899.0,1017.0,1052.0,594.0,46.77165354330708
1921646299,1081031506,EVT-0049,2380.0,3476.0,2202.0,2436.0,862.0,36.21848739495798
1041585906,1857629178,EVT-0050,413.0,613.0,556.0,540.0,216.0,52.300242130750604
1139166684,1588179048,EVT-0050,716.0,926.0,307.0,348.0,169.0,23.60335195530726
1198262952,1536141264,EVT-0050,485.0,608.0,359.0,522.0,-40.0,-8.24742268041237
1238983617,1713731663,EVT-0050,833.0,1023.0,1024.0,1276.0,-62.0,-7.44297719087635
1246448348,1443907526,EVT-0050,1435.0,1669.0,1222.0,1527.0,-71.0,-4.94773519163763
1264333323,1209566128,EVT-0050,652.0,831.0,1791.0,2371.0,-401.0,-61.50306748466258
1273912869,1775551348,EVT-0050,598.0,697.0,1020.0,1174.0,-55.0,-9.197324414715718
1315385710,1767508967,EVT-0050,2236.0,3070.0,1179.0,1307.0,706.0,31.5742397137746
1389574017,1976707814,EVT-0050,843.0,1175.0,328.0,285.0,375.0,44.48398576512456
1533003293,1798313247,EVT-0050,680.0,802.0,386.0,370.0,138.0,20.294117647058822
1592123891,1877046932,EVT-0050,582.0,949.0,1070.0,1176.0,261.0,44.84536082474227
1616839134,1602648309,EVT-0050,1187.0,1515.0,1008.0,1438.0,-102.0,-8.593091828138164
1644815767,1851932792,EVT-0050,1408.0,1911.0,993.0,1112.0,384.0,27.27272727272727
1645233598,1730655531,EVT-0050,1884.0,2606.0,1498.0,2017.0,203.0,10.774946921443737
1655727265,1632734848,EVT-0050,461.0,645.0,689.0,851.0,22.0,4.772234273318872
1681501296,1722581836,EVT-0050,373.0,355.0,533.0,568.0,-53.0,-14.209115281501342
1688976343,1736829924,EVT-0050,1318.0,1801.0,561.0,568.0,476.0,36.11532625189681
1742859469,1738916414,EVT-0050,1121.0,1570.0,480.0,482.0,447.0,39.87511150758252
1779411515,1835878442,EVT-0050,1158.0,1498.0,642.0,586.0,396.0,34.196891191709845
1808826295,1804484495,EVT-0050,1180.0,1537.0,777.0,463.0,671.0,56.86440677966102
1844747141,1873780039,EVT-0050,1904.0,2373.0,1341.0,1830.0,-20.0,-1.050420168067227
1854852153,1308498975,EVT-0050,1227.0,1248.0,490.0,583.0,-72.0,-5.8679706601467
1923786978,1451721462,EVT-0050,1057.0,1302.0,1521.0,1879.0,-113.0,-10.690633869441816
1944079924,1643343233,EVT-0050,647.0,799.0,706.0,718.0,140.0,21.638330757341574
1123148250,1369949932,EVT-0051,1232.0,1528.0,1689.0,2390.0,-405.0,-32.87337662337662
1475115246,1751172259,EVT-0051,3158.0,3672.0,1760.0,1647.0,627.0,19.85433818872704
1655321622,1848800052,EVT-0051,1882.0,2051.0,1774.0,1995.0,-52.0,-2.763018065887354
1657725655,1120914548,EVT-0051,3202.0,4209.0,1610.0,2113.0,504.0,15.740162398500937
1710163217,1860037419,EVT-0051,1501.0,1693.0,1457.0,2830.0,-1181.0,-78.68087941372418
1908127628,1743431961,EVT-0051,962.0,999.0,966.0,815.0,188.0,19.542619542619544
1467704312,1879821175,EVT-0049,1161.0,1314.0,1334.0,1586.0,-99.0,-8.527131782945736
1123148250,1830884742,EVT-0052,1294.0,1507.0,561.0,598.0,176.0,13.601236476043276
1368009035,1848800052,EVT-0052,1561.0,1933.0,1755.0,1991.0,136.0,8.712363869314542
1376656900,1369949932,EVT-0052,1640.0,1732.0,1727.0,2477.0,-658.0,-40.1219512195122
1478412079,1742318383,EVT-0052,2333.0,2641.0,1521.0,1553.0,276.0,11.830261465923703
1631526641,1234567687,EVT-0052,1306.0,1309.0,1465.0,1448.0,20.0,1.5313935681470139
1648553570,1823309871,EVT-0052,1698.0,2210.0,1801.0,2165.0,148.0,8.716136631330977
1724092733,1860037419,EVT-0052,2216.0,2783.0,1441.0,2855.0,-847.0,-38.222021660649816
1934829601,1971097054,EVT-0052,1779.0,2397.0,1283.0,1289.0,612.0,34.40134907251265
1969108517,1083149777,EVT-0052,1170.0,1241.0,1823.0,1774.0,120.0,10.256410256410255
1018018261,1714021262,EVT-0053,2416.0,3467.0,2486.0,3260.0,277.0,11.465231788079471
1048976678,1892083019,EVT-0053,2345.0,3105.0,1917.0,2282.0,395.0,16.844349680170577
1084919582,1174238463,EVT-0053,2290.0,2960.0,1393.0,1490.0,573.0,25.021834061135372
1190842652,1219172859,EVT-0053,1054.0,1209.0,1150.0,1380.0,-75.0,-7.115749525616698
1216575070,1548652282,EVT-0053,2732.0,2960.0,2404.0,2789.0,-157.0,-5.746705710102489
1227780172,1566276774,EVT-0053,6097.0,7891.0,4127.0,4836.0,1085.0,17.795637198622273
1264333323,1209566128,EVT-0053,3143.0,4308.0,3176.0,3905.0,436.0,13.87209672287623
1355374483,1873780039,EVT-0053,1905.0,2230.0,1860.0,2066.0,119.0,6.246719160104987
1385532449,1364720148,EVT-0053,2861.0,4097.0,1646.0,2265.0,617.0,21.56588605382733
1397955463,1838439200,EVT-0053,2574.0,3322.0,3032.0,3693.0,87.0,3.37995337995338
1418997171,1099946885,EVT-0053,2880.0,3329.0,1259.0,1086.0,622.0,21.59722222222222
1423152481,1512866082,EVT-0053,2659.0,3403.0,1588.0,1458.0,874.0,32.869499811959386
1456299035,1082909627,EVT-0053,1381.0,1497.0,1030.0,1081.0,65.0,4.706734250543085
1567742360,1296624285,EVT-0053,896.0,1034.0,1354.0,1259.0,233.0,26.004464285714285
1615059528,1200096471,EVT-0053,1483.0,1899.0,1301.0,1457.0,260.0,17.532029669588674
1635581279,1363342464,EVT-0053,3323.0,4525.0,2662.0,3521.0,343.0,10.32199819440265
1639269087,1767508967,EVT-0053,1258.0,1388.0,2245.0,2473.0,-98.0,-7.790143084260731
1686880901,1939052563,EVT-0053,1395.0,1527.0,885.0,851.0,166.0,11.899641577060931
1721479586,1643297637,EVT-0053,2374.0,2666.0,1428.0,1430.0,290.0,12.215669755686605
1725623817,1412773438,EVT-0053,3416.0,4143.0,3531.0,4700.0,-442.0,-12.939110070257613
1808826295,1804484495,EVT-0053,2413.0,3163.0,943.0,1021.0,672.0,27.849150435142977
1812815243,1181360912,EVT-0053,3277.0,4181.0,1330.0,1343.0,891.0,27.189502593835822
1815807585,1997693654,EVT-0053,3019.0,4032.0,1495.0,1715.0,793.0,26.266975819807882
1877046932,1251202242,EVT-0053,2383.0,2884.0,1937.0,1954.0,484.0,20.310532941670164
1922670785,1240393805,EVT-0053,1855.0,2705.0,1026.0,1183.0,693.0,37.35849056603773
1927430854,1393729789,EVT-0053,3271.0,4298.0,4379.0,6131.0,-725.0,-22.16447569550596
1961509027,1184426066,EVT-0053,781.0,798.0,785.0,710.0,92.0,11.7797695262484
1689916181,1762971749,EVT-0053,2692.0,3307.0,1407.0,1509.0,513.0,19.056463595839524
1011940271,1297391371,EVT-0054,1186.0,1315.0,924.0,916.0,137.0,11.551433389544687
1025978341,1730655531,EVT-0054,2703.0,3128.0,2267.0,2501.0,191.0,7.066222715501295
1026722938,1935314678,EVT-0054,3920.0,5520.0,1483.0,1576.0,1507.0,38.44387755102041
1050705288,1285330571,EVT-0054,4226.0,5093.0,2079.0,2232.0,714.0,16.89540937056318
1136500869,1890077344,EVT-0054,1486.0,2057.0,1690.0,1696.0,565.0,38.02153432032301
1137408567,1805422742,EVT-0054,2582.0,3763.0,2196.0,2160.0,1217.0,47.134004647560026
1267903205,1225504491,EVT-0054,891.0,862.0,756.0,726.0,1.0,0.11223344556677892
1330156328,1999506508,EVT-0054,1383.0,1330.0,1269.0,1376.0,-160.0,-11.569052783803325
1361521440,1870612441,EVT-0054,1674.0,1812.0,1305.0,1210.0,233.0,13.918757467144562
1394609428,1012264374,EVT-0054,3287.0,4720.0,3360.0,3936.0,857.0,26.07240644965014
1435662964,1808677938,EVT-0054,1111.0,1261.0,745.0,711.0,184.0,16.56165616561656
1551107307,1803339427,EVT-0054,1943.0,2247.0,1721.0,1919.0,106.0,5.455481214616572
1704331150,1432188427,EVT-0054,2024.0,2460.0,1890.0,2120.0,206.0,10.17786561264822
1717519684,1234985764,EVT-0054,2226.0,2085.0,1304.0,1250.0,-87.0,-3.908355795148248
1779411515,1801662945,EVT-0054,1826.0,2150.0,1596.0,1720.0,200.0,10.952902519167578
1880426881,1400951004,EVT-0054,2217.0,2856.0,2170.0,2542.0,267.0,12.043301759133964
1885387740,1174785596,EVT-0054,3918.0,4518.0,1859.0,1639.0,820.0,20.929045431342523
1031568581,1113953065,EVT-0055,2709.0,3034.0,2662.0,2688.0,299.0,11.037283130306385
1050506165,1838576308,EVT-0055,1725.0,2068.0,1015.0,1132.0,226.0,13.10144927536232
1075036339,1722581836,EVT-0055,1116.0,1278.0,929.0,869.0,222.0,19.892473118279568
1113023042,1727524690,EVT-0055,882.0,1040.0,616.0,529.0,245.0,27.77777777777778
1139166684,1798488478,EVT-0055,1520.0,1630.0,421.0,419.0,112.0,7.368421052631578
1204959187,1502571429,EVT-0055,1036.0,1076.0,1104.0,1239.0,-95.0,-9.16988416988417
1238983617,1713731663,EVT-0055,4348.0,6017.0,1386.0,1649.0,1406.0,32.33670653173873
1250474354,1546273719,EVT-0055,684.0,741.0,1140.0,1167.0,30.0,4.385964912280701
1262874856,1893638738,EVT-0055,668.0,847.0,408.0,381.0,206.0,30.83832335329341
1389574017,1976707814,EVT-0055,1552.0,1813.0,1049.0,987.0,323.0,20.811855670103093
1433980129,1417682113,EVT-0055,1594.0,1824.0,386.0,345.0,271.0,17.00125470514429
1474100561,1588179048,EVT-0055,733.0,666.0,1054.0,984.0,3.0,0.4092769440654843
1533003293,1798313247,EVT-0055,1614.0,1938.0,732.0,718.0,338.0,20.941759603469638
1647700669,1113190601,EVT-0055,950.0,920.0,782.0,700.0,52.0,5.473684210526316
1696606064,1340455504,EVT-0055,899.0,929.0,683.0,761.0,-48.0,-5.3392658509454956
1704308638,1349686455,EVT-0055,2676.0,2958.0,1527.0,1898.0,-89.0,-3.3258594917787745
1742859469,1738916414,EVT-0055,1780.0,2205.0,1049.0,1252.0,222.0,12.47191011235955
1761262934,1573445784,EVT-0055,1534.0,1709.0,1309.0,1170.0,314.0,20.469361147327252
1880717263,1632734848,EVT-0055,2141.0,2275.0,1448.0,1530.0,52.0,2.4287716020551144
1889776344,1320611266,EVT-0055,1224.0,1541.0,1144.0,1298.0,163.0,13.316993464052288
1169238601,1766730505,EVT-0056,1620.0,1669.0,1851.0,2003.0,-103.0,-6.3580246913580245
1265952337,1871372714,EVT-0056,2569.0,2960.0,1564.0,1717.0,238.0,9.264305177111716
1286477181,1279255164,EVT-0056,1223.0,1324.0,1428.0,1513.0,16.0,1.3082583810302535
1341556789,1405577143,EVT-0056,5532.0,7397.0,1636.0,2072.0,1429.0,25.831525668835866
1361620622,1069143851,EVT-0056,957.0,1030.0,1814.0,1671.0,216.0,22.570532915360502
1460081361,1746587884,EVT-0056,1077.0,1300.0,1098.0,1065.0,256.0,23.769730733519033
1475115246,1751172259,EVT-0056,3287.0,3854.0,1740.0,1651.0,656.0,19.957407970794037
1624547729,1779918477,EVT-0056,1462.0,1741.0,1127.0,1048.0,358.0,24.48700410396717
1648553570,1823309871,EVT-0056,1698.0,2210.0,1801.0,2165.0,148.0,8.716136631330977
1672904236,1848800052,EVT-0056,1422.0,1829.0,1755.0,1991.0,171.0,12.025316455696203
1683943777,1120914548,EVT-0056,2077.0,2434.0,1627.0,2146.0,-162.0,-7.799711121810303
1710163217,1860037419,EVT-0056,1539.0,1692.0,1441.0,2855.0,-1261.0,-81.93632228719949
1847562299,1656483868,EVT-0056,783.0,933.0,1280.0,1227.0,203.0,25.925925925925924
1856406925,1056679651,EVT-0056,1310.0,1401.0,1546.0,1632.0,5.0,0.38167938931297707
1934829601,1971097054,EVT-0056,1779.0,2397.0,1283.0,1289.0,612.0,34.40134907251265
1969108517,1083149777,EVT-0056,1170.0,1241.0,1823.0,1774.0,120.0,10.256410256410255
1050705288,1890077344,EVT-0057,3178.0,4018.0,1501.0,1535.0,806.0,25.361862806796726
1137408567,1730655531,EVT-0057,2990.0,4293.0,1005.0,1130.0,1178.0,39.397993311036785
1139166684,1588179048,EVT-0057,703.0,919.0,511.0,484.0,243.0,34.56614509246088
1145899849,1851932792,EVT-0057,1453.0,1811.0,843.0,869.0,332.0,22.849277357192015
1170846871,1363342464,EVT-0057,1895.0,2338.0,2177.0,2944.0,-324.0,-17.0976253298153
1180932224,1838439200,EVT-0057,1289.0,1706.0,1575.0,1876.0,116.0,8.99922420480993
1194203331,1499123879,EVT-0057,1370.0,1454.0,915.0,1017.0,-18.0,-1.313868613138686
1223523766,1547660377,EVT-0057,178.0,171.0,601.0,567.0,27.0,15.168539325842698
1227780172,1412773438,EVT-0057,944.0,1345.0,2100.0,2891.0,-390.0,-41.313559322033896
1271768685,1181360912,EVT-0057,1214.0,1597.0,548.0,623.0,308.0,25.370675453047774
1374281198,1838576308,EVT-0057,633.0,766.0,514.0,559.0,88.0,13.902053712480253
1425340662,1783823739,EVT-0057,2124.0,2521.0,1628.0,2412.0,-387.0,-18.220338983050848
1456299035,1804484495,EVT-0057,1165.0,1249.0,1551.0,1563.0,72.0,6.180257510729613
1484724632,1762971749,EVT-0057,929.0,1158.0,975.0,1105.0,99.0,10.656620021528525
1509977165,1099946885,EVT-0057,5939.0,8018.0,1134.0,1124.0,2089.0,35.17427176292305
1566888198,1529045985,EVT-0057,1463.0,1535.0,975.0,881.0,166.0,11.346548188653452
1567742360,1873780039,EVT-0057,2204.0,2261.0,1305.0,1462.0,-100.0,-4.537205081669692
1621199177,1174238463,EVT-0057,1637.0,1855.0,582.0,699.0,101.0,6.169822846670739
1639269087,1209566128,EVT-0057,895.0,1110.0,1192.0,1596.0,-189.0,-21.11731843575419
1688976343,1422258099,EVT-0057,1910.0,2574.0,1295.0,1233.0,726.0,38.010471204188484
1725623817,1219172859,EVT-0057,1398.0,1863.0,1209.0,1519.0,155.0,11.087267525035765
1785764022,1511742359,EVT-0057,1185.0,1438.0,847.0,959.0,141.0,11.89873417721519
1812815243,1842420535,EVT-0057,1324.0,1637.0,1439.0,1383.0,369.0,27.870090634441087
1848624494,1135650855,EVT-0057,1332.0,3830.0,483.0,465.0,2516.0,188.88888888888889
1922670785,1393729789,EVT-0057,2197.0,2714.0,1200.0,1502.0,215.0,9.786071916249432
1927430854,1082909627,EVT-0057,1774.0,2309.0,1130.0,1172.0,493.0,27.79030439684329
1955620046,1364720148,EVT-0057,1460.0,2093.0,1018.0,1313.0,338.0,23.15068493150685
1991291398,1795350721,EVT-0057,2642.0,3394.0,2046.0,2279.0,519.0,19.644208932626796
1019230758,1534239003,EVT-0058,929.0,1107.0,726.0,705.0,199.0,21.420882669537136
1044379984,1765233105,EVT-0058,1472.0,1538.0,880.0,926.0,20.0,1.358695652173913
1085110611,1821714619,EVT-0058,588.0,654.0,680.0,588.0,158.0,26.87074829931973
1133616429,1064190048,EVT-0058,1235.0,1362.0,1006.0,1128.0,5.0,0.4048582995951417
1244876920,1001999733,EVT-0058,588.0,631.0,435.0,392.0,86.0,14.625850340136054
1467704312,1879821175,EVT-0058,1178.0,1317.0,1385.0,1620.0,-96.0,-8.149405772495756
1616418756,1914644640,EVT-0058,1123.0,1215.0,1363.0,1443.0,12.0,1.068566340160285
1635476009,1071299832,EVT-0058,1259.0,1574.0,835.0,834.0,316.0,25.09928514694202
1769764832,1527981900,EVT-0058,1240.0,1844.0,995.0,1105.0,494.0,39.83870967741935
1199976907,1121962926,EVT-0059,1555.0,1720.0,2004.0,2262.0,-93.0,-5.980707395498392
1246066447,1010852790,EVT-0059,2873.0,3519.0,1338.0,1359.0,625.0,21.7542638357118
1274985831,1795350721,EVT-0059,1738.0,1768.0,1197.0,1462.0,-235.0,-13.521288837744533
1279507085,1601451010,EVT-0059,2015.0,2541.0,1669.0,1763.0,432.0,21.439205955334987
1386832996,1484424456,EVT-0059,1115.0,1237.0,1267.0,1150.0,239.0,21.434977578475337
1598661571,1674708775,EVT-0059,2573.0,2863.0,2325.0,2690.0,-75.0,-2.9148853478429846
1616839134,1602648309,EVT-0059,5121.0,6027.0,3486.0,4001.0,391.0,7.635227494629955
1647196991,1196400158,EVT-0059,3232.0,4244.0,1349.0,1367.0,994.0,30.754950495049506
1808310134,1075689749,EVT-0059,1931.0,2150.0,2274.0,2846.0,-353.0,-18.280683583635422
1944079924,1643343233,EVT-0059,3847.0,4719.0,1803.0,2015.0,660.0,17.15622563036132
1423152481,1082909627,EVT-0061,2656.0,3447.0,1028.0,1105.0,714.0,26.882530120481928
1050705288,1231453428,EVT-0060,4233.0,5303.0,1899.0,1883.0,1086.0,25.655563430191354
1065091666,1702446943,EVT-0060,1278.0,1210.0,1586.0,1605.0,-87.0,-6.807511737089202
1076376403,1805422742,EVT-0060,3364.0,3834.0,2214.0,2210.0,474.0,14.090368608799048
1136500869,1890077344,EVT-0060,1506.0,1959.0,1696.0,1724.0,425.0,28.220451527224437
1364458855,1694658844,EVT-0060,1806.0,1852.0,2073.0,2071.0,48.0,2.6578073089700998
1449048093,1657655308,EVT-0060,481.0,485.0,909.0,921.0,-8.0,-1.6632016632016633
1453128708,1299832539,EVT-0060,1899.0,2225.0,1550.0,1419.0,457.0,24.065297525013165
1455101661,1769333869,EVT-0060,2356.0,2559.0,1963.0,1728.0,438.0,18.59083191850594
1666389063,1223528765,EVT-0060,707.0,741.0,935.0,906.0,63.0,8.91089108910891
1677860136,1730655531,EVT-0060,1766.0,1951.0,2336.0,2477.0,44.0,2.491506228765572
1703413967,1568842342,EVT-0060,1401.0,1449.0,956.0,952.0,52.0,3.7116345467523195
1738903891,1285330571,EVT-0060,2839.0,3303.0,2165.0,2208.0,421.0,14.829165199013739
1898803444,1156754057,EVT-0060,1401.0,1285.0,374.0,274.0,-16.0,-1.1420413990007139
1949335115,1100495849,EVT-0060,3369.0,4207.0,2299.0,2895.0,242.0,7.183140397744138
1084471394,1261377760,EVT-0061,1610.0,1669.0,1489.0,1482.0,66.0,4.099378881987578
1101185407,1429255973,EVT-0061,3456.0,4360.0,642.0,656.0,890.0,25.752314814814813
1138281740,1851932792,EVT-0061,1362.0,1649.0,1151.0,1165.0,273.0,20.044052863436125
1170846871,1363342464,EVT-0061,2269.0,3022.0,2707.0,3786.0,-326.0,-14.367562802996915
1216575070,1548652282,EVT-0061,2821.0,2956.0,2508.0,2729.0,-86.0,-3.0485643388869197
1271768685,1166978878,EVT-0061,2178.0,2918.0,524.0,425.0,839.0,38.521579430670336
1296552940,1762971749,EVT-0061,2026.0,2137.0,1364.0,1472.0,3.0,0.14807502467917077
1315385710,1251202242,EVT-0061,6063.0,8035.0,1898.0,1921.0,1949.0,32.145802408048816
1397955463,1838439200,EVT-0061,2813.0,3553.0,3198.0,4002.0,-64.0,-2.2751510842516884
1418997171,1209566128,EVT-0061,3073.0,3496.0,3231.0,3926.0,-272.0,-8.85128538887081
1451968915,1275443434,EVT-0061,1509.0,1676.0,1255.0,1271.0,151.0,10.006626905235255
1526669415,1289174306,EVT-0061,1542.0,1651.0,1161.0,1048.0,222.0,14.396887159533073
1639269087,1767508967,EVT-0061,1368.0,1357.0,2285.0,2601.0,-327.0,-23.903508771929825
1689059347,1224230882,EVT-0061,1446.0,1378.0,1148.0,1163.0,-83.0,-5.739972337482711
1689916181,1714021262,EVT-0061,2878.0,3597.0,2536.0,3246.0,9.0,0.3127171646977068
1707435529,1997693654,EVT-0061,2319.0,2744.0,1572.0,1699.0,298.0,12.850366537300562
1725623817,1412773438,EVT-0061,3612.0,4282.0,3712.0,4799.0,-417.0,-11.544850498338871
1732527431,1174238463,EVT-0061,2163.0,2583.0,1440.0,1464.0,396.0,18.307905686546462
1742100898,1381937048,EVT-0061,573.0,480.0,1333.0,1330.0,-90.0,-15.706806282722512
1747032997,1058325303,EVT-0061,1467.0,1787.0,1716.0,1655.0,381.0,25.971370143149286
1747637738,1529045985,EVT-0061,799.0,813.0,824.0,982.0,-144.0,-18.02252816020025
1803233885,1364720148,EVT-0061,1850.0,2295.0,1697.0,2337.0,-195.0,-10.54054054054054
1824172013,1181360912,EVT-0061,1840.0,2513.0,1373.0,1317.0,729.0,39.619565217391305
1832506087,1842420535,EVT-0061,4597.0,6058.0,781.0,995.0,1247.0,27.12638677398303
1849328657,1135650855,EVT-0061,1522.0,1565.0,1704.0,1414.0,333.0,21.87910643889619
1924355757,1812123887,EVT-0061,2097.0,2693.0,2349.0,2560.0,385.0,18.359561278016216
1927430854,1393729789,EVT-0061,3394.0,4218.0,4425.0,5946.0,-697.0,-20.536240424278137
1937514325,1873780039,EVT-0061,2208.0,2837.0,1890.0,2034.0,485.0,21.96557971014493
1048976678,1174238463,EVT-0062,746.0,994.0,1145.0,1395.0,-2.0,-0.2680965147453083
1050705288,1890077344,EVT-0062,937.0,1146.0,554.0,607.0,156.0,16.64887940234792
1076376403,1730655531,EVT-0062,925.0,1166.0,1582.0,2113.0,-290.0,-31.351351351351354
1132792726,1168657405,EVT-0062,738.0,957.0,548.0,625.0,142.0,19.241192411924118
1159841240,1429777182,EVT-0062,745.0,944.0,838.0,827.0,210.0,28.187919463087248
1169238601,1766730505,EVT-0062,1039.0,1081.0,1382.0,1397.0,27.0,2.598652550529355
1190842652,1219172859,EVT-0062,1008.0,1141.0,606.0,710.0,29.0,2.876984126984127
1204261733,1838809964,EVT-0062,1443.0,1610.0,724.0,686.0,205.0,14.206514206514207
1219516501,1935314678,EVT-0062,1325.0,1486.0,893.0,891.0,163.0,12.30188679245283
1229022169,1423946593,EVT-0062,1534.0,1557.0,1330.0,1303.0,50.0,3.259452411994785
1250474354,1546273719,EVT-0062,334.0,303.0,1221.0,1210.0,-20.0,-5.9880239520958085
1358340028,1775891033,EVT-0062,227.0,230.0,352.0,397.0,-42.0,-18.502202643171806
1389574017,1976707814,EVT-0062,911.0,1170.0,320.0,295.0,284.0,31.174533479692645
1397955463,1364720148,EVT-0062,3095.0,3715.0,1933.0,2390.0,163.0,5.266558966074313
1475115246,1169149543,EVT-0062,893.0,1077.0,249.0,198.0,235.0,26.31578947368421
1645233598,1805422742,EVT-0062,2214.0,2725.0,1617.0,1774.0,354.0,15.989159891598916
1670701188,1451721462,EVT-0062,993.0,1075.0,1621.0,1840.0,-137.0,-13.79657603222558
1688976343,1736829924,EVT-0062,1430.0,1957.0,544.0,572.0,499.0,34.89510489510489
1702497342,1100495849,EVT-0062,1130.0,1287.0,2037.0,3006.0,-812.0,-71.85840707964601
1704331150,1432188427,EVT-0062,1259.0,1543.0,1155.0,1609.0,-170.0,-13.502779984114376
1836314447,1231453428,EVT-0062,660.0,588.0,467.0,457.0,-62.0,-9.393939393939393
1880426881,1400951004,EVT-0062,969.0,1140.0,705.0,814.0,62.0,6.398348813209494
1002145427,1099946885,EVT-0063,1214.0,1498.0,1141.0,1124.0,301.0,24.794069192751238
1048976678,1773180629,EVT-0063,1305.0,1553.0,1620.0,1731.0,137.0,10.49808429118774
1050705288,1890077344,EVT-0063,3199.0,4133.0,1556.0,1545.0,945.0,29.540481400437635
1133616429,1064190048,EVT-0063,1206.0,1316.0,818.0,849.0,79.0,6.550580431177446
1159841240,1026926489,EVT-0063,3168.0,3841.0,1604.0,1654.0,623.0,19.66540404040404
1180932224,1572180861,EVT-0063,1379.0,1698.0,600.0,606.0,313.0,22.69760696156635
1189769080,1209566128,EVT-0063,1494.0,1834.0,1215.0,1667.0,-112.0,-7.49665327978581
1241711534,1200096471,EVT-0063,666.0,747.0,675.0,834.0,-78.0,-11.711711711711711
1251567115,1529045985,EVT-0063,703.0,778.0,993.0,920.0,148.0,21.052631578947366
1263807582,1261377760,EVT-0063,2492.0,3228.0,1025.0,982.0,779.0,31.26003210272873
1341556789,1405577143,EVT-0063,4033.0,5309.0,2593.0,3010.0,859.0,21.299280932308456
1390939977,1696806755,EVT-0063,1338.0,1917.0,395.0,437.0,537.0,40.134529147982065
1397955463,1393729789,EVT-0063,1662.0,2057.0,1159.0,1582.0,-28.0,-1.684717208182912
1425340662,1783823739,EVT-0063,2101.0,2525.0,1642.0,2430.0,-364.0,-17.32508329366968
1425610817,1295857761,EVT-0063,396.0,487.0,546.0,459.0,178.0,44.94949494949495
1449331358,1798488478,EVT-0063,446.0,456.0,244.0,219.0,35.0,7.847533632286996
1456207657,1181360912,EVT-0063,1644.0,1943.0,529.0,618.0,210.0,12.773722627737227
1481247389,1838439200,EVT-0063,1114.0,1123.0,1660.0,1879.0,-210.0,-18.850987432675044
1526669415,1289174306,EVT-0063,1275.0,1510.0,1168.0,1262.0,141.0,11.058823529411764
1541422121,1508064668,EVT-0063,963.0,834.0,645.0,533.0,-17.0,-1.7653167185877467
1546151204,1058325303,EVT-0063,709.0,858.0,993.0,962.0,180.0,25.38787023977433
1566888198,1135650855,EVT-0063,1553.0,1491.0,518.0,470.0,-14.0,-0.901481004507405
1592123891,1767508967,EVT-0063,1902.0,2647.0,497.0,538.0,704.0,37.013669821240796
1610177150,1793685516,EVT-0063,1922.0,2489.0,1631.0,1637.0,561.0,29.188345473465137
1621199177,1804484495,EVT-0063,1632.0,1916.0,1592.0,1514.0,362.0,22.181372549019606
1645233598,1400951004,EVT-0063,2455.0,3250.0,1748.0,1620.0,923.0,37.596741344195515
1712965692,1332815285,EVT-0063,563.0,663.0,711.0,594.0,217.0,38.54351687388988
1719574174,1987971524,EVT-0063,993.0,994.0,910.0,957.0,-46.0,-4.632426988922457
1721479586,1873780039,EVT-0063,1450.0,1888.0,1335.0,1521.0,252.0,17.379310344827587
1732527431,1364720148,EVT-0063,1452.0,1526.0,1085.0,1399.0,-240.0,-16.528925619834713
1740047711,1174238463,EVT-0063,863.0,855.0,577.0,670.0,-101.0,-11.703360370799537
1742579091,1251202242,EVT-0063,1671.0,2257.0,559.0,547.0,598.0,35.7869539198085
1806479196,1134632102,EVT-0063,1046.0,1046.0,1997.0,2314.0,-317.0,-30.30592734225621
1808826295,1997693654,EVT-0063,2270.0,2886.0,1019.0,1043.0,592.0,26.079295154185022
1812815243,1842420535,EVT-0063,1399.0,1621.0,1363.0,1373.0,212.0,15.153681200857754
1815807585,1310164813,EVT-0063,1078.0,1433.0,445.0,505.0,295.0,27.365491651205936
1836314447,1231453428,EVT-0063,701.0,640.0,459.0,454.0,-56.0,-7.988587731811697
1908168895,1224230882,EVT-0063,775.0,960.0,700.0,803.0,82.0,10.580645161290322
1922670785,1363342464,EVT-0063,2232.0,2733.0,2328.0,3017.0,-188.0,-8.422939068100359
1924355757,1412773438,EVT-0063,2195.0,3042.0,2133.0,3006.0,-26.0,-1.184510250569476
1927430854,1082909627,EVT-0063,1968.0,2368.0,1080.0,1104.0,376.0,19.10569105691057
1989798412,1046736322,EVT-0063,2150.0,3079.0,799.0,933.0,795.0,36.97674418604651
1074076039,1751172259,EVT-0064,2295.0,2953.0,1645.0,1566.0,737.0,32.113289760348586
1202669523,1041640354,EVT-0064,1844.0,1887.0,1165.0,1055.0,153.0,8.297180043383948
1265952337,1871372714,EVT-0064,2609.0,3065.0,1654.0,1761.0,349.0,13.376772709850519
1300832031,1069143851,EVT-0064,1021.0,956.0,1802.0,1774.0,-37.0,-3.623898139079334
1443520683,1200346587,EVT-0064,1097.0,1113.0,1436.0,1542.0,-90.0,-8.20419325432999
1460081361,1056679651,EVT-0064,1119.0,1347.0,1573.0,1625.0,176.0,15.728328865058089
1492077734,1766730505,EVT-0064,3249.0,3838.0,1928.0,2092.0,425.0,13.080947983995076
1516074709,1323611925,EVT-0064,2062.0,2696.0,1610.0,1429.0,815.0,39.52473326867119
1631526641,1234567687,EVT-0064,1313.0,1293.0,1414.0,1437.0,-43.0,-3.2749428789032753
1648553570,1823309871,EVT-0064,1843.0,2350.0,1785.0,2186.0,106.0,5.751492132392838
1670701188,1451721462,EVT-0064,2771.0,2984.0,1425.0,1635.0,3.0,0.10826416456153012
1732000645,1036176265,EVT-0064,2972.0,3568.0,2319.0,2645.0,270.0,9.08479138627187
1787619711,1083149777,EVT-0064,3657.0,4617.0,1798.0,1700.0,1058.0,28.930817610062892
1934763735,1977228745,EVT-0064,973.0,1013.0,1039.0,1193.0,-114.0,-11.71634121274409
1934829601,1971097054,EVT-0064,1888.0,2401.0,1317.0,1233.0,597.0,31.62076271186441
1002145427,1058325303,EVT-0065,1214.0,1498.0,993.0,962.0,315.0,25.947281713344317
1026722938,1234985764,EVT-0065,2090.0,2539.0,1381.0,1318.0,512.0,24.497607655502392
1040239976,1993874985,EVT-0065,759.0,797.0,1127.0,1111.0,54.0,7.114624505928854
1101185407,1381937048,EVT-0065,773.0,867.0,371.0,368.0,97.0,12.548512289780078
1136500869,1890077344,EVT-0065,1925.0,2230.0,1556.0,1545.0,316.0,16.415584415584416
1137408567,1730655531,EVT-0065,3170.0,4413.0,1008.0,1113.0,1138.0,35.89905362776025
1144669185,1099946885,EVT-0065,3830.0,4650.0,1141.0,1124.0,837.0,21.85378590078329
1198262952,1536141264,EVT-0065,1137.0,1350.0,1283.0,1473.0,23.0,2.0228671943711523
1213511599,1251202242,EVT-0065,4686.0,6014.0,559.0,547.0,1340.0,28.59581732821169
1259584955,1507378861,EVT-0065,619.0,708.0,499.0,382.0,206.0,33.2794830371567
1271768685,1166978878,EVT-0065,1262.0,1553.0,264.0,213.0,342.0,27.099841521394612
1287287258,1842420535,EVT-0065,1338.0,1710.0,1363.0,1373.0,362.0,27.05530642750374
1293643247,1279255164,EVT-0065,940.0,1242.0,566.0,602.0,266.0,28.297872340425535
1330017819,1388802401,EVT-0065,1253.0,1622.0,2073.0,2523.0,-81.0,-6.464485235434957
1335670091,1181360912,EVT-0065,1783.0,2007.0,529.0,618.0,135.0,7.571508693213685
1385532449,1364720148,EVT-0065,959.0,1184.0,1085.0,1399.0,-89.0,-9.280500521376434
1394609428,1012264374,EVT-0065,2421.0,3189.0,1705.0,2183.0,290.0,11.97852127220157
1425340662,1783823739,EVT-0065,2101.0,2525.0,1642.0,2430.0,-364.0,-17.32508329366968
1436505063,1548652282,EVT-0065,1534.0,1629.0,1295.0,1421.0,-31.0,-2.0208604954367666
1523498065,1082909627,EVT-0065,602.0,664.0,1080.0,1104.0,38.0,6.312292358803987
1523681389,1275443434,EVT-0065,409.0,492.0,386.0,402.0,67.0,16.381418092909534
1555906795,1798313247,EVT-0065,1269.0,1357.0,961.0,753.0,296.0,23.325453112687157
1685524518,1295857761,EVT-0065,758.0,749.0,546.0,459.0,78.0,10.29023746701847
1689916181,1209566128,EVT-0065,1108.0,1362.0,1215.0,1667.0,-198.0,-17.870036101083034
1752727945,1547660377,EVT-0065,653.0,703.0,619.0,553.0,116.0,17.76416539050536
1768225918,1803339427,EVT-0065,1094.0,1279.0,1370.0,1511.0,44.0,4.021937842778794
1824172013,1529045985,EVT-0065,1571.0,2064.0,993.0,920.0,566.0,36.02800763844685
1840863041,1340345143,EVT-0065,1349.0,1519.0,507.0,598.0,79.0,5.856189770200148
1848624494,1135650855,EVT-0065,1338.0,3883.0,518.0,470.0,2593.0,193.796711509716
1856406925,1056679651,EVT-0065,869.0,1174.0,1310.0,1464.0,151.0,17.376294591484466
1856601467,1325850802,EVT-0065,383.0,399.0,722.0,608.0,130.0,33.94255874673629
1934829601,1971097054,EVT-0065,1311.0,1629.0,678.0,719.0,277.0,21.12890922959573
1989798412,1289174306,EVT-0065,2150.0,3079.0,1168.0,1262.0,835.0,38.83720930232558
1969108517,1083149777,EVT-0065,1398.0,1424.0,563.0,559.0,30.0,2.1459227467811157
1025231352,1892307210,EVT-0066,1535.0,2043.0,1398.0,1425.0,481.0,31.335504885993487
1199976907,1121962926,EVT-0066,1555.0,1720.0,2004.0,2262.0,-93.0,-5.980707395498392
1352702876,1642024693,EVT-0066,885.0,1043.0,637.0,483.0,312.0,35.25423728813559
1386832996,1484424456,EVT-0066,1115.0,1237.0,1267.0,1150.0,239.0,21.434977578475337
1393791409,1187084813,EVT-0066,1803.0,1854.0,1741.0,1846.0,-54.0,-2.995008319467554
1428792083,1922102391,EVT-0066,567.0,561.0,691.0,714.0,-29.0,-5.114638447971781
1519182780,1696806755,EVT-0066,1250.0,1196.0,1103.0,1176.0,-127.0,-10.16
1590337907,1775551348,EVT-0066,2864.0,3742.0,2541.0,2651.0,768.0,26.81564245810056
1598661571,1674708775,EVT-0066,2573.0,2863.0,2325.0,2690.0,-75.0,-2.9148853478429846
1647196991,1196400158,EVT-0066,3232.0,4244.0,1349.0,1367.0,994.0,30.754950495049506
1847082322,1255569448,EVT-0066,1358.0,1669.0,795.0,798.0,308.0,22.68041237113402
1944079924,1643343233,EVT-0066,3847.0,4719.0,1803.0,2015.0,660.0,17.15622563036132
1031568581,1113953065,EVT-0067,519.0,605.0,679.0,713.0,52.0,10.01926782273603
1031907094,1073902250,EVT-0067,907.0,1281.0,1231.0,1312.0,293.0,32.30429988974642
1050705288,1890077344,EVT-0067,3199.0,4133.0,1556.0,1545.0,945.0,29.540481400437635
1101185407,1381937048,EVT-0067,773.0,867.0,371.0,368.0,97.0,12.548512289780078
1139166684,1588179048,EVT-0067,717.0,893.0,505.0,461.0,220.0,30.683403068340308
1159841240,1026926489,EVT-0067,3168.0,3841.0,1604.0,1654.0,623.0,19.66540404040404
1180932224,1082909627,EVT-0067,1379.0,1698.0,1080.0,1104.0,295.0,21.39231327048586
1190842652,1219172859,EVT-0067,953.0,1053.0,1276.0,1473.0,-97.0,-10.178384050367262
1194203331,1499123879,EVT-0067,1372.0,1424.0,929.0,1023.0,-42.0,-3.061224489795918
1249657408,1708639657,EVT-0067,1176.0,1357.0,660.0,676.0,165.0,14.030612244897958
1262874856,1798488478,EVT-0067,413.0,433.0,244.0,219.0,45.0,10.895883777239709
1315385710,1209566128,EVT-0067,2594.0,3761.0,1215.0,1667.0,715.0,27.563608326908252
1326905712,1745370779,EVT-0067,587.0,630.0,398.0,274.0,167.0,28.449744463373083
1330017819,1388802401,EVT-0067,1253.0,1622.0,2073.0,2523.0,-81.0,-6.464485235434957
1375349903,1756884833,EVT-0067,927.0,863.0,624.0,706.0,-146.0,-15.74973031283711
1389574017,1976707814,EVT-0067,1677.0,1712.0,684.0,668.0,51.0,3.041144901610018
1567993435,1527981900,EVT-0067,432.0,390.0,734.0,717.0,-25.0,-5.787037037037037
1599989245,1507378861,EVT-0067,553.0,583.0,499.0,382.0,147.0,26.582278481012654
1613561947,1200096471,EVT-0067,1340.0,1448.0,675.0,834.0,-51.0,-3.805970149253731
1644815767,1851932792,EVT-0067,1448.0,1550.0,803.0,911.0,-6.0,-0.4143646408839779
1647700669,1113190601,EVT-0067,268.0,216.0,246.0,196.0,-2.0,-0.7462686567164178
1703413967,1268421124,EVT-0067,1681.0,1789.0,825.0,721.0,212.0,12.611540749553837
1707435529,1804484495,EVT-0067,949.0,1082.0,1592.0,1514.0,211.0,22.233930453108535
1806479196,1134632102,EVT-0067,1046.0,1046.0,1997.0,2314.0,-317.0,-30.30592734225621
1812815243,1181360912,EVT-0067,1399.0,1621.0,529.0,618.0,133.0,9.506790564689064
1937514325,1547660377,EVT-0067,1412.0,1710.0,619.0,553.0,364.0,25.77903682719547
1955620046,1364720148,EVT-0067,1411.0,2028.0,1085.0,1399.0,303.0,21.47413182140326
1993463169,1257768279,EVT-0067,748.0,916.0,1058.0,1186.0,40.0,5.347593582887701
1636376422,1081031506,EVT-0067,384.0,379.0,848.0,762.0,81.0,21.09375
1031568581,1113953065,EVT-0068,541.0,679.0,827.0,1072.0,-107.0,-19.77818853974122
1044666919,1907112910,EVT-0068,1294.0,1566.0,327.0,321.0,278.0,21.483771251931994
1050705288,1890077344,EVT-0068,937.0,1146.0,554.0,607.0,156.0,16.64887940234792
1058647219,1697855363,EVT-0068,1320.0,1992.0,637.0,820.0,489.0,37.04545454545455
1075036339,1722581836,EVT-0068,184.0,176.0,537.0,567.0,-38.0,-20.652173913043477
1123148250,1830884742,EVT-0068,1871.0,2069.0,1264.0,1238.0,224.0,11.972207375734902
1126098163,1526834563,EVT-0068,1490.0,1919.0,976.0,1066.0,339.0,22.75167785234899
1139166684,1588179048,EVT-0068,756.0,929.0,322.0,327.0,168.0,22.22222222222222
1198262952,1536141264,EVT-0068,495.0,612.0,415.0,523.0,9.0,1.8181818181818181
1238983617,1713731663,EVT-0068,894.0,1052.0,1074.0,1249.0,-17.0,-1.901565995525727
1264333323,1209566128,EVT-0068,728.0,907.0,1987.0,2396.0,-230.0,-31.59340659340659
1389574017,1976707814,EVT-0068,911.0,1170.0,320.0,295.0,284.0,31.174533479692645
1393791409,1337606333,EVT-0068,911.0,1004.0,446.0,364.0,175.0,19.209659714599344
1397955463,1364720148,EVT-0068,3095.0,3715.0,1933.0,2390.0,163.0,5.266558966074313
1409867656,1774691384,EVT-0068,379.0,492.0,234.0,251.0,96.0,25.32981530343008
1413519731,1783823739,EVT-0068,1640.0,2173.0,1872.0,2331.0,74.0,4.512195121951219
1423152481,1838439200,EVT-0068,2033.0,2539.0,1196.0,1388.0,314.0,15.445154943433351
1533003293,1798313247,EVT-0068,759.0,842.0,325.0,365.0,43.0,5.665349143610013
1547244776,1964572899,EVT-0068,535.0,660.0,335.0,286.0,174.0,32.52336448598131
1592062677,1026926489,EVT-0068,782.0,1015.0,924.0,1037.0,120.0,15.34526854219949
1592123891,1767508967,EVT-0068,715.0,969.0,1226.0,1412.0,68.0,9.51048951048951
1610177150,1743431961,EVT-0068,968.0,1343.0,488.0,509.0,354.0,36.570247933884296
1630629040,1694658844,EVT-0068,902.0,1127.0,802.0,952.0,75.0,8.314855875831485
1728890785,1334266743,EVT-0068,516.0,593.0,342.0,367.0,52.0,10.077519379844961
1738903891,1285330571,EVT-0068,1265.0,1586.0,2076.0,2122.0,275.0,21.73913043478261
1745601371,1200346587,EVT-0068,617.0,548.0,677.0,760.0,-152.0,-24.635332252836303
1836314447,1231453428,EVT-0068,660.0,588.0,467.0,457.0,-62.0,-9.393939393939393
1840863041,1340345143,EVT-0068,360.0,528.0,987.0,1092.0,63.0,17.5
1893020424,1987971524,EVT-0068,1550.0,1781.0,539.0,486.0,284.0,18.322580645161292
1922670785,1363342464,EVT-0068,2055.0,2748.0,2735.0,3163.0,265.0,12.895377128953772
1927430854,1082909627,EVT-0068,855.0,1084.0,1001.0,1048.0,182.0,21.28654970760234
1968209027,1337789832,EVT-0068,230.0,254.0,715.0,859.0,-120.0,-52.17391304347826
1018018261,1058325303,EVT-0069,1871.0,2052.0,993.0,962.0,212.0,11.33083912346339
1048976678,1174238463,EVT-0069,1305.0,1553.0,577.0,670.0,155.0,11.877394636015326
1084471394,1261377760,EVT-0069,604.0,626.0,1025.0,982.0,65.0,10.76158940397351
1084919582,1082909627,EVT-0069,880.0,1002.0,1080.0,1104.0,98.0,11.136363636363637
1133130363,1714021262,EVT-0069,1114.0,1306.0,768.0,950.0,10.0,0.8976660682226212
1139166684,1588179048,EVT-0069,717.0,893.0,505.0,461.0,220.0,30.683403068340308
1169614082,1377516020,EVT-0069,627.0,507.0,931.0,835.0,-24.0,-3.827751196172249
1213511599,1099946885,EVT-0069,4686.0,6014.0,1141.0,1124.0,1345.0,28.702518139137855
1216575070,1842420535,EVT-0069,1118.0,1151.0,1363.0,1373.0,23.0,2.0572450805008944
1219516501,1935314678,EVT-0069,1913.0,2402.0,1609.0,1599.0,499.0,26.084683742812338
1229022169,1330067194,EVT-0069,846.0,905.0,779.0,826.0,12.0,1.4184397163120568
1251567115,1529045985,EVT-0069,703.0,778.0,993.0,920.0,148.0,21.052631578947366
1264333323,1209566128,EVT-0069,1556.0,1930.0,1215.0,1667.0,-78.0,-5.012853470437018
1271463741,1296624285,EVT-0069,571.0,608.0,720.0,599.0,158.0,27.670753064798596
1315385710,1251202242,EVT-0069,2594.0,3761.0,559.0,547.0,1179.0,45.451040863531226
1335670091,1166978878,EVT-0069,1783.0,2007.0,264.0,213.0,275.0,15.42344363432417
1376656900,1701585576,EVT-0069,552.0,568.0,898.0,1106.0,-192.0,-34.78260869565217
1377426493,1873780039,EVT-0069,1971.0,2095.0,1335.0,1521.0,-62.0,-3.145611364789447
1385532449,1364720148,EVT-0069,959.0,1184.0,1085.0,1399.0,-89.0,-9.280500521376434
1407459696,1976707814,EVT-0069,487.0,492.0,684.0,668.0,21.0,4.312114989733059
1407931751,1900445093,EVT-0069,558.0,514.0,263.0,236.0,-17.0,-3.046594982078853
1436505063,1181360912,EVT-0069,1534.0,1629.0,529.0,618.0,6.0,0.3911342894393742
1456207657,1381937048,EVT-0069,1644.0,1943.0,371.0,368.0,302.0,18.369829683698295
1456299035,1804484495,EVT-0069,1129.0,1215.0,1592.0,1514.0,164.0,14.526129317980512
1506746308,1702446943,EVT-0069,500.0,465.0,359.0,385.0,-61.0,-12.2
1511022174,1548652282,EVT-0069,1200.0,1283.0,1295.0,1421.0,-43.0,-3.5833333333333335
1535820066,1233281843,EVT-0069,1194.0,1557.0,353.0,359.0,357.0,29.899497487437188
1551962891,1057623450,EVT-0069,768.0,761.0,499.0,470.0,22.0,2.864583333333333
1592123891,1767508967,EVT-0069,1902.0,2647.0,497.0,538.0,704.0,37.013669821240796
1595774286,1187084813,EVT-0069,1246.0,1336.0,1585.0,1427.0,248.0,19.903691813804173
1610177150,1793685516,EVT-0069,1922.0,2489.0,1631.0,1637.0,561.0,29.188345473465137
1613561947,1200096471,EVT-0069,1340.0,1448.0,675.0,834.0,-51.0,-3.805970149253731
1639269087,1762971749,EVT-0069,914.0,1141.0,976.0,1085.0,118.0,12.910284463894966
1644815767,1851932792,EVT-0069,1448.0,1550.0,803.0,911.0,-6.0,-0.4143646408839779
1724092733,1056679651,EVT-0069,1340.0,1567.0,1310.0,1464.0,73.0,5.447761194029851
1727463709,1120914548,EVT-0069,1224.0,1225.0,1933.0,2445.0,-511.0,-41.748366013071895
1732527431,1838439200,EVT-0069,1452.0,1526.0,1660.0,1879.0,-145.0,-9.986225895316805
1779411515,1835878442,EVT-0069,704.0,748.0,489.0,498.0,35.0,4.971590909090909
1832506087,1429255973,EVT-0069,2941.0,3541.0,635.0,721.0,514.0,17.477048622917373
1848624494,1135650855,EVT-0069,1338.0,3883.0,518.0,470.0,2593.0,193.796711509716
1880717263,1632734848,EVT-0069,939.0,1055.0,499.0,473.0,142.0,15.122470713525027
1903798589,1209829039,EVT-0069,1360.0,1557.0,543.0,561.0,179.0,13.161764705882353
1924355757,1412773438,EVT-0069,2195.0,3042.0,2133.0,3006.0,-26.0,-1.184510250569476
1934829601,1971097054,EVT-0069,1311.0,1629.0,678.0,719.0,277.0,21.12890922959573
1937514325,1547660377,EVT-0069,1412.0,1710.0,619.0,553.0,364.0,25.77903682719547
1944079924,1643343233,EVT-0069,2294.0,2772.0,2074.0,1981.0,571.0,24.891020052310374
1964945871,1333043895,EVT-0069,1233.0,1550.0,989.0,1060.0,246.0,19.951338199513383
1969108517,1083149777,EVT-0069,1398.0,1424.0,563.0,559.0,30.0,2.1459227467811157
1989798412,1783823739,EVT-0069,2150.0,3079.0,1642.0,2430.0,141.0,6.558139534883721
1073902250,1641859123,EVT-0070,1912.0,2077.0,1963.0,2110.0,18.0,0.9414225941422595
1357524945,1187084813,EVT-0070,5084.0,6207.0,1772.0,1898.0,997.0,19.610542879622344
1428792083,1922102391,EVT-0070,584.0,540.0,676.0,696.0,-64.0,-10.95890410958904
1435949049,1775551348,EVT-0070,2698.0,3232.0,2530.0,2659.0,405.0,15.011119347664936
1598661571,1674708775,EVT-0070,2615.0,2908.0,2310.0,2643.0,-40.0,-1.5296367112810707
1616839134,1602648309,EVT-0070,5353.0,6033.0,3770.0,3950.0,500.0,9.340556697179151
1847082322,1121962926,EVT-0070,1436.0,1721.0,2113.0,2283.0,115.0,8.008356545961002
1944079924,1643343233,EVT-0070,4176.0,4715.0,1814.0,2024.0,329.0,7.878352490421456
1002145427,1251202242,EVT-0071,1809.0,2067.0,1055.0,1053.0,260.0,14.372581536760642
1009179924,1185877283,EVT-0071,1437.0,1653.0,1169.0,1324.0,61.0,4.244954766875435
1018018261,1058325303,EVT-0071,1533.0,1822.0,994.0,1071.0,212.0,13.829093281148076
1041585906,1857629178,EVT-0071,536.0,520.0,564.0,496.0,52.0,9.701492537313433
1084471394,1261377760,EVT-0071,1707.0,1670.0,972.0,1017.0,-82.0,-4.803749267721148
1094274762,1233281843,EVT-0071,738.0,714.0,654.0,634.0,-4.0,-0.5420054200542005
1098995024,1714021262,EVT-0071,790.0,949.0,1168.0,1464.0,-137.0,-17.341772151898734
1129206672,1903121188,EVT-0071,1364.0,1772.0,715.0,776.0,347.0,25.439882697947212
1133130363,1767508967,EVT-0071,2444.0,2805.0,1270.0,1405.0,226.0,9.247135842880523
1159301823,1407902521,EVT-0071,195.0,195.0,251.0,210.0,41.0,21.025641025641026
1180932224,1174238463,EVT-0071,1285.0,1590.0,1166.0,1405.0,66.0,5.136186770428015
1181854898,1838439200,EVT-0071,1253.0,1446.0,1248.0,1349.0,92.0,7.342378292098963
1200096471,1082909627,EVT-0071,581.0,779.0,1026.0,1114.0,110.0,18.9328743545611
1224230882,1352216182,EVT-0071,366.0,482.0,893.0,1176.0,-167.0,-45.62841530054645
1243754490,1045376799,EVT-0071,962.0,1288.0,891.0,969.0,248.0,25.779625779625782
1263807582,1473494189,EVT-0071,2013.0,2434.0,1216.0,1371.0,266.0,13.214108296075509
1264333323,1209566128,EVT-0071,726.0,950.0,2042.0,2526.0,-260.0,-35.81267217630854
1284061300,1851932792,EVT-0071,574.0,674.0,993.0,1071.0,22.0,3.8327526132404177
1321405205,1939052563,EVT-0071,180.0,189.0,444.0,411.0,42.0,23.333333333333332
1335670091,1181360912,EVT-0071,316.0,363.0,526.0,585.0,-12.0,-3.79746835443038
1341556789,1405577143,EVT-0071,1841.0,2473.0,953.0,995.0,590.0,32.04780010863661
1364458855,1890077344,EVT-0071,751.0,765.0,523.0,635.0,-98.0,-13.049267643142477
1375349903,1156754057,EVT-0071,1299.0,1444.0,913.0,689.0,369.0,28.406466512702078
1377426493,1873780039,EVT-0071,1545.0,1841.0,1584.0,1928.0,-48.0,-3.1067961165048543
1413519731,1783823739,EVT-0071,1654.0,2287.0,1932.0,2339.0,226.0,13.663845223700122
1433980129,1417682113,EVT-0071,1132.0,1357.0,398.0,411.0,212.0,18.727915194346288
1435662964,1702446943,EVT-0071,567.0,669.0,393.0,377.0,118.0,20.811287477954142
1449331358,1798488478,EVT-0071,769.0,682.0,610.0,523.0,0.0,0.0
1456299035,1364720148,EVT-0071,2073.0,2485.0,1980.0,2536.0,-144.0,-6.946454413892909
1511022174,1529045985,EVT-0071,650.0,726.0,917.0,938.0,55.0,8.461538461538462
1520551320,1892307210,EVT-0071,689.0,697.0,468.0,475.0,1.0,0.14513788098693758
1610177150,1743431961,EVT-0071,1029.0,1444.0,502.0,489.0,428.0,41.59378036929057
1639269087,1099946885,EVT-0071,2355.0,2475.0,1188.0,1269.0,39.0,1.6560509554140128
1644815767,1479078465,EVT-0071,1702.0,1951.0,466.0,463.0,252.0,14.806110458284373
1657035808,1547660377,EVT-0071,1394.0,1408.0,1289.0,1281.0,22.0,1.5781922525107603
1657725655,1120914548,EVT-0071,807.0,916.0,784.0,1036.0,-143.0,-17.71995043370508
1706991829,1801662945,EVT-0071,525.0,525.0,510.0,593.0,-83.0,-15.80952380952381
1721479586,1643297637,EVT-0071,804.0,1011.0,457.0,424.0,240.0,29.850746268656714
1767249513,1738916414,EVT-0071,206.0,171.0,503.0,514.0,-46.0,-22.330097087378643
1808826295,1804484495,EVT-0071,1252.0,1690.0,434.0,462.0,410.0,32.74760383386581
1824172013,1842420535,EVT-0071,4927.0,6437.0,352.0,449.0,1413.0,28.67870915364319
1832506087,1548652282,EVT-0071,3068.0,4056.0,579.0,718.0,849.0,27.672750977835726
1844747141,1101142523,EVT-0071,2143.0,2554.0,722.0,639.0,494.0,23.051796546896874
1848624494,1135650855,EVT-0071,680.0,808.0,939.0,917.0,150.0,22.058823529411764
1937514325,1676855970,EVT-0071,1334.0,1529.0,1528.0,1626.0,97.0,7.27136431784108
1944079924,1643343233,EVT-0071,736.0,818.0,770.0,660.0,192.0,26.08695652173913
1393791409,1187084813,EVT-0072,1874.0,1934.0,1772.0,1898.0,-66.0,-3.5218783351120595
1025231352,1892307210,EVT-0072,1572.0,2095.0,1397.0,1403.0,517.0,32.88804071246819
1040239976,1993874985,EVT-0072,2268.0,2665.0,2871.0,2920.0,348.0,15.343915343915343
1194203331,1499123879,EVT-0072,2036.0,2243.0,1010.0,1057.0,160.0,7.858546168958743
1199976907,1121962926,EVT-0072,1556.0,1701.0,2113.0,2283.0,-25.0,-1.6066838046272494
1246066447,1075689749,EVT-0072,2886.0,3422.0,2314.0,2938.0,-88.0,-3.049203049203049
1274985831,1795350721,EVT-0072,1804.0,1790.0,1247.0,1456.0,-223.0,-12.361419068736142
1524065749,1282327174,EVT-0072,2664.0,3035.0,2982.0,3047.0,306.0,11.486486486486488
1590337907,1775551348,EVT-0072,2942.0,3957.0,2530.0,2659.0,886.0,30.115567641060505
1595774286,1696806755,EVT-0072,3245.0,3494.0,1120.0,1160.0,209.0,6.440677966101695
1598661571,1674708775,EVT-0072,2615.0,2908.0,2310.0,2643.0,-40.0,-1.5296367112810707
1643343233,1371002787,EVT-0072,1814.0,2024.0,1754.0,1678.0,286.0,15.766262403528113
1944079924,1196400158,EVT-0072,4176.0,4715.0,1356.0,1417.0,478.0,11.446360153256704
1002145427,1134089733,EVT-0073,3310.0,3758.0,751.0,744.0,455.0,13.746223564954683
1018018261,1714021262,EVT-0073,2693.0,3454.0,2562.0,3351.0,-28.0,-1.0397326401782399
1060922949,1762971749,EVT-0073,951.0,1039.0,1396.0,1396.0,88.0,9.253417455310199
1124726435,1742974847,EVT-0073,2108.0,2751.0,429.0,408.0,664.0,31.499051233396585
1144669185,1767508967,EVT-0073,4521.0,5569.0,2340.0,2515.0,873.0,19.30988719309887
1169614082,1529045985,EVT-0073,1220.0,1071.0,837.0,992.0,-304.0,-24.91803278688525
1180932224,1892083019,EVT-0073,3186.0,4209.0,2038.0,2206.0,855.0,26.836158192090398
1200480071,1674102136,EVT-0073,1664.0,1976.0,892.0,775.0,429.0,25.78125
1263807582,1947954388,EVT-0073,4465.0,5385.0,563.0,569.0,914.0,20.470324748040312
1264333323,1209566128,EVT-0073,3471.0,4880.0,3522.0,4024.0,907.0,26.130798040910403
1268222167,1842420535,EVT-0073,1806.0,1980.0,773.0,966.0,-19.0,-1.052048726467331
1271463741,1922185990,EVT-0073,853.0,927.0,421.0,413.0,82.0,9.613130128956623
1280087226,1849988823,EVT-0073,5117.0,6677.0,350.0,263.0,1647.0,32.18682821965996
1287287258,1548652282,EVT-0073,2362.0,2915.0,2667.0,2830.0,390.0,16.51143099068586
1300654963,1261377760,EVT-0073,1364.0,1344.0,1486.0,1520.0,-54.0,-3.9589442815249267
1385532449,1997693654,EVT-0073,3272.0,4470.0,1613.0,1646.0,1165.0,35.60513447432763
1413519731,1134632102,EVT-0073,2653.0,2927.0,2515.0,2958.0,-169.0,-6.370147003392386
1418997171,1099946885,EVT-0073,3145.0,3727.0,1163.0,1118.0,627.0,19.936406995230524
1425340662,1046736322,EVT-0073,2449.0,2726.0,1361.0,1656.0,-18.0,-0.7349938750510413
1456207657,1381937048,EVT-0073,3333.0,3384.0,1351.0,1358.0,44.0,1.3201320132013201
1456299035,1804484495,EVT-0073,1442.0,1573.0,1021.0,951.0,201.0,13.938973647711512
1484724632,1473494189,EVT-0073,2242.0,2375.0,956.0,1028.0,61.0,2.72078501338091
1546151204,1058325303,EVT-0073,1856.0,2053.0,1754.0,1631.0,320.0,17.24137931034483
1552813903,1251202242,EVT-0073,3841.0,4871.0,1890.0,1868.0,1052.0,27.38870085915126
1595301304,1352216182,EVT-0073,2451.0,2597.0,2155.0,2393.0,-92.0,-3.7535699714402284
1635581279,1363342464,EVT-0073,3683.0,4580.0,2693.0,3915.0,-325.0,-8.824327993483573
1721479586,1873780039,EVT-0073,2654.0,2738.0,1947.0,2111.0,-80.0,-3.014318010550113
1732527431,1512866082,EVT-0073,2301.0,2590.0,1664.0,1503.0,450.0,19.556714471968707
1740047711,1174238463,EVT-0073,1392.0,1613.0,1440.0,1473.0,188.0,13.505747126436782
1803233885,1082909627,EVT-0073,1979.0,2333.0,978.0,1090.0,242.0,12.228398180899443
1808826295,1240393805,EVT-0073,2738.0,3448.0,1114.0,1152.0,672.0,24.54346238130022
1812815243,1275443434,EVT-0073,3707.0,4722.0,1286.0,1266.0,1035.0,27.920151065551657
1848624494,1135650855,EVT-0073,1886.0,2312.0,1744.0,1368.0,802.0,42.52386002120891
1862986803,1181360912,EVT-0073,1532.0,1621.0,1430.0,1290.0,229.0,14.947780678851174
1924355757,1812123887,EVT-0073,2244.0,2748.0,2503.0,2672.0,335.0,14.928698752228165
1927430854,1838439200,EVT-0073,3509.0,4416.0,3343.0,4086.0,164.0,4.673696209746367
1955620046,1364720148,EVT-0073,2440.0,3021.0,1717.0,2318.0,-20.0,-0.819672131147541
1018018261,1058325303,EVT-0074,1926.0,2107.0,1015.0,950.0,246.0,12.77258566978193
1048976678,1364720148,EVT-0074,1404.0,1630.0,1120.0,1425.0,-79.0,-5.626780626780627
1065091666,1702446943,EVT-0074,880.0,844.0,379.0,390.0,-47.0,-5.340909090909091
1107038659,1805422742,EVT-0074,1143.0,1206.0,1392.0,1496.0,-41.0,-3.5870516185476813
1136500869,1890077344,EVT-0074,1965.0,2233.0,1555.0,1549.0,274.0,13.944020356234097
1139166684,1588179048,EVT-0074,766.0,876.0,519.0,459.0,170.0,22.193211488250654
1361521440,1870612441,EVT-0074,771.0,945.0,1431.0,1167.0,438.0,56.809338521400775
1362560363,1028050239,EVT-0074,1345.0,1397.0,568.0,476.0,144.0,10.706319702602231
1364458855,1694658844,EVT-0074,1402.0,1490.0,1239.0,1429.0,-102.0,-7.275320970042796
1394609428,1012264374,EVT-0074,2551.0,3407.0,1726.0,2157.0,425.0,16.660133281066248
1435662964,1257768279,EVT-0074,1396.0,1559.0,1078.0,1129.0,112.0,8.022922636103152
1473057747,1808677938,EVT-0074,820.0,916.0,697.0,586.0,207.0,25.24390243902439
1536278926,1873780039,EVT-0074,745.0,724.0,1412.0,1556.0,-165.0,-22.14765100671141
1590869917,1625192632,EVT-0074,527.0,558.0,843.0,855.0,19.0,3.6053130929791273
1598661571,1121962926,EVT-0074,1211.0,1377.0,1546.0,1705.0,7.0,0.5780346820809248
1644815767,1851932792,EVT-0074,1550.0,1588.0,816.0,897.0,-43.0,-2.7741935483870965
1645233598,1400951004,EVT-0074,2540.0,3232.0,1817.0,1687.0,822.0,32.36220472440945
1647700669,1113190601,EVT-0074,278.0,203.0,226.0,193.0,-42.0,-15.107913669064748
1665478461,1714021262,EVT-0074,633.0,790.0,818.0,947.0,28.0,4.423380726698262
1701585576,1403453024,EVT-0074,960.0,1111.0,1031.0,1182.0,0.0,0.0
1706991829,1801662945,EVT-0074,1748.0,1779.0,1006.0,959.0,78.0,4.462242562929062
1725623817,1412773438,EVT-0074,1525.0,2079.0,2176.0,3174.0,-444.0,-29.114754098360656
1732914373,1458345984,EVT-0074,911.0,884.0,777.0,794.0,-44.0,-4.829857299670691
1738903891,1285330571,EVT-0074,2947.0,3687.0,780.0,830.0,690.0,23.413640990838143
1806707737,1463019459,EVT-0074,978.0,898.0,754.0,834.0,-160.0,-16.359918200409
1898803444,1156754057,EVT-0074,1125.0,1095.0,465.0,394.0,41.0,3.644444444444445
1999506508,1004543439,EVT-0074,592.0,733.0,907.0,824.0,224.0,37.83783783783784
1018018261,1714021262,EVT-0075,2693.0,3454.0,2562.0,3351.0,-28.0,-1.0397326401782399
1046736322,1289174306,EVT-0075,1361.0,1656.0,1163.0,1050.0,408.0,29.977957384276266
1048976678,1364720148,EVT-0075,2579.0,3272.0,1717.0,2318.0,92.0,3.5672741372625048
1138281740,1851932792,EVT-0075,1396.0,1612.0,1147.0,1185.0,178.0,12.750716332378223
1271768685,1166978878,EVT-0075,2282.0,2986.0,517.0,429.0,792.0,34.70639789658195
1297280590,1135650855,EVT-0075,2186.0,2396.0,1744.0,1368.0,586.0,26.806953339432756
1321405205,1939052563,EVT-0075,1161.0,1274.0,933.0,750.0,296.0,25.49526270456503
1334266016,1769352273,EVT-0075,1969.0,2336.0,1994.0,1888.0,473.0,24.022346368715084
1335670091,1181360912,EVT-0075,1561.0,1847.0,1430.0,1290.0,426.0,27.29019859064702
1418997171,1099946885,EVT-0075,3145.0,3727.0,1163.0,1118.0,627.0,19.936406995230524
1423152481,1838439200,EVT-0075,2821.0,3508.0,3343.0,4086.0,-56.0,-1.9851116625310175
1509977165,1251202242,EVT-0075,4305.0,4970.0,1890.0,1868.0,687.0,15.958188153310104
1523498065,1082909627,EVT-0075,1829.0,1862.0,978.0,1090.0,-79.0,-4.319300164024057
1536278926,1676855970,EVT-0075,4107.0,4478.0,1490.0,1499.0,362.0,8.814219625030436
1552813903,1209566128,EVT-0075,3841.0,4871.0,3522.0,4024.0,528.0,13.746420203072116
1595301304,1352216182,EVT-0075,2451.0,2597.0,2155.0,2393.0,-92.0,-3.7535699714402284
1689059347,1625192632,EVT-0075,1490.0,1428.0,687.0,719.0,-94.0,-6.308724832214765
1689916181,1762971749,EVT-0075,3012.0,3752.0,1396.0,1396.0,740.0,24.568393094289508
1725623817,1412773438,EVT-0075,3655.0,4194.0,3861.0,5013.0,-613.0,-16.77154582763338
1747032997,1058325303,EVT-0075,1526.0,1758.0,1754.0,1631.0,355.0,23.26343381389253
1776723276,1548652282,EVT-0075,2976.0,3379.0,2667.0,2830.0,240.0,8.064516129032258
1806707737,1463019459,EVT-0075,865.0,964.0,1255.0,1187.0,167.0,19.30635838150289
1808826295,1804484495,EVT-0075,2738.0,3448.0,1021.0,951.0,780.0,28.487947406866326
1812815243,1381937048,EVT-0075,3707.0,4722.0,1351.0,1358.0,1008.0,27.191799298624225
1824172013,1842420535,EVT-0075,1864.0,2640.0,773.0,966.0,583.0,31.276824034334766
1922670785,1363342464,EVT-0075,2209.0,2615.0,2693.0,3915.0,-816.0,-36.93979176097782
1937514325,1873780039,EVT-0075,2300.0,2996.0,1947.0,2111.0,532.0,23.130434782608695
1133616429,1064190048,EVT-0076,1339.0,1391.0,1038.0,1083.0,7.0,0.5227781926811054
1204261733,1838809964,EVT-0076,1455.0,1357.0,1187.0,1193.0,-104.0,-7.1477663230240545
1327009084,1618352078,EVT-0076,1481.0,1686.0,1260.0,1172.0,293.0,19.783929777177583
1512844550,1925142923,EVT-0076,1586.0,1693.0,1282.0,1385.0,4.0,0.25220680958385877
1561159348,1874547676,EVT-0076,968.0,1059.0,1053.0,1130.0,14.0,1.4462809917355373
1616418756,1914644640,EVT-0076,1148.0,1267.0,1374.0,1488.0,5.0,0.4355400696864111
1635476009,1527981900,EVT-0076,1330.0,1595.0,991.0,1048.0,208.0,15.639097744360903
1636376422,1081031506,EVT-0076,1483.0,1488.0,2371.0,2333.0,43.0,2.8995279838165877
1728890785,1334266743,EVT-0076,1035.0,1319.0,1596.0,1802.0,78.0,7.536231884057972
1824149854,1026926489,EVT-0076,1602.0,1695.0,1880.0,2404.0,-431.0,-26.903870162297128
1836939912,1974446365,EVT-0076,1112.0,1313.0,895.0,913.0,183.0,16.456834532374103
1163199601,1388802401,EVT-0076,1439.0,1459.0,1802.0,2200.0,-378.0,-26.268241834607366
1202669523,1041640354,EVT-0077,1758.0,2001.0,1194.0,1014.0,423.0,24.061433447098977
1265952337,1871372714,EVT-0077,2673.0,3004.0,1647.0,1721.0,257.0,9.614665170220727
1594466975,1069143851,EVT-0077,1885.0,1723.0,1755.0,1757.0,-164.0,-8.700265251989391
1648553570,1823309871,EVT-0077,1919.0,2465.0,1871.0,2261.0,156.0,8.129233976029182
1710163217,1860037419,EVT-0077,1673.0,1786.0,1476.0,1501.0,88.0,5.260011954572624
1745601371,1200346587,EVT-0077,1486.0,1413.0,1471.0,1606.0,-208.0,-13.997308209959622
1760628762,1440623548,EVT-0077,1136.0,1290.0,950.0,1114.0,-10.0,-0.8802816901408451
1814938340,1107378550,EVT-0077,1669.0,1831.0,1567.0,1661.0,68.0,4.074295985620132
1885189138,1440538092,EVT-0077,1662.0,1705.0,1267.0,1313.0,-3.0,-0.18050541516245489
1933607412,1371759725,EVT-0077,1077.0,1279.0,1076.0,948.0,330.0,30.64066852367688
1159841240,1429777182,EVT-0078,3744.0,4414.0,3454.0,3531.0,593.0,15.838675213675213
1204261733,1838809964,EVT-0078,1468.0,1374.0,1201.0,1212.0,-105.0,-7.152588555858311
1327009084,1618352078,EVT-0078,1525.0,1691.0,1241.0,1129.0,278.0,18.229508196721312
1592062677,1334266743,EVT-0078,2465.0,3106.0,1703.0,1800.0,544.0,22.06896551724138
1824149854,1026926489,EVT-0078,1651.0,1723.0,1980.0,2349.0,-297.0,-17.98909751665657
1041585906,1857629178,EVT-0079,875.0,787.0,493.0,499.0,-94.0,-10.742857142857144
1328056928,1511742359,EVT-0079,1633.0,1839.0,1118.0,1055.0,269.0,16.472749540722596
1358245029,1065674784,EVT-0079,1086.0,1107.0,656.0,646.0,31.0,2.85451197053407
1679256069,1535323178,EVT-0079,2100.0,2318.0,1512.0,1462.0,268.0,12.761904761904763
1893606271,1828766265,EVT-0079,1904.0,1997.0,541.0,468.0,166.0,8.718487394957982
1969914385,1424541534,EVT-0079,1397.0,1442.0,803.0,734.0,114.0,8.16034359341446
1216532808,1903521262,EVT-0080,948.0,973.0,770.0,733.0,62.0,6.5400843881856545
1240190284,1788668972,EVT-0080,1929.0,2259.0,1575.0,1375.0,530.0,27.47537584240539
1326516303,1210642439,EVT-0080,1772.0,1966.0,570.0,632.0,132.0,7.44920993227991
1328056928,1511742359,EVT-0080,1633.0,1839.0,1118.0,1055.0,269.0,16.472749540722596
1358245029,1065674784,EVT-0080,1086.0,1107.0,656.0,646.0,31.0,2.85451197053407
1743613295,1149209672,EVT-0080,920.0,1013.0,474.0,454.0,113.0,12.282608695652174
1758206720,1695082515,EVT-0080,1213.0,1042.0,505.0,402.0,-68.0,-5.605935696619951
1811081532,1242598583,EVT-0080,1066.0,1158.0,1669.0,1739.0,22.0,2.0637898686679175
1857629178,1088938448,EVT-0080,493.0,499.0,564.0,550.0,20.0,4.056795131845842
1893606271,1828766265,EVT-0080,1904.0,1997.0,541.0,468.0,166.0,8.718487394957982
1009179924,1599978586,EVT-0081,1945.0,2341.0,2149.0,2283.0,262.0,13.470437017994858
1078096579,1766730505,EVT-0081,2302.0,2627.0,1925.0,2248.0,2.0,0.08688097306689835
1123148250,1369949932,EVT-0081,1403.0,1581.0,1957.0,2567.0,-432.0,-30.791161796151105
1265952337,1871372714,EVT-0081,2645.0,3019.0,1692.0,1719.0,347.0,13.119092627599244
1286477181,1279255164,EVT-0081,1269.0,1326.0,1589.0,1446.0,200.0,15.760441292356187
1332369119,1443907526,EVT-0081,1817.0,1952.0,1114.0,1162.0,87.0,4.788112272977435
1494868502,1751172259,EVT-0081,1851.0,2059.0,1679.0,1546.0,341.0,18.42247433819557
1610177150,1836894604,EVT-0081,2533.0,3204.0,1649.0,1680.0,640.0,25.266482431898936
1710163217,1860037419,EVT-0081,1688.0,1817.0,2768.0,1506.0,1391.0,82.40521327014217
1714986282,1028050239,EVT-0081,1310.0,1406.0,1361.0,1021.0,436.0,33.2824427480916
1715729269,1714292012,EVT-0081,2569.0,3033.0,1582.0,1683.0,363.0,14.1300116776956
1732914373,1458345984,EVT-0081,1322.0,1314.0,1121.0,1023.0,90.0,6.80786686838124
1897395806,1779918477,EVT-0081,1645.0,1739.0,1112.0,1153.0,53.0,3.221884498480243
1933607412,1806103952,EVT-0081,1047.0,1253.0,1092.0,1138.0,160.0,15.281757402101242
1934829601,1971097054,EVT-0081,2212.0,2586.0,1341.0,1209.0,506.0,22.875226039783
1955222058,1107378550,EVT-0081,1119.0,1051.0,1596.0,1635.0,-107.0,-9.562109025915996
1670701188,1722898792,EVT-0081,3000.0,3196.0,2087.0,2331.0,-48.0,-1.6
1246066447,1075689749,EVT-0082,3064.0,3375.0,2397.0,3031.0,-323.0,-10.54177545691906
1595774286,1187084813,EVT-0082,3213.0,3543.0,1741.0,1874.0,197.0,6.131341425459072
1598661571,1674708775,EVT-0082,2626.0,3007.0,2447.0,2730.0,98.0,3.7319116527037317
1638368260,1348428750,EVT-0082,939.0,867.0,878.0,748.0,58.0,6.17678381256656
1944079924,1371002787,EVT-0082,4416.0,4846.0,1776.0,1732.0,474.0,10.733695652173914
1018018261,1714021262,EVT-0083,1574.0,1869.0,1228.0,1387.0,136.0,8.640406607369759
1025978341,1730655531,EVT-0083,1386.0,1579.0,1758.0,2122.0,-171.0,-12.337662337662337
1040239976,1993874985,EVT-0083,704.0,712.0,751.0,689.0,70.0,9.943181818181818
1065455036,1642024693,EVT-0083,391.0,419.0,363.0,344.0,47.0,12.020460358056265
1101185407,1381937048,EVT-0083,1892.0,2316.0,720.0,761.0,383.0,20.243128964059196
1123148250,1830884742,EVT-0083,2092.0,2127.0,1300.0,1248.0,87.0,4.158699808795411
1124726435,1767508967,EVT-0083,3362.0,4637.0,1318.0,1383.0,1210.0,35.99048185603807
1133130363,1058325303,EVT-0083,2507.0,2912.0,998.0,1144.0,259.0,10.331072995612285
1166368237,1352216182,EVT-0083,1468.0,1559.0,954.0,1162.0,-117.0,-7.970027247956403
1198262952,1536141264,EVT-0083,519.0,614.0,473.0,521.0,47.0,9.05587668593449
1213511599,1261377760,EVT-0083,4212.0,5493.0,955.0,939.0,1297.0,30.792972459639127
1263807582,1209566128,EVT-0083,2063.0,2511.0,2080.0,2535.0,-7.0,-0.3393116820164809
1265952337,1871372714,EVT-0083,525.0,654.0,616.0,701.0,44.0,8.380952380952381
1299418347,1331020234,EVT-0083,916.0,971.0,1314.0,1568.0,-199.0,-21.724890829694324
1418997171,1099946885,EVT-0083,1944.0,2229.0,1222.0,1283.0,224.0,11.522633744855968
1481247389,1838439200,EVT-0083,2604.0,2826.0,1331.0,1456.0,97.0,3.7250384024577574
1520551320,1222151080,EVT-0083,763.0,708.0,1016.0,1122.0,-161.0,-21.100917431192663
1595774286,1187084813,EVT-0083,944.0,1059.0,1091.0,1213.0,-7.0,-0.7415254237288136
1616418756,1045376799,EVT-0083,1379.0,1263.0,910.0,973.0,-179.0,-12.980420594633793
1645233598,1805422742,EVT-0083,2454.0,2995.0,1710.0,1876.0,375.0,15.28117359413203
1655727265,1632734848,EVT-0083,576.0,676.0,769.0,936.0,-67.0,-11.631944444444445
1672904236,1860037419,EVT-0083,807.0,946.0,1000.0,1171.0,-32.0,-3.965303593556382
1688735228,1418704015,EVT-0083,548.0,597.0,459.0,475.0,33.0,6.021897810218978
1725623817,1209829039,EVT-0083,1669.0,2052.0,1331.0,1470.0,244.0,14.619532654284004
1738903891,1285330571,EVT-0083,1342.0,1779.0,2150.0,2189.0,398.0,29.657228017883757
1768831921,1892307210,EVT-0083,1551.0,1712.0,475.0,456.0,180.0,11.60541586073501
1806103952,1138208594,EVT-0083,1370.0,1356.0,1260.0,1415.0,-169.0,-12.335766423357663
1877046932,1251202242,EVT-0083,1141.0,1394.0,1079.0,1065.0,267.0,23.400525854513585
1889776344,1320611266,EVT-0083,465.0,489.0,366.0,423.0,-33.0,-7.096774193548387
1897395806,1779918477,EVT-0083,501.0,522.0,515.0,582.0,-46.0,-9.181636726546905
1922670785,1363342464,EVT-0083,2169.0,3021.0,2808.0,3516.0,144.0,6.639004149377594
1924355757,1412773438,EVT-0083,2126.0,2832.0,1776.0,2196.0,286.0,13.452492944496708
1944079924,1371002787,EVT-0083,782.0,793.0,1125.0,1095.0,41.0,5.242966751918159
1989798412,1783823739,EVT-0083,1838.0,2065.0,2077.0,2481.0,-177.0,-9.630032644178455
1524065749,1282327174,EVT-0083,654.0,695.0,826.0,808.0,59.0,9.021406727828746
1009179924,1599978586,EVT-0084,1945.0,2341.0,2149.0,2283.0,262.0,13.470437017994858
1123148250,1830884742,EVT-0084,1403.0,1581.0,637.0,546.0,269.0,19.173200285103352
1246448348,1443907526,EVT-0084,2712.0,3087.0,1114.0,1162.0,327.0,12.057522123893804
1369949932,1823309871,EVT-0084,1957.0,2567.0,1878.0,2275.0,213.0,10.884006131834441
1376656900,1403453024,EVT-0084,1771.0,1674.0,783.0,1027.0,-341.0,-19.25465838509317
1492077734,1766730505,EVT-0084,3512.0,3987.0,1925.0,2248.0,152.0,4.328018223234624
1631526641,1234567687,EVT-0084,1314.0,1318.0,1453.0,1487.0,-30.0,-2.28310502283105
1648553570,1036176265,EVT-0084,2000.0,2582.0,2588.0,2577.0,593.0,29.65
1710163217,1860037419,EVT-0084,1688.0,1817.0,2768.0,1506.0,1391.0,82.40521327014217
1760628762,1440623548,EVT-0084,1201.0,1280.0,965.0,1124.0,-80.0,-6.661115736885928
1934829601,1971097054,EVT-0084,2212.0,2586.0,1341.0,1209.0,506.0,22.875226039783
1969108517,1083149777,EVT-0084,1285.0,1213.0,1772.0,1754.0,-54.0,-4.202334630350195
1050506165,1838576308,EVT-0085,1961.0,2219.0,1093.0,1141.0,210.0,10.708822029576746
1058647219,1697855363,EVT-0085,2124.0,2598.0,1526.0,1557.0,443.0,20.85687382297552
1129206672,1903121188,EVT-0085,1762.0,1773.0,719.0,872.0,-142.0,-8.059023836549375
1139166684,1967802350,EVT-0085,1685.0,1666.0,892.0,927.0,-54.0,-3.2047477744807122
1238983617,1113953065,EVT-0085,5545.0,6865.0,2802.0,2653.0,1469.0,26.492335437330926
1474100561,1588179048,EVT-0085,742.0,645.0,1004.0,885.0,22.0,2.964959568733154
1533003293,1798313247,EVT-0085,1836.0,2071.0,717.0,701.0,251.0,13.671023965141613
1547244776,1964572899,EVT-0085,1070.0,1088.0,836.0,768.0,86.0,8.037383177570094
1555906795,1341720393,EVT-0085,3151.0,3489.0,985.0,841.0,482.0,15.296731196445574
1655727265,1632734848,EVT-0085,2925.0,3089.0,1461.0,1543.0,82.0,2.8034188034188037
1688976343,1736829924,EVT-0085,1837.0,1953.0,1191.0,1046.0,261.0,14.207947740881874
1761262934,1573445784,EVT-0085,1750.0,1673.0,1175.0,1110.0,-12.0,-0.6857142857142857
1889776344,1320611266,EVT-0085,1360.0,1698.0,1260.0,1278.0,320.0,23.52941176470588
1009179924,1599978586,EVT-0086,1622.0,1935.0,1748.0,1860.0,201.0,12.392108508014797
1025978341,1730655531,EVT-0086,2804.0,3432.0,1094.0,1103.0,619.0,22.075606276747504
1026722938,1234985764,EVT-0086,2317.0,2730.0,1502.0,1251.0,664.0,28.657747086750106
1038444141,1555114069,EVT-0086,415.0,462.0,372.0,390.0,29.0,6.987951807228916
1050705288,1769333869,EVT-0086,3489.0,4217.0,450.0,411.0,767.0,21.983376325594726
1101185407,1381937048,EVT-0086,880.0,979.0,382.0,371.0,110.0,12.5
1133130363,1209566128,EVT-0086,1175.0,1369.0,1405.0,1713.0,-114.0,-9.702127659574469
1136500869,1971977354,EVT-0086,2049.0,2379.0,558.0,514.0,374.0,18.25280624694973
1137408567,1805422742,EVT-0086,3891.0,4949.0,1467.0,1584.0,941.0,24.1840143921871
1144669185,1099946885,EVT-0086,4241.0,5182.0,1117.0,1108.0,950.0,22.400377269511907
1240190284,1788668972,EVT-0086,919.0,1008.0,533.0,413.0,209.0,22.742110990206747
1240393805,1997693654,EVT-0086,401.0,499.0,1075.0,1035.0,138.0,34.413965087281795
1268222167,1842420535,EVT-0086,2173.0,2210.0,1424.0,1416.0,45.0,2.0708697653014267
1330156328,1004543439,EVT-0086,251.0,257.0,952.0,790.0,168.0,66.93227091633466
1334793308,1874547676,EVT-0086,656.0,764.0,443.0,430.0,121.0,18.445121951219512
1385532449,1364720148,EVT-0086,1145.0,1285.0,1205.0,1474.0,-129.0,-11.26637554585153
1455101661,1890077344,EVT-0086,1726.0,1904.0,1508.0,1612.0,74.0,4.287369640787949
1475115246,1107378550,EVT-0086,1028.0,1154.0,460.0,429.0,157.0,15.272373540856032
1494868502,1751172259,EVT-0086,635.0,573.0,311.0,279.0,-30.0,-4.724409448818897
1590337907,1222151080,EVT-0086,1583.0,1927.0,1854.0,2096.0,102.0,6.4434617814276685
1610429726,1418295824,EVT-0086,499.0,442.0,439.0,431.0,-49.0,-9.819639278557114
1644815767,1851932792,EVT-0086,1560.0,1686.0,837.0,888.0,75.0,4.807692307692308
1645233598,1400951004,EVT-0086,2764.0,3441.0,1813.0,1683.0,807.0,29.196816208393635
1666389063,1223528765,EVT-0086,691.0,652.0,536.0,579.0,-82.0,-11.866859623733719
1702497342,1100495849,EVT-0086,1833.0,1804.0,1953.0,2294.0,-370.0,-20.185488270594654
1704331150,1432188427,EVT-0086,1720.0,1828.0,2160.0,2540.0,-272.0,-15.813953488372093
1710163217,1860037419,EVT-0086,1346.0,1447.0,510.0,434.0,177.0,13.150074294205053
1714292012,1836894604,EVT-0086,1609.0,1868.0,1188.0,1213.0,234.0,14.54319453076445
1738903891,1285330571,EVT-0086,3074.0,4124.0,802.0,847.0,1005.0,32.69355888093689
1747032997,1058325303,EVT-0086,2018.0,2522.0,1031.0,968.0,567.0,28.097125867195246
1836939912,1974446365,EVT-0086,524.0,488.0,576.0,498.0,42.0,8.015267175572518
1880265578,1083149777,EVT-0086,619.0,648.0,534.0,571.0,-8.0,-1.2924071082390953
1910188758,1364592786,EVT-0086,577.0,588.0,460.0,352.0,119.0,20.623916811091856
1944079924,1371002787,EVT-0086,2357.0,3019.0,339.0,333.0,668.0,28.34111158252015
1949335115,1694658844,EVT-0086,1189.0,1329.0,1220.0,1460.0,-100.0,-8.410428931875526
1969108517,1762664088,EVT-0086,1536.0,1491.0,1054.0,1065.0,-56.0,-3.6458333333333335
1005067453,1332504376,EVT-0087,1122.0,1123.0,764.0,593.0,172.0,15.32976827094474
1011940271,1297391371,EVT-0087,1342.0,1271.0,952.0,751.0,130.0,9.687034277198212
1050705288,1285330571,EVT-0087,4895.0,5434.0,2160.0,2141.0,558.0,11.399387129724209
1065091666,1702446943,EVT-0087,1281.0,1180.0,1666.0,1508.0,57.0,4.449648711943794
1137408567,1730655531,EVT-0087,3190.0,4109.0,2480.0,2481.0,918.0,28.77742946708464
1375349903,1756884833,EVT-0087,900.0,856.0,987.0,844.0,99.0,11.0
1394609428,1012264374,EVT-0087,4508.0,5045.0,3837.0,4029.0,345.0,7.653061224489796
1453128708,1423753536,EVT-0087,2347.0,2209.0,2179.0,2115.0,-74.0,-3.1529612270984235
1556860702,1808677938,EVT-0087,464.0,448.0,702.0,643.0,43.0,9.267241379310345
1702497342,1100495849,EVT-0087,1846.0,2096.0,2528.0,3055.0,-277.0,-15.005417118093176
1704331150,1432188427,EVT-0087,2295.0,2375.0,2016.0,2235.0,-139.0,-6.056644880174292
1713444978,1935314678,EVT-0087,1996.0,2462.0,1544.0,1520.0,490.0,24.549098196392784
1740626134,1305686507,EVT-0087,1286.0,1300.0,1980.0,2166.0,-172.0,-13.374805598755831
1827318308,1939526327,EVT-0087,1473.0,1424.0,628.0,497.0,82.0,5.566870332654447
1993463169,1257768279,EVT-0087,1543.0,1765.0,1229.0,1265.0,186.0,12.054439403758911
1025231352,1892307210,EVT-0088,1668.0,2085.0,1415.0,1438.0,394.0,23.621103117505996
1040239976,1993874985,EVT-0088,2425.0,2618.0,2850.0,2898.0,145.0,5.979381443298969
1246066447,1601451010,EVT-0088,3254.0,3423.0,1838.0,1635.0,372.0,11.432083589428396
1595774286,1187084813,EVT-0088,3333.0,3680.0,1769.0,1921.0,195.0,5.8505850585058505
1610429726,1418295824,EVT-0088,988.0,723.0,1036.0,783.0,-12.0,-1.214574898785425
1647196991,1196400158,EVT-0088,3844.0,4319.0,1376.0,1563.0,288.0,7.492195629552549
1808310134,1075689749,EVT-0088,2237.0,2350.0,2502.0,3161.0,-546.0,-24.407688869021012
1944079924,1371002787,EVT-0088,4599.0,5007.0,1726.0,1749.0,385.0,8.37138508371385
1209464480,1555114069,EVT-0089,2889.0,3122.0,2102.0,2555.0,-220.0,-7.615091727241261
1216532808,1903521262,EVT-0089,949.0,939.0,761.0,694.0,57.0,6.006322444678609
1240190284,1788668972,EVT-0089,2071.0,2260.0,1583.0,1385.0,387.0,18.686624818928056
1328056928,1511742359,EVT-0089,1676.0,1838.0,1145.0,1103.0,204.0,12.17183770883055
1719186219,1772776476,EVT-0089,1511.0,1510.0,376.0,350.0,25.0,1.6545334215751157
1811081532,1242598583,EVT-0089,1104.0,1147.0,1685.0,1750.0,-22.0,-1.9927536231884055
1840863041,1340345143,EVT-0089,2298.0,2506.0,2045.0,2314.0,-61.0,-2.6544821583986073
1041585906,1088938448,EVT-0090,877.0,774.0,580.0,512.0,-35.0,-3.990877993158495
1240190284,1788668972,EVT-0090,2071.0,2260.0,1583.0,1385.0,387.0,18.686624818928056
1292975558,1195381896,EVT-0090,4344.0,5229.0,1965.0,2123.0,727.0,16.73572744014733
1486296159,1407902521,EVT-0090,883.0,969.0,509.0,404.0,191.0,21.630804077010193
1555114069,1384158410,EVT-0090,2102.0,2555.0,2129.0,2220.0,362.0,17.221693625118935
1621842156,1242598583,EVT-0090,1411.0,1519.0,1685.0,1750.0,43.0,3.047484053862509
1704492101,1831786672,EVT-0090,1258.0,1100.0,921.0,830.0,-67.0,-5.325914149443562
1595774286,1187084813,EVT-0091,3333.0,3680.0,1769.0,1921.0,195.0,5.8505850585058505
1025231352,1892307210,EVT-0091,1668.0,2085.0,1415.0,1438.0,394.0,23.621103117505996
1073902250,1641859123,EVT-0091,1993.0,2155.0,2086.0,2319.0,-71.0,-3.562468640240843
1199976907,1121962926,EVT-0091,1638.0,1618.0,2221.0,2387.0,-186.0,-11.355311355311356
1435949049,1109634414,EVT-0091,2878.0,3222.0,2904.0,3271.0,-23.0,-0.7991660875608061
1519182780,1696806755,EVT-0091,1257.0,1330.0,1142.0,1159.0,56.0,4.455051710421639
1590337907,1775551348,EVT-0091,3201.0,4006.0,2719.0,2708.0,816.0,25.49203373945642
1598661571,1674708775,EVT-0091,2586.0,2954.0,2469.0,2687.0,150.0,5.800464037122969
1643343233,1371002787,EVT-0091,1938.0,2058.0,1726.0,1749.0,97.0,5.005159958720331
1647196991,1196400158,EVT-0091,3844.0,4319.0,1376.0,1563.0,288.0,7.492195629552549
1757283357,1925493359,EVT-0091,1350.0,1398.0,589.0,526.0,111.0,8.222222222222223
1002145427,1316743925,EVT-0092,1963.0,2159.0,1449.0,1644.0,1.0,0.05094243504839531
1005067453,1332504376,EVT-0092,499.0,514.0,604.0,612.0,7.0,1.402805611222445
1026722938,1234985764,EVT-0092,2448.0,3192.0,1841.0,2034.0,551.0,22.508169934640524
1050705288,1769333869,EVT-0092,997.0,1293.0,928.0,920.0,304.0,30.49147442326981
1133616429,1841791217,EVT-0092,423.0,457.0,839.0,836.0,37.0,8.747044917257684
1172835138,1617703974,EVT-0092,852.0,996.0,923.0,984.0,83.0,9.741784037558686
1202669523,1041640354,EVT-0092,1601.0,1636.0,530.0,545.0,20.0,1.2492192379762648
1213511599,1209566128,EVT-0092,4403.0,5870.0,2175.0,2565.0,1077.0,24.460595048830346
1240190284,1788668972,EVT-0092,590.0,666.0,558.0,508.0,126.0,21.35593220338983
1246066447,1075689749,EVT-0092,2342.0,2873.0,1323.0,1721.0,133.0,5.6789069171648165
1265952337,1871372714,EVT-0092,534.0,644.0,629.0,706.0,33.0,6.179775280898876
1305686507,1012264374,EVT-0092,720.0,898.0,1994.0,2510.0,-338.0,-46.94444444444444
1324722952,1657655308,EVT-0092,312.0,313.0,467.0,479.0,-11.0,-3.5256410256410255
1393791409,1337606333,EVT-0092,990.0,1022.0,418.0,387.0,63.0,6.363636363636363
1425340662,1289174306,EVT-0092,1012.0,1263.0,715.0,709.0,257.0,25.395256916996047
1449331358,1798488478,EVT-0092,719.0,703.0,594.0,510.0,68.0,9.457579972183588
1455101661,1890077344,EVT-0092,1412.0,1614.0,556.0,613.0,145.0,10.26912181303116
1566888198,1488515010,EVT-0092,809.0,841.0,1650.0,1400.0,282.0,34.857849196538936
1598661571,1674708775,EVT-0092,670.0,718.0,723.0,765.0,6.0,0.8955223880597015
1702497342,1100495849,EVT-0092,1259.0,1254.0,2493.0,3263.0,-775.0,-61.55679110405083
1704331150,1432188427,EVT-0092,1488.0,1545.0,1412.0,1600.0,-131.0,-8.803763440860216
1713444978,1935314678,EVT-0092,1469.0,1895.0,928.0,924.0,430.0,29.271613342409804
1738903891,1285330571,EVT-0092,1400.0,1905.0,2096.0,2274.0,327.0,23.357142857142858
1749355669,1611952734,EVT-0092,847.0,1080.0,395.0,446.0,182.0,21.487603305785125
1769352273,1134632102,EVT-0092,906.0,1089.0,462.0,530.0,115.0,12.693156732891833
1847082322,1121962926,EVT-0092,689.0,680.0,616.0,738.0,-131.0,-19.013062409288825
1848624494,1135650855,EVT-0092,673.0,875.0,946.0,906.0,242.0,35.95839524517088
1867204764,1526834563,EVT-0092,1013.0,1195.0,1000.0,1112.0,70.0,6.910167818361303
1895078685,1598998692,EVT-0092,781.0,1109.0,525.0,510.0,343.0,43.918053777208705
1903798589,1209829039,EVT-0092,2224.0,2464.0,1365.0,1471.0,134.0,6.025179856115108
1939785840,1402934529,EVT-0092,1082.0,1126.0,748.0,717.0,75.0,6.931608133086876
1964945871,1995404856,EVT-0092,1097.0,1311.0,1313.0,1354.0,173.0,15.770282588878759
1989798412,1783823739,EVT-0092,1896.0,2194.0,2134.0,2605.0,-173.0,-9.124472573839663
1065870788,1670560261,EVT-0093,2166.0,2295.0,1368.0,1353.0,144.0,6.64819944598338
1080672524,1997693654,EVT-0093,2637.0,2968.0,1647.0,1650.0,328.0,12.438376943496397
1124726435,1767508967,EVT-0093,2326.0,2991.0,2422.0,2412.0,675.0,29.019776440240758
1144669185,1714021262,EVT-0093,4761.0,5774.0,2758.0,3268.0,503.0,10.565007351396766
1227780172,1566276774,EVT-0093,7767.0,9170.0,4710.0,5411.0,702.0,9.038238702201621
1241711534,1804484495,EVT-0093,993.0,1011.0,1063.0,1007.0,74.0,7.452165156092648
1271768685,1381937048,EVT-0093,2582.0,3127.0,1360.0,1317.0,588.0,22.773044151820294
1280087226,1058325303,EVT-0093,5403.0,7372.0,1764.0,1646.0,2087.0,38.62668887655006
1297280590,1181360912,EVT-0093,2531.0,2607.0,1439.0,1365.0,150.0,5.926511260371395
1316743925,1209566128,EVT-0093,4193.0,4614.0,3544.0,4611.0,-646.0,-15.406630097782017
1377426493,1873780039,EVT-0093,1559.0,1738.0,1935.0,2213.0,-99.0,-6.350224502886466
1385532449,1364720148,EVT-0093,3534.0,4460.0,1937.0,2305.0,558.0,15.789473684210526
1413519731,1783823739,EVT-0093,3061.0,3077.0,4338.0,5244.0,-890.0,-29.075465534139173
1418997171,1251202242,EVT-0093,3288.0,4097.0,2007.0,1846.0,970.0,29.501216545012166
1425340662,1209829039,EVT-0093,2547.0,2644.0,4061.0,4949.0,-791.0,-31.056144483706323
1481247389,1892083019,EVT-0093,2235.0,2154.0,2222.0,2265.0,-124.0,-5.548098434004474
1590869917,1352216182,EVT-0093,1881.0,1805.0,2302.0,2586.0,-360.0,-19.138755980861244
1639269087,1762971749,EVT-0093,1497.0,1445.0,1508.0,1337.0,119.0,7.9492317969271875
1644815767,1851932792,EVT-0093,2331.0,2763.0,1145.0,1175.0,402.0,17.245817245817246
1686880901,1939052563,EVT-0093,1527.0,1592.0,903.0,714.0,254.0,16.633922724296006
1689059347,1625192632,EVT-0093,1522.0,1445.0,776.0,689.0,10.0,0.657030223390276
1725623817,1412773438,EVT-0093,3747.0,4421.0,4402.0,5378.0,-302.0,-8.059781158259941
1725724532,1261377760,EVT-0093,5389.0,6658.0,1496.0,1627.0,1138.0,21.117090369270734
1732527431,1174238463,EVT-0093,2550.0,2608.0,1480.0,1429.0,109.0,4.2745098039215685
1806479196,1134632102,EVT-0093,3332.0,3713.0,2455.0,3252.0,-416.0,-12.48499399759904
1824172013,1548652282,EVT-0093,1974.0,2773.0,2764.0,2820.0,743.0,37.639311043566366
1849328657,1488515010,EVT-0093,1622.0,1405.0,1764.0,1832.0,-285.0,-17.57090012330456
1862986803,1135650855,EVT-0093,1687.0,1560.0,1672.0,1365.0,180.0,10.669828097213989
1908168895,1289174306,EVT-0093,1280.0,1301.0,1079.0,1048.0,52.0,4.0625
1924355757,1812123887,EVT-0093,2431.0,2919.0,2614.0,2776.0,326.0,13.410119292472233
1927430854,1838439200,EVT-0093,3742.0,4795.0,3449.0,4682.0,-180.0,-4.810261892036345
1058647219,1697855363,EVT-0094,2124.0,2598.0,1526.0,1557.0,443.0,20.85687382297552
1134509243,1573445784,EVT-0094,1156.0,1167.0,1175.0,1110.0,76.0,6.5743944636678195
1139166684,1798488478,EVT-0094,1685.0,1666.0,426.0,393.0,14.0,0.830860534124629
1389574017,1976707814,EVT-0094,1739.0,1919.0,983.0,1018.0,145.0,8.338125359401955
1547112395,1588179048,EVT-0094,1100.0,941.0,1004.0,885.0,-40.0,-3.6363636363636362
1547244776,1632734848,EVT-0094,1070.0,1088.0,1461.0,1543.0,-64.0,-5.981308411214954
1854852153,1308498975,EVT-0094,1235.0,1219.0,1511.0,1391.0,104.0,8.421052631578947
1964572899,1416644254,EVT-0094,836.0,768.0,679.0,645.0,-34.0,-4.0669856459330145
1967802350,1041494554,EVT-0094,892.0,927.0,452.0,389.0,98.0,10.986547085201794
1903798589,1769352273,EVT-0093,2098.0,2561.0,1965.0,1893.0,535.0,25.50047664442326
1002145427,1102089657,EVT-0095,3726.0,3909.0,1060.0,1015.0,228.0,6.119162640901772
1018018261,1058325303,EVT-0095,2985.0,3587.0,1764.0,1646.0,720.0,24.120603015075375
1022312734,1842420535,EVT-0095,1109.0,988.0,861.0,938.0,-198.0,-17.853922452660054
1036327983,1922185990,EVT-0095,905.0,808.0,433.0,424.0,-88.0,-9.723756906077348
1080672524,1997693654,EVT-0095,2637.0,2968.0,1647.0,1650.0,328.0,12.438376943496397
1084471394,1261377760,EVT-0095,1681.0,1758.0,1496.0,1627.0,-54.0,-3.2123735871505055
1124726435,1134089733,EVT-0095,2326.0,2991.0,786.0,731.0,720.0,30.954428202923474
1124890801,1099946885,EVT-0095,3470.0,3630.0,1173.0,1112.0,221.0,6.368876080691642
1144669185,1473494189,EVT-0095,4761.0,5774.0,1003.0,1078.0,938.0,19.701743331232933
1166368237,1352216182,EVT-0095,1773.0,1618.0,2302.0,2586.0,-439.0,-24.760293288212072
1200480071,1674102136,EVT-0095,1879.0,2127.0,886.0,845.0,289.0,15.380521554018095
1264333323,1209566128,EVT-0095,3828.0,4831.0,3544.0,4611.0,-64.0,-1.671891327063741
1287287258,1548652282,EVT-0095,2644.0,3087.0,2764.0,2820.0,387.0,14.636913767019665
1297280590,1181360912,EVT-0095,2531.0,2607.0,1439.0,1365.0,150.0,5.926511260371395
1316743925,1251202242,EVT-0095,4193.0,4614.0,2007.0,1846.0,582.0,13.880276651562125
1377426493,1873780039,EVT-0095,1559.0,1738.0,1935.0,2213.0,-99.0,-6.350224502886466
1451968915,1275443434,EVT-0095,1673.0,1656.0,1343.0,1304.0,22.0,1.315002988643156
1455779946,1134632102,EVT-0095,2123.0,2315.0,2455.0,3252.0,-605.0,-28.497409326424872
1489598965,1572180861,EVT-0095,3072.0,3195.0,1126.0,876.0,373.0,12.141927083333332
1526669415,1289174306,EVT-0095,1699.0,1649.0,1079.0,1048.0,-19.0,-1.1183048852266038
1552813903,1767508967,EVT-0095,4259.0,5319.0,2422.0,2412.0,1070.0,25.123268372857478
1567742360,1296624285,EVT-0095,990.0,1086.0,1376.0,1225.0,247.0,24.949494949494948
1595301304,1812123887,EVT-0095,2630.0,2710.0,2614.0,2776.0,-82.0,-3.11787072243346
1639269087,1849988823,EVT-0095,1497.0,1445.0,348.0,264.0,32.0,2.137608550434202
1644815767,1851932792,EVT-0095,2331.0,2763.0,1145.0,1175.0,402.0,17.245817245817246
1665478461,1714021262,EVT-0095,2959.0,3152.0,2758.0,3268.0,-317.0,-10.71307874281852
1689916181,1947954388,EVT-0095,3080.0,4209.0,550.0,531.0,1148.0,37.27272727272727
1725623817,1412773438,EVT-0095,3747.0,4421.0,4402.0,5378.0,-302.0,-8.059781158259941
1725724532,1742974847,EVT-0095,5389.0,6658.0,448.0,397.0,1320.0,24.49434032287994
1747032997,1762971749,EVT-0095,1725.0,1807.0,1508.0,1337.0,253.0,14.666666666666666
1803233885,1174238463,EVT-0095,2189.0,2542.0,1480.0,1429.0,404.0,18.45591594335313
1808826295,1804484495,EVT-0095,2910.0,3684.0,1063.0,1007.0,830.0,28.52233676975945
1815807585,1512866082,EVT-0095,3669.0,4473.0,1569.0,1495.0,878.0,23.930226219678385
1824172013,1488515010,EVT-0095,1974.0,2773.0,1764.0,1832.0,731.0,37.03140830800405
1832506087,1191545544,EVT-0095,5672.0,6439.0,2094.0,2684.0,177.0,3.120592383638928
1838439200,1892083019,EVT-0095,3449.0,4682.0,2222.0,2265.0,1190.0,34.50275442157147
1903798589,1219172859,EVT-0095,2098.0,2561.0,1250.0,1309.0,404.0,19.256434699714013
1927430854,1393729789,EVT-0095,3742.0,4795.0,5514.0,6055.0,512.0,13.6825227151256
1937514325,1159833825,EVT-0095,2566.0,3073.0,2617.0,2509.0,615.0,23.96726422447389
1955620046,1364720148,EVT-0095,2760.0,3048.0,1937.0,2305.0,-80.0,-2.898550724637681
1123148250,1830884742,EVT-0096,1520.0,1510.0,669.0,584.0,75.0,4.934210526315789
1132120993,1167711153,EVT-0096,760.0,818.0,1743.0,1717.0,84.0,11.052631578947368
1286477181,1041640354,EVT-0096,1286.0,1444.0,1208.0,999.0,367.0,28.538102643856924
1341556789,1405577143,EVT-0096,6912.0,8967.0,2139.0,2059.0,2135.0,30.888310185185187
1376656900,1823309871,EVT-0096,1720.0,1787.0,2028.0,2375.0,-280.0,-16.27906976744186
1460081361,1133042691,EVT-0096,1271.0,1485.0,1510.0,1544.0,180.0,14.162077104642016
1478412079,1742318383,EVT-0096,2569.0,2857.0,1563.0,1452.0,399.0,15.531335149863759
1516074709,1234567687,EVT-0096,2324.0,2604.0,1492.0,1473.0,299.0,12.865748709122204
1648553570,1403453024,EVT-0096,2146.0,2790.0,852.0,1178.0,318.0,14.818266542404473
1670701188,1107378550,EVT-0096,3073.0,3226.0,1707.0,1658.0,202.0,6.573381060852587
1672904236,1056679651,EVT-0096,1793.0,2039.0,1629.0,1868.0,7.0,0.39040713887339656
1683943777,1138208594,EVT-0096,2274.0,2734.0,2335.0,2436.0,359.0,15.787159190853123
1710163217,1860037419,EVT-0096,1767.0,2013.0,2802.0,1554.0,1494.0,84.55008488964346
1714292012,1751172259,EVT-0096,1684.0,1775.0,1609.0,1613.0,87.0,5.166270783847981
1727463709,1120914548,EVT-0096,1155.0,1064.0,1999.0,2257.0,-349.0,-30.21645021645022
1732000645,1036176265,EVT-0096,3309.0,4039.0,2689.0,2815.0,604.0,18.253248715624057
1050506165,1838576308,EVT-0097,2025.0,2296.0,1114.0,1155.0,230.0,11.358024691358025
1058647219,1697855363,EVT-0097,2150.0,2592.0,1549.0,1617.0,374.0,17.3953488372093
1139166684,1588179048,EVT-0097,1643.0,1743.0,984.0,864.0,220.0,13.390139987827146
1198262952,1536141264,EVT-0097,4463.0,5044.0,2312.0,2701.0,192.0,4.302038987228322
1229022169,1423946593,EVT-0097,973.0,840.0,1154.0,916.0,105.0,10.79136690647482
1238983617,1113953065,EVT-0097,5809.0,7199.0,2815.0,2873.0,1332.0,22.929936305732486
1533003293,1798313247,EVT-0097,1880.0,2119.0,726.0,666.0,299.0,15.904255319148936
1547244776,1573445784,EVT-0097,1063.0,1136.0,1172.0,1150.0,95.0,8.936970837253057
1889776344,1320611266,EVT-0097,1443.0,1736.0,1308.0,1302.0,299.0,20.72072072072072
1058647219,1697855363,EVT-0098,1363.0,1684.0,1424.0,1459.0,286.0,20.98312545854732
1075036339,1722581836,EVT-0098,659.0,611.0,591.0,542.0,1.0,0.15174506828528073
1084471394,1261377760,EVT-0098,637.0,694.0,1040.0,994.0,103.0,16.16954474097331
1198262952,1536141264,EVT-0098,1267.0,1575.0,1436.0,1585.0,159.0,12.54932912391476
1204787067,1774691384,EVT-0098,519.0,415.0,382.0,417.0,-139.0,-26.78227360308285
1265952337,1871372714,EVT-0098,1032.0,1021.0,1812.0,1870.0,-69.0,-6.686046511627906
1280087226,1058325303,EVT-0098,2449.0,3051.0,1046.0,1012.0,636.0,25.969783585136792
1292975558,1195381896,EVT-0098,4126.0,5505.0,1475.0,1666.0,1188.0,28.79301987396995
1309371148,1914644640,EVT-0098,1399.0,1263.0,1411.0,1268.0,7.0,0.5003573981415297
1316743925,1251202242,EVT-0098,3002.0,3440.0,555.0,568.0,425.0,14.157228514323783
1328056928,1511742359,EVT-0098,611.0,535.0,1005.0,963.0,-34.0,-5.564648117839607
1456299035,1082909627,EVT-0098,1228.0,1301.0,1109.0,1040.0,142.0,11.563517915309445
1467704312,1788421810,EVT-0098,2310.0,2226.0,984.0,1011.0,-111.0,-4.805194805194805
1547244776,1573445784,EVT-0098,1476.0,1763.0,708.0,614.0,381.0,25.8130081300813
1552813903,1209566128,EVT-0098,2400.0,2804.0,1418.0,1752.0,70.0,2.9166666666666665
1592123891,1767508967,EVT-0098,2372.0,3001.0,528.0,571.0,586.0,24.70489038785835
1616418756,1045376799,EVT-0098,1311.0,1564.0,1133.0,1233.0,153.0,11.670480549199084
1616839134,1602648309,EVT-0098,1906.0,1977.0,981.0,1106.0,-54.0,-2.8331584470094437
1621842156,1294882026,EVT-0098,608.0,632.0,529.0,465.0,88.0,14.473684210526317
1639269087,1762971749,EVT-0098,1004.0,1334.0,1046.0,988.0,388.0,38.645418326693225
1659738110,1124315999,EVT-0098,585.0,540.0,443.0,430.0,-32.0,-5.47008547008547
1665478461,1714021262,EVT-0098,632.0,840.0,896.0,1128.0,-24.0,-3.79746835443038
1679256069,1913743435,EVT-0098,1379.0,1198.0,1181.0,1311.0,-311.0,-22.552574329224075
1689916181,1674102136,EVT-0098,1319.0,1467.0,540.0,517.0,171.0,12.964366944655042
1704331150,1432188427,EVT-0098,1758.0,1950.0,2292.0,2670.0,-186.0,-10.580204778156997
1742579091,1099946885,EVT-0098,2028.0,2582.0,1113.0,1096.0,571.0,28.155818540433923
1769764832,1527981900,EVT-0098,1099.0,1332.0,775.0,697.0,311.0,28.29845313921747
1785764022,1535323178,EVT-0098,1417.0,1258.0,1064.0,1147.0,-242.0,-17.07833450952717
1811081532,1242598583,EVT-0098,1442.0,1481.0,1212.0,1307.0,-56.0,-3.8834951456310676
1812815243,1181360912,EVT-0098,1626.0,2018.0,606.0,620.0,378.0,23.247232472324722
1824172013,1548652282,EVT-0098,1646.0,2397.0,1312.0,1568.0,495.0,30.072904009720535
1893606271,1722502113,EVT-0098,536.0,633.0,479.0,367.0,209.0,38.992537313432834
1934613260,1828766265,EVT-0098,745.0,804.0,601.0,572.0,88.0,11.812080536912752
1934829601,1762664088,EVT-0098,1537.0,1836.0,1102.0,1091.0,310.0,20.169160702667536
1937514325,1266945785,EVT-0098,1605.0,1631.0,2263.0,2670.0,-381.0,-23.738317757009344
1058647219,1697855363,EVT-0099,2150.0,2592.0,1549.0,1617.0,374.0,17.3953488372093
1129206672,1417682113,EVT-0099,1751.0,1783.0,355.0,328.0,59.0,3.3695031410622502
1134509243,1573445784,EVT-0099,1222.0,1214.0,1172.0,1150.0,14.0,1.1456628477905073
1198262952,1536141264,EVT-0099,4463.0,5044.0,2312.0,2701.0,192.0,4.302038987228322
1433980129,1320611266,EVT-0099,1773.0,2073.0,1308.0,1302.0,306.0,17.258883248730964
1547244776,1903121188,EVT-0099,1063.0,1136.0,732.0,834.0,-29.0,-2.7281279397930387
1704308638,1113953065,EVT-0099,3126.0,2874.0,2815.0,2873.0,-310.0,-9.916826615483046
1742859469,1330067194,EVT-0099,2131.0,2569.0,2312.0,2604.0,146.0,6.8512435476302205
1867204764,1526834563,EVT-0099,2282.0,2678.0,1465.0,1443.0,418.0,18.31726555652936
1880717263,1632734848,EVT-0099,2243.0,2591.0,1492.0,1566.0,274.0,12.215782434239857
1038444141,1245433184,EVT-0100,1588.0,1584.0,1638.0,1480.0,154.0,9.697732997481108
1044303869,1195381896,EVT-0100,1249.0,1278.0,2018.0,2111.0,-64.0,-5.124099279423539
1292975558,1913743435,EVT-0100,4468.0,5483.0,2971.0,3225.0,761.0,17.032229185317817
1358245029,1065674784,EVT-0100,1099.0,1091.0,706.0,607.0,91.0,8.280254777070063
1407931751,1900445093,EVT-0100,904.0,703.0,899.0,658.0,40.0,4.424778761061947
1743613295,1149209672,EVT-0100,942.0,959.0,457.0,484.0,-10.0,-1.0615711252653928
1793579560,1737256036,EVT-0100,1678.0,2202.0,1095.0,977.0,642.0,38.25983313468414
1811081532,1242598583,EVT-0100,1111.0,1166.0,1633.0,1770.0,-82.0,-7.380738073807381
1002145427,1251202242,EVT-0101,1909.0,2114.0,1116.0,1090.0,231.0,12.100576217915139
1018018261,1714021262,EVT-0101,1612.0,2092.0,1347.0,1456.0,371.0,23.01488833746898
1048976678,1892083019,EVT-0101,940.0,1076.0,1443.0,1832.0,-253.0,-26.914893617021278
1065870788,1670560261,EVT-0101,1301.0,1407.0,1225.0,1248.0,83.0,6.379707916986933
1080672524,1512866082,EVT-0101,776.0,947.0,457.0,558.0,70.0,9.02061855670103
1084919582,1057676243,EVT-0101,2341.0,2818.0,1275.0,1429.0,323.0,13.797522426313542
1124726435,1767508967,EVT-0101,3503.0,5240.0,1337.0,1433.0,1641.0,46.84556094775906
1136500869,1890077344,EVT-0101,415.0,472.0,574.0,613.0,18.0,4.337349397590361
1159841240,1429777182,EVT-0101,917.0,1146.0,842.0,890.0,181.0,19.738276990185387
1174238463,1082909627,EVT-0101,1353.0,1630.0,1043.0,1038.0,282.0,20.84257206208426
1181854898,1389159553,EVT-0101,1368.0,1546.0,1900.0,2420.0,-342.0,-25.0
1227780172,1412773438,EVT-0101,906.0,1164.0,1891.0,2500.0,-351.0,-38.741721854304636
1241711534,1393729789,EVT-0101,761.0,832.0,757.0,924.0,-96.0,-12.614980289093298
1280087226,1099946885,EVT-0101,5146.0,6480.0,1274.0,1366.0,1242.0,24.135250680139915
1286477181,1279255164,EVT-0101,1326.0,1593.0,945.0,940.0,272.0,20.51282051282051
1326516303,1210642439,EVT-0101,2289.0,2547.0,856.0,913.0,201.0,8.781127129750983
1385532449,1364720148,EVT-0101,1662.0,2131.0,2146.0,2890.0,-275.0,-16.546329723225032
1397955463,1310164813,EVT-0101,3640.0,4486.0,531.0,506.0,871.0,23.92857142857143
1425340662,1209829039,EVT-0101,1018.0,1274.0,1431.0,1490.0,197.0,19.351669941060905
1425610817,1295857761,EVT-0101,481.0,521.0,212.0,203.0,49.0,10.187110187110187
1456207657,1488515010,EVT-0101,2957.0,3694.0,1571.0,1500.0,808.0,27.32499154548529
1456299035,1501344612,EVT-0101,2284.0,2676.0,517.0,465.0,444.0,19.439579684763572
1475115246,1836894604,EVT-0101,971.0,1201.0,806.0,907.0,129.0,13.285272914521112
1526669415,1289174306,EVT-0101,545.0,571.0,643.0,687.0,-18.0,-3.302752293577982
1552813903,1209566128,EVT-0101,1242.0,1706.0,2346.0,2812.0,-2.0,-0.1610305958132045
1555114069,1338304433,EVT-0101,1137.0,1250.0,1103.0,1276.0,-60.0,-5.277044854881266
1557944620,1134632102,EVT-0101,1158.0,1455.0,474.0,548.0,223.0,19.2573402417962
1592123891,1058325303,EVT-0101,887.0,1136.0,1008.0,1192.0,65.0,7.328072153325817
1610177150,1722898792,EVT-0101,1144.0,1414.0,839.0,847.0,262.0,22.9020979020979
1616418756,1045376799,EVT-0101,1351.0,1423.0,914.0,961.0,25.0,1.8504811250925242
1621199177,1804484495,EVT-0101,842.0,942.0,478.0,500.0,78.0,9.263657957244655
1647196991,1337789832,EVT-0101,2868.0,3113.0,873.0,839.0,279.0,9.728033472803348
1648553570,1403453024,EVT-0101,3915.0,4715.0,2630.0,3562.0,-132.0,-3.3716475095785436
1670701188,1107378550,EVT-0101,1024.0,1243.0,1025.0,1157.0,87.0,8.49609375
1688976343,1838576308,EVT-0101,1754.0,2168.0,1341.0,1461.0,294.0,16.76168757126568
1689916181,1762971749,EVT-0101,1835.0,2249.0,578.0,467.0,525.0,28.610354223433244
1703413967,1268421124,EVT-0101,1285.0,1317.0,781.0,756.0,57.0,4.43579766536965
1704492101,1831786672,EVT-0101,1023.0,968.0,554.0,478.0,21.0,2.0527859237536656
1724092733,1056679651,EVT-0101,444.0,547.0,615.0,749.0,-31.0,-6.981981981981981
1732527431,1997693654,EVT-0101,2491.0,2994.0,303.0,339.0,467.0,18.74749096748294
1787619711,1766730505,EVT-0101,1919.0,2700.0,1488.0,1549.0,720.0,37.519541427826994
1808826295,1572180861,EVT-0101,1460.0,1771.0,841.0,783.0,369.0,25.273972602739725
1812815243,1181360912,EVT-0101,1738.0,2277.0,568.0,592.0,515.0,29.63176064441887
1815807585,1773180629,EVT-0101,2168.0,2645.0,253.0,359.0,371.0,17.112546125461257
1849328657,1356982086,EVT-0101,466.0,391.0,1243.0,1316.0,-148.0,-31.759656652360512
1896554999,1873780039,EVT-0101,1780.0,2127.0,1787.0,2085.0,49.0,2.752808988764045
1937514325,1266945785,EVT-0101,1399.0,1734.0,466.0,591.0,210.0,15.010721944245889
1944079924,1371002787,EVT-0101,803.0,853.0,1131.0,1106.0,75.0,9.339975093399751
1955620046,1363342464,EVT-0101,3212.0,3686.0,3005.0,3790.0,-311.0,-9.682440846824408
1050506165,1838576308,EVT-0102,2025.0,2296.0,1114.0,1155.0,230.0,11.358024691358025
1058647219,1697855363,EVT-0102,2150.0,2592.0,1549.0,1617.0,374.0,17.3953488372093
1075036339,1722581836,EVT-0102,1278.0,1173.0,941.0,932.0,-96.0,-7.511737089201878
1139166684,1588179048,EVT-0102,1643.0,1743.0,984.0,864.0,220.0,13.390139987827146
1229022169,1423946593,EVT-0102,973.0,840.0,1154.0,916.0,105.0,10.79136690647482
1389574017,1648626962,EVT-0102,1730.0,2017.0,2070.0,2071.0,286.0,16.53179190751445
1782077311,1916437647,EVT-0102,899.0,784.0,917.0,705.0,97.0,10.789766407119021
1854852153,1308498975,EVT-0102,1211.0,1259.0,1530.0,1448.0,130.0,10.734929810074318
1867204764,1526834563,EVT-0102,2282.0,2678.0,1465.0,1443.0,418.0,18.31726555652936
1011940271,1297391371,EVT-0103,1404.0,1283.0,989.0,744.0,124.0,8.831908831908832
1025978341,1730655531,EVT-0103,3158.0,3169.0,2521.0,2519.0,13.0,0.41165294490183657
1137408567,1174785596,EVT-0103,3350.0,4297.0,1677.0,1563.0,1061.0,31.671641791044774
1174145494,1423753536,EVT-0103,2187.0,2059.0,2130.0,2128.0,-126.0,-5.761316872427984
1237205202,1708639657,EVT-0103,1111.0,1030.0,1148.0,937.0,130.0,11.701170117011701
1361521440,1870612441,EVT-0103,1658.0,2039.0,1284.0,1254.0,411.0,24.788902291917974
1453128708,1299832539,EVT-0103,2367.0,2376.0,1547.0,1413.0,143.0,6.0414026193493875
1497642888,1657655308,EVT-0103,1188.0,1204.0,908.0,920.0,4.0,0.33670033670033667
1645233598,1805422742,EVT-0103,3001.0,3512.0,2189.0,2389.0,311.0,10.36321226257914
1677860136,1803502636,EVT-0103,1977.0,1888.0,1785.0,1775.0,-79.0,-3.995953464845726
1713444978,1935314678,EVT-0103,2108.0,2584.0,1550.0,1491.0,535.0,25.379506641366223
1738903891,1285330571,EVT-0103,3060.0,3753.0,2175.0,2140.0,728.0,23.79084967320261
1740626134,1598998692,EVT-0103,1252.0,1271.0,950.0,737.0,232.0,18.53035143769968
1746046261,1736538384,EVT-0103,1434.0,1502.0,409.0,343.0,134.0,9.344490934449093
1758794279,1657025858,EVT-0103,2931.0,3125.0,2862.0,2780.0,276.0,9.416581371545547
1880426881,1400951004,EVT-0103,2768.0,2909.0,2516.0,2740.0,-83.0,-2.9985549132947975
1995404856,1333043895,EVT-0103,1502.0,1442.0,1174.0,1141.0,-27.0,-1.7976031957390146
1011940271,1657025858,EVT-0104,890.0,961.0,594.0,652.0,13.0,1.4606741573033708
1038444141,1384158410,EVT-0104,429.0,471.0,870.0,911.0,1.0,0.2331002331002331
1044666919,1907112910,EVT-0104,780.0,815.0,280.0,322.0,-7.0,-0.8974358974358974
1050705288,1100495849,EVT-0104,3660.0,4282.0,1915.0,2285.0,252.0,6.885245901639345
1124726435,1714021262,EVT-0104,3547.0,4261.0,896.0,1128.0,482.0,13.588948407104596
1136500869,1890077344,EVT-0104,2034.0,2314.0,1562.0,1588.0,254.0,12.48770894788594
1159841240,1026926489,EVT-0104,3610.0,3989.0,1735.0,1667.0,447.0,12.382271468144044
1204787067,1774691384,EVT-0104,519.0,415.0,382.0,417.0,-139.0,-26.78227360308285
1238983617,1113953065,EVT-0104,841.0,1032.0,740.0,772.0,159.0,18.90606420927467
1264333323,1209566128,EVT-0104,1714.0,2431.0,1418.0,1752.0,383.0,22.345390898483082
1413519731,1412773438,EVT-0104,4237.0,5676.0,2627.0,3402.0,664.0,15.671465659664857
1423152481,1057676243,EVT-0104,2419.0,3192.0,1258.0,1234.0,797.0,32.947498966515084
1425610817,1295857761,EVT-0104,444.0,450.0,506.0,422.0,90.0,20.27027027027027
1456299035,1804484495,EVT-0104,1228.0,1301.0,1672.0,1536.0,209.0,17.019543973941367
1467704312,1788421810,EVT-0104,2310.0,2226.0,984.0,1011.0,-111.0,-4.805194805194805
1481247389,1892083019,EVT-0104,1229.0,1243.0,767.0,738.0,43.0,3.4987794955248166
1512844550,1081031506,EVT-0104,960.0,980.0,816.0,854.0,-18.0,-1.875
1518121706,1971977354,EVT-0104,1394.0,1369.0,552.0,509.0,18.0,1.291248206599713
1610177150,1722898792,EVT-0104,2250.0,2622.0,1098.0,1216.0,254.0,11.288888888888888
1615059528,1389159553,EVT-0104,1158.0,1154.0,1199.0,1326.0,-131.0,-11.312607944732298
1635476009,1527981900,EVT-0104,1641.0,2096.0,775.0,697.0,533.0,32.48019500304692
1647196991,1196400158,EVT-0104,479.0,465.0,435.0,379.0,42.0,8.768267223382047
1648553570,1823309871,EVT-0104,4560.0,5044.0,2367.0,2872.0,-21.0,-0.4605263157894736
1685524518,1310164813,EVT-0104,804.0,720.0,502.0,457.0,-39.0,-4.850746268656716
1725724532,1251202242,EVT-0104,3673.0,4419.0,555.0,568.0,733.0,19.956438878301118
1747032997,1058325303,EVT-0104,2076.0,2648.0,1046.0,1012.0,606.0,29.190751445086704
1927430854,1082909627,EVT-0104,2295.0,2769.0,1109.0,1040.0,543.0,23.660130718954246
1969108517,1762664088,EVT-0104,1576.0,1581.0,1102.0,1091.0,16.0,1.015228426395939
1123148250,1830884742,EVT-0105,1520.0,1510.0,669.0,584.0,75.0,4.934210526315789
1265952337,1860037419,EVT-0105,2873.0,2839.0,2802.0,1554.0,1214.0,42.2554820744866
1299418347,1331020234,EVT-0105,2350.0,2759.0,2406.0,2673.0,142.0,6.042553191489362
1341556789,1405577143,EVT-0105,6912.0,8967.0,2139.0,2059.0,2135.0,30.888310185185187
1362560363,1028050239,EVT-0105,2361.0,2653.0,1279.0,1052.0,519.0,21.98221092757306
1376656900,1823309871,EVT-0105,1720.0,1787.0,2028.0,2375.0,-280.0,-16.27906976744186
1475115246,1107378550,EVT-0105,3701.0,3894.0,1707.0,1658.0,242.0,6.5387733045122935
1492077734,1766730505,EVT-0105,3628.0,4247.0,2002.0,2399.0,222.0,6.119073869900771
1551962891,1057623450,EVT-0105,560.0,500.0,520.0,375.0,85.0,15.178571428571427
1610177150,1722898792,EVT-0105,2665.0,3226.0,2330.0,2261.0,630.0,23.639774859287055
1648553570,1403453024,EVT-0105,2146.0,2790.0,852.0,1178.0,318.0,14.818266542404473
1655321622,1848800052,EVT-0105,2005.0,2222.0,1996.0,2065.0,148.0,7.381546134663342
1745601371,1200346587,EVT-0105,1506.0,1498.0,1449.0,1766.0,-325.0,-21.58034528552457
1760628762,1440623548,EVT-0105,1280.0,1257.0,1039.0,1142.0,-126.0,-9.84375
1934829601,1971097054,EVT-0105,2420.0,2654.0,1360.0,1311.0,283.0,11.694214876033056
1009179924,1386514024,EVT-0106,2106.0,2632.0,1776.0,1884.0,418.0,19.848053181386515
1074076039,1836894604,EVT-0106,2641.0,3422.0,1692.0,1834.0,639.0,24.195380537675124
1169238601,1766730505,EVT-0106,1717.0,1684.0,2002.0,2399.0,-430.0,-25.0436808386721
1265952337,1871372714,EVT-0106,2873.0,2839.0,1691.0,1827.0,-170.0,-5.9171597633136095
1286477181,1041640354,EVT-0106,1286.0,1444.0,1208.0,999.0,367.0,28.538102643856924
1299418347,1331020234,EVT-0106,2350.0,2759.0,2406.0,2673.0,142.0,6.042553191489362
1409960642,1742318383,EVT-0106,1554.0,1604.0,1563.0,1452.0,161.0,10.36036036036036
1475115246,1722898792,EVT-0106,3701.0,3894.0,2330.0,2261.0,262.0,7.079167792488517
1516074709,1234567687,EVT-0106,2324.0,2604.0,1492.0,1473.0,299.0,12.865748709122204
1614978876,1468190701,EVT-0106,811.0,912.0,664.0,592.0,173.0,21.33168927250308
1648553570,1823309871,EVT-0106,2146.0,2790.0,2028.0,2375.0,297.0,13.839701770736253
1655321622,1848800052,EVT-0106,2005.0,2222.0,1996.0,2065.0,148.0,7.381546134663342
1710163217,1860037419,EVT-0106,1767.0,2013.0,2802.0,1554.0,1494.0,84.55008488964346
1724092733,1350739367,EVT-0106,2926.0,3211.0,2130.0,2041.0,374.0,12.781954887218044
1762664088,1971097054,EVT-0106,1130.0,1157.0,1360.0,1311.0,76.0,6.725663716814159
1885189138,1440538092,EVT-0106,1695.0,1758.0,1337.0,1145.0,255.0,15.04424778761062
1934763735,1977228745,EVT-0106,973.0,1136.0,1158.0,1226.0,95.0,9.763617677286742
1934829601,1083149777,EVT-0106,2420.0,2654.0,1777.0,1675.0,336.0,13.884297520661157
1123148250,1830884742,EVT-0107,1520.0,1510.0,669.0,584.0,75.0,4.934210526315789
1167711153,1133042691,EVT-0107,1743.0,1717.0,1510.0,1544.0,-60.0,-3.4423407917383817
1332369119,1923786978,EVT-0107,1792.0,2046.0,1842.0,1656.0,440.0,24.553571428571427
1362560363,1028050239,EVT-0107,2361.0,2653.0,1279.0,1052.0,519.0,21.98221092757306
1478412079,1742318383,EVT-0107,2569.0,2857.0,1563.0,1452.0,399.0,15.531335149863759
1594466975,1599978586,EVT-0107,1783.0,1752.0,2135.0,2356.0,-252.0,-14.133482893998877
1614978876,1468190701,EVT-0107,811.0,912.0,664.0,592.0,173.0,21.33168927250308
1672904236,1056679651,EVT-0107,1793.0,2039.0,1629.0,1868.0,7.0,0.39040713887339656
1710163217,1860037419,EVT-0107,1767.0,2013.0,2802.0,1554.0,1494.0,84.55008488964346
1722038985,1977922420,EVT-0107,1627.0,1882.0,1697.0,1569.0,383.0,23.540258143822985
1969108517,1083149777,EVT-0107,1305.0,1215.0,1777.0,1675.0,12.0,0.9195402298850575
1386514024,1185877283,EVT-0107,1776.0,1884.0,1579.0,1646.0,41.0,2.3085585585585586
1018018261,1714021262,EVT-0108,3374.0,3903.0,3165.0,3682.0,12.0,0.35566093657379966
1048976678,1892083019,EVT-0108,3051.0,3736.0,2360.0,2355.0,690.0,22.615535889872174
1082909627,1804484495,EVT-0108,1021.0,1112.0,1016.0,1025.0,82.0,8.03134182174339
1084919582,1393729789,EVT-0108,2849.0,3436.0,5973.0,6420.0,140.0,4.914004914004914
1133130363,1251202242,EVT-0108,2503.0,2908.0,1977.0,1738.0,644.0,25.729125049940073
1166368237,1352216182,EVT-0108,1783.0,1675.0,2377.0,2812.0,-543.0,-30.45429052159282
1174238463,1057676243,EVT-0108,1482.0,1481.0,1261.0,1202.0,58.0,3.913630229419703
1191545544,1488515010,EVT-0108,2332.0,2657.0,1755.0,1796.0,284.0,12.178387650085764
1200096471,1389159553,EVT-0108,1431.0,1443.0,1377.0,1671.0,-282.0,-19.70649895178197
1241711534,1997693654,EVT-0108,1026.0,1082.0,1701.0,1654.0,103.0,10.038986354775828
1271463741,1922185990,EVT-0108,894.0,1040.0,433.0,459.0,120.0,13.422818791946309
1271768685,1181360912,EVT-0108,2736.0,3542.0,1378.0,1364.0,820.0,29.97076023391813
1297280590,1506356074,EVT-0108,2538.0,3023.0,1187.0,1225.0,447.0,17.61229314420804
1310164813,1295857761,EVT-0108,1406.0,1546.0,789.0,662.0,267.0,18.990042674253203
1385532449,1363342464,EVT-0108,3874.0,4635.0,3249.0,4329.0,-319.0,-8.234383066597832
1456299035,1773180629,EVT-0108,1493.0,1651.0,854.0,898.0,114.0,7.635632953784327
1484724632,1767508967,EVT-0108,2437.0,2766.0,2468.0,2485.0,312.0,12.802626179729176
1509977165,1099946885,EVT-0108,4654.0,5749.0,1066.0,1224.0,937.0,20.13321873657069
1523498065,1572180861,EVT-0108,2034.0,1949.0,1038.0,881.0,72.0,3.5398230088495577
1552813903,1209566128,EVT-0108,4576.0,5843.0,3800.0,4704.0,363.0,7.9326923076923075
1567742360,1296624285,EVT-0108,980.0,1080.0,1301.0,1305.0,96.0,9.795918367346939
1595301304,1812123887,EVT-0108,2574.0,3009.0,2634.0,2941.0,128.0,4.972804972804973
1689916181,1762971749,EVT-0108,3319.0,4480.0,1460.0,1341.0,1280.0,38.56583308225369
1707435529,1501344612,EVT-0108,2766.0,2885.0,843.0,830.0,132.0,4.772234273318872
1732527431,1512866082,EVT-0108,2485.0,2856.0,1545.0,1547.0,369.0,14.849094567404428
1742579091,1261377760,EVT-0108,7069.0,8586.0,1414.0,1683.0,1248.0,17.654548026594995
1747032997,1058325303,EVT-0108,1854.0,2056.0,1627.0,1743.0,86.0,4.638619201725998
1924355757,1209829039,EVT-0108,2595.0,3295.0,3996.0,5194.0,-498.0,-19.190751445086704
1955620046,1364720148,EVT-0108,2924.0,3396.0,2190.0,2426.0,236.0,8.071135430916552
1018018261,1714021262,EVT-0109,1591.0,2179.0,1375.0,1513.0,450.0,28.284098051539914
1019230758,1534239003,EVT-0109,395.0,291.0,331.0,277.0,-50.0,-12.658227848101266
1038444141,1384158410,EVT-0109,1115.0,1187.0,698.0,791.0,-21.0,-1.883408071748879
1041585906,1088938448,EVT-0109,613.0,532.0,691.0,647.0,-37.0,-6.035889070146819
1058647219,1697855363,EVT-0109,1937.0,2200.0,807.0,857.0,213.0,10.9963861641714
1065455036,1642024693,EVT-0109,399.0,452.0,362.0,319.0,96.0,24.06015037593985
1084471394,1261377760,EVT-0109,1686.0,1726.0,1025.0,1088.0,-23.0,-1.3641755634638197
1159841240,1429777182,EVT-0109,934.0,1249.0,831.0,918.0,228.0,24.411134903640257
1189769080,1209566128,EVT-0109,1380.0,1762.0,2371.0,3048.0,-295.0,-21.3768115942029
1198262952,1536141264,EVT-0109,608.0,720.0,522.0,578.0,56.0,9.210526315789473
1227780172,1412773438,EVT-0109,920.0,1236.0,1984.0,2690.0,-390.0,-42.391304347826086
1238983617,1713731663,EVT-0109,1023.0,1317.0,1276.0,1619.0,-49.0,-4.789833822091887
1240190284,1788668972,EVT-0109,606.0,665.0,545.0,539.0,65.0,10.726072607260726
1271768685,1181360912,EVT-0109,1873.0,2344.0,570.0,612.0,429.0,22.904431393486384
1273912869,1775551348,EVT-0109,697.0,738.0,1174.0,1172.0,43.0,6.169296987087518
1292975558,1195381896,EVT-0109,2294.0,2595.0,1501.0,1645.0,157.0,6.843940714908457
1297280590,1506356074,EVT-0109,810.0,918.0,1320.0,1418.0,10.0,1.2345679012345678
1324722952,1657655308,EVT-0109,309.0,313.0,505.0,461.0,48.0,15.53398058252427
1328056928,1237849298,EVT-0109,396.0,427.0,500.0,474.0,57.0,14.393939393939394
1358245029,1065674784,EVT-0109,988.0,836.0,530.0,565.0,-187.0,-18.927125506072876
1368009035,1848800052,EVT-0109,548.0,648.0,1057.0,1118.0,39.0,7.116788321167883
1376656900,1823309871,EVT-0109,946.0,1237.0,938.0,1120.0,109.0,11.522198731501057
1467704312,1788421810,EVT-0109,1031.0,1186.0,416.0,438.0,133.0,12.900096993210475
1506746308,1702446943,EVT-0109,722.0,676.0,396.0,383.0,-33.0,-4.570637119113574
1511742359,1535323178,EVT-0109,916.0,922.0,824.0,927.0,-97.0,-10.58951965065502
1546151204,1473494189,EVT-0109,1696.0,1877.0,1346.0,1469.0,58.0,3.4198113207547167
1616418756,1045376799,EVT-0109,1344.0,1540.0,950.0,996.0,150.0,11.160714285714286
1621842156,1294882026,EVT-0109,678.0,645.0,877.0,886.0,-42.0,-6.1946902654867255
1657025858,1423753536,EVT-0109,891.0,991.0,618.0,721.0,-3.0,-0.33670033670033667
1672904236,1860037419,EVT-0109,875.0,1032.0,1069.0,1355.0,-129.0,-14.742857142857144
1683943777,1138208594,EVT-0109,1910.0,2329.0,1419.0,1505.0,333.0,17.43455497382199
1747032997,1058325303,EVT-0109,1219.0,1607.0,990.0,1189.0,189.0,15.504511894995899
1776723276,1529045985,EVT-0109,863.0,1021.0,1007.0,1019.0,146.0,16.917728852838934
1785764022,1124315999,EVT-0109,701.0,731.0,280.0,277.0,33.0,4.70756062767475
1803502636,1708639657,EVT-0109,1323.0,1856.0,649.0,571.0,611.0,46.18291761148904
1811081532,1242598583,EVT-0109,781.0,927.0,701.0,846.0,1.0,0.12804097311139565
1814938340,1908127628,EVT-0109,967.0,972.0,699.0,607.0,97.0,10.031023784901757
1847082322,1121962926,EVT-0109,709.0,682.0,671.0,797.0,-153.0,-21.57968970380818
1856406925,1056679651,EVT-0109,961.0,1295.0,626.0,771.0,189.0,19.667013527575442
1889776344,1320611266,EVT-0109,465.0,619.0,421.0,421.0,154.0,33.11827956989247
1903798589,1209829039,EVT-0109,2338.0,2676.0,1455.0,1574.0,219.0,9.366980325064157
1002145427,1209566128,EVT-0110,3733.0,3966.0,3800.0,4704.0,-671.0,-17.974819180283955
1048976678,1364720148,EVT-0110,3051.0,3736.0,2190.0,2426.0,449.0,14.716486397902326
1082909627,1389159553,EVT-0110,1021.0,1112.0,1377.0,1671.0,-203.0,-19.882468168462292
1101185407,1488515010,EVT-0110,4107.0,4837.0,1755.0,1796.0,689.0,16.776235695154615
1174238463,1804484495,EVT-0110,1482.0,1481.0,1016.0,1025.0,-10.0,-0.6747638326585695
1190842652,1219172859,EVT-0110,1149.0,1474.0,1335.0,1325.0,335.0,29.155787641427327
1200480071,1251202242,EVT-0110,1930.0,2380.0,1977.0,1738.0,689.0,35.69948186528498
1241711534,1997693654,EVT-0110,1026.0,1082.0,1701.0,1654.0,103.0,10.038986354775828
1266945785,1873780039,EVT-0110,4646.0,5297.0,2031.0,2325.0,357.0,7.684029272492467
1321405205,1939052563,EVT-0110,1271.0,1243.0,893.0,669.0,196.0,15.420928402832415
1334266016,1812123887,EVT-0110,2263.0,2525.0,2634.0,2941.0,-45.0,-1.9885108263367213
1456207657,1356982086,EVT-0110,3579.0,4216.0,2011.0,1984.0,664.0,18.552668343112604
1481247389,1892083019,EVT-0110,2196.0,2432.0,2360.0,2355.0,241.0,10.974499089253188
1523681389,1275443434,EVT-0110,1760.0,1797.0,1255.0,1335.0,-43.0,-2.4431818181818183
1535820066,1355374483,EVT-0110,3853.0,4401.0,2273.0,2482.0,339.0,8.798338956657151
1567742360,1296624285,EVT-0110,980.0,1080.0,1301.0,1305.0,96.0,9.795918367346939
1595301304,1352216182,EVT-0110,2574.0,3009.0,2377.0,2812.0,0.0,0.0
1808826295,1512866082,EVT-0110,3121.0,3688.0,1545.0,1547.0,565.0,18.103172060237103
1812815243,1181360912,EVT-0110,4077.0,5585.0,1378.0,1364.0,1522.0,37.33137110620554
1832506087,1610820601,EVT-0110,5743.0,7000.0,1959.0,2136.0,1080.0,18.805502350687796
1848624494,1135650855,EVT-0110,2206.0,2422.0,1567.0,1337.0,446.0,20.217588395285585
1937514325,1159833825,EVT-0110,2756.0,3249.0,2565.0,2750.0,308.0,11.175616835994195
1287287258,1548652282,EVT-0110,2715.0,3337.0,2882.0,3132.0,372.0,13.701657458563535
1011940271,1297391371,EVT-0111,659.0,673.0,208.0,197.0,25.0,3.793626707132018
1050705288,1285330571,EVT-0111,1061.0,1458.0,2106.0,2360.0,143.0,13.477851083883131
1076376403,1730655531,EVT-0111,1095.0,1419.0,2017.0,2314.0,27.0,2.4657534246575343
1107038659,1805422742,EVT-0111,1072.0,1217.0,1721.0,1898.0,-32.0,-2.9850746268656714
1136500869,1890077344,EVT-0111,404.0,504.0,580.0,625.0,55.0,13.613861386138614
1139166684,1993367014,EVT-0111,926.0,1012.0,210.0,206.0,90.0,9.719222462203025
1166368237,1209829039,EVT-0111,1507.0,1726.0,1455.0,1574.0,100.0,6.635700066357001
1213511599,1099946885,EVT-0111,4793.0,6277.0,1261.0,1444.0,1301.0,27.143751303984974
1224230882,1352216182,EVT-0111,446.0,494.0,1062.0,1284.0,-174.0,-39.01345291479821
1240190284,1788668972,EVT-0111,606.0,665.0,545.0,539.0,65.0,10.726072607260726
1264333323,1209566128,EVT-0111,831.0,1140.0,2371.0,3048.0,-368.0,-44.28399518652226
1265952337,1871372714,EVT-0111,597.0,632.0,630.0,766.0,-101.0,-16.917922948073702
1302899475,1260279835,EVT-0111,282.0,344.0,425.0,366.0,121.0,42.90780141843972
1330156328,1004543439,EVT-0111,1083.0,1025.0,877.0,830.0,-11.0,-1.0156971375807942
1375349903,1156754057,EVT-0111,1430.0,1323.0,848.0,703.0,38.0,2.6573426573426575
1394609428,1012264374,EVT-0111,2536.0,3173.0,2226.0,2677.0,186.0,7.334384858044165
1413519731,1783823739,EVT-0111,1959.0,2827.0,2188.0,2901.0,155.0,7.912200102092905
1497642888,1657655308,EVT-0111,688.0,773.0,505.0,461.0,129.0,18.75
1592123891,1767508967,EVT-0111,949.0,1190.0,1307.0,1516.0,32.0,3.371970495258166
1639269087,1251202242,EVT-0111,2422.0,2857.0,1071.0,1145.0,361.0,14.90503715937242
1665478461,1714021262,EVT-0111,1033.0,1229.0,1375.0,1513.0,58.0,5.614714424007745
1670560261,1219172859,EVT-0111,1197.0,1302.0,718.0,781.0,42.0,3.508771929824561
1670701188,1107378550,EVT-0111,1041.0,1330.0,1005.0,1151.0,143.0,13.736791546589819
1689059347,1625192632,EVT-0111,447.0,496.0,569.0,473.0,145.0,32.43847874720358
1696806755,1925493359,EVT-0111,411.0,429.0,567.0,546.0,39.0,9.48905109489051
1702497342,1100495849,EVT-0111,1288.0,1408.0,2797.0,3388.0,-471.0,-36.56832298136646
1706991829,1801662945,EVT-0111,546.0,538.0,545.0,670.0,-133.0,-24.358974358974358
1717519684,1870612441,EVT-0111,1166.0,987.0,1815.0,2054.0,-418.0,-35.84905660377358
1740626134,1598998692,EVT-0111,1198.0,1271.0,520.0,502.0,91.0,7.595993322203673
1747032997,1058325303,EVT-0111,1219.0,1607.0,990.0,1189.0,189.0,15.504511894995899
1750236147,1323611925,EVT-0111,1366.0,1493.0,660.0,608.0,179.0,13.103953147877013
1885387740,1423753536,EVT-0111,947.0,1150.0,618.0,721.0,100.0,10.559662090813093
1901019392,1405577143,EVT-0111,3817.0,5045.0,965.0,1107.0,1086.0,28.451663610165053
1903121188,1417682113,EVT-0111,775.0,828.0,405.0,372.0,86.0,11.096774193548386
1921646299,1081031506,EVT-0111,901.0,1249.0,779.0,913.0,214.0,23.751387347391788
1939785840,1617703974,EVT-0111,1120.0,1305.0,905.0,1060.0,30.0,2.6785714285714284
1993463169,1324237324,EVT-0111,1623.0,2023.0,2366.0,2601.0,165.0,10.166358595194085
1259584955,1507378861,EVT-0112,769.0,617.0,522.0,411.0,-41.0,-5.331599479843954
1326516303,1210642439,EVT-0112,1904.0,2152.0,576.0,708.0,116.0,6.092436974789916
1358245029,1065674784,EVT-0112,1122.0,1090.0,677.0,606.0,39.0,3.4759358288770055
1663073843,1788668972,EVT-0112,1335.0,1568.0,1543.0,1396.0,380.0,28.46441947565543
1969914385,1424541534,EVT-0112,1447.0,1433.0,822.0,751.0,57.0,3.9391845196959228
1009179924,1599978586,EVT-0113,1679.0,2063.0,1760.0,2024.0,120.0,7.14711137581894
1031568581,1113953065,EVT-0113,591.0,658.0,717.0,769.0,15.0,2.5380710659898478
1038444141,1245433184,EVT-0113,422.0,474.0,307.0,272.0,87.0,20.61611374407583
1074076039,1836894604,EVT-0113,1140.0,1226.0,1164.0,1351.0,-101.0,-8.859649122807017
1084919582,1389159553,EVT-0113,861.0,1116.0,1207.0,1399.0,63.0,7.317073170731707
1159301823,1407902521,EVT-0113,524.0,461.0,441.0,375.0,3.0,0.5725190839694656
1163199601,1618352078,EVT-0113,988.0,1015.0,1143.0,1167.0,3.0,0.30364372469635625
1210642439,1111217703,EVT-0113,2421.0,3125.0,857.0,813.0,748.0,30.89632383312681
1213511599,1251202242,EVT-0113,5589.0,7463.0,572.0,549.0,1897.0,33.94167113973877
1246066447,1601451010,EVT-0113,1425.0,1495.0,399.0,428.0,41.0,2.8771929824561404
1257723886,1004543439,EVT-0113,1364.0,1679.0,927.0,775.0,467.0,34.23753665689149
1326516303,1852326267,EVT-0113,2404.0,3066.0,449.0,408.0,703.0,29.242928452579037
1394609428,1028436479,EVT-0113,2961.0,3724.0,936.0,992.0,707.0,23.87706855791962
1592123891,1209566128,EVT-0113,2431.0,3038.0,1493.0,1825.0,275.0,11.312217194570136
1647196991,1337789832,EVT-0113,495.0,487.0,592.0,507.0,77.0,15.555555555555555
1663073843,1788668972,EVT-0113,392.0,457.0,507.0,451.0,121.0,30.86734693877551
1710163217,1860037419,EVT-0113,1414.0,1522.0,453.0,459.0,102.0,7.213578500707214
1743613295,1149209672,EVT-0113,532.0,476.0,880.0,838.0,-14.0,-2.631578947368421
1793685516,1908127628,EVT-0113,1614.0,1540.0,1086.0,959.0,53.0,3.2837670384138784
1808310134,1075689749,EVT-0113,2054.0,2409.0,1982.0,2057.0,280.0,13.631937682570594
1824149854,1026926489,EVT-0113,982.0,1031.0,1712.0,1641.0,120.0,12.219959266802444
1893606271,1828766265,EVT-0113,562.0,653.0,575.0,543.0,123.0,21.88612099644128
1895078685,1012264374,EVT-0113,2457.0,2288.0,2085.0,2360.0,-444.0,-18.07081807081807
1903798589,1209829039,EVT-0113,1451.0,1922.0,506.0,603.0,374.0,25.775327360441075
1025231352,1892307210,EVT-0114,1855.0,2196.0,1435.0,1511.0,265.0,14.285714285714285
1435949049,1775551348,EVT-0114,3108.0,3715.0,2721.0,2934.0,394.0,12.676962676962678
1590337907,1109634414,EVT-0114,3565.0,4278.0,2955.0,3311.0,357.0,10.014025245441795
1595774286,1187084813,EVT-0114,3259.0,3963.0,1774.0,1916.0,562.0,17.244553544031913
1647196991,1196400158,EVT-0114,3984.0,4782.0,1374.0,1682.0,490.0,12.299196787148595
1944079924,1075683551,EVT-0114,4662.0,5471.0,1531.0,1703.0,637.0,13.663663663663664
1328056928,1535323178,EVT-0115,1723.0,1887.0,1576.0,1484.0,256.0,14.857806152060359
1340345143,1120302413,EVT-0115,1989.0,2529.0,1273.0,1510.0,303.0,15.233785822021115
1407931751,1900445093,EVT-0115,892.0,719.0,857.0,625.0,59.0,6.614349775784753
1840863041,1149018644,EVT-0115,2322.0,2606.0,1356.0,1257.0,383.0,16.49440137812231
1046736322,1289174306,EVT-0116,1473.0,1894.0,1130.0,1019.0,532.0,36.11676849966056
1048976678,1892083019,EVT-0116,3051.0,3736.0,2360.0,2355.0,690.0,22.615535889872174
1098995024,1947954388,EVT-0116,1006.0,1252.0,590.0,504.0,332.0,33.00198807157058
1145899849,1159833825,EVT-0116,2307.0,2505.0,2565.0,2750.0,13.0,0.5635023840485479
1180932224,1501344612,EVT-0116,3812.0,4889.0,843.0,830.0,1090.0,28.593913955928645
1190842652,1219172859,EVT-0116,1149.0,1474.0,1335.0,1325.0,335.0,29.155787641427327
1209829039,1783823739,EVT-0116,3996.0,5194.0,4594.0,5695.0,97.0,2.4274274274274275
1268222167,1842420535,EVT-0116,2020.0,2035.0,923.0,933.0,5.0,0.24752475247524752
1271768685,1181360912,EVT-0116,2736.0,3542.0,1378.0,1364.0,820.0,29.97076023391813
1280087226,1209566128,EVT-0116,5759.0,7864.0,3800.0,4704.0,1201.0,20.854314985240492
1296552940,1762971749,EVT-0116,2276.0,2101.0,1460.0,1341.0,-56.0,-2.460456942003515
1311764207,1333393084,EVT-0116,2233.0,2337.0,960.0,1023.0,41.0,1.8360949395432153
1385532449,1997693654,EVT-0116,3874.0,4635.0,1701.0,1654.0,808.0,20.856995353639647
1397955463,1363342464,EVT-0116,3451.0,4684.0,3249.0,4329.0,153.0,4.433497536945813
1423152481,1572180861,EVT-0116,3240.0,3727.0,1038.0,881.0,644.0,19.876543209876544
1425340662,1769234364,EVT-0116,2682.0,2824.0,1515.0,1441.0,216.0,8.053691275167784
1425610817,1295857761,EVT-0116,1291.0,1242.0,789.0,662.0,78.0,6.041828040278854
1456299035,1057676243,EVT-0116,1493.0,1651.0,1261.0,1202.0,217.0,14.534494306764904
1488515010,1356982086,EVT-0116,1755.0,1796.0,2011.0,1984.0,68.0,3.8746438746438745
1506356074,1529045985,EVT-0116,1187.0,1225.0,961.0,953.0,46.0,3.8753159224936815
1546151204,1058325303,EVT-0116,1906.0,2277.0,1627.0,1743.0,255.0,13.378803777544595
1595301304,1352216182,EVT-0116,2574.0,3009.0,2377.0,2812.0,0.0,0.0
1610820601,1540759788,EVT-0116,1959.0,2136.0,1256.0,1207.0,226.0,11.53649821337417
1613561947,1773180629,EVT-0116,2823.0,3016.0,854.0,898.0,149.0,5.278072972015586
1689059347,1625192632,EVT-0116,1439.0,1374.0,787.0,719.0,3.0,0.20847810979847115
1707435529,1512866082,EVT-0116,2766.0,2885.0,1545.0,1547.0,117.0,4.229934924078091
1721479586,1873780039,EVT-0116,2696.0,2797.0,2031.0,2325.0,-193.0,-7.158753709198813
1732527431,1389159553,EVT-0116,2485.0,2856.0,1377.0,1671.0,77.0,3.0985915492957745
1803233885,1804484495,EVT-0116,2265.0,2623.0,1016.0,1025.0,349.0,15.408388520971302
1806479196,1134632102,EVT-0116,3441.0,4124.0,2722.0,3280.0,125.0,3.632664922987504
1815807585,1393729789,EVT-0116,3835.0,4857.0,5973.0,6420.0,575.0,14.993481095176012
1848624494,1135650855,EVT-0116,2206.0,2422.0,1567.0,1337.0,446.0,20.217588395285585
1903798589,1812123887,EVT-0116,2187.0,2829.0,2634.0,2941.0,335.0,15.317786922725194
1924355757,1412773438,EVT-0116,2595.0,3295.0,4639.0,5878.0,-539.0,-20.770712909441233
1955620046,1364720148,EVT-0116,2924.0,3396.0,2190.0,2426.0,236.0,8.071135430916552
1120302413,1448589550,EVT-0117,1273.0,1510.0,1168.0,1083.0,322.0,25.294579732914375
1240190284,1788668972,EVT-0117,2082.0,2504.0,1543.0,1396.0,569.0,27.32949087415946
1259584955,1507378861,EVT-0117,769.0,617.0,522.0,411.0,-41.0,-5.331599479843954
1358340028,1775891033,EVT-0117,806.0,695.0,1198.0,1295.0,-208.0,-25.806451612903224
1407931751,1900445093,EVT-0117,892.0,719.0,857.0,625.0,59.0,6.614349775784753
1704492101,1831786672,EVT-0117,1144.0,1126.0,892.0,815.0,59.0,5.1573426573426575
1719186219,1772776476,EVT-0117,1578.0,1514.0,344.0,300.0,-20.0,-1.2674271229404308
1737256036,1841542198,EVT-0117,1033.0,932.0,748.0,746.0,-99.0,-9.583736689254598
1811081532,1242598583,EVT-0117,1137.0,1274.0,1661.0,1770.0,28.0,2.4626209322779244
1840863041,1149018644,EVT-0117,2322.0,2606.0,1356.0,1257.0,383.0,16.49440137812231
1009179924,1599978586,EVT-0118,2205.0,2731.0,2187.0,2431.0,282.0,12.789115646258503
1015191335,1897723296,EVT-0118,1121.0,1421.0,742.0,672.0,370.0,33.006244424620874
1123148250,1830884742,EVT-0118,1528.0,1546.0,629.0,610.0,37.0,2.4214659685863875
1265952337,1871372714,EVT-0118,2886.0,2833.0,1694.0,1873.0,-232.0,-8.038808038808039
1299418347,1331020234,EVT-0118,2382.0,2830.0,2440.0,2721.0,167.0,7.010915197313182
1300832031,1069143851,EVT-0118,1040.0,1052.0,1658.0,1840.0,-170.0,-16.346153846153847
1341556789,1120914548,EVT-0118,7125.0,9084.0,2113.0,2411.0,1661.0,23.312280701754386
1444774099,1383406257,EVT-0118,1006.0,901.0,670.0,569.0,-4.0,-0.3976143141153081
1610177150,1722898792,EVT-0118,2864.0,3295.0,2369.0,2262.0,538.0,18.78491620111732
1631526641,1234567687,EVT-0118,1302.0,1485.0,1418.0,1443.0,158.0,12.135176651305683
1648553570,1823309871,EVT-0118,2139.0,2868.0,2093.0,2486.0,336.0,15.708274894810659
1670701188,1107378550,EVT-0118,3125.0,3320.0,1709.0,1665.0,239.0,7.648000000000001
1710163217,1860037419,EVT-0118,1693.0,2105.0,2830.0,1600.0,1642.0,96.98759598346132
1714986282,1028050239,EVT-0118,1440.0,1335.0,1204.0,1085.0,14.0,0.9722222222222222
1760628762,1440623548,EVT-0118,1298.0,1247.0,1120.0,1140.0,-71.0,-5.469953775038521
1901019392,1405577143,EVT-0118,4871.0,6396.0,2146.0,2108.0,1563.0,32.08786696776843
1923786978,1836894604,EVT-0118,1803.0,1721.0,1738.0,1885.0,-229.0,-12.701053799223516
1934829601,1971097054,EVT-0118,2439.0,2905.0,1336.0,1356.0,446.0,18.286182861828618
1036718538,1598998692,EVT-0119,380.0,349.0,661.0,617.0,13.0,3.421052631578948
1058647219,1697855363,EVT-0119,1357.0,1732.0,1423.0,1584.0,214.0,15.770081061164335
1101185407,1381937048,EVT-0119,881.0,978.0,386.0,389.0,94.0,10.669693530079455
1133130363,1209566128,EVT-0119,1203.0,1511.0,1493.0,1825.0,-24.0,-1.99501246882793
1137408567,1730655531,EVT-0119,4180.0,5289.0,1097.0,1191.0,1015.0,24.2822966507177
1144669185,1099946885,EVT-0119,4419.0,5992.0,1126.0,1157.0,1542.0,34.894772572980315
1198262952,1536141264,EVT-0119,1304.0,1664.0,1467.0,1643.0,184.0,14.11042944785276
1200480071,1058325303,EVT-0119,5512.0,7179.0,974.0,1021.0,1620.0,29.390420899854863
1238983617,1113953065,EVT-0119,895.0,1026.0,717.0,769.0,79.0,8.8268156424581
1271768685,1181360912,EVT-0119,1514.0,1845.0,618.0,627.0,322.0,21.268163804491415
1273912869,1775551348,EVT-0119,945.0,928.0,491.0,605.0,-131.0,-13.862433862433862
1299418347,1860037419,EVT-0119,610.0,764.0,453.0,459.0,148.0,24.262295081967213
1327009084,1285347583,EVT-0119,579.0,725.0,427.0,442.0,131.0,22.625215889464595
1511742359,1535323178,EVT-0119,1042.0,993.0,1036.0,1140.0,-153.0,-14.683301343570058
1567742360,1873780039,EVT-0119,2196.0,2603.0,1435.0,1654.0,188.0,8.561020036429873
1567993435,1527981900,EVT-0119,406.0,412.0,740.0,700.0,46.0,11.330049261083744
1598661571,1121962926,EVT-0119,1344.0,1323.0,1649.0,1771.0,-143.0,-10.639880952380953
1636376422,1697719783,EVT-0119,399.0,381.0,564.0,626.0,-80.0,-20.050125313283207
1647196991,1337789832,EVT-0119,495.0,487.0,592.0,507.0,77.0,15.555555555555555
1670701188,1908127628,EVT-0119,1870.0,2161.0,1086.0,959.0,418.0,22.35294117647059
1719574174,1987971524,EVT-0119,1004.0,948.0,974.0,891.0,27.0,2.689243027888446
1738903891,1285330571,EVT-0119,3256.0,4379.0,825.0,872.0,1076.0,33.04668304668304
1740047711,1389159553,EVT-0119,882.0,918.0,1207.0,1399.0,-156.0,-17.687074829931973
1774691384,1803952245,EVT-0119,364.0,455.0,197.0,195.0,93.0,25.549450549450547
1815807585,1364720148,EVT-0119,1297.0,1611.0,1339.0,1647.0,6.0,0.4626060138781804
1841791217,1448713440,EVT-0119,969.0,924.0,535.0,563.0,-73.0,-7.533539731682147
1844747141,1479078465,EVT-0119,1496.0,1873.0,827.0,772.0,432.0,28.87700534759358
1934277181,1765149178,EVT-0119,340.0,411.0,677.0,629.0,119.0,35.0
1964945871,1333043895,EVT-0119,1453.0,1731.0,1120.0,1034.0,364.0,25.05161734342739
1456207657,1842420535,EVT-0119,1873.0,2402.0,1324.0,1457.0,396.0,21.142552055525897
1040239976,1150502551,EVT-0120,2576.0,2634.0,2231.0,2249.0,40.0,1.5527950310559007
1073902250,1641859123,EVT-0120,2088.0,2287.0,2078.0,2382.0,-105.0,-5.028735632183908
1194203331,1075683551,EVT-0120,2110.0,2632.0,1531.0,1703.0,350.0,16.587677725118482
1196400158,1337789832,EVT-0120,1374.0,1682.0,1289.0,1025.0,572.0,41.630276564774384
1199976907,1121962926,EVT-0120,1770.0,1762.0,2246.0,2557.0,-319.0,-18.0225988700565
1246066447,1075689749,EVT-0120,3318.0,3448.0,2750.0,3358.0,-478.0,-14.406268836648584
1595774286,1187084813,EVT-0120,3259.0,3963.0,1774.0,1916.0,562.0,17.244553544031913
1944079924,1371002787,EVT-0120,4662.0,5471.0,1675.0,1804.0,680.0,14.586014586014587
1993874985,1282327174,EVT-0120,2857.0,3015.0,3168.0,3270.0,56.0,1.9600980049002448
1009179924,1599978586,EVT-0121,1578.0,1974.0,638.0,875.0,159.0,10.076045627376425
1019230758,1534239003,EVT-0121,395.0,291.0,331.0,277.0,-50.0,-12.658227848101266
1025231352,1222151080,EVT-0121,2631.0,3556.0,1082.0,1197.0,810.0,30.786773090079816
1048976678,1892083019,EVT-0121,952.0,1127.0,1455.0,1944.0,-314.0,-32.983193277310924
1065870788,1352216182,EVT-0121,1382.0,1509.0,1062.0,1284.0,-95.0,-6.874095513748191
1082909627,1389159553,EVT-0121,1083.0,1038.0,1954.0,2486.0,-577.0,-53.277931671283476
1124726435,1209566128,EVT-0121,3573.0,5734.0,2371.0,3048.0,1484.0,41.533725160929194
1133130363,1767508967,EVT-0121,2581.0,3247.0,1307.0,1516.0,457.0,17.706315381635022
1136500869,1890077344,EVT-0121,404.0,504.0,580.0,625.0,55.0,13.613861386138614
1137408567,1730655531,EVT-0121,2222.0,2627.0,2017.0,2314.0,108.0,4.86048604860486
1204787067,1874547676,EVT-0121,413.0,368.0,278.0,261.0,-28.0,-6.779661016949152
1240190284,1788668972,EVT-0121,606.0,665.0,545.0,539.0,65.0,10.726072607260726
1246066447,1075689749,EVT-0121,2615.0,3002.0,1411.0,1707.0,91.0,3.4799235181644357
1257723886,1004543439,EVT-0121,522.0,544.0,877.0,830.0,69.0,13.218390804597702
1271768685,1181360912,EVT-0121,1873.0,2344.0,570.0,612.0,429.0,22.904431393486384
1413519731,1783823739,EVT-0121,1959.0,2827.0,2188.0,2901.0,155.0,7.912200102092905
1423152481,1057676243,EVT-0121,2449.0,3091.0,1289.0,1461.0,470.0,19.191506737443856
1433980129,1417682113,EVT-0121,1256.0,1404.0,405.0,372.0,181.0,14.410828025477706
1516074709,1830884742,EVT-0121,1828.0,1874.0,1252.0,1383.0,-85.0,-4.649890590809628
1557944620,1134632102,EVT-0121,1138.0,1499.0,506.0,546.0,321.0,28.207381370826013
1688976343,1838576308,EVT-0121,1801.0,2250.0,1350.0,1485.0,314.0,17.434758467518048
1689059347,1625192632,EVT-0121,447.0,496.0,569.0,473.0,145.0,32.43847874720358
1740626134,1598998692,EVT-0121,1198.0,1271.0,520.0,502.0,91.0,7.595993322203673
1806479196,1412773438,EVT-0121,2742.0,2894.0,1984.0,2690.0,-554.0,-20.20423048869438
1857629178,1088938448,EVT-0121,540.0,468.0,691.0,647.0,-28.0,-5.185185185185185
1964945871,1333043895,EVT-0121,1241.0,1404.0,377.0,338.0,202.0,16.277195809830783
1497642888,1657655308,EVT-0121,688.0,773.0,505.0,461.0,129.0,18.75
1026722938,1234985764,EVT-0122,2496.0,3005.0,1398.0,1422.0,485.0,19.431089743589745
1074076039,1836894604,EVT-0122,1144.0,1271.0,1146.0,1363.0,-90.0,-7.8671328671328675
1076376403,1730655531,EVT-0122,1258.0,1475.0,1130.0,1216.0,131.0,10.41335453100159
1078096579,1200346587,EVT-0122,2535.0,2605.0,1387.0,1432.0,25.0,0.9861932938856016
1124890801,1099946885,EVT-0122,1613.0,1773.0,1124.0,1148.0,136.0,8.431494110353379
1133130363,1209566128,EVT-0122,1231.0,1534.0,1596.0,1977.0,-78.0,-6.336311941510966
1240190284,1788668972,EVT-0122,929.0,893.0,471.0,467.0,-32.0,-3.4445640473627552
1267903205,1225504491,EVT-0122,444.0,428.0,448.0,492.0,-60.0,-13.513513513513514
1271463741,1296624285,EVT-0122,636.0,606.0,615.0,697.0,-112.0,-17.61006289308176
1278315217,1143739674,EVT-0122,456.0,525.0,202.0,164.0,107.0,23.464912280701753
1279255164,1304105269,EVT-0122,602.0,670.0,1250.0,1202.0,116.0,19.269102990033225
1279507085,1601451010,EVT-0122,1270.0,1457.0,396.0,445.0,138.0,10.866141732283465
1286477181,1041640354,EVT-0122,1951.0,2253.0,1691.0,1870.0,123.0,6.304459251665813
1328056928,1237849298,EVT-0122,626.0,532.0,493.0,440.0,-41.0,-6.549520766773163
1361521440,1870612441,EVT-0122,851.0,972.0,1354.0,1370.0,105.0,12.338425381903642
1456207657,1842420535,EVT-0122,1905.0,2496.0,1383.0,1458.0,516.0,27.086614173228345
1516074709,1323611925,EVT-0122,1592.0,1731.0,747.0,741.0,145.0,9.108040201005025
1595774286,1187084813,EVT-0122,1388.0,1627.0,1503.0,1522.0,220.0,15.85014409221902
1631526641,1234567687,EVT-0122,1553.0,1603.0,830.0,725.0,155.0,9.980682549903412
1683943777,1138208594,EVT-0122,981.0,1207.0,536.0,552.0,210.0,21.406727828746178
1704331150,1432188427,EVT-0122,1662.0,2079.0,2339.0,2922.0,-166.0,-9.987966305655837
1732527431,1364720148,EVT-0122,1575.0,1837.0,1313.0,1654.0,-79.0,-5.015873015873016
1738903891,1285330571,EVT-0122,3469.0,4605.0,833.0,890.0,1079.0,31.104064571922745
1848624494,1548652282,EVT-0122,3830.0,1887.0,1323.0,1644.0,-2264.0,-59.112271540469976
1857629178,1088938448,EVT-0122,316.0,328.0,532.0,439.0,105.0,33.22784810126582
1889776344,1320611266,EVT-0122,1779.0,1696.0,955.0,1029.0,-157.0,-8.825182686902755
1923786978,1443907526,EVT-0122,508.0,504.0,832.0,1080.0,-252.0,-49.60629921259843
1949335115,1694658844,EVT-0122,1297.0,1452.0,1307.0,1481.0,-19.0,-1.4649190439475714
1989798412,1783823739,EVT-0122,3047.0,3569.0,2412.0,3203.0,-269.0,-8.828355759763703
1002145427,1473494189,EVT-0123,3799.0,4152.0,1041.0,1168.0,226.0,5.948933929981575
1018018261,1714021262,EVT-0123,3467.0,4095.0,3260.0,3877.0,11.0,0.31727718488606865
1048976678,1892083019,EVT-0123,3105.0,4038.0,2282.0,2418.0,797.0,25.6682769726248
1065870788,1352216182,EVT-0123,2313.0,2483.0,2426.0,2971.0,-375.0,-16.212710765239947
1084471394,1261377760,EVT-0123,1689.0,1841.0,1409.0,1772.0,-211.0,-12.492599171107164
1084919582,1773180629,EVT-0123,2960.0,3623.0,865.0,956.0,572.0,19.324324324324323
1124726435,1134089733,EVT-0123,2706.0,3360.0,738.0,718.0,674.0,24.907612712490764
1133130363,1849988823,EVT-0123,2452.0,3057.0,272.0,266.0,611.0,24.9184339314845
1144669185,1251202242,EVT-0123,5059.0,6408.0,1954.0,1726.0,1577.0,31.17216841272979
1200480071,1099946885,EVT-0123,1911.0,2458.0,1086.0,1266.0,367.0,19.204604918890634
1241711534,1804484495,EVT-0123,945.0,1044.0,1021.0,1097.0,23.0,2.433862433862434
1263807582,1947954388,EVT-0123,5157.0,6254.0,557.0,496.0,1158.0,22.454915648632927
1264333323,1209566128,EVT-0123,4308.0,5181.0,3905.0,4753.0,25.0,0.5803156917363045
1271768685,1181360912,EVT-0123,2763.0,3653.0,1343.0,1417.0,816.0,29.53311617806732
1296552940,1058325303,EVT-0123,2213.0,2344.0,1684.0,1784.0,31.0,1.4008133755083596
1321405205,1939052563,EVT-0123,1242.0,1239.0,851.0,702.0,146.0,11.755233494363928
1334266016,1289174306,EVT-0123,2313.0,2635.0,1076.0,1057.0,341.0,14.74275832252486
1389159553,1997693654,EVT-0123,1404.0,1712.0,1715.0,1642.0,381.0,27.136752136752136
1418997171,1767508967,EVT-0123,3329.0,4610.0,2473.0,2492.0,1262.0,37.90928206668669
1423152481,1572180861,EVT-0123,3403.0,3890.0,975.0,879.0,583.0,17.13194240376139
1425610817,1295857761,EVT-0123,1222.0,1242.0,739.0,687.0,72.0,5.8919803600654665
1436505063,1548652282,EVT-0123,3356.0,3808.0,2789.0,3406.0,-165.0,-4.916567342073898
1523498065,1057676243,EVT-0123,2020.0,2047.0,1223.0,1228.0,22.0,1.089108910891089
1615059528,1512866082,EVT-0123,1899.0,1871.0,1458.0,1493.0,-63.0,-3.3175355450236967
1674102136,1762971749,EVT-0123,827.0,835.0,1509.0,1346.0,171.0,20.67714631197098
1689916181,1742974847,EVT-0123,3307.0,4552.0,423.0,404.0,1264.0,38.2219534321137
1747032997,1102089657,EVT-0123,1806.0,2169.0,1093.0,979.0,477.0,26.411960132890368
1812815243,1356982086,EVT-0123,4181.0,5903.0,1967.0,2016.0,1673.0,40.01435063381966
1848624494,1135650855,EVT-0123,2274.0,2608.0,1496.0,1332.0,498.0,21.899736147757256
1903798589,1812123887,EVT-0123,2269.0,3002.0,2550.0,2968.0,315.0,13.882767739092111
1927430854,1393729789,EVT-0123,4298.0,5421.0,6131.0,6540.0,714.0,16.612377850162865
1937514325,1159833825,EVT-0123,2848.0,3395.0,2480.0,2773.0,254.0,8.918539325842696
1955620046,1364720148,EVT-0123,2953.0,3630.0,2265.0,2541.0,401.0,13.579410768709788
1002145427,1251202242,EVT-0124,1438.0,1693.0,566.0,563.0,258.0,17.941585535465926
1018018261,1058325303,EVT-0124,2015.0,2354.0,946.0,1050.0,235.0,11.662531017369728
1076376403,1730655531,EVT-0124,1258.0,1475.0,1130.0,1216.0,131.0,10.41335453100159
1098995024,1714021262,EVT-0124,1974.0,2254.0,894.0,1220.0,-46.0,-2.330293819655522
1124890801,1261377760,EVT-0124,1613.0,1773.0,1046.0,1080.0,126.0,7.811531308121513
1133130363,1767508967,EVT-0124,1231.0,1534.0,538.0,614.0,227.0,18.44029244516653
1159841240,1026926489,EVT-0124,3779.0,4618.0,1670.0,1685.0,824.0,21.804710240804447
1166368237,1352216182,EVT-0124,1352.0,1539.0,944.0,1131.0,0.0,0.0
1200480071,1947954388,EVT-0124,5474.0,7552.0,650.0,639.0,2089.0,38.16222141030325
1263807582,1674102136,EVT-0124,3222.0,3876.0,538.0,497.0,695.0,21.570453134698944
1280087226,1473494189,EVT-0124,2345.0,3449.0,562.0,616.0,1050.0,44.776119402985074
1284061300,1159833825,EVT-0124,1418.0,1623.0,973.0,1087.0,91.0,6.417489421720733
1300654963,1102089657,EVT-0124,2534.0,3359.0,780.0,752.0,853.0,33.66219415943173
1310164813,1295857761,EVT-0124,495.0,432.0,463.0,445.0,-45.0,-9.090909090909092
1350739367,1464805419,EVT-0124,579.0,621.0,652.0,626.0,68.0,11.744386873920552
1362560363,1028050239,EVT-0124,1432.0,1458.0,519.0,487.0,58.0,4.050279329608938
1385532449,1364720148,EVT-0124,1214.0,1510.0,1313.0,1654.0,-45.0,-3.706754530477759
1389574017,1648626962,EVT-0124,1731.0,2172.0,777.0,898.0,320.0,18.48642403235124
1394609428,1012264374,EVT-0124,3132.0,3849.0,2131.0,2650.0,198.0,6.321839080459771
1397955463,1773180629,EVT-0124,2054.0,2704.0,1771.0,2051.0,370.0,18.013631937682568
1413519731,1412773438,EVT-0124,4420.0,6273.0,2891.0,3611.0,1133.0,25.633484162895925
1418997171,1099946885,EVT-0124,1813.0,2011.0,1124.0,1148.0,174.0,9.597352454495311
1456299035,1389159553,EVT-0124,1249.0,1357.0,1180.0,1485.0,-197.0,-15.772618094475579
1484724632,1762971749,EVT-0124,1158.0,1331.0,1105.0,1055.0,223.0,19.2573402417962
1567742360,1873780039,EVT-0124,2261.0,2733.0,1462.0,1685.0,249.0,11.01282618310482
1621199177,1804484495,EVT-0124,1855.0,2182.0,1563.0,1627.0,263.0,14.17789757412399
1670560261,1219172859,EVT-0124,1462.0,1469.0,1519.0,1666.0,-140.0,-9.575923392612859
1689916181,1134089733,EVT-0124,1384.0,1522.0,331.0,285.0,184.0,13.294797687861271
1697719783,1443551811,EVT-0124,547.0,643.0,555.0,599.0,52.0,9.506398537477148
1710163217,1860037419,EVT-0124,1473.0,1568.0,449.0,483.0,61.0,4.141208418194162
1742579091,1209566128,EVT-0124,2158.0,2690.0,1596.0,1977.0,151.0,6.997219647822058
1848624494,1842420535,EVT-0124,3830.0,1887.0,1383.0,1458.0,-2018.0,-52.689295039164485
1856406925,1056679651,EVT-0124,1193.0,1085.0,1450.0,1583.0,-241.0,-20.201173512154234
1949335115,1694658844,EVT-0124,1297.0,1452.0,1307.0,1481.0,-19.0,-1.4649190439475714
1955620046,1393729789,EVT-0124,2093.0,2593.0,1502.0,1931.0,71.0,3.3922599139990446
1009179924,1599978586,EVT-0125,2168.0,2796.0,2218.0,2452.0,394.0,18.173431734317344
1123148250,1830884742,EVT-0125,1507.0,1602.0,598.0,631.0,62.0,4.11413404114134
1138208594,1120914548,EVT-0125,2554.0,2440.0,2146.0,2408.0,-376.0,-14.722004698512137
1341556789,1950588461,EVT-0125,7397.0,9558.0,2285.0,2533.0,1913.0,25.86183587941057
1368009035,1440538092,EVT-0125,1933.0,2063.0,1398.0,1186.0,342.0,17.69270563890326
1460081361,1133042691,EVT-0125,1300.0,1540.0,1572.0,1493.0,319.0,24.53846153846154
1475115246,1722898792,EVT-0125,3854.0,3969.0,2443.0,2290.0,268.0,6.953814218993254
1492077734,1742318383,EVT-0125,3739.0,4511.0,1553.0,1446.0,879.0,23.508959614870285
1516074709,1323611925,EVT-0125,2571.0,2713.0,1404.0,1396.0,150.0,5.834305717619603
1631526641,1234567687,EVT-0125,1309.0,1511.0,1448.0,1389.0,261.0,19.938884644766997
1648553570,1403453024,EVT-0125,2210.0,3011.0,943.0,1291.0,453.0,20.497737556561084
1655321622,1848800052,EVT-0125,2030.0,2218.0,1991.0,1944.0,235.0,11.576354679802956
1701585576,1823309871,EVT-0125,2738.0,3228.0,2165.0,2591.0,64.0,2.3374726077428782
1732000645,1036176265,EVT-0125,3454.0,4204.0,2809.0,2928.0,631.0,18.26867400115808
1745601371,1977228745,EVT-0125,1449.0,1608.0,1183.0,1334.0,8.0,0.5521048999309869
1760628762,1440623548,EVT-0125,1277.0,1216.0,1122.0,1127.0,-66.0,-5.168363351605325
1766730505,1200346587,EVT-0125,2003.0,2505.0,1498.0,1849.0,151.0,7.538691962056915
1901019392,1405577143,EVT-0125,5017.0,7077.0,2072.0,2254.0,1878.0,37.43272872234403
1969108517,1083149777,EVT-0125,1241.0,1340.0,1774.0,1828.0,45.0,3.62610797743755
1689059347,1625192632,EVT-0123,1403.0,1410.0,768.0,731.0,44.0,3.136136849607983
1058647219,1697855363,EVT-0126,2270.0,2855.0,1495.0,1741.0,339.0,14.933920704845816
1075036339,1722581836,EVT-0126,1278.0,1190.0,869.0,968.0,-187.0,-14.63223787167449
1139166684,1993367014,EVT-0126,1630.0,1673.0,1327.0,1571.0,-201.0,-12.331288343558281
1370467684,1893638738,EVT-0126,548.0,476.0,381.0,332.0,-23.0,-4.197080291970803
1449331358,1798488478,EVT-0126,820.0,821.0,419.0,346.0,74.0,9.024390243902438
1533003293,1798313247,EVT-0126,1938.0,2236.0,718.0,621.0,395.0,20.38183694530444
1547112395,1588179048,EVT-0126,1096.0,990.0,984.0,841.0,37.0,3.375912408759124
1647700669,1113190601,EVT-0126,920.0,799.0,700.0,597.0,-18.0,-1.956521739130435
1688976343,1152018085,EVT-0126,1936.0,2138.0,1774.0,1703.0,273.0,14.101239669421487
1782077311,1916437647,EVT-0126,799.0,754.0,833.0,760.0,28.0,3.504380475594493
1880717263,1632734848,EVT-0126,2275.0,2789.0,1530.0,1584.0,460.0,20.21978021978022
1889776344,1320611266,EVT-0126,1541.0,1831.0,1298.0,1398.0,190.0,12.329656067488644
1964572899,1416644254,EVT-0126,841.0,803.0,699.0,606.0,55.0,6.539833531510107
1019230758,1534239003,EVT-0127,1107.0,993.0,705.0,625.0,-34.0,-3.071364046973803
1044379984,1765233105,EVT-0127,1538.0,1632.0,926.0,958.0,62.0,4.031209362808843
1189244753,1879821175,EVT-0127,1596.0,1727.0,1620.0,1632.0,119.0,7.456140350877193
1467704312,1788421810,EVT-0127,1317.0,1649.0,1445.0,1507.0,270.0,20.50113895216401
1592062677,1026926489,EVT-0127,3006.0,3611.0,2250.0,2501.0,354.0,11.776447105788424
1616418756,1980975555,EVT-0127,1215.0,1512.0,1530.0,1578.0,249.0,20.493827160493826
1635476009,1527981900,EVT-0127,1574.0,1923.0,1105.0,928.0,526.0,33.41804320203304
1921646299,1081031506,EVT-0127,3364.0,4233.0,2399.0,2434.0,834.0,24.79191438763377
1002145427,1714021262,EVT-0128,3766.0,4352.0,3246.0,3928.0,-96.0,-2.5491237387148167
1048976678,1892083019,EVT-0128,3175.0,4363.0,2268.0,2514.0,942.0,29.669291338582678
1080672524,1997693654,EVT-0128,2941.0,3349.0,1699.0,1695.0,412.0,14.008840530431826
1133130363,1060922949,EVT-0128,2523.0,3306.0,1062.0,981.0,864.0,34.244946492271104
1166368237,1352216182,EVT-0128,1658.0,1886.0,2326.0,3058.0,-504.0,-30.398069963811817
1170846871,1773180629,EVT-0128,3022.0,3417.0,846.0,977.0,264.0,8.735936465916613
1227780172,1412773438,EVT-0128,8324.0,11153.0,4799.0,6283.0,1345.0,16.158097068716962
1300654963,1058325303,EVT-0128,1387.0,1716.0,1655.0,1802.0,182.0,13.121845710165825
1385532449,1393729789,EVT-0128,4425.0,5186.0,5946.0,6679.0,28.0,0.6327683615819208
1397955463,1635581279,EVT-0128,3553.0,5145.0,4491.0,6404.0,-321.0,-9.034618632141852
1413519731,1134632102,EVT-0128,3092.0,3922.0,2891.0,3449.0,272.0,8.796895213454075
1418997171,1251202242,EVT-0128,3496.0,4612.0,1921.0,1712.0,1325.0,37.90045766590389
1425340662,1289174306,EVT-0128,2746.0,3087.0,1048.0,1114.0,275.0,10.01456664238893
1425610817,1295857761,EVT-0128,1150.0,1314.0,727.0,683.0,208.0,18.086956521739133
1548652282,1251567115,EVT-0128,2729.0,3507.0,1469.0,1661.0,586.0,21.473067057530233
1552813903,1209566128,EVT-0128,4873.0,6525.0,3926.0,4972.0,606.0,12.435871126616048
1592123891,1767508967,EVT-0128,5003.0,6316.0,2601.0,2626.0,1288.0,25.744553268039176
1613561947,1363342464,EVT-0128,2701.0,3382.0,3786.0,4828.0,-361.0,-13.365420214735282
1615059528,1512866082,EVT-0128,1971.0,1911.0,1503.0,1492.0,-49.0,-2.486047691527143
1621199177,1804484495,EVT-0128,1251.0,1306.0,962.0,1157.0,-140.0,-11.191047162270182
1639269087,1099946885,EVT-0128,1357.0,1675.0,1116.0,1264.0,170.0,12.527634487840825
1707435529,1501344612,EVT-0128,2744.0,3062.0,816.0,833.0,301.0,10.96938775510204
1732527431,1057676243,EVT-0128,2583.0,3097.0,1205.0,1319.0,400.0,15.485869144405731
1747032997,1762971749,EVT-0128,1787.0,2234.0,1472.0,1371.0,548.0,30.665920537213204
1924355757,1812123887,EVT-0128,2693.0,3593.0,2560.0,2998.0,462.0,17.155588562940956
1927430854,1572180861,EVT-0128,4218.0,5481.0,933.0,901.0,1295.0,30.701754385964914
1937514325,1159833825,EVT-0128,2837.0,3475.0,2468.0,2919.0,187.0,6.591469862530842
1955620046,1364720148,EVT-0128,2948.0,3837.0,2337.0,2708.0,518.0,17.57123473541384
1268222167,1356982086,EVT-0128,1913.0,2105.0,1963.0,2125.0,30.0,1.5682174594877154
1040239976,1282327174,EVT-0129,2687.0,2811.0,3034.0,3437.0,-279.0,-10.383327130628954
1357524945,1390939977,EVT-0129,5971.0,7932.0,1938.0,2275.0,1624.0,27.198124267291913
1428792083,1922102391,EVT-0129,561.0,593.0,714.0,620.0,126.0,22.459893048128343
1435949049,1109634414,EVT-0129,3297.0,4049.0,3141.0,3468.0,425.0,12.89050652107977
1595774286,1187084813,EVT-0129,3365.0,4318.0,1846.0,1798.0,1001.0,29.74739970282318
1598661571,1674708775,EVT-0129,2863.0,3065.0,2690.0,3022.0,-130.0,-4.5406915822563745
1647196991,1075683551,EVT-0129,4244.0,5059.0,1603.0,1750.0,668.0,15.739868049010367
1690348028,1457999534,EVT-0129,1635.0,1625.0,773.0,687.0,76.0,4.648318042813456
1757283357,1925493359,EVT-0129,1366.0,1452.0,532.0,476.0,142.0,10.395314787701318
1768831921,1892307210,EVT-0129,1365.0,1518.0,1425.0,1679.0,-101.0,-7.3992673992674
1808310134,1274985831,EVT-0129,2150.0,2555.0,1768.0,2227.0,-54.0,-2.511627906976744
1847082322,1121962926,EVT-0129,1669.0,1972.0,2262.0,2684.0,-119.0,-7.13001797483523
1944079924,1371002787,EVT-0129,4719.0,5909.0,1624.0,1830.0,984.0,20.85187539732994
1009179924,1361620622,EVT-0130,1653.0,2228.0,1214.0,1502.0,287.0,17.36237144585602
1031568581,1113953065,EVT-0130,673.0,856.0,1079.0,1288.0,-26.0,-3.863298662704309
1048976678,1892083019,EVT-0130,1039.0,1308.0,1560.0,2155.0,-326.0,-31.376323387872958
1050705288,1364458855,EVT-0130,1204.0,1668.0,765.0,967.0,262.0,21.760797342192692
1074076039,1836894604,EVT-0130,1675.0,2264.0,792.0,958.0,423.0,25.25373134328358
1117854327,1569475654,EVT-0130,338.0,326.0,184.0,191.0,-19.0,-5.621301775147929
1200480071,1251202242,EVT-0130,816.0,1045.0,1053.0,1137.0,145.0,17.769607843137255
1202669523,1041640354,EVT-0130,1632.0,2299.0,552.0,607.0,612.0,37.5
1223523766,1534502129,EVT-0130,683.0,784.0,385.0,491.0,-5.0,-0.7320644216691069
1237205202,1657655308,EVT-0130,1110.0,1225.0,498.0,416.0,197.0,17.74774774774775
1244876920,1001999733,EVT-0130,167.0,167.0,252.0,231.0,21.0,12.574850299401197
1264333323,1209566128,EVT-0130,950.0,1229.0,2526.0,3707.0,-902.0,-94.94736842105263
1265952337,1871372714,EVT-0130,642.0,692.0,686.0,834.0,-98.0,-15.264797507788161
1299418347,1056679651,EVT-0130,982.0,1246.0,684.0,858.0,90.0,9.164969450101832
1332369119,1443907526,EVT-0130,372.0,505.0,1500.0,2026.0,-393.0,-105.64516129032258
1350739367,1464805419,EVT-0130,838.0,1064.0,888.0,869.0,245.0,29.236276849642007
1397955463,1635581279,EVT-0130,3864.0,5525.0,2694.0,3635.0,720.0,18.633540372670808
1455101661,1890077344,EVT-0130,1567.0,2042.0,635.0,665.0,445.0,28.398213146139117
1475115246,1169149543,EVT-0130,1082.0,1392.0,184.0,191.0,303.0,28.003696857670977
1566888198,1169614082,EVT-0130,808.0,924.0,771.0,725.0,162.0,20.049504950495052
1610177150,1743431961,EVT-0130,1444.0,1618.0,489.0,355.0,308.0,21.329639889196674
1639269087,1767508967,EVT-0130,2475.0,3369.0,1405.0,1664.0,635.0,25.656565656565654
1647196991,1075683551,EVT-0130,2904.0,4012.0,1504.0,1861.0,751.0,25.860881542699726
1657725655,1599978586,EVT-0130,916.0,1141.0,755.0,934.0,46.0,5.021834061135371
1670701188,1722898792,EVT-0130,1093.0,1501.0,840.0,960.0,288.0,26.349496797804207
1672904236,1860037419,EVT-0130,895.0,1107.0,1132.0,1305.0,39.0,4.357541899441341
1683943777,1120914548,EVT-0130,2108.0,2563.0,1036.0,1403.0,88.0,4.174573055028463
1688976343,1838576308,EVT-0130,1993.0,2453.0,1343.0,1550.0,253.0,12.694430506773708
1701585576,1823309871,EVT-0130,983.0,1119.0,1044.0,1206.0,-26.0,-2.644964394710071
1707435529,1804484495,EVT-0130,927.0,1136.0,462.0,526.0,145.0,15.641855447680692
1732000645,1036176265,EVT-0130,909.0,1217.0,1211.0,1260.0,259.0,28.492849284928496
1732914373,1458345984,EVT-0130,1207.0,1266.0,544.0,548.0,55.0,4.556752278376139
1742859469,1330067194,EVT-0130,1562.0,2014.0,1139.0,1481.0,110.0,7.042253521126761
1776723276,1511022174,EVT-0130,972.0,1093.0,726.0,887.0,-40.0,-4.11522633744856
1848624494,1135650855,EVT-0130,808.0,918.0,917.0,932.0,95.0,11.757425742574256
1908127628,1107378550,EVT-0130,668.0,589.0,1039.0,1150.0,-190.0,-28.443113772455092
1927430854,1393729789,EVT-0130,1135.0,1570.0,804.0,1051.0,188.0,16.56387665198238
1955620046,1364720148,EVT-0130,3318.0,4936.0,2536.0,3397.0,757.0,22.814948764315854
1964945871,1333043895,EVT-0130,1283.0,1539.0,351.0,370.0,237.0,18.472330475448167
1991291398,1795350721,EVT-0130,1229.0,1550.0,1336.0,1735.0,-78.0,-6.346623270951994
1002145427,1742974847,EVT-0131,3758.0,4373.0,408.0,397.0,626.0,16.657796700372536
1018018261,1714021262,EVT-0131,3454.0,4405.0,3351.0,4081.0,221.0,6.398378691372322
1057676243,1501344612,EVT-0131,1185.0,1369.0,805.0,832.0,157.0,13.248945147679326
1065870788,1134632102,EVT-0131,2361.0,2732.0,2958.0,3476.0,-147.0,-6.226175349428209
1094274762,1233281843,EVT-0131,1217.0,1434.0,957.0,898.0,276.0,22.67871815940838
1098995024,1058325303,EVT-0131,1109.0,1327.0,1631.0,1819.0,30.0,2.7051397655545535
1124726435,1849988823,EVT-0131,2751.0,3667.0,263.0,266.0,913.0,33.1879316612141
1144669185,1947954388,EVT-0131,5569.0,6980.0,569.0,468.0,1512.0,27.15029628299515
1189769080,1261377760,EVT-0131,2353.0,2804.0,1520.0,1770.0,201.0,8.542286442838929
1200480071,1134089733,EVT-0131,1976.0,2700.0,744.0,696.0,772.0,39.068825910931174
1209829039,1412773438,EVT-0131,4519.0,5735.0,5013.0,6570.0,-341.0,-7.545917238327063
1264333323,1209566128,EVT-0131,4880.0,5710.0,4024.0,5090.0,-236.0,-4.836065573770492
1296552940,1060922949,EVT-0131,2121.0,2462.0,1039.0,1046.0,334.0,15.747289014615747
1316743925,1251202242,EVT-0131,4706.0,5258.0,1868.0,1679.0,741.0,15.745856353591158
1321405205,1939052563,EVT-0131,1274.0,1253.0,750.0,746.0,-17.0,-1.3343799058084773
1335670091,1333393084,EVT-0131,1847.0,2113.0,1005.0,1021.0,250.0,13.535462912831619
1356982086,1511022174,EVT-0131,1912.0,2149.0,1946.0,2106.0,77.0,4.027196652719665
1377426493,1752727945,EVT-0131,1712.0,1922.0,1123.0,1293.0,40.0,2.336448598130841
1385532449,1393729789,EVT-0131,4470.0,5547.0,6191.0,6762.0,506.0,11.319910514541387
1413519731,1289174306,EVT-0131,2927.0,4048.0,1050.0,1078.0,1093.0,37.34198838401093
1418997171,1099946885,EVT-0131,3727.0,4656.0,1118.0,1268.0,779.0,20.901529380198554
1456299035,1804484495,EVT-0131,1573.0,1813.0,951.0,1144.0,47.0,2.9879211697393515
1523498065,1572180861,EVT-0131,1862.0,2056.0,917.0,909.0,202.0,10.848549946294307
1536278926,1873780039,EVT-0131,4478.0,5224.0,2111.0,2515.0,342.0,7.6373380973648946
1546151204,1102089657,EVT-0131,2053.0,2535.0,1082.0,1035.0,529.0,25.76716999512908
1552813903,1767508967,EVT-0131,4871.0,6615.0,2515.0,2769.0,1490.0,30.589201396017245
1595301304,1352216182,EVT-0131,2597.0,3164.0,2393.0,3098.0,-138.0,-5.313823642664613
1635581279,1363342464,EVT-0131,4580.0,6400.0,3915.0,5059.0,676.0,14.759825327510917
1644815767,1138281740,EVT-0131,2651.0,2963.0,1612.0,1805.0,119.0,4.488872123726895
1657035808,1547660377,EVT-0131,524.0,524.0,877.0,985.0,-108.0,-20.610687022900763
1674102136,1762971749,EVT-0131,775.0,752.0,1396.0,1435.0,-62.0,-8.0
1747032997,1473494189,EVT-0131,1758.0,2476.0,1028.0,1158.0,588.0,33.44709897610921
1747637738,1275443434,EVT-0131,846.0,875.0,1266.0,1287.0,8.0,0.9456264775413712
1812815243,1181360912,EVT-0131,4722.0,6267.0,1290.0,1466.0,1369.0,28.99195256247353
1815807585,1997693654,EVT-0131,4159.0,5670.0,1646.0,1715.0,1442.0,34.67179610483289
1824172013,1216575070,EVT-0131,2640.0,3373.0,2989.0,3766.0,-44.0,-1.6666666666666667
1903798589,1812123887,EVT-0131,2409.0,3218.0,2672.0,3173.0,308.0,12.785388127853881
1924355757,1219172859,EVT-0131,2748.0,3794.0,1324.0,1615.0,755.0,27.474526928675402
1937514325,1159833825,EVT-0131,2996.0,3547.0,2359.0,2837.0,73.0,2.4365821094793056
1955620046,1364720148,EVT-0131,3021.0,4134.0,2318.0,2854.0,577.0,19.099635882158225
1965727443,1279684447,EVT-0131,1134.0,1084.0,978.0,881.0,47.0,4.144620811287478
1989798412,1783823739,EVT-0131,3738.0,4595.0,5200.0,6787.0,-730.0,-19.52915997859818
1120080837,1624547729,EVT-0132,1869.0,2103.0,1725.0,1764.0,195.0,10.43338683788122
1074076039,1836894604,EVT-0132,3078.0,3490.0,1681.0,2027.0,66.0,2.144249512670565
1299418347,1331020234,EVT-0132,2578.0,2876.0,2570.0,2950.0,-82.0,-3.180760279286268
1341556789,1950588461,EVT-0132,7929.0,10222.0,2310.0,2546.0,2057.0,25.94274183377475
1362560363,1405577143,EVT-0132,2466.0,2745.0,2035.0,2431.0,-117.0,-4.744525547445255
1475115246,1722898792,EVT-0132,3846.0,4218.0,2448.0,2413.0,407.0,10.582423296931877
1516074709,1234567687,EVT-0132,2630.0,2791.0,1456.0,1374.0,243.0,9.239543726235741
1594466975,1599978586,EVT-0132,1723.0,1788.0,2284.0,2658.0,-309.0,-17.933836331979105
1683943777,1120914548,EVT-0132,2667.0,2836.0,2233.0,2741.0,-339.0,-12.710911136107987
1710163217,1860037419,EVT-0132,1786.0,2345.0,1501.0,1731.0,329.0,18.421052631578945
1724092733,1848800052,EVT-0132,2917.0,3857.0,2042.0,1988.0,994.0,34.07610558793281
1009179924,1131525051,EVT-0133,2345.0,2958.0,1550.0,1713.0,450.0,19.189765458422176
1078096579,1200346587,EVT-0133,2566.0,2954.0,1606.0,1837.0,157.0,6.1184723304754485
1123148250,1830884742,EVT-0133,1522.0,1575.0,571.0,681.0,-57.0,-3.7450722733245727
1176034100,1739517849,EVT-0133,1636.0,1731.0,643.0,622.0,116.0,7.090464547677261
1350739367,1871372714,EVT-0133,2075.0,2135.0,1721.0,2038.0,-257.0,-12.385542168674698
1362560363,1405577143,EVT-0133,2466.0,2745.0,2035.0,2431.0,-117.0,-4.744525547445255
1376656900,1403453024,EVT-0133,1724.0,2148.0,973.0,1370.0,27.0,1.5661252900232019
1386514024,1933607412,EVT-0133,1871.0,2232.0,1279.0,1262.0,378.0,20.203099946552648
1494868502,1751172259,EVT-0133,2063.0,2033.0,1568.0,1651.0,-113.0,-5.477460009694619
1551962891,1057623450,EVT-0133,531.0,475.0,454.0,353.0,45.0,8.47457627118644
1594466975,1599978586,EVT-0133,1723.0,1788.0,2284.0,2658.0,-309.0,-17.933836331979105
1610177150,1722898792,EVT-0133,3197.0,3828.0,2448.0,2413.0,666.0,20.83203002815139
1631526641,1234567687,EVT-0133,1312.0,1599.0,1456.0,1374.0,369.0,28.125
1670701188,1107378550,EVT-0133,3081.0,3749.0,1661.0,1578.0,751.0,24.375202856215513
1683943777,1120914548,EVT-0133,2667.0,2836.0,2233.0,2741.0,-339.0,-12.710911136107987
1701585576,1823309871,EVT-0133,2813.0,3503.0,2261.0,2791.0,160.0,5.6878777106292215
1710163217,1860037419,EVT-0133,1786.0,2345.0,1501.0,1731.0,329.0,18.421052631578945
1885189138,1440538092,EVT-0133,1705.0,2067.0,1313.0,1268.0,407.0,23.870967741935484
1085110611,1821714619,EVT-0134,657.0,646.0,592.0,588.0,-7.0,-1.06544901065449
1244876920,1001999733,EVT-0134,585.0,494.0,365.0,311.0,-37.0,-6.3247863247863245
1635476009,1788421810,EVT-0134,1595.0,2006.0,1436.0,1639.0,208.0,13.04075235109718
1749355669,1611952734,EVT-0134,1616.0,1696.0,869.0,985.0,-36.0,-2.2277227722772275
1357524945,1337606333,EVT-0135,6207.0,8303.0,729.0,639.0,2186.0,35.21830191719027
1393791409,1187084813,EVT-0135,1934.0,1937.0,1898.0,1839.0,62.0,3.205791106514995
1520551320,1222151080,EVT-0135,1121.0,1229.0,730.0,883.0,-45.0,-4.014272970561998
1595774286,1390939977,EVT-0135,3494.0,4514.0,1958.0,2353.0,625.0,17.88780767029193
1598661571,1674708775,EVT-0135,2908.0,3142.0,2643.0,3108.0,-231.0,-7.943603851444292
1610429726,1418295824,EVT-0135,819.0,690.0,782.0,758.0,-105.0,-12.82051282051282
1616839134,1602648309,EVT-0135,6033.0,7092.0,3950.0,4929.0,80.0,1.3260401127134096
1892307210,1418704015,EVT-0135,1403.0,1756.0,1345.0,1471.0,227.0,16.17961511047755
1944079924,1075683551,EVT-0135,4715.0,6005.0,1634.0,1715.0,1209.0,25.641569459172853
1968209027,1337789832,EVT-0135,1105.0,1179.0,1223.0,1098.0,199.0,18.009049773755656
1009179924,1599978586,EVT-0136,2345.0,2958.0,2284.0,2658.0,239.0,10.19189765458422
1015191335,1897723296,EVT-0136,1294.0,1286.0,717.0,655.0,54.0,4.1731066460587325
1078096579,1083149777,EVT-0136,2566.0,2954.0,1745.0,1832.0,301.0,11.730319563522992
1123148250,1830884742,EVT-0136,1522.0,1575.0,571.0,681.0,-57.0,-3.7450722733245727
1265952337,1871372714,EVT-0136,3004.0,3005.0,1721.0,2038.0,-316.0,-10.51930758988016
1286477181,1041640354,EVT-0136,1348.0,1614.0,1014.0,1264.0,16.0,1.1869436201780417
1332369119,1443907526,EVT-0136,1902.0,2090.0,1153.0,1421.0,-80.0,-4.206098843322819
1361620622,1131525051,EVT-0136,1003.0,1041.0,1550.0,1713.0,-125.0,-12.462612163509473
1409960642,1742318383,EVT-0136,1526.0,1769.0,1480.0,1520.0,203.0,13.302752293577983
1475115246,1836894604,EVT-0136,3846.0,4218.0,1681.0,2027.0,26.0,0.6760270410816432
1492077734,1443520683,EVT-0136,4087.0,4881.0,1068.0,1207.0,655.0,16.026425250795203
1516074709,1234567687,EVT-0136,2630.0,2791.0,1456.0,1374.0,243.0,9.239543726235741
1670701188,1722898792,EVT-0136,3081.0,3749.0,2448.0,2413.0,703.0,22.81726712106459
1683943777,1120914548,EVT-0136,2667.0,2836.0,2233.0,2741.0,-339.0,-12.710911136107987
1722038985,1185877283,EVT-0136,1783.0,1921.0,1628.0,1747.0,19.0,1.065619742007852
1745601371,1200346587,EVT-0136,1413.0,1634.0,1606.0,1837.0,-10.0,-0.7077140835102618
1762664088,1971097054,EVT-0136,1161.0,1271.0,1226.0,1425.0,-89.0,-7.665805340223946
1814938340,1107378550,EVT-0136,1831.0,1995.0,1661.0,1578.0,247.0,13.48989623156745
1856406925,1056679651,EVT-0136,1573.0,1560.0,1599.0,2185.0,-599.0,-38.08010171646535
1934763735,1977228745,EVT-0136,1022.0,1215.0,1247.0,1272.0,168.0,16.43835616438356
1934829601,1293643247,EVT-0136,2500.0,3275.0,1269.0,1470.0,574.0,22.96
1009179924,1599978586,EVT-0137,2345.0,2958.0,2284.0,2658.0,239.0,10.19189765458422
1265952337,1871372714,EVT-0137,3004.0,3005.0,1721.0,2038.0,-316.0,-10.51930758988016
1279255164,1293643247,EVT-0137,1493.0,1542.0,1269.0,1470.0,-152.0,-10.180843938379102
1299418347,1331020234,EVT-0137,2578.0,2876.0,2570.0,2950.0,-82.0,-3.180760279286268
1460081361,1133042691,EVT-0137,1373.0,1651.0,1529.0,1560.0,247.0,17.989803350327747
1494868502,1751172259,EVT-0137,2063.0,2033.0,1568.0,1651.0,-113.0,-5.477460009694619
1516074709,1234567687,EVT-0137,2630.0,2791.0,1456.0,1374.0,243.0,9.239543726235741
1610177150,1451721462,EVT-0137,3197.0,3828.0,1650.0,1918.0,363.0,11.354394745073506
1648553570,1823309871,EVT-0137,2465.0,3106.0,2261.0,2791.0,111.0,4.503042596348885
1657725655,1405577143,EVT-0137,4065.0,5126.0,2035.0,2431.0,665.0,16.359163591635916
1710163217,1860037419,EVT-0137,1786.0,2345.0,1501.0,1731.0,329.0,18.421052631578945
1722898792,1836894604,EVT-0137,2448.0,2413.0,1681.0,2027.0,-381.0,-15.563725490196079
1760628762,1440623548,EVT-0137,1290.0,1212.0,1114.0,1080.0,-44.0,-3.4108527131782944
1787619711,1200346587,EVT-0137,4633.0,5696.0,1606.0,1837.0,832.0,17.958126483919706
1806103952,1933607412,EVT-0137,1242.0,1222.0,1279.0,1262.0,-3.0,-0.24154589371980675
1814938340,1107378550,EVT-0137,1831.0,1995.0,1661.0,1578.0,247.0,13.48989623156745
1901019392,1950588461,EVT-0137,5484.0,7975.0,2310.0,2546.0,2255.0,41.11962071480671
1934763735,1971097054,EVT-0137,1022.0,1215.0,1226.0,1425.0,-6.0,-0.5870841487279843
1934829601,1083149777,EVT-0137,2500.0,3275.0,1745.0,1832.0,688.0,27.52
1683943777,1120914548,EVT-0137,2667.0,2836.0,2233.0,2741.0,-339.0,-12.710911136107987
1038444141,1245433184,EVT-0138,1435.0,1474.0,1573.0,1602.0,10.0,0.6968641114982579
1240190284,1788668972,EVT-0138,2272.0,2743.0,1391.0,1433.0,429.0,18.882042253521128
1292975558,1195381896,EVT-0138,4931.0,6648.0,1991.0,2537.0,1171.0,23.747718515514094
1663073843,1852326267,EVT-0138,1428.0,1712.0,1064.0,1060.0,288.0,20.168067226890756
1679256069,1535323178,EVT-0138,2236.0,2282.0,1483.0,1686.0,-157.0,-7.021466905187836
1840863041,1149018644,EVT-0138,2439.0,2762.0,1332.0,1278.0,377.0,15.457154571545715
1394982015,1411375466,EVT-0139,472.0,580.0,412.0,387.0,133.0,28.177966101694917
1535436392,1580871600,EVT-0139,385.0,378.0,766.0,806.0,-47.0,-12.207792207792208
1599989245,1828803407,EVT-0139,1721.0,1752.0,785.0,721.0,95.0,5.520046484601976
1621842156,1242598583,EVT-0139,1512.0,1609.0,1739.0,1925.0,-89.0,-5.886243386243386
1758206720,1695082515,EVT-0139,1042.0,926.0,402.0,404.0,-118.0,-11.324376199616124
1785764022,1124315999,EVT-0139,846.0,999.0,680.0,617.0,216.0,25.53191489361702
1002145427,1877046932,EVT-0140,3884.0,4592.0,3109.0,3793.0,24.0,0.6179196704428425
1018018261,1209566128,EVT-0140,3472.0,4438.0,4278.0,4999.0,245.0,7.056451612903227
1036327983,1922185990,EVT-0140,805.0,835.0,406.0,436.0,0.0,0.0
1124726435,1762971749,EVT-0140,2846.0,3687.0,1374.0,1487.0,728.0,25.579761068165848
1133130363,1767508967,EVT-0140,2524.0,3447.0,2503.0,2828.0,598.0,23.692551505546753
1144669185,1261377760,EVT-0140,5617.0,7213.0,1552.0,1756.0,1392.0,24.78191205269717
1200480071,1099946885,EVT-0140,2037.0,2790.0,1116.0,1230.0,639.0,31.36966126656848
1213511599,1947954388,EVT-0140,6755.0,8962.0,545.0,440.0,2312.0,34.22649888971133
1227780172,1412773438,EVT-0140,8754.0,12005.0,5151.0,6907.0,1495.0,17.077907242403473
1263807582,1473494189,EVT-0140,5572.0,7714.0,1013.0,1097.0,2058.0,36.93467336683417
1268222167,1169614082,EVT-0140,1904.0,2270.0,1099.0,1082.0,383.0,20.115546218487395
1280087226,1102089657,EVT-0140,7069.0,8642.0,1051.0,1026.0,1598.0,22.605743386617625
1377426493,1138281740,EVT-0140,1729.0,1904.0,1604.0,1722.0,57.0,3.296703296703297
1418997171,1058325303,EVT-0140,3914.0,4576.0,1633.0,1930.0,365.0,9.32549821154829
1423152481,1512866082,EVT-0140,3484.0,4384.0,1543.0,1499.0,944.0,27.09529276693456
1456207657,1216575070,EVT-0140,3557.0,4964.0,3169.0,3650.0,926.0,26.033174023053135
1552813903,1251202242,EVT-0140,5316.0,6983.0,1852.0,1654.0,1865.0,35.082768999247556
1665478461,1714021262,EVT-0140,2895.0,3847.0,3387.0,4175.0,164.0,5.664939550949914
1689916181,1060922949,EVT-0140,3899.0,4842.0,1010.0,1028.0,925.0,23.724031803026417
1732527431,1997693654,EVT-0140,2558.0,3502.0,1674.0,1793.0,825.0,32.25175918686474
1742579091,1134089733,EVT-0140,7854.0,9297.0,737.0,706.0,1474.0,18.76750700280112
1806479196,1134632102,EVT-0140,3527.0,4341.0,3090.0,3377.0,527.0,14.941876949248654
1844747141,1873780039,EVT-0140,2314.0,2572.0,2161.0,2445.0,-26.0,-1.1235955056179776
1896554999,1355374483,EVT-0140,3499.0,4365.0,2292.0,2617.0,541.0,15.461560445841668
1903798589,1812123887,EVT-0140,2462.0,3304.0,2640.0,3379.0,103.0,4.183590576766856
1927430854,1393729789,EVT-0140,4527.0,5631.0,6024.0,7052.0,76.0,1.6788159929313013
1955620046,1364720148,EVT-0140,2980.0,4327.0,2315.0,2958.0,704.0,23.624161073825505
1897395806,1624547729,EVT-0142,522.0,601.0,278.0,304.0,53.0,10.153256704980842
1740047711,1804484495,EVT-0143,856.0,1055.0,1509.0,1781.0,-73.0,-8.528037383177569
1103232447,1529873311,EVT-0141,1405.0,1557.0,854.0,813.0,193.0,13.736654804270461
1163199601,1618352078,EVT-0141,1496.0,1916.0,1129.0,1270.0,279.0,18.649732620320854
1243754490,1980975555,EVT-0141,907.0,1184.0,1514.0,1612.0,179.0,19.735391400220507
1413495239,1334266743,EVT-0141,2609.0,3294.0,1800.0,2026.0,459.0,17.59294748945956
1467704312,1788421810,EVT-0141,1423.0,1595.0,1400.0,1548.0,24.0,1.6865776528460996
1592062677,1429777182,EVT-0141,3106.0,3906.0,3531.0,3945.0,386.0,12.427559562137798
1616418756,1561159348,EVT-0141,1285.0,1519.0,1034.0,1236.0,32.0,2.490272373540856
1635476009,1527981900,EVT-0141,1653.0,2105.0,949.0,1097.0,304.0,18.39080459770115
1824149854,1026926489,EVT-0141,1723.0,1913.0,2349.0,2714.0,-175.0,-10.156703424260012
1836939912,1974446365,EVT-0141,1294.0,1525.0,892.0,825.0,298.0,23.02936630602782
1002145427,1877046932,EVT-0142,2071.0,2682.0,1394.0,1620.0,385.0,18.59005311443747
1081051991,1870532862,EVT-0142,528.0,490.0,445.0,514.0,-107.0,-20.265151515151516
1124726435,1209566128,EVT-0142,4637.0,6441.0,2535.0,3864.0,475.0,10.243692042268709
1136500869,1364458855,EVT-0142,447.0,570.0,770.0,971.0,-78.0,-17.449664429530202
1139166684,1588179048,EVT-0142,972.0,1103.0,311.0,324.0,118.0,12.139917695473251
1179994367,1293528836,EVT-0142,610.0,762.0,214.0,265.0,101.0,16.557377049180328
1238983617,1713731663,EVT-0142,1128.0,1735.0,1392.0,1912.0,87.0,7.712765957446808
1271768685,1181360912,EVT-0142,2134.0,2655.0,583.0,674.0,430.0,20.149953139643863
1287287258,1216575070,EVT-0142,3080.0,3486.0,1459.0,2044.0,-179.0,-5.811688311688312
1332369119,1443907526,EVT-0142,381.0,524.0,1564.0,2042.0,-335.0,-87.92650918635171
1456207657,1333393084,EVT-0142,3462.0,4594.0,1357.0,1626.0,863.0,24.927787406123628
1533003293,1798313247,EVT-0142,911.0,1264.0,342.0,315.0,380.0,41.712403951701425
1555906795,1041494554,EVT-0142,2397.0,3110.0,746.0,772.0,687.0,28.660826032540676
1556860702,1702446943,EVT-0142,215.0,292.0,377.0,380.0,74.0,34.418604651162795
1592123891,1767508967,EVT-0142,1057.0,1448.0,1383.0,1734.0,40.0,3.7842951750236518
1688976343,1838576308,EVT-0142,2093.0,2470.0,1418.0,1558.0,237.0,11.323459149546105
1704331150,1432188427,EVT-0142,1544.0,2017.0,1559.0,1993.0,39.0,2.5259067357512954
1706991829,1801662945,EVT-0142,535.0,548.0,605.0,731.0,-113.0,-21.121495327102803
1779411515,1835878442,EVT-0142,1506.0,2108.0,567.0,565.0,604.0,40.1062416998672
1815807585,1364720148,EVT-0142,2605.0,3663.0,2702.0,3426.0,334.0,12.821497120921304
1832506087,1511022174,EVT-0142,4399.0,5828.0,747.0,919.0,1257.0,28.57467606274153
1848624494,1135650855,EVT-0142,851.0,980.0,947.0,972.0,104.0,12.220916568742656
1964945871,1333043895,EVT-0142,1295.0,1634.0,326.0,403.0,262.0,20.231660231660232
1993367014,1893638738,EVT-0142,215.0,255.0,328.0,341.0,27.0,12.558139534883722
1050705288,1890077344,EVT-0143,4225.0,4833.0,1623.0,1585.0,646.0,15.289940828402369
1094274762,1233281843,EVT-0143,819.0,859.0,354.0,394.0,0.0,0.0
1180932224,1572180861,EVT-0143,1670.0,2402.0,592.0,528.0,796.0,47.66467065868263
1227780172,1412773438,EVT-0143,1466.0,1865.0,3249.0,4157.0,-509.0,-34.720327421555254
1263807582,1209566128,EVT-0143,3436.0,4505.0,1657.0,2273.0,453.0,13.18393480791618
1274985831,1004478891,EVT-0143,730.0,907.0,165.0,130.0,212.0,29.041095890410958
1296624285,1479078465,EVT-0143,639.0,674.0,797.0,739.0,93.0,14.553990610328638
1297280590,1511022174,EVT-0143,1250.0,1354.0,1331.0,1429.0,6.0,0.48
1311764207,1333393084,EVT-0143,372.0,390.0,585.0,628.0,-25.0,-6.720430107526881
1355374483,1873780039,EVT-0143,1619.0,1811.0,1588.0,1687.0,93.0,5.744286596664608
1389159553,1997693654,EVT-0143,1179.0,1719.0,1073.0,1199.0,414.0,35.11450381679389
1423152481,1501344612,EVT-0143,2956.0,3368.0,512.0,496.0,428.0,14.479025710419485
1456207657,1216575070,EVT-0143,2075.0,2785.0,1080.0,1260.0,530.0,25.542168674698797
1456299035,1512866082,EVT-0143,1215.0,1447.0,652.0,622.0,262.0,21.563786008230455
1536278926,1547660377,EVT-0143,743.0,808.0,546.0,699.0,-88.0,-11.843876177658142
1567742360,1643297637,EVT-0143,2340.0,2887.0,349.0,372.0,524.0,22.393162393162395
1599978586,1977922420,EVT-0143,1865.0,2135.0,1026.0,1056.0,240.0,12.868632707774799
1621199177,1773180629,EVT-0143,2030.0,2270.0,1830.0,2262.0,-192.0,-9.458128078817735
1686880901,1939052563,EVT-0143,303.0,324.0,179.0,179.0,21.0,6.9306930693069315
1752727945,1851932792,EVT-0143,688.0,745.0,907.0,934.0,30.0,4.3604651162790695
1806707737,1463019459,EVT-0143,907.0,1083.0,852.0,864.0,164.0,18.081587651598678
1824172013,1842420535,EVT-0143,2184.0,2643.0,1374.0,1488.0,345.0,15.796703296703296
1832506087,1135650855,EVT-0143,3740.0,5304.0,448.0,484.0,1528.0,40.855614973262036
1844747141,1138281740,EVT-0143,1731.0,2149.0,2146.0,2419.0,145.0,8.376660889659156
1896554999,1534502129,EVT-0143,3275.0,3465.0,896.0,911.0,175.0,5.343511450381679
1903798589,1812123887,EVT-0143,1715.0,2007.0,2000.0,2649.0,-357.0,-20.816326530612244
1927430854,1393729789,EVT-0143,2510.0,3475.0,1710.0,2021.0,654.0,26.055776892430277
1937514325,1159833825,EVT-0143,1713.0,1912.0,991.0,1088.0,102.0,5.954465849387041
1955620046,1364720148,EVT-0143,2168.0,2859.0,1441.0,1951.0,181.0,8.34870848708487
1964945871,1333043895,EVT-0143,1680.0,1810.0,1019.0,1087.0,62.0,3.6904761904761907
1989798412,1783823739,EVT-0143,3133.0,3844.0,2510.0,3456.0,-235.0,-7.5007979572294925
1050705288,1890077344,EVT-0144,4225.0,4833.0,1623.0,1585.0,646.0,15.289940828402369
1058647219,1697855363,EVT-0144,1562.0,1996.0,1385.0,1569.0,250.0,16.005121638924454
1078096579,1200346587,EVT-0144,2587.0,2730.0,1338.0,1486.0,-5.0,-0.1932740626207963
1094274762,1939052563,EVT-0144,819.0,859.0,179.0,179.0,40.0,4.884004884004884
1133130363,1877046932,EVT-0144,1344.0,1672.0,857.0,971.0,214.0,15.922619047619047
1139166684,1474100561,EVT-0144,877.0,991.0,547.0,549.0,112.0,12.770809578107183
1190842652,1219172859,EVT-0144,1086.0,1188.0,1572.0,1760.0,-86.0,-7.918968692449356
1229022169,1330067194,EVT-0144,924.0,1005.0,911.0,1088.0,-96.0,-10.38961038961039
1250017203,1132792726,EVT-0144,1506.0,1881.0,829.0,885.0,319.0,21.181938911022577
1250474354,1546273719,EVT-0144,952.0,931.0,674.0,740.0,-87.0,-9.138655462184873
1263807582,1209566128,EVT-0144,3436.0,4505.0,1657.0,2273.0,453.0,13.18393480791618
1266945785,1138281740,EVT-0144,2396.0,3109.0,2146.0,2419.0,440.0,18.363939899833053
1309371148,1914644640,EVT-0144,1303.0,1441.0,1327.0,1331.0,134.0,10.283960092095166
1326905712,1745370779,EVT-0144,584.0,493.0,280.0,260.0,-71.0,-12.157534246575343
1341556789,1405577143,EVT-0144,5886.0,7265.0,3025.0,3757.0,647.0,10.992184845395855
1393791409,1337606333,EVT-0144,1200.0,1069.0,535.0,522.0,-118.0,-9.833333333333332
1567742360,1873780039,EVT-0144,2340.0,2887.0,1588.0,1687.0,448.0,19.14529914529915
1599978586,1977922420,EVT-0144,1865.0,2135.0,1026.0,1056.0,240.0,12.868632707774799
1599989245,1507378861,EVT-0144,555.0,650.0,340.0,335.0,100.0,18.01801801801802
1647700669,1113190601,EVT-0144,213.0,203.0,192.0,171.0,11.0,5.164319248826291
1710163217,1860037419,EVT-0144,1461.0,1790.0,409.0,532.0,206.0,14.099931553730322
1749355669,1611952734,EVT-0144,1023.0,1171.0,578.0,585.0,141.0,13.78299120234604
1776723276,1511022174,EVT-0144,945.0,1087.0,1331.0,1429.0,44.0,4.656084656084656
1924355757,1412773438,EVT-0144,3050.0,3747.0,3249.0,4157.0,-211.0,-6.918032786885246
1934763735,1971097054,EVT-0144,1951.0,2261.0,707.0,693.0,324.0,16.60686827268068
1991291398,1795350721,EVT-0144,3543.0,4282.0,2413.0,2939.0,213.0,6.011854360711261
1103232447,1529873311,EVT-0145,1405.0,1557.0,854.0,813.0,193.0,13.736654804270461
1159841240,1429777182,EVT-0145,4414.0,6162.0,3531.0,3945.0,1334.0,30.222020842772995
1163199601,1081031506,EVT-0145,1496.0,1916.0,2334.0,2512.0,242.0,16.176470588235293
1327009084,1618352078,EVT-0145,1691.0,1840.0,1129.0,1270.0,8.0,0.4730928444707274
1467704312,1788421810,EVT-0145,1423.0,1595.0,1400.0,1548.0,24.0,1.6865776528460996
1548035017,1901417067,EVT-0145,430.0,446.0,416.0,429.0,3.0,0.6976744186046512
1592062677,1026926489,EVT-0145,3106.0,3906.0,2349.0,2714.0,435.0,14.005151320025758
1616418756,1561159348,EVT-0145,1285.0,1519.0,1034.0,1236.0,32.0,2.490272373540856
1635476009,1398789739,EVT-0145,1653.0,2105.0,1364.0,1592.0,224.0,13.55111917725348
1728890785,1334266743,EVT-0145,1206.0,1245.0,1800.0,2026.0,-187.0,-15.50580431177446
1980975555,1527981900,EVT-0145,1514.0,1612.0,949.0,1097.0,-50.0,-3.302509907529723
1180932224,1804484495,EVT-0146,1670.0,2402.0,1509.0,1781.0,460.0,27.54491017964072
1031907094,1641859123,EVT-0146,1270.0,1367.0,1276.0,1539.0,-166.0,-13.070866141732285
1159841240,1026926489,EVT-0146,3982.0,5121.0,1630.0,1852.0,917.0,23.0286288297338
1204959187,1081238747,EVT-0146,1059.0,1048.0,740.0,769.0,-40.0,-3.777148253068933
1209464480,1338304433,EVT-0146,1028.0,1228.0,996.0,1124.0,72.0,7.003891050583658
1326516303,1111217703,EVT-0146,2686.0,3194.0,857.0,716.0,649.0,24.162323157110947
1328056928,1237849298,EVT-0146,534.0,533.0,460.0,436.0,23.0,4.307116104868914
1394609428,1012264374,EVT-0146,3365.0,4871.0,2120.0,2994.0,632.0,18.781575037147103
1394982015,1886821390,EVT-0146,172.0,175.0,290.0,291.0,2.0,1.1627906976744187
1413519731,1412773438,EVT-0146,5090.0,6820.0,3249.0,4157.0,822.0,16.149312377210215
1480599715,1065674784,EVT-0146,372.0,407.0,970.0,1094.0,-89.0,-23.9247311827957
1494868502,1751172259,EVT-0146,571.0,757.0,278.0,299.0,165.0,28.896672504378284
1535436392,1580871600,EVT-0146,132.0,139.0,462.0,358.0,111.0,84.0909090909091
1567742360,1873780039,EVT-0146,2340.0,2887.0,1588.0,1687.0,448.0,19.14529914529915
1644815767,1138281740,EVT-0146,1690.0,2170.0,2146.0,2419.0,207.0,12.248520710059172
1704308638,1352578078,EVT-0146,1015.0,1157.0,1066.0,1077.0,131.0,12.9064039408867
1809220084,1087671156,EVT-0146,593.0,622.0,237.0,226.0,40.0,6.745362563237774
1824172013,1216575070,EVT-0146,2184.0,2643.0,1080.0,1260.0,279.0,12.774725274725274
1927430854,1393729789,EVT-0146,2510.0,3475.0,1710.0,2021.0,654.0,26.055776892430277
1955620046,1364720148,EVT-0146,2168.0,2859.0,1441.0,1951.0,181.0,8.34870848708487
1009179924,1120914548,EVT-0147,1869.0,2285.0,2548.0,3061.0,-97.0,-5.1899411449973245
1025231352,1222151080,EVT-0147,1494.0,1831.0,2013.0,2362.0,-12.0,-0.8032128514056224
1048976678,1364720148,EVT-0147,1789.0,2308.0,1441.0,1951.0,9.0,0.5030743432084964
1050705288,1890077344,EVT-0147,4225.0,4833.0,1623.0,1585.0,646.0,15.289940828402369
1078096579,1200346587,EVT-0147,2587.0,2730.0,1338.0,1486.0,-5.0,-0.1932740626207963
1080672524,1773180629,EVT-0147,1970.0,2463.0,1830.0,2262.0,61.0,3.0964467005076144
1107378550,1955222058,EVT-0147,419.0,443.0,890.0,942.0,-28.0,-6.682577565632458
1120080837,1624547729,EVT-0147,1181.0,1432.0,915.0,1041.0,125.0,10.584250635055039
1202669523,1041640354,EVT-0147,2155.0,2997.0,1732.0,1882.0,692.0,32.11136890951276
1265952337,1871372714,EVT-0147,1037.0,1108.0,1741.0,2039.0,-227.0,-21.8900675024108
1299418347,1860037419,EVT-0147,683.0,857.0,409.0,532.0,51.0,7.46705710102489
1332369119,1443907526,EVT-0147,1360.0,1532.0,853.0,1162.0,-137.0,-10.073529411764707
1355374483,1873780039,EVT-0147,1619.0,1811.0,1588.0,1687.0,93.0,5.744286596664608
1368009035,1848800052,EVT-0147,1191.0,1294.0,393.0,446.0,50.0,4.198152812762385
1377426493,1138281740,EVT-0147,2017.0,2420.0,2146.0,2419.0,130.0,6.4452156668319285
1389574017,1976707814,EVT-0147,1728.0,2499.0,712.0,735.0,748.0,43.28703703703704
1433980129,1417682113,EVT-0147,437.0,553.0,226.0,202.0,140.0,32.036613272311214
1444774099,1383406257,EVT-0147,574.0,642.0,484.0,436.0,116.0,20.209059233449477
1478412079,1742318383,EVT-0147,1287.0,1481.0,725.0,826.0,93.0,7.226107226107226
1512844550,1251411553,EVT-0147,931.0,1024.0,406.0,357.0,142.0,15.252416756176155
1516074709,1234567687,EVT-0147,1503.0,1726.0,754.0,814.0,163.0,10.844976713240188
1526669415,1908168895,EVT-0147,1470.0,1424.0,919.0,1083.0,-210.0,-14.285714285714285
1610177150,1246448348,EVT-0147,2557.0,3092.0,589.0,781.0,343.0,13.414157215486899
1647196991,1337789832,EVT-0147,502.0,572.0,506.0,552.0,24.0,4.780876494023905
1648553570,1823309871,EVT-0147,4711.0,6315.0,2788.0,3489.0,903.0,19.167904903417536
1670701188,1451721462,EVT-0147,2102.0,2398.0,1372.0,1345.0,323.0,15.366317792578496
1722898792,1836894604,EVT-0147,1046.0,1209.0,1221.0,1405.0,-21.0,-2.0076481835564053
1738903891,1285330571,EVT-0147,3904.0,4803.0,832.0,863.0,868.0,22.23360655737705
1760628762,1440623548,EVT-0147,584.0,665.0,1107.0,1058.0,130.0,22.26027397260274
1768225918,1803339427,EVT-0147,1297.0,1270.0,1701.0,2045.0,-371.0,-28.604471858134158
1812815243,1181360912,EVT-0147,1718.0,2580.0,620.0,566.0,916.0,53.317811408614666
1814938340,1743431961,EVT-0147,875.0,915.0,501.0,474.0,67.0,7.657142857142857
1815807585,1804484495,EVT-0147,1449.0,1839.0,1509.0,1781.0,118.0,8.143547273982056
1832506087,1216575070,EVT-0147,3740.0,5304.0,1080.0,1260.0,1384.0,37.00534759358289
1836939912,1974446365,EVT-0147,467.0,531.0,517.0,516.0,65.0,13.9186295503212
1903798589,1812123887,EVT-0147,1715.0,2007.0,2000.0,2649.0,-357.0,-20.816326530612244
1921646299,1081031506,EVT-0147,1119.0,1298.0,790.0,867.0,102.0,9.115281501340483
1965727443,1279684447,EVT-0147,1541.0,1586.0,635.0,609.0,71.0,4.6073977936404935
1025231352,1150502551,EVT-0148,2085.0,2480.0,2265.0,2246.0,414.0,19.85611510791367
1040239976,1282327174,EVT-0148,2618.0,2996.0,3143.0,3341.0,180.0,6.875477463712758
1196400158,1337789832,EVT-0148,1563.0,1756.0,1084.0,1169.0,108.0,6.90978886756238
1199976907,1121962926,EVT-0148,1618.0,2088.0,2387.0,2816.0,41.0,2.533992583436341
1246066447,1601451010,EVT-0148,3423.0,4170.0,1635.0,1602.0,780.0,22.78702892199825
1520551320,1222151080,EVT-0148,1112.0,1240.0,791.0,893.0,26.0,2.338129496402878
1598661571,1674708775,EVT-0148,2954.0,3345.0,2687.0,3466.0,-388.0,-13.134732566012186
1638368260,1348428750,EVT-0148,845.0,964.0,756.0,661.0,214.0,25.325443786982248
1688735228,1418704015,EVT-0148,929.0,1030.0,1390.0,1399.0,92.0,9.903121636167922
1690348028,1187084813,EVT-0148,1631.0,1758.0,1921.0,1966.0,82.0,5.027590435315757
1808310134,1075689749,EVT-0148,2350.0,2618.0,3161.0,3458.0,-29.0,-1.2340425531914894
1847082322,1255569448,EVT-0148,1749.0,1857.0,713.0,727.0,94.0,5.374499714122356
1080672524,1364720148,EVT-0149,2049.0,2509.0,1474.0,2012.0,-78.0,-3.806734992679356
1098995024,1714021262,EVT-0149,2001.0,2482.0,1084.0,1222.0,343.0,17.141429285357322
1107378550,1955222058,EVT-0149,429.0,446.0,840.0,888.0,-31.0,-7.226107226107226
1120080837,1624547729,EVT-0149,1217.0,1473.0,894.0,1023.0,127.0,10.435497124075596
1124726435,1877046932,EVT-0149,4182.0,5615.0,868.0,1035.0,1266.0,30.272596843615496
1163199601,1196385359,EVT-0149,901.0,1029.0,458.0,563.0,23.0,2.5527192008879025
1189769080,1762971749,EVT-0149,2120.0,2373.0,1011.0,1042.0,222.0,10.471698113207548
1219516501,1935314678,EVT-0149,2522.0,3283.0,1568.0,1536.0,793.0,31.443298969072163
1264333323,1209566128,EVT-0149,2287.0,2770.0,1713.0,2305.0,-109.0,-4.766069086139046
1265952337,1871372714,EVT-0149,995.0,1094.0,1774.0,2056.0,-183.0,-18.391959798994975
1273912869,1775551348,EVT-0149,948.0,957.0,607.0,699.0,-83.0,-8.755274261603375
1299418347,1331020234,EVT-0149,711.0,913.0,777.0,842.0,137.0,19.268635724331926
1310164813,1295857761,EVT-0149,457.0,421.0,421.0,435.0,-50.0,-10.940919037199125
1326516303,1111217703,EVT-0149,2810.0,3318.0,818.0,774.0,552.0,19.644128113879002
1328056928,1237849298,EVT-0149,520.0,513.0,434.0,449.0,-22.0,-4.230769230769231
1332369119,1443907526,EVT-0149,1386.0,1480.0,901.0,1133.0,-138.0,-9.956709956709958
1433980129,1417682113,EVT-0149,427.0,547.0,229.0,205.0,144.0,33.723653395784545
1449048093,1657655308,EVT-0149,762.0,691.0,395.0,392.0,-68.0,-8.923884514435695
1475115246,1836894604,EVT-0149,1154.0,1335.0,1213.0,1350.0,44.0,3.8128249566724435
1516074709,1234567687,EVT-0149,1465.0,1706.0,766.0,814.0,193.0,13.174061433447099
1520551320,1222151080,EVT-0149,1364.0,1614.0,2096.0,2464.0,-118.0,-8.651026392961878
1546151204,1058325303,EVT-0149,872.0,1074.0,968.0,1170.0,0.0,0.0
1598661571,1121962926,EVT-0149,1366.0,1506.0,1704.0,2017.0,-173.0,-12.664714494875549
1610177150,1246448348,EVT-0149,2558.0,3021.0,611.0,781.0,293.0,11.45426114151681
1621842156,1242598583,EVT-0149,635.0,572.0,1303.0,1484.0,-244.0,-38.425196850393704
1683943777,1727463709,EVT-0149,1082.0,1337.0,1292.0,1320.0,227.0,20.97966728280961
1710163217,1860037419,EVT-0149,1447.0,1880.0,434.0,540.0,327.0,22.5984796129924
1713444978,1551107307,EVT-0149,4746.0,6652.0,2216.0,2613.0,1509.0,31.795195954487994
1714986282,1950588461,EVT-0149,1090.0,1222.0,1085.0,1190.0,27.0,2.4770642201834865
1724092733,1056679651,EVT-0149,1726.0,2167.0,1464.0,1809.0,96.0,5.5619930475086905
1725623817,1219172859,EVT-0149,2130.0,2557.0,1539.0,1771.0,195.0,9.15492957746479
1725724532,1251202242,EVT-0149,4304.0,5739.0,566.0,594.0,1407.0,32.690520446096656
1768225918,1803339427,EVT-0149,1301.0,1307.0,1692.0,2032.0,-334.0,-25.672559569561876
1793685516,1714292012,EVT-0149,1644.0,1381.0,1868.0,1977.0,-372.0,-22.62773722627737
1824172013,1216575070,EVT-0149,2315.0,2764.0,1115.0,1329.0,235.0,10.151187904967603
1847082322,1255569448,EVT-0149,631.0,631.0,268.0,307.0,-39.0,-6.180665610142631
1854852153,1308498975,EVT-0149,925.0,926.0,1004.0,1220.0,-215.0,-23.243243243243246
1880717263,1632734848,EVT-0149,1028.0,1061.0,534.0,615.0,-48.0,-4.669260700389105
1885387740,1423753536,EVT-0149,2084.0,2606.0,2000.0,2354.0,168.0,8.061420345489443
1903121188,1416644254,EVT-0149,611.0,626.0,667.0,653.0,29.0,4.746317512274959
1944079924,1643343233,EVT-0149,3019.0,3418.0,2115.0,2019.0,495.0,16.39615766810202
1038444141,1245433184,EVT-0150,1531.0,1465.0,1525.0,1545.0,-86.0,-5.6172436316133245
1209464480,1338304433,EVT-0150,3122.0,3636.0,3048.0,3689.0,-127.0,-4.067905188981422
1292975558,1195381896,EVT-0150,5229.0,7181.0,2123.0,2731.0,1344.0,25.702811244979916
1328056928,1535323178,EVT-0150,1838.0,2004.0,1463.0,1723.0,-94.0,-5.114254624591948
1358245029,1065674784,EVT-0150,1119.0,1172.0,599.0,696.0,-44.0,-3.932082216264522
1659738110,1124315999,EVT-0150,718.0,757.0,674.0,638.0,75.0,10.445682451253482
1025231352,1150502551,EVT-0151,2085.0,2480.0,2265.0,2246.0,414.0,19.85611510791367
1199976907,1121962926,EVT-0151,1618.0,2088.0,2387.0,2816.0,41.0,2.533992583436341
1520551320,1222151080,EVT-0151,1112.0,1240.0,791.0,893.0,26.0,2.338129496402878
1524065749,1282327174,EVT-0151,3077.0,3033.0,3143.0,3341.0,-242.0,-7.864803379915503
1590337907,1109634414,EVT-0151,4006.0,4825.0,3271.0,3552.0,538.0,13.42985521717424
1595774286,1187084813,EVT-0151,3680.0,5014.0,1921.0,1966.0,1289.0,35.02717391304348
1598661571,1674708775,EVT-0151,2954.0,3345.0,2687.0,3466.0,-388.0,-13.134732566012186
1688735228,1739712036,EVT-0151,929.0,1030.0,813.0,789.0,125.0,13.455328310010763
1768831921,1418704015,EVT-0151,1383.0,1714.0,1390.0,1399.0,322.0,23.282718727404195
1847082322,1255569448,EVT-0151,1749.0,1857.0,713.0,727.0,94.0,5.374499714122356
1892307210,1260690478,EVT-0151,1438.0,1726.0,714.0,660.0,342.0,23.783031988873436
1015191335,1464805419,EVT-0152,533.0,512.0,597.0,565.0,11.0,2.0637898686679175
1025231352,1222151080,EVT-0152,1409.0,1882.0,2096.0,2464.0,105.0,7.45209368346345
1044303869,1645013610,EVT-0152,576.0,640.0,433.0,344.0,153.0,26.5625
1058647219,1697855363,EVT-0152,1621.0,2094.0,1475.0,1584.0,364.0,22.455274521900062
1144669185,1058325303,EVT-0152,5182.0,7544.0,968.0,1170.0,2160.0,41.682747973755305
1204787067,1874547676,EVT-0152,419.0,521.0,430.0,464.0,68.0,16.2291169451074
1213511599,1251202242,EVT-0152,6580.0,8931.0,566.0,594.0,2323.0,35.30395136778115
1225504491,1835878442,EVT-0152,420.0,512.0,439.0,449.0,82.0,19.523809523809526
1237205202,1657655308,EVT-0152,521.0,492.0,395.0,392.0,-26.0,-4.990403071017274
1243754490,1045376799,EVT-0152,2379.0,2800.0,1247.0,1577.0,91.0,3.825136612021858
1263807582,1714021262,EVT-0152,3453.0,4681.0,1084.0,1222.0,1090.0,31.56675354763973
1280087226,1209566128,EVT-0152,2842.0,3727.0,1713.0,2305.0,293.0,10.309641097818439
1299418347,1860037419,EVT-0152,711.0,913.0,434.0,540.0,96.0,13.502109704641349
1385532449,1364720148,EVT-0152,1285.0,1768.0,1474.0,2012.0,-55.0,-4.280155642023346
1418997171,1099946885,EVT-0152,1938.0,2526.0,1108.0,1179.0,517.0,26.676986584107325
1425340662,1783823739,EVT-0152,2844.0,3042.0,2742.0,3628.0,-688.0,-24.19127988748242
1443551811,1616115113,EVT-0152,563.0,690.0,292.0,256.0,163.0,28.95204262877442
1467704312,1788421810,EVT-0152,2197.0,2753.0,1084.0,1122.0,518.0,23.577605826126536
1486877065,1879821175,EVT-0152,1017.0,1100.0,844.0,875.0,52.0,5.11307767944936
1533003293,1798313247,EVT-0152,2866.0,3225.0,719.0,686.0,392.0,13.677599441730633
1555906795,1967802350,EVT-0152,1547.0,1792.0,705.0,773.0,177.0,11.441499676793795
1567993435,1527981900,EVT-0152,395.0,483.0,663.0,694.0,57.0,14.430379746835442
1592062677,1026926489,EVT-0152,1643.0,2256.0,1642.0,1893.0,362.0,22.03286670724285
1598661571,1121962926,EVT-0152,1366.0,1506.0,1704.0,2017.0,-173.0,-12.664714494875549
1599989245,1507378861,EVT-0152,565.0,651.0,343.0,334.0,95.0,16.8141592920354
1616418756,1769764832,EVT-0152,1533.0,1584.0,1335.0,1468.0,-82.0,-5.348988910632746
1645233598,1025978341,EVT-0152,3441.0,4293.0,3432.0,3664.0,620.0,18.01801801801802
1647196991,1337789832,EVT-0152,493.0,620.0,485.0,555.0,57.0,11.561866125760648
1655321622,1897723296,EVT-0152,699.0,738.0,1009.0,915.0,133.0,19.027181688125893
1666389063,1223528765,EVT-0152,652.0,742.0,579.0,549.0,120.0,18.404907975460123
1689916181,1877046932,EVT-0152,1395.0,1716.0,868.0,1035.0,154.0,11.039426523297491
1706991829,1801662945,EVT-0152,1858.0,2061.0,1046.0,1236.0,13.0,0.6996770721205597
1774691384,1409867656,EVT-0152,386.0,426.0,604.0,557.0,87.0,22.53886010362694
1787619711,1200346587,EVT-0152,3171.0,3880.0,1369.0,1549.0,529.0,16.682434563229265
1832506087,1216575070,EVT-0152,3895.0,5657.0,1115.0,1329.0,1548.0,39.74326059050064
1885189138,1042224778,EVT-0152,1180.0,1246.0,1444.0,1843.0,-333.0,-28.220338983050848
1893020424,1987971524,EVT-0152,708.0,748.0,889.0,879.0,50.0,7.062146892655368
1944079924,1643343233,EVT-0152,3019.0,3418.0,2115.0,2019.0,495.0,16.39615766810202
1018018261,1714021262,EVT-0153,2222.0,2806.0,1084.0,1222.0,446.0,20.072007200720073
1044666919,1907112910,EVT-0153,806.0,840.0,315.0,319.0,30.0,3.722084367245657
1048976678,1364720148,EVT-0153,1827.0,2332.0,1474.0,2012.0,-33.0,-1.8062397372742198
1058647219,1697855363,EVT-0153,1621.0,2094.0,1475.0,1584.0,364.0,22.455274521900062
1123148250,1369949932,EVT-0153,1699.0,1915.0,1539.0,1994.0,-239.0,-14.067098293113597
1136500869,1890077344,EVT-0153,2379.0,2598.0,1612.0,1583.0,248.0,10.424548129466164
1139166684,1474100561,EVT-0153,885.0,1025.0,561.0,541.0,160.0,18.07909604519774
1159841240,1026926489,EVT-0153,4031.0,5334.0,1642.0,1893.0,1052.0,26.097742495658643
1204787067,1874547676,EVT-0153,419.0,521.0,430.0,464.0,68.0,16.2291169451074
1213511599,1251202242,EVT-0153,6580.0,8931.0,566.0,594.0,2323.0,35.30395136778115
1219516501,1935314678,EVT-0153,2522.0,3283.0,1568.0,1536.0,793.0,31.443298969072163
1273912869,1775551348,EVT-0153,948.0,957.0,607.0,699.0,-83.0,-8.755274261603375
1280087226,1209566128,EVT-0153,2842.0,3727.0,1713.0,2305.0,293.0,10.309641097818439
1285347583,1622391112,EVT-0153,422.0,426.0,312.0,288.0,28.0,6.6350710900473935
1456207657,1216575070,EVT-0153,2136.0,2970.0,1115.0,1329.0,620.0,29.026217228464418
1467704312,1045376799,EVT-0153,2197.0,2753.0,1247.0,1577.0,226.0,10.286754665452891
1567993435,1527981900,EVT-0153,395.0,483.0,663.0,694.0,57.0,14.430379746835442
1595301304,1908168895,EVT-0153,646.0,753.0,908.0,1107.0,-92.0,-14.241486068111456
1599989245,1507378861,EVT-0153,565.0,651.0,343.0,334.0,95.0,16.8141592920354
1615059528,1804484495,EVT-0153,1184.0,1458.0,1470.0,1810.0,-66.0,-5.574324324324325
1616418756,1561159348,EVT-0153,1533.0,1584.0,802.0,792.0,61.0,3.979125896934116
1732527431,1181854898,EVT-0153,1606.0,2174.0,2156.0,2411.0,313.0,19.489414694894148
1745601371,1200346587,EVT-0153,372.0,362.0,1369.0,1549.0,-190.0,-51.075268817204304
1749355669,1611952734,EVT-0153,1068.0,1194.0,552.0,559.0,119.0,11.142322097378276
1769764832,1914644640,EVT-0153,1335.0,1468.0,1307.0,1437.0,3.0,0.22471910112359553
1774691384,1409867656,EVT-0153,386.0,426.0,604.0,557.0,87.0,22.53886010362694
1788421810,1333896094,EVT-0153,1084.0,1122.0,678.0,560.0,156.0,14.391143911439114
1896554999,1873780039,EVT-0153,3298.0,3514.0,1637.0,1702.0,151.0,4.578532443905397
1993367014,1967802350,EVT-0153,992.0,1046.0,705.0,773.0,-14.0,-1.411290322580645
1425610817,1295857761,EVT-0154,522.0,550.0,203.0,200.0,31.0,5.938697318007663
1924355757,1412773438,EVT-0153,3081.0,3977.0,3255.0,4346.0,-195.0,-6.329113924050633
1075036339,1681501296,EVT-0154,159.0,213.0,334.0,314.0,74.0,46.540880503144656
1080672524,1773180629,EVT-0154,892.0,1097.0,336.0,442.0,99.0,11.09865470852018
1138281740,1643297637,EVT-0154,1883.0,2211.0,435.0,589.0,174.0,9.24057355284121
1144669185,1209566128,EVT-0154,2186.0,2994.0,2565.0,3876.0,-503.0,-23.01006404391583
1174145494,1746046261,EVT-0154,1269.0,1256.0,1007.0,1176.0,-182.0,-14.342001576044131
1189769080,1714021262,EVT-0154,1659.0,2038.0,1428.0,1852.0,-45.0,-2.7124773960216997
1190842652,1219172859,EVT-0154,1189.0,1390.0,767.0,902.0,66.0,5.550883095037848
1213511599,1251202242,EVT-0154,5870.0,7663.0,1074.0,1136.0,1731.0,29.48892674616695
1266945785,1534502129,EVT-0154,566.0,784.0,424.0,460.0,182.0,32.15547703180212
1271463741,1922185990,EVT-0154,745.0,883.0,299.0,324.0,113.0,15.167785234899329
1321405205,1463019459,EVT-0154,193.0,229.0,494.0,570.0,-40.0,-20.72538860103627
1425340662,1769352273,EVT-0154,1263.0,1528.0,1089.0,1183.0,171.0,13.539192399049881
1435662964,1749652321,EVT-0154,635.0,717.0,468.0,502.0,48.0,7.559055118110236
1533003293,1798313247,EVT-0154,951.0,1236.0,353.0,294.0,344.0,36.17245005257624
1536278926,1547660377,EVT-0154,905.0,1087.0,1234.0,1265.0,151.0,16.685082872928177
1567742360,1676855970,EVT-0154,1942.0,2535.0,1751.0,1917.0,427.0,21.987641606591144
1595774286,1519182780,EVT-0154,1102.0,1373.0,609.0,631.0,249.0,22.595281306715066
1644815767,1479078465,EVT-0154,2102.0,2429.0,451.0,437.0,341.0,16.222645099904852
1672904236,1860037419,EVT-0154,963.0,1096.0,1260.0,1358.0,35.0,3.6344755970924196
1686880901,1939052563,EVT-0154,546.0,584.0,396.0,401.0,33.0,6.043956043956044
1688976343,1838576308,EVT-0154,2153.0,2556.0,1447.0,1505.0,345.0,16.024152345564328
1689916181,1877046932,EVT-0154,2130.0,2921.0,1407.0,1662.0,536.0,25.16431924882629
1703413967,1268421124,EVT-0154,1262.0,1473.0,726.0,874.0,63.0,4.992076069730586
1704331150,1432188427,EVT-0154,1545.0,2064.0,1600.0,2025.0,94.0,6.084142394822006
1738903891,1285330571,EVT-0154,1905.0,2619.0,2274.0,2481.0,507.0,26.614173228346456
1747637738,1451968915,EVT-0154,428.0,475.0,660.0,674.0,33.0,7.710280373831775
1752727945,1851932792,EVT-0154,566.0,596.0,1086.0,1323.0,-207.0,-36.57243816254417
1769234364,1289174306,EVT-0154,926.0,1231.0,709.0,754.0,260.0,28.077753779697623
1803233885,1364720148,EVT-0154,2631.0,3525.0,2802.0,3552.0,144.0,5.473204104903079
1824149854,1026926489,EVT-0154,873.0,979.0,1073.0,1456.0,-277.0,-31.729667812142036
1824172013,1216575070,EVT-0154,7042.0,9788.0,1451.0,2059.0,2138.0,30.360692984947455
1828803407,1124315999,EVT-0154,243.0,263.0,249.0,236.0,33.0,13.580246913580247
1896554999,1873780039,EVT-0154,1990.0,2749.0,2032.0,2059.0,732.0,36.78391959798995
1908168895,1590869917,EVT-0154,1258.0,1369.0,1276.0,1620.0,-233.0,-18.5214626391097
1927430854,1181854898,EVT-0154,1155.0,1729.0,1456.0,1905.0,125.0,10.822510822510822
1937514325,1159833825,EVT-0154,1656.0,1949.0,448.0,481.0,260.0,15.70048309178744
1944079924,1643343233,EVT-0154,805.0,1137.0,781.0,771.0,342.0,42.484472049689444
1967802350,1041494554,EVT-0154,749.0,787.0,756.0,785.0,9.0,1.2016021361815754
1058647219,1697855363,EVT-0155,2598.0,3144.0,1557.0,1755.0,348.0,13.394919168591224
1081051991,1879804551,EVT-0155,605.0,618.0,366.0,315.0,64.0,10.578512396694215
1198262952,1536141264,EVT-0155,5188.0,5971.0,2633.0,3082.0,334.0,6.437933693138011
1229022169,1423946593,EVT-0155,843.0,1103.0,859.0,1044.0,75.0,8.896797153024911
1389574017,1648626962,EVT-0155,1919.0,2347.0,2055.0,2249.0,234.0,12.193850964043772
1433980129,1320611266,EVT-0155,2006.0,2058.0,1278.0,1399.0,-69.0,-3.439680957128614
1533003293,1798313247,EVT-0155,2071.0,2592.0,701.0,582.0,640.0,30.90294543698696
1655727265,1761262934,EVT-0155,3089.0,3725.0,1673.0,1899.0,410.0,13.272903852379411
1688976343,1152018085,EVT-0155,1953.0,2478.0,1593.0,1797.0,321.0,16.43625192012289
1736829924,1422258099,EVT-0155,1046.0,1369.0,623.0,602.0,344.0,32.88718929254302
1854852153,1308498975,EVT-0155,1219.0,1257.0,1391.0,1765.0,-336.0,-27.56357670221493
1058647219,1697855363,EVT-0154,2168.0,2740.0,794.0,895.0,471.0,21.725092250922508
1025231352,1150502551,EVT-0156,3130.0,4281.0,1341.0,1544.0,948.0,30.287539936102238
1041585906,1088938448,EVT-0156,500.0,544.0,628.0,587.0,85.0,17.0
1048976678,1838439200,EVT-0156,1003.0,1491.0,1490.0,1977.0,1.0,0.09970089730807577
1050705288,1769333869,EVT-0156,1293.0,1800.0,920.0,948.0,479.0,37.045630317092034
1075036339,1681501296,EVT-0156,159.0,213.0,334.0,314.0,74.0,46.540880503144656
1200480071,1251202242,EVT-0156,883.0,1179.0,1074.0,1136.0,234.0,26.50056625141563
1227780172,1412773438,EVT-0156,1113.0,1668.0,2347.0,3305.0,-403.0,-36.2084456424079
1237205202,1657655308,EVT-0156,1130.0,1249.0,479.0,462.0,136.0,12.035398230088495
1238983617,1713731663,EVT-0156,1095.0,1846.0,1432.0,1940.0,243.0,22.19178082191781
1257723886,1004543439,EVT-0156,511.0,593.0,793.0,763.0,112.0,21.91780821917808
1264333323,1209566128,EVT-0156,1040.0,1374.0,2565.0,3876.0,-977.0,-93.9423076923077
1280087226,1714021262,EVT-0156,6209.0,8492.0,1428.0,1852.0,1859.0,29.94040908358834
1299418347,1871372714,EVT-0156,981.0,1175.0,706.0,863.0,37.0,3.771661569826707
1375349903,1156754057,EVT-0156,1361.0,1536.0,676.0,766.0,85.0,6.245407788390889
1435662964,1749652321,EVT-0156,635.0,717.0,468.0,502.0,48.0,7.559055118110236
1475115246,1836894604,EVT-0156,1165.0,1446.0,863.0,970.0,174.0,14.935622317596566
1494868502,1751172259,EVT-0156,472.0,571.0,896.0,863.0,132.0,27.966101694915253
1590869917,1625192632,EVT-0156,1276.0,1620.0,467.0,575.0,236.0,18.495297805642632
1610177150,1246448348,EVT-0156,1451.0,1788.0,2036.0,2304.0,69.0,4.755341144038594
1613561947,1240393805,EVT-0156,2192.0,3058.0,987.0,1285.0,568.0,25.91240875912409
1621199177,1181854898,EVT-0156,920.0,1001.0,1456.0,1905.0,-368.0,-40.0
1645233598,1758794279,EVT-0156,3129.0,4156.0,1858.0,2328.0,557.0,17.801214445509746
1657025858,1423753536,EVT-0156,926.0,1109.0,664.0,813.0,34.0,3.6717062634989204
1666389063,1223528765,EVT-0156,957.0,1128.0,548.0,585.0,134.0,14.00208986415883
1706991829,1801662945,EVT-0156,532.0,560.0,612.0,740.0,-100.0,-18.796992481203006
1732000645,1036176265,EVT-0156,1001.0,1215.0,1248.0,1260.0,202.0,20.17982017982018
1732527431,1489598965,EVT-0156,3064.0,3842.0,1856.0,2104.0,530.0,17.297650130548302
1738903891,1285330571,EVT-0156,1905.0,2619.0,2274.0,2481.0,507.0,26.614173228346456
1752727945,1851932792,EVT-0156,566.0,596.0,1086.0,1323.0,-207.0,-36.57243816254417
1803502636,1249657408,EVT-0156,1626.0,1958.0,1142.0,1371.0,103.0,6.334563345633456
1808826295,1804484495,EVT-0156,1723.0,2359.0,476.0,496.0,616.0,35.75159605339524
1815807585,1364720148,EVT-0156,2629.0,3998.0,2802.0,3552.0,619.0,23.545074172689233
1880426881,1400951004,EVT-0156,1126.0,1662.0,915.0,1140.0,311.0,27.61989342806394
1949335115,1364458855,EVT-0156,1046.0,1467.0,804.0,997.0,228.0,21.79732313575526
1136500869,1890077344,EVT-0156,468.0,599.0,613.0,667.0,77.0,16.45299145299145
1031568581,1113953065,EVT-0157,3291.0,3548.0,2653.0,3018.0,-108.0,-3.2816773017319965
1126098163,1501015600,EVT-0157,1034.0,1144.0,656.0,670.0,96.0,9.284332688588009
1139166684,1588179048,EVT-0157,1666.0,1742.0,885.0,838.0,123.0,7.382953181272509
1198262952,1536141264,EVT-0157,5188.0,5971.0,2633.0,3082.0,334.0,6.437933693138011
1238983617,1867204764,EVT-0157,6865.0,9364.0,2602.0,3034.0,2067.0,30.10924981791697
1374281198,1838576308,EVT-0157,693.0,801.0,1141.0,1325.0,-76.0,-10.966810966810966
1555906795,1798313247,EVT-0157,3489.0,4095.0,701.0,582.0,725.0,20.779593006592147
1688976343,1152018085,EVT-0157,1953.0,2478.0,1593.0,1797.0,321.0,16.43625192012289
1704308638,1352578078,EVT-0157,2762.0,3166.0,2258.0,2406.0,256.0,9.268645908761766
1736829924,1422258099,EVT-0157,1046.0,1369.0,623.0,602.0,344.0,32.88718929254302
1742859469,1330067194,EVT-0157,2371.0,3035.0,2554.0,3086.0,132.0,5.567271193589203
1964572899,1416644254,EVT-0157,768.0,859.0,645.0,599.0,137.0,17.838541666666664
1002145427,1877046932,EVT-0158,3909.0,4820.0,3215.0,3800.0,326.0,8.339728830903043
1018018261,1714021262,EVT-0158,3587.0,4352.0,3268.0,4234.0,-201.0,-5.603568441594647
1133130363,1767508967,EVT-0158,2640.0,3475.0,2412.0,2823.0,424.0,16.060606060606062
1200480071,1251202242,EVT-0158,2127.0,2888.0,1846.0,1609.0,998.0,46.920545369064406
1227780172,1566276774,EVT-0158,9170.0,12276.0,5411.0,7279.0,1238.0,13.500545256270446
1268222167,1169614082,EVT-0158,1920.0,2201.0,1075.0,1066.0,290.0,15.104166666666666
1271768685,1181360912,EVT-0158,3127.0,3910.0,1365.0,1538.0,610.0,19.50751519027822
1321405205,1939052563,EVT-0158,1250.0,1273.0,714.0,751.0,-14.0,-1.1199999999999999
1355374483,1873780039,EVT-0158,2333.0,2566.0,2213.0,2403.0,43.0,1.8431204457779682
1397955463,1181854898,EVT-0158,3911.0,5396.0,2598.0,3406.0,677.0,17.310150856558426
1413519731,1134632102,EVT-0158,3077.0,4480.0,3252.0,3342.0,1313.0,42.671433214169646
1423152481,1997693654,EVT-0158,3594.0,4758.0,1650.0,1713.0,1101.0,30.63439065108514
1425340662,1289174306,EVT-0158,2644.0,3250.0,1048.0,1131.0,523.0,19.780635400907716
1455779946,1769352273,EVT-0158,2315.0,2790.0,1893.0,2141.0,227.0,9.805615550755938
1456207657,1511022174,EVT-0158,3768.0,4904.0,1950.0,1947.0,1139.0,30.22823779193206
1456299035,1804484495,EVT-0158,1641.0,1950.0,1007.0,1146.0,170.0,10.359536867763559
1481247389,1489598965,EVT-0158,2154.0,2366.0,3195.0,3366.0,41.0,1.9034354688950788
1523498065,1572180861,EVT-0158,1840.0,2022.0,876.0,949.0,109.0,5.923913043478261
1536278926,1676855970,EVT-0158,4450.0,5338.0,1494.0,1535.0,847.0,19.03370786516854
1567742360,1547660377,EVT-0158,1086.0,1246.0,887.0,1025.0,22.0,2.0257826887661143
1595301304,1352216182,EVT-0158,2710.0,3322.0,2586.0,3264.0,-66.0,-2.4354243542435423
1635581279,1363342464,EVT-0158,4763.0,6765.0,4161.0,5202.0,961.0,20.176359437329413
1639269087,1762971749,EVT-0158,1445.0,1764.0,1337.0,1524.0,132.0,9.134948096885813
1644815767,1851932792,EVT-0158,2763.0,2887.0,1175.0,1003.0,296.0,10.712993123416577
1689916181,1209566128,EVT-0158,4209.0,5148.0,4611.0,5202.0,348.0,8.2679971489665
1725623817,1412773438,EVT-0158,4421.0,6255.0,5378.0,7179.0,33.0,0.7464374575887808
1808826295,1364720148,EVT-0158,3684.0,4596.0,2305.0,2992.0,225.0,6.107491856677524
1824172013,1216575070,EVT-0158,2773.0,3463.0,3298.0,3629.0,359.0,12.946267580238011
1896554999,1159833825,EVT-0158,3626.0,4308.0,2509.0,2884.0,307.0,8.466629895201324
1903798589,1812123887,EVT-0158,2561.0,3237.0,2776.0,3571.0,-119.0,-4.646622413119875
1924355757,1219172859,EVT-0158,2919.0,3947.0,1309.0,1599.0,738.0,25.28263103802672
1927430854,1838439200,EVT-0158,4795.0,6122.0,4682.0,5056.0,953.0,19.87486965589155
1005067453,1332504376,EVT-0159,1093.0,1081.0,569.0,493.0,64.0,5.85544373284538
1065091666,1702446943,EVT-0159,1234.0,1178.0,1438.0,1355.0,27.0,2.188006482982172
1107038659,1805422742,EVT-0159,3790.0,4543.0,2389.0,2571.0,571.0,15.065963060686016
1136500869,1364458855,EVT-0159,1791.0,1972.0,1900.0,2083.0,-2.0,-0.11166945840312675
1137408567,1025978341,EVT-0159,4297.0,5140.0,3169.0,3815.0,197.0,4.58459390272283
1324237324,1257768279,EVT-0159,1615.0,1671.0,1303.0,1258.0,101.0,6.253869969040247
1375349903,1756884833,EVT-0159,835.0,852.0,827.0,859.0,-15.0,-1.7964071856287425
1455101661,1890077344,EVT-0159,2536.0,3038.0,1828.0,1691.0,639.0,25.197160883280755
1541422121,1508064668,EVT-0159,1376.0,1552.0,819.0,765.0,230.0,16.71511627906977
1645233598,1758794279,EVT-0159,3512.0,4705.0,3125.0,3660.0,658.0,18.735763097949885
1703413967,1568842342,EVT-0159,1345.0,1277.0,755.0,545.0,142.0,10.557620817843866
1704331150,1432188427,EVT-0159,2447.0,2704.0,2221.0,2575.0,-97.0,-3.9640375970576214
1706645516,1178533166,EVT-0159,1035.0,1000.0,658.0,756.0,-133.0,-12.85024154589372
1738903891,1285330571,EVT-0159,3753.0,4760.0,2140.0,2240.0,907.0,24.167332800426326
1768225918,1551107307,EVT-0159,1931.0,2101.0,2358.0,2581.0,-53.0,-2.7446918694976694
1827318308,1473057747,EVT-0159,1428.0,1381.0,1968.0,2209.0,-288.0,-20.168067226890756
1836314447,1231453428,EVT-0159,2539.0,2746.0,1905.0,1845.0,267.0,10.515951161874753
1939785840,1617703974,EVT-0159,1729.0,2126.0,1033.0,1034.0,396.0,22.903412377096586
1993463169,1898803444,EVT-0159,1715.0,1782.0,1273.0,1376.0,-36.0,-2.099125364431487
1995404856,1333043895,EVT-0159,1442.0,1378.0,1141.0,1154.0,-77.0,-5.339805825242718
1964945871,1333043895,EVT-0160,2425.0,2833.0,1141.0,1154.0,395.0,16.288659793814432
1011940271,1297391371,EVT-0160,1283.0,1350.0,744.0,669.0,142.0,11.067809820732657
1025978341,1730655531,EVT-0160,3169.0,3815.0,2519.0,3163.0,2.0,0.06311139160618492
1076376403,1453128708,EVT-0160,3728.0,4325.0,2376.0,2427.0,546.0,14.645922746781114
1137408567,1249657408,EVT-0160,4297.0,5140.0,2023.0,2206.0,660.0,15.35955317663486
1178533166,1456937691,EVT-0160,658.0,756.0,706.0,575.0,229.0,34.80243161094225
1449048093,1657655308,EVT-0160,457.0,421.0,920.0,926.0,-42.0,-9.190371991247265
1541422121,1508064668,EVT-0160,1376.0,1552.0,819.0,765.0,230.0,16.71511627906977
1645233598,1805422742,EVT-0160,3512.0,4705.0,2389.0,2571.0,1011.0,28.787015945330296
1666389063,1223528765,EVT-0160,709.0,709.0,748.0,706.0,42.0,5.923836389280677
1677860136,1708639657,EVT-0160,1888.0,1702.0,937.0,961.0,-210.0,-11.122881355932202
1702497342,1100495849,EVT-0160,2206.0,2505.0,3164.0,3790.0,-327.0,-14.823209428830461
1758794279,1400951004,EVT-0160,3125.0,3660.0,2740.0,2714.0,561.0,17.952
1101185407,1191545544,EVT-0161,4552.0,5964.0,2771.0,2964.0,1219.0,26.77943760984183
1144669185,1714021262,EVT-0161,6023.0,7663.0,3415.0,4107.0,948.0,15.73966461896065
1166368237,1783823739,EVT-0161,1627.0,2156.0,5493.0,7472.0,-1450.0,-89.12108174554395
1169614082,1135650855,EVT-0161,1113.0,1045.0,1376.0,1348.0,-40.0,-3.5938903863432166
1180932224,1489598965,EVT-0161,4685.0,5881.0,3278.0,3367.0,1107.0,23.628601921024547
1190842652,1219172859,EVT-0161,1403.0,1463.0,1296.0,1582.0,-226.0,-16.10833927298646
1200480071,1251202242,EVT-0161,2222.0,2865.0,1771.0,1645.0,769.0,34.60846084608461
1213511599,1261377760,EVT-0161,7039.0,9752.0,1633.0,1765.0,2581.0,36.66714021878107
1251567115,1540759788,EVT-0161,1500.0,1749.0,1173.0,1264.0,158.0,10.533333333333333
1264333323,1209566128,EVT-0161,4993.0,6533.0,4515.0,5225.0,830.0,16.62327258161426
1266945785,1676855970,EVT-0161,5113.0,5896.0,1516.0,1624.0,675.0,13.20164287111285
1300654963,1058325303,EVT-0161,1572.0,1898.0,1726.0,1845.0,207.0,13.16793893129771
1315385710,1767508967,EVT-0161,8555.0,11258.0,2477.0,2884.0,2296.0,26.838106370543542
1334266016,1812123887,EVT-0161,2386.0,3144.0,2758.0,3619.0,-103.0,-4.316848281642917
1377426493,1873780039,EVT-0161,1667.0,1992.0,2307.0,2440.0,192.0,11.517696460707858
1397955463,1838439200,EVT-0161,4256.0,5470.0,4713.0,5106.0,821.0,19.290413533834585
1423152481,1181854898,EVT-0161,3526.0,4790.0,2603.0,3319.0,548.0,15.541690300623937
1456299035,1804484495,EVT-0161,1679.0,2060.0,1063.0,1188.0,256.0,15.247170935080407
1535820066,1159833825,EVT-0161,4307.0,5138.0,2647.0,2879.0,599.0,13.907592291618295
1567742360,1547660377,EVT-0161,1051.0,1237.0,844.0,1059.0,-29.0,-2.759276879162702
1590869917,1650044724,EVT-0161,1701.0,1973.0,557.0,576.0,253.0,14.873603762492651
1592123891,1877046932,EVT-0161,5455.0,7030.0,3388.0,3862.0,1101.0,20.183318056828597
1595301304,1352216182,EVT-0161,2787.0,3189.0,2718.0,3364.0,-244.0,-8.754933620380337
1689059347,1625192632,EVT-0161,1430.0,1426.0,690.0,734.0,-48.0,-3.3566433566433567
1689916181,1762971749,EVT-0161,4250.0,5270.0,1314.0,1482.0,852.0,20.04705882352941
1721479586,1643297637,EVT-0161,2749.0,3175.0,1492.0,1579.0,339.0,12.33175700254638
1725623817,1566276774,EVT-0161,4660.0,6123.0,5888.0,7573.0,-222.0,-4.763948497854077
1769234364,1289174306,EVT-0161,1360.0,1351.0,1020.0,1122.0,-111.0,-8.161764705882353
1806479196,1134632102,EVT-0161,3913.0,4343.0,3339.0,3601.0,168.0,4.293381037567084
1812815243,1216575070,EVT-0161,5499.0,6952.0,3415.0,3654.0,1214.0,22.076741225677395
1903798589,1412773438,EVT-0161,2761.0,3181.0,5525.0,7356.0,-1411.0,-51.10467222021007
1908168895,1769352273,EVT-0161,1309.0,1390.0,1933.0,2128.0,-114.0,-8.708938120702827
1922670785,1363342464,EVT-0161,2769.0,3317.0,4216.0,5415.0,-651.0,-23.510292524377032
1927430854,1393729789,EVT-0161,4805.0,6517.0,6328.0,7340.0,700.0,14.568158168574403
1644815767,1851932792,EVT-0161,2802.0,2888.0,1230.0,1010.0,306.0,10.920770877944326
1058647219,1697855363,EVT-0162,2592.0,3071.0,1617.0,1744.0,352.0,13.580246913580247
1075036339,1722581836,EVT-0162,1173.0,1209.0,932.0,924.0,44.0,3.751065643648764
1204959187,1502571429,EVT-0162,1131.0,1087.0,1254.0,1465.0,-255.0,-22.546419098143236
1330067194,1738916414,EVT-0162,2604.0,3124.0,1222.0,1385.0,357.0,13.709677419354838
1352578078,1113953065,EVT-0162,2205.0,2419.0,2873.0,3044.0,43.0,1.9501133786848073
1547244776,1761262934,EVT-0162,1136.0,1230.0,1664.0,1926.0,-168.0,-14.788732394366196
1050705288,1100495849,EVT-0163,4282.0,5080.0,2285.0,2680.0,403.0,9.41148995796357
1095874958,1974446365,EVT-0163,1638.0,2239.0,516.0,523.0,594.0,36.26373626373626
1126098163,1501015600,EVT-0163,884.0,1010.0,313.0,318.0,121.0,13.687782805429865
1145899849,1159833825,EVT-0163,1628.0,1720.0,987.0,1042.0,37.0,2.272727272727273
1159841240,1204261733,EVT-0163,3989.0,5606.0,1013.0,985.0,1645.0,41.23840561544247
1168657405,1502571429,EVT-0163,432.0,440.0,946.0,845.0,109.0,25.23148148148148
1196385359,1081031506,EVT-0163,447.0,566.0,854.0,895.0,78.0,17.449664429530202
1198262952,1536141264,EVT-0163,1575.0,1695.0,1585.0,1819.0,-114.0,-7.238095238095238
1200096471,1240393805,EVT-0163,860.0,835.0,515.0,577.0,-87.0,-10.116279069767442
1216532808,1903521262,EVT-0163,411.0,400.0,215.0,179.0,25.0,6.082725060827251
1216575070,1842420535,EVT-0163,1117.0,1334.0,1436.0,1451.0,202.0,18.084153983885408
1250017203,1546273719,EVT-0163,1597.0,1786.0,679.0,787.0,81.0,5.072010018785223
1315385710,1209566128,EVT-0163,4183.0,5295.0,1752.0,2364.0,500.0,11.953143676786995
1352578078,1113953065,EVT-0163,1069.0,1049.0,772.0,812.0,-60.0,-5.612722170252573
1449331358,1798488478,EVT-0163,451.0,441.0,198.0,185.0,3.0,0.6651884700665188
1555114069,1245433184,EVT-0163,400.0,451.0,279.0,239.0,91.0,22.75
1592062677,1026926489,EVT-0163,1740.0,2257.0,1667.0,2103.0,81.0,4.655172413793104
1647196991,1337789832,EVT-0163,465.0,624.0,490.0,569.0,80.0,17.20430107526882
1657025858,1297391371,EVT-0163,652.0,713.0,656.0,587.0,130.0,19.938650306748464
1666389063,1223528765,EVT-0163,659.0,761.0,546.0,527.0,121.0,18.361153262518968
1688976343,1713731663,EVT-0163,2723.0,3433.0,2911.0,3739.0,-118.0,-4.333455747337496
1703413967,1268421124,EVT-0163,1791.0,1749.0,713.0,657.0,14.0,0.7816862088218872
1704308638,1526834563,EVT-0163,1097.0,1141.0,1595.0,1856.0,-217.0,-19.78122151321787
1732527431,1181854898,EVT-0163,1655.0,2216.0,2127.0,2441.0,247.0,14.924471299093655
1742859469,1738916414,EVT-0163,1556.0,1747.0,1739.0,1666.0,264.0,16.966580976863753
1793685516,1714292012,EVT-0163,1637.0,1422.0,1825.0,1920.0,-310.0,-18.93708002443494
1832506087,1191545544,EVT-0163,3982.0,5693.0,2652.0,2973.0,1390.0,34.907081868407836
1910188758,1630629040,EVT-0163,583.0,527.0,941.0,1089.0,-204.0,-34.99142367066895
1927430854,1838439200,EVT-0163,2769.0,3574.0,2023.0,2298.0,530.0,19.140483929216323
1934829601,1971097054,EVT-0163,1836.0,2083.0,658.0,652.0,253.0,13.77995642701525
1944079924,1643343233,EVT-0163,3106.0,3511.0,2227.0,1966.0,666.0,21.442369607211848
1955620046,1364720148,EVT-0163,2316.0,3138.0,1566.0,2157.0,231.0,9.974093264248705
1991291398,1795350721,EVT-0163,3794.0,4571.0,2505.0,3126.0,156.0,4.111755403268318
1025978341,1730655531,EVT-0164,3169.0,3815.0,2519.0,3163.0,2.0,0.06311139160618492
1028436479,1598998692,EVT-0164,1391.0,1779.0,737.0,704.0,421.0,30.265995686556437
1137408567,1453128708,EVT-0164,4297.0,5140.0,2376.0,2427.0,792.0,18.431463811961834
1257723886,1172835138,EVT-0164,4535.0,5005.0,2925.0,3606.0,-211.0,-4.652701212789415
1394609428,1012264374,EVT-0164,5341.0,6137.0,4012.0,5329.0,-521.0,-9.754727579105037
1423753536,1299832539,EVT-0164,2128.0,2369.0,1413.0,1357.0,297.0,13.956766917293233
1630629040,1364592786,EVT-0164,1020.0,1104.0,497.0,410.0,171.0,16.76470588235294
1645233598,1805422742,EVT-0164,3512.0,4705.0,2389.0,2571.0,1011.0,28.787015945330296
1657025858,1400951004,EVT-0164,2780.0,3113.0,2740.0,2714.0,359.0,12.913669064748202
1702497342,1100495849,EVT-0164,2206.0,2505.0,3164.0,3790.0,-327.0,-14.823209428830461
1740626134,1305686507,EVT-0164,1271.0,1360.0,2336.0,2374.0,51.0,4.012588512981904
1836314447,1231453428,EVT-0164,2539.0,2746.0,1905.0,1845.0,267.0,10.515951161874753
1880426881,1249657408,EVT-0164,2909.0,3493.0,2023.0,2206.0,401.0,13.784805775180475
1910188758,1518121706,EVT-0164,853.0,856.0,1429.0,1433.0,-1.0,-0.11723329425556857
1964945871,1333043895,EVT-0164,2425.0,2833.0,1141.0,1154.0,395.0,16.288659793814432
1025231352,1222151080,EVT-0165,1466.0,2014.0,2074.0,2504.0,118.0,8.049113233287859
1050705288,1285330571,EVT-0165,4282.0,5080.0,847.0,875.0,770.0,17.98225128444652
1065091666,1702446943,EVT-0165,840.0,818.0,374.0,378.0,-26.0,-3.0952380952380953
1074076039,1836894604,EVT-0165,1219.0,1774.0,1285.0,1360.0,480.0,39.376538146021325
1123148250,1369949932,EVT-0165,1679.0,1954.0,1559.0,1982.0,-148.0,-8.81477069684336
1124726435,1209566128,EVT-0165,4261.0,5590.0,1752.0,2364.0,717.0,16.82703590706407
1126098163,1501015600,EVT-0165,884.0,1010.0,313.0,318.0,121.0,13.687782805429865
1136500869,1100495849,EVT-0165,2314.0,2631.0,2285.0,2680.0,-78.0,-3.3707865168539324
1178533166,1456937691,EVT-0165,604.0,640.0,480.0,348.0,168.0,27.81456953642384
1180932224,1804484495,EVT-0165,1925.0,2561.0,1536.0,1791.0,381.0,19.79220779220779
1194203331,1075683551,EVT-0165,1596.0,1789.0,932.0,1104.0,21.0,1.3157894736842104
1219516501,1803339427,EVT-0165,2499.0,3309.0,1789.0,2118.0,481.0,19.247699079631854
1238983617,1113953065,EVT-0165,1032.0,1314.0,772.0,812.0,242.0,23.449612403100776
1246066447,1075689749,EVT-0165,1429.0,1561.0,2099.0,2390.0,-159.0,-11.12666200139958
1257723886,1004543439,EVT-0165,1634.0,1808.0,783.0,755.0,202.0,12.362301101591187
1355374483,1873780039,EVT-0165,1609.0,1745.0,1646.0,1731.0,51.0,3.1696706028589183
1364458855,1694658844,EVT-0165,1476.0,1605.0,1415.0,1709.0,-165.0,-11.178861788617885
1375349903,1756884833,EVT-0165,860.0,831.0,614.0,526.0,59.0,6.86046511627907
1394609428,1305686507,EVT-0165,3586.0,4932.0,2329.0,2521.0,1154.0,32.18070273284997
1453128708,1736538384,EVT-0165,721.0,779.0,564.0,598.0,24.0,3.3287101248266295
1475115246,1246448348,EVT-0165,1177.0,1359.0,624.0,760.0,46.0,3.908241291418862
1518121706,1890077344,EVT-0165,1369.0,1331.0,1588.0,1609.0,-59.0,-4.309715120525932
1533003293,1798313247,EVT-0165,2890.0,3313.0,731.0,650.0,504.0,17.439446366782008
1557944620,1134632102,EVT-0165,4248.0,5315.0,2182.0,2956.0,293.0,6.897363465160075
1595774286,1519182780,EVT-0165,1467.0,1730.0,1129.0,1069.0,323.0,22.01772324471711
1631526641,1234567687,EVT-0165,1585.0,1548.0,762.0,827.0,-102.0,-6.435331230283911
1645233598,1400951004,EVT-0165,3601.0,4336.0,1757.0,2394.0,98.0,2.721466259372397
1670701188,1955222058,EVT-0165,2135.0,2435.0,883.0,876.0,307.0,14.379391100702577
1688976343,1713731663,EVT-0165,2723.0,3433.0,2911.0,3739.0,-118.0,-4.333455747337496
1713444978,1935314678,EVT-0165,4885.0,6471.0,1554.0,1533.0,1607.0,32.896622313203686
1717519684,1870612441,EVT-0165,905.0,891.0,1284.0,1706.0,-436.0,-48.1767955801105
1732000645,1750236147,EVT-0165,1952.0,2256.0,1462.0,1753.0,13.0,0.665983606557377
1732527431,1181854898,EVT-0165,1655.0,2216.0,2127.0,2441.0,247.0,14.924471299093655
1736829924,1422258099,EVT-0165,706.0,670.0,1066.0,1074.0,-44.0,-6.232294617563739
1738903891,1971977354,EVT-0165,4215.0,5000.0,509.0,414.0,880.0,20.877817319098458
1758794279,1730655531,EVT-0165,1668.0,1990.0,1174.0,1501.0,-5.0,-0.2997601918465228
1779411515,1835878442,EVT-0165,951.0,1171.0,434.0,438.0,216.0,22.71293375394322
1815807585,1773180629,EVT-0165,1547.0,1957.0,1943.0,2228.0,125.0,8.080155138978668
1862986803,1135650855,EVT-0165,1080.0,1225.0,459.0,507.0,97.0,8.981481481481483
1867204764,1526834563,EVT-0165,1595.0,1854.0,1595.0,1856.0,-2.0,-0.12539184952978058
1885189138,1042224778,EVT-0165,1219.0,1246.0,1448.0,1858.0,-383.0,-31.419196062346185
1910188758,1364592786,EVT-0165,583.0,527.0,357.0,287.0,14.0,2.401372212692967
1927430854,1838439200,EVT-0165,2769.0,3574.0,2023.0,2298.0,530.0,19.140483929216323
1955620046,1364720148,EVT-0165,2316.0,3138.0,1566.0,2157.0,231.0,9.974093264248705
1964945871,1333043895,EVT-0165,1700.0,1891.0,1018.0,1085.0,124.0,7.294117647058823
1704331150,1432188427,EVT-0165,1950.0,2046.0,2670.0,3016.0,-250.0,-12.82051282051282
1259584955,1507378861,EVT-0166,600.0,716.0,415.0,424.0,107.0,17.833333333333336
1407931751,1900445093,EVT-0166,703.0,651.0,658.0,620.0,-14.0,-1.991465149359886
1621842156,1242598583,EVT-0166,1558.0,1535.0,1770.0,2081.0,-334.0,-21.437740693196407
1679256069,1535323178,EVT-0166,2353.0,2281.0,1482.0,1715.0,-305.0,-12.96217594560136
1743613295,1149209672,EVT-0166,959.0,913.0,484.0,400.0,38.0,3.962460896767466
1893606271,1828766265,EVT-0166,2189.0,2683.0,478.0,613.0,359.0,16.400182731841024
1018018261,1714021262,EVT-0167,2239.0,2938.0,1128.0,1223.0,604.0,26.976328718177754
1025978341,1805422742,EVT-0167,3459.0,3772.0,1624.0,1756.0,181.0,5.232726221451286
1036327983,1922185990,EVT-0167,629.0,682.0,691.0,708.0,36.0,5.723370429252783
1076376403,1730655531,EVT-0167,1453.0,1548.0,1174.0,1501.0,-232.0,-15.96696490020647
1102089657,1947954388,EVT-0167,738.0,721.0,657.0,548.0,92.0,12.466124661246612
1133130363,1877046932,EVT-0167,1404.0,1742.0,835.0,1062.0,111.0,7.905982905982905
1136500869,1890077344,EVT-0167,2314.0,2631.0,1588.0,1609.0,296.0,12.791702679343128
1169614082,1135650855,EVT-0167,513.0,534.0,459.0,507.0,-27.0,-5.263157894736842
1227780172,1412773438,EVT-0167,1581.0,1949.0,3402.0,4457.0,-687.0,-43.45351043643264
1237205202,1657655308,EVT-0167,509.0,475.0,398.0,379.0,-15.0,-2.9469548133595285
1264333323,1209566128,EVT-0167,2431.0,2770.0,1752.0,2364.0,-273.0,-11.229946524064172
1268222167,1191545544,EVT-0167,2314.0,2688.0,2652.0,2973.0,53.0,2.2904062229904927
1271768685,1381937048,EVT-0167,1820.0,2180.0,383.0,444.0,299.0,16.428571428571427
1282948292,1955070549,EVT-0167,131.0,129.0,107.0,124.0,-19.0,-14.50381679389313
1321405205,1463019459,EVT-0167,794.0,815.0,844.0,823.0,42.0,5.289672544080604
1333393084,1166978878,EVT-0167,617.0,604.0,193.0,165.0,15.0,2.4311183144246353
1335670091,1842420535,EVT-0167,2148.0,2576.0,1436.0,1451.0,413.0,19.227188081936685
1357524945,1390939977,EVT-0167,1509.0,2073.0,1963.0,2375.0,152.0,10.072895957587805
1377426493,1873780039,EVT-0167,2279.0,2440.0,1646.0,1731.0,76.0,3.3347959631417288
1393791409,1337606333,EVT-0167,1148.0,962.0,522.0,513.0,-177.0,-15.418118466898957
1394609428,1012264374,EVT-0167,3586.0,4932.0,2237.0,3115.0,468.0,13.05075292805354
1397955463,1838439200,EVT-0167,2397.0,3339.0,2023.0,2298.0,667.0,27.8264497288277
1435949049,1121962926,EVT-0167,2407.0,3170.0,1714.0,2122.0,355.0,14.748649771499792
1436505063,1511022174,EVT-0167,1938.0,2276.0,1310.0,1431.0,217.0,11.197110423116616
1451968915,1275443434,EVT-0167,527.0,589.0,346.0,359.0,49.0,9.297912713472485
1455779946,1134632102,EVT-0167,3616.0,3870.0,2182.0,2956.0,-520.0,-14.380530973451327
1456207657,1181360912,EVT-0167,2236.0,2966.0,620.0,569.0,781.0,34.92844364937388
1484724632,1762971749,EVT-0167,1228.0,1340.0,988.0,1008.0,92.0,7.491856677524431
1523498065,1082909627,EVT-0167,632.0,817.0,1040.0,1143.0,82.0,12.974683544303797
1551107307,1803339427,EVT-0167,2274.0,2482.0,1789.0,2118.0,-121.0,-5.3210202286719435
1552813903,1058325303,EVT-0167,2804.0,3693.0,1012.0,1213.0,688.0,24.53637660485021
1555906795,1798313247,EVT-0167,1624.0,1861.0,731.0,650.0,318.0,19.58128078817734
1595774286,1519182780,EVT-0167,1467.0,1730.0,1129.0,1069.0,323.0,22.01772324471711
1610820601,1540759788,EVT-0167,1361.0,1437.0,871.0,890.0,57.0,4.1880969875091845
1686880901,1939052563,EVT-0167,325.0,317.0,165.0,183.0,-26.0,-8.0
1688976343,1713731663,EVT-0167,2723.0,3433.0,2911.0,3739.0,-118.0,-4.333455747337496
1689916181,1060922949,EVT-0167,1467.0,1727.0,494.0,550.0,204.0,13.905930470347649
1703413967,1268421124,EVT-0167,1791.0,1749.0,713.0,657.0,14.0,0.7816862088218872
1704331150,1432188427,EVT-0167,1950.0,2046.0,2670.0,3016.0,-250.0,-12.82051282051282
1740626134,1305686507,EVT-0167,1851.0,1957.0,2329.0,2521.0,-86.0,-4.646137223122636
1747637738,1523681389,EVT-0167,1230.0,1195.0,534.0,670.0,-171.0,-13.902439024390246
1788421810,1333896094,EVT-0167,1011.0,1033.0,683.0,552.0,153.0,15.133531157270031
1803502636,1249657408,EVT-0167,2045.0,2269.0,1316.0,1490.0,50.0,2.444987775061125
1812815243,1429255973,EVT-0167,2018.0,2684.0,663.0,834.0,495.0,24.529236868186324
1824172013,1488515010,EVT-0167,2397.0,2817.0,1058.0,1000.0,478.0,19.941593658740093
1832506087,1529045985,EVT-0167,3982.0,5693.0,921.0,918.0,1714.0,43.04369663485686
1836939912,1974446365,EVT-0167,494.0,584.0,516.0,523.0,83.0,16.801619433198383
1848624494,1506356074,EVT-0167,1872.0,2074.0,1374.0,1525.0,51.0,2.7243589743589745
1903798589,1046736322,EVT-0167,1839.0,2043.0,1047.0,1055.0,196.0,10.657966286025014
1927430854,1393729789,EVT-0167,2769.0,3574.0,1857.0,2149.0,513.0,18.526543878656554
1934763735,1971097054,EVT-0167,2102.0,2305.0,658.0,652.0,209.0,9.94291151284491
1937514325,1159833825,EVT-0167,1631.0,2065.0,987.0,1042.0,379.0,23.237277743715513
1042224778,1541379537,EVT-0168,2831.0,3894.0,1077.0,1418.0,722.0,25.503355704697988
1044666919,1334266743,EVT-0168,1576.0,1637.0,411.0,531.0,-59.0,-3.7436548223350257
1065091666,1702446943,EVT-0168,1431.0,1330.0,383.0,339.0,-57.0,-3.9832285115303985
1074076039,1955222058,EVT-0168,1977.0,2594.0,1396.0,1422.0,591.0,29.893778452200305
1078096579,1200346587,EVT-0168,1013.0,1001.0,803.0,926.0,-135.0,-13.326752221125371
1095874958,1974446365,EVT-0168,1154.0,1617.0,271.0,284.0,450.0,38.9948006932409
1123148250,1830884742,EVT-0168,2389.0,2717.0,1383.0,1413.0,298.0,12.473838426119716
1213511599,1251202242,EVT-0168,6277.0,8117.0,1145.0,1108.0,1877.0,29.90281981838458
1241711534,1240393805,EVT-0168,832.0,869.0,1146.0,1294.0,-111.0,-13.341346153846153
1246448348,1443907526,EVT-0168,2040.0,2338.0,1712.0,2128.0,-118.0,-5.784313725490196
1250474354,1546273719,EVT-0168,316.0,316.0,1286.0,1524.0,-238.0,-75.31645569620254
1263807582,1209566128,EVT-0168,2959.0,4425.0,3048.0,3838.0,676.0,22.84555593105779
1332369119,1836894604,EVT-0168,467.0,514.0,914.0,987.0,-26.0,-5.567451820128479
1350739367,1464805419,EVT-0168,974.0,1055.0,812.0,748.0,145.0,14.887063655030802
1385532449,1364720148,EVT-0168,2256.0,2893.0,3084.0,3715.0,6.0,0.26595744680851063
1386514024,1933607412,EVT-0168,783.0,984.0,710.0,707.0,204.0,26.053639846743295
1423152481,1838439200,EVT-0168,3091.0,3955.0,1610.0,2034.0,440.0,14.23487544483986
1443520683,1880265578,EVT-0168,971.0,984.0,777.0,889.0,-99.0,-10.1956745623069
1467704312,1879821175,EVT-0168,1186.0,1273.0,1316.0,1496.0,-93.0,-7.841483979763912
1475115246,1714292012,EVT-0168,1258.0,1529.0,1182.0,1385.0,68.0,5.405405405405405
1524065749,1282327174,EVT-0168,681.0,769.0,788.0,832.0,44.0,6.4610866372980915
1567742360,1873780039,EVT-0168,2080.0,2730.0,2080.0,2199.0,531.0,25.528846153846153
1595774286,1519182780,EVT-0168,1141.0,1494.0,611.0,641.0,323.0,28.308501314636285
1610177150,1451721462,EVT-0168,1423.0,1826.0,1946.0,2315.0,34.0,2.3893183415319745
1631526641,1036176265,EVT-0168,1629.0,1714.0,1314.0,1447.0,-48.0,-2.9465930018416207
1639269087,1767508967,EVT-0168,2857.0,3482.0,1516.0,1754.0,387.0,13.545677283864194
1640263392,1149018644,EVT-0168,915.0,1197.0,753.0,757.0,278.0,30.382513661202186
1648553570,1403453024,EVT-0168,4904.0,6700.0,3755.0,4555.0,996.0,20.30995106035889
1655321622,1897723296,EVT-0168,714.0,740.0,410.0,496.0,-60.0,-8.403361344537815
1701585576,1369949932,EVT-0168,1006.0,1339.0,524.0,706.0,151.0,15.009940357852884
1714986282,1405577143,EVT-0168,1478.0,1437.0,1107.0,1470.0,-404.0,-27.33423545331529
1738903891,1285330571,EVT-0168,2067.0,2830.0,2360.0,2600.0,523.0,25.302370585389454
1766730505,1169238601,EVT-0168,1622.0,1892.0,1151.0,1219.0,202.0,12.453760789149198
1793685516,1743431961,EVT-0168,372.0,318.0,376.0,395.0,-73.0,-19.623655913978492
1815807585,1181854898,EVT-0168,2836.0,4383.0,1637.0,1926.0,1258.0,44.35825105782792
1827318308,1506746308,EVT-0168,985.0,1167.0,676.0,635.0,223.0,22.63959390862944
1862986803,1135650855,EVT-0168,2068.0,2588.0,911.0,923.0,508.0,24.564796905222437
1903798589,1046736322,EVT-0168,2676.0,3381.0,1902.0,2259.0,348.0,13.004484304932735
1937514325,1547660377,EVT-0168,1721.0,2018.0,1140.0,1326.0,111.0,6.449738524113887
1489598965,1181854898,EVT-0167,1476.0,1516.0,2127.0,2441.0,-274.0,-18.56368563685637
1020833996,1765233105,EVT-0169,1358.0,1918.0,930.0,898.0,592.0,43.59351988217968
1044666919,1907112910,EVT-0169,991.0,1019.0,1466.0,1665.0,-171.0,-17.255297679112008
1133616429,1841791217,EVT-0169,1471.0,1792.0,1184.0,1160.0,345.0,23.45343303874915
1159841240,1429777182,EVT-0169,5101.0,6366.0,3866.0,3890.0,1241.0,24.328563026857477
1204261733,1838809964,EVT-0169,1456.0,1497.0,1181.0,1248.0,-26.0,-1.7857142857142856
1204787067,1874547676,EVT-0169,963.0,1030.0,1065.0,1136.0,-4.0,-0.4153686396677051
1244876920,1001999733,EVT-0169,504.0,473.0,316.0,251.0,34.0,6.746031746031746
1398789739,1527981900,EVT-0169,1414.0,1504.0,917.0,1030.0,-23.0,-1.6265912305516266
1486877065,1879821175,EVT-0169,1464.0,1401.0,1575.0,1594.0,-82.0,-5.601092896174864
1592062677,1026926489,EVT-0169,3472.0,4060.0,2502.0,2799.0,291.0,8.381336405529954
1025231352,1150502551,EVT-0170,2196.0,2648.0,2249.0,2496.0,205.0,9.335154826958107
1073902250,1641859123,EVT-0170,2287.0,2469.0,2382.0,2319.0,245.0,10.712724092697858
1246066447,1279507085,EVT-0170,3448.0,4216.0,2536.0,3005.0,299.0,8.67169373549884
1273912869,1775551348,EVT-0170,1948.0,2078.0,2934.0,3068.0,-4.0,-0.20533880903490762
1274985831,1795350721,EVT-0170,2072.0,2484.0,1660.0,1763.0,309.0,14.913127413127414
1357524945,1390939977,EVT-0170,7012.0,8621.0,2116.0,2583.0,1142.0,16.286366229321164
1595774286,1187084813,EVT-0170,3963.0,4868.0,1916.0,2049.0,772.0,19.480191773908658
1598661571,1674708775,EVT-0170,2910.0,3451.0,2820.0,3726.0,-365.0,-12.542955326460481
1616839134,1602648309,EVT-0170,6314.0,8079.0,4402.0,5474.0,693.0,10.975609756097562
1647196991,1643343233,EVT-0170,4782.0,5373.0,2168.0,1989.0,770.0,16.102049351735676
1808310134,1075689749,EVT-0170,2469.0,2575.0,3358.0,3507.0,-43.0,-1.7415957877683272
1847082322,1121962926,EVT-0170,1911.0,1788.0,2557.0,2832.0,-398.0,-20.826792255363685
1892307210,1418704015,EVT-0170,1511.0,1692.0,1505.0,1318.0,368.0,24.354731965585703
1944079924,1075683551,EVT-0170,5471.0,6552.0,1703.0,1652.0,1132.0,20.69091573752513
1993874985,1282327174,EVT-0170,3015.0,3229.0,3270.0,3180.0,304.0,10.082918739635158
1031568581,1113953065,EVT-0171,3373.0,3577.0,2908.0,3053.0,59.0,1.7491847020456568
1389574017,1976707814,EVT-0171,2110.0,2325.0,999.0,951.0,263.0,12.464454976303317
1449331358,1798488478,EVT-0171,810.0,681.0,343.0,271.0,-57.0,-7.037037037037037
1648626962,1308498975,EVT-0171,2191.0,2238.0,1519.0,1685.0,-119.0,-5.431309904153355
1655727265,1761262934,EVT-0171,3188.0,3798.0,1688.0,1880.0,418.0,13.111668757841906
1704308638,1349686455,EVT-0171,2979.0,3431.0,1911.0,2002.0,361.0,12.118160456529036
1742859469,1738916414,EVT-0171,2706.0,2967.0,1258.0,1389.0,130.0,4.804138950480414
1889776344,1320611266,EVT-0171,1762.0,1836.0,1343.0,1362.0,55.0,3.1214528944381383
1002145427,1877046932,EVT-0172,2193.0,3185.0,1458.0,1632.0,818.0,37.300501595987235
1018018261,1714021262,EVT-0172,2179.0,2613.0,1513.0,1858.0,89.0,4.084442404772832
1065870788,1670560261,EVT-0172,1509.0,1903.0,1302.0,1468.0,228.0,15.109343936381709
1101185407,1191545544,EVT-0172,2660.0,3465.0,1974.0,2318.0,461.0,17.330827067669173
1144669185,1209566128,EVT-0172,2534.0,3118.0,3048.0,3838.0,-206.0,-8.12943962115233
1174238463,1181854898,EVT-0172,1715.0,1821.0,1637.0,1926.0,-183.0,-10.670553935860058
1213511599,1251202242,EVT-0172,6277.0,8117.0,1145.0,1108.0,1877.0,29.90281981838458
1227780172,1812123887,EVT-0172,1236.0,1772.0,950.0,1005.0,481.0,38.915857605178
1282948292,1955070549,EVT-0172,205.0,181.0,479.0,422.0,33.0,16.097560975609756
1287287258,1523681389,EVT-0172,3352.0,3781.0,2087.0,2409.0,107.0,3.1921241050119327
1292975558,1195381896,EVT-0172,2595.0,3529.0,1645.0,2240.0,339.0,13.0635838150289
1296552940,1060922949,EVT-0172,731.0,951.0,302.0,357.0,165.0,22.5718194254446
1326516303,1210642439,EVT-0172,2665.0,3283.0,940.0,898.0,660.0,24.765478424015008
1362648127,1018861793,EVT-0172,217.0,233.0,240.0,233.0,23.0,10.599078341013826
1377426493,1873780039,EVT-0172,2014.0,2045.0,2080.0,2199.0,-88.0,-4.369414101290963
1385532449,1364720148,EVT-0172,2256.0,2893.0,3084.0,3715.0,6.0,0.26595744680851063
1418997171,1099946885,EVT-0172,2412.0,3275.0,1444.0,1364.0,943.0,39.09618573797678
1425340662,1046736322,EVT-0172,1327.0,1631.0,1902.0,2259.0,-53.0,-3.9939713639788996
1429255973,1381937048,EVT-0172,1005.0,1218.0,856.0,863.0,206.0,20.497512437810943
1436505063,1506356074,EVT-0172,1127.0,1310.0,1418.0,1568.0,33.0,2.9281277728482697
1494868502,1751172259,EVT-0172,517.0,548.0,938.0,861.0,108.0,20.889748549323016
1509977165,1124890801,EVT-0172,3685.0,4534.0,581.0,665.0,765.0,20.759837177747624
1557944620,1134632102,EVT-0172,1499.0,1886.0,546.0,683.0,250.0,16.67778519012675
1599989245,1507378861,EVT-0172,576.0,580.0,351.0,285.0,70.0,12.152777777777777
1639269087,1767508967,EVT-0172,2857.0,3482.0,1516.0,1754.0,387.0,13.545677283864194
1644815767,1851932792,EVT-0172,2259.0,2532.0,1194.0,1229.0,238.0,10.535635236830455
1707435529,1804484495,EVT-0172,1017.0,1251.0,502.0,462.0,274.0,26.94198623402163
1725623817,1412773438,EVT-0172,2303.0,3485.0,2690.0,3554.0,318.0,13.808076422058186
1732527431,1084919582,EVT-0172,3134.0,3843.0,2986.0,4077.0,-382.0,-12.188895979578813
1768831921,1222151080,EVT-0172,1790.0,2041.0,1197.0,1372.0,76.0,4.245810055865921
1803233885,1838439200,EVT-0172,2930.0,3513.0,1610.0,2034.0,159.0,5.426621160409556
1808826295,1082909627,EVT-0172,1958.0,2276.0,1038.0,1182.0,174.0,8.88661899897855
1812815243,1181360912,EVT-0172,2406.0,3265.0,612.0,669.0,802.0,33.33333333333333
1862986803,1135650855,EVT-0172,2068.0,2588.0,911.0,923.0,508.0,24.564796905222437
1041585906,1857629178,EVT-0173,532.0,513.0,468.0,528.0,-79.0,-14.849624060150376
1085110611,1821714619,EVT-0173,588.0,551.0,134.0,118.0,-21.0,-3.571428571428571
1124726435,1714021262,EVT-0173,5734.0,6972.0,1513.0,1858.0,893.0,15.573770491803279
1145899849,1159833825,EVT-0173,869.0,972.0,458.0,477.0,84.0,9.666283084004602
1228081653,1937449878,EVT-0173,148.0,144.0,241.0,208.0,29.0,19.594594594594593
1229022169,1423946593,EVT-0173,1764.0,1627.0,1290.0,1339.0,-186.0,-10.54421768707483
1243754490,1045376799,EVT-0173,1428.0,1746.0,996.0,1339.0,-25.0,-1.7507002801120448
1244876920,1001999733,EVT-0173,169.0,127.0,225.0,228.0,-45.0,-26.627218934911244
1282948292,1955070549,EVT-0173,205.0,181.0,479.0,422.0,33.0,16.097560975609756
1293643247,1742318383,EVT-0173,996.0,1162.0,916.0,979.0,103.0,10.341365461847388
1324237324,1257768279,EVT-0173,2601.0,2966.0,1412.0,1895.0,-118.0,-4.536716647443291
1327009084,1618352078,EVT-0173,888.0,1087.0,1030.0,1048.0,181.0,20.382882882882882
1341556789,1405577143,EVT-0173,2955.0,4010.0,1107.0,1470.0,692.0,23.41793570219966
1413495239,1026926489,EVT-0173,2136.0,2562.0,1151.0,1482.0,95.0,4.4475655430711605
1425340662,1046736322,EVT-0173,1327.0,1631.0,1902.0,2259.0,-53.0,-3.9939713639788996
1473057747,1808677938,EVT-0173,1113.0,1160.0,591.0,519.0,119.0,10.69182389937107
1551962891,1057623450,EVT-0173,462.0,524.0,643.0,496.0,209.0,45.23809523809524
1567742360,1873780039,EVT-0173,2080.0,2730.0,2080.0,2199.0,531.0,25.528846153846153
1592123891,1877046932,EVT-0173,1190.0,1601.0,1458.0,1632.0,237.0,19.915966386554622
1614978876,1477499267,EVT-0173,349.0,373.0,420.0,441.0,3.0,0.8595988538681949
1639269087,1209566128,EVT-0173,2857.0,3482.0,3048.0,3838.0,-165.0,-5.775288764438222
1644815767,1851932792,EVT-0173,2259.0,2532.0,1194.0,1229.0,238.0,10.535635236830455
1681501296,1722581836,EVT-0173,315.0,312.0,631.0,605.0,23.0,7.301587301587302
1742859469,1738916414,EVT-0173,1806.0,2118.0,600.0,656.0,256.0,14.174972314507198
1827318308,1506746308,EVT-0173,985.0,1167.0,676.0,635.0,223.0,22.63959390862944
1889776344,1320611266,EVT-0173,619.0,596.0,421.0,492.0,-94.0,-15.18578352180937
1026722938,1361521440,EVT-0174,6570.0,7843.0,2114.0,2232.0,1155.0,17.579908675799086
1050705288,1100495849,EVT-0174,5828.0,7023.0,3281.0,3825.0,651.0,11.170212765957446
1136500869,1890077344,EVT-0174,1841.0,1951.0,1939.0,1662.0,387.0,21.02118413905486
1137408567,1730655531,EVT-0174,4393.0,5146.0,2613.0,3047.0,319.0,7.26155246983838
1219516501,1803339427,EVT-0174,4177.0,4931.0,2094.0,2327.0,521.0,12.47306679435001
1267903205,1095200048,EVT-0174,749.0,778.0,522.0,478.0,73.0,9.746328437917223
1645233598,1400951004,EVT-0174,3873.0,4846.0,2645.0,2823.0,795.0,20.52672347017816
1706991829,1801662945,EVT-0174,1732.0,1892.0,1910.0,1996.0,74.0,4.272517321016166
1738903891,1285330571,EVT-0174,3936.0,4767.0,2189.0,2261.0,759.0,19.283536585365855
1746046261,1708639657,EVT-0174,1573.0,1631.0,925.0,963.0,20.0,1.2714558169103625
1803502636,1249657408,EVT-0174,1836.0,2048.0,2135.0,2204.0,143.0,7.788671023965142
1836314447,1231453428,EVT-0174,2531.0,2659.0,1968.0,1794.0,302.0,11.932042670881076
1964945871,1333043895,EVT-0174,2434.0,2964.0,1153.0,1069.0,614.0,25.22596548890715
1002145427,1877046932,EVT-0175,1657.0,1906.0,858.0,1074.0,33.0,1.9915509957754978
1018018261,1124890801,EVT-0175,2323.0,3119.0,1755.0,2039.0,512.0,22.040464916056823
1025978341,1400951004,EVT-0175,3428.0,3857.0,1896.0,2301.0,24.0,0.7001166861143524
1048976678,1804484495,EVT-0175,2040.0,2460.0,1581.0,1762.0,239.0,11.715686274509803
1084471394,1261377760,EVT-0175,714.0,735.0,1046.0,1153.0,-86.0,-12.044817927170868
1098995024,1714021262,EVT-0175,2082.0,2614.0,1199.0,1262.0,469.0,22.526416906820366
1101185407,1511022174,EVT-0175,978.0,1394.0,1337.0,1402.0,351.0,35.88957055214724
1133130363,1209566128,EVT-0175,1511.0,1795.0,1825.0,2302.0,-193.0,-12.772998014559894
1134089733,1947954388,EVT-0175,294.0,333.0,634.0,515.0,158.0,53.74149659863946
1138281740,1463019459,EVT-0175,2219.0,2757.0,862.0,823.0,577.0,26.002703920684993
1159841240,1026926489,EVT-0175,4305.0,5419.0,1641.0,2172.0,583.0,13.54239256678281
1180932224,1082909627,EVT-0175,1927.0,2507.0,1042.0,1090.0,532.0,27.60768033212247
1189769080,1762971749,EVT-0175,2293.0,2582.0,985.0,955.0,319.0,13.911905800261664
1227780172,1670560261,EVT-0175,1657.0,2046.0,1431.0,1646.0,174.0,10.500905250452625
1238983617,1113953065,EVT-0175,1026.0,1374.0,769.0,865.0,252.0,24.561403508771928
1241711534,1240393805,EVT-0175,785.0,659.0,533.0,562.0,-155.0,-19.745222929936308
1259584955,1507378861,EVT-0175,730.0,735.0,344.0,316.0,33.0,4.52054794520548
1300654963,1849988823,EVT-0175,3304.0,3547.0,152.0,143.0,252.0,7.627118644067797
1316743925,1742974847,EVT-0175,3549.0,4153.0,254.0,260.0,598.0,16.84981684981685
1327009084,1618352078,EVT-0175,725.0,651.0,1167.0,1260.0,-167.0,-23.03448275862069
1377426493,1873780039,EVT-0175,2330.0,2514.0,1654.0,1661.0,177.0,7.59656652360515
1393791409,1337606333,EVT-0175,1160.0,971.0,533.0,486.0,-142.0,-12.241379310344827
1418997171,1099946885,EVT-0175,1944.0,2416.0,1157.0,1122.0,507.0,26.080246913580247
1425340662,1783823739,EVT-0175,3055.0,3194.0,2912.0,3767.0,-716.0,-23.436988543371523
1443520683,1880265578,EVT-0175,1062.0,1221.0,653.0,719.0,93.0,8.757062146892656
1456207657,1842420535,EVT-0175,2402.0,3061.0,1457.0,1530.0,586.0,24.396336386344714
1456299035,1997693654,EVT-0175,1314.0,1578.0,1122.0,1160.0,226.0,17.19939117199391
1460081361,1133042691,EVT-0175,1295.0,1413.0,1122.0,1176.0,64.0,4.942084942084942
1523681389,1275443434,EVT-0175,571.0,688.0,315.0,360.0,72.0,12.609457092819614
1533003293,1798313247,EVT-0175,2927.0,3338.0,733.0,600.0,544.0,18.58558250768705
1535820066,1547660377,EVT-0175,1796.0,1972.0,589.0,695.0,70.0,3.8975501113585747
1540759788,1529045985,EVT-0175,928.0,912.0,932.0,938.0,-22.0,-2.3706896551724137
1546151204,1058325303,EVT-0175,902.0,1101.0,1021.0,1212.0,8.0,0.8869179600886918
1552813903,1251202242,EVT-0175,2925.0,3677.0,549.0,585.0,716.0,24.478632478632477
1590869917,1625192632,EVT-0175,584.0,641.0,848.0,752.0,153.0,26.1986301369863
1595301304,1352216182,EVT-0175,712.0,769.0,1041.0,1381.0,-283.0,-39.747191011235955
1595774286,1519182780,EVT-0175,1542.0,1780.0,1098.0,988.0,348.0,22.56809338521401
1610177150,1836894604,EVT-0175,2724.0,3267.0,1351.0,1375.0,519.0,19.05286343612335
1613561947,1892083019,EVT-0175,1817.0,2274.0,759.0,942.0,274.0,15.079801871216292
1621842156,1535323178,EVT-0175,616.0,571.0,1140.0,1327.0,-232.0,-37.66233766233766
1644815767,1851932792,EVT-0175,1872.0,2235.0,949.0,926.0,386.0,20.61965811965812
1655727265,1761262934,EVT-0175,1457.0,1544.0,1031.0,899.0,219.0,15.030885380919697
1710163217,1860037419,EVT-0175,1522.0,1973.0,459.0,520.0,390.0,25.624178712220765
1732527431,1084919582,EVT-0175,1649.0,2232.0,1116.0,1275.0,424.0,25.712553062462096
1747032997,1060922949,EVT-0175,2728.0,3245.0,510.0,511.0,516.0,18.914956011730204
1767508967,1473494189,EVT-0175,606.0,698.0,568.0,631.0,29.0,4.785478547854786
1785764022,1511742359,EVT-0175,1295.0,1277.0,993.0,997.0,-22.0,-1.698841698841699
1808826295,1393729789,EVT-0175,2937.0,4039.0,1933.0,2296.0,739.0,25.16172965611168
1811081532,1242598583,EVT-0175,1504.0,1410.0,1296.0,1428.0,-226.0,-15.02659574468085
1815807585,1773180629,EVT-0175,1611.0,1974.0,2003.0,2341.0,25.0,1.5518311607697082
1838439200,1181854898,EVT-0175,2054.0,2349.0,2119.0,2451.0,-37.0,-1.8013631937682568
1848624494,1506356074,EVT-0175,1894.0,2118.0,1370.0,1491.0,103.0,5.438225976768743
1896554999,1479078465,EVT-0175,3261.0,3935.0,772.0,738.0,708.0,21.71113155473781
1908168895,1224230882,EVT-0175,951.0,1050.0,819.0,827.0,91.0,9.568874868559412
1922670785,1363342464,EVT-0175,3017.0,3915.0,3761.0,4528.0,131.0,4.342061650646337
1924355757,1412773438,EVT-0175,3315.0,4181.0,3484.0,4662.0,-312.0,-9.411764705882353
1944079924,1643343233,EVT-0175,3233.0,3509.0,2250.0,2028.0,498.0,15.403649860810392
1955620046,1364720148,EVT-0175,2422.0,3196.0,1647.0,2198.0,223.0,9.207266721717588
1009179924,1185877283,EVT-0176,2063.0,2405.0,1228.0,1310.0,260.0,12.603005332040718
1025978341,1400951004,EVT-0176,3428.0,3857.0,1896.0,2301.0,24.0,0.7001166861143524
1058647219,1697855363,EVT-0176,1732.0,2192.0,1584.0,1546.0,498.0,28.752886836027713
1134509243,1573445784,EVT-0176,227.0,249.0,594.0,594.0,22.0,9.691629955947137
1273912869,1775551348,EVT-0176,928.0,928.0,605.0,710.0,-105.0,-11.314655172413794
1315385710,1124890801,EVT-0176,4269.0,5210.0,1755.0,2039.0,657.0,15.390021082220661
1389574017,1976707814,EVT-0176,1950.0,2398.0,740.0,705.0,483.0,24.76923076923077
1397955463,1181854898,EVT-0176,2484.0,3436.0,2119.0,2451.0,620.0,24.9597423510467
1423152481,1082909627,EVT-0176,3183.0,4062.0,1042.0,1090.0,831.0,26.107445805843543
1425340662,1783823739,EVT-0176,3055.0,3194.0,2912.0,3767.0,-716.0,-23.436988543371523
1453128708,1736538384,EVT-0176,731.0,803.0,564.0,602.0,34.0,4.651162790697675
1489598965,1084919582,EVT-0176,1441.0,1517.0,1116.0,1275.0,-83.0,-5.759888965995836
1533003293,1798313247,EVT-0176,2927.0,3338.0,733.0,600.0,544.0,18.58558250768705
1547244776,1761262934,EVT-0176,1848.0,2069.0,1031.0,899.0,353.0,19.101731601731604
1567742360,1873780039,EVT-0176,2603.0,2811.0,1654.0,1661.0,201.0,7.721859393008068
1592062677,1026926489,EVT-0176,1844.0,2216.0,1641.0,2172.0,-159.0,-8.622559652928416
1616839134,1602648309,EVT-0176,2061.0,2368.0,1115.0,1175.0,247.0,11.984473556525959
1635581279,1363342464,EVT-0176,2613.0,3412.0,3761.0,4528.0,32.0,1.2246460007654039
1647196991,1337789832,EVT-0176,487.0,647.0,507.0,543.0,124.0,25.46201232032854
1647700669,1113190601,EVT-0176,223.0,179.0,154.0,159.0,-49.0,-21.973094170403588
1688976343,1713731663,EVT-0176,2807.0,3579.0,3024.0,4049.0,-253.0,-9.013181332383327
1704308638,1349686455,EVT-0176,1075.0,1154.0,1051.0,1183.0,-53.0,-4.930232558139535
1707435529,1804484495,EVT-0176,1215.0,1399.0,1581.0,1762.0,3.0,0.24691358024691357
1727463709,1138208594,EVT-0176,1250.0,1249.0,548.0,542.0,5.0,0.4
1738903891,1100495849,EVT-0176,4379.0,5079.0,2356.0,2658.0,398.0,9.088833066910254
1808310134,1075689749,EVT-0176,2409.0,2807.0,2057.0,2322.0,133.0,5.520963055209631
1832506087,1191545544,EVT-0176,4381.0,5669.0,2768.0,3020.0,1036.0,23.64756904816252
1854852153,1308498975,EVT-0176,883.0,950.0,1081.0,1248.0,-100.0,-11.325028312570781
1862986803,1135650855,EVT-0176,1120.0,1233.0,434.0,478.0,69.0,6.1607142857142865
1867204764,1526834563,EVT-0176,1691.0,1873.0,1675.0,1869.0,-12.0,-0.7096392667060911
1889776344,1320611266,EVT-0176,1695.0,1927.0,967.0,951.0,248.0,14.631268436578171
1921646299,1081031506,EVT-0176,1159.0,1389.0,837.0,874.0,193.0,16.652286453839515
1969914385,1021834936,EVT-0176,783.0,699.0,436.0,454.0,-102.0,-13.026819923371647
1999506508,1004543439,EVT-0176,801.0,894.0,775.0,757.0,111.0,13.857677902621724
1264333323,1209566128,EVT-0176,2522.0,2918.0,1825.0,2302.0,-81.0,-3.2117367168913558
1036718538,1598998692,EVT-0177,349.0,391.0,617.0,515.0,144.0,41.260744985673355
1044666919,1907112910,EVT-0177,793.0,840.0,324.0,297.0,74.0,9.331651954602775
1048976678,1181854898,EVT-0177,2040.0,2460.0,2119.0,2451.0,88.0,4.313725490196078
1098995024,1714021262,EVT-0177,2082.0,2614.0,1199.0,1262.0,469.0,22.526416906820366
1200480071,1209566128,EVT-0177,7179.0,7805.0,1825.0,2302.0,149.0,2.0754979802200864
1204787067,1874547676,EVT-0177,446.0,489.0,459.0,452.0,50.0,11.210762331838566
1227780172,1412773438,EVT-0177,1657.0,2046.0,3484.0,4662.0,-789.0,-47.616173808086906
1278315217,1143739674,EVT-0177,542.0,474.0,169.0,122.0,-21.0,-3.8745387453874542
1285347583,1622391112,EVT-0177,442.0,420.0,291.0,292.0,-23.0,-5.203619909502263
1300832031,1069143851,EVT-0177,1722.0,1997.0,635.0,632.0,278.0,16.144018583042975
1328056928,1511742359,EVT-0177,518.0,513.0,993.0,997.0,-9.0,-1.7374517374517375
1341556789,1405577143,EVT-0177,6507.0,7587.0,3432.0,3532.0,980.0,15.060703857384356
1394609428,1305686507,EVT-0177,3724.0,5110.0,2465.0,2661.0,1190.0,31.954887218045116
1425340662,1783823739,EVT-0177,3055.0,3194.0,2912.0,3767.0,-716.0,-23.436988543371523
1456207657,1842420535,EVT-0177,2402.0,3061.0,1457.0,1530.0,586.0,24.396336386344714
1456299035,1084919582,EVT-0177,1314.0,1578.0,1116.0,1275.0,105.0,7.9908675799086755
1555906795,1798313247,EVT-0177,1580.0,1927.0,733.0,600.0,480.0,30.37974683544304
1592062677,1026926489,EVT-0177,1844.0,2216.0,1641.0,2172.0,-159.0,-8.622559652928416
1595774286,1519182780,EVT-0177,1542.0,1780.0,1098.0,988.0,348.0,22.56809338521401
1599989245,1507378861,EVT-0177,602.0,633.0,344.0,316.0,59.0,9.800664451827243
1616418756,1561159348,EVT-0177,1534.0,1549.0,787.0,816.0,-14.0,-0.9126466753585397
1648553570,1823309871,EVT-0177,5423.0,6638.0,2945.0,3660.0,500.0,9.219988936013277
1686880901,1939052563,EVT-0177,321.0,329.0,154.0,178.0,-16.0,-4.984423676012461
1701585576,1403453024,EVT-0177,1213.0,1551.0,1486.0,1623.0,201.0,16.570486397361915
1710163217,1860037419,EVT-0177,1522.0,1973.0,459.0,520.0,390.0,25.624178712220765
1714986282,1950588461,EVT-0177,1060.0,1215.0,1073.0,1158.0,70.0,6.60377358490566
1725623817,1812123887,EVT-0177,2320.0,2731.0,2349.0,2543.0,217.0,9.35344827586207
1736829924,1422258099,EVT-0177,682.0,655.0,1101.0,1052.0,22.0,3.225806451612903
1806707737,1463019459,EVT-0177,971.0,1015.0,862.0,823.0,83.0,8.54788877445932
1854852153,1308498975,EVT-0177,883.0,950.0,1081.0,1248.0,-100.0,-11.325028312570781
1856406925,1056679651,EVT-0177,1056.0,1222.0,1555.0,1884.0,-163.0,-15.43560606060606
1893606271,1828766265,EVT-0177,653.0,596.0,543.0,498.0,-12.0,-1.8376722817764166
1949335115,1694658844,EVT-0177,1414.0,1640.0,1430.0,1656.0,0.0,0.0
1042224778,1541379537,EVT-0178,2831.0,3894.0,1077.0,1418.0,722.0,25.503355704697988
1044379984,1765233105,EVT-0178,1073.0,1127.0,925.0,851.0,128.0,11.929170549860205
1050705288,1285330571,EVT-0178,1458.0,1845.0,2360.0,2600.0,147.0,10.08230452674897
1103232447,1636376422,EVT-0178,1356.0,1339.0,1339.0,1298.0,24.0,1.7699115044247788
1159841240,1429777182,EVT-0178,1249.0,1732.0,918.0,1058.0,343.0,27.46196957566053
1204261733,1838809964,EVT-0178,1583.0,1586.0,702.0,734.0,-29.0,-1.831964624131396
1227780172,1812123887,EVT-0178,1236.0,1772.0,950.0,1005.0,481.0,38.915857605178
1240393805,1804484495,EVT-0178,1146.0,1294.0,502.0,462.0,188.0,16.404886561954623
1257723886,1004543439,EVT-0178,544.0,667.0,830.0,720.0,233.0,42.830882352941174
1315385710,1209566128,EVT-0178,4176.0,5795.0,3048.0,3838.0,829.0,19.85153256704981
1326516303,1210642439,EVT-0178,2665.0,3283.0,940.0,898.0,660.0,24.765478424015008
1362560363,1028050239,EVT-0178,868.0,977.0,480.0,490.0,99.0,11.405529953917052
1364458855,1890077344,EVT-0178,843.0,1032.0,625.0,627.0,187.0,22.182680901542113
1423152481,1364720148,EVT-0178,3091.0,3955.0,3084.0,3715.0,233.0,7.538013587835652
1455779946,1769352273,EVT-0178,1152.0,1299.0,1115.0,1165.0,97.0,8.42013888888889
1467704312,1879821175,EVT-0178,1186.0,1273.0,1316.0,1496.0,-93.0,-7.841483979763912
1475115246,1836894604,EVT-0178,1258.0,1529.0,914.0,987.0,198.0,15.73926868044515
1610177150,1443907526,EVT-0178,1423.0,1826.0,1712.0,2128.0,-13.0,-0.9135628952916374
1689916181,1714021262,EVT-0178,2358.0,3113.0,1513.0,1858.0,410.0,17.387616624257845
1696606064,1340455504,EVT-0178,940.0,870.0,511.0,436.0,5.0,0.5319148936170213
1725623817,1412773438,EVT-0178,2303.0,3485.0,2690.0,3554.0,318.0,13.808076422058186
1732527431,1084919582,EVT-0178,3134.0,3843.0,2986.0,4077.0,-382.0,-12.188895979578813
1766730505,1169238601,EVT-0178,1622.0,1892.0,1151.0,1219.0,202.0,12.453760789149198
1788421810,1333896094,EVT-0178,438.0,468.0,479.0,454.0,55.0,12.557077625570775
1808826295,1181854898,EVT-0178,1958.0,2276.0,1637.0,1926.0,29.0,1.481103166496425
1812815243,1181360912,EVT-0178,2406.0,3265.0,612.0,669.0,802.0,33.33333333333333
1814938340,1923786978,EVT-0178,972.0,1019.0,1271.0,1401.0,-83.0,-8.539094650205762
1836939912,1974446365,EVT-0178,760.0,741.0,271.0,284.0,-32.0,-4.2105263157894735
1848624494,1135650855,EVT-0178,847.0,1004.0,911.0,923.0,145.0,17.119244391971662
1922670785,1363342464,EVT-0178,3439.0,4503.0,4053.0,5638.0,-521.0,-15.14975283512649
1989798412,1046736322,EVT-0178,2425.0,2977.0,1902.0,2259.0,195.0,8.041237113402062
1683943777,1138208594,EVT-0177,1191.0,1314.0,548.0,542.0,129.0,10.831234256926953
1002145427,1877046932,EVT-0179,4152.0,5256.0,3736.0,3702.0,1138.0,27.408477842003855
1048976678,1364720148,EVT-0179,4038.0,4941.0,2541.0,3417.0,27.0,0.6686478454680534
1084471394,1261377760,EVT-0179,1841.0,1864.0,1772.0,1733.0,62.0,3.3677349266702876
1101185407,1191545544,EVT-0179,5019.0,6247.0,2678.0,3198.0,708.0,14.106395696353854
1124726435,1124890801,EVT-0179,3360.0,4331.0,3800.0,4376.0,395.0,11.755952380952381
1170846871,1363342464,EVT-0179,3292.0,3664.0,4627.0,5483.0,-484.0,-14.702308626974483
1190842652,1219172859,EVT-0179,1531.0,1561.0,1398.0,1554.0,-126.0,-8.22991508817766
1251567115,1529045985,EVT-0179,1533.0,1642.0,964.0,951.0,122.0,7.958251793868232
1271768685,1181360912,EVT-0179,3653.0,3701.0,1417.0,1503.0,-38.0,-1.0402408978921434
1300654963,1058325303,EVT-0179,1666.0,2028.0,1784.0,1871.0,275.0,16.50660264105642
1425340662,1046736322,EVT-0179,2958.0,3491.0,1970.0,1891.0,612.0,20.689655172413794
1455779946,1769352273,EVT-0179,2552.0,2757.0,2091.0,1987.0,309.0,12.108150470219435
1456299035,1804484495,EVT-0179,1688.0,1949.0,1097.0,1069.0,289.0,17.120853080568722
1523498065,1082909627,EVT-0179,2047.0,2000.0,1151.0,1020.0,84.0,4.103566194430874
1552813903,1209566128,EVT-0179,6187.0,7594.0,4753.0,5755.0,405.0,6.545983513819298
1595301304,1352216182,EVT-0179,3152.0,3343.0,2971.0,3416.0,-254.0,-8.058375634517766
1639269087,1251202242,EVT-0179,1705.0,1826.0,1726.0,1671.0,176.0,10.32258064516129
1689916181,1714021262,EVT-0179,4552.0,5333.0,3877.0,4103.0,555.0,12.19244288224956
1725623817,1412773438,EVT-0179,5194.0,6551.0,6081.0,7617.0,-179.0,-3.446284174046977
1732527431,1181854898,EVT-0179,2890.0,3640.0,2842.0,3168.0,424.0,14.671280276816608
1812815243,1488515010,EVT-0179,5903.0,7098.0,1807.0,1939.0,1063.0,18.007792647806202
1824172013,1511022174,EVT-0179,3046.0,3596.0,2036.0,2006.0,580.0,19.041365725541695
1832506087,1506356074,EVT-0179,7423.0,9255.0,1234.0,1289.0,1777.0,23.939108177286812
1848624494,1135650855,EVT-0179,2608.0,2906.0,1332.0,1349.0,281.0,10.774539877300613
1896554999,1873780039,EVT-0179,4137.0,4306.0,2362.0,2395.0,136.0,3.2874063330916123
1924355757,1812123887,EVT-0179,3468.0,4426.0,2968.0,3678.0,248.0,7.151095732410612
1937514325,1159833825,EVT-0179,3395.0,3421.0,2773.0,2971.0,-172.0,-5.0662739322533135
1159301823,1407902521,EVT-0180,391.0,356.0,367.0,381.0,-49.0,-12.531969309462914
1326905712,1745370779,EVT-0180,609.0,577.0,743.0,624.0,87.0,14.285714285714285
1358245029,1065674784,EVT-0180,1139.0,1233.0,614.0,655.0,53.0,4.653204565408252
1640263392,1149018644,EVT-0180,1314.0,1332.0,1233.0,1208.0,43.0,3.272450532724505
1704492101,1358340028,EVT-0180,1132.0,1250.0,710.0,703.0,125.0,11.042402826855122
1811081532,1242598583,EVT-0180,1265.0,1282.0,1774.0,2049.0,-258.0,-20.395256916996047
1038444141,1245433184,EVT-0181,1501.0,1544.0,1450.0,1438.0,55.0,3.664223850766156
1120302413,1448589550,EVT-0181,1509.0,1452.0,1073.0,1003.0,13.0,0.8614976805831678
1209464480,1338304433,EVT-0181,3556.0,3887.0,3298.0,4024.0,-395.0,-11.10798650168729
1216532808,1903521262,EVT-0181,907.0,819.0,637.0,524.0,25.0,2.7563395810363835
1407931751,1900445093,EVT-0181,739.0,652.0,621.0,560.0,-26.0,-3.5182679296346415
1480599715,1065674784,EVT-0181,839.0,869.0,614.0,655.0,-11.0,-1.3110846245530394
1704492101,1358340028,EVT-0181,1132.0,1250.0,710.0,703.0,125.0,11.042402826855122
1758206720,1695082515,EVT-0181,1042.0,868.0,433.0,326.0,-67.0,-6.429942418426103
1840863041,1340345143,EVT-0181,2707.0,3170.0,2609.0,2597.0,475.0,17.54710011082379
1009179924,1185877283,EVT-0182,2025.0,2358.0,1239.0,1218.0,354.0,17.48148148148148
1025231352,1222151080,EVT-0182,1637.0,2133.0,2284.0,2580.0,200.0,12.217470983506413
1041585906,1857629178,EVT-0182,724.0,665.0,328.0,253.0,16.0,2.209944751381215
1058647219,1697855363,EVT-0182,1761.0,2247.0,1620.0,1522.0,584.0,33.16297558205565
1073902250,1641859123,EVT-0182,1489.0,1664.0,1390.0,1634.0,-69.0,-4.633982538616522
1085110611,1821714619,EVT-0182,654.0,617.0,461.0,403.0,21.0,3.211009174311927
1101185407,1511022174,EVT-0182,1095.0,1423.0,1367.0,1399.0,296.0,27.031963470319635
1133616429,1841791217,EVT-0182,1370.0,1471.0,963.0,848.0,216.0,15.766423357664234
1137408567,1805422742,EVT-0182,5605.0,6456.0,1671.0,1679.0,843.0,15.040142729705618
1144669185,1209566128,EVT-0182,6413.0,7996.0,1977.0,2335.0,1225.0,19.101824419148606
1159841240,1838809964,EVT-0182,4618.0,5654.0,618.0,624.0,1030.0,22.304027717626678
1240190284,1788668972,EVT-0182,893.0,1065.0,467.0,398.0,241.0,26.98768197088466
1244876920,1001999733,EVT-0182,309.0,213.0,189.0,122.0,-29.0,-9.385113268608414
1246066447,1279507085,EVT-0182,1525.0,1603.0,1457.0,1597.0,-62.0,-4.065573770491803
1299418347,1860037419,EVT-0182,762.0,864.0,483.0,507.0,78.0,10.236220472440944
1321405205,1939052563,EVT-0182,786.0,828.0,159.0,179.0,22.0,2.7989821882951653
1327009084,1618352078,EVT-0182,727.0,683.0,1165.0,1235.0,-114.0,-15.680880330123797
1330017819,1388802401,EVT-0182,1812.0,2025.0,3112.0,3289.0,36.0,1.9867549668874174
1334266016,1769352273,EVT-0182,2528.0,2808.0,1033.0,951.0,362.0,14.319620253164558
1409867656,1189244753,EVT-0182,567.0,484.0,936.0,968.0,-115.0,-20.282186948853614
1467704312,1045376799,EVT-0182,2417.0,2781.0,1405.0,1612.0,157.0,6.495655771617708
1512844550,1081031506,EVT-0182,992.0,1079.0,896.0,855.0,128.0,12.903225806451612
1567742360,1873780039,EVT-0182,2733.0,2803.0,1685.0,1722.0,33.0,1.2074643249176729
1567993435,1527981900,EVT-0182,422.0,467.0,690.0,607.0,128.0,30.33175355450237
1592062677,1334266743,EVT-0182,1999.0,2156.0,1409.0,1639.0,-73.0,-3.651825912956478
1595301304,1352216182,EVT-0182,744.0,767.0,1131.0,1363.0,-209.0,-28.091397849462364
1616418756,1561159348,EVT-0182,1582.0,1574.0,799.0,840.0,-49.0,-3.0973451327433628
1636376422,1697719783,EVT-0182,384.0,423.0,643.0,640.0,42.0,10.9375
1644815767,1851932792,EVT-0182,1914.0,2242.0,945.0,880.0,393.0,20.532915360501566
1683943777,1138208594,EVT-0182,1207.0,1303.0,552.0,539.0,109.0,9.030654515327258
1689916181,1714021262,EVT-0182,1522.0,1826.0,1220.0,1257.0,267.0,17.54270696452037
1704331150,1432188427,EVT-0182,2079.0,2126.0,2922.0,3132.0,-163.0,-7.84030784030784
1732000645,1750236147,EVT-0182,1992.0,2307.0,1577.0,1803.0,89.0,4.467871485943775
1779411515,1835878442,EVT-0182,1050.0,1166.0,452.0,440.0,128.0,12.19047619047619
1806707737,1463019459,EVT-0182,1004.0,1023.0,858.0,848.0,29.0,2.888446215139442
1824149854,1026926489,EVT-0182,1071.0,1284.0,1685.0,2184.0,-286.0,-26.704014939309058
1836939912,1974446365,EVT-0182,535.0,589.0,523.0,510.0,67.0,12.52336448598131
1854852153,1308498975,EVT-0182,888.0,918.0,1101.0,1299.0,-168.0,-18.91891891891892
1927430854,1181854898,EVT-0182,3132.0,3610.0,2237.0,2440.0,275.0,8.780332056194124
1944079924,1643343233,EVT-0182,3295.0,3623.0,2131.0,1969.0,490.0,14.87101669195751
1955620046,1364720148,EVT-0182,2593.0,3345.0,1654.0,2250.0,156.0,6.016197454685692
1989798412,1783823739,EVT-0182,3569.0,3932.0,3203.0,3870.0,-304.0,-8.517792098627067
1991291398,1795350721,EVT-0182,3991.0,4871.0,2626.0,3252.0,254.0,6.364319719368579
1133616429,1841791217,EVT-0183,1474.0,1786.0,1155.0,1144.0,323.0,21.91316146540027
1159841240,1334266743,EVT-0183,5327.0,6717.0,1896.0,2135.0,1151.0,21.606908203491646
1163199601,1618352078,EVT-0183,1758.0,1867.0,1227.0,1261.0,75.0,4.266211604095563
1204261733,1838809964,EVT-0183,1511.0,1426.0,1166.0,1290.0,-209.0,-13.831899404367967
1204787067,1874547676,EVT-0183,1007.0,1044.0,1113.0,1066.0,84.0,8.341608738828203
1467704312,1879821175,EVT-0183,1649.0,1801.0,1632.0,1658.0,126.0,7.640994542146756
1592062677,1429777182,EVT-0183,3611.0,4137.0,4026.0,3893.0,659.0,18.24979230130158
1616418756,1561159348,EVT-0183,1512.0,1581.0,1210.0,1379.0,-100.0,-6.613756613756613
1824149854,1026926489,EVT-0183,1889.0,1984.0,2501.0,2688.0,-92.0,-4.870301746956061
1856601467,1325850802,EVT-0183,2612.0,2323.0,579.0,522.0,-232.0,-8.88208269525268
1921646299,1081031506,EVT-0183,4233.0,5284.0,2434.0,2730.0,755.0,17.836050082683677
1010852790,1213108081,EVT-0184,1471.0,1531.0,1215.0,1164.0,111.0,7.545887151597553
1025231352,1150502551,EVT-0184,2226.0,2731.0,2230.0,2669.0,66.0,2.964959568733154
1073902250,1641859123,EVT-0184,2285.0,2459.0,2382.0,2369.0,187.0,8.183807439824946
1194203331,1075683551,EVT-0184,2652.0,2983.0,1728.0,1656.0,403.0,15.196078431372548
1273912869,1775551348,EVT-0184,1984.0,2064.0,3139.0,2918.0,301.0,15.171370967741934
1393791409,1187084813,EVT-0184,1923.0,1778.0,1854.0,2030.0,-321.0,-16.69266770670827
1524065749,1674708775,EVT-0184,2950.0,2766.0,2944.0,3780.0,-1020.0,-34.57627118644068
1595774286,1390939977,EVT-0184,4235.0,5211.0,2173.0,2611.0,538.0,12.70365997638725
1616839134,1602648309,EVT-0184,6609.0,8380.0,4519.0,5443.0,847.0,12.815857164472689
1647196991,1643343233,EVT-0184,4955.0,5663.0,2183.0,1975.0,916.0,18.48637739656912
1808310134,1075689749,EVT-0184,2505.0,2611.0,3400.0,3552.0,-46.0,-1.8363273453093811
1847082322,1121962926,EVT-0184,1913.0,1769.0,2594.0,2902.0,-452.0,-23.62780972294825
1993874985,1282327174,EVT-0184,3118.0,3155.0,3422.0,3176.0,283.0,9.076330981398332
1009179924,1120914548,EVT-0185,2796.0,3183.0,2408.0,2938.0,-143.0,-5.1144492131616595
1120080837,1624547729,EVT-0185,2048.0,2473.0,1721.0,1759.0,387.0,18.896484375
1123148250,1369949932,EVT-0185,1602.0,1853.0,2629.0,2955.0,-75.0,-4.681647940074907
1302899475,1304105269,EVT-0185,1099.0,1137.0,647.0,699.0,-14.0,-1.2738853503184715
1323611925,1750236147,EVT-0185,1396.0,1592.0,1979.0,2286.0,-111.0,-7.951289398280801
1341556789,1069143851,EVT-0185,9558.0,11751.0,1875.0,2003.0,2065.0,21.604938271604937
1362560363,1405577143,EVT-0185,2821.0,2608.0,2254.0,2837.0,-796.0,-28.216944345976604
1475115246,1714292012,EVT-0185,3969.0,5047.0,1844.0,1954.0,968.0,24.38901486520534
1551962891,1057623450,EVT-0185,497.0,420.0,370.0,340.0,-47.0,-9.456740442655935
1683943777,1138208594,EVT-0185,2761.0,3241.0,2440.0,2639.0,281.0,10.177471930459978
1722038985,1185877283,EVT-0185,1968.0,1953.0,1668.0,1874.0,-221.0,-11.229674796747966
1724092733,1056679651,EVT-0185,3684.0,3805.0,2063.0,2096.0,88.0,2.3887079261672097
1727463709,1933607412,EVT-0185,1085.0,1125.0,1279.0,1278.0,41.0,3.778801843317972
1732000645,1036176265,EVT-0185,4204.0,4773.0,2928.0,2913.0,584.0,13.891531874405327
1732914373,1458345984,EVT-0185,1525.0,1396.0,991.0,832.0,30.0,1.9672131147540985
1836894604,1923786978,EVT-0185,1905.0,2051.0,1759.0,1806.0,99.0,5.196850393700787
1901019392,1950588461,EVT-0185,7077.0,8529.0,2533.0,2305.0,1680.0,23.738872403560833
1934829601,1083149777,EVT-0185,3051.0,3535.0,1828.0,1539.0,773.0,25.335955424451
1044303869,1195381896,EVT-0186,1977.0,2014.0,1678.0,2225.0,-510.0,-25.796661608497722
1200480071,1251202242,EVT-0186,1008.0,1298.0,1103.0,1058.0,335.0,33.23412698412698
1240190284,1788668972,EVT-0186,678.0,698.0,532.0,451.0,101.0,14.896755162241886
1265952337,1871372714,EVT-0186,666.0,751.0,780.0,870.0,-5.0,-0.7507507507507507
1398789739,1527981900,EVT-0186,647.0,603.0,535.0,546.0,-55.0,-8.500772797527048
1511742359,1535323178,EVT-0186,925.0,1082.0,919.0,1053.0,23.0,2.4864864864864864
1536278926,1547660377,EVT-0186,940.0,1116.0,1167.0,1383.0,-40.0,-4.25531914893617
1683943777,1138208594,EVT-0186,2462.0,2885.0,1578.0,1699.0,302.0,12.266450040617384
1714986282,1405577143,EVT-0186,1405.0,1479.0,1228.0,1496.0,-194.0,-13.807829181494663
1725724532,1209566128,EVT-0186,2694.0,3343.0,3281.0,3899.0,31.0,1.1507052709725316
1738903891,1285330571,EVT-0186,2295.0,3081.0,2467.0,2804.0,449.0,19.564270152505447
1848624494,1135650855,EVT-0186,877.0,1009.0,954.0,933.0,153.0,17.44583808437856
1857629178,1088938448,EVT-0186,453.0,523.0,668.0,589.0,149.0,32.89183222958057
1903798589,1046736322,EVT-0186,2780.0,3390.0,1921.0,2294.0,237.0,8.525179856115107
1991291398,1795350721,EVT-0186,1488.0,1637.0,1546.0,1987.0,-292.0,-19.623655913978492
1460081361,1848800052,EVT-0186,2340.0,2940.0,1165.0,1288.0,477.0,20.384615384615383
1018018261,1714021262,EVT-0187,2273.0,2660.0,1583.0,1941.0,29.0,1.2758468983721953
1050705288,1285330571,EVT-0187,1555.0,1852.0,2467.0,2804.0,-40.0,-2.572347266881029
1065091666,1506746308,EVT-0187,1428.0,1374.0,675.0,613.0,8.0,0.5602240896358543
1123148250,1830884742,EVT-0187,2521.0,2767.0,1423.0,1379.0,290.0,11.503371677905593
1133616429,1841791217,EVT-0187,456.0,477.0,896.0,800.0,117.0,25.657894736842106
1136500869,1890077344,EVT-0187,531.0,665.0,649.0,632.0,151.0,28.436911487758948
1159841240,1429777182,EVT-0187,1321.0,1643.0,938.0,1039.0,221.0,16.729750189250566
1200096471,1804484495,EVT-0187,808.0,843.0,540.0,467.0,108.0,13.366336633663368
1202669523,1969108517,EVT-0187,1994.0,2416.0,1456.0,1625.0,253.0,12.688064192577734
1237205202,1497642888,EVT-0187,1211.0,1253.0,795.0,757.0,80.0,6.6061106523534265
1251567115,1529045985,EVT-0187,1176.0,1409.0,1022.0,1013.0,242.0,20.578231292517007
1264333323,1261377760,EVT-0187,1197.0,1584.0,1096.0,1379.0,104.0,8.688387635756056
1324722952,1657655308,EVT-0187,312.0,373.0,455.0,506.0,10.0,3.205128205128205
1375349903,1156754057,EVT-0187,1403.0,1456.0,738.0,712.0,79.0,5.630791161796151
1418997171,1099946885,EVT-0187,2611.0,3323.0,1393.0,1323.0,782.0,29.95021064726159
1455101661,1769333869,EVT-0187,1893.0,2081.0,969.0,913.0,244.0,12.889593238246169
1467704312,1879821175,EVT-0187,1187.0,1331.0,1430.0,1487.0,87.0,7.329401853411962
1481247389,1084919582,EVT-0187,3026.0,3298.0,3126.0,4020.0,-622.0,-20.555188367481826
1551107307,1870612441,EVT-0187,1113.0,1313.0,1970.0,2083.0,87.0,7.816711590296496
1567742360,1873780039,EVT-0187,2190.0,2823.0,2134.0,2264.0,503.0,22.968036529680365
1592062677,1026926489,EVT-0187,1254.0,1550.0,1154.0,1495.0,-45.0,-3.588516746411483
1621199177,1181854898,EVT-0187,980.0,1022.0,1697.0,1978.0,-239.0,-24.387755102040817
1645233598,1730655531,EVT-0187,3709.0,4321.0,2406.0,2630.0,388.0,10.461040711782152
1648626962,1976707814,EVT-0187,459.0,471.0,377.0,369.0,20.0,4.357298474945534
1670701188,1955222058,EVT-0187,1373.0,1795.0,1417.0,1403.0,436.0,31.75528040786599
1689916181,1209566128,EVT-0187,2410.0,3198.0,3281.0,3899.0,170.0,7.053941908713693
1703413967,1268421124,EVT-0187,1389.0,1546.0,817.0,817.0,157.0,11.303095752339813
1787619711,1169238601,EVT-0187,3043.0,3211.0,1146.0,1274.0,40.0,1.3144922773578704
1803502636,1249657408,EVT-0187,1879.0,2031.0,1213.0,1449.0,-84.0,-4.470463012240553
1841542198,1737256036,EVT-0187,838.0,983.0,895.0,870.0,170.0,20.286396181384248
1901019392,1405577143,EVT-0187,5109.0,6049.0,1228.0,1496.0,672.0,13.15325895478567
1924355757,1412773438,EVT-0187,3561.0,4382.0,2798.0,3562.0,57.0,1.6006739679865205
1927430854,1082909627,EVT-0187,1339.0,1719.0,1082.0,1213.0,249.0,18.595967139656462
1949335115,1694658844,EVT-0187,1279.0,1476.0,1189.0,1288.0,98.0,7.66223612197029
1964945871,1736538384,EVT-0187,1485.0,1821.0,1270.0,1387.0,219.0,14.747474747474747
1993463169,1898803444,EVT-0187,1978.0,2024.0,1480.0,1447.0,79.0,3.993933265925177
1038444141,1245433184,EVT-0188,1501.0,1544.0,1450.0,1438.0,55.0,3.664223850766156
1340345143,1448589550,EVT-0188,2609.0,2597.0,1073.0,1003.0,58.0,2.2230739747029515
1394982015,1411375466,EVT-0188,539.0,463.0,432.0,358.0,-2.0,-0.3710575139146568
1640263392,1149018644,EVT-0188,1314.0,1332.0,1233.0,1208.0,43.0,3.272450532724505
1840863041,1384158410,EVT-0188,2707.0,3170.0,2551.0,2667.0,347.0,12.818618396749168
1031568581,1113953065,EVT-0189,3326.0,3727.0,2943.0,3031.0,313.0,9.410703547805172
1198262952,1536141264,EVT-0189,5255.0,6223.0,2724.0,3334.0,358.0,6.81255946717412
1238983617,1713731663,EVT-0189,7650.0,10205.0,1939.0,2266.0,2228.0,29.124183006535947
1250017203,1546273719,EVT-0189,1203.0,1244.0,1230.0,1472.0,-201.0,-16.708229426433917
1369172659,1377956168,EVT-0189,644.0,706.0,947.0,985.0,24.0,3.7267080745341614
1374281198,1502571429,EVT-0189,754.0,709.0,1257.0,1454.0,-242.0,-32.09549071618037
1389574017,1976707814,EVT-0189,2291.0,2385.0,1016.0,982.0,128.0,5.587079877782627
1474100561,1588179048,EVT-0189,636.0,566.0,841.0,811.0,-40.0,-6.289308176100629
1555906795,1547112395,EVT-0189,3704.0,4183.0,990.0,897.0,572.0,15.442764578833692
1688976343,1152018085,EVT-0189,2138.0,2724.0,1703.0,1820.0,469.0,21.93638914873714
1704308638,1349686455,EVT-0189,2954.0,3515.0,1864.0,2123.0,302.0,10.223425863236288
1782077311,1916437647,EVT-0189,754.0,635.0,760.0,556.0,85.0,11.273209549071618
1838576308,1050506165,EVT-0189,1219.0,1389.0,2310.0,2864.0,-384.0,-31.501230516817063
1867204764,1081238747,EVT-0189,2773.0,3348.0,2138.0,2584.0,129.0,4.652001442481067
1967802350,1041494554,EVT-0189,901.0,833.0,382.0,371.0,-57.0,-6.326304106548279
1025978341,1730655531,EVT-0190,3361.0,4218.0,2886.0,3004.0,739.0,21.98750371913121
1028436479,1598998692,EVT-0190,1526.0,1823.0,704.0,669.0,332.0,21.756225425950195
1107038659,1249657408,EVT-0190,4103.0,4402.0,2130.0,2283.0,146.0,3.5583719229831825
1136500869,1890077344,EVT-0190,1884.0,2113.0,1806.0,1667.0,368.0,19.53290870488323
1237205202,1497642888,EVT-0190,1152.0,1110.0,1224.0,1283.0,-101.0,-8.76736111111111
1324722952,1657655308,EVT-0190,1563.0,1590.0,903.0,886.0,44.0,2.815099168266155
1330156328,1004543439,EVT-0190,1311.0,1148.0,403.0,370.0,-130.0,-9.916094584286803
1394609428,1012264374,EVT-0190,5824.0,7202.0,4593.0,5434.0,537.0,9.220467032967033
1645233598,1805422742,EVT-0190,4172.0,5112.0,2704.0,2454.0,1190.0,28.523489932885905
1704331150,1432188427,EVT-0190,2616.0,2740.0,2476.0,2833.0,-233.0,-8.906727828746178
1713444978,1935314678,EVT-0190,2975.0,3299.0,1456.0,1372.0,408.0,13.714285714285715
1746046261,1708639657,EVT-0190,1694.0,1713.0,959.0,860.0,118.0,6.965761511216057
1758794279,1400951004,EVT-0190,3105.0,3934.0,2742.0,2747.0,824.0,26.537842190016104
1993463169,1898803444,EVT-0190,1753.0,1888.0,1390.0,1364.0,161.0,9.184255561893897
1271768685,1135650855,EVT-0191,3732.0,3881.0,1360.0,1319.0,190.0,5.091103965702037
1084919582,1181854898,EVT-0191,3775.0,4030.0,3061.0,3102.0,214.0,5.668874172185431
1101185407,1548652282,EVT-0191,5034.0,6533.0,3507.0,3559.0,1447.0,28.744537147397697
1144669185,1714021262,EVT-0191,6567.0,8059.0,3928.0,4271.0,1149.0,17.496573777980814
1200480071,1251202242,EVT-0191,2595.0,2870.0,1712.0,1626.0,361.0,13.911368015414258
1264333323,1209566128,EVT-0191,5281.0,6759.0,4972.0,5978.0,472.0,8.93770119295588
1266945785,1676855970,EVT-0191,5495.0,6307.0,1518.0,1613.0,717.0,13.048225659690626
1280087226,1473494189,EVT-0191,8648.0,10447.0,1154.0,1089.0,1864.0,21.554116558741907
1297280590,1511022174,EVT-0191,3229.0,3448.0,2068.0,2067.0,220.0,6.813254877671106
1315385710,1947954388,EVT-0191,9951.0,12080.0,478.0,417.0,2190.0,22.007838408200183
1377426493,1873780039,EVT-0191,1955.0,1882.0,2512.0,2503.0,-64.0,-3.273657289002557
1385532449,1997693654,EVT-0191,5186.0,6155.0,1695.0,1718.0,946.0,18.241419205553413
1418997171,1124890801,EVT-0191,4612.0,4680.0,3777.0,4187.0,-342.0,-7.415437987857762
1456207657,1181360912,EVT-0191,4828.0,5869.0,1457.0,1531.0,967.0,20.028997514498755
1523681389,1275443434,EVT-0191,2058.0,1972.0,1339.0,1207.0,46.0,2.2351797862001943
1546151204,1058325303,EVT-0191,2412.0,2719.0,1802.0,1925.0,184.0,7.628524046434494
1592123891,1261377760,EVT-0191,6316.0,7556.0,1729.0,1720.0,1249.0,19.775174160861305
1595301304,1352216182,EVT-0191,3071.0,3523.0,3058.0,3479.0,31.0,1.0094431781178768
1615059528,1082909627,EVT-0191,1911.0,1932.0,1143.0,1027.0,137.0,7.16902145473574
1639269087,1099946885,EVT-0191,1675.0,1864.0,1264.0,1021.0,432.0,25.791044776119403
1689916181,1762971749,EVT-0191,4702.0,5538.0,1371.0,1528.0,679.0,14.440663547426627
1742579091,1060922949,EVT-0191,9130.0,10466.0,981.0,1001.0,1316.0,14.414019715224535
1767508967,1877046932,EVT-0191,2626.0,2809.0,3771.0,3726.0,228.0,8.682406702208683
1776723276,1191545544,EVT-0191,3642.0,3998.0,2675.0,3336.0,-305.0,-8.374519494783087
1812815243,1381937048,EVT-0191,6058.0,7269.0,1416.0,1352.0,1275.0,21.046550016507098
1832506087,1506356074,EVT-0191,7792.0,9525.0,1288.0,1265.0,1756.0,22.535934291581107
1838439200,1393729789,EVT-0191,4967.0,5154.0,6679.0,8152.0,-1286.0,-25.89087980672438
1849328657,1488515010,EVT-0191,1276.0,1247.0,1821.0,1881.0,-89.0,-6.974921630094045
1922670785,1892083019,EVT-0191,3092.0,3404.0,2514.0,3083.0,-257.0,-8.311772315653299
1924355757,1812123887,EVT-0191,3593.0,4502.0,2998.0,3796.0,111.0,3.089340384080156
1927430854,1363342464,EVT-0191,5481.0,6891.0,4828.0,5693.0,545.0,9.943440977923737
1937514325,1159833825,EVT-0191,3475.0,3645.0,2919.0,2981.0,108.0,3.107913669064748
1955620046,1364720148,EVT-0191,3837.0,4694.0,2708.0,3287.0,278.0,7.245243679958301
1989798412,1783823739,EVT-0191,4380.0,5057.0,6119.0,7676.0,-880.0,-20.091324200913242
1009179924,1120914548,EVT-0192,2842.0,3239.0,2568.0,3063.0,-98.0,-3.4482758620689653
1123148250,1830884742,EVT-0192,1593.0,1868.0,685.0,636.0,324.0,20.33898305084746
1169238601,1200346587,EVT-0192,1735.0,1677.0,1813.0,2025.0,-270.0,-15.561959654178676
1299418347,1331020234,EVT-0192,2836.0,3283.0,2905.0,3251.0,101.0,3.5613540197461213
1368009035,1848800052,EVT-0192,2102.0,2115.0,1953.0,2040.0,-74.0,-3.5204567078972406
1610177150,1923786978,EVT-0192,3653.0,4266.0,1705.0,1803.0,515.0,14.098001642485627
1631526641,1234567687,EVT-0192,1536.0,1369.0,1457.0,1321.0,-31.0,-2.018229166666667
1648553570,1823309871,EVT-0192,3087.0,4355.0,2621.0,3055.0,834.0,27.016520894071917
1683943777,1138208594,EVT-0192,2789.0,3484.0,2484.0,2623.0,556.0,19.935460738615994
1701585576,1369949932,EVT-0192,3321.0,3513.0,2734.0,3139.0,-213.0,-6.413730803974707
1714986282,1028050239,EVT-0192,1421.0,1575.0,1085.0,955.0,284.0,19.985925404644618
1722038985,1185877283,EVT-0192,1959.0,2074.0,1688.0,1875.0,-72.0,-3.6753445635528332
1732000645,1036176265,EVT-0192,4267.0,4850.0,2851.0,2948.0,486.0,11.389735176939302
1933607412,1371759725,EVT-0192,1285.0,1237.0,824.0,746.0,30.0,2.3346303501945527
1934829601,1880265578,EVT-0192,3203.0,3523.0,2375.0,2409.0,286.0,8.929128941617234
1969108517,1083149777,EVT-0192,1326.0,1250.0,1860.0,1515.0,269.0,20.28657616892911
1934763735,1971097054,EVT-0192,1204.0,1181.0,1392.0,1191.0,178.0,14.784053156146179
1050506165,1113953065,EVT-0193,573.0,703.0,1241.0,1212.0,159.0,27.748691099476442
1073902250,1641859123,EVT-0193,1329.0,1372.0,685.0,651.0,77.0,5.793829947328819
1075036339,1722581836,EVT-0193,185.0,250.0,610.0,649.0,26.0,14.054054054054054
1133130363,1209566128,EVT-0193,3655.0,4383.0,3480.0,4036.0,172.0,4.705882352941177
1139166684,1588179048,EVT-0193,1048.0,1163.0,350.0,294.0,171.0,16.316793893129773
1159841240,1838809964,EVT-0193,1458.0,1705.0,711.0,750.0,208.0,14.266117969821673
1200480071,1251202242,EVT-0193,1028.0,1345.0,1135.0,1054.0,398.0,38.715953307393
1330017819,1388802401,EVT-0193,5843.0,6664.0,2479.0,2640.0,660.0,11.295567345541674
1385532449,1364720148,EVT-0193,2358.0,3107.0,3371.0,4136.0,-16.0,-0.6785411365564037
1386514024,1185877283,EVT-0193,862.0,998.0,1485.0,1565.0,56.0,6.496519721577726
1394609428,1012264374,EVT-0193,3498.0,4634.0,2941.0,3400.0,677.0,19.353916523727843
1397955463,1363342464,EVT-0193,5365.0,6768.0,4444.0,5985.0,-138.0,-2.572227399813607
1429255973,1381937048,EVT-0193,1085.0,1293.0,859.0,841.0,226.0,20.829493087557605
1433980129,1417682113,EVT-0193,1484.0,1739.0,348.0,289.0,314.0,21.159029649595688
1443551811,1616115113,EVT-0193,710.0,758.0,142.0,147.0,43.0,6.056338028169014
1488515010,1135650855,EVT-0193,1664.0,1724.0,952.0,922.0,90.0,5.408653846153847
1509977165,1124890801,EVT-0193,3977.0,5048.0,613.0,709.0,975.0,24.51596680915263
1592062677,1429777182,EVT-0193,1268.0,1617.0,958.0,979.0,328.0,25.86750788643533
1621842156,1242598583,EVT-0193,667.0,696.0,894.0,869.0,54.0,8.095952023988005
1643343233,1371002787,EVT-0193,850.0,781.0,1210.0,1202.0,-61.0,-7.1764705882352935
1747032997,1714021262,EVT-0193,1845.0,2271.0,1620.0,1942.0,104.0,5.636856368563685
1815807585,1181854898,EVT-0193,3427.0,4622.0,1750.0,2074.0,871.0,25.415815582141814
1824149854,1026926489,EVT-0193,1056.0,908.0,1238.0,1488.0,-398.0,-37.68939393939394
1927430854,1082909627,EVT-0193,1498.0,1780.0,1055.0,1188.0,149.0,9.946595460614152
1964945871,1333043895,EVT-0193,1453.0,1813.0,369.0,380.0,349.0,24.01927047487956
1995404856,1736538384,EVT-0193,1519.0,1485.0,1298.0,1401.0,-137.0,-9.01909150757077
1044666919,1907112910,EVT-0194,1032.0,1004.0,1576.0,1735.0,-187.0,-18.120155038759687
1133616429,1841791217,EVT-0194,1535.0,1710.0,1154.0,1130.0,199.0,12.964169381107492
1204261733,1838809964,EVT-0194,1561.0,1411.0,1162.0,1307.0,-295.0,-18.898142216527866
1443551811,1616115113,EVT-0194,1230.0,1220.0,601.0,489.0,102.0,8.292682926829269
1467704312,1879821175,EVT-0194,1616.0,1785.0,1667.0,1647.0,189.0,11.695544554455447
1561159348,1874547676,EVT-0194,1244.0,1405.0,1152.0,1048.0,265.0,21.30225080385852
1567993435,1527981900,EVT-0194,1818.0,1787.0,983.0,954.0,-2.0,-0.11001100110011
1616418756,1914644640,EVT-0194,1488.0,1551.0,1605.0,1702.0,-34.0,-2.28494623655914
1635476009,1071299832,EVT-0194,1919.0,2365.0,845.0,863.0,428.0,22.303282959874934
1636376422,1697719783,EVT-0194,1727.0,1552.0,2025.0,2205.0,-355.0,-20.555877243775335
1674345776,1844748057,EVT-0194,1767.0,1692.0,1426.0,1310.0,41.0,2.320316921335597
1712965692,1332815285,EVT-0194,1766.0,1779.0,847.0,750.0,110.0,6.2287655719139305
1719574174,1987971524,EVT-0194,902.0,700.0,492.0,459.0,-169.0,-18.736141906873613
1893020424,1448713440,EVT-0194,892.0,903.0,956.0,891.0,76.0,8.520179372197308
1921646299,1081031506,EVT-0194,4493.0,5560.0,2513.0,2778.0,802.0,17.84998887157801
1009179924,1185877283,EVT-0195,2135.0,2412.0,1306.0,1232.0,351.0,16.440281030444964
1025231352,1222151080,EVT-0195,1697.0,2180.0,2372.0,2637.0,218.0,12.846199175014734
1036718538,1598998692,EVT-0195,347.0,344.0,605.0,491.0,111.0,31.988472622478387
1040239976,1282327174,EVT-0195,784.0,759.0,1675.0,1645.0,5.0,0.6377551020408163
1044303869,1535323178,EVT-0195,637.0,599.0,1184.0,1396.0,-250.0,-39.24646781789639
1050506165,1526834563,EVT-0195,2275.0,2775.0,1794.0,1854.0,440.0,19.340659340659343
1120080837,1624547729,EVT-0195,1348.0,1698.0,991.0,1029.0,312.0,23.14540059347181
1167711153,1132120993,EVT-0195,884.0,853.0,740.0,653.0,56.0,6.334841628959276
1273912869,1775551348,EVT-0195,989.0,957.0,647.0,706.0,-91.0,-9.201213346814964
1280087226,1209566128,EVT-0195,3552.0,4483.0,2145.0,2305.0,771.0,21.70608108108108
1328056928,1237849298,EVT-0195,535.0,532.0,433.0,421.0,9.0,1.6822429906542056
1361521440,1870612441,EVT-0195,991.0,1085.0,1558.0,1635.0,17.0,1.7154389505549947
1362648127,1018861793,EVT-0195,625.0,530.0,346.0,245.0,6.0,0.96
1413519731,1412773438,EVT-0195,6489.0,6780.0,3748.0,4761.0,-722.0,-11.126521806133455
1548035017,1914644640,EVT-0195,877.0,834.0,1296.0,1398.0,-145.0,-16.53363740022805
1567742360,1873780039,EVT-0195,2890.0,2869.0,1667.0,1714.0,-68.0,-2.3529411764705883
1645233598,1400951004,EVT-0195,4141.0,4806.0,2100.0,2139.0,626.0,15.117121468244385
1657725655,1120914548,EVT-0195,2708.0,3198.0,3074.0,3478.0,86.0,3.1757754800590843
1674102136,1762971749,EVT-0195,505.0,409.0,1019.0,986.0,-63.0,-12.475247524752476
1768831921,1105435741,EVT-0195,648.0,666.0,954.0,1018.0,-46.0,-7.098765432098765
1832506087,1191545544,EVT-0195,4830.0,6134.0,2878.0,3177.0,1005.0,20.80745341614907
1885189138,1440538092,EVT-0195,1297.0,1321.0,537.0,547.0,14.0,1.0794140323824208
1002145427,1877046932,EVT-0196,2402.0,3313.0,1561.0,1655.0,817.0,34.01332223147377
1011940271,1297391371,EVT-0196,719.0,766.0,186.0,177.0,56.0,7.7885952712100135
1025231352,1150502551,EVT-0196,3770.0,4749.0,1477.0,1566.0,890.0,23.607427055702917
1050705288,1890077344,EVT-0196,1616.0,1936.0,666.0,628.0,358.0,22.153465346534652
1081031506,1815549120,EVT-0196,922.0,1115.0,547.0,508.0,232.0,25.16268980477224
1137408567,1736538384,EVT-0196,3066.0,4555.0,1298.0,1401.0,1386.0,45.20547945205479
1144669185,1209566128,EVT-0196,2806.0,3293.0,3480.0,4036.0,-69.0,-2.459016393442623
1174785596,1805422742,EVT-0196,1091.0,1244.0,1915.0,2338.0,-270.0,-24.74793767186068
1280087226,1099946885,EVT-0196,7413.0,9927.0,1427.0,1305.0,2636.0,35.55915283960609
1316743925,1714021262,EVT-0196,2200.0,2603.0,1620.0,1942.0,81.0,3.681818181818182
1324722952,1497642888,EVT-0196,329.0,358.0,799.0,762.0,66.0,20.060790273556233
1492077734,1200346587,EVT-0196,1853.0,2411.0,853.0,979.0,432.0,23.31354560172693
1533003293,1798313247,EVT-0196,1155.0,1403.0,326.0,273.0,301.0,26.060606060606062
1552813903,1058325303,EVT-0196,1997.0,2334.0,1220.0,1262.0,295.0,14.772158237356035
1590337907,1222151080,EVT-0196,1476.0,1701.0,1293.0,1455.0,63.0,4.2682926829268295
1592123891,1251202242,EVT-0196,1372.0,1758.0,1135.0,1054.0,467.0,34.03790087463557
1598661571,1674708775,EVT-0196,806.0,897.0,917.0,1184.0,-176.0,-21.83622828784119
1645233598,1400951004,EVT-0196,3718.0,4563.0,1014.0,1139.0,720.0,19.365250134480906
1657025858,1249657408,EVT-0196,1083.0,1117.0,1225.0,1420.0,-161.0,-14.866112650046167
1704331150,1432188427,EVT-0196,1921.0,2210.0,1820.0,2021.0,88.0,4.580947423217074
1706991829,1801662945,EVT-0196,540.0,611.0,723.0,740.0,54.0,10.0
1758794279,1730655531,EVT-0196,2273.0,2554.0,2422.0,2771.0,-68.0,-2.9916410030796303
1768225918,1835878442,EVT-0196,797.0,873.0,584.0,532.0,128.0,16.06022584692597
1903798589,1046736322,EVT-0196,2892.0,3528.0,2034.0,2225.0,445.0,15.387275242047027
1944079924,1075683551,EVT-0196,1019.0,1254.0,1772.0,1731.0,276.0,27.085377821393525
1993463169,1898803444,EVT-0196,2067.0,2012.0,1558.0,1452.0,51.0,2.467343976777939
1025231352,1222151080,EVT-0197,2311.0,2784.0,869.0,885.0,457.0,19.77498918217222
1199976907,1121962926,EVT-0197,1925.0,1980.0,2684.0,2883.0,-144.0,-7.48051948051948
1246066447,1075689749,EVT-0197,3758.0,4176.0,3512.0,3492.0,438.0,11.6551357104843
1273912869,1775551348,EVT-0197,1915.0,2072.0,3282.0,2815.0,624.0,32.58485639686684
1402958817,1038582841,EVT-0197,1831.0,1942.0,803.0,675.0,239.0,13.052976515565264
1524065749,1282327174,EVT-0197,3067.0,2770.0,3437.0,3000.0,140.0,4.564721225953701
1598661571,1674708775,EVT-0197,3065.0,3512.0,3022.0,3797.0,-328.0,-10.70146818923328
1647196991,1075683551,EVT-0197,5059.0,5665.0,1750.0,1735.0,621.0,12.2751531923305
1892307210,1150502551,EVT-0197,1679.0,1639.0,2205.0,2685.0,-520.0,-30.97081596188207
1386514024,1185877283,EVT-0199,2216.0,2252.0,1688.0,1875.0,-151.0,-6.8140794223826715
1101185407,1511022174,EVT-0198,1123.0,1478.0,1441.0,1460.0,336.0,29.91985752448798
1132120993,1133042691,EVT-0198,740.0,653.0,1092.0,1165.0,-160.0,-21.62162162162162
1166368237,1352216182,EVT-0198,1564.0,1679.0,1178.0,1370.0,-77.0,-4.923273657289003
1180932224,1804484495,EVT-0198,2210.0,2654.0,1732.0,1683.0,493.0,22.30769230769231
1271463741,1922185990,EVT-0198,596.0,597.0,766.0,650.0,117.0,19.630872483221477
1280087226,1209566128,EVT-0198,3552.0,4483.0,2145.0,2305.0,771.0,21.70608108108108
1287287258,1842420535,EVT-0198,2039.0,2433.0,1516.0,1454.0,456.0,22.36390387444826
1296552940,1060922949,EVT-0198,403.0,407.0,535.0,491.0,48.0,11.910669975186105
1315385710,1124890801,EVT-0198,4798.0,5749.0,1854.0,2034.0,771.0,16.06919549812422
1377426493,1873780039,EVT-0198,2360.0,2687.0,1667.0,1714.0,280.0,11.864406779661017
1425610817,1295857761,EVT-0198,461.0,458.0,451.0,404.0,44.0,9.544468546637743
1486296159,1407902521,EVT-0198,169.0,141.0,389.0,324.0,37.0,21.893491124260358
1486849361,1371759725,EVT-0198,236.0,219.0,393.0,325.0,51.0,21.610169491525426
1512844550,1251411553,EVT-0198,1006.0,1088.0,384.0,321.0,145.0,14.41351888667992
1535820066,1851932792,EVT-0198,1876.0,2052.0,1004.0,951.0,229.0,12.20682302771855
1567742360,1463019459,EVT-0198,2890.0,2869.0,872.0,853.0,-2.0,-0.06920415224913494
1635581279,1363342464,EVT-0198,2846.0,3632.0,4043.0,4708.0,121.0,4.251581166549543
1645233598,1400951004,EVT-0198,4141.0,4806.0,2100.0,2139.0,626.0,15.117121468244385
1648553570,1823309871,EVT-0198,6081.0,7298.0,3196.0,3834.0,579.0,9.521460286137149
1688976343,1713731663,EVT-0198,3085.0,3664.0,3389.0,4400.0,-432.0,-14.0032414910859
1725623817,1812123887,EVT-0198,2439.0,2950.0,2501.0,2708.0,304.0,12.464124641246412
1737256036,1149209672,EVT-0198,628.0,572.0,845.0,755.0,34.0,5.414012738853503
1806479196,1134632102,EVT-0198,1354.0,1516.0,2513.0,3045.0,-370.0,-27.326440177252586
1844747141,1479078465,EVT-0198,2029.0,2182.0,736.0,742.0,147.0,7.24494825036964
1908168895,1224230882,EVT-0198,1027.0,1074.0,887.0,769.0,165.0,16.066212268743914
1924355757,1412773438,EVT-0198,3497.0,4730.0,3748.0,4761.0,220.0,6.291106662853875
1944079924,1371002787,EVT-0197,5909.0,7224.0,1830.0,1775.0,1370.0,23.184972076493484
1009179924,1120914548,EVT-0199,2842.0,3239.0,2568.0,3063.0,-98.0,-3.4482758620689653
1015191335,1897723296,EVT-0199,1295.0,1476.0,666.0,620.0,227.0,17.528957528957527
1265952337,1871372714,EVT-0199,2993.0,3650.0,2066.0,2080.0,643.0,21.483461409956565
1299418347,1331020234,EVT-0199,2836.0,3283.0,2905.0,3251.0,101.0,3.5613540197461213
1341556789,1950588461,EVT-0199,9831.0,12185.0,2588.0,2344.0,2598.0,26.42660970399756
1710163217,1860037419,EVT-0199,2178.0,2707.0,1720.0,1733.0,516.0,23.69146005509642
1732914373,1458345984,EVT-0199,1486.0,1416.0,969.0,823.0,76.0,5.114401076716016
1050705288,1100495849,EVT-0200,6350.0,7502.0,3534.0,3833.0,853.0,13.433070866141733
1065091666,1702446943,EVT-0200,1242.0,1116.0,1358.0,1288.0,-56.0,-4.508856682769726
1137408567,1805422742,EVT-0200,4476.0,5621.0,2704.0,2454.0,1395.0,31.16621983914209
1305686507,1895078685,EVT-0200,2544.0,2535.0,1896.0,2048.0,-161.0,-6.328616352201258
1449048093,1657655308,EVT-0200,448.0,392.0,903.0,886.0,-39.0,-8.705357142857142
1518121706,1971977354,EVT-0200,1388.0,1412.0,705.0,614.0,115.0,8.285302593659942
1645233598,1730655531,EVT-0200,4172.0,5112.0,2886.0,3004.0,822.0,19.702780441035475
1704331150,1432188427,EVT-0200,2616.0,2740.0,2476.0,2833.0,-233.0,-8.906727828746178
1768225918,1803339427,EVT-0200,2092.0,1924.0,2182.0,2313.0,-299.0,-14.292543021032506
1898803444,1156754057,EVT-0200,1390.0,1364.0,244.0,187.0,31.0,2.2302158273381294
1964945871,1249657408,EVT-0200,2603.0,3106.0,2130.0,2283.0,350.0,13.446023818670763
