treatment_hcp_id,control_hcp_id,event_id,pre_treatment_rx,post_treatment_rx,pre_control_rx,post_control_rx,incremental_lift,incremental_lift_pct
1040239976,1435949049,EVT-0001,2142.0,2268.0,2173.0,2698.0,-399.0,-18.627450980392158
1194203331,1643343233,EVT-0001,1724.0,2036.0,1570.0,1814.0,68.0,3.944315545243619
1282327174,1775551348,EVT-0001,2696.0,2982.0,2676.0,2530.0,432.0,16.023738872403563
1393791409,1187084813,EVT-0001,1698.0,1874.0,1771.0,1772.0,175.0,10.306242638398116
1519182780,1337606333,EVT-0001,1029.0,1295.0,1033.0,810.0,489.0,47.521865889212826
1690348028,1390939977,EVT-0001,1402.0,1525.0,1435.0,1714.0,-156.0,-11.126961483594865
1040239976,1602648309,EVT-0002,738.0,772.0,752.0,990.0,-204.0,-27.64227642276423
1163199601,1081031506,EVT-0002,815.0,939.0,808.0,873.0,59.0,7.2392638036809815
1246066447,1892897319,EVT-0002,1154.0,1317.0,1265.0,1461.0,-33.0,-2.859618717504333
1264333323,1099946885,EVT-0002,1076.0,1605.0,1109.0,1132.0,506.0,47.026022304832715
1334266016,1812123887,EVT-0002,1336.0,1637.0,1350.0,1621.0,30.0,2.245508982035928
1335670091,1566888198,EVT-0002,1526.0,1894.0,1515.0,1635.0,248.0,16.25163826998689
1352578078,1132792726,EVT-0002,755.0,930.0,770.0,759.0,186.0,24.635761589403973
1361521440,1413202163,EVT-0002,589.0,771.0,557.0,590.0,149.0,25.29711375212224
1394609428,1305686507,EVT-0002,1805.0,2551.0,1802.0,1847.0,701.0,38.83656509695291
1425610817,1240393805,EVT-0002,320.0,409.0,330.0,372.0,47.0,14.6875
1456207657,1862986803,EVT-0002,1020.0,1768.0,1034.0,943.0,839.0,82.25490196078431
1511022174,1812815243,EVT-0002,903.0,1217.0,912.0,1504.0,-278.0,-30.78626799557032
1520551320,1025231352,EVT-0002,1015.0,1336.0,1093.0,1201.0,213.0,20.985221674876847
1592062677,1464676570,EVT-0002,1004.0,1440.0,973.0,816.0,593.0,59.06374501992032
1706991829,1551107307,EVT-0002,1537.0,1748.0,1524.0,1967.0,-232.0,-15.09433962264151
1710163217,1885189138,EVT-0002,991.0,1299.0,1011.0,1127.0,192.0,19.374369323915236
1717519684,1801662945,EVT-0002,949.0,1052.0,937.0,1006.0,34.0,3.5827186512118017
1725623817,1289174306,EVT-0002,1077.0,1525.0,1121.0,1140.0,429.0,39.83286908077994
1742100898,1381937048,EVT-0002,305.0,335.0,369.0,385.0,14.0,4.590163934426229
1785764022,1486382629,EVT-0002,1156.0,1230.0,1128.0,1061.0,141.0,12.197231833910035
1811081532,1242598583,EVT-0002,1258.0,1400.0,1270.0,1185.0,227.0,18.044515103338632
1927430854,1489598965,EVT-0002,1383.0,2122.0,1378.0,1556.0,561.0,40.563991323210416
1993367014,1341720393,EVT-0002,902.0,968.0,761.0,644.0,183.0,20.288248337028826
1050506165,1782341873,EVT-0003,1361.0,1902.0,1415.0,1390.0,566.0,41.58706833210874
1139166684,1341720393,EVT-0003,1237.0,1642.0,1275.0,1004.0,676.0,54.64834276475343
1229022169,1731313338,EVT-0003,745.0,967.0,725.0,616.0,331.0,44.42953020134228
1352578078,1293528836,EVT-0003,1957.0,2109.0,1910.0,1804.0,258.0,13.183444047010731
1449331358,1474100561,EVT-0003,796.0,871.0,843.0,738.0,180.0,22.613065326633166
1761262934,1632734848,EVT-0003,1405.0,1710.0,1360.0,1504.0,161.0,11.459074733096084
1782077311,1501015600,EVT-0003,893.0,869.0,895.0,795.0,76.0,8.51063829787234
1867204764,1349686455,EVT-0003,1642.0,2230.0,1617.0,1704.0,501.0,30.5115712545676
1880717263,1058647219,EVT-0003,1779.0,2195.0,1758.0,2043.0,131.0,7.363687464867903
1964572899,1134509243,EVT-0003,804.0,831.0,797.0,1097.0,-273.0,-33.95522388059701
1011940271,1708639657,EVT-0004,1149.0,1282.0,1165.0,1059.0,239.0,20.800696257615318
1076376403,1025978341,EVT-0004,2598.0,3383.0,2362.0,2943.0,204.0,7.852193995381063
1107038659,1758794279,EVT-0004,2101.0,2845.0,2087.0,2592.0,239.0,11.375535459305093
1324722952,1333043895,EVT-0004,1296.0,1546.0,1323.0,1242.0,331.0,25.540123456790127
1330156328,1598998692,EVT-0004,1125.0,1422.0,1154.0,1065.0,386.0,34.31111111111111
1364458855,1541422121,EVT-0004,1542.0,1893.0,1496.0,1474.0,373.0,24.189364461738002
1423753536,1677860136,EVT-0004,1691.0,2071.0,1699.0,1828.0,251.0,14.843287995269073
1497642888,1995404856,EVT-0004,1234.0,1234.0,1263.0,1389.0,-126.0,-10.21069692058347
1645233598,1174145494,EVT-0004,1896.0,2702.0,1886.0,2034.0,658.0,34.70464135021097
1704331150,1702446943,EVT-0004,1790.0,2314.0,1793.0,1629.0,688.0,38.435754189944134
1746046261,1297391371,EVT-0004,945.0,1298.0,978.0,886.0,445.0,47.08994708994709
1749652321,1081498101,EVT-0004,689.0,667.0,732.0,568.0,142.0,20.609579100145137
1803502636,1657655308,EVT-0004,1201.0,1583.0,1076.0,899.0,559.0,46.54454621149042
1880426881,1453128708,EVT-0004,1823.0,2440.0,1775.0,2097.0,295.0,16.182117388919366
1964945871,1249657408,EVT-0004,1542.0,2085.0,1458.0,1746.0,255.0,16.536964980544745
1044379984,1765233105,EVT-0005,762.0,987.0,769.0,859.0,135.0,17.716535433070867
1094274762,1905395731,EVT-0005,579.0,738.0,553.0,524.0,188.0,32.469775474956826
1145899849,1806707737,EVT-0005,525.0,679.0,551.0,605.0,100.0,19.047619047619047
1194203331,1647196991,EVT-0005,1653.0,1986.0,1657.0,2408.0,-418.0,-25.287356321839084
1251567115,1268222167,EVT-0005,816.0,1023.0,809.0,870.0,146.0,17.892156862745097
1376656900,1732000645,EVT-0005,712.0,903.0,694.0,771.0,114.0,16.01123595505618
1413519731,1783823739,EVT-0005,1343.0,1654.0,1342.0,1932.0,-279.0,-20.774385703648548
1425340662,1595301304,EVT-0005,694.0,981.0,699.0,988.0,-2.0,-0.2881844380403458
1475115246,1282914906,EVT-0005,708.0,921.0,672.0,688.0,197.0,27.82485875706215
1567742360,1873780039,EVT-0005,1224.0,1731.0,1250.0,1584.0,173.0,14.133986928104575
1639269087,1084471394,EVT-0005,1582.0,2355.0,1557.0,1707.0,623.0,39.38053097345133
1676855970,1644815767,EVT-0005,1142.0,1528.0,1140.0,1702.0,-176.0,-15.411558669001751
1683943777,1138208594,EVT-0005,1287.0,1695.0,1284.0,1225.0,467.0,36.28593628593629
1719186219,1088938448,EVT-0005,687.0,834.0,655.0,734.0,68.0,9.8981077147016
1738903891,1061035188,EVT-0005,843.0,1294.0,816.0,710.0,557.0,66.073546856465
1828766265,1877986913,EVT-0005,320.0,370.0,435.0,402.0,83.0,25.937500000000004
1880426881,1657025858,EVT-0005,826.0,1038.0,838.0,908.0,142.0,17.191283292978206
1989798412,1166368237,EVT-0005,1181.0,1759.0,1128.0,1354.0,352.0,29.805249788314985
1326516303,1852326267,EVT-0006,1131.0,1659.0,1126.0,1086.0,568.0,50.221043324491596
1362648127,1828803407,EVT-0006,1089.0,1261.0,1040.0,1041.0,171.0,15.702479338842975
1785764022,1580871600,EVT-0006,776.0,899.0,766.0,833.0,56.0,7.216494845360824
1811081532,1789149345,EVT-0006,929.0,1030.0,945.0,833.0,213.0,22.92787944025834
1120080837,1746587884,EVT-0007,1076.0,1537.0,1120.0,1149.0,432.0,40.14869888475837
1265952337,1350739367,EVT-0007,2210.0,2673.0,1994.0,2167.0,290.0,13.122171945701359
1299418347,1848800052,EVT-0007,1717.0,2132.0,1719.0,1893.0,241.0,14.03610949330227
1332369119,1451721462,EVT-0007,1395.0,1776.0,1423.0,1463.0,341.0,24.444444444444443
1444774099,1614978876,EVT-0007,928.0,1001.0,905.0,850.0,128.0,13.793103448275861
1460081361,1132120993,EVT-0007,817.0,1173.0,780.0,786.0,350.0,42.83965728274174
1492077734,1880265578,EVT-0007,2296.0,3464.0,2222.0,2179.0,1211.0,52.743902439024396
1610177150,1722898792,EVT-0007,1708.0,2430.0,1711.0,2001.0,432.0,25.292740046838407
1672904236,1440538092,EVT-0007,1226.0,1579.0,1195.0,1267.0,281.0,22.920065252854812
1710163217,1368009035,EVT-0007,1461.0,1673.0,1443.0,1767.0,-112.0,-7.665982203969883
1714292012,1836894604,EVT-0007,1263.0,1595.0,1302.0,1617.0,17.0,1.3460015835312746
1714986282,1361620622,EVT-0007,1004.0,1295.0,995.0,967.0,319.0,31.772908366533866
1724092733,1042224778,EVT-0007,1685.0,2569.0,1668.0,2165.0,387.0,22.967359050445104
1814938340,1107378550,EVT-0007,1350.0,1669.0,1430.0,1567.0,182.0,13.481481481481481
1133616429,1154629764,EVT-0008,1035.0,1339.0,1013.0,908.0,409.0,39.51690821256039
1228081653,1937449878,EVT-0008,495.0,605.0,533.0,485.0,158.0,31.91919191919192
1327009084,1925142923,EVT-0008,1247.0,1481.0,1234.0,1282.0,186.0,14.91579791499599
1592062677,1413495239,EVT-0008,1971.0,2278.0,1727.0,2209.0,-175.0,-8.878741755454083
1636376422,1103232447,EVT-0008,1251.0,1483.0,1204.0,1257.0,179.0,14.308553157474021
1674345776,1844748057,EVT-0008,1362.0,1584.0,1363.0,1402.0,183.0,13.43612334801762
1719574174,1655374878,EVT-0008,694.0,864.0,547.0,543.0,174.0,25.072046109510087
1788421810,1309371148,EVT-0008,1266.0,1393.0,1259.0,1337.0,49.0,3.8704581358609795
1022312734,1275443434,EVT-0009,244.0,308.0,283.0,274.0,73.0,29.918032786885245
1048976678,1501344612,EVT-0009,506.0,828.0,505.0,515.0,312.0,61.6600790513834
1050506165,1250017203,EVT-0009,339.0,400.0,332.0,375.0,18.0,5.3097345132743365
1065870788,1769352273,EVT-0009,819.0,1285.0,837.0,912.0,391.0,47.74114774114774
1081051991,1870532862,EVT-0009,450.0,458.0,443.0,387.0,64.0,14.222222222222221
1098995024,1742974847,EVT-0009,536.0,818.0,519.0,533.0,268.0,50.0
1101185407,1356982086,EVT-0009,1115.0,1892.0,1092.0,1156.0,713.0,63.946188340807176
1133130363,1300654963,EVT-0009,1468.0,2507.0,1475.0,1737.0,777.0,52.929155313351494
1189244753,1635476009,EVT-0009,1291.0,1604.0,1288.0,1608.0,-7.0,-0.5422153369481022
1263807582,1689916181,EVT-0009,1401.0,2063.0,1280.0,1720.0,222.0,15.845824411134904
1280087226,1124726435,EVT-0009,2934.0,4882.0,2702.0,3362.0,1288.0,43.89911383776414
1296552940,1762971749,EVT-0009,453.0,685.0,436.0,494.0,174.0,38.41059602649007
1332369119,1494868502,EVT-0009,340.0,418.0,349.0,410.0,17.0,5.0
1413519731,1783823739,EVT-0009,1404.0,1753.0,1362.0,2077.0,-366.0,-26.06837606837607
1456299035,1423152481,EVT-0009,1556.0,2108.0,1591.0,2183.0,-40.0,-2.570694087403599
1481247389,1084919582,EVT-0009,1884.0,2604.0,1850.0,2165.0,405.0,21.496815286624205
1484724632,1747032997,EVT-0009,821.0,1002.0,823.0,1114.0,-110.0,-13.398294762484774
1547244776,1655727265,EVT-0009,430.0,573.0,442.0,576.0,9.0,2.0930232558139537
1552813903,1665478461,EVT-0009,657.0,1056.0,705.0,990.0,114.0,17.35159817351598
1567742360,1873780039,EVT-0009,1267.0,1789.0,1257.0,1644.0,135.0,10.655090765588003
1592123891,1124890801,EVT-0009,471.0,789.0,394.0,509.0,203.0,43.09978768577495
1595301304,1352216182,EVT-0009,763.0,1023.0,675.0,954.0,-19.0,-2.490170380078637
1639269087,1084471394,EVT-0009,1520.0,2315.0,1534.0,1750.0,579.0,38.09210526315789
1644815767,1138281740,EVT-0009,1152.0,1798.0,1113.0,1549.0,210.0,18.229166666666664
1674102136,1134089733,EVT-0009,625.0,638.0,755.0,658.0,110.0,17.599999999999998
1725724532,1018018261,EVT-0009,1209.0,1645.0,1183.0,1574.0,45.0,3.722084367245657
1740047711,1838439200,EVT-0009,986.0,1302.0,984.0,1331.0,-31.0,-3.1440162271805274
1862986803,1488515010,EVT-0009,1537.0,2059.0,1339.0,1744.0,117.0,7.6122316200390365
1896554999,1657035808,EVT-0009,1184.0,1664.0,1231.0,1388.0,323.0,27.280405405405407
1924355757,1412773438,EVT-0009,1339.0,2126.0,1341.0,1776.0,352.0,26.288274831964152
1132120993,1167711153,EVT-0010,675.0,711.0,664.0,684.0,16.0,2.3703703703703702
1189769080,1418997171,EVT-0010,1335.0,1562.0,1341.0,1643.0,-75.0,-5.617977528089887
1198262952,1536141264,EVT-0010,1116.0,1266.0,1094.0,1380.0,-136.0,-12.186379928315413
1202669523,1286477181,EVT-0010,1587.0,1997.0,1616.0,1972.0,54.0,3.402646502835539
1299418347,1350739367,EVT-0010,570.0,602.0,552.0,519.0,65.0,11.403508771929824
1423152481,1621199177,EVT-0010,1689.0,2273.0,1668.0,1715.0,537.0,31.793960923623445
1478412079,1762664088,EVT-0010,998.0,1104.0,1003.0,1023.0,86.0,8.617234468937877
1552813903,1747032997,EVT-0010,1513.0,2292.0,1507.0,1893.0,393.0,25.974884335756776
1594466975,1028050239,EVT-0010,637.0,779.0,624.0,562.0,204.0,32.025117739403456
1710163217,1133042691,EVT-0010,1048.0,1285.0,1050.0,1062.0,225.0,21.469465648854964
1714986282,1185877283,EVT-0010,1005.0,1091.0,979.0,1094.0,-29.0,-2.8855721393034823
1768831921,1199976907,EVT-0010,527.0,614.0,516.0,573.0,30.0,5.692599620493358
1812815243,1529045985,EVT-0010,979.0,1545.0,967.0,968.0,565.0,57.711950970377934
1828803407,1580871600,EVT-0010,418.0,418.0,466.0,492.0,-26.0,-6.220095693779904
1969108517,1169238601,EVT-0010,1302.0,1439.0,1280.0,1347.0,70.0,5.376344086021505
1107378550,1169149543,EVT-0011,403.0,463.0,438.0,397.0,101.0,25.06203473945409
1279507085,1213108081,EVT-0011,900.0,1177.0,738.0,761.0,254.0,28.22222222222222
1362560363,1950588461,EVT-0011,1126.0,1360.0,1090.0,1093.0,231.0,20.515097690941385
1368009035,1624547729,EVT-0011,868.0,1051.0,880.0,973.0,90.0,10.368663594470046
1433980129,1417682113,EVT-0011,297.0,355.0,310.0,266.0,102.0,34.34343434343434
1435949049,1590337907,EVT-0011,1416.0,2012.0,1280.0,1517.0,359.0,25.353107344632768
1475115246,1743431961,EVT-0011,719.0,1035.0,666.0,601.0,381.0,52.99026425591099
1552813903,1747032997,EVT-0011,1513.0,2292.0,1507.0,1893.0,393.0,25.974884335756776
1595774286,1390939977,EVT-0011,1197.0,1384.0,1286.0,1488.0,-15.0,-1.2531328320802004
1616418756,1635476009,EVT-0011,1076.0,1235.0,1105.0,1488.0,-224.0,-20.817843866171003
1670701188,1451721462,EVT-0011,1298.0,1675.0,1137.0,1306.0,208.0,16.024653312788907
1672904236,1167711153,EVT-0011,702.0,782.0,664.0,684.0,60.0,8.547008547008547
1683943777,1577953643,EVT-0011,699.0,918.0,753.0,761.0,211.0,30.185979971387695
1714986282,1185877283,EVT-0011,1005.0,1091.0,979.0,1094.0,-29.0,-2.8855721393034823
1724092733,1056679651,EVT-0011,1159.0,1468.0,1105.0,1379.0,35.0,3.019844693701467
1725623817,1289174306,EVT-0011,1137.0,1563.0,1137.0,1136.0,427.0,37.55496921723835
1745601371,1847562299,EVT-0011,352.0,386.0,345.0,312.0,67.0,19.03409090909091
1746046261,1174785596,EVT-0011,1041.0,1078.0,1043.0,1027.0,53.0,5.091258405379443
1768831921,1199976907,EVT-0011,527.0,614.0,516.0,573.0,30.0,5.692599620493358
1856406925,1746587884,EVT-0011,810.0,1046.0,825.0,844.0,217.0,26.79012345679012
1939785840,1172835138,EVT-0011,1720.0,2109.0,1740.0,2145.0,-16.0,-0.9302325581395349
1964945871,1730655531,EVT-0011,1096.0,1287.0,1028.0,1029.0,190.0,17.335766423357665
1074076039,1494868502,EVT-0012,1890.0,2471.0,1885.0,1851.0,615.0,32.53968253968254
1123148250,1760628762,EVT-0012,1159.0,1403.0,1088.0,1201.0,131.0,11.302847282139776
1265952337,1350739367,EVT-0012,2206.0,2645.0,1994.0,2246.0,187.0,8.476881233000906
1460081361,1897723296,EVT-0012,869.0,1202.0,690.0,682.0,341.0,39.24050632911392
1551962891,1789632894,EVT-0012,486.0,522.0,519.0,565.0,-10.0,-2.05761316872428
1648553570,1750236147,EVT-0012,1298.0,2000.0,1296.0,1649.0,349.0,26.887519260400616
1655321622,1042224778,EVT-0012,1663.0,2106.0,1638.0,2234.0,-153.0,-9.20024052916416
1683943777,1009179924,EVT-0012,1792.0,2088.0,1731.0,1945.0,82.0,4.575892857142857
1722038985,1850313960,EVT-0012,1096.0,1440.0,1121.0,1047.0,418.0,38.13868613138686
1836894604,1451721462,EVT-0012,1383.0,1649.0,1433.0,1507.0,192.0,13.882863340563992
1169614082,1381937048,EVT-0013,1163.0,1211.0,1156.0,1357.0,-153.0,-13.155631986242478
1191545544,1848624494,EVT-0013,1671.0,2144.0,1691.0,2021.0,143.0,8.557749850388989
1268222167,1849328657,EVT-0013,1511.0,1905.0,1528.0,1544.0,378.0,25.01654533421575
1271768685,1488515010,EVT-0013,1564.0,2382.0,1587.0,1701.0,704.0,45.012787723785166
1300654963,1473494189,EVT-0013,997.0,1430.0,972.0,983.0,422.0,42.326980942828484
1311764207,1297280590,EVT-0013,1773.0,2453.0,1698.0,2400.0,-22.0,-1.2408347433728144
1385532449,1815807585,EVT-0013,2403.0,3349.0,2464.0,3548.0,-138.0,-5.742821473158552
1418997171,1714021262,EVT-0013,2465.0,3220.0,2456.0,2707.0,504.0,20.446247464503042
1425340662,1812123887,EVT-0013,2018.0,2530.0,2025.0,2499.0,38.0,1.8830525272547076
1436505063,1548652282,EVT-0013,2236.0,2857.0,2270.0,2659.0,232.0,10.37567084078712
1456299035,1364720148,EVT-0013,1311.0,1463.0,1323.0,1792.0,-317.0,-24.18001525553013
1481247389,1080672524,EVT-0013,2036.0,2109.0,2006.0,2546.0,-467.0,-22.93713163064833
1567742360,1036327983,EVT-0013,791.0,988.0,813.0,912.0,98.0,12.389380530973451
1610820601,1135650855,EVT-0013,1551.0,1942.0,1605.0,1702.0,294.0,18.95551257253385
1639269087,1747032997,EVT-0013,1109.0,1444.0,1099.0,1642.0,-208.0,-18.755635707844906
1689916181,1665478461,EVT-0013,2198.0,3053.0,2292.0,2878.0,269.0,12.238398544131028
1707435529,1808826295,EVT-0013,1848.0,2621.0,1843.0,2855.0,-239.0,-12.932900432900432
1803233885,1512866082,EVT-0013,1419.0,2055.0,1417.0,1655.0,398.0,28.047921071176884
1123148250,1631526641,EVT-0014,1219.0,1419.0,1228.0,1325.0,103.0,8.44954881050041
1138208594,1120914548,EVT-0014,1631.0,2230.0,1635.0,1914.0,320.0,19.619865113427345
1167711153,1015191335,EVT-0014,1254.0,1712.0,1232.0,1251.0,439.0,35.00797448165869
1169238601,1656483868,EVT-0014,1418.0,1777.0,1388.0,1336.0,411.0,28.984485190409025
1265952337,1541379537,EVT-0014,2368.0,2791.0,2490.0,2772.0,141.0,5.954391891891892
1299418347,1848800052,EVT-0014,1811.0,2307.0,1753.0,1986.0,263.0,14.522363335173939
1376656900,1234567687,EVT-0014,1443.0,1820.0,1481.0,1484.0,374.0,25.918225918225918
1551962891,1057623450,EVT-0014,513.0,544.0,504.0,526.0,9.0,1.7543859649122806
1599978586,1131525051,EVT-0014,1625.0,2140.0,1625.0,1639.0,501.0,30.830769230769228
1722038985,1371759725,EVT-0014,1137.0,1599.0,1127.0,1085.0,504.0,44.327176781002635
1722898792,1923786978,EVT-0014,1705.0,2242.0,1664.0,1902.0,299.0,17.5366568914956
1897723296,1464805419,EVT-0014,659.0,754.0,531.0,466.0,160.0,24.279210925644918
1934829601,1409960642,EVT-0014,1681.0,2368.0,1477.0,1538.0,626.0,37.23973825104105
1084919582,1363342464,EVT-0015,2047.0,2620.0,2266.0,2896.0,-57.0,-2.784562774792379
1124890801,1316743925,EVT-0015,3058.0,3470.0,2967.0,4193.0,-814.0,-26.618705035971225
1133130363,1058325303,EVT-0015,1784.0,2306.0,1696.0,1764.0,454.0,25.448430493273545
1166368237,1689059347,EVT-0015,1246.0,1773.0,1247.0,1522.0,252.0,20.224719101123593
1169614082,1381937048,EVT-0015,1136.0,1153.0,1184.0,1360.0,-159.0,-13.996478873239438
1170846871,1892083019,EVT-0015,1841.0,2671.0,1855.0,2222.0,463.0,25.14937533948941
1200480071,1762971749,EVT-0015,1317.0,1879.0,1417.0,1508.0,471.0,35.7630979498861
1241711534,1295857761,EVT-0015,881.0,993.0,884.0,819.0,177.0,20.090805902383654
1335670091,1849328657,EVT-0015,1480.0,1521.0,1489.0,1622.0,-92.0,-6.216216216216217
1385532449,1815807585,EVT-0015,2557.0,3534.0,2560.0,3669.0,-132.0,-5.162299569808369
1397955463,1080672524,EVT-0015,2133.0,3266.0,2097.0,2637.0,593.0,27.80121894045945
1413519731,1812123887,EVT-0015,2096.0,3061.0,2081.0,2614.0,432.0,20.610687022900763
1423152481,1838439200,EVT-0015,2505.0,3108.0,2723.0,3449.0,-123.0,-4.910179640718563
1425340662,1769352273,EVT-0015,2105.0,2547.0,2056.0,1965.0,533.0,25.320665083135392
1456299035,1174238463,EVT-0015,1336.0,1432.0,1339.0,1480.0,-45.0,-3.3682634730538923
1489598965,1180932224,EVT-0015,2494.0,3072.0,2376.0,3473.0,-519.0,-20.809943865276665
1523681389,1275443434,EVT-0015,1335.0,1776.0,1332.0,1343.0,430.0,32.20973782771536
1526669415,1769234364,EVT-0015,1297.0,1699.0,1320.0,1556.0,166.0,12.798766383962992
1567742360,1534502129,EVT-0015,843.0,990.0,845.0,861.0,131.0,15.539739027283511
1613561947,1181854898,EVT-0015,1678.0,2623.0,1731.0,2445.0,231.0,13.766388557806913
1639269087,1102089657,EVT-0015,1146.0,1497.0,1050.0,1060.0,341.0,29.75567190226876
1644815767,1159833825,EVT-0015,2108.0,2331.0,2209.0,2617.0,-185.0,-8.776091081593927
1747032997,1099946885,EVT-0015,1126.0,1725.0,1130.0,1173.0,556.0,49.37833037300178
1747637738,1429255973,EVT-0015,698.0,817.0,625.0,671.0,73.0,10.458452722063036
1808826295,1732527431,EVT-0015,1922.0,2910.0,1762.0,2550.0,200.0,10.40582726326743
1848624494,1297280590,EVT-0015,1686.0,2048.0,1759.0,2531.0,-410.0,-24.31791221826809
1922670785,1997693654,EVT-0015,1653.0,2431.0,1640.0,1647.0,771.0,46.64246823956443
1927430854,1635581279,EVT-0015,3094.0,3742.0,3052.0,4127.0,-427.0,-13.800904977375566
1955620046,1523498065,EVT-0015,1663.0,2760.0,1575.0,1968.0,704.0,42.3331328923632
1018018261,1665478461,EVT-0016,2157.0,2985.0,2192.0,2959.0,61.0,2.8280018544274457
1084471394,1546151204,EVT-0016,1463.0,1681.0,1467.0,1994.0,-309.0,-21.120984278879014
1094274762,1479078465,EVT-0016,1203.0,1148.0,1090.0,913.0,122.0,10.141313383208644
1145899849,1721479586,EVT-0016,2065.0,2177.0,1934.0,2632.0,-586.0,-28.377723970944306
1180932224,1363342464,EVT-0016,2376.0,3473.0,2266.0,2896.0,467.0,19.654882154882156
1189769080,1251202242,EVT-0016,1910.0,2243.0,1901.0,2007.0,227.0,11.884816753926701
1191545544,1297280590,EVT-0016,1750.0,2094.0,1759.0,2531.0,-428.0,-24.45714285714286
1216575070,1548652282,EVT-0016,2396.0,2951.0,2305.0,2764.0,96.0,4.006677796327212
1271463741,1939052563,EVT-0016,894.0,871.0,928.0,903.0,2.0,0.22371364653243847
1335670091,1849328657,EVT-0016,1480.0,1521.0,1489.0,1622.0,-92.0,-6.216216216216217
1423152481,1489598965,EVT-0016,2505.0,3108.0,2494.0,3072.0,25.0,0.998003992015968
1456299035,1174238463,EVT-0016,1336.0,1432.0,1339.0,1480.0,-45.0,-3.3682634730538923
1523498065,1997693654,EVT-0016,1575.0,1968.0,1640.0,1647.0,386.0,24.50793650793651
1557944620,1812123887,EVT-0016,2205.0,3141.0,2081.0,2614.0,403.0,18.276643990929706
1567742360,1534502129,EVT-0016,843.0,990.0,845.0,861.0,131.0,15.539739027283511
1644815767,1159833825,EVT-0016,2108.0,2331.0,2209.0,2617.0,-185.0,-8.776091081593927
1686880901,1138281740,EVT-0016,1236.0,1527.0,1223.0,1575.0,-61.0,-4.935275080906148
1752727945,1233281843,EVT-0016,1046.0,1109.0,1059.0,964.0,158.0,15.105162523900573
1815807585,1838439200,EVT-0016,2560.0,3669.0,2723.0,3449.0,383.0,14.960937499999998
1824172013,1848624494,EVT-0016,1710.0,1974.0,1686.0,2048.0,-98.0,-5.730994152046784
1844747141,1223523766,EVT-0016,1257.0,1930.0,1299.0,1357.0,615.0,48.92601431980907
1009179924,1069143851,EVT-0017,981.0,1541.0,984.0,1028.0,516.0,52.59938837920489
1048976678,1200096471,EVT-0017,545.0,906.0,548.0,648.0,261.0,47.88990825688074
1107038659,1400951004,EVT-0017,754.0,1019.0,722.0,798.0,189.0,25.066312997347477
1117854327,1703230064,EVT-0017,261.0,355.0,267.0,253.0,108.0,41.37931034482759
1138281740,1937514325,EVT-0017,1060.0,1601.0,1067.0,1379.0,229.0,21.60377358490566
1198262952,1417682113,EVT-0017,474.0,550.0,480.0,395.0,161.0,33.9662447257384
1251567115,1529045985,EVT-0017,867.0,1130.0,872.0,962.0,173.0,19.953863898500575
1271463741,1223523766,EVT-0017,662.0,721.0,670.0,701.0,28.0,4.229607250755287
1299418347,1848800052,EVT-0017,789.0,911.0,807.0,1055.0,-126.0,-15.96958174904943
1341556789,1361620622,EVT-0017,1382.0,1956.0,1334.0,1354.0,554.0,40.08683068017366
1364458855,1508064668,EVT-0017,645.0,789.0,651.0,657.0,138.0,21.3953488372093
1375349903,1249126917,EVT-0017,1066.0,1427.0,1036.0,1378.0,19.0,1.7823639774859286
1386514024,1383406257,EVT-0017,529.0,660.0,523.0,561.0,93.0,17.580340264650285
1409867656,1980975555,EVT-0017,388.0,477.0,400.0,452.0,37.0,9.536082474226804
1435662964,1875708707,EVT-0017,396.0,621.0,406.0,340.0,291.0,73.48484848484848
1443520683,1057623450,EVT-0017,677.0,896.0,686.0,673.0,232.0,34.26883308714919
1478412079,1279255164,EVT-0017,825.0,948.0,852.0,952.0,23.0,2.7878787878787876
1486849361,1306006622,EVT-0017,512.0,536.0,509.0,562.0,-29.0,-5.6640625
1492077734,1721743411,EVT-0017,893.0,1183.0,940.0,934.0,296.0,33.14669652855543
1520551320,1524065749,EVT-0017,580.0,761.0,576.0,628.0,129.0,22.24137931034483
1567993435,1914644640,EVT-0017,608.0,782.0,602.0,664.0,112.0,18.421052631578945
1598661571,1352702876,EVT-0017,466.0,670.0,465.0,583.0,86.0,18.4549356223176
1631526641,1830884742,EVT-0017,1117.0,1403.0,1197.0,1244.0,239.0,21.396598030438675
1648626962,1976707814,EVT-0017,367.0,416.0,338.0,321.0,66.0,17.983651226158038
1655321622,1779918477,EVT-0017,501.0,611.0,482.0,520.0,72.0,14.37125748502994
1657725655,1120914548,EVT-0017,704.0,900.0,715.0,913.0,-2.0,-0.2840909090909091
1686880901,1643297637,EVT-0017,451.0,488.0,441.0,468.0,10.0,2.2172949002217295
1707435529,1080672524,EVT-0017,638.0,831.0,632.0,738.0,87.0,13.636363636363635
1719186219,1088938448,EVT-0017,717.0,880.0,654.0,699.0,118.0,16.457461645746164
1724092733,1624547729,EVT-0017,314.0,443.0,252.0,274.0,107.0,34.07643312101911
1732914373,1300832031,EVT-0017,988.0,1127.0,951.0,1262.0,-172.0,-17.408906882591094
1760628762,1750236147,EVT-0017,841.0,1192.0,902.0,1318.0,-65.0,-7.728894173602854
1762664088,1977228745,EVT-0017,607.0,666.0,607.0,703.0,-37.0,-6.095551894563426
1806103952,1185877283,EVT-0017,1082.0,1357.0,1116.0,1271.0,120.0,11.090573012939002
1841791217,1765233105,EVT-0017,729.0,839.0,764.0,844.0,30.0,4.11522633744856
1898803444,1295389203,EVT-0017,913.0,1353.0,851.0,861.0,430.0,47.097480832420594
1934829601,1742318383,EVT-0017,784.0,1027.0,781.0,894.0,130.0,16.581632653061224
1065091666,1827318308,EVT-0018,1137.0,1281.0,1153.0,1473.0,-176.0,-15.479331574318381
1136500869,1541422121,EVT-0018,1483.0,1888.0,1428.0,1502.0,331.0,22.31962238705327
1137408567,1657025858,EVT-0018,2485.0,3190.0,2469.0,2846.0,328.0,13.199195171026156
1330156328,1999506508,EVT-0018,1195.0,1409.0,1205.0,1448.0,-29.0,-2.426778242677824
1361521440,1713444978,EVT-0018,1620.0,1668.0,1626.0,1996.0,-322.0,-19.876543209876544
1364458855,1890077344,EVT-0018,1653.0,1966.0,1716.0,1811.0,218.0,13.188142770719905
1497642888,1708639657,EVT-0018,1199.0,1186.0,1123.0,1129.0,-19.0,-1.58465387823186
1666389063,1225504491,EVT-0018,683.0,734.0,735.0,771.0,15.0,2.1961932650073206
1706645516,1971977354,EVT-0018,1022.0,1217.0,1056.0,955.0,296.0,28.962818003913892
1993463169,1583696442,EVT-0018,1288.0,1543.0,1366.0,1233.0,388.0,30.124223602484474
1002145427,1714021262,EVT-0019,2477.0,3726.0,2402.0,2758.0,893.0,36.051675413807025
1018018261,1665478461,EVT-0019,2157.0,2985.0,2192.0,2959.0,61.0,2.8280018544274457
1048976678,1080672524,EVT-0019,2009.0,2910.0,2097.0,2637.0,361.0,17.96913887506222
1102089657,1060922949,EVT-0019,1050.0,1060.0,840.0,1009.0,-159.0,-15.142857142857144
1124890801,1209566128,EVT-0019,3058.0,3470.0,2826.0,3544.0,-306.0,-10.00654022236756
1133130363,1058325303,EVT-0019,1784.0,2306.0,1696.0,1764.0,454.0,25.448430493273545
1189769080,1251202242,EVT-0019,1910.0,2243.0,1901.0,2007.0,227.0,11.884816753926701
1200480071,1762971749,EVT-0019,1317.0,1879.0,1417.0,1508.0,471.0,35.7630979498861
1251567115,1451968915,EVT-0019,1286.0,1504.0,1263.0,1673.0,-192.0,-14.930015552099535
1264333323,1316743925,EVT-0019,2948.0,3828.0,2967.0,4193.0,-346.0,-11.736770691994572
1271768685,1356982086,EVT-0019,1639.0,2582.0,1601.0,2127.0,417.0,25.442342892007318
1300654963,1473494189,EVT-0019,1025.0,1411.0,976.0,1003.0,359.0,35.02439024390244
1413519731,1812123887,EVT-0019,2096.0,3061.0,2081.0,2614.0,432.0,20.610687022900763
1425340662,1769352273,EVT-0019,2105.0,2547.0,2056.0,1965.0,533.0,25.320665083135392
1484724632,1767508967,EVT-0019,2069.0,2308.0,2039.0,2422.0,-144.0,-6.959884001933301
1546151204,1261377760,EVT-0019,1467.0,1994.0,1506.0,1496.0,537.0,36.60531697341513
1595301304,1352216182,EVT-0019,2145.0,2630.0,1932.0,2302.0,115.0,5.361305361305361
1621199177,1501344612,EVT-0019,942.0,1291.0,919.0,827.0,441.0,46.81528662420382
1639269087,1099946885,EVT-0019,1146.0,1497.0,1130.0,1173.0,308.0,26.876090750436298
1644815767,1159833825,EVT-0019,2108.0,2331.0,2209.0,2617.0,-185.0,-8.776091081593927
1689916181,1877046932,EVT-0019,2346.0,3080.0,2382.0,2746.0,370.0,15.77152600170503
1725623817,1806479196,EVT-0019,2848.0,3747.0,2550.0,3332.0,117.0,4.10814606741573
1808826295,1892083019,EVT-0019,1922.0,2910.0,1855.0,2222.0,621.0,32.310093652445374
1903798589,1046736322,EVT-0019,1555.0,2098.0,1389.0,1432.0,500.0,32.154340836012864
1927430854,1635581279,EVT-0019,3094.0,3742.0,3052.0,4127.0,-427.0,-13.800904977375566
1057676243,1804484495,EVT-0020,987.0,1265.0,1005.0,1063.0,220.0,22.289766970618036
1060922949,1134089733,EVT-0020,840.0,1009.0,825.0,786.0,208.0,24.761904761904763
1133130363,1251202242,EVT-0020,1784.0,2306.0,1901.0,2007.0,416.0,23.318385650224215
1181854898,1732527431,EVT-0020,1731.0,2445.0,1762.0,2550.0,-74.0,-4.274985557481225
1251567115,1540759788,EVT-0020,1286.0,1504.0,1371.0,1238.0,351.0,27.29393468118196
1296552940,1058325303,EVT-0020,1738.0,2198.0,1696.0,1764.0,392.0,22.554660529344073
1300654963,1473494189,EVT-0020,1025.0,1411.0,976.0,1003.0,359.0,35.02439024390244
1321405205,1184426066,EVT-0020,970.0,1269.0,951.0,764.0,486.0,50.103092783505154
1356982086,1135650855,EVT-0020,1601.0,2127.0,1595.0,1672.0,449.0,28.044971892567144
1425340662,1812123887,EVT-0020,2105.0,2547.0,2081.0,2614.0,-91.0,-4.323040380047506
1451968915,1181360912,EVT-0020,1263.0,1673.0,1230.0,1439.0,201.0,15.914489311163896
1456299035,1174238463,EVT-0020,1336.0,1432.0,1339.0,1480.0,-45.0,-3.3682634730538923
1523681389,1275443434,EVT-0020,1335.0,1776.0,1332.0,1343.0,430.0,32.20973782771536
1566888198,1381937048,EVT-0020,1191.0,1294.0,1184.0,1360.0,-73.0,-6.129303106633081
1644815767,1159833825,EVT-0020,2108.0,2331.0,2209.0,2617.0,-185.0,-8.776091081593927
1747032997,1099946885,EVT-0020,1126.0,1725.0,1130.0,1173.0,556.0,49.37833037300178
1776723276,1548652282,EVT-0020,2274.0,3281.0,2305.0,2764.0,548.0,24.098504837291117
1815807585,1838439200,EVT-0020,2560.0,3669.0,2723.0,3449.0,383.0,14.960937499999998
1844747141,1223523766,EVT-0020,1257.0,1930.0,1299.0,1357.0,615.0,48.92601431980907
1849328657,1488515010,EVT-0020,1489.0,1622.0,1550.0,1764.0,-81.0,-5.439892545332438
1924355757,1352216182,EVT-0020,1787.0,2431.0,1932.0,2302.0,274.0,15.332960268606602
1009179924,1069143851,EVT-0021,981.0,1541.0,984.0,1028.0,516.0,52.59938837920489
1169614082,1529045985,EVT-0021,812.0,835.0,872.0,962.0,-67.0,-8.251231527093596
1243754490,1467704312,EVT-0021,785.0,1107.0,780.0,899.0,203.0,25.85987261146497
1398789739,1334793308,EVT-0021,439.0,526.0,431.0,483.0,35.0,7.972665148063782
1492077734,1279255164,EVT-0021,893.0,1183.0,852.0,952.0,190.0,21.27659574468085
1523987174,1085110611,EVT-0021,549.0,607.0,583.0,600.0,41.0,7.468123861566485
1536278926,1101142523,EVT-0021,701.0,789.0,703.0,734.0,57.0,8.131241084165477
1596580633,1806707737,EVT-0021,554.0,720.0,575.0,627.0,114.0,20.577617328519857
1670560261,1190842652,EVT-0021,873.0,1153.0,885.0,1094.0,71.0,8.132875143184421
1704492101,1245433184,EVT-0021,817.0,1007.0,812.0,830.0,172.0,21.052631578947366
1841791217,1765233105,EVT-0021,729.0,839.0,764.0,844.0,30.0,4.11522633744856
1107038659,1449048093,EVT-0022,875.0,1130.0,896.0,800.0,351.0,40.114285714285714
1198262952,1536141264,EVT-0022,1089.0,1300.0,1079.0,1410.0,-120.0,-11.019283746556475
1204787067,1071299832,EVT-0022,377.0,537.0,391.0,441.0,110.0,29.177718832891248
1244876920,1250524505,EVT-0022,331.0,350.0,335.0,318.0,36.0,10.876132930513595
1263807582,1316743925,EVT-0022,2089.0,2870.0,2153.0,2807.0,127.0,6.0794638583054095
1309371148,1635476009,EVT-0022,1104.0,1334.0,1096.0,1617.0,-291.0,-26.358695652173914
1334793308,1410468163,EVT-0022,596.0,656.0,590.0,552.0,98.0,16.44295302013423
1455101661,1702497342,EVT-0022,1393.0,1726.0,1359.0,1833.0,-141.0,-10.122038765254846
1486877065,1980975555,EVT-0022,828.0,1079.0,726.0,885.0,92.0,11.11111111111111
1536278926,1036327983,EVT-0022,625.0,723.0,626.0,701.0,23.0,3.6799999999999997
1548035017,1333896094,EVT-0022,805.0,922.0,731.0,700.0,148.0,18.385093167701864
1592062677,1824149854,EVT-0022,1082.0,1561.0,944.0,1056.0,367.0,33.91866913123845
1616418756,1769764832,EVT-0022,1107.0,1317.0,1056.0,1090.0,176.0,15.898825654923215
1707435529,1389159553,EVT-0022,839.0,982.0,894.0,1190.0,-153.0,-18.235995232419548
1710163217,1056679651,EVT-0022,1111.0,1346.0,1157.0,1439.0,-47.0,-4.23042304230423
1779411515,1835878442,EVT-0022,517.0,719.0,518.0,537.0,183.0,35.39651837524178
1803233885,1200096471,EVT-0022,805.0,992.0,723.0,717.0,193.0,23.975155279503106
1836939912,1728890785,EVT-0022,448.0,524.0,456.0,526.0,6.0,1.3392857142857142
1927430854,1773180629,EVT-0022,1497.0,2296.0,1463.0,1746.0,516.0,34.46893787575151
1964945871,1805422742,EVT-0022,1158.0,1318.0,1160.0,1467.0,-147.0,-12.694300518134716
1136500869,1541422121,EVT-0023,1483.0,1888.0,1428.0,1502.0,331.0,22.31962238705327
1172835138,1895078685,EVT-0023,2070.0,3008.0,1808.0,1906.0,840.0,40.57971014492754
1249657408,1453128708,EVT-0023,1549.0,1927.0,1593.0,2347.0,-376.0,-24.273724983860557
1506746308,1374898744,EVT-0023,894.0,985.0,897.0,792.0,196.0,21.92393736017897
1666389063,1225504491,EVT-0023,683.0,734.0,735.0,771.0,15.0,2.1961932650073206
1713444978,1551107307,EVT-0023,1626.0,1996.0,1722.0,2197.0,-105.0,-6.4575645756457565
1827318308,1257768279,EVT-0023,1153.0,1473.0,1102.0,1229.0,193.0,16.73894189071986
1836314447,1285330571,EVT-0023,2205.0,2735.0,2155.0,2160.0,525.0,23.809523809523807
1964945871,1677860136,EVT-0023,1666.0,2286.0,1647.0,1920.0,347.0,20.82833133253301
1995404856,1333043895,EVT-0023,1266.0,1505.0,1326.0,1171.0,394.0,31.121642969984205
1137408567,1657025858,EVT-0024,2485.0,3190.0,2469.0,2846.0,328.0,13.199195171026156
1330156328,1999506508,EVT-0024,1195.0,1409.0,1205.0,1448.0,-29.0,-2.426778242677824
1364458855,1890077344,EVT-0024,1653.0,1966.0,1716.0,1811.0,218.0,13.188142770719905
1394609428,1012264374,EVT-0024,3145.0,4508.0,3071.0,3837.0,597.0,18.982511923688396
1541422121,1518121706,EVT-0024,1428.0,1502.0,1261.0,1397.0,-62.0,-4.341736694677871
1645233598,1805422742,EVT-0024,2153.0,2855.0,2167.0,2129.0,740.0,34.37064561077566
1704331150,1432188427,EVT-0024,1883.0,2295.0,1841.0,2016.0,237.0,12.586298459904407
1836314447,1285330571,EVT-0024,2205.0,2735.0,2155.0,2160.0,525.0,23.809523809523807
1910188758,1456937691,EVT-0024,841.0,1010.0,890.0,834.0,225.0,26.7538644470868
1939785840,1028436479,EVT-0024,1431.0,1688.0,1448.0,1386.0,319.0,22.292103424178897
1993463169,1583696442,EVT-0024,1288.0,1543.0,1366.0,1233.0,388.0,30.124223602484474
1002145427,1714021262,EVT-0025,2506.0,3689.0,2451.0,3036.0,598.0,23.86272944932163
1018018261,1665478461,EVT-0025,2272.0,3116.0,2293.0,3017.0,120.0,5.28169014084507
1022312734,1529045985,EVT-0025,1031.0,1133.0,924.0,915.0,111.0,10.766246362754607
1065870788,1352216182,EVT-0025,1807.0,2211.0,1960.0,2335.0,29.0,1.6048699501936912
1166368237,1769234364,EVT-0025,1326.0,1796.0,1327.0,1500.0,297.0,22.39819004524887
1170846871,1997693654,EVT-0025,1935.0,2752.0,1561.0,1694.0,684.0,35.348837209302324
1190842652,1289174306,EVT-0025,944.0,1149.0,1135.0,1101.0,239.0,25.31779661016949
1251567115,1540759788,EVT-0025,1356.0,1508.0,1310.0,1250.0,212.0,15.634218289085547
1271768685,1297280590,EVT-0025,1745.0,2715.0,1712.0,2579.0,103.0,5.902578796561605
1279684447,1547660377,EVT-0025,934.0,1009.0,954.0,920.0,109.0,11.670235546038544
1284061300,1535820066,EVT-0025,2488.0,3466.0,2627.0,3638.0,-33.0,-1.3263665594855305
1316743925,1209566128,EVT-0025,2975.0,4423.0,2978.0,3630.0,796.0,26.7563025210084
1397955463,1080672524,EVT-0025,2259.0,3309.0,2115.0,2780.0,385.0,17.042939353696326
1436505063,1548652282,EVT-0025,2272.0,3175.0,2323.0,2824.0,402.0,17.693661971830984
1456299035,1572180861,EVT-0025,1386.0,1506.0,1366.0,1089.0,397.0,28.643578643578643
1657035808,1922185990,EVT-0025,472.0,542.0,415.0,421.0,64.0,13.559322033898304
1685524518,1773180629,EVT-0025,671.0,723.0,702.0,850.0,-96.0,-14.307004470938898
1721479586,1937514325,EVT-0025,2089.0,2706.0,1980.0,2735.0,-138.0,-6.606031594064146
1815807585,1838439200,EVT-0025,2720.0,3713.0,2755.0,3307.0,441.0,16.21323529411765
1862986803,1488515010,EVT-0025,1471.0,1747.0,1536.0,1777.0,35.0,2.379333786539769
1922670785,1732527431,EVT-0025,1718.0,2531.0,1736.0,2566.0,-17.0,-0.989522700814901
1927430854,1635581279,EVT-0025,3217.0,3814.0,3070.0,4337.0,-670.0,-20.826857320484923
1955620046,1892083019,EVT-0025,1864.0,2836.0,1895.0,2317.0,550.0,29.506437768240346
1094274762,1463019459,EVT-0026,1230.0,1191.0,1126.0,1348.0,-261.0,-21.21951219512195
1133130363,1058325303,EVT-0026,1791.0,2372.0,1702.0,1723.0,560.0,31.267448352875487
1180932224,1363342464,EVT-0026,2533.0,3540.0,2447.0,3034.0,420.0,16.581129095933676
1264333323,1209566128,EVT-0026,3001.0,4135.0,2978.0,3630.0,482.0,16.061312895701434
1266945785,1535820066,EVT-0026,2725.0,4200.0,2627.0,3638.0,464.0,17.027522935779814
1271768685,1297280590,EVT-0026,1745.0,2715.0,1712.0,2579.0,103.0,5.902578796561605
1279684447,1547660377,EVT-0026,934.0,1009.0,954.0,920.0,109.0,11.670235546038544
1355374483,1873780039,EVT-0026,1846.0,2196.0,1770.0,2048.0,72.0,3.9003250270855903
1377426493,1643297637,EVT-0026,1342.0,1630.0,1343.0,1443.0,188.0,14.008941877794337
1397955463,1080672524,EVT-0026,2259.0,3309.0,2115.0,2780.0,385.0,17.042939353696326
1413519731,1769352273,EVT-0026,2189.0,3154.0,2023.0,1969.0,1019.0,46.550936500685246
1425340662,1812123887,EVT-0026,2159.0,2628.0,2085.0,2589.0,-35.0,-1.6211208893006022
1526669415,1769234364,EVT-0026,1325.0,1744.0,1327.0,1500.0,246.0,18.566037735849054
1567742360,1184426066,EVT-0026,868.0,953.0,858.0,758.0,185.0,21.313364055299537
1615059528,1364720148,EVT-0026,1435.0,1894.0,1448.0,2028.0,-121.0,-8.432055749128919
1644815767,1159833825,EVT-0026,2193.0,2433.0,2228.0,2576.0,-108.0,-4.924760601915184
1686880901,1223523766,EVT-0026,1327.0,1530.0,1335.0,1322.0,216.0,16.277317256970612
1725623817,1412773438,EVT-0026,3047.0,3926.0,3395.0,4505.0,-231.0,-7.581227436823104
1732527431,1997693654,EVT-0026,1736.0,2566.0,1561.0,1694.0,697.0,40.14976958525346
1747032997,1099946885,EVT-0026,1252.0,1787.0,1132.0,1175.0,492.0,39.29712460063898
1803233885,1512866082,EVT-0026,1467.0,2267.0,1493.0,1586.0,707.0,48.19359236537151
1815807585,1838439200,EVT-0026,2720.0,3713.0,2755.0,3307.0,441.0,16.21323529411765
1924355757,1352216182,EVT-0026,1754.0,2574.0,1960.0,2335.0,445.0,25.37058152793615
1955620046,1892083019,EVT-0026,1864.0,2836.0,1895.0,2317.0,550.0,29.506437768240346
1228081653,1765149178,EVT-0027,542.0,537.0,570.0,589.0,-24.0,-4.428044280442804
1243754490,1071299832,EVT-0027,734.0,835.0,803.0,838.0,66.0,8.991825613079019
1616418756,1527981900,EVT-0027,993.0,1231.0,994.0,1065.0,167.0,16.817724068479357
1636376422,1925142923,EVT-0027,1223.0,1529.0,1159.0,1351.0,114.0,9.321340964840557
1788421810,1879821175,EVT-0027,1301.0,1479.0,1351.0,1582.0,-53.0,-4.073789392774789
1044666919,1724378447,EVT-0028,749.0,954.0,775.0,730.0,250.0,33.37783711615487
1163199601,1697719783,EVT-0028,1458.0,1354.0,1425.0,1698.0,-377.0,-25.857338820301784
1204261733,1334266743,EVT-0028,1453.0,1442.0,1434.0,1788.0,-365.0,-25.120440467997245
1204787067,1527981900,EVT-0028,997.0,1086.0,994.0,1065.0,18.0,1.8054162487462388
1330017819,1196385359,EVT-0028,1854.0,2654.0,1956.0,2930.0,-174.0,-9.385113268608414
1467704312,1635476009,EVT-0028,1093.0,1314.0,1113.0,1542.0,-208.0,-19.030192131747484
1512844550,1388802401,EVT-0028,1390.0,1694.0,1553.0,2045.0,-188.0,-13.525179856115107
1636376422,1925142923,EVT-0028,1223.0,1529.0,1159.0,1351.0,114.0,9.321340964840557
1824149854,1095874958,EVT-0028,1367.0,1667.0,1319.0,1491.0,128.0,9.36356986100951
1011940271,1174785596,EVT-0029,861.0,890.0,955.0,1012.0,-28.0,-3.2520325203252036
1107038659,1449048093,EVT-0029,879.0,1147.0,920.0,791.0,397.0,45.16496018202503
1133042691,1885189138,EVT-0029,965.0,1141.0,991.0,1194.0,-27.0,-2.7979274611398965
1257723886,1004543439,EVT-0029,1156.0,1400.0,1046.0,925.0,365.0,31.574394463667822
1324722952,1297391371,EVT-0029,739.0,824.0,710.0,658.0,137.0,18.538565629228685
1327009084,1697719783,EVT-0029,563.0,579.0,580.0,622.0,-26.0,-4.618117229129663
1330156328,1605645914,EVT-0029,224.0,241.0,173.0,186.0,4.0,1.7857142857142856
1398789739,1527981900,EVT-0029,657.0,716.0,650.0,775.0,-66.0,-10.045662100456621
1425340662,1412773438,EVT-0029,2076.0,2316.0,2077.0,2627.0,-310.0,-14.932562620423893
1435662964,1257768279,EVT-0029,1352.0,1518.0,1118.0,1124.0,160.0,11.834319526627219
1475115246,1443907526,EVT-0029,780.0,986.0,768.0,799.0,175.0,22.435897435897438
1523987174,1712965692,EVT-0029,560.0,523.0,557.0,627.0,-107.0,-19.107142857142854
1666389063,1223528765,EVT-0029,708.0,675.0,656.0,556.0,67.0,9.463276836158192
1681501296,1330067194,EVT-0029,802.0,890.0,771.0,822.0,37.0,4.613466334164588
1689059347,1046736322,EVT-0029,669.0,874.0,728.0,865.0,68.0,10.164424514200299
1702497342,1890077344,EVT-0029,1395.0,1786.0,1462.0,1562.0,291.0,20.86021505376344
1710163217,1042224778,EVT-0029,1118.0,1406.0,1041.0,1301.0,28.0,2.5044722719141324
1740626134,1012264374,EVT-0029,1289.0,1671.0,1606.0,1963.0,25.0,1.9394879751745537
1856406925,1464805419,EVT-0029,767.0,1171.0,697.0,699.0,402.0,52.411994784876136
1908168895,1650044724,EVT-0029,684.0,888.0,704.0,713.0,195.0,28.50877192982456
1910188758,1971977354,EVT-0029,616.0,578.0,610.0,552.0,20.0,3.2467532467532463
1922670785,1363342464,EVT-0029,2034.0,2501.0,2079.0,2722.0,-176.0,-8.652900688298919
1927430854,1080672524,EVT-0029,1569.0,2295.0,1544.0,1840.0,430.0,27.405991077119186
1939785840,1305686507,EVT-0029,1837.0,2219.0,1847.0,1985.0,244.0,13.282525857376157
1967802350,1679813331,EVT-0029,664.0,711.0,669.0,620.0,96.0,14.457831325301203
1174145494,1174785596,EVT-0030,1847.0,2187.0,1944.0,1677.0,607.0,32.86410395235517
1237205202,1297391371,EVT-0030,904.0,1111.0,924.0,989.0,142.0,15.70796460176991
1305686507,1028436479,EVT-0030,1391.0,2087.0,1406.0,1423.0,679.0,48.81380301941049
1423753536,1400951004,EVT-0030,1830.0,2130.0,1962.0,2516.0,-254.0,-13.879781420765028
1453128708,1299832539,EVT-0030,1594.0,2367.0,1611.0,1547.0,837.0,52.50941028858218
1645233598,1730655531,EVT-0030,2373.0,3001.0,2177.0,2521.0,284.0,11.967973029919934
1706645516,1971977354,EVT-0030,1010.0,1205.0,1029.0,975.0,249.0,24.653465346534652
1746046261,1657655308,EVT-0030,1020.0,1434.0,1013.0,908.0,519.0,50.882352941176464
1758794279,1805422742,EVT-0030,2108.0,2931.0,2154.0,2189.0,788.0,37.381404174573056
1803502636,1333043895,EVT-0030,1291.0,1785.0,1315.0,1174.0,635.0,49.18667699457785
1964945871,1677860136,EVT-0030,1740.0,2403.0,1656.0,1977.0,342.0,19.655172413793103
1040239976,1892307210,EVT-0031,715.0,785.0,716.0,793.0,-7.0,-0.9790209790209791
1123148250,1369949932,EVT-0031,1384.0,1765.0,1398.0,1588.0,191.0,13.800578034682081
1133130363,1261377760,EVT-0031,1030.0,1224.0,962.0,1040.0,116.0,11.262135922330096
1163199601,1081031506,EVT-0031,929.0,996.0,838.0,816.0,89.0,9.580193756727665
1169238601,1304105269,EVT-0031,1225.0,1506.0,1192.0,1236.0,237.0,19.346938775510203
1204787067,1774691384,EVT-0031,397.0,519.0,394.0,382.0,134.0,33.75314861460957
1265952337,1746587884,EVT-0031,828.0,1032.0,843.0,807.0,240.0,28.985507246376812
1296552940,1742974847,EVT-0031,345.0,378.0,359.0,321.0,71.0,20.579710144927535
1299418347,1331020234,EVT-0031,581.0,598.0,609.0,761.0,-135.0,-23.23580034423408
1352578078,1782341873,EVT-0031,864.0,1041.0,871.0,909.0,139.0,16.087962962962962
1443520683,1789632894,EVT-0031,1078.0,1125.0,1101.0,1152.0,-4.0,-0.3710575139146568
1481247389,1364720148,EVT-0031,1081.0,1229.0,1011.0,1308.0,-149.0,-13.783533765032377
1598661571,1025231352,EVT-0031,1106.0,1322.0,1133.0,1325.0,24.0,2.1699819168173597
1635476009,1769764832,EVT-0031,1105.0,1641.0,1023.0,1099.0,460.0,41.6289592760181
1704331150,1257768279,EVT-0031,1439.0,1758.0,1118.0,1124.0,313.0,21.751216122307156
1724092733,1056679651,EVT-0031,1215.0,1529.0,1202.0,1499.0,17.0,1.3991769547325104
1742859469,1960543621,EVT-0031,1121.0,1508.0,1124.0,1001.0,510.0,45.495093666369314
1760628762,1555285877,EVT-0031,537.0,647.0,465.0,519.0,56.0,10.42830540037244
1768225918,1785926670,EVT-0031,1002.0,1288.0,940.0,926.0,300.0,29.94011976047904
1808310134,1892897319,EVT-0031,1373.0,2001.0,1277.0,1565.0,340.0,24.763292061179897
1856406925,1464805419,EVT-0031,767.0,1171.0,697.0,699.0,402.0,52.411994784876136
1885189138,1042224778,EVT-0031,991.0,1194.0,1041.0,1301.0,-57.0,-5.751765893037336
1897395806,1541379537,EVT-0031,1426.0,1808.0,1450.0,1647.0,185.0,12.97335203366059
1075036339,1738916414,EVT-0032,1084.0,1278.0,1082.0,1226.0,50.0,4.612546125461255
1229022169,1072999711,EVT-0032,812.0,973.0,813.0,826.0,148.0,18.226600985221676
1681501296,1895795452,EVT-0032,582.0,608.0,614.0,578.0,62.0,10.652920962199312
1704308638,1031568581,EVT-0032,2370.0,3126.0,2568.0,2998.0,326.0,13.755274261603375
1710487228,1370467684,EVT-0032,633.0,688.0,611.0,556.0,110.0,17.377567140600316
1854852153,1870532862,EVT-0032,1059.0,1211.0,1169.0,1227.0,94.0,8.876298394711993
1889776344,1320611266,EVT-0032,1158.0,1443.0,1129.0,1308.0,106.0,9.153713298791018
1050705288,1630629040,EVT-0033,805.0,1029.0,801.0,1097.0,-72.0,-8.944099378881988
1098995024,1742974847,EVT-0033,601.0,900.0,507.0,506.0,300.0,49.91680532445923
1198262952,1320611266,EVT-0033,486.0,584.0,369.0,391.0,76.0,15.637860082304528
1243754490,1769764832,EVT-0033,750.0,1121.0,732.0,1002.0,101.0,13.466666666666665
1274985831,1795350721,EVT-0033,931.0,1233.0,955.0,1266.0,-9.0,-0.966702470461869
1309371148,1527981900,EVT-0033,499.0,571.0,515.0,558.0,29.0,5.811623246492986
1330156328,1028436479,EVT-0033,1036.0,1075.0,926.0,1103.0,-138.0,-13.320463320463322
1394609428,1012264374,EVT-0033,1743.0,2495.0,1683.0,2125.0,310.0,17.78542742398164
1494868502,1793685516,EVT-0033,357.0,426.0,409.0,374.0,104.0,29.13165266106443
1546151204,1473494189,EVT-0033,1186.0,1633.0,1191.0,1316.0,322.0,27.150084317032043
1552813903,1665478461,EVT-0033,762.0,1242.0,769.0,1019.0,230.0,30.183727034120732
1583696442,1756884833,EVT-0033,685.0,932.0,680.0,622.0,305.0,44.52554744525548
1598661571,1352702876,EVT-0033,475.0,699.0,467.0,580.0,111.0,23.36842105263158
1599989245,1535436392,EVT-0033,391.0,531.0,395.0,375.0,160.0,40.92071611253197
1610177150,1751172259,EVT-0033,831.0,1144.0,900.0,857.0,356.0,42.83995186522262
1655727265,1417682113,EVT-0033,467.0,636.0,421.0,396.0,194.0,41.54175588865097
1745601371,1880265578,EVT-0033,620.0,538.0,621.0,823.0,-284.0,-45.806451612903224
1768831921,1199976907,EVT-0033,1365.0,1589.0,1397.0,1845.0,-224.0,-16.41025641025641
1841791217,1765233105,EVT-0033,746.0,820.0,783.0,849.0,8.0,1.0723860589812333
1944079924,1715246280,EVT-0033,595.0,803.0,638.0,593.0,253.0,42.52100840336134
1022312734,1529045985,EVT-0034,1031.0,1133.0,924.0,915.0,111.0,10.766246362754607
1060922949,1134089733,EVT-0034,845.0,1039.0,773.0,764.0,203.0,24.023668639053255
1084471394,1261377760,EVT-0034,1548.0,1621.0,1467.0,1421.0,119.0,7.687338501291989
1180932224,1838439200,EVT-0034,2533.0,3540.0,2755.0,3307.0,455.0,17.96288985392815
1190842652,1289174306,EVT-0034,944.0,1149.0,1135.0,1101.0,239.0,25.31779661016949
1355374483,1873780039,EVT-0034,1846.0,2196.0,1770.0,2048.0,72.0,3.9003250270855903
1377426493,1643297637,EVT-0034,1342.0,1630.0,1343.0,1443.0,188.0,14.008941877794337
1423152481,1363342464,EVT-0034,2522.0,3116.0,2447.0,3034.0,7.0,0.2775574940523394
1425340662,1812123887,EVT-0034,2159.0,2628.0,2085.0,2589.0,-35.0,-1.6211208893006022
1425610817,1082909627,EVT-0034,1134.0,1338.0,1062.0,1002.0,264.0,23.28042328042328
1455779946,1046736322,EVT-0034,1588.0,2253.0,1275.0,1453.0,487.0,30.66750629722922
1488515010,1135650855,EVT-0034,1536.0,1777.0,1583.0,1682.0,142.0,9.244791666666668
1546151204,1058325303,EVT-0034,1550.0,1985.0,1702.0,1723.0,414.0,26.70967741935484
1567742360,1184426066,EVT-0034,868.0,953.0,858.0,758.0,185.0,21.313364055299537
1613561947,1997693654,EVT-0034,1781.0,2820.0,1561.0,1694.0,906.0,50.870297585626055
1644815767,1159833825,EVT-0034,2193.0,2433.0,2228.0,2576.0,-108.0,-4.924760601915184
1752727945,1851932792,EVT-0034,1064.0,1075.0,1063.0,1169.0,-95.0,-8.928571428571429
1776723276,1548652282,EVT-0034,2308.0,3305.0,2323.0,2824.0,496.0,21.49046793760832
1806707737,1961509027,EVT-0034,765.0,966.0,783.0,822.0,162.0,21.176470588235293
1808826295,1080672524,EVT-0034,1997.0,3029.0,2115.0,2780.0,367.0,18.377566349524287
1824172013,1297280590,EVT-0034,1666.0,2158.0,1712.0,2579.0,-375.0,-22.50900360144058
1903798589,1769234364,EVT-0034,1562.0,2147.0,1327.0,1500.0,412.0,26.376440460947503
1927430854,1635581279,EVT-0034,3217.0,3814.0,3070.0,4337.0,-670.0,-20.826857320484923
1955620046,1892083019,EVT-0034,1864.0,2836.0,1895.0,2317.0,550.0,29.506437768240346
1002145427,1714021262,EVT-0035,2506.0,3689.0,2451.0,3036.0,598.0,23.86272944932163
1018018261,1665478461,EVT-0035,2272.0,3116.0,2293.0,3017.0,120.0,5.28169014084507
1022312734,1529045985,EVT-0035,1031.0,1133.0,924.0,915.0,111.0,10.766246362754607
1048976678,1512866082,EVT-0035,2050.0,2793.0,1493.0,1586.0,650.0,31.70731707317073
1057676243,1082909627,EVT-0035,1042.0,1239.0,1062.0,1002.0,257.0,24.664107485604607
1080672524,1364720148,EVT-0035,2115.0,2780.0,1448.0,2028.0,85.0,4.0189125295508275
1133130363,1058325303,EVT-0035,1791.0,2372.0,1702.0,1723.0,560.0,31.267448352875487
1138281740,1463019459,EVT-0035,1188.0,1594.0,1126.0,1348.0,184.0,15.488215488215488
1166368237,1769234364,EVT-0035,1326.0,1796.0,1327.0,1500.0,297.0,22.39819004524887
1180932224,1363342464,EVT-0035,2533.0,3540.0,2447.0,3034.0,420.0,16.581129095933676
1190842652,1289174306,EVT-0035,944.0,1149.0,1135.0,1101.0,239.0,25.31779661016949
1316743925,1209566128,EVT-0035,2975.0,4423.0,2978.0,3630.0,796.0,26.7563025210084
1413519731,1812123887,EVT-0035,2189.0,3154.0,2085.0,2589.0,461.0,21.05984467793513
1436505063,1548652282,EVT-0035,2272.0,3175.0,2323.0,2824.0,402.0,17.693661971830984
1484724632,1767508967,EVT-0035,2119.0,2408.0,2144.0,2539.0,-106.0,-5.002359603586597
1613561947,1892083019,EVT-0035,1781.0,2820.0,1895.0,2317.0,617.0,34.64345873104997
1639269087,1099946885,EVT-0035,1127.0,1471.0,1132.0,1175.0,301.0,26.70807453416149
1806479196,1134632102,EVT-0035,2618.0,3484.0,2392.0,2581.0,677.0,25.859434682964093
1908168895,1590869917,EVT-0035,1258.0,1396.0,1252.0,1952.0,-562.0,-44.67408585055644
1922670785,1997693654,EVT-0035,1718.0,2531.0,1561.0,1694.0,680.0,39.58090803259604
1002145427,1714021262,EVT-0036,2506.0,3689.0,2451.0,3036.0,598.0,23.86272944932163
1065870788,1352216182,EVT-0036,1807.0,2211.0,1960.0,2335.0,29.0,1.6048699501936912
1133130363,1058325303,EVT-0036,1791.0,2372.0,1702.0,1723.0,560.0,31.267448352875487
1180932224,1363342464,EVT-0036,2533.0,3540.0,2447.0,3034.0,420.0,16.581129095933676
1425610817,1082909627,EVT-0036,1134.0,1338.0,1062.0,1002.0,264.0,23.28042328042328
1456299035,1572180861,EVT-0036,1386.0,1506.0,1366.0,1089.0,397.0,28.643578643578643
1484724632,1767508967,EVT-0036,2119.0,2408.0,2144.0,2539.0,-106.0,-5.002359603586597
1506356074,1333393084,EVT-0036,856.0,1133.0,858.0,1001.0,134.0,15.654205607476634
1590869917,1046736322,EVT-0036,1252.0,1952.0,1275.0,1453.0,522.0,41.69329073482428
1610820601,1135650855,EVT-0036,1579.0,1932.0,1583.0,1682.0,254.0,16.086130462317925
1615059528,1364720148,EVT-0036,1435.0,1894.0,1448.0,2028.0,-121.0,-8.432055749128919
1665478461,1877046932,EVT-0036,2293.0,3017.0,2395.0,2833.0,286.0,12.47274313126908
1707435529,1892083019,EVT-0036,1915.0,2811.0,1895.0,2317.0,474.0,24.75195822454308
1732527431,1512866082,EVT-0036,1736.0,2566.0,1493.0,1586.0,737.0,42.453917050691246
1747032997,1099946885,EVT-0036,1252.0,1787.0,1132.0,1175.0,492.0,39.29712460063898
1815807585,1838439200,EVT-0036,2720.0,3713.0,2755.0,3307.0,441.0,16.21323529411765
1922670785,1997693654,EVT-0036,1718.0,2531.0,1561.0,1694.0,680.0,39.58090803259604
1927430854,1635581279,EVT-0036,3217.0,3814.0,3070.0,4337.0,-670.0,-20.826857320484923
1075036339,1738916414,EVT-0037,1084.0,1278.0,1082.0,1226.0,50.0,4.612546125461255
1113023042,1113190601,EVT-0037,852.0,1053.0,826.0,749.0,278.0,32.629107981220656
1134509243,1416644254,EVT-0037,886.0,1222.0,714.0,665.0,385.0,43.45372460496614
1229022169,1072999711,EVT-0037,812.0,973.0,813.0,826.0,148.0,18.226600985221676
1547244776,1903121188,EVT-0037,856.0,1063.0,851.0,732.0,326.0,38.084112149532714
1626268928,1330067194,EVT-0037,1926.0,2330.0,1913.0,2312.0,5.0,0.25960539979231567
1696606064,1960543621,EVT-0037,874.0,947.0,910.0,854.0,129.0,14.759725400457665
1710487228,1370467684,EVT-0037,633.0,688.0,611.0,556.0,110.0,17.377567140600316
1407931751,1841542198,EVT-0038,783.0,892.0,783.0,748.0,144.0,18.39080459770115
1659738110,1486382629,EVT-0038,674.0,870.0,669.0,674.0,191.0,28.338278931750743
1704492101,1775891033,EVT-0038,1133.0,1144.0,1158.0,1198.0,-29.0,-2.559576345984113
1737256036,1480599715,EVT-0038,853.0,1033.0,863.0,878.0,165.0,19.343493552168816
1893606271,1788668972,EVT-0038,1579.0,1999.0,1506.0,1543.0,383.0,24.255858138062063
1031568581,1152018085,EVT-0039,519.0,641.0,523.0,636.0,9.0,1.7341040462427744
1159841240,1838809964,EVT-0039,699.0,934.0,678.0,691.0,222.0,31.759656652360512
1198262952,1417682113,EVT-0039,485.0,608.0,392.0,405.0,110.0,22.68041237113402
1241711534,1804484495,EVT-0039,754.0,780.0,777.0,463.0,340.0,45.09283819628647
1274985831,1795350721,EVT-0039,940.0,1168.0,1018.0,1243.0,3.0,0.3191489361702127
1286477181,1304105269,EVT-0039,998.0,1410.0,998.0,1087.0,323.0,32.364729458917836
1321405205,1922185990,EVT-0039,161.0,187.0,236.0,271.0,-9.0,-5.590062111801243
1389159553,1635581279,EVT-0039,1371.0,1954.0,1464.0,2463.0,-416.0,-30.34281546316557
1435949049,1222151080,EVT-0039,915.0,1053.0,892.0,1082.0,-52.0,-5.683060109289618
1453128708,1449048093,EVT-0039,485.0,569.0,474.0,426.0,132.0,27.216494845360824
1467704312,1901417067,EVT-0039,753.0,1031.0,753.0,936.0,95.0,12.616201859229747
1523498065,1200096471,EVT-0039,649.0,815.0,526.0,697.0,-5.0,-0.7704160246533128
1583696442,1332504376,EVT-0039,712.0,922.0,687.0,574.0,323.0,45.36516853932584
1590869917,1209829039,EVT-0039,990.0,1119.0,1071.0,1455.0,-255.0,-25.757575757575758
1595774286,1925493359,EVT-0039,823.0,1020.0,639.0,567.0,269.0,32.68529769137303
1610177150,1751172259,EVT-0039,866.0,1211.0,865.0,893.0,317.0,36.60508083140878
1648626962,1976707814,EVT-0039,354.0,411.0,328.0,285.0,100.0,28.24858757062147
1685524518,1393729789,EVT-0039,606.0,602.0,543.0,733.0,-194.0,-32.01320132013201
1703413967,1156754057,EVT-0039,958.0,1279.0,944.0,848.0,417.0,43.528183716075155
1721479586,1434523506,EVT-0039,757.0,979.0,797.0,818.0,201.0,26.55217965653897
1738903891,1769333869,EVT-0039,1051.0,1544.0,862.0,877.0,478.0,45.48049476688868
1750236147,1440623548,EVT-0039,1049.0,1366.0,1017.0,1134.0,200.0,19.065776930409914
1806707737,1961509027,EVT-0039,599.0,659.0,559.0,570.0,49.0,8.180300500834726
1944079924,1715246280,EVT-0039,647.0,799.0,629.0,597.0,184.0,28.438948995363216
1955222058,1923786978,EVT-0039,1061.0,1323.0,1057.0,1302.0,17.0,1.6022620169651274
1124890801,1209566128,EVT-0040,3164.0,3611.0,3048.0,3800.0,-305.0,-9.639696586599241
1200480071,1261377760,EVT-0040,1475.0,1930.0,1521.0,1414.0,562.0,38.101694915254235
1377426493,1296624285,EVT-0040,1379.0,1664.0,1376.0,1301.0,360.0,26.10587382160986
1385532449,1363342464,EVT-0040,2645.0,3874.0,2496.0,3249.0,476.0,17.996219281663517
1436505063,1548652282,EVT-0040,2300.0,3253.0,2360.0,2882.0,431.0,18.73913043478261
1484724632,1767508967,EVT-0040,2103.0,2437.0,2134.0,2468.0,0.0,0.0
1686880901,1643297637,EVT-0040,1337.0,1514.0,1386.0,1420.0,143.0,10.69558713537771
1689916181,1714021262,EVT-0040,2546.0,3319.0,2490.0,3165.0,98.0,3.8491751767478397
1752727945,1851932792,EVT-0040,1061.0,1073.0,1063.0,1130.0,-55.0,-5.183788878416588
1815807585,1838439200,EVT-0040,2880.0,3835.0,2959.0,3640.0,274.0,9.51388888888889
1844747141,1223523766,EVT-0040,1401.0,2130.0,1396.0,1308.0,817.0,58.31548893647395
1955620046,1892083019,EVT-0040,1990.0,2924.0,1835.0,2360.0,409.0,20.552763819095475
1065091666,1756884833,EVT-0041,1174.0,1187.0,1006.0,979.0,40.0,3.4071550255536627
1324237324,1702446943,EVT-0041,1555.0,1621.0,1582.0,1667.0,-19.0,-1.2218649517684887
1330156328,1999506508,EVT-0041,1307.0,1406.0,1285.0,1430.0,-46.0,-3.519510328997705
1365873573,1028436479,EVT-0041,1548.0,1794.0,1424.0,1406.0,264.0,17.05426356589147
1394609428,1012264374,EVT-0041,3126.0,4699.0,3188.0,4070.0,691.0,22.104926423544466
1435662964,1257768279,EVT-0041,1155.0,1265.0,1093.0,1204.0,-1.0,-0.08658008658008658
1449048093,1736538384,EVT-0041,448.0,501.0,441.0,400.0,94.0,20.982142857142858
1497642888,1333043895,EVT-0041,1215.0,1161.0,1263.0,1107.0,102.0,8.395061728395062
1518121706,1630629040,EVT-0041,1221.0,1389.0,985.0,1211.0,-58.0,-4.75020475020475
1677860136,1299832539,EVT-0041,1674.0,1928.0,1642.0,1553.0,343.0,20.48984468339307
1704331150,1432188427,EVT-0041,1946.0,2422.0,1956.0,2172.0,260.0,13.360739979445016
1746046261,1708639657,EVT-0041,1049.0,1498.0,990.0,1118.0,321.0,30.60057197330791
1025978341,1805422742,EVT-0042,1328.0,1489.0,1485.0,1721.0,-75.0,-5.647590361445784
1048976678,1393729789,EVT-0042,639.0,952.0,543.0,733.0,123.0,19.248826291079812
1065455036,1642024693,EVT-0042,378.0,399.0,408.0,362.0,67.0,17.724867724867725
1074076039,1443907526,EVT-0042,1275.0,1719.0,1222.0,1527.0,139.0,10.901960784313726
1078096579,1742318383,EVT-0042,726.0,888.0,714.0,863.0,13.0,1.790633608815427
1107038659,1400951004,EVT-0042,780.0,1072.0,717.0,799.0,210.0,26.923076923076923
1180932224,1838439200,EVT-0042,1092.0,1501.0,1070.0,1316.0,163.0,14.926739926739927
1265952337,1056679651,EVT-0042,476.0,597.0,488.0,626.0,-17.0,-3.571428571428571
1286477181,1304105269,EVT-0042,998.0,1410.0,998.0,1087.0,323.0,32.364729458917836
1299418347,1541379537,EVT-0042,840.0,927.0,841.0,928.0,0.0,0.0
1386514024,1383406257,EVT-0042,549.0,657.0,538.0,514.0,132.0,24.043715846994534
1455779946,1352216182,EVT-0042,764.0,958.0,797.0,1062.0,-71.0,-9.293193717277488
1475115246,1282914906,EVT-0042,819.0,1003.0,673.0,782.0,75.0,9.157509157509157
1494868502,1793685516,EVT-0042,367.0,444.0,419.0,363.0,133.0,36.23978201634878
1533003293,1262874856,EVT-0042,680.0,802.0,682.0,701.0,103.0,15.147058823529411
1557944620,1769234364,EVT-0042,887.0,1138.0,863.0,1049.0,65.0,7.328072153325817
1595774286,1925493359,EVT-0042,823.0,1020.0,639.0,567.0,269.0,32.68529769137303
1598661571,1892307210,EVT-0042,498.0,732.0,490.0,461.0,263.0,52.81124497991968
1670701188,1923786978,EVT-0042,925.0,1041.0,1057.0,1302.0,-129.0,-13.945945945945946
1683943777,1361620622,EVT-0042,1398.0,1910.0,1336.0,1337.0,511.0,36.55221745350501
1714986282,1185877283,EVT-0042,1067.0,1238.0,1067.0,1248.0,-10.0,-0.937207122774133
1719186219,1088938448,EVT-0042,723.0,886.0,677.0,691.0,149.0,20.60857538035961
1727463709,1850313960,EVT-0042,368.0,465.0,355.0,307.0,145.0,39.40217391304348
1747637738,1377516020,EVT-0042,403.0,405.0,419.0,378.0,43.0,10.669975186104217
1814938340,1751172259,EVT-0042,827.0,967.0,865.0,893.0,112.0,13.54292623941959
1824149854,1838809964,EVT-0042,662.0,817.0,678.0,691.0,142.0,21.45015105740181
1840863041,1775891033,EVT-0042,331.0,498.0,331.0,421.0,77.0,23.26283987915408
1848624494,1540759788,EVT-0042,642.0,742.0,664.0,803.0,-39.0,-6.074766355140187
1880265578,1200346587,EVT-0042,643.0,822.0,651.0,734.0,96.0,14.930015552099535
1324722952,1333043895,EVT-0043,1389.0,1416.0,1263.0,1107.0,183.0,13.174946004319654
1394609428,1012264374,EVT-0043,3126.0,4699.0,3188.0,4070.0,691.0,22.104926423544466
1583696442,1257768279,EVT-0043,1255.0,1277.0,1093.0,1204.0,-89.0,-7.091633466135458
1703413967,1295389203,EVT-0043,1357.0,1530.0,1441.0,1392.0,222.0,16.359616801768606
1704331150,1432188427,EVT-0043,1946.0,2422.0,1956.0,2172.0,260.0,13.360739979445016
1749652321,1939526327,EVT-0043,701.0,587.0,710.0,606.0,-10.0,-1.4265335235378032
1993463169,1756884833,EVT-0043,1280.0,1624.0,1006.0,979.0,371.0,28.984375
1041585906,1051073538,EVT-0044,804.0,862.0,777.0,690.0,145.0,18.034825870646767
1358245029,1743613295,EVT-0044,1011.0,1122.0,970.0,918.0,163.0,16.12265084075173
1758206720,1852326267,EVT-0044,1115.0,1284.0,1026.0,1102.0,93.0,8.340807174887892
1811081532,1511742359,EVT-0044,1009.0,1137.0,982.0,1155.0,-45.0,-4.4598612487611495
1044666919,1724378447,EVT-0045,735.0,1008.0,796.0,695.0,374.0,50.884353741496604
1398789739,1914644640,EVT-0045,1420.0,1427.0,1384.0,1434.0,-43.0,-3.028169014084507
1413495239,1026926489,EVT-0045,1972.0,2445.0,1772.0,2211.0,34.0,1.7241379310344827
1616418756,1527981900,EVT-0045,1073.0,1222.0,1017.0,1052.0,114.0,10.624417520969246
1697719783,1388802401,EVT-0045,1466.0,1721.0,1573.0,2051.0,-223.0,-15.211459754433834
1728890785,1974446365,EVT-0045,925.0,1338.0,848.0,904.0,357.0,38.5945945945946
1836939912,1464676570,EVT-0045,1075.0,1307.0,1057.0,955.0,334.0,31.069767441860463
1980975555,1769764832,EVT-0045,1229.0,1572.0,1270.0,1899.0,-286.0,-23.270951993490645
1022312734,1275443434,EVT-0046,278.0,309.0,271.0,300.0,2.0,0.7194244604316548
1036327983,1922185990,EVT-0046,240.0,331.0,236.0,271.0,56.0,23.333333333333332
1050506165,1250017203,EVT-0046,353.0,509.0,351.0,390.0,117.0,33.14447592067989
1098995024,1742974847,EVT-0046,645.0,891.0,489.0,519.0,216.0,33.48837209302326
1133130363,1209566128,EVT-0046,1839.0,2581.0,1791.0,2371.0,162.0,8.809135399673735
1133616429,1020833996,EVT-0046,383.0,450.0,396.0,485.0,-22.0,-5.7441253263707575
1170846871,1295857761,EVT-0046,242.0,286.0,240.0,201.0,83.0,34.29752066115703
1180932224,1838439200,EVT-0046,1092.0,1501.0,1070.0,1316.0,163.0,14.926739926739927
1274985831,1795350721,EVT-0046,940.0,1168.0,1018.0,1243.0,3.0,0.3191489361702127
1300832031,1069143851,EVT-0046,963.0,1427.0,980.0,1104.0,340.0,35.306334371754936
1333393084,1135650855,EVT-0046,1033.0,1315.0,957.0,993.0,246.0,23.814133591481124
1334266016,1566276774,EVT-0046,1575.0,2093.0,1543.0,2159.0,-98.0,-6.222222222222222
1335670091,1166978878,EVT-0046,283.0,338.0,313.0,299.0,69.0,24.381625441696116
1377426493,1873780039,EVT-0046,1347.0,1805.0,1341.0,1830.0,-31.0,-2.3014105419450632
1385532449,1174238463,EVT-0046,1202.0,1693.0,1130.0,1324.0,297.0,24.708818635607322
1386514024,1383406257,EVT-0046,549.0,657.0,538.0,514.0,132.0,24.043715846994534
1423152481,1364720148,EVT-0046,1863.0,2449.0,1790.0,2290.0,86.0,4.616210413311863
1453128708,1657655308,EVT-0046,485.0,569.0,411.0,505.0,-10.0,-2.0618556701030926
1475115246,1751172259,EVT-0046,819.0,1003.0,865.0,893.0,156.0,19.047619047619047
1540759788,1381937048,EVT-0046,664.0,803.0,675.0,699.0,115.0,17.319277108433734
1595301304,1769234364,EVT-0046,886.0,1033.0,863.0,1049.0,-39.0,-4.401805869074492
1610820601,1181360912,EVT-0046,469.0,604.0,519.0,570.0,84.0,17.91044776119403
1670701188,1923786978,EVT-0046,925.0,1041.0,1057.0,1302.0,-129.0,-13.945945945945946
1714986282,1185877283,EVT-0046,1067.0,1238.0,1067.0,1248.0,-10.0,-0.937207122774133
1721479586,1434523506,EVT-0046,757.0,979.0,797.0,818.0,201.0,26.55217965653897
1742579091,1134089733,EVT-0046,717.0,887.0,725.0,690.0,205.0,28.591352859135288
1747032997,1261377760,EVT-0046,909.0,1219.0,870.0,1025.0,155.0,17.05170517051705
1747637738,1377516020,EVT-0046,403.0,405.0,419.0,378.0,43.0,10.669975186104217
1768225918,1835878442,EVT-0046,661.0,774.0,642.0,586.0,169.0,25.56732223903177
1779411515,1225504491,EVT-0046,1158.0,1498.0,1005.0,1115.0,230.0,19.86183074265976
1903798589,1783823739,EVT-0046,1670.0,2338.0,1627.0,2188.0,107.0,6.407185628742515
1937514325,1547660377,EVT-0046,1153.0,1451.0,1153.0,1299.0,152.0,13.183000867302688
1025231352,1739712036,EVT-0047,1118.0,1384.0,1185.0,1021.0,430.0,38.46153846153847
1101185407,1428222503,EVT-0047,699.0,881.0,653.0,615.0,220.0,31.47353361945637
1123148250,1369949932,EVT-0047,1462.0,1788.0,1416.0,1611.0,131.0,8.960328317373461
1139166684,1341720393,EVT-0047,701.0,880.0,676.0,656.0,199.0,28.38801711840228
1357524945,1757283357,EVT-0047,891.0,1430.0,802.0,887.0,454.0,50.953984287317624
1358245029,1943531446,EVT-0047,749.0,855.0,727.0,748.0,85.0,11.348464619492656
1376656900,1555285877,EVT-0047,476.0,602.0,491.0,493.0,124.0,26.05042016806723
1460081361,1746587884,EVT-0047,851.0,1107.0,863.0,812.0,307.0,36.07520564042303
1474100561,1588179048,EVT-0047,559.0,557.0,497.0,481.0,14.0,2.5044722719141324
1512844550,1081031506,EVT-0047,922.0,965.0,840.0,785.0,98.0,10.629067245119305
1704492101,1981504099,EVT-0047,256.0,289.0,242.0,211.0,64.0,25.0
1719186219,1015632783,EVT-0047,801.0,839.0,808.0,672.0,174.0,21.722846441947567
1732527431,1393729789,EVT-0047,1250.0,1550.0,1236.0,1435.0,101.0,8.08
1856406925,1624547729,EVT-0047,781.0,1183.0,837.0,1001.0,238.0,30.473751600512163
1880717263,1320611266,EVT-0047,914.0,1082.0,894.0,956.0,106.0,11.597374179431071
1934829601,1304105269,EVT-0047,1242.0,1530.0,1196.0,1244.0,240.0,19.32367149758454
1139166684,1341720393,EVT-0048,701.0,880.0,676.0,656.0,199.0,28.38801711840228
1246066447,1892897319,EVT-0048,1289.0,1425.0,1312.0,1568.0,-120.0,-9.309542280837858
1352578078,1782341873,EVT-0048,862.0,1052.0,855.0,879.0,166.0,19.25754060324826
1370467684,1160075531,EVT-0048,394.0,396.0,389.0,372.0,19.0,4.822335025380711
1436505063,1548652282,EVT-0048,1255.0,1743.0,1248.0,1312.0,424.0,33.78486055776892
1478412079,1293643247,EVT-0048,1049.0,1174.0,982.0,1187.0,-80.0,-7.626310772163966
1547112395,1250113473,EVT-0048,329.0,438.0,319.0,278.0,150.0,45.59270516717325
1592062677,1095874958,EVT-0048,1202.0,1652.0,1291.0,1538.0,203.0,16.888519134775372
1598661571,1105435741,EVT-0048,1073.0,1344.0,984.0,996.0,259.0,24.137931034482758
1616418756,1769764832,EVT-0048,1106.0,1275.0,1076.0,1190.0,55.0,4.972875226039783
1903798589,1219172859,EVT-0048,1299.0,1451.0,1226.0,1480.0,-102.0,-7.852193995381063
1934763735,1041640354,EVT-0048,1565.0,2043.0,1564.0,1673.0,369.0,23.578274760383387
1993367014,1798313247,EVT-0048,993.0,1030.0,1009.0,812.0,234.0,23.564954682779458
1103232447,1618352078,EVT-0049,1100.0,1395.0,1141.0,1235.0,201.0,18.272727272727273
1409867656,1527981900,EVT-0049,1088.0,1192.0,1017.0,1052.0,69.0,6.341911764705882
1467704312,1914644640,EVT-0049,1161.0,1314.0,1384.0,1434.0,103.0,8.871662360034453
1635476009,1874547676,EVT-0049,1160.0,1530.0,972.0,1110.0,232.0,20.0
1769764832,1879821175,EVT-0049,1270.0,1899.0,1334.0,1586.0,377.0,29.68503937007874
1041585906,1424541534,EVT-0050,413.0,613.0,396.0,432.0,164.0,39.70944309927361
1198262952,1320611266,EVT-0050,485.0,608.0,372.0,421.0,74.0,15.257731958762887
1238983617,1113953065,EVT-0050,833.0,1023.0,827.0,971.0,46.0,5.5222088835534215
1264333323,1134089733,EVT-0050,652.0,831.0,725.0,690.0,214.0,32.82208588957055
1273912869,1674708775,EVT-0050,598.0,697.0,603.0,815.0,-113.0,-18.896321070234116
1533003293,1262874856,EVT-0050,680.0,802.0,682.0,701.0,103.0,15.147058823529411
1592123891,1742974847,EVT-0050,582.0,949.0,489.0,519.0,337.0,57.90378006872853
1655727265,1417682113,EVT-0050,461.0,645.0,392.0,405.0,171.0,37.093275488069416
1681501296,1390158669,EVT-0050,373.0,355.0,351.0,393.0,-60.0,-16.0857908847185
1779411515,1225504491,EVT-0050,1158.0,1498.0,1005.0,1115.0,230.0,19.86183074265976
1808826295,1174238463,EVT-0050,1180.0,1537.0,1130.0,1324.0,163.0,13.813559322033896
1944079924,1715246280,EVT-0050,647.0,799.0,629.0,597.0,184.0,28.438948995363216
1123148250,1234567687,EVT-0051,1232.0,1528.0,1368.0,1418.0,246.0,19.967532467532468
1444774099,1361620622,EVT-0051,941.0,1006.0,952.0,1045.0,-28.0,-2.975557917109458
1655321622,1042224778,EVT-0051,1882.0,2051.0,1916.0,2216.0,-131.0,-6.9606801275239105
1710163217,1056679651,EVT-0051,1501.0,1693.0,1526.0,1664.0,54.0,3.597601598934044
1908127628,1743431961,EVT-0051,962.0,999.0,966.0,815.0,188.0,19.542619542619544
1123148250,1706770306,EVT-0052,1294.0,1507.0,978.0,1014.0,177.0,13.67851622874807
1368009035,1871372714,EVT-0052,1561.0,1933.0,1564.0,1717.0,219.0,14.029468289557975
1376656900,1323611925,EVT-0052,1640.0,1732.0,1574.0,1404.0,262.0,15.975609756097562
1631526641,1234567687,EVT-0052,1306.0,1309.0,1465.0,1448.0,20.0,1.5313935681470139
1648553570,1369949932,EVT-0052,1698.0,2210.0,1727.0,2477.0,-238.0,-14.016489988221437
1724092733,1350739367,EVT-0052,2216.0,2783.0,2217.0,2138.0,646.0,29.15162454873646
1934829601,1083149777,EVT-0052,1779.0,2397.0,1823.0,1774.0,667.0,37.49297358066329
1969108517,1302899475,EVT-0052,1170.0,1241.0,1177.0,1145.0,103.0,8.803418803418804
1018018261,1714021262,EVT-0053,2416.0,3467.0,2486.0,3260.0,277.0,11.465231788079471
1190842652,1289174306,EVT-0053,1054.0,1209.0,1127.0,1076.0,206.0,19.54459203036053
1264333323,1209566128,EVT-0053,3143.0,4308.0,3176.0,3905.0,436.0,13.87209672287623
1355374483,1873780039,EVT-0053,1905.0,2230.0,1860.0,2066.0,119.0,6.246719160104987
1423152481,1363342464,EVT-0053,2659.0,3403.0,2662.0,3521.0,-115.0,-4.324934185784129
1456299035,1174238463,EVT-0053,1381.0,1497.0,1393.0,1490.0,19.0,1.3758146270818248
1567742360,1939052563,EVT-0053,896.0,1034.0,885.0,851.0,172.0,19.196428571428573
1615059528,1997693654,EVT-0053,1483.0,1899.0,1495.0,1715.0,196.0,13.216453135536074
1639269087,1099946885,EVT-0053,1258.0,1388.0,1259.0,1086.0,303.0,24.085850556438793
1686880901,1643297637,EVT-0053,1395.0,1527.0,1428.0,1430.0,130.0,9.31899641577061
1725623817,1412773438,EVT-0053,3416.0,4143.0,3531.0,4700.0,-442.0,-12.939110070257613
1815807585,1838439200,EVT-0053,3019.0,4032.0,3032.0,3693.0,352.0,11.659489897316993
1922670785,1892083019,EVT-0053,1855.0,2705.0,1917.0,2282.0,485.0,26.1455525606469
1961509027,1184426066,EVT-0053,781.0,798.0,785.0,710.0,92.0,11.7797695262484
1011940271,1333043895,EVT-0054,1186.0,1315.0,1277.0,1124.0,282.0,23.77740303541315
1136500869,1890077344,EVT-0054,1486.0,2057.0,1690.0,1696.0,565.0,38.02153432032301
1267903205,1223528765,EVT-0054,891.0,862.0,895.0,930.0,-64.0,-7.182940516273851
1330156328,1028436479,EVT-0054,1383.0,1330.0,1430.0,1450.0,-73.0,-5.278380332610268
1361521440,1803339427,EVT-0054,1674.0,1812.0,1721.0,1919.0,-60.0,-3.584229390681003
1394609428,1012264374,EVT-0054,3287.0,4720.0,3360.0,3936.0,857.0,26.07240644965014
1435662964,1257768279,EVT-0054,1111.0,1261.0,1105.0,1183.0,72.0,6.480648064806481
1704331150,1249126917,EVT-0054,2024.0,2460.0,2035.0,2412.0,59.0,2.91501976284585
1880426881,1805422742,EVT-0054,2217.0,2856.0,2196.0,2160.0,675.0,30.446549391069013
1050506165,1179994367,EVT-0055,1725.0,2068.0,1713.0,1423.0,633.0,36.69565217391305
1075036339,1423946593,EVT-0055,1116.0,1278.0,1071.0,1049.0,184.0,16.48745519713262
1113023042,1072999711,EVT-0055,882.0,1040.0,883.0,787.0,254.0,28.798185941043087
1204959187,1838576308,EVT-0055,1036.0,1076.0,1015.0,1132.0,-77.0,-7.4324324324324325
1250474354,1422258099,EVT-0055,684.0,741.0,692.0,571.0,178.0,26.023391812865498
1262874856,1250113473,EVT-0055,668.0,847.0,649.0,533.0,295.0,44.16167664670659
1389574017,1308498975,EVT-0055,1552.0,1813.0,1405.0,1463.0,203.0,13.079896907216495
1474100561,1798313247,EVT-0055,733.0,666.0,732.0,718.0,-53.0,-7.230559345156889
1647700669,1722581836,EVT-0055,950.0,920.0,929.0,869.0,30.0,3.1578947368421053
1696606064,1030235620,EVT-0055,899.0,929.0,872.0,933.0,-31.0,-3.4482758620689653
1704308638,1113953065,EVT-0055,2676.0,2958.0,2662.0,2688.0,256.0,9.566517189835576
1761262934,1697855363,EVT-0055,1534.0,1709.0,1471.0,1495.0,151.0,9.84354628422425
1880717263,1536141264,EVT-0055,2141.0,2275.0,2191.0,2424.0,-99.0,-4.624007473143391
1889776344,1320611266,EVT-0055,1224.0,1541.0,1144.0,1298.0,163.0,13.316993464052288
1169238601,1742318383,EVT-0056,1620.0,1669.0,1521.0,1553.0,17.0,1.0493827160493827
1265952337,1541379537,EVT-0056,2569.0,2960.0,2653.0,2884.0,160.0,6.228104320747373
1286477181,1041640354,EVT-0056,1223.0,1324.0,1212.0,1121.0,192.0,15.699100572363042
1361620622,1210894345,EVT-0056,957.0,1030.0,878.0,856.0,95.0,9.926854754440962
1460081361,1746587884,EVT-0056,1077.0,1300.0,1098.0,1065.0,256.0,23.769730733519033
1624547729,1860037419,EVT-0056,1462.0,1741.0,1441.0,2855.0,-1135.0,-77.63337893296853
1648553570,1369949932,EVT-0056,1698.0,2210.0,1727.0,2477.0,-238.0,-14.016489988221437
1672904236,1015191335,EVT-0056,1422.0,1829.0,1413.0,1112.0,708.0,49.789029535864984
1683943777,1950588461,EVT-0056,2077.0,2434.0,2162.0,2285.0,234.0,11.266249398170439
1710163217,1056679651,EVT-0056,1539.0,1692.0,1546.0,1632.0,67.0,4.353476283300845
1847562299,1623506957,EVT-0056,783.0,933.0,722.0,646.0,226.0,28.863346104725412
1856406925,1440538092,EVT-0056,1310.0,1401.0,1203.0,1398.0,-104.0,-7.938931297709924
1934829601,1083149777,EVT-0056,1779.0,2397.0,1823.0,1774.0,667.0,37.49297358066329
1969108517,1302899475,EVT-0056,1170.0,1241.0,1177.0,1145.0,103.0,8.803418803418804
1139166684,1341720393,EVT-0057,703.0,919.0,653.0,647.0,222.0,31.57894736842105
1180932224,1393729789,EVT-0057,1289.0,1706.0,1200.0,1502.0,115.0,8.92164468580295
1223523766,1939052563,EVT-0057,178.0,171.0,213.0,204.0,2.0,1.1235955056179776
1227780172,1769352273,EVT-0057,944.0,1345.0,895.0,973.0,323.0,34.21610169491525
1271768685,1548652282,EVT-0057,1214.0,1597.0,1211.0,1323.0,271.0,22.322899505766063
1374281198,1081238747,EVT-0057,633.0,766.0,642.0,702.0,73.0,11.532385466034755
1425340662,1412773438,EVT-0057,2124.0,2521.0,2100.0,2891.0,-394.0,-18.54990583804143
1456299035,1082909627,EVT-0057,1165.0,1249.0,1130.0,1172.0,42.0,3.6051502145922747
1484724632,1762971749,EVT-0057,929.0,1158.0,975.0,1105.0,99.0,10.656620021528525
1566888198,1842420535,EVT-0057,1463.0,1535.0,1439.0,1383.0,128.0,8.749145591250855
1621199177,1773180629,EVT-0057,1637.0,1855.0,1618.0,1771.0,65.0,3.9706780696395847
1639269087,1058325303,EVT-0057,895.0,1110.0,978.0,946.0,247.0,27.59776536312849
1725623817,1812123887,EVT-0057,1398.0,1863.0,1459.0,1761.0,163.0,11.659513590844064
1922670785,1363342464,EVT-0057,2197.0,2714.0,2177.0,2944.0,-250.0,-11.37915339098771
1019230758,1443551811,EVT-0058,929.0,1107.0,966.0,1135.0,9.0,0.9687836383207751
1085110611,1944636921,EVT-0058,588.0,654.0,596.0,595.0,67.0,11.394557823129253
1244876920,1569475654,EVT-0058,588.0,631.0,565.0,538.0,70.0,11.904761904761903
1467704312,1527981900,EVT-0058,1178.0,1317.0,995.0,1105.0,29.0,2.461799660441426
1616418756,1874547676,EVT-0058,1123.0,1215.0,1004.0,1141.0,-45.0,-4.007123775601069
1635476009,1914644640,EVT-0058,1259.0,1574.0,1363.0,1443.0,235.0,18.665607625099284
1769764832,1879821175,EVT-0058,1240.0,1844.0,1385.0,1620.0,369.0,29.758064516129036
1199976907,1892307210,EVT-0059,1555.0,1720.0,1398.0,1425.0,138.0,8.87459807073955
1386832996,1699200295,EVT-0059,1115.0,1237.0,1144.0,1048.0,218.0,19.55156950672646
1598661571,1775551348,EVT-0059,2573.0,2863.0,2541.0,2651.0,180.0,6.9957248348231635
1065091666,1257768279,EVT-0060,1278.0,1210.0,1137.0,1228.0,-159.0,-12.44131455399061
1364458855,1231453428,EVT-0060,1806.0,1852.0,1899.0,1883.0,62.0,3.433001107419712
1449048093,1736538384,EVT-0060,481.0,485.0,427.0,377.0,54.0,11.226611226611228
1453128708,1174785596,EVT-0060,1899.0,2225.0,1875.0,1577.0,624.0,32.859399684044234
1455101661,1100495849,EVT-0060,2356.0,2559.0,2299.0,2895.0,-393.0,-16.68081494057725
1666389063,1225504491,EVT-0060,707.0,741.0,749.0,677.0,106.0,14.992927864214991
1677860136,1299832539,EVT-0060,1766.0,1951.0,1550.0,1419.0,316.0,17.893544733861834
1703413967,1295389203,EVT-0060,1401.0,1449.0,1364.0,1401.0,11.0,0.7851534618129907
1898803444,1305714580,EVT-0060,1401.0,1285.0,1566.0,1990.0,-540.0,-38.54389721627409
1084471394,1058325303,EVT-0061,1610.0,1669.0,1716.0,1655.0,120.0,7.453416149068323
1138281740,1296624285,EVT-0061,1362.0,1649.0,1421.0,1225.0,483.0,35.46255506607929
1296552940,1251202242,EVT-0061,2026.0,2137.0,1898.0,1921.0,88.0,4.343534057255676
1418997171,1209566128,EVT-0061,3073.0,3496.0,3231.0,3926.0,-272.0,-8.85128538887081
1423152481,1363342464,EVT-0061,2656.0,3447.0,2707.0,3786.0,-288.0,-10.843373493975903
1451968915,1181360912,EVT-0061,1509.0,1676.0,1373.0,1317.0,223.0,14.777998674618953
1526669415,1046736322,EVT-0061,1542.0,1651.0,1331.0,1592.0,-152.0,-9.857328145265889
1639269087,1762971749,EVT-0061,1368.0,1357.0,1364.0,1472.0,-119.0,-8.698830409356725
1689059347,1769234364,EVT-0061,1446.0,1378.0,1423.0,1266.0,89.0,6.154910096818811
1725623817,1412773438,EVT-0061,3612.0,4282.0,3712.0,4799.0,-417.0,-11.544850498338871
1742100898,1166978878,EVT-0061,573.0,480.0,524.0,425.0,6.0,1.0471204188481675
1747032997,1261377760,EVT-0061,1467.0,1787.0,1489.0,1482.0,327.0,22.290388548057262
1747637738,1842420535,EVT-0061,799.0,813.0,781.0,995.0,-200.0,-25.03128911138924
1803233885,1892083019,EVT-0061,1850.0,2295.0,1969.0,2268.0,146.0,7.891891891891892
1824172013,1135650855,EVT-0061,1840.0,2513.0,1704.0,1414.0,963.0,52.33695652173913
1924355757,1352216182,EVT-0061,2097.0,2693.0,2009.0,2326.0,279.0,13.304721030042918
1927430854,1838439200,EVT-0061,3394.0,4218.0,3198.0,4002.0,20.0,0.5892751915144373
1048976678,1393729789,EVT-0062,746.0,994.0,633.0,784.0,97.0,13.002680965147453
1050705288,1630629040,EVT-0062,937.0,1146.0,902.0,1127.0,-16.0,-1.7075773745997866
1132792726,1422258099,EVT-0062,738.0,957.0,738.0,751.0,206.0,27.91327913279133
1159841240,1838809964,EVT-0062,745.0,944.0,724.0,686.0,237.0,31.812080536912752
1169238601,1304105269,EVT-0062,1039.0,1081.0,1028.0,1119.0,-49.0,-4.716073147256978
1190842652,1769234364,EVT-0062,1008.0,1141.0,923.0,966.0,90.0,8.928571428571429
1219516501,1225504491,EVT-0062,1325.0,1486.0,1090.0,1029.0,222.0,16.754716981132077
1250474354,1250017203,EVT-0062,334.0,303.0,353.0,386.0,-64.0,-19.16167664670659
1358340028,1637550512,EVT-0062,227.0,230.0,223.0,193.0,33.0,14.537444933920703
1389574017,1879804551,EVT-0062,911.0,1170.0,558.0,515.0,302.0,33.15038419319429
1475115246,1751172259,EVT-0062,893.0,1077.0,846.0,911.0,119.0,13.325867861142218
1688976343,1838576308,EVT-0062,1430.0,1957.0,1287.0,1377.0,437.0,30.55944055944056
1702497342,1769333869,EVT-0062,1130.0,1287.0,878.0,927.0,108.0,9.557522123893806
1704331150,1257768279,EVT-0062,1259.0,1543.0,1270.0,1376.0,178.0,14.138204924543288
1836314447,1061035188,EVT-0062,660.0,588.0,675.0,644.0,-41.0,-6.212121212121212
1880426881,1174785596,EVT-0062,969.0,1140.0,1025.0,1003.0,193.0,19.917440660474718
1002145427,1209566128,EVT-0063,1214.0,1498.0,1215.0,1667.0,-168.0,-13.838550247116968
1048976678,1393729789,EVT-0063,1305.0,1553.0,1159.0,1582.0,-175.0,-13.409961685823754
1241711534,1200096471,EVT-0063,666.0,747.0,675.0,834.0,-78.0,-11.711711711711711
1251567115,1428222503,EVT-0063,703.0,778.0,669.0,587.0,157.0,22.33285917496444
1397955463,1838439200,EVT-0063,1662.0,2057.0,1660.0,1879.0,176.0,10.589651022864018
1425340662,1134632102,EVT-0063,2101.0,2525.0,1997.0,2314.0,107.0,5.092812946216087
1425610817,1310164813,EVT-0063,396.0,487.0,445.0,505.0,31.0,7.828282828282829
1449331358,1041494554,EVT-0063,446.0,456.0,467.0,445.0,32.0,7.174887892376682
1481247389,1364720148,EVT-0063,1114.0,1123.0,1085.0,1399.0,-305.0,-27.37881508078995
1526669415,1219172859,EVT-0063,1275.0,1510.0,1276.0,1473.0,38.0,2.980392156862745
1541422121,1630629040,EVT-0063,963.0,834.0,903.0,979.0,-205.0,-21.287642782969883
1546151204,1714021262,EVT-0063,709.0,858.0,768.0,950.0,-33.0,-4.65444287729196
1621199177,1773180629,EVT-0063,1632.0,1916.0,1620.0,1731.0,173.0,10.60049019607843
1712965692,1611952734,EVT-0063,563.0,663.0,553.0,600.0,53.0,9.41385435168739
1732527431,1804484495,EVT-0063,1452.0,1526.0,1592.0,1514.0,152.0,10.46831955922865
1740047711,1997693654,EVT-0063,863.0,855.0,1019.0,1043.0,-32.0,-3.7079953650057935
1806479196,1769352273,EVT-0063,1046.0,1046.0,955.0,934.0,21.0,2.0076481835564053
1808826295,1363342464,EVT-0063,2270.0,2886.0,2328.0,3017.0,-73.0,-3.2158590308370045
1812815243,1842420535,EVT-0063,1399.0,1621.0,1363.0,1373.0,212.0,15.153681200857754
1815807585,1082909627,EVT-0063,1078.0,1433.0,1080.0,1104.0,331.0,30.70500927643785
1836314447,1178533166,EVT-0063,701.0,640.0,690.0,624.0,5.0,0.7132667617689016
1908168895,1046736322,EVT-0063,775.0,960.0,799.0,933.0,51.0,6.580645161290323
1989798412,1412773438,EVT-0063,2150.0,3079.0,2133.0,3006.0,56.0,2.604651162790698
1202669523,1083149777,EVT-0064,1844.0,1887.0,1798.0,1700.0,141.0,7.646420824295011
1265952337,1541379537,EVT-0064,2609.0,3065.0,2619.0,2886.0,189.0,7.244154848600997
1300832031,1371759725,EVT-0064,1021.0,956.0,1058.0,1036.0,-43.0,-4.211557296767874
1443520683,1878312481,EVT-0064,1097.0,1113.0,1140.0,961.0,195.0,17.775752051048315
1460081361,1746587884,EVT-0064,1119.0,1347.0,1103.0,1070.0,261.0,23.324396782841823
1631526641,1234567687,EVT-0064,1313.0,1293.0,1414.0,1437.0,-43.0,-3.2749428789032753
1648553570,1369949932,EVT-0064,1843.0,2350.0,1834.0,2517.0,-176.0,-9.549647314161692
1934763735,1977228745,EVT-0064,973.0,1013.0,1039.0,1193.0,-114.0,-11.71634121274409
1934829601,1766730505,EVT-0064,1888.0,2401.0,1928.0,2092.0,349.0,18.485169491525426
1002145427,1209566128,EVT-0065,1214.0,1498.0,1215.0,1667.0,-168.0,-13.838550247116968
1040239976,1524065749,EVT-0065,759.0,797.0,763.0,772.0,29.0,3.820816864295125
1259584955,1596912711,EVT-0065,619.0,708.0,621.0,506.0,204.0,32.956381260096926
1271768685,1548652282,EVT-0065,1262.0,1553.0,1295.0,1421.0,165.0,13.074484944532488
1287287258,1842420535,EVT-0065,1338.0,1710.0,1363.0,1373.0,362.0,27.05530642750374
1293643247,1878312481,EVT-0065,940.0,1242.0,838.0,706.0,434.0,46.170212765957444
1330017819,1618352078,EVT-0065,1253.0,1622.0,1081.0,1169.0,281.0,22.426177174780527
1385532449,1997693654,EVT-0065,959.0,1184.0,1019.0,1043.0,201.0,20.959332638164753
1523498065,1572180861,EVT-0065,602.0,664.0,600.0,606.0,56.0,9.30232558139535
1523681389,1275443434,EVT-0065,409.0,492.0,386.0,402.0,67.0,16.381418092909534
1685524518,1200096471,EVT-0065,758.0,749.0,675.0,834.0,-168.0,-22.163588390501317
1752727945,1922185990,EVT-0065,653.0,703.0,634.0,725.0,-41.0,-6.278713629402756
1768225918,1095200048,EVT-0065,1094.0,1279.0,1058.0,1117.0,126.0,11.517367458866545
1856406925,1746587884,EVT-0065,869.0,1174.0,864.0,786.0,383.0,44.07364787111623
1856601467,1901453930,EVT-0065,383.0,399.0,356.0,328.0,44.0,11.488250652741515
1025231352,1892307210,EVT-0066,1535.0,2043.0,1398.0,1425.0,481.0,31.335504885993487
1199976907,1121962926,EVT-0066,1555.0,1720.0,2004.0,2262.0,-93.0,-5.980707395498392
1352702876,1105435741,EVT-0066,885.0,1043.0,920.0,1088.0,-10.0,-1.1299435028248588
1386832996,1699200295,EVT-0066,1115.0,1237.0,1144.0,1048.0,218.0,19.55156950672646
1428792083,1013443506,EVT-0066,567.0,561.0,576.0,505.0,65.0,11.46384479717813
1590337907,1282327174,EVT-0066,2864.0,3742.0,2929.0,3034.0,773.0,26.99022346368715
1598661571,1775551348,EVT-0066,2573.0,2863.0,2541.0,2651.0,180.0,6.9957248348231635
1847082322,1418704015,EVT-0066,1358.0,1669.0,1379.0,1311.0,379.0,27.908689248895435
1031568581,1838576308,EVT-0067,519.0,605.0,554.0,547.0,93.0,17.91907514450867
1031907094,1902607450,EVT-0067,907.0,1281.0,873.0,870.0,377.0,41.56560088202866
1101185407,1428222503,EVT-0067,773.0,867.0,669.0,587.0,176.0,22.76843467011643
1139166684,1341720393,EVT-0067,717.0,893.0,645.0,636.0,185.0,25.80195258019526
1190842652,1769352273,EVT-0067,953.0,1053.0,955.0,934.0,121.0,12.696747114375656
1249657408,1299832539,EVT-0067,1176.0,1357.0,1183.0,1237.0,127.0,10.799319727891156
1262874856,1160075531,EVT-0067,413.0,433.0,378.0,340.0,58.0,14.043583535108958
1326905712,1088938448,EVT-0067,587.0,630.0,581.0,527.0,97.0,16.524701873935264
1330017819,1618352078,EVT-0067,1253.0,1622.0,1081.0,1169.0,281.0,22.426177174780527
1375349903,1200437733,EVT-0067,927.0,863.0,988.0,913.0,11.0,1.186623516720604
1567993435,1071299832,EVT-0067,432.0,390.0,449.0,385.0,22.0,5.092592592592593
1599989245,1328056928,EVT-0067,553.0,583.0,563.0,578.0,15.0,2.7124773960216997
1613561947,1393729789,EVT-0067,1340.0,1448.0,1159.0,1582.0,-315.0,-23.507462686567166
1636376422,1815549120,EVT-0067,384.0,379.0,374.0,373.0,-4.0,-1.0416666666666665
1647700669,1731313338,EVT-0067,268.0,216.0,268.0,276.0,-60.0,-22.388059701492537
1703413967,1432188427,EVT-0067,1681.0,1789.0,2102.0,2359.0,-149.0,-8.863771564544914
1707435529,1997693654,EVT-0067,949.0,1082.0,1019.0,1043.0,109.0,11.485774499473129
1806479196,1289174306,EVT-0067,1046.0,1046.0,1168.0,1262.0,-94.0,-8.98661567877629
1812815243,1842420535,EVT-0067,1399.0,1621.0,1363.0,1373.0,212.0,15.153681200857754
1955620046,1804484495,EVT-0067,1411.0,2028.0,1592.0,1514.0,695.0,49.255846917080085
1993463169,1808677938,EVT-0067,748.0,916.0,723.0,592.0,299.0,39.97326203208556
1031568581,1736829924,EVT-0068,541.0,679.0,544.0,572.0,110.0,20.33271719038817
1050705288,1694658844,EVT-0068,937.0,1146.0,802.0,952.0,59.0,6.296691568836713
1075036339,1087671156,EVT-0068,184.0,176.0,182.0,176.0,-2.0,-1.0869565217391304
1198262952,1536141264,EVT-0068,495.0,612.0,415.0,523.0,9.0,1.8181818181818181
1238983617,1867204764,EVT-0068,894.0,1052.0,890.0,1078.0,-30.0,-3.3557046979865772
1264333323,1261377760,EVT-0068,728.0,907.0,925.0,959.0,145.0,19.917582417582416
1389574017,1879804551,EVT-0068,911.0,1170.0,558.0,515.0,302.0,33.15038419319429
1409867656,1333896094,EVT-0068,379.0,492.0,432.0,429.0,116.0,30.606860158311346
1413519731,1412773438,EVT-0068,1640.0,2173.0,1631.0,2097.0,67.0,4.085365853658537
1423152481,1364720148,EVT-0068,2033.0,2539.0,1933.0,2390.0,49.0,2.410231185440236
1547244776,1573445784,EVT-0068,535.0,660.0,590.0,631.0,84.0,15.700934579439252
1592062677,1838809964,EVT-0068,782.0,1015.0,724.0,686.0,271.0,34.654731457800516
1592123891,1134089733,EVT-0068,715.0,969.0,699.0,719.0,234.0,32.72727272727273
1610177150,1751172259,EVT-0068,968.0,1343.0,846.0,911.0,310.0,32.02479338842975
1630629040,1769333869,EVT-0068,902.0,1127.0,878.0,927.0,176.0,19.51219512195122
1728890785,1973275377,EVT-0068,516.0,593.0,519.0,495.0,101.0,19.57364341085271
1745601371,1977228745,EVT-0068,617.0,548.0,632.0,703.0,-140.0,-22.690437601296594
1836314447,1061035188,EVT-0068,660.0,588.0,675.0,644.0,-41.0,-6.212121212121212
1840863041,1775891033,EVT-0068,360.0,528.0,352.0,397.0,123.0,34.166666666666664
1927430854,1240393805,EVT-0068,855.0,1084.0,851.0,988.0,92.0,10.760233918128655
1048976678,1364720148,EVT-0069,1305.0,1553.0,1085.0,1399.0,-66.0,-5.057471264367816
1084471394,1947954388,EVT-0069,604.0,626.0,626.0,645.0,3.0,0.49668874172185434
1084919582,1200096471,EVT-0069,880.0,1002.0,675.0,834.0,-37.0,-4.204545454545454
1133130363,1099946885,EVT-0069,1114.0,1306.0,1141.0,1124.0,209.0,18.761220825852785
1139166684,1341720393,EVT-0069,717.0,893.0,645.0,636.0,185.0,25.80195258019526
1169614082,1429255973,EVT-0069,627.0,507.0,635.0,721.0,-206.0,-32.854864433811805
1229022169,1330067194,EVT-0069,846.0,905.0,779.0,826.0,12.0,1.4184397163120568
1251567115,1428222503,EVT-0069,703.0,778.0,669.0,587.0,157.0,22.33285917496444
1271463741,1547660377,EVT-0069,571.0,608.0,619.0,553.0,103.0,18.038528896672503
1376656900,1555285877,EVT-0069,552.0,568.0,497.0,486.0,27.0,4.891304347826087
1385532449,1997693654,EVT-0069,959.0,1184.0,1019.0,1043.0,201.0,20.959332638164753
1407931751,1841542198,EVT-0069,558.0,514.0,561.0,572.0,-55.0,-9.85663082437276
1456299035,1393729789,EVT-0069,1129.0,1215.0,1159.0,1582.0,-337.0,-29.849424269264833
1506746308,1081498101,EVT-0069,500.0,465.0,502.0,376.0,91.0,18.2
1551962891,1766730505,EVT-0069,768.0,761.0,796.0,785.0,4.0,0.5208333333333333
1613561947,1082909627,EVT-0069,1340.0,1448.0,1080.0,1104.0,84.0,6.26865671641791
1639269087,1762971749,EVT-0069,914.0,1141.0,976.0,1085.0,118.0,12.910284463894966
1724092733,1056679651,EVT-0069,1340.0,1567.0,1310.0,1464.0,73.0,5.447761194029851
1727463709,1426157339,EVT-0069,1224.0,1225.0,1144.0,1202.0,-57.0,-4.6568627450980395
1732527431,1804484495,EVT-0069,1452.0,1526.0,1592.0,1514.0,152.0,10.46831955922865
1779411515,1881781243,EVT-0069,704.0,748.0,654.0,576.0,122.0,17.329545454545457
1848624494,1842420535,EVT-0069,1338.0,3883.0,1363.0,1373.0,2535.0,189.46188340807174
1880717263,1320611266,EVT-0069,939.0,1055.0,925.0,921.0,120.0,12.779552715654951
1903798589,1219172859,EVT-0069,1360.0,1557.0,1276.0,1473.0,0.0,0.0
1964945871,1299832539,EVT-0069,1233.0,1550.0,1183.0,1237.0,263.0,21.330089213300894
1989798412,1412773438,EVT-0069,2150.0,3079.0,2133.0,3006.0,56.0,2.604651162790698
1073902250,1641859123,EVT-0070,1912.0,2077.0,1963.0,2110.0,18.0,0.9414225941422595
1428792083,1013443506,EVT-0070,584.0,540.0,573.0,500.0,29.0,4.965753424657534
1435949049,1109634414,EVT-0070,2698.0,3232.0,2671.0,3119.0,86.0,3.1875463306152705
1598661571,1524065749,EVT-0070,2615.0,2908.0,2664.0,3035.0,-78.0,-2.982791586998088
1847082322,1418704015,EVT-0070,1436.0,1721.0,1404.0,1345.0,344.0,23.955431754874652
1041585906,1857629178,EVT-0071,536.0,520.0,564.0,496.0,52.0,9.701492537313433
1094274762,1101142523,EVT-0071,738.0,714.0,722.0,639.0,59.0,7.994579945799458
1098995024,1674102136,EVT-0071,790.0,949.0,633.0,694.0,98.0,12.40506329113924
1159301823,1969914385,EVT-0071,195.0,195.0,201.0,200.0,1.0,0.5128205128205128
1180932224,1892083019,EVT-0071,1285.0,1590.0,1460.0,1560.0,205.0,15.953307392996107
1181854898,1174238463,EVT-0071,1253.0,1446.0,1166.0,1405.0,-46.0,-3.6711891460494814
1200096471,1310164813,EVT-0071,581.0,779.0,504.0,514.0,188.0,32.358003442340795
1224230882,1134632102,EVT-0071,366.0,482.0,422.0,517.0,21.0,5.737704918032787
1243754490,1045376799,EVT-0071,962.0,1288.0,891.0,969.0,248.0,25.779625779625782
1263807582,1209566128,EVT-0071,2013.0,2434.0,2042.0,2526.0,-63.0,-3.129657228017884
1264333323,1134089733,EVT-0071,726.0,950.0,678.0,744.0,158.0,21.763085399449036
1284061300,1905395731,EVT-0071,574.0,674.0,524.0,459.0,165.0,28.745644599303137
1321405205,1922185990,EVT-0071,180.0,189.0,248.0,306.0,-49.0,-27.22222222222222
1335670091,1166978878,EVT-0071,316.0,363.0,303.0,281.0,69.0,21.835443037974684
1364458855,1061035188,EVT-0071,751.0,765.0,710.0,665.0,59.0,7.8561917443408795
1375349903,1249126917,EVT-0071,1299.0,1444.0,1271.0,1537.0,-121.0,-9.314857582755966
1377426493,1676855970,EVT-0071,1545.0,1841.0,1528.0,1626.0,198.0,12.815533980582524
1413519731,1412773438,EVT-0071,1654.0,2287.0,1739.0,2164.0,208.0,12.575574365175331
1435662964,1606566010,EVT-0071,567.0,669.0,534.0,437.0,199.0,35.09700176366843
1456299035,1364720148,EVT-0071,2073.0,2485.0,1980.0,2536.0,-144.0,-6.946454413892909
1511022174,1548652282,EVT-0071,650.0,726.0,579.0,718.0,-63.0,-9.692307692307692
1520551320,1993874985,EVT-0071,689.0,697.0,706.0,676.0,38.0,5.515239477503629
1610177150,1714292012,EVT-0071,1029.0,1444.0,946.0,1144.0,217.0,21.08843537414966
1644815767,1873780039,EVT-0071,1702.0,1951.0,1584.0,1928.0,-95.0,-5.581668625146886
1657725655,1120914548,EVT-0071,807.0,916.0,784.0,1036.0,-143.0,-17.71995043370508
1706991829,1801662945,EVT-0071,525.0,525.0,510.0,593.0,-83.0,-15.80952380952381
1721479586,1434523506,EVT-0071,804.0,1011.0,831.0,800.0,238.0,29.601990049751244
1808826295,1838439200,EVT-0071,1252.0,1690.0,1248.0,1349.0,337.0,26.916932907348247
1848624494,1381937048,EVT-0071,680.0,808.0,691.0,717.0,102.0,15.0
1937514325,1547660377,EVT-0071,1334.0,1529.0,1289.0,1281.0,203.0,15.217391304347828
1944079924,1337789832,EVT-0071,736.0,818.0,739.0,827.0,-6.0,-0.8152173913043478
1025231352,1892307210,EVT-0072,1572.0,2095.0,1397.0,1403.0,517.0,32.88804071246819
1040239976,1674708775,EVT-0072,2268.0,2665.0,2310.0,2643.0,64.0,2.821869488536155
1199976907,1418704015,EVT-0072,1556.0,1701.0,1404.0,1345.0,204.0,13.110539845758353
1274985831,1601451010,EVT-0072,1804.0,1790.0,1704.0,1730.0,-40.0,-2.2172949002217295
1524065749,1109634414,EVT-0072,2664.0,3035.0,2671.0,3119.0,-77.0,-2.8903903903903903
1590337907,1282327174,EVT-0072,2942.0,3957.0,2982.0,3047.0,950.0,32.290958531611146
1598661571,1775551348,EVT-0072,2615.0,2908.0,2530.0,2659.0,164.0,6.27151051625239
1018018261,1714021262,EVT-0073,2693.0,3454.0,2562.0,3351.0,-28.0,-1.0397326401782399
1060922949,1473494189,EVT-0073,951.0,1039.0,956.0,1028.0,16.0,1.6824395373291272
1169614082,1275443434,EVT-0073,1220.0,1071.0,1286.0,1266.0,-129.0,-10.573770491803279
1200480071,1058325303,EVT-0073,1664.0,1976.0,1754.0,1631.0,435.0,26.141826923076923
1264333323,1209566128,EVT-0073,3471.0,4880.0,3522.0,4024.0,907.0,26.130798040910403
1268222167,1135650855,EVT-0073,1806.0,1980.0,1744.0,1368.0,550.0,30.454042081949055
1271463741,1534502129,EVT-0073,853.0,927.0,869.0,764.0,179.0,20.984759671746776
1300654963,1261377760,EVT-0073,1364.0,1344.0,1486.0,1520.0,-54.0,-3.9589442815249267
1385532449,1838439200,EVT-0073,3272.0,4470.0,3343.0,4086.0,455.0,13.905867970660147
1413519731,1769352273,EVT-0073,2653.0,2927.0,1994.0,1888.0,380.0,14.323407463249152
1425340662,1134632102,EVT-0073,2449.0,2726.0,2515.0,2958.0,-166.0,-6.778276847692936
1456299035,1174238463,EVT-0073,1442.0,1573.0,1440.0,1473.0,98.0,6.796116504854369
1484724632,1767508967,EVT-0073,2242.0,2375.0,2340.0,2515.0,-42.0,-1.873327386262266
1546151204,1251202242,EVT-0073,1856.0,2053.0,1890.0,1868.0,219.0,11.799568965517242
1595301304,1812123887,EVT-0073,2451.0,2597.0,2503.0,2672.0,-23.0,-0.9383924928600571
1639269087,1762971749,EVT-0073,1385.0,1385.0,1396.0,1396.0,0.0,0.0
1740047711,1310164813,EVT-0073,1392.0,1613.0,1295.0,1542.0,-26.0,-1.8678160919540232
1803233885,1892083019,EVT-0073,1979.0,2333.0,2038.0,2206.0,186.0,9.398686205154117
1808826295,1363342464,EVT-0073,2738.0,3448.0,2693.0,3915.0,-512.0,-18.699780861943026
1862986803,1181360912,EVT-0073,1532.0,1621.0,1430.0,1290.0,229.0,14.947780678851174
1924355757,1352216182,EVT-0073,2244.0,2748.0,2155.0,2393.0,266.0,11.853832442067738
1048976678,1393729789,EVT-0074,1404.0,1630.0,1211.0,1647.0,-210.0,-14.957264957264957
1065091666,1200437733,EVT-0074,880.0,844.0,945.0,917.0,-8.0,-0.9090909090909091
1107038659,1299832539,EVT-0074,1143.0,1206.0,1190.0,1203.0,50.0,4.374453193350831
1361521440,1881781243,EVT-0074,771.0,945.0,689.0,583.0,280.0,36.31647211413748
1362560363,1426157339,EVT-0074,1345.0,1397.0,1195.0,1167.0,80.0,5.947955390334572
1435662964,1268421124,EVT-0074,1396.0,1559.0,803.0,695.0,271.0,19.412607449856733
1473057747,1295389203,EVT-0074,820.0,916.0,835.0,756.0,175.0,21.341463414634145
1536278926,1463019459,EVT-0074,745.0,724.0,754.0,834.0,-101.0,-13.557046979865772
1590869917,1209829039,EVT-0074,527.0,558.0,510.0,572.0,-31.0,-5.88235294117647
1598661571,1150502551,EVT-0074,1211.0,1377.0,1301.0,1607.0,-140.0,-11.560693641618498
1647700669,1340455504,EVT-0074,278.0,203.0,279.0,243.0,-39.0,-14.028776978417264
1665478461,1947954388,EVT-0074,633.0,790.0,621.0,660.0,118.0,18.64139020537125
1701585576,1440623548,EVT-0074,960.0,1111.0,961.0,1137.0,-25.0,-2.604166666666667
1706991829,1935314678,EVT-0074,1748.0,1779.0,1639.0,1552.0,118.0,6.750572082379863
1725623817,1812123887,EVT-0074,1525.0,2079.0,1621.0,1919.0,256.0,16.78688524590164
1732914373,1210894345,EVT-0074,911.0,884.0,825.0,726.0,72.0,7.903402854006586
1806707737,1534502129,EVT-0074,978.0,898.0,1020.0,923.0,17.0,1.738241308793456
1898803444,1257768279,EVT-0074,1125.0,1095.0,1078.0,1129.0,-81.0,-7.199999999999999
1999506508,1598998692,EVT-0074,592.0,733.0,698.0,648.0,191.0,32.263513513513516
1046736322,1219172859,EVT-0075,1361.0,1656.0,1214.0,1324.0,185.0,13.592946362968405
1138281740,1296624285,EVT-0075,1396.0,1612.0,1424.0,1228.0,412.0,29.512893982808023
1271768685,1311764207,EVT-0075,2282.0,2986.0,2374.0,2216.0,862.0,37.773882559158636
1321405205,1851932792,EVT-0075,1161.0,1274.0,1147.0,1185.0,75.0,6.459948320413436
1334266016,1769352273,EVT-0075,1969.0,2336.0,1994.0,1888.0,473.0,24.022346368715084
1335670091,1181360912,EVT-0075,1561.0,1847.0,1430.0,1290.0,426.0,27.29019859064702
1523498065,1364720148,EVT-0075,1829.0,1862.0,1717.0,2318.0,-568.0,-31.055221432476763
1595301304,1812123887,EVT-0075,2451.0,2597.0,2503.0,2672.0,-23.0,-0.9383924928600571
1689059347,1769234364,EVT-0075,1490.0,1428.0,1541.0,1246.0,233.0,15.63758389261745
1725623817,1209829039,EVT-0075,3655.0,4194.0,3852.0,4519.0,-128.0,-3.5020519835841313
1747032997,1261377760,EVT-0075,1526.0,1758.0,1486.0,1520.0,198.0,12.975098296199214
1806707737,1534502129,EVT-0075,865.0,964.0,869.0,764.0,204.0,23.583815028901732
1808826295,1363342464,EVT-0075,2738.0,3448.0,2693.0,3915.0,-512.0,-18.699780861943026
1922670785,1892083019,EVT-0075,2209.0,2615.0,2038.0,2206.0,238.0,10.774105930285197
1133616429,1844748057,EVT-0076,1339.0,1391.0,1402.0,1349.0,105.0,7.8416728902165795
1204261733,1095874958,EVT-0076,1455.0,1357.0,1421.0,1713.0,-390.0,-26.804123711340207
1561159348,1527981900,EVT-0076,968.0,1059.0,991.0,1048.0,34.0,3.512396694214876
1616418756,1874547676,EVT-0076,1148.0,1267.0,1053.0,1130.0,42.0,3.6585365853658534
1635476009,1914644640,EVT-0076,1330.0,1595.0,1374.0,1488.0,151.0,11.353383458646617
1728890785,1464676570,EVT-0076,1035.0,1319.0,984.0,1017.0,251.0,24.2512077294686
1824149854,1334266743,EVT-0076,1602.0,1695.0,1596.0,1802.0,-113.0,-7.053682896379526
1836939912,1838809964,EVT-0076,1112.0,1313.0,1187.0,1193.0,195.0,17.535971223021583
1265952337,1541379537,EVT-0077,2673.0,3004.0,2686.0,2906.0,111.0,4.1526374859708195
1594466975,1405577143,EVT-0077,1885.0,1723.0,1914.0,2035.0,-283.0,-15.013262599469495
1648553570,1369949932,EVT-0077,1919.0,2465.0,1881.0,2536.0,-109.0,-5.680041688379364
1710163217,1056679651,EVT-0077,1673.0,1786.0,1614.0,1599.0,128.0,7.650926479378361
1745601371,1200346587,EVT-0077,1486.0,1413.0,1471.0,1606.0,-208.0,-13.997308209959622
1760628762,1706770306,EVT-0077,1136.0,1290.0,980.0,941.0,193.0,16.989436619718308
1814938340,1751172259,EVT-0077,1669.0,1831.0,1673.0,1568.0,267.0,15.997603355302575
1885189138,1871372714,EVT-0077,1662.0,1705.0,1647.0,1721.0,-31.0,-1.865222623345367
1933607412,1371759725,EVT-0077,1077.0,1279.0,1076.0,948.0,330.0,30.64066852367688
1204261733,1095874958,EVT-0078,1468.0,1374.0,1464.0,1731.0,-361.0,-24.591280653950953
1327009084,1925142923,EVT-0078,1525.0,1691.0,1310.0,1313.0,163.0,10.688524590163935
1824149854,1334266743,EVT-0078,1651.0,1723.0,1703.0,1800.0,-25.0,-1.5142337976983646
1041585906,1985685233,EVT-0079,875.0,787.0,871.0,741.0,42.0,4.8
1328056928,1242598583,EVT-0079,1633.0,1839.0,1669.0,1739.0,136.0,8.328230251071647
1358245029,1479311619,EVT-0079,1086.0,1107.0,1098.0,1105.0,14.0,1.289134438305709
1679256069,1195381896,EVT-0079,2100.0,2318.0,1997.0,2092.0,123.0,5.857142857142858
1216532808,1831786672,EVT-0080,948.0,973.0,914.0,833.0,106.0,11.181434599156118
1328056928,1242598583,EVT-0080,1633.0,1839.0,1669.0,1739.0,136.0,8.328230251071647
1358245029,1479311619,EVT-0080,1086.0,1107.0,1098.0,1105.0,14.0,1.289134438305709
1743613295,1743803979,EVT-0080,920.0,1013.0,918.0,787.0,224.0,24.347826086956523
1811081532,1511742359,EVT-0080,1066.0,1158.0,1118.0,1055.0,155.0,14.540337711069418
1857629178,1407902521,EVT-0080,493.0,499.0,498.0,432.0,72.0,14.60446247464503
1009179924,1405577143,EVT-0081,1945.0,2341.0,2005.0,2084.0,317.0,16.298200514138816
1123148250,1234567687,EVT-0081,1403.0,1581.0,1453.0,1487.0,144.0,10.263720598717036
1265952337,1541379537,EVT-0081,2645.0,3019.0,2696.0,2862.0,208.0,7.863894139886578
1286477181,1041640354,EVT-0081,1269.0,1326.0,1206.0,972.0,291.0,22.93144208037825
1710163217,1871372714,EVT-0081,1688.0,1817.0,1692.0,1719.0,102.0,6.042654028436019
1714986282,1306006622,EVT-0081,1310.0,1406.0,1426.0,1357.0,165.0,12.595419847328243
1732914373,1028050239,EVT-0081,1322.0,1314.0,1361.0,1021.0,332.0,25.113464447806354
1897395806,1167711153,EVT-0081,1645.0,1739.0,1665.0,1714.0,45.0,2.735562310030395
1933607412,1850313960,EVT-0081,1047.0,1253.0,1047.0,899.0,354.0,33.810888252149
1955222058,1443907526,EVT-0081,1119.0,1051.0,1114.0,1162.0,-116.0,-10.366398570151922
1598661571,1775551348,EVT-0082,2626.0,3007.0,2622.0,2625.0,378.0,14.394516374714394
1638368260,1038582841,EVT-0082,939.0,867.0,917.0,781.0,64.0,6.815761448349308
1025978341,1995404856,EVT-0083,1386.0,1579.0,1326.0,1342.0,177.0,12.770562770562771
1040239976,1993874985,EVT-0083,704.0,712.0,751.0,689.0,70.0,9.943181818181818
1065455036,1260690478,EVT-0083,391.0,419.0,393.0,443.0,-22.0,-5.626598465473146
1198262952,1417682113,EVT-0083,519.0,614.0,372.0,398.0,69.0,13.294797687861271
1263807582,1209566128,EVT-0083,2063.0,2511.0,2080.0,2535.0,-7.0,-0.3393116820164809
1265952337,1779918477,EVT-0083,525.0,654.0,515.0,582.0,62.0,11.80952380952381
1299418347,1541379537,EVT-0083,916.0,971.0,936.0,1028.0,-37.0,-4.039301310043668
1520551320,1674708775,EVT-0083,763.0,708.0,765.0,756.0,-46.0,-6.028833551769332
1524065749,1105435741,EVT-0083,654.0,695.0,502.0,551.0,-8.0,-1.2232415902140672
1655727265,1573445784,EVT-0083,576.0,676.0,623.0,567.0,156.0,27.083333333333332
1672904236,1440538092,EVT-0083,807.0,946.0,830.0,771.0,198.0,24.53531598513011
1688735228,1121962926,EVT-0083,548.0,597.0,577.0,733.0,-107.0,-19.525547445255476
1738903891,1769333869,EVT-0083,1342.0,1779.0,907.0,886.0,458.0,34.12816691505216
1877046932,1251202242,EVT-0083,1141.0,1394.0,1079.0,1065.0,267.0,23.400525854513585
1889776344,1536141264,EVT-0083,465.0,489.0,473.0,521.0,-24.0,-5.161290322580645
1897395806,1746587884,EVT-0083,501.0,522.0,514.0,608.0,-73.0,-14.570858283433132
1924355757,1783823739,EVT-0083,2126.0,2832.0,2077.0,2481.0,302.0,14.205079962370649
1944079924,1337789832,EVT-0083,782.0,793.0,782.0,837.0,-44.0,-5.626598465473146
1989798412,1412773438,EVT-0083,1838.0,2065.0,1776.0,2196.0,-193.0,-10.500544069640915
1009179924,1405577143,EVT-0084,1945.0,2341.0,2005.0,2084.0,317.0,16.298200514138816
1123148250,1234567687,EVT-0084,1403.0,1581.0,1453.0,1487.0,144.0,10.263720598717036
1369949932,1823309871,EVT-0084,1957.0,2567.0,1878.0,2275.0,213.0,10.884006131834441
1710163217,1871372714,EVT-0084,1688.0,1817.0,1692.0,1719.0,102.0,6.042654028436019
1969108517,1656483868,EVT-0084,1285.0,1213.0,1335.0,1120.0,143.0,11.1284046692607
1050506165,1081238747,EVT-0085,1961.0,2219.0,1946.0,2001.0,203.0,10.351861295257523
1474100561,1160075531,EVT-0085,742.0,645.0,737.0,620.0,20.0,2.6954177897574128
1547244776,1573445784,EVT-0085,1070.0,1088.0,1175.0,1110.0,83.0,7.757009345794392
1688976343,1293528836,EVT-0085,1837.0,1953.0,1835.0,1568.0,383.0,20.84921066956995
1889776344,1320611266,EVT-0085,1360.0,1698.0,1260.0,1278.0,320.0,23.52941176470588
1009179924,1599978586,EVT-0086,1622.0,1935.0,1748.0,1860.0,201.0,12.392108508014797
1038444141,1831786672,EVT-0086,415.0,462.0,418.0,342.0,123.0,29.63855421686747
1101185407,1377516020,EVT-0086,880.0,979.0,857.0,809.0,147.0,16.704545454545457
1133130363,1099946885,EVT-0086,1175.0,1369.0,1117.0,1108.0,203.0,17.27659574468085
1136500869,1100495849,EVT-0086,2049.0,2379.0,1953.0,2294.0,-11.0,-0.5368472425573451
1240190284,1111217703,EVT-0086,919.0,1008.0,875.0,818.0,146.0,15.88683351468988
1240393805,1310164813,EVT-0086,401.0,499.0,475.0,457.0,116.0,28.92768079800499
1334793308,1901417067,EVT-0086,656.0,764.0,638.0,640.0,106.0,16.158536585365855
1385532449,1082909627,EVT-0086,1145.0,1285.0,1110.0,1088.0,162.0,14.148471615720522
1475115246,1722898792,EVT-0086,1028.0,1154.0,1155.0,1126.0,155.0,15.077821011673151
1494868502,1743431961,EVT-0086,635.0,573.0,591.0,494.0,35.0,5.511811023622047
1590337907,1121962926,EVT-0086,1583.0,1927.0,1594.0,1704.0,234.0,14.7820593809223
1610429726,1181599923,EVT-0086,499.0,442.0,499.0,449.0,-7.0,-1.402805611222445
1666389063,1881781243,EVT-0086,691.0,652.0,666.0,511.0,116.0,16.78726483357453
1704331150,1257768279,EVT-0086,1720.0,1828.0,1150.0,1290.0,-32.0,-1.8604651162790697
1710163217,1042224778,EVT-0086,1346.0,1447.0,1272.0,1444.0,-71.0,-5.274888558692422
1714292012,1793685516,EVT-0086,1609.0,1868.0,1645.0,1644.0,260.0,16.159105034182723
1836939912,1974446365,EVT-0086,524.0,488.0,576.0,498.0,42.0,8.015267175572518
1880265578,1279255164,EVT-0086,619.0,648.0,632.0,648.0,13.0,2.10016155088853
1910188758,1990401386,EVT-0086,577.0,588.0,579.0,426.0,164.0,28.422876949740033
1949335115,1694658844,EVT-0086,1189.0,1329.0,1220.0,1460.0,-100.0,-8.410428931875526
1005067453,1568842342,EVT-0087,1122.0,1123.0,1010.0,793.0,218.0,19.429590017825312
1011940271,1333043895,EVT-0087,1342.0,1271.0,1171.0,1146.0,-46.0,-3.427719821162444
1065091666,1257768279,EVT-0087,1281.0,1180.0,1229.0,1265.0,-137.0,-10.694769711163152
1375349903,1756884833,EVT-0087,900.0,856.0,987.0,844.0,99.0,11.0
1453128708,1730655531,EVT-0087,2347.0,2209.0,2480.0,2481.0,-139.0,-5.922454196847038
1556860702,1606566010,EVT-0087,464.0,448.0,365.0,387.0,-38.0,-8.189655172413794
1702497342,1890077344,EVT-0087,1846.0,2096.0,1811.0,1828.0,233.0,12.621885157096424
1704331150,1268421124,EVT-0087,2295.0,2375.0,2269.0,1835.0,514.0,22.396514161220043
1740626134,1617703974,EVT-0087,1286.0,1300.0,1255.0,1112.0,157.0,12.208398133748057
1827318308,1295389203,EVT-0087,1473.0,1424.0,1444.0,1180.0,215.0,14.596062457569586
1993463169,1702446943,EVT-0087,1543.0,1765.0,1666.0,1508.0,380.0,24.627349319507452
1025231352,1892307210,EVT-0088,1668.0,2085.0,1415.0,1438.0,394.0,23.621103117505996
1040239976,1674708775,EVT-0088,2425.0,2618.0,2469.0,2687.0,-25.0,-1.0309278350515463
1610429726,1232787030,EVT-0088,988.0,723.0,998.0,930.0,-197.0,-19.939271255060728
1209464480,1338304433,EVT-0089,2889.0,3122.0,2887.0,3048.0,72.0,2.4922118380062304
1216532808,1831786672,EVT-0089,949.0,939.0,921.0,830.0,81.0,8.535300316122234
1328056928,1242598583,EVT-0089,1676.0,1838.0,1685.0,1750.0,97.0,5.787589498806683
1811081532,1511742359,EVT-0089,1104.0,1147.0,1145.0,1103.0,85.0,7.69927536231884
1041585906,1985685233,EVT-0090,877.0,774.0,851.0,730.0,18.0,2.0524515393386547
1486296159,1745370779,EVT-0090,883.0,969.0,897.0,722.0,261.0,29.55832389580974
1555114069,1384158410,EVT-0090,2102.0,2555.0,2129.0,2220.0,362.0,17.221693625118935
1621842156,1362648127,EVT-0090,1411.0,1519.0,1238.0,1114.0,232.0,16.44223954642098
1704492101,1584097178,EVT-0090,1258.0,1100.0,1298.0,1250.0,-110.0,-8.744038155802862
1025231352,1418704015,EVT-0091,1668.0,2085.0,1314.0,1390.0,341.0,20.443645083932854
1073902250,1641859123,EVT-0091,1993.0,2155.0,2086.0,2319.0,-71.0,-3.562468640240843
1199976907,1892307210,EVT-0091,1638.0,1618.0,1415.0,1438.0,-43.0,-2.625152625152625
1435949049,1109634414,EVT-0091,2878.0,3222.0,2904.0,3271.0,-23.0,-0.7991660875608061
1590337907,1282327174,EVT-0091,3201.0,4006.0,3124.0,3143.0,786.0,24.554826616682288
1598661571,1674708775,EVT-0091,2586.0,2954.0,2469.0,2687.0,150.0,5.800464037122969
1005067453,1606566010,EVT-0092,499.0,514.0,507.0,455.0,67.0,13.426853707414828
1026722938,1803339427,EVT-0092,2448.0,3192.0,2539.0,2524.0,759.0,31.004901960784316
1050705288,1694658844,EVT-0092,997.0,1293.0,978.0,1033.0,241.0,24.172517552657975
1133616429,1335912683,EVT-0092,423.0,457.0,417.0,498.0,-47.0,-11.11111111111111
1172835138,1004543439,EVT-0092,852.0,996.0,886.0,793.0,237.0,27.816901408450708
1240190284,1663073843,EVT-0092,590.0,666.0,591.0,645.0,22.0,3.728813559322034
1265952337,1779918477,EVT-0092,534.0,644.0,520.0,576.0,54.0,10.112359550561797
1305686507,1402934529,EVT-0092,720.0,898.0,748.0,717.0,209.0,29.02777777777778
1324722952,1299832539,EVT-0092,312.0,313.0,298.0,271.0,28.0,8.974358974358974
1425340662,1769234364,EVT-0092,1012.0,1263.0,1036.0,926.0,361.0,35.67193675889328
1566888198,1135650855,EVT-0092,809.0,841.0,946.0,906.0,72.0,8.899876390605685
1598661571,1121962926,EVT-0092,670.0,718.0,616.0,738.0,-74.0,-11.044776119402986
1704331150,1432188427,EVT-0092,1488.0,1545.0,1412.0,1600.0,-131.0,-8.803763440860216
1769352273,1352216182,EVT-0092,906.0,1089.0,979.0,1184.0,-22.0,-2.4282560706401766
1847082322,1674708775,EVT-0092,689.0,680.0,723.0,765.0,-51.0,-7.402031930333817
1848624494,1381937048,EVT-0092,673.0,875.0,700.0,771.0,131.0,19.46508172362556
1867204764,1526834563,EVT-0092,1013.0,1195.0,1000.0,1112.0,70.0,6.910167818361303
1895078685,1507069536,EVT-0092,781.0,1109.0,650.0,638.0,340.0,43.53393085787452
1903798589,1783823739,EVT-0092,2224.0,2464.0,2134.0,2605.0,-231.0,-10.386690647482014
1939785840,1028436479,EVT-0092,1082.0,1126.0,1090.0,1099.0,35.0,3.234750462107209
1964945871,1174145494,EVT-0092,1097.0,1311.0,1116.0,1269.0,61.0,5.560619872379216
1989798412,1412773438,EVT-0092,1896.0,2194.0,1803.0,2347.0,-246.0,-12.974683544303797
1065870788,1352216182,EVT-0093,2166.0,2295.0,2302.0,2586.0,-155.0,-7.156048014773776
1080672524,1363342464,EVT-0093,2637.0,2968.0,2896.0,4161.0,-934.0,-35.4190367842245
1124726435,1767508967,EVT-0093,2326.0,2991.0,2422.0,2412.0,675.0,29.019776440240758
1241711534,1082909627,EVT-0093,993.0,1011.0,1002.0,1091.0,-71.0,-7.150050352467272
1297280590,1311764207,EVT-0093,2531.0,2607.0,2411.0,2330.0,157.0,6.203081785855393
1377426493,1643297637,EVT-0093,1559.0,1738.0,1478.0,1488.0,169.0,10.840282232200128
1385532449,1838439200,EVT-0093,3534.0,4460.0,3449.0,4682.0,-307.0,-8.687040181097906
1425340662,1812123887,EVT-0093,2547.0,2644.0,2614.0,2776.0,-65.0,-2.5520219866509617
1481247389,1892083019,EVT-0093,2235.0,2154.0,2222.0,2265.0,-124.0,-5.548098434004474
1590869917,1769352273,EVT-0093,1881.0,1805.0,1965.0,1893.0,-4.0,-0.21265284423179162
1639269087,1261377760,EVT-0093,1497.0,1445.0,1496.0,1627.0,-183.0,-12.224448897795591
1686880901,1676855970,EVT-0093,1527.0,1592.0,1538.0,1494.0,109.0,7.138179436804191
1689059347,1769234364,EVT-0093,1522.0,1445.0,1556.0,1307.0,172.0,11.300919842312746
1725623817,1209829039,EVT-0093,3747.0,4421.0,4061.0,4949.0,-214.0,-5.711235655190819
1824172013,1191545544,EVT-0093,1974.0,2773.0,2094.0,2684.0,209.0,10.587639311043565
1849328657,1488515010,EVT-0093,1622.0,1405.0,1764.0,1832.0,-285.0,-17.57090012330456
1862986803,1135650855,EVT-0093,1687.0,1560.0,1672.0,1365.0,180.0,10.669828097213989
1903798589,1670560261,EVT-0093,2098.0,2561.0,1368.0,1353.0,478.0,22.783603431839847
1908168895,1219172859,EVT-0093,1280.0,1301.0,1250.0,1309.0,-38.0,-2.96875
1924355757,1134632102,EVT-0093,2431.0,2919.0,2455.0,3252.0,-309.0,-12.710818593171535
1058647219,1536141264,EVT-0094,2124.0,2598.0,2328.0,2633.0,169.0,7.956685499058381
1134509243,1573445784,EVT-0094,1156.0,1167.0,1175.0,1110.0,76.0,6.5743944636678195
1547244776,1320611266,EVT-0094,1070.0,1088.0,1260.0,1278.0,0.0,0.0
1854852153,1870532862,EVT-0094,1235.0,1219.0,1267.0,1169.0,82.0,6.6396761133603235
1964572899,1903121188,EVT-0094,836.0,768.0,719.0,872.0,-221.0,-26.435406698564595
1967802350,1679813331,EVT-0094,892.0,927.0,910.0,681.0,264.0,29.596412556053814
1022312734,1529045985,EVT-0095,1109.0,988.0,879.0,937.0,-179.0,-16.140667267808837
1036327983,1939052563,EVT-0095,905.0,808.0,903.0,714.0,92.0,10.165745856353592
1124726435,1767508967,EVT-0095,2326.0,2991.0,2422.0,2412.0,675.0,29.019776440240758
1124890801,1209566128,EVT-0095,3470.0,3630.0,3544.0,4611.0,-907.0,-26.138328530259365
1166368237,1670560261,EVT-0095,1773.0,1618.0,1368.0,1353.0,-140.0,-7.896221094190638
1200480071,1251202242,EVT-0095,1879.0,2127.0,2007.0,1846.0,409.0,21.766897285790314
1287287258,1548652282,EVT-0095,2644.0,3087.0,2764.0,2820.0,387.0,14.636913767019665
1297280590,1311764207,EVT-0095,2531.0,2607.0,2411.0,2330.0,157.0,6.203081785855393
1377426493,1676855970,EVT-0095,1559.0,1738.0,1538.0,1494.0,223.0,14.304041051956382
1451968915,1135650855,EVT-0095,1673.0,1656.0,1672.0,1365.0,290.0,17.3341303048416
1455779946,1352216182,EVT-0095,2123.0,2315.0,2302.0,2586.0,-92.0,-4.333490343853038
1526669415,1769234364,EVT-0095,1699.0,1649.0,1556.0,1307.0,199.0,11.712772218952324
1567742360,1279684447,EVT-0095,990.0,1086.0,972.0,973.0,95.0,9.595959595959595
1595301304,1812123887,EVT-0095,2630.0,2710.0,2614.0,2776.0,-82.0,-3.11787072243346
1639269087,1261377760,EVT-0095,1497.0,1445.0,1496.0,1627.0,-183.0,-12.224448897795591
1725623817,1209829039,EVT-0095,3747.0,4421.0,4061.0,4949.0,-214.0,-5.711235655190819
1747032997,1058325303,EVT-0095,1725.0,1807.0,1764.0,1646.0,200.0,11.594202898550725
1803233885,1892083019,EVT-0095,2189.0,2542.0,2222.0,2265.0,310.0,14.16171767930562
1808826295,1363342464,EVT-0095,2910.0,3684.0,2896.0,4161.0,-491.0,-16.872852233676976
1824172013,1191545544,EVT-0095,1974.0,2773.0,2094.0,2684.0,209.0,10.587639311043565
1903798589,1134632102,EVT-0095,2098.0,2561.0,2455.0,3252.0,-334.0,-15.919923736892278
1937514325,1159833825,EVT-0095,2566.0,3073.0,2617.0,2509.0,615.0,23.96726422447389
1123148250,1323611925,EVT-0096,1520.0,1510.0,1528.0,1439.0,79.0,5.197368421052632
1132120993,1897723296,EVT-0096,760.0,818.0,742.0,670.0,130.0,17.105263157894736
1286477181,1656483868,EVT-0096,1286.0,1444.0,1345.0,1165.0,338.0,26.283048211508554
1460081361,1015191335,EVT-0096,1271.0,1485.0,1231.0,1392.0,53.0,4.169944925255704
1672904236,1120080837,EVT-0096,1793.0,2039.0,1706.0,1956.0,-4.0,-0.2230897936419409
1683943777,1950588461,EVT-0096,2274.0,2734.0,2231.0,2393.0,298.0,13.10466138962181
1710163217,1167711153,EVT-0096,1767.0,2013.0,1743.0,1717.0,272.0,15.393322014714206
1714292012,1836894604,EVT-0096,1684.0,1775.0,1692.0,1834.0,-51.0,-3.0285035629453683
1727463709,1371759725,EVT-0096,1155.0,1064.0,1073.0,853.0,129.0,11.168831168831169
1050506165,1081238747,EVT-0097,2025.0,2296.0,1979.0,2080.0,170.0,8.395061728395062
1229022169,1722581836,EVT-0097,973.0,840.0,941.0,932.0,-124.0,-12.744090441932169
1547244776,1573445784,EVT-0097,1063.0,1136.0,1172.0,1150.0,95.0,8.936970837253057
1889776344,1632734848,EVT-0097,1443.0,1736.0,1492.0,1566.0,219.0,15.176715176715177
1075036339,1626268928,EVT-0098,659.0,611.0,646.0,686.0,-88.0,-13.353566009104703
1084471394,1947954388,EVT-0098,637.0,694.0,649.0,657.0,49.0,7.6923076923076925
1204787067,1410468163,EVT-0098,519.0,415.0,550.0,460.0,-14.0,-2.697495183044316
1265952337,1897723296,EVT-0098,1032.0,1021.0,1017.0,1002.0,4.0,0.3875968992248062
1309371148,1914644640,EVT-0098,1399.0,1263.0,1411.0,1268.0,7.0,0.5003573981415297
1328056928,1362648127,EVT-0098,611.0,535.0,612.0,606.0,-70.0,-11.456628477905074
1456299035,1389159553,EVT-0098,1228.0,1301.0,1199.0,1326.0,-54.0,-4.397394136807818
1616839134,1222151080,EVT-0098,1906.0,1977.0,1925.0,2074.0,-78.0,-4.092339979013642
1621842156,1693350831,EVT-0098,608.0,632.0,623.0,732.0,-85.0,-13.980263157894738
1639269087,1261377760,EVT-0098,1004.0,1334.0,1040.0,994.0,376.0,37.45019920318725
1659738110,1596912711,EVT-0098,585.0,540.0,554.0,475.0,34.0,5.811965811965812
1665478461,1251202242,EVT-0098,632.0,840.0,555.0,568.0,195.0,30.854430379746834
1704331150,1257768279,EVT-0098,1758.0,1950.0,1124.0,1319.0,-3.0,-0.17064846416382254
1769764832,1045376799,EVT-0098,1099.0,1332.0,1133.0,1233.0,133.0,12.101910828025478
1811081532,1195381896,EVT-0098,1442.0,1481.0,1475.0,1666.0,-152.0,-10.540915395284326
1893606271,1788668972,EVT-0098,536.0,633.0,531.0,420.0,208.0,38.80597014925373
1934613260,1695082515,EVT-0098,745.0,804.0,648.0,534.0,173.0,23.221476510067113
1937514325,1873780039,EVT-0098,1605.0,1631.0,1368.0,1646.0,-252.0,-15.700934579439252
1134509243,1573445784,EVT-0099,1222.0,1214.0,1172.0,1150.0,14.0,1.1456628477905073
1880717263,1536141264,EVT-0099,2243.0,2591.0,2312.0,2701.0,-41.0,-1.8279090503789568
1038444141,1245433184,EVT-0100,1588.0,1584.0,1638.0,1480.0,154.0,9.697732997481108
1044303869,1362648127,EVT-0100,1249.0,1278.0,1231.0,1100.0,160.0,12.810248198558845
1358245029,1737256036,EVT-0100,1099.0,1091.0,1095.0,977.0,110.0,10.009099181073704
1407931751,1743803979,EVT-0100,904.0,703.0,903.0,754.0,-52.0,-5.752212389380531
1743613295,1480599715,EVT-0100,942.0,959.0,899.0,820.0,96.0,10.191082802547772
1793579560,1870533357,EVT-0100,1678.0,2202.0,1653.0,1444.0,733.0,43.68295589988081
1811081532,1511742359,EVT-0100,1111.0,1166.0,1149.0,1109.0,95.0,8.55085508550855
1048976678,1082909627,EVT-0101,940.0,1076.0,1043.0,1038.0,141.0,15.0
1065870788,1209829039,EVT-0101,1301.0,1407.0,1431.0,1490.0,47.0,3.61260568793236
1136500869,1990401386,EVT-0101,415.0,472.0,444.0,357.0,144.0,34.69879518072289
1159841240,1026926489,EVT-0101,917.0,1146.0,941.0,1121.0,49.0,5.343511450381679
1174238463,1057676243,EVT-0101,1353.0,1630.0,1275.0,1429.0,123.0,9.090909090909092
1227780172,1769234364,EVT-0101,906.0,1164.0,1039.0,920.0,377.0,41.61147902869757
1241711534,1393729789,EVT-0101,761.0,832.0,757.0,924.0,-96.0,-12.614980289093298
1425340662,1352216182,EVT-0101,1018.0,1274.0,1032.0,1223.0,65.0,6.385068762278978
1425610817,1804484495,EVT-0101,481.0,521.0,478.0,500.0,18.0,3.7422037422037424
1475115246,1751172259,EVT-0101,971.0,1201.0,857.0,923.0,164.0,16.889804325437694
1526669415,1625192632,EVT-0101,545.0,571.0,549.0,456.0,119.0,21.834862385321102
1552813903,1099946885,EVT-0101,1242.0,1706.0,1274.0,1366.0,372.0,29.951690821256037
1557944620,1670560261,EVT-0101,1158.0,1455.0,1225.0,1248.0,274.0,23.661485319516405
1592123891,1058325303,EVT-0101,887.0,1136.0,1008.0,1192.0,65.0,7.328072153325817
1621199177,1572180861,EVT-0101,842.0,942.0,841.0,783.0,158.0,18.76484560570071
1670701188,1107378550,EVT-0101,1024.0,1243.0,1025.0,1157.0,87.0,8.49609375
1703413967,1257768279,EVT-0101,1285.0,1317.0,1385.0,1399.0,18.0,1.4007782101167316
1808826295,1892083019,EVT-0101,1460.0,1771.0,1443.0,1832.0,-78.0,-5.342465753424658
1812815243,1191545544,EVT-0101,1738.0,2277.0,1629.0,1877.0,291.0,16.7433831990794
1815807585,1364720148,EVT-0101,2168.0,2645.0,2146.0,2890.0,-267.0,-12.31549815498155
1849328657,1311764207,EVT-0101,466.0,391.0,438.0,419.0,-56.0,-12.017167381974248
1896554999,1873780039,EVT-0101,1780.0,2127.0,1787.0,2085.0,49.0,2.752808988764045
1944079924,1337789832,EVT-0101,803.0,853.0,873.0,839.0,84.0,10.460772104607722
1955620046,1363342464,EVT-0101,3212.0,3686.0,3005.0,3790.0,-311.0,-9.682440846824408
1050506165,1081238747,EVT-0102,2025.0,2296.0,1979.0,2080.0,170.0,8.395061728395062
1075036339,1738916414,EVT-0102,1278.0,1173.0,1226.0,1222.0,-101.0,-7.902973395931142
1229022169,1722581836,EVT-0102,973.0,840.0,941.0,932.0,-124.0,-12.744090441932169
1389574017,1308498975,EVT-0102,1730.0,2017.0,1530.0,1448.0,369.0,21.32947976878613
1782077311,1916437647,EVT-0102,899.0,784.0,917.0,705.0,97.0,10.789766407119021
1854852153,1870532862,EVT-0102,1211.0,1259.0,1227.0,1155.0,120.0,9.90916597853014
1174145494,1805422742,EVT-0103,2187.0,2059.0,2189.0,2389.0,-328.0,-14.997713763145862
1237205202,1708639657,EVT-0103,1111.0,1030.0,1148.0,937.0,130.0,11.701170117011701
1453128708,1400951004,EVT-0103,2367.0,2376.0,2516.0,2740.0,-215.0,-9.083227714406423
1497642888,1333043895,EVT-0103,1188.0,1204.0,1174.0,1141.0,49.0,4.124579124579125
1677860136,1423753536,EVT-0103,1977.0,1888.0,2130.0,2128.0,-87.0,-4.400606980273141
1740626134,1617703974,EVT-0103,1252.0,1271.0,1257.0,1033.0,243.0,19.408945686900957
1758794279,1657025858,EVT-0103,2931.0,3125.0,2862.0,2780.0,276.0,9.416581371545547
1995404856,1299832539,EVT-0103,1502.0,1442.0,1547.0,1413.0,74.0,4.92676431424767
1011940271,1995404856,EVT-0104,890.0,961.0,970.0,982.0,59.0,6.629213483146068
1038444141,1831786672,EVT-0104,429.0,471.0,406.0,339.0,109.0,25.407925407925408
1044666919,1464676570,EVT-0104,780.0,815.0,805.0,829.0,11.0,1.4102564102564104
1204787067,1410468163,EVT-0104,519.0,415.0,550.0,460.0,-14.0,-2.697495183044316
1238983617,1502571429,EVT-0104,841.0,1032.0,815.0,946.0,60.0,7.13436385255648
1423152481,1363342464,EVT-0104,2419.0,3192.0,2722.0,3627.0,-132.0,-5.456800330715172
1425610817,1310164813,EVT-0104,444.0,450.0,502.0,457.0,51.0,11.486486486486488
1456299035,1389159553,EVT-0104,1228.0,1301.0,1199.0,1326.0,-54.0,-4.397394136807818
1481247389,1057676243,EVT-0104,1229.0,1243.0,1258.0,1234.0,38.0,3.091944670463792
1512844550,1081031506,EVT-0104,960.0,980.0,816.0,854.0,-18.0,-1.875
1615059528,1082909627,EVT-0104,1158.0,1154.0,1109.0,1040.0,65.0,5.613126079447324
1647196991,1181599923,EVT-0104,479.0,465.0,476.0,433.0,29.0,6.05427974947808
1685524518,1892083019,EVT-0104,804.0,720.0,767.0,738.0,-55.0,-6.8407960199004965
1123148250,1323611925,EVT-0105,1520.0,1510.0,1528.0,1439.0,79.0,5.197368421052632
1265952337,1860037419,EVT-0105,2873.0,2839.0,2802.0,1554.0,1214.0,42.2554820744866
1299418347,1331020234,EVT-0105,2350.0,2759.0,2406.0,2673.0,142.0,6.042553191489362
1376656900,1750236147,EVT-0105,1720.0,1787.0,1589.0,1844.0,-188.0,-10.930232558139535
1551962891,1789632894,EVT-0105,560.0,500.0,574.0,552.0,-38.0,-6.785714285714286
1648553570,1823309871,EVT-0105,2146.0,2790.0,2028.0,2375.0,297.0,13.839701770736253
1655321622,1848800052,EVT-0105,2005.0,2222.0,1996.0,2065.0,148.0,7.381546134663342
1745601371,1409960642,EVT-0105,1506.0,1498.0,1554.0,1604.0,-58.0,-3.851261620185923
1760628762,1440623548,EVT-0105,1280.0,1257.0,1039.0,1142.0,-126.0,-9.84375
1009179924,1599978586,EVT-0106,2106.0,2632.0,2135.0,2356.0,305.0,14.482431149097815
1169238601,1083149777,EVT-0106,1717.0,1684.0,1777.0,1675.0,69.0,4.01863715783343
1265952337,1860037419,EVT-0106,2873.0,2839.0,2802.0,1554.0,1214.0,42.2554820744866
1286477181,1656483868,EVT-0106,1286.0,1444.0,1345.0,1165.0,338.0,26.283048211508554
1299418347,1331020234,EVT-0106,2350.0,2759.0,2406.0,2673.0,142.0,6.042553191489362
1409960642,1742318383,EVT-0106,1554.0,1604.0,1563.0,1452.0,161.0,10.36036036036036
1614978876,1210894345,EVT-0106,811.0,912.0,873.0,702.0,272.0,33.53884093711467
1655321622,1848800052,EVT-0106,2005.0,2222.0,1996.0,2065.0,148.0,7.381546134663342
1710163217,1167711153,EVT-0106,1767.0,2013.0,1743.0,1717.0,272.0,15.393322014714206
1762664088,1302899475,EVT-0106,1130.0,1157.0,1144.0,1253.0,-82.0,-7.256637168141593
1885189138,1871372714,EVT-0106,1695.0,1758.0,1691.0,1827.0,-73.0,-4.3067846607669615
1934763735,1878312481,EVT-0106,973.0,1136.0,1070.0,886.0,347.0,35.66289825282631
1123148250,1323611925,EVT-0107,1520.0,1510.0,1528.0,1439.0,79.0,5.197368421052632
1167711153,1120080837,EVT-0107,1743.0,1717.0,1706.0,1956.0,-276.0,-15.834767641996558
1332369119,1923786978,EVT-0107,1792.0,2046.0,1842.0,1656.0,440.0,24.553571428571427
1362560363,1138208594,EVT-0107,2361.0,2653.0,2335.0,2436.0,191.0,8.089792460821686
1386514024,1977922420,EVT-0107,1776.0,1884.0,1697.0,1569.0,236.0,13.288288288288289
1594466975,1069143851,EVT-0107,1783.0,1752.0,1685.0,1792.0,-138.0,-7.739764441951767
1614978876,1486849361,EVT-0107,811.0,912.0,746.0,684.0,163.0,20.098643649815042
1672904236,1056679651,EVT-0107,1793.0,2039.0,1629.0,1868.0,7.0,0.39040713887339656
1710163217,1871372714,EVT-0107,1767.0,2013.0,1691.0,1827.0,110.0,6.22524052065648
1722038985,1185877283,EVT-0107,1627.0,1882.0,1579.0,1646.0,188.0,11.55500921942225
1969108517,1656483868,EVT-0107,1305.0,1215.0,1345.0,1165.0,90.0,6.896551724137931
1082909627,1804484495,EVT-0108,1021.0,1112.0,1016.0,1025.0,82.0,8.03134182174339
1166368237,1769234364,EVT-0108,1783.0,1675.0,1515.0,1441.0,-34.0,-1.9068984856982614
1174238463,1997693654,EVT-0108,1482.0,1481.0,1701.0,1654.0,46.0,3.1039136302294197
1200096471,1057676243,EVT-0108,1431.0,1443.0,1261.0,1202.0,71.0,4.96156533892383
1241711534,1572180861,EVT-0108,1026.0,1082.0,1038.0,881.0,213.0,20.760233918128655
1271463741,1939052563,EVT-0108,894.0,1040.0,893.0,669.0,370.0,41.387024608501115
1310164813,1389159553,EVT-0108,1406.0,1546.0,1377.0,1671.0,-154.0,-10.953058321479373
1423152481,1363342464,EVT-0108,3240.0,3727.0,3249.0,4329.0,-593.0,-18.30246913580247
1456299035,1512866082,EVT-0108,1493.0,1651.0,1545.0,1547.0,156.0,10.448760884125921
1484724632,1767508967,EVT-0108,2437.0,2766.0,2468.0,2485.0,312.0,12.802626179729176
1523498065,1364720148,EVT-0108,2034.0,1949.0,2190.0,2426.0,-321.0,-15.781710914454278
1567742360,1547660377,EVT-0108,980.0,1080.0,968.0,883.0,185.0,18.877551020408163
1595301304,1134632102,EVT-0108,2574.0,3009.0,2722.0,3280.0,-123.0,-4.778554778554779
1732527431,1892083019,EVT-0108,2485.0,2856.0,2360.0,2355.0,376.0,15.130784708249498
1747032997,1251202242,EVT-0108,1854.0,2056.0,1977.0,1738.0,441.0,23.78640776699029
1924355757,1812123887,EVT-0108,2595.0,3295.0,2634.0,2941.0,393.0,15.144508670520231
1019230758,1622391112,EVT-0109,395.0,291.0,385.0,362.0,-81.0,-20.506329113924053
1038444141,1340345143,EVT-0109,1115.0,1187.0,1112.0,1289.0,-105.0,-9.417040358744394
1041585906,1275723975,EVT-0109,613.0,532.0,500.0,467.0,-48.0,-7.830342577487764
1065455036,1739712036,EVT-0109,399.0,452.0,424.0,392.0,85.0,21.303258145363408
1159841240,1026926489,EVT-0109,934.0,1249.0,952.0,1151.0,116.0,12.419700214132762
1189769080,1714021262,EVT-0109,1380.0,1762.0,1375.0,1513.0,244.0,17.681159420289855
1198262952,1573445784,EVT-0109,608.0,720.0,675.0,606.0,181.0,29.769736842105267
1227780172,1769234364,EVT-0109,920.0,1236.0,1049.0,993.0,372.0,40.43478260869565
1238983617,1526834563,EVT-0109,1023.0,1317.0,1044.0,1198.0,140.0,13.685239491691103
1240190284,1663073843,EVT-0109,606.0,665.0,578.0,611.0,26.0,4.29042904290429
1273912869,1121962926,EVT-0109,697.0,738.0,671.0,797.0,-85.0,-12.195121951219512
1297280590,1540759788,EVT-0109,810.0,918.0,803.0,910.0,1.0,0.12345679012345678
1324722952,1299832539,EVT-0109,309.0,313.0,289.0,273.0,20.0,6.472491909385113
1328056928,1645013610,EVT-0109,396.0,427.0,355.0,316.0,70.0,17.67676767676768
1358245029,1737256036,EVT-0109,988.0,836.0,952.0,901.0,-101.0,-10.222672064777328
1368009035,1779918477,EVT-0109,548.0,648.0,542.0,547.0,95.0,17.335766423357665
1376656900,1823309871,EVT-0109,946.0,1237.0,938.0,1120.0,109.0,11.522198731501057
1467704312,1045376799,EVT-0109,1031.0,1186.0,950.0,996.0,109.0,10.572259941804074
1506746308,1268421124,EVT-0109,722.0,676.0,721.0,805.0,-130.0,-18.005540166204987
1511742359,1913743435,EVT-0109,916.0,922.0,922.0,1084.0,-156.0,-17.03056768558952
1621842156,1693350831,EVT-0109,678.0,645.0,715.0,833.0,-151.0,-22.271386430678465
1657025858,1174785596,EVT-0109,891.0,991.0,972.0,1082.0,-10.0,-1.122334455667789
1672904236,1541379537,EVT-0109,875.0,1032.0,928.0,1077.0,8.0,0.9142857142857144
1747032997,1099946885,EVT-0109,1219.0,1607.0,1261.0,1444.0,205.0,16.81706316652994
1776723276,1429255973,EVT-0109,863.0,1021.0,967.0,1005.0,120.0,13.904982618771728
1785764022,1242598583,EVT-0109,701.0,731.0,701.0,846.0,-115.0,-16.405135520684734
1803502636,1736538384,EVT-0109,1323.0,1856.0,1217.0,1212.0,538.0,40.66515495086924
1811081532,1535323178,EVT-0109,781.0,927.0,824.0,927.0,43.0,5.505761843790013
1814938340,1107378550,EVT-0109,967.0,972.0,1005.0,1151.0,-141.0,-14.581178903826267
1847082322,1993874985,EVT-0109,709.0,682.0,708.0,798.0,-117.0,-16.502115655853313
1856406925,1464805419,EVT-0109,961.0,1295.0,978.0,812.0,500.0,52.029136316337144
1889776344,1320611266,EVT-0109,465.0,619.0,421.0,421.0,154.0,33.11827956989247
1903798589,1783823739,EVT-0109,2338.0,2676.0,2188.0,2901.0,-375.0,-16.0393498716852
1002145427,1209566128,EVT-0110,3733.0,3966.0,3800.0,4704.0,-671.0,-17.974819180283955
1048976678,1892083019,EVT-0110,3051.0,3736.0,2360.0,2355.0,690.0,22.615535889872174
1082909627,1804484495,EVT-0110,1021.0,1112.0,1016.0,1025.0,82.0,8.03134182174339
1174238463,1512866082,EVT-0110,1482.0,1481.0,1545.0,1547.0,-3.0,-0.20242914979757085
1190842652,1289174306,EVT-0110,1149.0,1474.0,1130.0,1019.0,436.0,37.94604003481288
1200480071,1251202242,EVT-0110,1930.0,2380.0,1977.0,1738.0,689.0,35.69948186528498
1241711534,1572180861,EVT-0110,1026.0,1082.0,1038.0,881.0,213.0,20.760233918128655
1321405205,1463019459,EVT-0110,1271.0,1243.0,1296.0,1291.0,-23.0,-1.8095987411487018
1334266016,1352216182,EVT-0110,2263.0,2525.0,2377.0,2812.0,-173.0,-7.6447193990278395
1481247389,1364720148,EVT-0110,2196.0,2432.0,2190.0,2426.0,0.0,0.0
1523681389,1488515010,EVT-0110,1760.0,1797.0,1755.0,1796.0,-4.0,-0.22727272727272727
1567742360,1547660377,EVT-0110,980.0,1080.0,968.0,883.0,185.0,18.877551020408163
1595301304,1812123887,EVT-0110,2574.0,3009.0,2634.0,2941.0,128.0,4.972804972804973
1808826295,1363342464,EVT-0110,3121.0,3688.0,3249.0,4329.0,-513.0,-16.43703941044537
1848624494,1311764207,EVT-0110,2206.0,2422.0,2233.0,2337.0,112.0,5.077062556663645
1011940271,1708639657,EVT-0111,659.0,673.0,649.0,571.0,92.0,13.960546282245827
1050705288,1694658844,EVT-0111,1061.0,1458.0,958.0,1124.0,231.0,21.77191328934967
1076376403,1736538384,EVT-0111,1095.0,1419.0,1217.0,1212.0,329.0,30.04566210045662
1107038659,1400951004,EVT-0111,1072.0,1217.0,799.0,929.0,15.0,1.3992537313432836
1136500869,1990401386,EVT-0111,404.0,504.0,440.0,372.0,168.0,41.584158415841586
1166368237,1209829039,EVT-0111,1507.0,1726.0,1455.0,1574.0,100.0,6.635700066357001
1224230882,1625192632,EVT-0111,446.0,494.0,569.0,473.0,144.0,32.28699551569507
1240190284,1663073843,EVT-0111,606.0,665.0,578.0,611.0,26.0,4.29042904290429
1264333323,1674102136,EVT-0111,831.0,1140.0,703.0,715.0,297.0,35.74007220216607
1265952337,1056679651,EVT-0111,597.0,632.0,626.0,771.0,-110.0,-18.425460636515915
1302899475,1219591108,EVT-0111,282.0,344.0,283.0,197.0,148.0,52.4822695035461
1330156328,1028436479,EVT-0111,1083.0,1025.0,1088.0,1147.0,-117.0,-10.80332409972299
1375349903,1257768279,EVT-0111,1430.0,1323.0,1433.0,1412.0,-86.0,-6.013986013986014
1413519731,1412773438,EVT-0111,1959.0,2827.0,1984.0,2690.0,162.0,8.269525267993874
1497642888,1423753536,EVT-0111,688.0,773.0,618.0,721.0,-18.0,-2.616279069767442
1592123891,1058325303,EVT-0111,949.0,1190.0,990.0,1189.0,42.0,4.425711275026344
1639269087,1209566128,EVT-0111,2422.0,2857.0,2371.0,3048.0,-242.0,-9.991742361684558
1665478461,1261377760,EVT-0111,1033.0,1229.0,1025.0,1088.0,133.0,12.87512100677638
1670560261,1352216182,EVT-0111,1197.0,1302.0,1062.0,1284.0,-117.0,-9.774436090225564
1670701188,1107378550,EVT-0111,1041.0,1330.0,1005.0,1151.0,143.0,13.736791546589819
1689059347,1134632102,EVT-0111,447.0,496.0,506.0,546.0,9.0,2.013422818791946
1696806755,1337606333,EVT-0111,411.0,429.0,376.0,415.0,-21.0,-5.109489051094891
1702497342,1769333869,EVT-0111,1288.0,1408.0,877.0,939.0,58.0,4.503105590062112
1706991829,1801662945,EVT-0111,546.0,538.0,545.0,670.0,-133.0,-24.358974358974358
1717519684,1225504491,EVT-0111,1166.0,987.0,1115.0,1101.0,-165.0,-14.150943396226415
1747032997,1099946885,EVT-0111,1219.0,1607.0,1261.0,1444.0,205.0,16.81706316652994
1750236147,1830884742,EVT-0111,1366.0,1493.0,1252.0,1383.0,-4.0,-0.29282576866764276
1885387740,1174785596,EVT-0111,947.0,1150.0,972.0,1082.0,93.0,9.820485744456176
1903121188,1697855363,EVT-0111,775.0,828.0,807.0,857.0,3.0,0.3870967741935484
1921646299,1285347583,EVT-0111,901.0,1249.0,879.0,884.0,343.0,38.06881243063263
1993463169,1305714580,EVT-0111,1623.0,2023.0,1761.0,2084.0,77.0,4.74430067775724
1259584955,1580871600,EVT-0112,769.0,617.0,760.0,690.0,-82.0,-10.663198959687907
1358245029,1479311619,EVT-0112,1122.0,1090.0,1093.0,1084.0,-23.0,-2.049910873440285
1009179924,1599978586,EVT-0113,1679.0,2063.0,1760.0,2024.0,120.0,7.14711137581894
1031568581,1838576308,EVT-0113,591.0,658.0,594.0,527.0,134.0,22.673434856175973
1038444141,1123562633,EVT-0113,422.0,474.0,434.0,394.0,92.0,21.80094786729858
1074076039,1836894604,EVT-0113,1140.0,1226.0,1164.0,1351.0,-101.0,-8.859649122807017
1084919582,1892083019,EVT-0113,861.0,1116.0,758.0,759.0,254.0,29.500580720092916
1159301823,1088938448,EVT-0113,524.0,461.0,552.0,462.0,27.0,5.152671755725191
1163199601,1103232447,EVT-0113,988.0,1015.0,871.0,944.0,-46.0,-4.65587044534413
1246066447,1892897319,EVT-0113,1425.0,1495.0,1568.0,1788.0,-150.0,-10.526315789473683
1647196991,1181599923,EVT-0113,495.0,487.0,441.0,426.0,7.0,1.4141414141414141
1663073843,1271711891,EVT-0113,392.0,457.0,352.0,298.0,119.0,30.357142857142854
1710163217,1779918477,EVT-0113,1414.0,1522.0,1432.0,1460.0,80.0,5.657708628005658
1743613295,1752055289,EVT-0113,532.0,476.0,570.0,484.0,30.0,5.639097744360902
1808310134,1075689749,EVT-0113,2054.0,2409.0,1982.0,2057.0,280.0,13.631937682570594
1824149854,1973275377,EVT-0113,982.0,1031.0,812.0,644.0,217.0,22.09775967413442
1893606271,1828766265,EVT-0113,562.0,653.0,575.0,543.0,123.0,21.88612099644128
1903798589,1219172859,EVT-0113,1451.0,1922.0,1480.0,1624.0,327.0,22.53618194348725
1025231352,1892307210,EVT-0114,1855.0,2196.0,1435.0,1511.0,265.0,14.285714285714285
1435949049,1282327174,EVT-0114,3108.0,3715.0,3168.0,3270.0,505.0,16.248391248391247
1328056928,1468815406,EVT-0115,1723.0,1887.0,1772.0,2008.0,-72.0,-4.178757980266976
1340345143,1384158410,EVT-0115,1989.0,2529.0,2106.0,2436.0,210.0,10.558069381598793
1407931751,1480599715,EVT-0115,892.0,719.0,878.0,785.0,-80.0,-8.968609865470851
1046736322,1769234364,EVT-0116,1473.0,1894.0,1515.0,1441.0,495.0,33.604887983706725
1098995024,1473494189,EVT-0116,1006.0,1252.0,1012.0,1190.0,68.0,6.759443339960239
1145899849,1355374483,EVT-0116,2307.0,2505.0,2273.0,2482.0,-11.0,-0.4768097095795405
1190842652,1289174306,EVT-0116,1149.0,1474.0,1130.0,1019.0,436.0,37.94604003481288
1209829039,1783823739,EVT-0116,3996.0,5194.0,4594.0,5695.0,97.0,2.4274274274274275
1268222167,1356982086,EVT-0116,2020.0,2035.0,2011.0,1984.0,42.0,2.0792079207920793
1271768685,1548652282,EVT-0116,2736.0,3542.0,2882.0,3132.0,556.0,20.321637426900587
1296552940,1767508967,EVT-0116,2276.0,2101.0,2468.0,2485.0,-192.0,-8.43585237258348
1423152481,1363342464,EVT-0116,3240.0,3727.0,3249.0,4329.0,-593.0,-18.30246913580247
1425340662,1134632102,EVT-0116,2682.0,2824.0,2722.0,3280.0,-416.0,-15.510812826249069
1425610817,1057676243,EVT-0116,1291.0,1242.0,1261.0,1202.0,10.0,0.774593338497289
1456299035,1512866082,EVT-0116,1493.0,1651.0,1545.0,1547.0,156.0,10.448760884125921
1506356074,1275443434,EVT-0116,1187.0,1225.0,1255.0,1335.0,-42.0,-3.5383319292333613
1546151204,1251202242,EVT-0116,1906.0,2277.0,1977.0,1738.0,610.0,32.00419727177335
1595301304,1625192632,EVT-0116,2574.0,3009.0,787.0,719.0,503.0,19.541569541569544
1689059347,1219172859,EVT-0116,1439.0,1374.0,1335.0,1325.0,-55.0,-3.822098679638638
1732527431,1892083019,EVT-0116,2485.0,2856.0,2360.0,2355.0,376.0,15.130784708249498
1803233885,1364720148,EVT-0116,2265.0,2623.0,2190.0,2426.0,122.0,5.386313465783664
1806479196,1412773438,EVT-0116,3441.0,4124.0,4639.0,5878.0,-556.0,-16.158093577448415
1903798589,1352216182,EVT-0116,2187.0,2829.0,2377.0,2812.0,207.0,9.465020576131687
1924355757,1812123887,EVT-0116,2595.0,3295.0,2634.0,2941.0,393.0,15.144508670520231
1120302413,1584097178,EVT-0117,1273.0,1510.0,1281.0,1319.0,199.0,15.632364493322859
1259584955,1580871600,EVT-0117,769.0,617.0,760.0,690.0,-82.0,-10.663198959687907
1358340028,1309185530,EVT-0117,806.0,695.0,780.0,734.0,-65.0,-8.064516129032258
1407931751,1480599715,EVT-0117,892.0,719.0,878.0,785.0,-80.0,-8.968609865470851
1704492101,1448589550,EVT-0117,1144.0,1126.0,1168.0,1083.0,67.0,5.856643356643357
1737256036,1479311619,EVT-0117,1033.0,932.0,1093.0,1084.0,-92.0,-8.906098741529526
1811081532,1294882026,EVT-0117,1137.0,1274.0,1158.0,1072.0,223.0,19.61301671064204
1840863041,1384158410,EVT-0117,2322.0,2606.0,2106.0,2436.0,-46.0,-1.9810508182601205
1009179924,1599978586,EVT-0118,2205.0,2731.0,2187.0,2431.0,282.0,12.789115646258503
1015191335,1779918477,EVT-0118,1121.0,1421.0,1110.0,1279.0,131.0,11.685994647636038
1123148250,1323611925,EVT-0118,1528.0,1546.0,1501.0,1457.0,62.0,4.057591623036649
1265952337,1860037419,EVT-0118,2886.0,2833.0,2830.0,1600.0,1177.0,40.78309078309078
1299418347,1331020234,EVT-0118,2382.0,2830.0,2440.0,2721.0,167.0,7.010915197313182
1300832031,1850313960,EVT-0118,1040.0,1052.0,1061.0,865.0,208.0,20.0
1444774099,1458345984,EVT-0118,1006.0,901.0,1080.0,954.0,21.0,2.0874751491053676
1631526641,1234567687,EVT-0118,1302.0,1485.0,1418.0,1443.0,158.0,12.135176651305683
1648553570,1823309871,EVT-0118,2139.0,2868.0,2093.0,2486.0,336.0,15.708274894810659
1710163217,1871372714,EVT-0118,1693.0,2105.0,1694.0,1873.0,233.0,13.762551683402243
1714986282,1306006622,EVT-0118,1440.0,1335.0,1482.0,1321.0,56.0,3.888888888888889
1760628762,1440623548,EVT-0118,1298.0,1247.0,1120.0,1140.0,-71.0,-5.469953775038521
1923786978,1836894604,EVT-0118,1803.0,1721.0,1738.0,1885.0,-229.0,-12.701053799223516
1036718538,1507069536,EVT-0119,380.0,349.0,322.0,252.0,39.0,10.263157894736842
1101185407,1529045985,EVT-0119,881.0,978.0,910.0,932.0,75.0,8.51305334846765
1133130363,1099946885,EVT-0119,1203.0,1511.0,1126.0,1157.0,277.0,23.025768911055692
1238983617,1782341873,EVT-0119,895.0,1026.0,879.0,1009.0,1.0,0.11173184357541899
1273912869,1105435741,EVT-0119,945.0,928.0,996.0,975.0,4.0,0.4232804232804233
1299418347,1350739367,EVT-0119,610.0,764.0,562.0,620.0,96.0,15.737704918032788
1327009084,1738266356,EVT-0119,579.0,725.0,581.0,476.0,251.0,43.350604490500864
1511742359,1535323178,EVT-0119,1042.0,993.0,1036.0,1140.0,-153.0,-14.683301343570058
1567993435,1071299832,EVT-0119,406.0,412.0,408.0,399.0,15.0,3.6945812807881775
1598661571,1150502551,EVT-0119,1344.0,1323.0,1448.0,1671.0,-244.0,-18.154761904761905
1636376422,1529873311,EVT-0119,399.0,381.0,417.0,349.0,50.0,12.531328320802004
1647196991,1181599923,EVT-0119,495.0,487.0,441.0,426.0,7.0,1.4141414141414141
1740047711,1892083019,EVT-0119,882.0,918.0,758.0,759.0,35.0,3.968253968253968
1815807585,1057676243,EVT-0119,1297.0,1611.0,1263.0,1262.0,315.0,24.286815728604473
1934277181,1342938887,EVT-0119,340.0,411.0,335.0,279.0,127.0,37.35294117647059
1964945871,1805422742,EVT-0119,1453.0,1731.0,1562.0,1609.0,231.0,15.898141775636615
1040239976,1674708775,EVT-0120,2576.0,2634.0,2698.0,2820.0,-64.0,-2.484472049689441
1073902250,1641859123,EVT-0120,2088.0,2287.0,2078.0,2382.0,-105.0,-5.028735632183908
1196400158,1337789832,EVT-0120,1374.0,1682.0,1289.0,1025.0,572.0,41.630276564774384
1199976907,1892307210,EVT-0120,1770.0,1762.0,1435.0,1511.0,-84.0,-4.745762711864407
1993874985,1109634414,EVT-0120,2857.0,3015.0,2955.0,3311.0,-198.0,-6.930346517325867
1019230758,1622391112,EVT-0121,395.0,291.0,385.0,362.0,-81.0,-20.506329113924053
1048976678,1572180861,EVT-0121,952.0,1127.0,884.0,843.0,216.0,22.689075630252102
1082909627,1057676243,EVT-0121,1083.0,1038.0,1289.0,1461.0,-217.0,-20.036934441366576
1136500869,1990401386,EVT-0121,404.0,504.0,440.0,372.0,168.0,41.584158415841586
1204787067,1788421810,EVT-0121,413.0,368.0,416.0,438.0,-67.0,-16.222760290556902
1240190284,1788668972,EVT-0121,606.0,665.0,545.0,539.0,65.0,10.726072607260726
1257723886,1598998692,EVT-0121,522.0,544.0,520.0,502.0,40.0,7.662835249042145
1413519731,1412773438,EVT-0121,1959.0,2827.0,1984.0,2690.0,162.0,8.269525267993874
1423152481,1364720148,EVT-0121,2449.0,3091.0,2290.0,3084.0,-152.0,-6.20661494487546
1497642888,1708639657,EVT-0121,688.0,773.0,649.0,571.0,163.0,23.691860465116278
1557944620,1352216182,EVT-0121,1138.0,1499.0,1062.0,1284.0,139.0,12.214411247803165
1689059347,1134632102,EVT-0121,447.0,496.0,506.0,546.0,9.0,2.013422818791946
1740626134,1028436479,EVT-0121,1198.0,1271.0,1088.0,1147.0,14.0,1.1686143572621035
1857629178,1275723975,EVT-0121,540.0,468.0,500.0,467.0,-39.0,-7.222222222222221
1964945871,1736538384,EVT-0121,1241.0,1404.0,1217.0,1212.0,168.0,13.537469782433522
1074076039,1836894604,EVT-0122,1144.0,1271.0,1146.0,1363.0,-90.0,-7.8671328671328675
1076376403,1299832539,EVT-0122,1258.0,1475.0,1253.0,1267.0,203.0,16.136724960254373
1124890801,1209566128,EVT-0122,1613.0,1773.0,1596.0,1977.0,-221.0,-13.70117792932424
1267903205,1225504491,EVT-0122,444.0,428.0,448.0,492.0,-60.0,-13.513513513513514
1271463741,1279684447,EVT-0122,636.0,606.0,637.0,617.0,-10.0,-1.5723270440251573
1278315217,1918398995,EVT-0122,456.0,525.0,454.0,452.0,71.0,15.570175438596493
1279255164,1260279835,EVT-0122,602.0,670.0,595.0,527.0,136.0,22.591362126245848
1279507085,1892897319,EVT-0122,1270.0,1457.0,1644.0,1942.0,-111.0,-8.740157480314961
1328056928,1693350831,EVT-0122,626.0,532.0,656.0,731.0,-169.0,-26.996805111821086
1361521440,1785926670,EVT-0122,851.0,972.0,897.0,849.0,169.0,19.858989424206815
1683943777,1176034100,EVT-0122,981.0,1207.0,909.0,825.0,310.0,31.60040774719674
1704331150,1257768279,EVT-0122,1662.0,2079.0,1200.0,1427.0,190.0,11.432009626955475
1732527431,1804484495,EVT-0122,1575.0,1837.0,1563.0,1627.0,198.0,12.571428571428573
1857629178,1980850634,EVT-0122,316.0,328.0,330.0,300.0,42.0,13.291139240506327
1923786978,1743431961,EVT-0122,508.0,504.0,521.0,524.0,-7.0,-1.3779527559055118
1949335115,1694658844,EVT-0122,1297.0,1452.0,1307.0,1481.0,-19.0,-1.4649190439475714
1002145427,1209566128,EVT-0123,3799.0,4152.0,3905.0,4753.0,-495.0,-13.02974466964991
1065870788,1352216182,EVT-0123,2313.0,2483.0,2426.0,2971.0,-375.0,-16.212710765239947
1084471394,1058325303,EVT-0123,1689.0,1841.0,1684.0,1784.0,52.0,3.078744819419775
1133130363,1767508967,EVT-0123,2452.0,3057.0,2473.0,2492.0,586.0,23.89885807504078
1200480071,1251202242,EVT-0123,1911.0,2458.0,1954.0,1726.0,775.0,40.55468341182627
1241711534,1572180861,EVT-0123,945.0,1044.0,975.0,879.0,195.0,20.634920634920633
1271768685,1548652282,EVT-0123,2763.0,3653.0,2789.0,3406.0,273.0,9.88056460369164
1321405205,1296624285,EVT-0123,1242.0,1239.0,1259.0,1298.0,-42.0,-3.3816425120772946
1334266016,1812123887,EVT-0123,2313.0,2635.0,2550.0,2968.0,-96.0,-4.150453955901426
1389159553,1512866082,EVT-0123,1404.0,1712.0,1458.0,1493.0,273.0,19.444444444444446
1423152481,1363342464,EVT-0123,3403.0,3890.0,3521.0,4627.0,-619.0,-18.189832500734646
1425610817,1057676243,EVT-0123,1222.0,1242.0,1223.0,1228.0,15.0,1.227495908346972
1523498065,1364720148,EVT-0123,2020.0,2047.0,2265.0,2541.0,-249.0,-12.326732673267326
1615059528,1997693654,EVT-0123,1899.0,1871.0,1715.0,1642.0,45.0,2.3696682464454977
1674102136,1134089733,EVT-0123,827.0,835.0,738.0,718.0,28.0,3.3857315598548974
1689059347,1769234364,EVT-0123,1403.0,1410.0,1421.0,1500.0,-72.0,-5.131860299358518
1689916181,1714021262,EVT-0123,3307.0,4552.0,3260.0,3877.0,628.0,18.990021167221048
1903798589,1134632102,EVT-0123,2269.0,3002.0,2841.0,3341.0,233.0,10.268840899074483
1955620046,1892083019,EVT-0123,2953.0,3630.0,2282.0,2418.0,541.0,18.320352184219438
1076376403,1299832539,EVT-0124,1258.0,1475.0,1253.0,1267.0,203.0,16.136724960254373
1124890801,1209566128,EVT-0124,1613.0,1773.0,1596.0,1977.0,-221.0,-13.70117792932424
1166368237,1289174306,EVT-0124,1352.0,1539.0,1259.0,1310.0,136.0,10.059171597633137
1310164813,1295857761,EVT-0124,495.0,432.0,463.0,445.0,-45.0,-9.090909090909092
1350739367,1440538092,EVT-0124,579.0,621.0,513.0,556.0,-1.0,-0.17271157167530224
1362560363,1426157339,EVT-0124,1432.0,1458.0,1247.0,1046.0,227.0,15.85195530726257
1385532449,1389159553,EVT-0124,1214.0,1510.0,1180.0,1485.0,-9.0,-0.7413509060955519
1456299035,1057676243,EVT-0124,1249.0,1357.0,1234.0,1246.0,96.0,7.686148919135308
1484724632,1099946885,EVT-0124,1158.0,1331.0,1124.0,1148.0,149.0,12.867012089810018
1621199177,1773180629,EVT-0124,1855.0,2182.0,1771.0,2051.0,47.0,2.533692722371968
1670560261,1219172859,EVT-0124,1462.0,1469.0,1519.0,1666.0,-140.0,-9.575923392612859
1697719783,1443551811,EVT-0124,547.0,643.0,555.0,599.0,52.0,9.506398537477148
1710163217,1056679651,EVT-0124,1473.0,1568.0,1450.0,1583.0,-38.0,-2.5797691785471826
1856406925,1120080837,EVT-0124,1193.0,1085.0,1172.0,1239.0,-175.0,-14.668901927912826
1949335115,1694658844,EVT-0124,1297.0,1452.0,1307.0,1481.0,-19.0,-1.4649190439475714
1009179924,1120914548,EVT-0125,2168.0,2796.0,2146.0,2408.0,366.0,16.88191881918819
1123148250,1234567687,EVT-0125,1507.0,1602.0,1448.0,1389.0,154.0,10.218978102189782
1368009035,1120080837,EVT-0125,1933.0,2063.0,1746.0,2048.0,-172.0,-8.898085876875324
1460081361,1440538092,EVT-0125,1300.0,1540.0,1398.0,1186.0,452.0,34.76923076923077
1631526641,1323611925,EVT-0125,1309.0,1511.0,1404.0,1396.0,210.0,16.0427807486631
1648553570,1823309871,EVT-0125,2210.0,3011.0,2165.0,2591.0,375.0,16.968325791855204
1655321622,1848800052,EVT-0125,2030.0,2218.0,1991.0,1944.0,235.0,11.576354679802956
1701585576,1036176265,EVT-0125,2738.0,3228.0,2809.0,2928.0,371.0,13.550036523009496
1745601371,1200346587,EVT-0125,1449.0,1608.0,1498.0,1849.0,-192.0,-13.250517598343686
1760628762,1440623548,EVT-0125,1277.0,1216.0,1122.0,1127.0,-66.0,-5.168363351605325
1969108517,1656483868,EVT-0125,1241.0,1340.0,1227.0,1206.0,120.0,9.6696212731668
1075036339,1738916414,EVT-0126,1278.0,1190.0,1252.0,1251.0,-87.0,-6.807511737089202
1370467684,1250113473,EVT-0126,548.0,476.0,533.0,478.0,-17.0,-3.102189781021898
1449331358,1679813331,EVT-0126,820.0,821.0,816.0,661.0,156.0,19.024390243902438
1647700669,1696606064,EVT-0126,920.0,799.0,929.0,925.0,-117.0,-12.717391304347824
1688976343,1349686455,EVT-0126,1936.0,2138.0,1898.0,1864.0,236.0,12.190082644628099
1782077311,1831183839,EVT-0126,799.0,754.0,780.0,787.0,-52.0,-6.508135168961202
1880717263,1536141264,EVT-0126,2275.0,2789.0,2424.0,2724.0,214.0,9.406593406593407
1889776344,1632734848,EVT-0126,1541.0,1831.0,1530.0,1584.0,236.0,15.314730694354314
1964572899,1416644254,EVT-0126,841.0,803.0,699.0,606.0,55.0,6.539833531510107
1019230758,1443551811,EVT-0127,1107.0,993.0,1135.0,1219.0,-198.0,-17.88617886178862
1044379984,1674345776,EVT-0127,1538.0,1632.0,1472.0,1792.0,-226.0,-14.694408322496749
1189244753,1879821175,EVT-0127,1596.0,1727.0,1620.0,1632.0,119.0,7.456140350877193
1467704312,1398789739,EVT-0127,1317.0,1649.0,1355.0,1480.0,207.0,15.717539863325742
1616418756,1874547676,EVT-0127,1215.0,1512.0,1141.0,1113.0,325.0,26.74897119341564
1635476009,1980975555,EVT-0127,1574.0,1923.0,1530.0,1578.0,301.0,19.123252858958068
1002145427,1209566128,EVT-0128,3766.0,4352.0,3926.0,4972.0,-460.0,-12.214551248008497
1133130363,1767508967,EVT-0128,2523.0,3306.0,2601.0,2626.0,758.0,30.043598890210067
1166368237,1219172859,EVT-0128,1658.0,1886.0,1355.0,1505.0,78.0,4.704463208685163
1180932224,1363342464,EVT-0128,3988.0,5230.0,3786.0,4828.0,200.0,5.015045135406218
1268222167,1511022174,EVT-0128,1913.0,2105.0,1935.0,2068.0,59.0,3.0841610036591742
1300654963,1762971749,EVT-0128,1387.0,1716.0,1472.0,1371.0,430.0,31.002162941600574
1385532449,1635581279,EVT-0128,4425.0,5186.0,4491.0,6404.0,-1152.0,-26.033898305084747
1413519731,1352216182,EVT-0128,3092.0,3922.0,2326.0,3058.0,98.0,3.169469598965071
1425340662,1134632102,EVT-0128,2746.0,3087.0,2891.0,3449.0,-217.0,-7.902403495994173
1425610817,1804484495,EVT-0128,1150.0,1314.0,962.0,1157.0,-31.0,-2.6956521739130435
1615059528,1997693654,EVT-0128,1971.0,1911.0,1699.0,1695.0,-56.0,-2.841197361745307
1621199177,1057676243,EVT-0128,1251.0,1306.0,1205.0,1319.0,-59.0,-4.7162270183852915
1639269087,1261377760,EVT-0128,1357.0,1675.0,1482.0,1729.0,71.0,5.232129697862932
1732527431,1364720148,EVT-0128,2583.0,3097.0,2337.0,2708.0,143.0,5.5361982191250485
1747032997,1058325303,EVT-0128,1787.0,2234.0,1655.0,1802.0,300.0,16.787912702853948
1922670785,1892083019,EVT-0128,2608.0,3092.0,2268.0,2514.0,238.0,9.125766871165645
1924355757,1812123887,EVT-0128,2693.0,3593.0,2560.0,2998.0,462.0,17.155588562940956
1937514325,1159833825,EVT-0128,2837.0,3475.0,2468.0,2919.0,187.0,6.591469862530842
1040239976,1674708775,EVT-0129,2687.0,2811.0,2690.0,3022.0,-208.0,-7.740975065128396
1428792083,1158498141,EVT-0129,561.0,593.0,591.0,503.0,120.0,21.390374331550802
1435949049,1109634414,EVT-0129,3297.0,4049.0,3141.0,3468.0,425.0,12.89050652107977
1598661571,1282327174,EVT-0129,2863.0,3065.0,3034.0,3437.0,-201.0,-7.020607754104087
1768831921,1418704015,EVT-0129,1365.0,1518.0,1311.0,1505.0,-41.0,-3.0036630036630036
1847082322,1892307210,EVT-0129,1669.0,1972.0,1425.0,1679.0,49.0,2.9358897543439184
1031568581,1501015600,EVT-0130,673.0,856.0,680.0,687.0,176.0,26.151560178306095
1048976678,1393729789,EVT-0130,1039.0,1308.0,804.0,1051.0,22.0,2.1174205967276225
1050705288,1630629040,EVT-0130,1204.0,1668.0,1103.0,1297.0,270.0,22.425249169435215
1074076039,1451721462,EVT-0130,1675.0,2264.0,1855.0,2102.0,342.0,20.417910447761194
1117854327,1188509891,EVT-0130,338.0,326.0,345.0,221.0,112.0,33.13609467455622
1200480071,1134089733,EVT-0130,816.0,1045.0,744.0,647.0,326.0,39.950980392156865
1223523766,1596580633,EVT-0130,683.0,784.0,667.0,694.0,74.0,10.834553440702782
1237205202,1249657408,EVT-0130,1110.0,1225.0,1143.0,1267.0,-9.0,-0.8108108108108109
1244876920,1821714619,EVT-0130,167.0,167.0,166.0,138.0,28.0,16.766467065868262
1264333323,1261377760,EVT-0130,950.0,1229.0,1017.0,1201.0,95.0,10.0
1265952337,1779918477,EVT-0130,642.0,692.0,613.0,592.0,71.0,11.059190031152648
1299418347,1541379537,EVT-0130,982.0,1246.0,971.0,1207.0,28.0,2.8513238289205702
1332369119,1275177768,EVT-0130,372.0,505.0,270.0,254.0,149.0,40.053763440860216
1350739367,1440538092,EVT-0130,838.0,1064.0,769.0,977.0,18.0,2.1479713603818613
1475115246,1107378550,EVT-0130,1082.0,1392.0,1039.0,1150.0,199.0,18.391866913123845
1566888198,1169614082,EVT-0130,808.0,924.0,771.0,725.0,162.0,20.049504950495052
1610177150,1443907526,EVT-0130,1444.0,1618.0,1500.0,2026.0,-352.0,-24.37673130193906
1639269087,1209566128,EVT-0130,2475.0,3369.0,2526.0,3707.0,-287.0,-11.595959595959595
1657725655,1405577143,EVT-0130,916.0,1141.0,995.0,1353.0,-133.0,-14.519650655021834
1672904236,1464805419,EVT-0130,895.0,1107.0,888.0,869.0,231.0,25.81005586592179
1701585576,1823309871,EVT-0130,983.0,1119.0,1044.0,1206.0,-26.0,-2.644964394710071
1707435529,1572180861,EVT-0130,927.0,1136.0,822.0,834.0,197.0,21.251348435814453
1732000645,1285520676,EVT-0130,909.0,1217.0,757.0,813.0,252.0,27.722772277227726
1732914373,1361620622,EVT-0130,1207.0,1266.0,1214.0,1502.0,-229.0,-18.972659486329743
1776723276,1429255973,EVT-0130,972.0,1093.0,969.0,1097.0,-7.0,-0.720164609053498
1848624494,1540759788,EVT-0130,808.0,918.0,869.0,940.0,39.0,4.826732673267327
1908127628,1713519829,EVT-0130,668.0,589.0,721.0,650.0,-8.0,-1.1976047904191618
1927430854,1057676243,EVT-0130,1135.0,1570.0,1251.0,1573.0,113.0,9.955947136563877
1955620046,1363342464,EVT-0130,3318.0,4936.0,3305.0,4747.0,176.0,5.304400241109102
1964945871,1736538384,EVT-0130,1283.0,1539.0,1195.0,1299.0,152.0,11.847233047544817
1991291398,1274985831,EVT-0130,1229.0,1550.0,1247.0,1646.0,-78.0,-6.346623270951994
1002145427,1209566128,EVT-0131,3758.0,4373.0,4024.0,5090.0,-451.0,-12.001064395955295
1018018261,1714021262,EVT-0131,3454.0,4405.0,3351.0,4081.0,221.0,6.398378691372322
1057676243,1804484495,EVT-0131,1185.0,1369.0,951.0,1144.0,-9.0,-0.7594936708860759
1094274762,1296624285,EVT-0131,1217.0,1434.0,1228.0,1315.0,130.0,10.682004930156122
1098995024,1099946885,EVT-0131,1109.0,1327.0,1118.0,1268.0,68.0,6.131650135256988
1133130363,1767508967,EVT-0131,2523.0,3361.0,2515.0,2769.0,584.0,23.147047166072134
1200480071,1251202242,EVT-0131,1976.0,2700.0,1868.0,1679.0,913.0,46.20445344129555
1209829039,1566276774,EVT-0131,4519.0,5735.0,5010.0,6967.0,-741.0,-16.397433060411597
1321405205,1463019459,EVT-0131,1274.0,1253.0,1187.0,1372.0,-206.0,-16.16954474097331
1356982086,1511022174,EVT-0131,1912.0,2149.0,1946.0,2106.0,77.0,4.027196652719665
1377426493,1434523506,EVT-0131,1712.0,1922.0,1669.0,1515.0,364.0,21.261682242990652
1413519731,1134632102,EVT-0131,2927.0,4048.0,2958.0,3476.0,603.0,20.60129825760164
1456299035,1512866082,EVT-0131,1573.0,1813.0,1503.0,1543.0,200.0,12.714558169103624
1523498065,1997693654,EVT-0131,1862.0,2056.0,1646.0,1715.0,125.0,6.713211600429646
1595301304,1812123887,EVT-0131,2597.0,3164.0,2672.0,3173.0,66.0,2.5413939160569887
1657035808,1101142523,EVT-0131,524.0,524.0,450.0,384.0,66.0,12.595419847328243
1674102136,1134089733,EVT-0131,775.0,752.0,744.0,696.0,25.0,3.225806451612903
1747032997,1058325303,EVT-0131,1758.0,2476.0,1631.0,1819.0,530.0,30.14789533560865
1747637738,1842420535,EVT-0131,846.0,875.0,966.0,912.0,83.0,9.810874704491725
1815807585,1363342464,EVT-0131,4159.0,5670.0,3915.0,5059.0,367.0,8.824236595335417
1903798589,1352216182,EVT-0131,2409.0,3218.0,2393.0,3098.0,104.0,4.3171440431714405
1965727443,1752727945,EVT-0131,1134.0,1084.0,1123.0,1293.0,-220.0,-19.400352733686066
1120080837,1871372714,EVT-0132,1869.0,2103.0,1721.0,2038.0,-83.0,-4.440877474585339
1299418347,1331020234,EVT-0132,2578.0,2876.0,2570.0,2950.0,-82.0,-3.180760279286268
1516074709,1036176265,EVT-0132,2630.0,2791.0,2642.0,2860.0,-57.0,-2.167300380228137
1594466975,1069143851,EVT-0132,1723.0,1788.0,1757.0,1935.0,-113.0,-6.558328496807893
1710163217,1624547729,EVT-0132,1786.0,2345.0,1725.0,1764.0,520.0,29.11534154535274
1724092733,1541379537,EVT-0132,2917.0,3857.0,2906.0,3151.0,695.0,23.825848474460063
1009179924,1950588461,EVT-0133,2345.0,2958.0,2310.0,2546.0,377.0,16.07675906183369
1123148250,1234567687,EVT-0133,1522.0,1575.0,1456.0,1374.0,135.0,8.869908015768726
1176034100,1185877283,EVT-0133,1636.0,1731.0,1628.0,1747.0,-24.0,-1.466992665036675
1350739367,1848800052,EVT-0133,2075.0,2135.0,2042.0,1988.0,114.0,5.493975903614458
1551962891,1789632894,EVT-0133,531.0,475.0,528.0,519.0,-47.0,-8.851224105461393
1594466975,1069143851,EVT-0133,1723.0,1788.0,1757.0,1935.0,-113.0,-6.558328496807893
1631526641,1323611925,EVT-0133,1312.0,1599.0,1377.0,1511.0,153.0,11.661585365853659
1710163217,1624547729,EVT-0133,1786.0,2345.0,1725.0,1764.0,520.0,29.11534154535274
1885189138,1871372714,EVT-0133,1705.0,2067.0,1721.0,2038.0,45.0,2.6392961876832843
1085110611,1968864862,EVT-0134,657.0,646.0,628.0,576.0,41.0,6.2404870624048705
1244876920,1128902750,EVT-0134,585.0,494.0,589.0,666.0,-168.0,-28.717948717948715
1635476009,1879821175,EVT-0134,1595.0,2006.0,1526.0,1647.0,290.0,18.181818181818183
1749355669,1712965692,EVT-0134,1616.0,1696.0,1669.0,1830.0,-81.0,-5.012376237623763
1520551320,1105435741,EVT-0135,1121.0,1229.0,1113.0,1015.0,206.0,18.3764495985727
1598661571,1282327174,EVT-0135,2908.0,3142.0,3047.0,3376.0,-95.0,-3.266850068775791
1610429726,1418295824,EVT-0135,819.0,690.0,782.0,758.0,-105.0,-12.82051282051282
1892307210,1418704015,EVT-0135,1403.0,1756.0,1345.0,1471.0,227.0,16.17961511047755
1968209027,1499123879,EVT-0135,1105.0,1179.0,1057.0,1152.0,-21.0,-1.9004524886877827
1009179924,1950588461,EVT-0136,2345.0,2958.0,2310.0,2546.0,377.0,16.07675906183369
1015191335,1440538092,EVT-0136,1294.0,1286.0,1313.0,1268.0,37.0,2.8593508500772797
1123148250,1234567687,EVT-0136,1522.0,1575.0,1456.0,1374.0,135.0,8.869908015768726
1265952337,1541379537,EVT-0136,3004.0,3005.0,2906.0,3151.0,-244.0,-8.122503328894808
1361620622,1458345984,EVT-0136,1003.0,1041.0,1002.0,948.0,92.0,9.172482552342972
1409960642,1742318383,EVT-0136,1526.0,1769.0,1480.0,1520.0,203.0,13.302752293577983
1516074709,1036176265,EVT-0136,2630.0,2791.0,2642.0,2860.0,-57.0,-2.167300380228137
1722038985,1069143851,EVT-0136,1783.0,1921.0,1757.0,1935.0,-40.0,-2.243409983174425
1762664088,1656483868,EVT-0136,1161.0,1271.0,1165.0,1207.0,68.0,5.8570198105081825
1856406925,1056679651,EVT-0136,1573.0,1560.0,1599.0,2185.0,-599.0,-38.08010171646535
1934763735,1041640354,EVT-0136,1022.0,1215.0,1014.0,1264.0,-57.0,-5.577299412915851
1009179924,1950588461,EVT-0137,2345.0,2958.0,2310.0,2546.0,377.0,16.07675906183369
1265952337,1541379537,EVT-0137,3004.0,3005.0,2906.0,3151.0,-244.0,-8.122503328894808
1279255164,1742318383,EVT-0137,1493.0,1542.0,1480.0,1520.0,9.0,0.6028131279303416
1299418347,1331020234,EVT-0137,2578.0,2876.0,2570.0,2950.0,-82.0,-3.180760279286268
1460081361,1440538092,EVT-0137,1373.0,1651.0,1313.0,1268.0,323.0,23.525127458120902
1516074709,1036176265,EVT-0137,2630.0,2791.0,2642.0,2860.0,-57.0,-2.167300380228137
1710163217,1624547729,EVT-0137,1786.0,2345.0,1725.0,1764.0,520.0,29.11534154535274
1760628762,1323611925,EVT-0137,1290.0,1212.0,1377.0,1511.0,-212.0,-16.434108527131784
1806103952,1933607412,EVT-0137,1242.0,1222.0,1279.0,1262.0,-3.0,-0.24154589371980675
1934763735,1041640354,EVT-0137,1022.0,1215.0,1014.0,1264.0,-57.0,-5.577299412915851
1038444141,1149018644,EVT-0138,1435.0,1474.0,1332.0,1278.0,93.0,6.480836236933799
1394982015,1637550512,EVT-0139,472.0,580.0,463.0,404.0,167.0,35.38135593220339
1535436392,1237849298,EVT-0139,385.0,378.0,387.0,385.0,-5.0,-1.2987012987012987
1599989245,1242598583,EVT-0139,1721.0,1752.0,1739.0,1925.0,-155.0,-9.006391632771644
1621842156,1693350831,EVT-0139,1512.0,1609.0,1499.0,1760.0,-164.0,-10.846560846560847
1758206720,1852326267,EVT-0139,1042.0,926.0,995.0,1106.0,-227.0,-21.78502879078695
1785764022,1965430253,EVT-0139,846.0,999.0,843.0,693.0,303.0,35.815602836879435
1018018261,1714021262,EVT-0140,3472.0,4438.0,3387.0,4175.0,178.0,5.126728110599078
1036327983,1534502129,EVT-0140,805.0,835.0,830.0,902.0,-42.0,-5.217391304347826
1133130363,1767508967,EVT-0140,2524.0,3447.0,2503.0,2828.0,598.0,23.692551505546753
1200480071,1251202242,EVT-0140,2037.0,2790.0,1852.0,1654.0,951.0,46.68630338733431
1268222167,1511022174,EVT-0140,1904.0,2270.0,1926.0,2018.0,274.0,14.390756302521007
1377426493,1434523506,EVT-0140,1729.0,1904.0,1619.0,1489.0,305.0,17.640254482359747
1732527431,1364720148,EVT-0140,2558.0,3502.0,2315.0,2958.0,301.0,11.767005473025801
1806479196,1134632102,EVT-0140,3527.0,4341.0,3090.0,3377.0,527.0,14.941876949248654
1844747141,1355374483,EVT-0140,2314.0,2572.0,2292.0,2617.0,-67.0,-2.895419187554019
1903798589,1352216182,EVT-0140,2462.0,3304.0,2490.0,3135.0,197.0,8.001624695369618
1103232447,1925142923,EVT-0141,1405.0,1557.0,1313.0,3364.0,-1899.0,-135.16014234875445
1163199601,1618352078,EVT-0141,1496.0,1916.0,1129.0,1270.0,279.0,18.649732620320854
1243754490,1527981900,EVT-0141,907.0,1184.0,949.0,1097.0,129.0,14.22271223814774
1467704312,1788421810,EVT-0141,1423.0,1595.0,1400.0,1548.0,24.0,1.6865776528460996
1616418756,1398789739,EVT-0141,1285.0,1519.0,1364.0,1592.0,6.0,0.4669260700389105
1635476009,1879821175,EVT-0141,1653.0,2105.0,1567.0,1650.0,369.0,22.323049001814883
1824149854,1095874958,EVT-0141,1723.0,1913.0,1731.0,2218.0,-297.0,-17.237376668601275
1836939912,1838809964,EVT-0141,1294.0,1525.0,1212.0,1199.0,244.0,18.856259659969087
1081051991,1308498975,EVT-0142,528.0,490.0,521.0,560.0,-77.0,-14.583333333333334
1136500869,1231453428,EVT-0142,447.0,570.0,454.0,533.0,44.0,9.843400447427292
1179994367,1168657405,EVT-0142,610.0,762.0,595.0,598.0,149.0,24.42622950819672
1238983617,1526834563,EVT-0142,1128.0,1735.0,1122.0,1316.0,413.0,36.61347517730496
1332369119,1743431961,EVT-0142,381.0,524.0,451.0,385.0,209.0,54.85564304461942
1556860702,1707917476,EVT-0142,215.0,292.0,212.0,150.0,139.0,64.65116279069767
1592123891,1251202242,EVT-0142,1057.0,1448.0,1065.0,1132.0,324.0,30.65279091769158
1704331150,1249126917,EVT-0142,1544.0,2017.0,1551.0,1876.0,148.0,9.585492227979273
1706991829,1223528765,EVT-0142,535.0,548.0,530.0,601.0,-58.0,-10.841121495327103
1779411515,1219516501,EVT-0142,1506.0,2108.0,1660.0,2197.0,65.0,4.316069057104914
1815807585,1364720148,EVT-0142,2605.0,3663.0,2702.0,3426.0,334.0,12.821497120921304
1848624494,1540759788,EVT-0142,851.0,980.0,866.0,981.0,14.0,1.645123384253819
1897395806,1779918477,EVT-0142,522.0,601.0,582.0,605.0,56.0,10.727969348659004
1964945871,1736538384,EVT-0142,1295.0,1634.0,1225.0,1333.0,231.0,17.83783783783784
1993367014,1710487228,EVT-0142,215.0,255.0,260.0,254.0,46.0,21.3953488372093
1094274762,1479078465,EVT-0143,819.0,859.0,797.0,739.0,98.0,11.965811965811966
1180932224,1393729789,EVT-0143,1670.0,2402.0,1710.0,2021.0,421.0,25.209580838323355
1227780172,1219172859,EVT-0143,1466.0,1865.0,1572.0,1760.0,211.0,14.392905866302867
1274985831,1213108081,EVT-0143,730.0,907.0,697.0,789.0,85.0,11.643835616438356
1296624285,1279684447,EVT-0143,639.0,674.0,635.0,609.0,61.0,9.546165884194053
1297280590,1511022174,EVT-0143,1250.0,1354.0,1331.0,1429.0,6.0,0.48
1311764207,1381937048,EVT-0143,372.0,390.0,368.0,447.0,-61.0,-16.397849462365592
1355374483,1873780039,EVT-0143,1619.0,1811.0,1588.0,1687.0,93.0,5.744286596664608
1389159553,1997693654,EVT-0143,1179.0,1719.0,1073.0,1199.0,414.0,35.11450381679389
1536278926,1434523506,EVT-0143,743.0,808.0,627.0,686.0,6.0,0.8075370121130552
1567742360,1138281740,EVT-0143,2340.0,2887.0,2146.0,2419.0,274.0,11.709401709401709
1621199177,1773180629,EVT-0143,2030.0,2270.0,1830.0,2262.0,-192.0,-9.458128078817735
1686880901,1101142523,EVT-0143,303.0,324.0,301.0,244.0,78.0,25.742574257425744
1740047711,1892083019,EVT-0143,856.0,1055.0,752.0,878.0,73.0,8.528037383177569
1752727945,1922185990,EVT-0143,688.0,745.0,715.0,757.0,15.0,2.1802325581395348
1806707737,1851932792,EVT-0143,907.0,1083.0,907.0,934.0,149.0,16.42778390297685
1903798589,1812123887,EVT-0143,1715.0,2007.0,2000.0,2649.0,-357.0,-20.816326530612244
1964945871,1400951004,EVT-0143,1680.0,1810.0,1684.0,2347.0,-533.0,-31.726190476190474
1989798412,1412773438,EVT-0143,3133.0,3844.0,3249.0,4157.0,-197.0,-6.287902968400894
1094274762,1479078465,EVT-0144,819.0,859.0,797.0,739.0,98.0,11.965811965811966
1190842652,1289174306,EVT-0144,1086.0,1188.0,1248.0,1263.0,87.0,8.011049723756907
1229022169,1423946593,EVT-0144,924.0,1005.0,927.0,854.0,154.0,16.666666666666664
1250017203,1526834563,EVT-0144,1506.0,1881.0,1674.0,1883.0,166.0,11.022576361221779
1250474354,1782341873,EVT-0144,952.0,931.0,947.0,962.0,-36.0,-3.7815126050420167
1326905712,1705644676,EVT-0144,584.0,493.0,575.0,508.0,-24.0,-4.10958904109589
1393791409,1187084813,EVT-0144,1200.0,1069.0,1428.0,1492.0,-195.0,-16.25
1599989245,1362648127,EVT-0144,555.0,650.0,594.0,592.0,97.0,17.47747747747748
1647700669,1731313338,EVT-0144,213.0,203.0,226.0,217.0,-1.0,-0.4694835680751174
1710163217,1042224778,EVT-0144,1461.0,1790.0,1444.0,1712.0,61.0,4.175222450376454
1776723276,1540759788,EVT-0144,945.0,1087.0,946.0,916.0,172.0,18.201058201058203
1924355757,1412773438,EVT-0144,3050.0,3747.0,3249.0,4157.0,-211.0,-6.918032786885246
1103232447,1925142923,EVT-0145,1405.0,1557.0,1313.0,3364.0,-1899.0,-135.16014234875445
1163199601,1618352078,EVT-0145,1496.0,1916.0,1129.0,1270.0,279.0,18.649732620320854
1327009084,1443551811,EVT-0145,1691.0,1840.0,1096.0,1211.0,34.0,2.0106445890005915
1467704312,1788421810,EVT-0145,1423.0,1595.0,1400.0,1548.0,24.0,1.6865776528460996
1548035017,1901417067,EVT-0145,430.0,446.0,416.0,429.0,3.0,0.6976744186046512
1616418756,1398789739,EVT-0145,1285.0,1519.0,1364.0,1592.0,6.0,0.4669260700389105
1635476009,1879821175,EVT-0145,1653.0,2105.0,1567.0,1650.0,369.0,22.323049001814883
1728890785,1838809964,EVT-0145,1206.0,1245.0,1212.0,1199.0,52.0,4.311774461028192
1980975555,1914644640,EVT-0145,1514.0,1612.0,1508.0,1588.0,18.0,1.1889035667107
1031907094,1641859123,EVT-0146,1270.0,1367.0,1276.0,1539.0,-166.0,-13.070866141732285
1180932224,1393729789,EVT-0146,1670.0,2402.0,1710.0,2021.0,421.0,25.209580838323355
1204959187,1152018085,EVT-0146,1059.0,1048.0,1058.0,1197.0,-150.0,-14.164305949008499
1209464480,1338304433,EVT-0146,1028.0,1228.0,996.0,1124.0,72.0,7.003891050583658
1328056928,1362648127,EVT-0146,534.0,533.0,594.0,592.0,1.0,0.18726591760299627
1394982015,1981504099,EVT-0146,172.0,175.0,209.0,186.0,26.0,15.11627906976744
1480599715,1870533357,EVT-0146,372.0,407.0,392.0,411.0,16.0,4.301075268817205
1494868502,1246448348,EVT-0146,571.0,757.0,589.0,781.0,-6.0,-1.0507880910683012
1535436392,1425845660,EVT-0146,132.0,139.0,124.0,107.0,24.0,18.181818181818183
1704308638,1349686455,EVT-0146,1015.0,1157.0,1000.0,1099.0,43.0,4.236453201970444
1809220084,1113023042,EVT-0146,593.0,622.0,639.0,645.0,23.0,3.87858347386172
1009179924,1426157339,EVT-0147,1869.0,2285.0,1144.0,1082.0,478.0,25.575173889780633
1025231352,1282327174,EVT-0147,1494.0,1831.0,1581.0,1653.0,265.0,17.737617135207497
1048976678,1773180629,EVT-0147,1789.0,2308.0,1830.0,2262.0,87.0,4.8630519843487985
1080672524,1393729789,EVT-0147,1970.0,2463.0,1710.0,2021.0,182.0,9.238578680203045
1107378550,1275177768,EVT-0147,419.0,443.0,382.0,383.0,23.0,5.4892601431980905
1120080837,1897723296,EVT-0147,1181.0,1432.0,978.0,941.0,288.0,24.386113463166808
1265952337,1133042691,EVT-0147,1037.0,1108.0,1032.0,1113.0,-10.0,-0.9643201542912248
1299418347,1331020234,EVT-0147,683.0,857.0,730.0,855.0,49.0,7.174231332357247
1332369119,1451721462,EVT-0147,1360.0,1532.0,1372.0,1345.0,199.0,14.632352941176471
1355374483,1873780039,EVT-0147,1619.0,1811.0,1588.0,1687.0,93.0,5.744286596664608
1368009035,1779918477,EVT-0147,1191.0,1294.0,1397.0,1441.0,59.0,4.953820319059614
1433980129,1632734848,EVT-0147,437.0,553.0,498.0,576.0,38.0,8.695652173913043
1444774099,1069143851,EVT-0147,574.0,642.0,583.0,648.0,3.0,0.5226480836236934
1478412079,1200346587,EVT-0147,1287.0,1481.0,1338.0,1486.0,46.0,3.5742035742035743
1512844550,1081031506,EVT-0147,931.0,1024.0,790.0,867.0,16.0,1.7185821697099892
1516074709,1369949932,EVT-0147,1503.0,1726.0,1562.0,1897.0,-112.0,-7.451763140385895
1526669415,1219172859,EVT-0147,1470.0,1424.0,1572.0,1760.0,-234.0,-15.918367346938775
1647196991,1337789832,EVT-0147,502.0,572.0,506.0,552.0,24.0,4.780876494023905
1760628762,1830884742,EVT-0147,584.0,665.0,595.0,735.0,-59.0,-10.102739726027398
1768225918,1870612441,EVT-0147,1297.0,1270.0,1254.0,1674.0,-447.0,-34.46414803392444
1814938340,1955222058,EVT-0147,875.0,915.0,890.0,942.0,-12.0,-1.3714285714285714
1815807585,1364720148,EVT-0147,1449.0,1839.0,1441.0,1951.0,-120.0,-8.281573498964804
1836939912,1429777182,EVT-0147,467.0,531.0,472.0,478.0,58.0,12.419700214132762
1903798589,1812123887,EVT-0147,1715.0,2007.0,2000.0,2649.0,-357.0,-20.816326530612244
1921646299,1618352078,EVT-0147,1119.0,1298.0,1169.0,1236.0,112.0,10.00893655049151
1025231352,1150502551,EVT-0148,2085.0,2480.0,2265.0,2246.0,414.0,19.85611510791367
1040239976,1674708775,EVT-0148,2618.0,2996.0,2687.0,3466.0,-401.0,-15.3170359052712
1196400158,1075683551,EVT-0148,1563.0,1756.0,1666.0,1592.0,267.0,17.08253358925144
1199976907,1418704015,EVT-0148,1618.0,2088.0,1390.0,1399.0,461.0,28.491965389369593
1520551320,1105435741,EVT-0148,1112.0,1240.0,1021.0,1053.0,96.0,8.633093525179856
1598661571,1524065749,EVT-0148,2954.0,3345.0,3077.0,3033.0,435.0,14.725795531482735
1638368260,1501563039,EVT-0148,845.0,964.0,917.0,888.0,148.0,17.514792899408285
1688735228,1352702876,EVT-0148,929.0,1030.0,989.0,1074.0,16.0,1.7222820236813776
1847082322,1121962926,EVT-0148,1749.0,1857.0,2387.0,2816.0,-321.0,-18.353344768439108
1080672524,1838439200,EVT-0149,2049.0,2509.0,1921.0,2255.0,126.0,6.149341142020498
1107378550,1275177768,EVT-0149,429.0,446.0,375.0,363.0,29.0,6.75990675990676
1120080837,1133042691,EVT-0149,1217.0,1473.0,1037.0,1100.0,193.0,15.858668857847166
1163199601,1081031506,EVT-0149,901.0,1029.0,838.0,878.0,88.0,9.766925638179801
1265952337,1897723296,EVT-0149,995.0,1094.0,1009.0,915.0,193.0,19.396984924623116
1273912869,1109634414,EVT-0149,948.0,957.0,949.0,1069.0,-111.0,-11.708860759493671
1299418347,1132120993,EVT-0149,711.0,913.0,725.0,696.0,231.0,32.48945147679325
1310164813,1295857761,EVT-0149,457.0,421.0,421.0,435.0,-50.0,-10.940919037199125
1328056928,1596912711,EVT-0149,520.0,513.0,468.0,401.0,60.0,11.538461538461538
1332369119,1451721462,EVT-0149,1386.0,1480.0,1415.0,1405.0,104.0,7.503607503607504
1433980129,1632734848,EVT-0149,427.0,547.0,534.0,615.0,39.0,9.133489461358314
1449048093,1708639657,EVT-0149,762.0,691.0,678.0,580.0,27.0,3.543307086614173
1475115246,1836894604,EVT-0149,1154.0,1335.0,1213.0,1350.0,44.0,3.8128249566724435
1516074709,1369949932,EVT-0149,1465.0,1706.0,1539.0,1994.0,-214.0,-14.607508532423207
1520551320,1602648309,EVT-0149,1364.0,1614.0,1104.0,1101.0,253.0,18.548387096774192
1546151204,1877046932,EVT-0149,872.0,1074.0,868.0,1035.0,35.0,4.013761467889909
1598661571,1282327174,EVT-0149,1366.0,1506.0,1628.0,1639.0,129.0,9.443631039531478
1621842156,1362648127,EVT-0149,635.0,572.0,589.0,583.0,-57.0,-8.976377952755906
1683943777,1950588461,EVT-0149,1082.0,1337.0,1085.0,1190.0,150.0,13.863216266173753
1710163217,1042224778,EVT-0149,1447.0,1880.0,1444.0,1843.0,34.0,2.349689011748445
1714986282,1426157339,EVT-0149,1090.0,1222.0,1110.0,1085.0,157.0,14.403669724770642
1724092733,1871372714,EVT-0149,1726.0,2167.0,1774.0,2056.0,159.0,9.212050984936269
1725623817,1134632102,EVT-0149,2130.0,2557.0,2206.0,2855.0,-222.0,-10.422535211267606
1768225918,1234985764,EVT-0149,1301.0,1307.0,1251.0,1307.0,-50.0,-3.843197540353574
1847082322,1775551348,EVT-0149,631.0,631.0,607.0,699.0,-92.0,-14.580031695721077
1854852153,1870532862,EVT-0149,925.0,926.0,931.0,998.0,-66.0,-7.135135135135136
1880717263,1761262934,EVT-0149,1028.0,1061.0,1009.0,990.0,52.0,5.058365758754864
1885387740,1423753536,EVT-0149,2084.0,2606.0,2000.0,2354.0,168.0,8.061420345489443
1903121188,1573445784,EVT-0149,611.0,626.0,594.0,597.0,12.0,1.9639934533551555
1038444141,1987092370,EVT-0150,1531.0,1465.0,1529.0,1692.0,-229.0,-14.95754408883083
1209464480,1338304433,EVT-0150,3122.0,3636.0,3048.0,3689.0,-127.0,-4.067905188981422
1328056928,1468815406,EVT-0150,1838.0,2004.0,1920.0,1893.0,193.0,10.500544069640915
1358245029,1918398995,EVT-0150,1119.0,1172.0,1090.0,1042.0,101.0,9.025915996425379
1659738110,1580871600,EVT-0150,718.0,757.0,735.0,775.0,-1.0,-0.1392757660167131
1025231352,1150502551,EVT-0151,2085.0,2480.0,2265.0,2246.0,414.0,19.85611510791367
1199976907,1222151080,EVT-0151,1618.0,2088.0,791.0,893.0,368.0,22.74412855377009
1520551320,1105435741,EVT-0151,1112.0,1240.0,1021.0,1053.0,96.0,8.633093525179856
1524065749,1282327174,EVT-0151,3077.0,3033.0,3143.0,3341.0,-242.0,-7.864803379915503
1590337907,1602648309,EVT-0151,4006.0,4825.0,4214.0,5219.0,-186.0,-4.643035446829756
1598661571,1775551348,EVT-0151,2954.0,3345.0,2708.0,3321.0,-222.0,-7.515233581584292
1688735228,1352702876,EVT-0151,929.0,1030.0,989.0,1074.0,16.0,1.7222820236813776
1768831921,1418704015,EVT-0151,1383.0,1714.0,1390.0,1399.0,322.0,23.282718727404195
1847082322,1121962926,EVT-0151,1749.0,1857.0,2387.0,2816.0,-321.0,-18.353344768439108
1892307210,1739712036,EVT-0151,1438.0,1726.0,813.0,789.0,312.0,21.696801112656466
1015191335,1440538092,EVT-0152,533.0,512.0,537.0,533.0,-17.0,-3.189493433395872
1025231352,1282327174,EVT-0152,1409.0,1882.0,1628.0,1639.0,462.0,32.789212207239174
1044303869,1362648127,EVT-0152,576.0,640.0,589.0,583.0,70.0,12.152777777777777
1204787067,1874547676,EVT-0152,419.0,521.0,430.0,464.0,68.0,16.2291169451074
1225504491,1413202163,EVT-0152,420.0,512.0,427.0,424.0,95.0,22.61904761904762
1237205202,1736538384,EVT-0152,521.0,492.0,555.0,614.0,-88.0,-16.89059500959693
1299418347,1132120993,EVT-0152,711.0,913.0,725.0,696.0,231.0,32.48945147679325
1385532449,1489598965,EVT-0152,1285.0,1768.0,1453.0,1471.0,465.0,36.18677042801556
1425340662,1783823739,EVT-0152,2844.0,3042.0,2742.0,3628.0,-688.0,-24.19127988748242
1443551811,1738266356,EVT-0152,563.0,690.0,499.0,432.0,194.0,34.4582593250444
1486877065,1788421810,EVT-0152,1017.0,1100.0,1084.0,1122.0,45.0,4.424778761061947
1567993435,1410468163,EVT-0152,395.0,483.0,453.0,445.0,96.0,24.30379746835443
1592062677,1026926489,EVT-0152,1643.0,2256.0,1642.0,1893.0,362.0,22.03286670724285
1598661571,1602648309,EVT-0152,1366.0,1506.0,1104.0,1101.0,143.0,10.468521229868228
1599989245,1596912711,EVT-0152,565.0,651.0,468.0,401.0,153.0,27.079646017699115
1645233598,1025978341,EVT-0152,3441.0,4293.0,3432.0,3664.0,620.0,18.01801801801802
1647196991,1337789832,EVT-0152,493.0,620.0,485.0,555.0,57.0,11.561866125760648
1655321622,1331020234,EVT-0152,699.0,738.0,777.0,842.0,-26.0,-3.719599427753934
1666389063,1223528765,EVT-0152,652.0,742.0,579.0,549.0,120.0,18.404907975460123
1706991829,1803339427,EVT-0152,1858.0,2061.0,1692.0,2032.0,-137.0,-7.373519913885899
1774691384,1071299832,EVT-0152,386.0,426.0,390.0,418.0,12.0,3.1088082901554404
1885189138,1133042691,EVT-0152,1180.0,1246.0,1037.0,1100.0,3.0,0.2542372881355932
1893020424,1674345776,EVT-0152,708.0,748.0,692.0,677.0,55.0,7.768361581920905
1044666919,1464676570,EVT-0153,806.0,840.0,796.0,707.0,123.0,15.260545905707195
1048976678,1393729789,EVT-0153,1827.0,2332.0,1821.0,2097.0,229.0,12.534209085933224
1123148250,1369949932,EVT-0153,1699.0,1915.0,1539.0,1994.0,-239.0,-14.067098293113597
1204787067,1874547676,EVT-0153,419.0,521.0,430.0,464.0,68.0,16.2291169451074
1273912869,1109634414,EVT-0153,948.0,957.0,949.0,1069.0,-111.0,-11.708860759493671
1285347583,1251411553,EVT-0153,422.0,426.0,403.0,346.0,61.0,14.454976303317535
1567993435,1410468163,EVT-0153,395.0,483.0,453.0,445.0,96.0,24.30379746835443
1595301304,1650044724,EVT-0153,646.0,753.0,624.0,689.0,42.0,6.5015479876160995
1599989245,1362648127,EVT-0153,565.0,651.0,589.0,583.0,92.0,16.283185840707965
1615059528,1997693654,EVT-0153,1184.0,1458.0,1035.0,1205.0,104.0,8.783783783783784
1732527431,1364720148,EVT-0153,1606.0,2174.0,1474.0,2012.0,30.0,1.86799501867995
1745601371,1219591108,EVT-0153,372.0,362.0,320.0,306.0,4.0,1.0752688172043012
1769764832,1914644640,EVT-0153,1335.0,1468.0,1307.0,1437.0,3.0,0.22471910112359553
1774691384,1071299832,EVT-0153,386.0,426.0,390.0,418.0,12.0,3.1088082901554404
1924355757,1412773438,EVT-0153,3081.0,3977.0,3255.0,4346.0,-195.0,-6.329113924050633
1080672524,1393729789,EVT-0154,892.0,1097.0,854.0,1176.0,-117.0,-13.11659192825112
1174145494,1736538384,EVT-0154,1269.0,1256.0,1235.0,1306.0,-84.0,-6.619385342789598
1190842652,1352216182,EVT-0154,1189.0,1390.0,1184.0,1458.0,-73.0,-6.139613120269134
1266945785,1101142523,EVT-0154,566.0,784.0,593.0,539.0,272.0,48.0565371024735
1271463741,1434523506,EVT-0154,745.0,883.0,793.0,830.0,101.0,13.557046979865772
1321405205,1246818524,EVT-0154,193.0,229.0,177.0,211.0,2.0,1.0362694300518136
1425340662,1590869917,EVT-0154,1263.0,1528.0,1276.0,1620.0,-79.0,-6.25494853523357
1425610817,1512866082,EVT-0154,522.0,550.0,547.0,547.0,28.0,5.363984674329502
1435662964,1756884833,EVT-0154,635.0,717.0,643.0,635.0,90.0,14.173228346456693
1595774286,1187084813,EVT-0154,1102.0,1373.0,1223.0,1278.0,216.0,19.600725952813068
1672904236,1464805419,EVT-0154,963.0,1096.0,879.0,824.0,188.0,19.52232606438214
1686880901,1961509027,EVT-0154,546.0,584.0,537.0,489.0,86.0,15.75091575091575
1703413967,1065091666,EVT-0154,1262.0,1473.0,1310.0,1405.0,116.0,9.19175911251981
1704331150,1432188427,EVT-0154,1545.0,2064.0,1600.0,2025.0,94.0,6.084142394822006
1738903891,1285330571,EVT-0154,1905.0,2619.0,2274.0,2481.0,507.0,26.614173228346456
1747637738,1377516020,EVT-0154,428.0,475.0,443.0,421.0,69.0,16.121495327102803
1752727945,1233281843,EVT-0154,566.0,596.0,620.0,720.0,-70.0,-12.36749116607774
1769234364,1812123887,EVT-0154,926.0,1231.0,865.0,1008.0,162.0,17.49460043196544
1803233885,1364720148,EVT-0154,2631.0,3525.0,2802.0,3552.0,144.0,5.473204104903079
1824149854,1429777182,EVT-0154,873.0,979.0,873.0,1025.0,-46.0,-5.2691867124856815
1828803407,1124315999,EVT-0154,243.0,263.0,249.0,236.0,33.0,13.580246913580247
1896554999,1873780039,EVT-0154,1990.0,2749.0,2032.0,2059.0,732.0,36.78391959798995
1908168895,1769352273,EVT-0154,1258.0,1369.0,1089.0,1183.0,17.0,1.3513513513513513
1927430854,1240393805,EVT-0154,1155.0,1729.0,987.0,1285.0,276.0,23.896103896103895
1937514325,1676855970,EVT-0154,1656.0,1949.0,1751.0,1917.0,127.0,7.669082125603864
1944079924,1337789832,EVT-0154,805.0,1137.0,795.0,932.0,195.0,24.22360248447205
1967802350,1041494554,EVT-0154,749.0,787.0,756.0,785.0,9.0,1.2016021361815754
1058647219,1536141264,EVT-0155,2598.0,3144.0,2633.0,3082.0,97.0,3.733641262509623
1081051991,1407459696,EVT-0155,605.0,618.0,594.0,546.0,61.0,10.082644628099173
1229022169,1030235620,EVT-0155,843.0,1103.0,843.0,776.0,327.0,38.79003558718861
1389574017,1648626962,EVT-0155,1919.0,2347.0,2055.0,2249.0,234.0,12.193850964043772
1688976343,1081238747,EVT-0155,1953.0,2478.0,2001.0,2410.0,116.0,5.939580133128521
1736829924,1838576308,EVT-0155,1046.0,1369.0,1141.0,1325.0,139.0,13.288718929254303
1854852153,1870532862,EVT-0155,1219.0,1257.0,1169.0,1298.0,-91.0,-7.465135356849877
1041585906,1275723975,EVT-0156,500.0,544.0,507.0,413.0,138.0,27.6
1048976678,1240393805,EVT-0156,1003.0,1491.0,987.0,1285.0,190.0,18.943170488534395
1050705288,1630629040,EVT-0156,1293.0,1800.0,1100.0,1301.0,306.0,23.665893271461716
1136500869,1231453428,EVT-0156,468.0,599.0,475.0,533.0,73.0,15.598290598290598
1200480071,1261377760,EVT-0156,883.0,1179.0,947.0,1267.0,-24.0,-2.7180067950169877
1227780172,1769352273,EVT-0156,1113.0,1668.0,1089.0,1183.0,461.0,41.41958670260557
1237205202,1249657408,EVT-0156,1130.0,1249.0,1142.0,1371.0,-110.0,-9.734513274336283
1238983617,1113953065,EVT-0156,1095.0,1846.0,1092.0,1323.0,520.0,47.48858447488584
1257723886,1598998692,EVT-0156,511.0,593.0,510.0,453.0,139.0,27.20156555772994
1264333323,1251202242,EVT-0156,1040.0,1374.0,1074.0,1136.0,272.0,26.153846153846157
1299418347,1541379537,EVT-0156,981.0,1175.0,1072.0,1334.0,-68.0,-6.931702344546381
1375349903,1257768279,EVT-0156,1361.0,1536.0,1397.0,1806.0,-234.0,-17.193240264511388
1435662964,1756884833,EVT-0156,635.0,717.0,643.0,635.0,90.0,14.173228346456693
1475115246,1714292012,EVT-0156,1165.0,1446.0,1152.0,1294.0,139.0,11.931330472103003
1494868502,1743431961,EVT-0156,472.0,571.0,427.0,393.0,133.0,28.177966101694917
1590869917,1352216182,EVT-0156,1276.0,1620.0,1184.0,1458.0,70.0,5.4858934169279
1610177150,1955222058,EVT-0156,1451.0,1788.0,1400.0,1518.0,219.0,15.09303928325293
1621199177,1393729789,EVT-0156,920.0,1001.0,854.0,1176.0,-241.0,-26.195652173913043
1657025858,1400951004,EVT-0156,926.0,1109.0,915.0,1140.0,-42.0,-4.535637149028078
1666389063,1935314678,EVT-0156,957.0,1128.0,924.0,1017.0,78.0,8.150470219435736
1706991829,1223528765,EVT-0156,532.0,560.0,548.0,585.0,-9.0,-1.6917293233082706
1732000645,1823309871,EVT-0156,1001.0,1215.0,1076.0,1184.0,106.0,10.589410589410589
1738903891,1285330571,EVT-0156,1905.0,2619.0,2274.0,2481.0,507.0,26.614173228346456
1752727945,1101142523,EVT-0156,566.0,596.0,593.0,539.0,84.0,14.840989399293287
1803502636,1025978341,EVT-0156,1626.0,1958.0,1578.0,2174.0,-264.0,-16.236162361623617
1808826295,1892083019,EVT-0156,1723.0,2359.0,1777.0,2156.0,257.0,14.915844457341846
1815807585,1364720148,EVT-0156,2629.0,3998.0,2802.0,3552.0,619.0,23.545074172689233
1880426881,1174785596,EVT-0156,1126.0,1662.0,1037.0,1087.0,486.0,43.16163410301954
1949335115,1694658844,EVT-0156,1046.0,1467.0,1033.0,1273.0,181.0,17.304015296367112
1126098163,1377956168,EVT-0157,1034.0,1144.0,908.0,916.0,102.0,9.864603481624759
1374281198,1916437647,EVT-0157,693.0,801.0,711.0,660.0,159.0,22.943722943722943
1688976343,1081238747,EVT-0157,1953.0,2478.0,2001.0,2410.0,116.0,5.939580133128521
1704308638,1113953065,EVT-0157,2762.0,3166.0,2653.0,3018.0,39.0,1.4120202751629254
1736829924,1838576308,EVT-0157,1046.0,1369.0,1141.0,1325.0,139.0,13.288718929254303
1964572899,1416644254,EVT-0157,768.0,859.0,645.0,599.0,137.0,17.838541666666664
1133130363,1767508967,EVT-0158,2640.0,3475.0,2412.0,2823.0,424.0,16.060606060606062
1200480071,1251202242,EVT-0158,2127.0,2888.0,1846.0,1609.0,998.0,46.920545369064406
1268222167,1511022174,EVT-0158,1920.0,2201.0,1950.0,1947.0,284.0,14.791666666666666
1321405205,1463019459,EVT-0158,1250.0,1273.0,1179.0,1321.0,-119.0,-9.520000000000001
1397955463,1363342464,EVT-0158,3911.0,5396.0,4161.0,5202.0,444.0,11.352595244183075
1413519731,1134632102,EVT-0158,3077.0,4480.0,3252.0,3342.0,1313.0,42.671433214169646
1423152481,1489598965,EVT-0158,3594.0,4758.0,3195.0,3366.0,993.0,27.629382303839733
1455779946,1769352273,EVT-0158,2315.0,2790.0,1893.0,2141.0,227.0,9.805615550755938
1456299035,1997693654,EVT-0158,1641.0,1950.0,1650.0,1713.0,246.0,14.990859232175502
1481247389,1892083019,EVT-0158,2154.0,2366.0,2265.0,2714.0,-237.0,-11.002785515320335
1523498065,1512866082,EVT-0158,1840.0,2022.0,1495.0,1482.0,195.0,10.597826086956522
1567742360,1851932792,EVT-0158,1086.0,1246.0,1175.0,1003.0,332.0,30.570902394106813
1595301304,1812123887,EVT-0158,2710.0,3322.0,2776.0,3571.0,-183.0,-6.752767527675277
1635581279,1838439200,EVT-0158,4763.0,6765.0,4682.0,5056.0,1628.0,34.18013856812933
1639269087,1762971749,EVT-0158,1445.0,1764.0,1337.0,1524.0,132.0,9.134948096885813
1903798589,1352216182,EVT-0158,2561.0,3237.0,2586.0,3264.0,-2.0,-0.07809449433814916
1005067453,1295389203,EVT-0159,1093.0,1081.0,1165.0,1107.0,46.0,4.208600182982616
1065091666,1583696442,EVT-0159,1234.0,1178.0,1252.0,1314.0,-118.0,-9.562398703403566
1136500869,1890077344,EVT-0159,1791.0,1972.0,1828.0,1691.0,318.0,17.75544388609715
1375349903,1756884833,EVT-0159,835.0,852.0,827.0,859.0,-15.0,-1.7964071856287425
1541422121,1518121706,EVT-0159,1376.0,1552.0,1429.0,1433.0,172.0,12.5
1703413967,1257768279,EVT-0159,1345.0,1277.0,1303.0,1258.0,-23.0,-1.7100371747211895
1706645516,1630629040,EVT-0159,1035.0,1000.0,1020.0,1104.0,-119.0,-11.497584541062803
1768225918,1801662945,EVT-0159,1931.0,2101.0,1834.0,2053.0,-49.0,-2.5375453133091663
1827318308,1702446943,EVT-0159,1428.0,1381.0,1438.0,1355.0,36.0,2.5210084033613445
1939785840,1028436479,EVT-0159,1729.0,2126.0,1391.0,1779.0,9.0,0.5205320994794679
1993463169,1268421124,EVT-0159,1715.0,1782.0,1833.0,1854.0,46.0,2.682215743440233
1995404856,1299832539,EVT-0159,1442.0,1378.0,1413.0,1357.0,-8.0,-0.5547850208044383
1011940271,1333043895,EVT-0160,1283.0,1350.0,1141.0,1154.0,54.0,4.208885424785659
1178533166,1456937691,EVT-0160,658.0,756.0,706.0,575.0,229.0,34.80243161094225
1449048093,1736538384,EVT-0160,457.0,421.0,343.0,316.0,-9.0,-1.9693654266958425
1541422121,1518121706,EVT-0160,1376.0,1552.0,1429.0,1433.0,172.0,12.5
1666389063,1835878442,EVT-0160,709.0,709.0,693.0,653.0,40.0,5.6417489421720735
1677860136,1249657408,EVT-0160,1888.0,1702.0,2023.0,2206.0,-369.0,-19.54449152542373
1702497342,1694658844,EVT-0160,2206.0,2505.0,2234.0,2527.0,6.0,0.271985494106981
1964945871,1805422742,EVT-0160,2425.0,2833.0,2389.0,2571.0,226.0,9.319587628865978
1169614082,1540759788,EVT-0161,1113.0,1045.0,1173.0,1264.0,-159.0,-14.285714285714285
1180932224,1838439200,EVT-0161,4685.0,5881.0,4713.0,5106.0,803.0,17.13980789754536
1190842652,1625192632,EVT-0161,1403.0,1463.0,690.0,734.0,16.0,1.1404133998574484
1200480071,1767508967,EVT-0161,2222.0,2865.0,2477.0,2884.0,236.0,10.621062106210621
1251567115,1862986803,EVT-0161,1500.0,1749.0,1575.0,1644.0,180.0,12.0
1300654963,1261377760,EVT-0161,1572.0,1898.0,1633.0,1765.0,194.0,12.340966921119593
1334266016,1566276774,EVT-0161,2386.0,3144.0,5888.0,7573.0,-927.0,-38.85163453478626
1377426493,1434523506,EVT-0161,1667.0,1992.0,1546.0,1514.0,357.0,21.415716856628674
1397955463,1363342464,EVT-0161,4256.0,5470.0,4216.0,5415.0,15.0,0.3524436090225564
1423152481,1489598965,EVT-0161,3526.0,4790.0,3278.0,3367.0,1175.0,33.32387975042541
1456299035,1997693654,EVT-0161,1679.0,2060.0,1716.0,1753.0,344.0,20.488385944014293
1567742360,1279684447,EVT-0161,1051.0,1237.0,929.0,836.0,279.0,26.54614652711703
1590869917,1769352273,EVT-0161,1701.0,1973.0,1933.0,2128.0,77.0,4.526748971193416
1595301304,1352216182,EVT-0161,2787.0,3189.0,2718.0,3364.0,-244.0,-8.754933620380337
1689059347,1650044724,EVT-0161,1430.0,1426.0,557.0,576.0,-23.0,-1.6083916083916083
1721479586,1159833825,EVT-0161,2749.0,3175.0,2647.0,2879.0,194.0,7.057111676973444
1725623817,1783823739,EVT-0161,4660.0,6123.0,5493.0,7472.0,-516.0,-11.072961373390559
1769234364,1289174306,EVT-0161,1360.0,1351.0,1020.0,1122.0,-111.0,-8.161764705882353
1806479196,1412773438,EVT-0161,3913.0,4343.0,5525.0,7356.0,-1401.0,-35.80373115256836
1903798589,1812123887,EVT-0161,2761.0,3181.0,2758.0,3619.0,-441.0,-15.972473741398044
1908168895,1219172859,EVT-0161,1309.0,1390.0,1296.0,1582.0,-205.0,-15.660809778456839
1922670785,1181854898,EVT-0161,2769.0,3317.0,2603.0,3319.0,-168.0,-6.067172264355363
1924355757,1134632102,EVT-0161,3162.0,4068.0,3339.0,3601.0,644.0,20.36685641998735
1058647219,1536141264,EVT-0162,2592.0,3071.0,2701.0,3236.0,-56.0,-2.1604938271604937
1075036339,1738916414,EVT-0162,1173.0,1209.0,1222.0,1385.0,-127.0,-10.826939471440749
1204959187,1838576308,EVT-0162,1131.0,1087.0,1155.0,1364.0,-253.0,-22.369584438549957
1352578078,1050506165,EVT-0162,2205.0,2419.0,2296.0,2516.0,-6.0,-0.27210884353741494
1547244776,1573445784,EVT-0162,1136.0,1230.0,1150.0,1174.0,70.0,6.161971830985916
1126098163,1377956168,EVT-0163,884.0,1010.0,907.0,965.0,68.0,7.6923076923076925
1145899849,1873780039,EVT-0163,1628.0,1720.0,1646.0,1731.0,7.0,0.42997542997543
1168657405,1838576308,EVT-0163,432.0,440.0,509.0,608.0,-91.0,-21.064814814814813
1196385359,1815549120,EVT-0163,447.0,566.0,413.0,392.0,140.0,31.319910514541387
1200096471,1892083019,EVT-0163,860.0,835.0,738.0,933.0,-220.0,-25.581395348837212
1216532808,1123562633,EVT-0163,411.0,400.0,410.0,403.0,-4.0,-0.9732360097323601
1216575070,1862986803,EVT-0163,1117.0,1334.0,1080.0,1225.0,72.0,6.445837063563116
1250017203,1526834563,EVT-0163,1597.0,1786.0,1595.0,1856.0,-72.0,-4.508453350031308
1352578078,1422258099,EVT-0163,1069.0,1049.0,1066.0,1074.0,-28.0,-2.6192703461178675
1449331358,1588179048,EVT-0163,451.0,441.0,436.0,384.0,42.0,9.312638580931264
1555114069,1637550512,EVT-0163,400.0,451.0,385.0,318.0,118.0,29.5
1647196991,1337789832,EVT-0163,465.0,624.0,490.0,569.0,80.0,17.20430107526882
1657025858,1297391371,EVT-0163,652.0,713.0,656.0,587.0,130.0,19.938650306748464
1666389063,1223528765,EVT-0163,659.0,761.0,546.0,527.0,121.0,18.361153262518968
1688976343,1713731663,EVT-0163,2723.0,3433.0,2911.0,3739.0,-118.0,-4.333455747337496
1703413967,1257768279,EVT-0163,1791.0,1749.0,1319.0,1398.0,-121.0,-6.756002233389167
1704308638,1152018085,EVT-0163,1097.0,1141.0,1107.0,1148.0,3.0,0.27347310847766637
1732527431,1364720148,EVT-0163,1655.0,2216.0,1566.0,2157.0,-30.0,-1.812688821752266
1910188758,1508064668,EVT-0163,583.0,527.0,548.0,560.0,-68.0,-11.663807890222985
1955620046,1181854898,EVT-0163,2316.0,3138.0,2127.0,2441.0,508.0,21.934369602763386
1028436479,1330156328,EVT-0164,1391.0,1779.0,1131.0,1266.0,253.0,18.188353702372396
1423753536,1249657408,EVT-0164,2128.0,2369.0,2023.0,2206.0,58.0,2.725563909774436
1630629040,1971977354,EVT-0164,1020.0,1104.0,744.0,719.0,109.0,10.686274509803921
1657025858,1400951004,EVT-0164,2780.0,3113.0,2740.0,2714.0,359.0,12.913669064748202
1702497342,1694658844,EVT-0164,2206.0,2505.0,2234.0,2527.0,6.0,0.271985494106981
1740626134,1999506508,EVT-0164,1271.0,1360.0,1245.0,1305.0,29.0,2.2816679779701023
1836314447,1285330571,EVT-0164,2539.0,2746.0,2140.0,2240.0,107.0,4.2142575817250885
1910188758,1508064668,EVT-0164,853.0,856.0,819.0,765.0,57.0,6.682297772567409
1964945871,1805422742,EVT-0164,2425.0,2833.0,2389.0,2571.0,226.0,9.319587628865978
1025231352,1282327174,EVT-0165,1466.0,2014.0,1638.0,1617.0,569.0,38.813096862210095
1065091666,1200437733,EVT-0165,840.0,818.0,822.0,771.0,29.0,3.4523809523809526
1074076039,1836894604,EVT-0165,1219.0,1774.0,1285.0,1360.0,480.0,39.376538146021325
1126098163,1377956168,EVT-0165,884.0,1010.0,907.0,965.0,68.0,7.6923076923076925
1136500869,1100495849,EVT-0165,2314.0,2631.0,2285.0,2680.0,-78.0,-3.3707865168539324
1178533166,1971977354,EVT-0165,604.0,640.0,509.0,414.0,131.0,21.688741721854303
1180932224,1773180629,EVT-0165,1925.0,2561.0,1943.0,2228.0,351.0,18.233766233766232
1238983617,1349686455,EVT-0165,1032.0,1314.0,1035.0,1187.0,130.0,12.5968992248062
1246066447,1892897319,EVT-0165,1429.0,1561.0,1783.0,2186.0,-271.0,-18.964310706787963
1364458855,1890077344,EVT-0165,1476.0,1605.0,1588.0,1609.0,108.0,7.317073170731707
1375349903,1583696442,EVT-0165,860.0,831.0,862.0,923.0,-90.0,-10.465116279069768
1453128708,1324722952,EVT-0165,721.0,779.0,764.0,852.0,-30.0,-4.160887656033287
1518121706,1694658844,EVT-0165,1369.0,1331.0,1415.0,1709.0,-332.0,-24.25127830533236
1595774286,1187084813,EVT-0165,1467.0,1730.0,1494.0,1570.0,187.0,12.74710293115201
1631526641,1369949932,EVT-0165,1585.0,1548.0,1559.0,1982.0,-460.0,-29.02208201892745
1688976343,1713731663,EVT-0165,2723.0,3433.0,2911.0,3739.0,-118.0,-4.333455747337496
1704331150,1257768279,EVT-0165,1950.0,2046.0,1319.0,1398.0,17.0,0.8717948717948718
1717519684,1785926670,EVT-0165,905.0,891.0,868.0,825.0,29.0,3.2044198895027622
1732527431,1364720148,EVT-0165,1655.0,2216.0,1566.0,2157.0,-30.0,-1.812688821752266
1736829924,1546273719,EVT-0165,706.0,670.0,679.0,787.0,-144.0,-20.396600566572236
1758794279,1805422742,EVT-0165,1668.0,1990.0,1624.0,1756.0,190.0,11.390887290167866
1779411515,1801662945,EVT-0165,951.0,1171.0,1056.0,1212.0,64.0,6.729758149316509
1815807585,1804484495,EVT-0165,1547.0,1957.0,1536.0,1791.0,155.0,10.019392372333549
1862986803,1488515010,EVT-0165,1080.0,1225.0,1058.0,1000.0,203.0,18.796296296296298
1867204764,1526834563,EVT-0165,1595.0,1854.0,1595.0,1856.0,-2.0,-0.12539184952978058
1885189138,1133042691,EVT-0165,1219.0,1246.0,1050.0,1101.0,-24.0,-1.9688269073010665
1910188758,1508064668,EVT-0165,583.0,527.0,548.0,560.0,-68.0,-11.663807890222985
1964945871,1400951004,EVT-0165,1700.0,1891.0,1757.0,2394.0,-446.0,-26.235294117647058
1259584955,1443260538,EVT-0166,600.0,716.0,609.0,511.0,214.0,35.66666666666667
1407931751,1900445093,EVT-0166,703.0,651.0,658.0,620.0,-14.0,-1.991465149359886
1621842156,1693350831,EVT-0166,1558.0,1535.0,1588.0,1711.0,-146.0,-9.370988446726573
1679256069,1195381896,EVT-0166,2353.0,2281.0,2111.0,2737.0,-698.0,-29.66425839354016
1743613295,1737256036,EVT-0166,959.0,913.0,977.0,904.0,27.0,2.815432742440042
1036327983,1279684447,EVT-0167,629.0,682.0,626.0,602.0,77.0,12.241653418124006
1076376403,1249657408,EVT-0167,1453.0,1548.0,1316.0,1490.0,-79.0,-5.437026841018582
1102089657,1947954388,EVT-0167,738.0,721.0,657.0,548.0,92.0,12.466124661246612
1169614082,1135650855,EVT-0167,513.0,534.0,459.0,507.0,-27.0,-5.263157894736842
1227780172,1219172859,EVT-0167,1581.0,1949.0,1620.0,1871.0,117.0,7.400379506641366
1237205202,1736538384,EVT-0167,509.0,475.0,564.0,598.0,-68.0,-13.359528487229863
1282948292,1208634919,EVT-0167,131.0,129.0,110.0,105.0,3.0,2.2900763358778624
1321405205,1479078465,EVT-0167,794.0,815.0,767.0,735.0,53.0,6.675062972292191
1333393084,1181360912,EVT-0167,617.0,604.0,620.0,569.0,38.0,6.158833063209076
1357524945,1187084813,EVT-0167,1509.0,2073.0,1494.0,1570.0,488.0,32.33929754804507
1393791409,1519182780,EVT-0167,1148.0,962.0,1129.0,1069.0,-126.0,-10.975609756097562
1397955463,1181854898,EVT-0167,2397.0,3339.0,2127.0,2441.0,628.0,26.1994159365874
1451968915,1523681389,EVT-0167,527.0,589.0,534.0,670.0,-74.0,-14.041745730550284
1455779946,1412773438,EVT-0167,3616.0,3870.0,3402.0,4457.0,-801.0,-22.15154867256637
1489598965,1804484495,EVT-0167,1476.0,1516.0,1536.0,1791.0,-215.0,-14.566395663956639
1523498065,1512866082,EVT-0167,632.0,817.0,632.0,691.0,126.0,19.936708860759495
1610820601,1506356074,EVT-0167,1361.0,1437.0,1374.0,1525.0,-75.0,-5.510653930933137
1686880901,1905395731,EVT-0167,325.0,317.0,329.0,274.0,47.0,14.461538461538462
1703413967,1257768279,EVT-0167,1791.0,1749.0,1319.0,1398.0,-121.0,-6.756002233389167
1747637738,1511022174,EVT-0167,1230.0,1195.0,1310.0,1431.0,-156.0,-12.682926829268293
1788421810,1879821175,EVT-0167,1011.0,1033.0,874.0,868.0,28.0,2.7695351137487636
1824172013,1191545544,EVT-0167,2397.0,2817.0,2652.0,2973.0,99.0,4.130162703379224
1836939912,1429777182,EVT-0167,494.0,584.0,484.0,474.0,100.0,20.242914979757085
1903798589,1134632102,EVT-0167,1839.0,2043.0,2182.0,2956.0,-570.0,-30.99510603588907
1937514325,1873780039,EVT-0167,1631.0,2065.0,1646.0,1731.0,349.0,21.397915389331697
1044666919,1204261733,EVT-0168,1576.0,1637.0,1583.0,1586.0,58.0,3.6802030456852792
1065091666,1257768279,EVT-0168,1431.0,1330.0,1412.0,1895.0,-584.0,-40.810621942697416
1074076039,1451721462,EVT-0168,1977.0,2594.0,1946.0,2315.0,248.0,12.544258978249873
1078096579,1293643247,EVT-0168,1013.0,1001.0,996.0,1162.0,-178.0,-17.5715695952616
1095874958,1026926489,EVT-0168,1154.0,1617.0,1151.0,1482.0,132.0,11.438474870017332
1241711534,1572180861,EVT-0168,832.0,869.0,843.0,836.0,44.0,5.288461538461538
1332369119,1275177768,EVT-0168,467.0,514.0,268.0,244.0,71.0,15.203426124197003
1350739367,1440538092,EVT-0168,974.0,1055.0,876.0,897.0,60.0,6.160164271047227
1385532449,1892083019,EVT-0168,2256.0,2893.0,1944.0,2150.0,431.0,19.104609929078016
1386514024,1933607412,EVT-0168,783.0,984.0,710.0,707.0,204.0,26.053639846743295
1423152481,1364720148,EVT-0168,3091.0,3955.0,3084.0,3715.0,233.0,7.538013587835652
1467704312,1879821175,EVT-0168,1186.0,1273.0,1316.0,1496.0,-93.0,-7.841483979763912
1475115246,1714292012,EVT-0168,1258.0,1529.0,1182.0,1385.0,68.0,5.405405405405405
1524065749,1105435741,EVT-0168,681.0,769.0,584.0,750.0,-78.0,-11.45374449339207
1567742360,1873780039,EVT-0168,2080.0,2730.0,2080.0,2199.0,531.0,25.528846153846153
1595774286,1187084813,EVT-0168,1141.0,1494.0,1264.0,1226.0,391.0,34.268185801928134
1610177150,1955222058,EVT-0168,1423.0,1826.0,1396.0,1422.0,377.0,26.49332396345748
1631526641,1750236147,EVT-0168,1629.0,1714.0,1493.0,1891.0,-313.0,-19.21424186617557
1640263392,1704492101,EVT-0168,915.0,1197.0,990.0,1227.0,45.0,4.918032786885246
1655321622,1871372714,EVT-0168,714.0,740.0,766.0,859.0,-67.0,-9.38375350140056
1701585576,1823309871,EVT-0168,1006.0,1339.0,1120.0,1240.0,213.0,21.17296222664016
1714986282,1300832031,EVT-0168,1478.0,1437.0,1491.0,1768.0,-318.0,-21.515561569688767
1738903891,1285330571,EVT-0168,2067.0,2830.0,2360.0,2600.0,523.0,25.302370585389454
1793685516,1743431961,EVT-0168,372.0,318.0,376.0,395.0,-73.0,-19.623655913978492
1827318308,1583696442,EVT-0168,985.0,1167.0,940.0,1134.0,-12.0,-1.2182741116751268
1903798589,1412773438,EVT-0168,2676.0,3381.0,2690.0,3554.0,-159.0,-5.941704035874439
1020833996,1844748057,EVT-0169,1358.0,1918.0,1382.0,1364.0,578.0,42.56259204712813
1044666919,1464676570,EVT-0169,991.0,1019.0,1002.0,1039.0,-9.0,-0.9081735620585267
1204261733,1907112910,EVT-0169,1456.0,1497.0,1466.0,1665.0,-158.0,-10.851648351648352
1204787067,1409867656,EVT-0169,963.0,1030.0,1007.0,1109.0,-35.0,-3.6344755970924196
1244876920,1569475654,EVT-0169,504.0,473.0,515.0,517.0,-33.0,-6.547619047619048
1398789739,1879821175,EVT-0169,1414.0,1504.0,1575.0,1594.0,71.0,5.021216407355021
1486877065,1914644640,EVT-0169,1464.0,1401.0,1523.0,1593.0,-133.0,-9.084699453551913
1025231352,1150502551,EVT-0170,2196.0,2648.0,2249.0,2496.0,205.0,9.335154826958107
1073902250,1641859123,EVT-0170,2287.0,2469.0,2382.0,2319.0,245.0,10.712724092697858
1246066447,1075689749,EVT-0170,3448.0,4216.0,3358.0,3507.0,619.0,17.95243619489559
1598661571,1775551348,EVT-0170,2910.0,3451.0,2934.0,3068.0,407.0,13.986254295532646
1808310134,1279507085,EVT-0170,2469.0,2575.0,2536.0,3005.0,-363.0,-14.702308626974483
1847082322,1065455036,EVT-0170,1911.0,1788.0,1544.0,1571.0,-150.0,-7.849293563579278
1892307210,1418704015,EVT-0170,1511.0,1692.0,1505.0,1318.0,368.0,24.354731965585703
1993874985,1674708775,EVT-0170,3015.0,3229.0,2820.0,3726.0,-692.0,-22.95190713101161
1889776344,1697855363,EVT-0171,1762.0,1836.0,1695.0,1724.0,45.0,2.553916004540295
1065870788,1046736322,EVT-0172,1509.0,1903.0,1902.0,2259.0,37.0,2.4519549370444005
1174238463,1181854898,EVT-0172,1715.0,1821.0,1637.0,1926.0,-183.0,-10.670553935860058
1227780172,1352216182,EVT-0172,1236.0,1772.0,1284.0,1531.0,289.0,23.381877022653722
1296552940,1134089733,EVT-0172,731.0,951.0,640.0,725.0,135.0,18.467852257181942
1362648127,1596912711,EVT-0172,217.0,233.0,203.0,166.0,53.0,24.42396313364055
1425340662,1670560261,EVT-0172,1327.0,1631.0,1302.0,1468.0,138.0,10.399397136397889
1429255973,1529045985,EVT-0172,1005.0,1218.0,1019.0,981.0,251.0,24.975124378109452
1494868502,1743431961,EVT-0172,517.0,548.0,376.0,395.0,12.0,2.321083172147002
1557944620,1769352273,EVT-0172,1499.0,1886.0,1115.0,1165.0,337.0,22.48165443629086
1599989245,1443260538,EVT-0172,576.0,580.0,555.0,504.0,55.0,9.54861111111111
1707435529,1082909627,EVT-0172,1017.0,1251.0,1038.0,1182.0,90.0,8.849557522123893
1725623817,1412773438,EVT-0172,2303.0,3485.0,2690.0,3554.0,318.0,13.808076422058186
1732527431,1364720148,EVT-0172,3134.0,3843.0,3084.0,3715.0,78.0,2.488832163369496
1803233885,1084919582,EVT-0172,2930.0,3513.0,2986.0,4077.0,-508.0,-17.33788395904437
1808826295,1892083019,EVT-0172,1958.0,2276.0,1944.0,2150.0,112.0,5.720122574055159
1862986803,1523681389,EVT-0172,2068.0,2588.0,2087.0,2409.0,198.0,9.574468085106384
1041585906,1857629178,EVT-0173,532.0,513.0,468.0,528.0,-79.0,-14.849624060150376
1085110611,1523987174,EVT-0173,588.0,551.0,564.0,564.0,-37.0,-6.292517006802721
1145899849,1434523506,EVT-0173,869.0,972.0,837.0,840.0,100.0,11.507479861910241
1228081653,1135771313,EVT-0173,148.0,144.0,117.0,105.0,8.0,5.405405405405405
1243754490,1879821175,EVT-0173,1428.0,1746.0,1316.0,1496.0,138.0,9.663865546218489
1244876920,1718275724,EVT-0173,169.0,127.0,163.0,183.0,-62.0,-36.68639053254438
1293643247,1742318383,EVT-0173,996.0,1162.0,916.0,979.0,103.0,10.341365461847388
1327009084,1081031506,EVT-0173,888.0,1087.0,913.0,1037.0,75.0,8.445945945945946
1425340662,1670560261,EVT-0173,1327.0,1631.0,1302.0,1468.0,138.0,10.399397136397889
1473057747,1335601583,EVT-0173,1113.0,1160.0,881.0,819.0,109.0,9.793351302785265
1551962891,1623506957,EVT-0173,462.0,524.0,466.0,401.0,127.0,27.48917748917749
1567742360,1873780039,EVT-0173,2080.0,2730.0,2080.0,2199.0,531.0,25.528846153846153
1592123891,1058325303,EVT-0173,1190.0,1601.0,1189.0,1260.0,340.0,28.57142857142857
1614978876,1131525051,EVT-0173,349.0,373.0,327.0,350.0,1.0,0.28653295128939826
1681501296,1390158669,EVT-0173,315.0,312.0,304.0,276.0,25.0,7.936507936507936
1827318308,1583696442,EVT-0173,985.0,1167.0,940.0,1134.0,-12.0,-1.2182741116751268
1889776344,1573445784,EVT-0173,619.0,596.0,606.0,707.0,-124.0,-20.032310177705977
1136500869,1769333869,EVT-0174,1841.0,1951.0,1778.0,1803.0,85.0,4.617055947854427
1267903205,1785926670,EVT-0174,749.0,778.0,813.0,763.0,79.0,10.54739652870494
1706991829,1801662945,EVT-0174,1732.0,1892.0,1910.0,1996.0,74.0,4.272517321016166
1746046261,1324722952,EVT-0174,1573.0,1631.0,1543.0,1575.0,26.0,1.6528925619834711
1964945871,1805422742,EVT-0174,2434.0,2964.0,2497.0,2498.0,529.0,21.73377156943303
1002145427,1124890801,EVT-0175,1657.0,1906.0,1755.0,2039.0,-35.0,-2.112251056125528
1048976678,1773180629,EVT-0175,2040.0,2460.0,2003.0,2341.0,82.0,4.019607843137255
1084471394,1473494189,EVT-0175,714.0,735.0,568.0,631.0,-42.0,-5.88235294117647
1101185407,1488515010,EVT-0175,978.0,1394.0,1053.0,988.0,481.0,49.18200408997955
1134089733,1742974847,EVT-0175,294.0,333.0,254.0,260.0,33.0,11.224489795918368
1180932224,1393729789,EVT-0175,1927.0,2507.0,1933.0,2296.0,217.0,11.261027503892059
1227780172,1219172859,EVT-0175,1657.0,2046.0,1624.0,1799.0,214.0,12.91490645745323
1238983617,1782341873,EVT-0175,1026.0,1374.0,1009.0,988.0,369.0,35.96491228070175
1241711534,1892083019,EVT-0175,785.0,659.0,759.0,942.0,-309.0,-39.36305732484077
1259584955,1693350831,EVT-0175,730.0,735.0,733.0,631.0,107.0,14.657534246575343
1327009084,1697719783,EVT-0175,725.0,651.0,626.0,638.0,-86.0,-11.862068965517242
1393791409,1519182780,EVT-0175,1160.0,971.0,1098.0,988.0,-79.0,-6.810344827586206
1418997171,1209566128,EVT-0175,1944.0,2416.0,1825.0,2302.0,-5.0,-0.257201646090535
1425340662,1566276774,EVT-0175,3055.0,3194.0,3000.0,3870.0,-731.0,-23.92798690671031
1443520683,1304105269,EVT-0175,1062.0,1221.0,1182.0,1319.0,22.0,2.0715630885122414
1456299035,1997693654,EVT-0175,1314.0,1578.0,1122.0,1160.0,226.0,17.19939117199391
1460081361,1133042691,EVT-0175,1295.0,1413.0,1122.0,1176.0,64.0,4.942084942084942
1523681389,1428222503,EVT-0175,571.0,688.0,552.0,546.0,123.0,21.541155866900176
1540759788,1529045985,EVT-0175,928.0,912.0,932.0,938.0,-22.0,-2.3706896551724137
1546151204,1877046932,EVT-0175,902.0,1101.0,858.0,1074.0,-17.0,-1.8847006651884701
1590869917,1650044724,EVT-0175,584.0,641.0,624.0,693.0,-12.0,-2.054794520547945
1595301304,1224230882,EVT-0175,712.0,769.0,819.0,827.0,49.0,6.882022471910113
1595774286,1187084813,EVT-0175,1542.0,1780.0,1477.0,1540.0,175.0,11.348897535667964
1621842156,1468815406,EVT-0175,616.0,571.0,640.0,647.0,-52.0,-8.441558441558442
1710163217,1056679651,EVT-0175,1522.0,1973.0,1555.0,1884.0,122.0,8.015768725361367
1732527431,1364720148,EVT-0175,1649.0,2232.0,1647.0,2198.0,32.0,1.9405700424499697
1767508967,1947954388,EVT-0175,606.0,698.0,634.0,515.0,211.0,34.81848184818482
1785764022,1242598583,EVT-0175,1295.0,1277.0,1296.0,1428.0,-150.0,-11.583011583011583
1815807585,1804484495,EVT-0175,1611.0,1974.0,1581.0,1762.0,182.0,11.297330850403476
1838439200,1181854898,EVT-0175,2054.0,2349.0,2119.0,2451.0,-37.0,-1.8013631937682568
1908168895,1769352273,EVT-0175,951.0,1050.0,976.0,969.0,106.0,11.146161934805468
1924355757,1412773438,EVT-0175,3315.0,4181.0,3484.0,4662.0,-312.0,-9.411764705882353
1009179924,1300832031,EVT-0176,2063.0,2405.0,1722.0,1997.0,67.0,3.247697527872031
1134509243,1417682113,EVT-0176,227.0,249.0,214.0,205.0,31.0,13.656387665198238
1273912869,1109634414,EVT-0176,928.0,928.0,927.0,1070.0,-143.0,-15.40948275862069
1425340662,1566276774,EVT-0176,3055.0,3194.0,3000.0,3870.0,-731.0,-23.92798690671031
1453128708,1497642888,EVT-0176,731.0,803.0,722.0,727.0,67.0,9.165526675786593
1489598965,1804484495,EVT-0176,1441.0,1517.0,1581.0,1762.0,-105.0,-7.286606523247745
1616839134,1222151080,EVT-0176,2061.0,2368.0,2178.0,2632.0,-147.0,-7.132459970887918
1647196991,1337789832,EVT-0176,487.0,647.0,507.0,543.0,124.0,25.46201232032854
1647700669,1895795452,EVT-0176,223.0,179.0,223.0,196.0,-17.0,-7.623318385650224
1704308638,1349686455,EVT-0176,1075.0,1154.0,1051.0,1183.0,-53.0,-4.930232558139535
1707435529,1997693654,EVT-0176,1215.0,1399.0,1122.0,1160.0,146.0,12.016460905349795
1727463709,1185877283,EVT-0176,1250.0,1249.0,1228.0,1310.0,-83.0,-6.64
1854852153,1870532862,EVT-0176,883.0,950.0,916.0,1018.0,-35.0,-3.9637599093997737
1862986803,1488515010,EVT-0176,1120.0,1233.0,1053.0,988.0,178.0,15.892857142857142
1867204764,1526834563,EVT-0176,1691.0,1873.0,1675.0,1869.0,-12.0,-0.7096392667060911
1889776344,1536141264,EVT-0176,1695.0,1927.0,1643.0,1905.0,-30.0,-1.7699115044247788
1921646299,1618352078,EVT-0176,1159.0,1389.0,1167.0,1260.0,137.0,11.82053494391717
1999506508,1004543439,EVT-0176,801.0,894.0,775.0,757.0,111.0,13.857677902621724
1036718538,1402934529,EVT-0177,349.0,391.0,254.0,238.0,58.0,16.6189111747851
1044666919,1464676570,EVT-0177,793.0,840.0,832.0,707.0,172.0,21.689785624211854
1048976678,1773180629,EVT-0177,2040.0,2460.0,2003.0,2341.0,82.0,4.019607843137255
1204787067,1874547676,EVT-0177,446.0,489.0,459.0,452.0,50.0,11.210762331838566
1227780172,1219172859,EVT-0177,1657.0,2046.0,1624.0,1799.0,214.0,12.91490645745323
1278315217,1841542198,EVT-0177,542.0,474.0,528.0,511.0,-51.0,-9.40959409594096
1285347583,1815549120,EVT-0177,442.0,420.0,412.0,394.0,-4.0,-0.904977375565611
1328056928,1294882026,EVT-0177,518.0,513.0,470.0,444.0,21.0,4.054054054054054
1425340662,1566276774,EVT-0177,3055.0,3194.0,3000.0,3870.0,-731.0,-23.92798690671031
1456299035,1997693654,EVT-0177,1314.0,1578.0,1122.0,1160.0,226.0,17.19939117199391
1595774286,1187084813,EVT-0177,1542.0,1780.0,1477.0,1540.0,175.0,11.348897535667964
1599989245,1468815406,EVT-0177,602.0,633.0,640.0,647.0,24.0,3.9867109634551494
1683943777,1185877283,EVT-0177,1191.0,1314.0,1228.0,1310.0,41.0,3.4424853064651555
1686880901,1847794991,EVT-0177,321.0,329.0,297.0,291.0,14.0,4.361370716510903
1701585576,1440623548,EVT-0177,1213.0,1551.0,1101.0,1125.0,314.0,25.88623248145095
1710163217,1056679651,EVT-0177,1522.0,1973.0,1555.0,1884.0,122.0,8.015768725361367
1714986282,1950588461,EVT-0177,1060.0,1215.0,1073.0,1158.0,70.0,6.60377358490566
1725623817,1812123887,EVT-0177,2320.0,2731.0,2349.0,2543.0,217.0,9.35344827586207
1736829924,1546273719,EVT-0177,682.0,655.0,691.0,797.0,-133.0,-19.501466275659823
1806707737,1851932792,EVT-0177,971.0,1015.0,949.0,926.0,67.0,6.90010298661174
1854852153,1870532862,EVT-0177,883.0,950.0,916.0,1018.0,-35.0,-3.9637599093997737
1856406925,1897723296,EVT-0177,1056.0,1222.0,988.0,873.0,281.0,26.609848484848484
1893606271,1877986913,EVT-0177,653.0,596.0,582.0,417.0,108.0,16.539050535987748
1949335115,1694658844,EVT-0177,1414.0,1640.0,1430.0,1656.0,0.0,0.0
1050705288,1694658844,EVT-0178,1458.0,1845.0,1124.0,1326.0,185.0,12.688614540466393
1103232447,1636376422,EVT-0178,1356.0,1339.0,1339.0,1298.0,24.0,1.7699115044247788
1227780172,1352216182,EVT-0178,1236.0,1772.0,1284.0,1531.0,289.0,23.381877022653722
1240393805,1082909627,EVT-0178,1146.0,1294.0,1038.0,1182.0,4.0,0.34904013961605584
1257723886,1598998692,EVT-0178,544.0,667.0,502.0,453.0,172.0,31.61764705882353
1362560363,1933607412,EVT-0178,868.0,977.0,710.0,707.0,112.0,12.903225806451612
1364458855,1769333869,EVT-0178,843.0,1032.0,939.0,899.0,229.0,27.164887307236064
1423152481,1364720148,EVT-0178,3091.0,3955.0,3084.0,3715.0,233.0,7.538013587835652
1455779946,1769352273,EVT-0178,1152.0,1299.0,1115.0,1165.0,97.0,8.42013888888889
1467704312,1879821175,EVT-0178,1186.0,1273.0,1316.0,1496.0,-93.0,-7.841483979763912
1475115246,1923786978,EVT-0178,1258.0,1529.0,1271.0,1401.0,141.0,11.208267090620032
1610177150,1955222058,EVT-0178,1423.0,1826.0,1396.0,1422.0,377.0,26.49332396345748
1696606064,1072999711,EVT-0178,940.0,870.0,741.0,882.0,-211.0,-22.4468085106383
1732527431,1084919582,EVT-0178,3134.0,3843.0,2986.0,4077.0,-382.0,-12.188895979578813
1788421810,1409867656,EVT-0178,438.0,468.0,418.0,430.0,18.0,4.10958904109589
1808826295,1892083019,EVT-0178,1958.0,2276.0,1944.0,2150.0,112.0,5.720122574055159
1814938340,1751172259,EVT-0178,972.0,1019.0,938.0,861.0,124.0,12.757201646090536
1836939912,1838809964,EVT-0178,760.0,741.0,702.0,734.0,-51.0,-6.7105263157894735
1848624494,1381937048,EVT-0178,847.0,1004.0,856.0,863.0,150.0,17.70956316410862
1989798412,1412773438,EVT-0178,2425.0,2977.0,2690.0,3554.0,-312.0,-12.8659793814433
1002145427,1714021262,EVT-0179,4152.0,5256.0,3877.0,4103.0,878.0,21.146435452793835
1048976678,1363342464,EVT-0179,4038.0,4941.0,4627.0,5483.0,47.0,1.1639425458147599
1084471394,1058325303,EVT-0179,1841.0,1864.0,1784.0,1871.0,-64.0,-3.476371537208039
1170846871,1084919582,EVT-0179,3292.0,3664.0,3623.0,4006.0,-11.0,-0.33414337788578374
1190842652,1670560261,EVT-0179,1531.0,1561.0,1448.0,1548.0,-70.0,-4.57217504898759
1251567115,1181360912,EVT-0179,1533.0,1642.0,1417.0,1503.0,23.0,1.5003261578604044
1300654963,1261377760,EVT-0179,1666.0,2028.0,1772.0,1733.0,401.0,24.069627851140456
1425340662,1812123887,EVT-0179,2958.0,3491.0,2968.0,3678.0,-177.0,-5.983772819472617
1455779946,1769352273,EVT-0179,2552.0,2757.0,2091.0,1987.0,309.0,12.108150470219435
1456299035,1997693654,EVT-0179,1688.0,1949.0,1642.0,1699.0,204.0,12.085308056872037
1523498065,1892083019,EVT-0179,2047.0,2000.0,2418.0,3009.0,-638.0,-31.16756228627259
1595301304,1352216182,EVT-0179,3152.0,3343.0,2971.0,3416.0,-254.0,-8.058375634517766
1639269087,1251202242,EVT-0179,1705.0,1826.0,1726.0,1671.0,176.0,10.32258064516129
1689916181,1209566128,EVT-0179,4552.0,5333.0,4753.0,5755.0,-221.0,-4.855008787346221
1725623817,1783823739,EVT-0179,5194.0,6551.0,5834.0,7757.0,-566.0,-10.897189064304968
1732527431,1181854898,EVT-0179,2890.0,3640.0,2842.0,3168.0,424.0,14.671280276816608
1848624494,1191545544,EVT-0179,2608.0,2906.0,2678.0,3198.0,-222.0,-8.512269938650306
1924355757,1134632102,EVT-0179,3468.0,4426.0,3341.0,3593.0,706.0,20.35755478662053
1159301823,1407902521,EVT-0180,391.0,356.0,367.0,381.0,-49.0,-12.531969309462914
1326905712,1051073538,EVT-0180,609.0,577.0,614.0,526.0,56.0,9.195402298850574
1358245029,1918398995,EVT-0180,1139.0,1233.0,1146.0,935.0,305.0,26.777875329236174
1640263392,1584097178,EVT-0180,1314.0,1332.0,1300.0,1200.0,118.0,8.980213089802131
1704492101,1448589550,EVT-0180,1132.0,1250.0,1073.0,1003.0,188.0,16.607773851590103
1811081532,1511742359,EVT-0180,1265.0,1282.0,1214.0,1103.0,128.0,10.118577075098814
1038444141,1245433184,EVT-0181,1501.0,1544.0,1450.0,1438.0,55.0,3.664223850766156
1120302413,1987092370,EVT-0181,1509.0,1452.0,1552.0,1622.0,-127.0,-8.416169648774023
1216532808,1913683516,EVT-0181,907.0,819.0,906.0,753.0,65.0,7.166482910694598
1407931751,1841542198,EVT-0181,739.0,652.0,772.0,799.0,-114.0,-15.426251691474965
1480599715,1737256036,EVT-0181,839.0,869.0,938.0,797.0,171.0,20.38140643623361
1704492101,1448589550,EVT-0181,1132.0,1250.0,1073.0,1003.0,188.0,16.607773851590103
1758206720,1934613260,EVT-0181,1042.0,868.0,1019.0,963.0,-118.0,-11.324376199616124
1840863041,1340345143,EVT-0181,2707.0,3170.0,2609.0,2597.0,475.0,17.54710011082379
1025231352,1150502551,EVT-0182,1637.0,2133.0,1682.0,2045.0,133.0,8.124618204031766
1041585906,1416978082,EVT-0182,724.0,665.0,720.0,709.0,-48.0,-6.629834254143646
1085110611,1712965692,EVT-0182,654.0,617.0,642.0,687.0,-82.0,-12.538226299694188
1101185407,1488515010,EVT-0182,1095.0,1423.0,1067.0,980.0,415.0,37.89954337899543
1240190284,1934613260,EVT-0182,893.0,1065.0,810.0,941.0,41.0,4.591265397536394
1244876920,1901453930,EVT-0182,309.0,213.0,278.0,207.0,-25.0,-8.090614886731391
1246066447,1279507085,EVT-0182,1525.0,1603.0,1457.0,1597.0,-62.0,-4.065573770491803
1299418347,1132120993,EVT-0182,762.0,864.0,731.0,644.0,189.0,24.803149606299215
1321405205,1479078465,EVT-0182,786.0,828.0,747.0,743.0,46.0,5.852417302798982
1327009084,1697719783,EVT-0182,727.0,683.0,643.0,640.0,-41.0,-5.639614855570839
1334266016,1812123887,EVT-0182,2528.0,2808.0,2451.0,2667.0,64.0,2.5316455696202533
1409867656,1901417067,EVT-0182,567.0,484.0,632.0,625.0,-76.0,-13.403880070546737
1512844550,1081031506,EVT-0182,992.0,1079.0,896.0,855.0,128.0,12.903225806451612
1567993435,1071299832,EVT-0182,422.0,467.0,413.0,413.0,45.0,10.66350710900474
1595301304,1625192632,EVT-0182,744.0,767.0,820.0,764.0,79.0,10.618279569892474
1636376422,1251411553,EVT-0182,384.0,423.0,390.0,318.0,111.0,28.90625
1683943777,1185877283,EVT-0182,1207.0,1303.0,1239.0,1218.0,117.0,9.693454846727423
1704331150,1257768279,EVT-0182,2079.0,2126.0,1427.0,1487.0,-13.0,-0.6253006253006254
1732000645,1369949932,EVT-0182,1992.0,2307.0,1709.0,2013.0,11.0,0.5522088353413654
1779411515,1095200048,EVT-0182,1050.0,1166.0,1072.0,1038.0,150.0,14.285714285714285
1806707737,1851932792,EVT-0182,1004.0,1023.0,945.0,880.0,84.0,8.366533864541832
1836939912,1974446365,EVT-0182,535.0,589.0,523.0,510.0,67.0,12.52336448598131
1854852153,1870532862,EVT-0182,888.0,918.0,923.0,1004.0,-51.0,-5.743243243243244
1989798412,1412773438,EVT-0182,3569.0,3932.0,3611.0,4756.0,-782.0,-21.91089941159989
1133616429,1844748057,EVT-0183,1474.0,1786.0,1396.0,1316.0,392.0,26.594301221166894
1163199601,1697719783,EVT-0183,1758.0,1867.0,1857.0,2127.0,-161.0,-9.158134243458475
1204261733,1907112910,EVT-0183,1511.0,1426.0,1538.0,1598.0,-145.0,-9.596293845135671
1204787067,1527981900,EVT-0183,1007.0,1044.0,928.0,990.0,-25.0,-2.4826216484607744
1467704312,1879821175,EVT-0183,1649.0,1801.0,1632.0,1658.0,126.0,7.640994542146756
1616418756,1914644640,EVT-0183,1512.0,1581.0,1613.0,1603.0,79.0,5.224867724867725
1824149854,1334266743,EVT-0183,1889.0,1984.0,1896.0,2135.0,-144.0,-7.623080995235575
1010852790,1892897319,EVT-0184,1471.0,1531.0,1356.0,1411.0,5.0,0.3399048266485384
1025231352,1150502551,EVT-0184,2226.0,2731.0,2230.0,2669.0,66.0,2.964959568733154
1073902250,1641859123,EVT-0184,2285.0,2459.0,2382.0,2369.0,187.0,8.183807439824946
1273912869,1418704015,EVT-0184,1984.0,2064.0,1518.0,1313.0,285.0,14.36491935483871
1393791409,1187084813,EVT-0184,1923.0,1778.0,1854.0,2030.0,-321.0,-16.69266770670827
1524065749,1674708775,EVT-0184,2950.0,2766.0,2944.0,3780.0,-1020.0,-34.57627118644068
1808310134,1279507085,EVT-0184,2505.0,2611.0,2619.0,3076.0,-351.0,-14.011976047904193
1847082322,1065455036,EVT-0184,1913.0,1769.0,1521.0,1531.0,-154.0,-8.050182958703607
1993874985,1775551348,EVT-0184,3118.0,3155.0,3139.0,2918.0,258.0,8.274534958306607
1120080837,1056679651,EVT-0185,2048.0,2473.0,2063.0,2096.0,392.0,19.140625
1123148250,1403453024,EVT-0185,1602.0,1853.0,1291.0,1343.0,199.0,12.421972534332085
1302899475,1041640354,EVT-0185,1099.0,1137.0,1101.0,1232.0,-93.0,-8.46223839854413
1323611925,1234567687,EVT-0185,1396.0,1592.0,1389.0,1282.0,303.0,21.70487106017192
1551962891,1623506957,EVT-0185,497.0,420.0,460.0,432.0,-49.0,-9.859154929577464
1722038985,1069143851,EVT-0185,1968.0,1953.0,1875.0,2003.0,-143.0,-7.266260162601626
1727463709,1028050239,EVT-0185,1085.0,1125.0,1081.0,989.0,132.0,12.165898617511521
1732914373,1977922420,EVT-0185,1525.0,1396.0,1581.0,1571.0,-119.0,-7.80327868852459
1200480071,1261377760,EVT-0186,1008.0,1298.0,1096.0,1379.0,7.0,0.6944444444444444
1240190284,1111217703,EVT-0186,678.0,698.0,686.0,747.0,-41.0,-6.047197640117994
1265952337,1746587884,EVT-0186,666.0,751.0,652.0,571.0,166.0,24.924924924924923
1398789739,1914644640,EVT-0186,647.0,603.0,696.0,796.0,-144.0,-22.256568778979908
1511742359,1535323178,EVT-0186,925.0,1082.0,919.0,1053.0,23.0,2.4864864864864864
1536278926,1434523506,EVT-0186,940.0,1116.0,845.0,847.0,174.0,18.51063829787234
1714986282,1185877283,EVT-0186,1405.0,1479.0,1427.0,1498.0,3.0,0.21352313167259787
1738903891,1285330571,EVT-0186,2295.0,3081.0,2467.0,2804.0,449.0,19.564270152505447
1848624494,1381937048,EVT-0186,877.0,1009.0,851.0,896.0,87.0,9.92018244013683
1857629178,1275723975,EVT-0186,453.0,523.0,457.0,373.0,154.0,33.99558498896248
1903798589,1412773438,EVT-0186,2780.0,3390.0,2798.0,3562.0,-154.0,-5.53956834532374
1991291398,1279507085,EVT-0186,1488.0,1637.0,1465.0,1589.0,25.0,1.6801075268817203
1050705288,1769333869,EVT-0187,1555.0,1852.0,969.0,913.0,353.0,22.70096463022508
1065091666,1898803444,EVT-0187,1428.0,1374.0,1480.0,1447.0,-21.0,-1.4705882352941175
1133616429,1448713440,EVT-0187,456.0,477.0,422.0,462.0,-19.0,-4.166666666666666
1136500869,1231453428,EVT-0187,531.0,665.0,519.0,511.0,142.0,26.741996233521657
1200096471,1572180861,EVT-0187,808.0,843.0,807.0,802.0,40.0,4.9504950495049505
1237205202,1249657408,EVT-0187,1211.0,1253.0,1213.0,1449.0,-194.0,-16.01981833195706
1251567115,1529045985,EVT-0187,1176.0,1409.0,1022.0,1013.0,242.0,20.578231292517007
1264333323,1058325303,EVT-0187,1197.0,1584.0,1204.0,1233.0,358.0,29.908103592314117
1324722952,1299832539,EVT-0187,312.0,373.0,288.0,304.0,45.0,14.423076923076922
1467704312,1045376799,EVT-0187,1187.0,1331.0,1038.0,1365.0,-183.0,-15.417017691659646
1481247389,1084919582,EVT-0187,3026.0,3298.0,3126.0,4020.0,-622.0,-20.555188367481826
1551107307,1935314678,EVT-0187,1113.0,1313.0,965.0,885.0,280.0,25.157232704402517
1621199177,1393729789,EVT-0187,980.0,1022.0,979.0,1233.0,-212.0,-21.63265306122449
1648626962,1879804551,EVT-0187,459.0,471.0,433.0,396.0,49.0,10.675381263616558
1670701188,1955222058,EVT-0187,1373.0,1795.0,1417.0,1403.0,436.0,31.75528040786599
1803502636,1805422742,EVT-0187,1879.0,2031.0,1923.0,2193.0,-118.0,-6.279936136242682
1841542198,1737256036,EVT-0187,838.0,983.0,895.0,870.0,170.0,20.286396181384248
1927430854,1082909627,EVT-0187,1339.0,1719.0,1082.0,1213.0,249.0,18.595967139656462
1949335115,1694658844,EVT-0187,1279.0,1476.0,1189.0,1288.0,98.0,7.66223612197029
1964945871,1736538384,EVT-0187,1485.0,1821.0,1270.0,1387.0,219.0,14.747474747474747
1038444141,1245433184,EVT-0188,1501.0,1544.0,1450.0,1438.0,55.0,3.664223850766156
1340345143,1384158410,EVT-0188,2609.0,2597.0,2551.0,2667.0,-128.0,-4.906094288999617
1394982015,1123562633,EVT-0188,539.0,463.0,491.0,425.0,-10.0,-1.855287569573284
1640263392,1584097178,EVT-0188,1314.0,1332.0,1300.0,1200.0,118.0,8.980213089802131
1250017203,1502571429,EVT-0189,1203.0,1244.0,1257.0,1454.0,-156.0,-12.967581047381547
1369172659,1422258099,EVT-0189,644.0,706.0,640.0,620.0,82.0,12.732919254658384
1374281198,1916437647,EVT-0189,754.0,709.0,760.0,556.0,159.0,21.087533156498676
1474100561,1798313247,EVT-0189,636.0,566.0,621.0,544.0,7.0,1.10062893081761
1688976343,1081238747,EVT-0189,2138.0,2724.0,2138.0,2584.0,140.0,6.548175865294668
1704308638,1113953065,EVT-0189,2954.0,3515.0,2943.0,3031.0,473.0,16.012186865267434
1782077311,1831183839,EVT-0189,754.0,635.0,787.0,745.0,-77.0,-10.212201591511937
1838576308,1546273719,EVT-0189,1219.0,1389.0,1230.0,1472.0,-72.0,-5.906480721903199
1967802350,1588179048,EVT-0189,901.0,833.0,841.0,811.0,-38.0,-4.217536071032186
1028436479,1895078685,EVT-0190,1526.0,1823.0,1896.0,2048.0,145.0,9.501965923984272
1136500869,1769333869,EVT-0190,1884.0,2113.0,1870.0,1712.0,387.0,20.541401273885352
1237205202,1333043895,EVT-0190,1152.0,1110.0,1158.0,1053.0,63.0,5.46875
1324722952,1174785596,EVT-0190,1563.0,1590.0,1529.0,1549.0,7.0,0.4478566858605247
1330156328,1617703974,EVT-0190,1311.0,1148.0,1000.0,1056.0,-219.0,-16.704805491990847
1704331150,1432188427,EVT-0190,2616.0,2740.0,2476.0,2833.0,-233.0,-8.906727828746178
1993463169,1268421124,EVT-0190,1753.0,1888.0,1828.0,1639.0,324.0,18.482601254991444
1523681389,1511022174,EVT-0191,2058.0,1972.0,2068.0,2067.0,-85.0,-4.13022351797862
1595301304,1352216182,EVT-0191,3071.0,3523.0,3058.0,3479.0,31.0,1.0094431781178768
1615059528,1997693654,EVT-0191,1911.0,1932.0,1695.0,1718.0,-2.0,-0.10465724751439037
1639269087,1251202242,EVT-0191,1675.0,1864.0,1712.0,1626.0,275.0,16.417910447761194
1689916181,1209566128,EVT-0191,4702.0,5538.0,4972.0,5978.0,-170.0,-3.6154827732879626
1776723276,1548652282,EVT-0191,3642.0,3998.0,3507.0,3559.0,304.0,8.347062053816584
1838439200,1363342464,EVT-0191,4967.0,5154.0,4828.0,5693.0,-678.0,-13.650090597946447
1849328657,1506356074,EVT-0191,1276.0,1247.0,1288.0,1265.0,-6.0,-0.4702194357366771
1922670785,1181854898,EVT-0191,3092.0,3404.0,3061.0,3102.0,271.0,8.764553686934024
1924355757,1134632102,EVT-0191,3593.0,4502.0,3449.0,3721.0,637.0,17.728917339270804
1123148250,1403453024,EVT-0192,1593.0,1868.0,1356.0,1341.0,290.0,18.20464532328939
1169238601,1200346587,EVT-0192,1735.0,1677.0,1813.0,2025.0,-270.0,-15.561959654178676
1299418347,1331020234,EVT-0192,2836.0,3283.0,2905.0,3251.0,101.0,3.5613540197461213
1368009035,1871372714,EVT-0192,2102.0,2115.0,2066.0,2080.0,-1.0,-0.04757373929590866
1631526641,1234567687,EVT-0192,1536.0,1369.0,1457.0,1321.0,-31.0,-2.018229166666667
1714986282,1306006622,EVT-0192,1421.0,1575.0,1397.0,1340.0,211.0,14.848698099929628
1722038985,1069143851,EVT-0192,1959.0,2074.0,1922.0,2017.0,20.0,1.0209290454313424
1933607412,1028050239,EVT-0192,1285.0,1237.0,1085.0,955.0,82.0,6.381322957198443
1934763735,1656483868,EVT-0192,1204.0,1181.0,1198.0,1097.0,78.0,6.4784053156146175
1969108517,1977228745,EVT-0192,1326.0,1250.0,1287.0,1280.0,-69.0,-5.203619909502263
1050506165,1149313383,EVT-0193,573.0,703.0,588.0,571.0,147.0,25.654450261780106
1073902250,1038582841,EVT-0193,1329.0,1372.0,1358.0,1140.0,261.0,19.63882618510158
1133130363,1209566128,EVT-0193,3655.0,4383.0,3480.0,4036.0,172.0,4.705882352941177
1200480071,1261377760,EVT-0193,1028.0,1345.0,1101.0,1372.0,46.0,4.474708171206226
1385532449,1892083019,EVT-0193,2358.0,3107.0,2102.0,2214.0,637.0,27.01441899915182
1386514024,1426157339,EVT-0193,862.0,998.0,693.0,731.0,98.0,11.36890951276102
1429255973,1529045985,EVT-0193,1085.0,1293.0,1081.0,1019.0,270.0,24.88479262672811
1443551811,1815549120,EVT-0193,710.0,758.0,547.0,508.0,87.0,12.253521126760564
1488515010,1506356074,EVT-0193,1664.0,1724.0,1564.0,1577.0,47.0,2.824519230769231
1592062677,1026926489,EVT-0193,1268.0,1617.0,1238.0,1488.0,99.0,7.807570977917981
1621842156,1443260538,EVT-0193,667.0,696.0,555.0,507.0,77.0,11.544227886056973
1643343233,1337789832,EVT-0193,850.0,781.0,885.0,972.0,-156.0,-18.352941176470587
1747032997,1714021262,EVT-0193,1845.0,2271.0,1620.0,1942.0,104.0,5.636856368563685
1815807585,1364720148,EVT-0193,3427.0,4622.0,3371.0,4136.0,430.0,12.547417566384592
1927430854,1181854898,EVT-0193,1498.0,1780.0,1750.0,2074.0,-42.0,-2.803738317757009
1964945871,1736538384,EVT-0193,1453.0,1813.0,1298.0,1401.0,257.0,17.687543014452856
1044666919,1464676570,EVT-0194,1032.0,1004.0,1006.0,962.0,16.0,1.550387596899225
1204261733,1907112910,EVT-0194,1561.0,1411.0,1576.0,1735.0,-309.0,-19.795003203074952
1443551811,1618352078,EVT-0194,1230.0,1220.0,1256.0,1316.0,-70.0,-5.691056910569105
1467704312,1914644640,EVT-0194,1616.0,1785.0,1605.0,1702.0,72.0,4.455445544554455
1561159348,1874547676,EVT-0194,1244.0,1405.0,1152.0,1048.0,265.0,21.30225080385852
1567993435,1189244753,EVT-0194,1818.0,1787.0,1798.0,1787.0,-20.0,-1.1001100110011002
1616418756,1879821175,EVT-0194,1488.0,1551.0,1667.0,1647.0,83.0,5.577956989247312
1636376422,1697719783,EVT-0194,1727.0,1552.0,2025.0,2205.0,-355.0,-20.555877243775335
1674345776,1335912683,EVT-0194,1767.0,1692.0,1773.0,1909.0,-211.0,-11.941143180531975
1719574174,1154629764,EVT-0194,902.0,700.0,949.0,750.0,-3.0,-0.3325942350332594
1893020424,1448713440,EVT-0194,892.0,903.0,956.0,891.0,76.0,8.520179372197308
1025231352,1282327174,EVT-0195,1697.0,2180.0,1675.0,1645.0,513.0,30.229817324690632
1036718538,1402934529,EVT-0195,347.0,344.0,250.0,250.0,-3.0,-0.8645533141210375
1040239976,1065455036,EVT-0195,784.0,759.0,948.0,1026.0,-103.0,-13.137755102040815
1044303869,1468815406,EVT-0195,637.0,599.0,701.0,656.0,7.0,1.098901098901099
1120080837,1779918477,EVT-0195,1348.0,1698.0,1484.0,1380.0,454.0,33.67952522255193
1167711153,1746587884,EVT-0195,884.0,853.0,893.0,960.0,-98.0,-11.085972850678733
1273912869,1739712036,EVT-0195,989.0,957.0,1018.0,869.0,117.0,11.830131445904954
1328056928,1294882026,EVT-0195,535.0,532.0,505.0,438.0,64.0,11.962616822429908
1361521440,1095200048,EVT-0195,991.0,1085.0,1025.0,1012.0,107.0,10.797174571140262
1362648127,1693350831,EVT-0195,625.0,530.0,715.0,652.0,-32.0,-5.12
1548035017,1879821175,EVT-0195,877.0,834.0,898.0,834.0,21.0,2.394526795895097
1674102136,1060922949,EVT-0195,505.0,409.0,535.0,491.0,-52.0,-10.297029702970297
1768831921,1775551348,EVT-0195,648.0,666.0,647.0,706.0,-41.0,-6.327160493827161
1885189138,1133042691,EVT-0195,1297.0,1321.0,1092.0,1165.0,-49.0,-3.7779491133384733
1011940271,1497642888,EVT-0196,719.0,766.0,799.0,762.0,84.0,11.68289290681502
1050705288,1694658844,EVT-0196,1616.0,1936.0,1224.0,1276.0,268.0,16.584158415841586
1081031506,1618352078,EVT-0196,922.0,1115.0,1144.0,1011.0,326.0,35.35791757049891
1174785596,1249657408,EVT-0196,1091.0,1244.0,1225.0,1420.0,-42.0,-3.84967919340055
1324722952,1333043895,EVT-0196,329.0,358.0,369.0,380.0,18.0,5.47112462006079
1590337907,1150502551,EVT-0196,1476.0,1701.0,1477.0,1566.0,136.0,9.214092140921409
1592123891,1099946885,EVT-0196,1372.0,1758.0,1427.0,1305.0,508.0,37.02623906705539
1598661571,1282327174,EVT-0196,806.0,897.0,886.0,839.0,138.0,17.121588089330025
1657025858,1400951004,EVT-0196,1083.0,1117.0,1014.0,1139.0,-91.0,-8.40258541089566
1706991829,1835878442,EVT-0196,540.0,611.0,584.0,532.0,123.0,22.77777777777778
1758794279,1730655531,EVT-0196,2273.0,2554.0,2422.0,2771.0,-68.0,-2.9916410030796303
1768225918,1095200048,EVT-0196,797.0,873.0,833.0,845.0,64.0,8.030112923462985
1903798589,1412773438,EVT-0196,2892.0,3528.0,3014.0,3811.0,-161.0,-5.567081604426003
1944079924,1337789832,EVT-0196,1019.0,1254.0,885.0,972.0,148.0,14.524043179587832
1025231352,1150502551,EVT-0197,2311.0,2784.0,2205.0,2685.0,-7.0,-0.3028991778450887
1199976907,1121962926,EVT-0197,1925.0,1980.0,2684.0,2883.0,-144.0,-7.48051948051948
1273912869,1418704015,EVT-0197,1915.0,2072.0,1505.0,1303.0,359.0,18.7467362924282
1402958817,1884938808,EVT-0197,1831.0,1942.0,1934.0,1951.0,94.0,5.133806663025669
1524065749,1775551348,EVT-0197,3067.0,2770.0,3282.0,2815.0,170.0,5.542875774372351
1598661571,1674708775,EVT-0197,3065.0,3512.0,3022.0,3797.0,-328.0,-10.70146818923328
1892307210,1065455036,EVT-0197,1679.0,1639.0,1546.0,1607.0,-101.0,-6.015485407980941
1101185407,1529045985,EVT-0198,1123.0,1478.0,901.0,1013.0,243.0,21.638468388245773
1132120993,1331020234,EVT-0198,740.0,653.0,832.0,847.0,-102.0,-13.783783783783784
1166368237,1670560261,EVT-0198,1564.0,1679.0,1563.0,1484.0,194.0,12.404092071611252
1180932224,1773180629,EVT-0198,2210.0,2654.0,2065.0,2399.0,110.0,4.97737556561086
1271463741,1657035808,EVT-0198,596.0,597.0,617.0,584.0,34.0,5.704697986577181
1296552940,1060922949,EVT-0198,403.0,407.0,535.0,491.0,48.0,11.910669975186105
1425610817,1295857761,EVT-0198,461.0,458.0,451.0,404.0,44.0,9.544468546637743
1486296159,1992928436,EVT-0198,169.0,141.0,163.0,118.0,17.0,10.059171597633137
1512844550,1618352078,EVT-0198,1006.0,1088.0,1181.0,1301.0,-38.0,-3.7773359840954273
1635581279,1181854898,EVT-0198,2846.0,3632.0,2389.0,2558.0,617.0,21.67955024595924
1725623817,1812123887,EVT-0198,2439.0,2950.0,2501.0,2708.0,304.0,12.464124641246412
1737256036,1943531446,EVT-0198,628.0,572.0,639.0,602.0,-19.0,-3.0254777070063694
1806479196,1289174306,EVT-0198,1354.0,1516.0,1242.0,1224.0,180.0,13.293943870014772
1908168895,1769352273,EVT-0198,1027.0,1074.0,1081.0,961.0,167.0,16.260954235637783
1924355757,1783823739,EVT-0198,3497.0,4730.0,3359.0,4132.0,460.0,13.15413211323992
1015191335,1779918477,EVT-0199,1295.0,1476.0,1256.0,1117.0,320.0,24.71042471042471
1265952337,1541379537,EVT-0199,2993.0,3650.0,3043.0,3414.0,286.0,9.555629802873371
1299418347,1331020234,EVT-0199,2836.0,3283.0,2905.0,3251.0,101.0,3.5613540197461213
1386514024,1405577143,EVT-0199,2216.0,2252.0,2274.0,2866.0,-556.0,-25.09025270758123
1710163217,1056679651,EVT-0199,2178.0,2707.0,2192.0,2156.0,565.0,25.94123048668503
1732914373,1306006622,EVT-0199,1486.0,1416.0,1397.0,1340.0,-13.0,-0.8748317631224763
1065091666,1583696442,EVT-0200,1242.0,1116.0,1268.0,1193.0,-51.0,-4.1062801932367154
1305686507,1895078685,EVT-0200,2544.0,2535.0,1896.0,2048.0,-161.0,-6.328616352201258
1449048093,1736538384,EVT-0200,448.0,392.0,384.0,340.0,-12.0,-2.6785714285714284
1518121706,1508064668,EVT-0200,1388.0,1412.0,792.0,747.0,69.0,4.971181556195965
1704331150,1432188427,EVT-0200,2616.0,2740.0,2476.0,2833.0,-233.0,-8.906727828746178
1898803444,1702446943,EVT-0200,1390.0,1364.0,1358.0,1288.0,44.0,3.1654676258992804
1964945871,1805422742,EVT-0200,2603.0,3106.0,2704.0,2454.0,753.0,28.928159815597386
