attendance_id,hcp_id,event_id,attendance_date,role,engagement_score
ATT-000001,1040239976,EVT-0001,2023-07-06,attendee,3.9
ATT-000002,1194203331,EVT-0001,2023-07-06,attendee,8.2
ATT-000003,1246066447,EVT-0001,2023-07-06,attendee,8.3
ATT-000004,1282327174,EVT-0001,2023-07-06,attendee,6.2
ATT-000005,1393791409,EVT-0001,2023-07-06,attendee,4.6
ATT-000006,1519182780,EVT-0001,2023-07-06,attendee,4.8
ATT-000007,1595774286,EVT-0001,2023-07-06,attendee,5.9
ATT-000008,1616839134,EVT-0001,2023-07-06,attendee,5.9
ATT-000009,1690348028,EVT-0001,2023-07-06,attendee,6.0
ATT-000010,1944079924,EVT-0001,2023-07-06,attendee,7.4
ATT-000011,1993874985,EVT-0001,2023-07-06,attendee,7.8
ATT-000012,1546587092,EVT-0001,2023-07-06,speaker,9.3
ATT-000013,1040239976,EVT-0002,2023-07-09,attendee,4.2
ATT-000014,1163199601,EVT-0002,2023-07-09,attendee,6.6
ATT-000015,1246066447,EVT-0002,2023-07-09,attendee,4.0
ATT-DUP-00153,1246066447,EVT-0002,2023-07-09,attendee,4.0
ATT-000016,1264333323,EVT-0002,2023-07-09,attendee,9.0
ATT-000017,1334266016,EVT-0002,2023-07-09,attendee,8.4
ATT-000018,1335670091,EVT-0002,2023-07-09,attendee,4.5
ATT-000019,1352578078,EVT-0002,2023-07-09,attendee,7.2
ATT-000020,1361521440,EVT-0002,2023-07-09,attendee,8.4
ATT-000021,1394609428,EVT-0002,2023-07-09,attendee,7.4
ATT-000022,1413519731,EVT-0002,2023-07-09,attendee,
ATT-000023,1425610817,EVT-0002,2023-07-09,attendee,6.3
ATT-000024,1456207657,EVT-0002,2023-07-09,attendee,5.7
ATT-000025,1511022174,EVT-0002,2023-07-09,attendee,5.4
ATT-000026,1520551320,EVT-0002,2023-07-09,attendee,7.7
ATT-000027,1592062677,EVT-0002,2023-07-09,attendee,4.8
ATT-000028,1706991829,EVT-0002,2023-07-09,attendee,4.6
ATT-000029,1710163217,EVT-0002,2023-07-09,attendee,9.6
ATT-000030,1717519684,EVT-0002,2023-07-09,attendee,6.9
ATT-000031,1725623817,EVT-0002,2023-07-09,attendee,6.7
ATT-000032,1742100898,EVT-0002,2023-07-09,attendee,6.1
ATT-000033,1785764022,EVT-0002,2023-07-09,attendee,7.8
ATT-000034,1811081532,EVT-0002,2023-07-09,attendee,7.1
ATT-000035,1927430854,EVT-0002,2023-07-09,attendee,9.8
ATT-000036,1993367014,EVT-0002,2023-07-09,attendee,4.5
ATT-000037,1942374996,EVT-0002,2023-07-09,speaker,9.3
ATT-000038,1050506165,EVT-0003,2023-07-10,attendee,7.7
ATT-000039,1139166684,EVT-0003,2023-07-10,attendee,6.6
ATT-000040,1198262952,EVT-0003,2023-07-10,attendee,8.1
ATT-000041,1229022169,EVT-0003,2023-07-10,attendee,4.9
ATT-000042,1352578078,EVT-0003,2023-07-10,attendee,7.0
ATT-000043,1449331358,EVT-0003,2023-07-10,attendee,2.9
ATT-000044,1555906795,EVT-0003,2023-07-10,attendee,5.1
ATT-000045,1648626962,EVT-0003,2023-07-10,attendee,7.5
ATT-000046,1761262934,EVT-0003,2023-07-10,attendee,4.1
ATT-000047,1782077311,EVT-0003,2023-07-10,attendee,3.2
ATT-000048,1867204764,EVT-0003,2023-07-10,attendee,5.4
ATT-000049,1880717263,EVT-0003,2023-07-10,attendee,4.4
ATT-000050,1964572899,EVT-0003,2023-07-10,attendee,4.5
ATT-000051,1707268052,EVT-0003,2023-07-10,speaker,9.7
ATT-000052,1011940271,EVT-0004,2023-07-14,attendee,3.4
ATT-000053,1076376403,EVT-0004,2023-07-14,attendee,6.2
ATT-000054,1107038659,EVT-0004,2023-07-14,attendee,7.5
ATT-000055,1324722952,EVT-0004,2023-07-14,attendee,5.2
ATT-000056,1330156328,EVT-0004,2023-07-14,attendee,6.9
ATT-000057,1364458855,EVT-0004,2023-07-14,attendee,6.6
ATT-000058,1423753536,EVT-0004,2023-07-14,attendee,5.7
ATT-000059,1497642888,EVT-0004,2023-07-14,attendee,6.4
ATT-000060,1645233598,EVT-0004,2023-07-14,attendee,6.7
ATT-000061,1704331150,EVT-0004,2023-07-14,attendee,8.2
ATT-000062,1746046261,EVT-0004,2023-07-14,attendee,6.4
ATT-000063,1749652321,EVT-0004,2023-07-14,attendee,5.9
ATT-000064,1803502636,EVT-0004,2023-07-14,attendee,6.4
ATT-000065,1880426881,EVT-0004,2023-07-14,attendee,7.0
ATT-000066,1964945871,EVT-0004,2023-07-14,attendee,6.1
ATT-000067,1693072195,EVT-0004,2023-07-14,speaker,10.0
ATT-000068,1044379984,EVT-0005,2023-07-17,attendee,7.6
ATT-000069,1058647219,EVT-0005,2023-07-17,attendee,6.3
ATT-000070,1094274762,EVT-0005,2023-07-17,attendee,6.2
ATT-000071,1145899849,EVT-0005,2023-07-17,attendee,9.2
ATT-000072,1194203331,EVT-0005,2023-07-17,attendee,6.7
ATT-000073,1251567115,EVT-0005,2023-07-17,attendee,3.6
ATT-000074,1355374483,EVT-0005,2023-07-17,attendee,8.3
ATT-000075,1376656900,EVT-0005,2023-07-17,attendee,5.7
ATT-000076,1413519731,EVT-0005,2023-07-17,attendee,
ATT-000077,1425340662,EVT-0005,2023-07-17,attendee,4.7
ATT-000078,1475115246,EVT-0005,2023-07-17,attendee,6.8
ATT-000079,1567742360,EVT-0005,2023-07-17,attendee,8.1
ATT-000080,1639269087,EVT-0005,2023-07-17,attendee,6.4
ATT-000081,1676855970,EVT-0005,2023-07-17,attendee,2.9
ATT-000082,1683943777,EVT-0005,2023-07-17,attendee,7.5
ATT-000083,1719186219,EVT-0005,2023-07-17,attendee,6.5
ATT-000084,1738903891,EVT-0005,2023-07-17,attendee,6.1
ATT-000085,1828766265,EVT-0005,2023-07-17,attendee,2.8
ATT-000086,1880426881,EVT-0005,2023-07-17,attendee,6.8
ATT-000087,1989798412,EVT-0005,2023-07-17,attendee,6.5
ATT-000088,1600833937,EVT-0005,2023-07-17,speaker,9.4
ATT-000089,1326516303,EVT-0006,2023-07-18,attendee,6.6
ATT-000090,1362648127,EVT-0006,2023-07-18,attendee,3.6
ATT-000091,1785764022,EVT-0006,2023-07-18,attendee,3.7
ATT-000092,1811081532,EVT-0006,2023-07-18,attendee,7.5
ATT-000093,1969914385,EVT-0006,2023-07-18,attendee,6.3
ATT-000094,1043802820,EVT-0006,2023-07-18,speaker,8.9
ATT-000095,1120080837,EVT-0007,2023-07-28,attendee,4.3
ATT-000096,1265952337,EVT-0007,2023-07-28,attendee,6.2
ATT-000097,1299418347,EVT-0007,2023-07-28,attendee,6.8
ATT-DUP-00163,1299418347,EVT-0007,2023-07-28,attendee,6.7
ATT-000098,1332369119,EVT-0007,2023-07-28,attendee,6.8
ATT-000099,1444774099,EVT-0007,2023-07-28,attendee,3.1
ATT-000100,1460081361,EVT-0007,2023-07-28,attendee,8.6
ATT-000101,1492077734,EVT-0007,2023-07-28,attendee,7.7
ATT-000102,1610177150,EVT-0007,2023-07-28,attendee,7.0
ATT-000103,1657725655,EVT-0007,2023-07-28,attendee,8.2
ATT-000104,1672904236,EVT-0007,2023-07-28,attendee,8.4
ATT-000105,1710163217,EVT-0007,2023-07-28,attendee,7.1
ATT-000106,1714292012,EVT-0007,2023-07-28,attendee,6.0
ATT-000107,1714986282,EVT-0007,2023-07-28,attendee,4.5
ATT-000108,1724092733,EVT-0007,2023-07-28,attendee,7.2
ATT-000109,1732000645,EVT-0007,2023-07-28,attendee,7.0
ATT-000110,1814938340,EVT-0007,2023-07-28,attendee,7.6
ATT-DUP-00093,1814938340,EVT-0007,2023-07-28,attendee,7.6
ATT-000111,1693013389,EVT-0007,2023-07-28,speaker,8.8
ATT-000112,1133616429,EVT-0008,2023-07-30,attendee,5.2
ATT-000113,1159841240,EVT-0008,2023-07-30,attendee,7.1
ATT-000114,1228081653,EVT-0008,2023-07-30,attendee,4.7
ATT-DUP-00050,1228081653,EVT-0008,2023-07-30,attendee,4.7
ATT-000115,1327009084,EVT-0008,2023-07-30,attendee,4.6
ATT-000116,1592062677,EVT-0008,2023-07-30,attendee,
ATT-DUP-00109,1592062677,EVT-0008,2023-07-30,attendee,7.1
ATT-000117,1636376422,EVT-0008,2023-07-30,attendee,5.5
ATT-000118,1674345776,EVT-0008,2023-07-30,attendee,5.3
ATT-000119,1719574174,EVT-0008,2023-07-30,attendee,2.2
ATT-000120,1788421810,EVT-0008,2023-07-30,attendee,3.2
ATT-000121,1872102060,EVT-0008,2023-07-30,speaker,9.4
ATT-000122,1022312734,EVT-0009,2023-08-01,attendee,7.6
ATT-000123,1048976678,EVT-0009,2023-08-01,attendee,7.6
ATT-000124,1050506165,EVT-0009,2023-08-01,attendee,9.3
ATT-000125,1065870788,EVT-0009,2023-08-01,attendee,6.3
ATT-000126,1081051991,EVT-0009,2023-08-01,attendee,7.1
ATT-000127,1098995024,EVT-0009,2023-08-01,attendee,8.5
ATT-000128,1101185407,EVT-0009,2023-08-01,attendee,8.4
ATT-000129,1123148250,EVT-0009,2023-08-01,attendee,5.9
ATT-000130,1133130363,EVT-0009,2023-08-01,attendee,8.3
ATT-000131,1189244753,EVT-0009,2023-08-01,attendee,6.3
ATT-000132,1263807582,EVT-0009,2023-08-01,attendee,5.2
ATT-000133,1280087226,EVT-0009,2023-08-01,attendee,10.0
ATT-000134,1296552940,EVT-0009,2023-08-01,attendee,5.3
ATT-DUP-00053,1296552940,EVT-0009,2023-08-01,attendee,5.6
ATT-000135,1332369119,EVT-0009,2023-08-01,attendee,6.5
ATT-000136,1413519731,EVT-0009,2023-08-01,attendee,8.4
ATT-000137,1456299035,EVT-0009,2023-08-01,attendee,6.7
ATT-000138,1481247389,EVT-0009,2023-08-01,attendee,6.6
ATT-000139,1484724632,EVT-0009,2023-08-01,attendee,7.0
ATT-000140,1547244776,EVT-0009,2023-08-01,attendee,6.9
ATT-000141,1552813903,EVT-0009,2023-08-01,attendee,6.9
ATT-000142,1567742360,EVT-0009,2023-08-01,attendee,6.9
ATT-000143,1592123891,EVT-0009,2023-08-01,attendee,8.4
ATT-000144,1595301304,EVT-0009,2023-08-01,attendee,4.6
ATT-000145,1639269087,EVT-0009,2023-08-01,attendee,5.7
ATT-000146,1644815767,EVT-0009,2023-08-01,attendee,6.7
ATT-000147,1674102136,EVT-0009,2023-08-01,attendee,2.4
ATT-000148,1724092733,EVT-0009,2023-08-01,attendee,8.7
ATT-000149,1725724532,EVT-0009,2023-08-01,attendee,5.4
ATT-000150,1740047711,EVT-0009,2023-08-01,attendee,3.8
ATT-000151,1824172013,EVT-0009,2023-08-01,attendee,6.6
ATT-000152,1862986803,EVT-0009,2023-08-01,attendee,5.1
ATT-000153,1896554999,EVT-0009,2023-08-01,attendee,7.3
ATT-000154,1924355757,EVT-0009,2023-08-01,attendee,5.8
ATT-000155,1788800922,EVT-0009,2023-08-01,speaker,9.0
ATT-000156,1124726435,EVT-0010,2023-08-06,attendee,7.6
ATT-000157,1124890801,EVT-0010,2023-08-06,attendee,5.9
ATT-000158,1132120993,EVT-0010,2023-08-06,attendee,4.7
ATT-000159,1144669185,EVT-0010,2023-08-06,attendee,9.3
ATT-000160,1189769080,EVT-0010,2023-08-06,attendee,7.3
ATT-000161,1198262952,EVT-0010,2023-08-06,attendee,10.0
ATT-000162,1202669523,EVT-0010,2023-08-06,attendee,6.2
ATT-000163,1299418347,EVT-0010,2023-08-06,attendee,6.5
ATT-000164,1300654963,EVT-0010,2023-08-06,attendee,6.6
ATT-000165,1341556789,EVT-0010,2023-08-06,attendee,8.0
ATT-000166,1423152481,EVT-0010,2023-08-06,attendee,6.4
ATT-000167,1478412079,EVT-0010,2023-08-06,attendee,4.7
ATT-000168,1552813903,EVT-0010,2023-08-06,attendee,6.5
ATT-DUP-00103,1552813903,EVT-0010,2023-08-06,attendee,6.5
ATT-000169,1594466975,EVT-0010,2023-08-06,attendee,
ATT-000170,1710163217,EVT-0010,2023-08-06,attendee,7.7
ATT-000171,1714986282,EVT-0010,2023-08-06,attendee,3.4
ATT-000172,1768831921,EVT-0010,2023-08-06,attendee,4.8
ATT-000173,1812815243,EVT-0010,2023-08-06,attendee,7.9
ATT-000174,1828803407,EVT-0010,2023-08-06,attendee,3.0
ATT-DUP-00117,1828803407,EVT-0010,2023-08-06,attendee,3.0
ATT-000175,1901019392,EVT-0010,2023-08-06,attendee,6.3
ATT-000176,1969108517,EVT-0010,2023-08-06,attendee,5.9
ATT-000177,1182422455,EVT-0010,2023-08-06,speaker,9.4
ATT-000178,1107378550,EVT-0011,2023-08-08,attendee,8.4
ATT-000179,1124726435,EVT-0011,2023-08-08,attendee,5.8
ATT-000180,1137408567,EVT-0011,2023-08-08,attendee,6.7
ATT-000181,1267903205,EVT-0011,2023-08-08,attendee,4.7
ATT-000182,1279507085,EVT-0011,2023-08-08,attendee,6.3
ATT-000183,1362560363,EVT-0011,2023-08-08,attendee,4.7
ATT-000184,1368009035,EVT-0011,2023-08-08,attendee,3.9
ATT-000185,1433980129,EVT-0011,2023-08-08,attendee,5.8
ATT-000186,1435949049,EVT-0011,2023-08-08,attendee,5.5
ATT-000187,1475115246,EVT-0011,2023-08-08,attendee,9.2
ATT-000188,1552813903,EVT-0011,2023-08-08,attendee,9.5
ATT-000189,1567742360,EVT-0011,2023-08-08,attendee,10.0
ATT-000190,1595774286,EVT-0011,2023-08-08,attendee,7.2
ATT-000191,1616418756,EVT-0011,2023-08-08,attendee,8.7
ATT-000192,1670701188,EVT-0011,2023-08-08,attendee,4.8
ATT-000193,1672904236,EVT-0011,2023-08-08,attendee,6.4
ATT-000194,1683943777,EVT-0011,2023-08-08,attendee,5.8
ATT-000195,1714986282,EVT-0011,2023-08-08,attendee,7.7
ATT-DUP-00106,1714986282,EVT-0011,2023-08-08,attendee,8.3
ATT-000196,1724092733,EVT-0011,2023-08-08,attendee,6.1
ATT-000197,1725623817,EVT-0011,2023-08-08,attendee,10.0
ATT-000198,1738903891,EVT-0011,2023-08-08,attendee,7.9
ATT-000199,1745601371,EVT-0011,2023-08-08,attendee,2.6
ATT-000200,1746046261,EVT-0011,2023-08-08,attendee,7.1
ATT-000201,1768831921,EVT-0011,2023-08-08,attendee,6.8
ATT-000202,1856406925,EVT-0011,2023-08-08,attendee,7.4
ATT-000203,1901019392,EVT-0011,2023-08-08,attendee,8.0
ATT-000204,1939785840,EVT-0011,2023-08-08,attendee,4.8
ATT-000205,1964945871,EVT-0011,2023-08-08,attendee,5.1
ATT-000206,1134195944,EVT-0011,2023-08-08,speaker,9.1
ATT-000207,1074076039,EVT-0012,2023-08-10,attendee,7.8
ATT-000208,1123148250,EVT-0012,2023-08-10,attendee,8.5
ATT-000209,1246448348,EVT-0012,2023-08-10,attendee,4.2
ATT-000210,1265952337,EVT-0012,2023-08-10,attendee,6.0
ATT-000211,1332369119,EVT-0012,2023-08-10,attendee,5.8
ATT-000212,1341556789,EVT-0012,2023-08-10,attendee,
ATT-000213,1460081361,EVT-0012,2023-08-10,attendee,9.1
ATT-000214,1475115246,EVT-0012,2023-08-10,attendee,8.6
ATT-000215,1551962891,EVT-0012,2023-08-10,attendee,4.8
ATT-000216,1648553570,EVT-0012,2023-08-10,attendee,7.6
ATT-000217,1655321622,EVT-0012,2023-08-10,attendee,6.7
ATT-000218,1657725655,EVT-0012,2023-08-10,attendee,8.2
ATT-000219,1670701188,EVT-0012,2023-08-10,attendee,6.4
ATT-000220,1683943777,EVT-0012,2023-08-10,attendee,5.7
ATT-000221,1722038985,EVT-0012,2023-08-10,attendee,8.3
ATT-000222,1836894604,EVT-0012,2023-08-10,attendee,5.8
ATT-000223,1611741350,EVT-0012,2023-08-10,speaker,9.5
ATT-000224,1169614082,EVT-0013,2023-08-11,attendee,5.6
ATT-000225,1191545544,EVT-0013,2023-08-11,attendee,6.6
ATT-000226,1268222167,EVT-0013,2023-08-11,attendee,5.2
ATT-000227,1271768685,EVT-0013,2023-08-11,attendee,9.3
ATT-000228,1300654963,EVT-0013,2023-08-11,attendee,4.8
ATT-000229,1311764207,EVT-0013,2023-08-11,attendee,
ATT-000230,1385532449,EVT-0013,2023-08-11,attendee,9.0
ATT-000231,1418997171,EVT-0013,2023-08-11,attendee,4.8
ATT-000232,1425340662,EVT-0013,2023-08-11,attendee,6.3
ATT-000233,1436505063,EVT-0013,2023-08-11,attendee,
ATT-000234,1456207657,EVT-0013,2023-08-11,attendee,6.9
ATT-000235,1456299035,EVT-0013,2023-08-11,attendee,4.7
ATT-000236,1481247389,EVT-0013,2023-08-11,attendee,8.7
ATT-000237,1567742360,EVT-0013,2023-08-11,attendee,6.8
ATT-000238,1610820601,EVT-0013,2023-08-11,attendee,7.3
ATT-DUP-00143,1610820601,EVT-0013,2023-08-11,attendee,7.4
ATT-000239,1639269087,EVT-0013,2023-08-11,attendee,6.7
ATT-000240,1689916181,EVT-0013,2023-08-11,attendee,7.2
ATT-000241,1707435529,EVT-0013,2023-08-11,attendee,6.8
ATT-000242,1776723276,EVT-0013,2023-08-11,attendee,9.0
ATT-000243,1803233885,EVT-0013,2023-08-11,attendee,8.8
ATT-000244,1812815243,EVT-0013,2023-08-11,attendee,7.3
ATT-000245,1909167417,EVT-0013,2023-08-11,speaker,8.4
ATT-000262,1968340152,EVT-0014,2023-08-31,speaker,10.0
ATT-000246,1123148250,EVT-0014,2023-09-01,attendee,6.0
ATT-000247,1138208594,EVT-0014,2023-09-01,attendee,6.9
ATT-DUP-00108,1138208594,EVT-0014,2023-09-01,attendee,6.9
ATT-000248,1167711153,EVT-0014,2023-09-01,attendee,4.3
ATT-000249,1169238601,EVT-0014,2023-09-01,attendee,7.0
ATT-000250,1265952337,EVT-0014,2023-09-01,attendee,7.4
ATT-DUP-00008,1265952337,EVT-0014,2023-09-01,attendee,7.4
ATT-000251,1299418347,EVT-0014,2023-09-01,attendee,6.6
ATT-000252,1376656900,EVT-0014,2023-09-01,attendee,7.5
ATT-000253,1475115246,EVT-0014,2023-09-01,attendee,7.4
ATT-000254,1551962891,EVT-0014,2023-09-01,attendee,4.9
ATT-000255,1599978586,EVT-0014,2023-09-01,attendee,7.2
ATT-000256,1670701188,EVT-0014,2023-09-01,attendee,7.5
ATT-000257,1722038985,EVT-0014,2023-09-01,attendee,7.9
ATT-000258,1722898792,EVT-0014,2023-09-01,attendee,5.4
ATT-DUP-00087,1722898792,EVT-0014,2023-09-01,attendee,5.4
ATT-000259,1787619711,EVT-0014,2023-09-01,attendee,7.5
ATT-000260,1897723296,EVT-0014,2023-09-01,attendee,6.4
ATT-000261,1934829601,EVT-0014,2023-09-01,attendee,9.0
ATT-000263,1048976678,EVT-0015,2023-09-02,attendee,7.5
ATT-000264,1084919582,EVT-0015,2023-09-02,attendee,5.7
ATT-DUP-00048,1084919582,EVT-0015,2023-09-02,attendee,5.7
ATT-000265,1124890801,EVT-0015,2023-09-02,attendee,5.9
ATT-DUP-00084,1124890801,EVT-0015,2023-09-02,attendee,6.1
ATT-000266,1133130363,EVT-0015,2023-09-02,attendee,6.5
ATT-000267,1144669185,EVT-0015,2023-09-02,attendee,8.4
ATT-000268,1166368237,EVT-0015,2023-09-02,attendee,7.3
ATT-000269,1169614082,EVT-0015,2023-09-02,attendee,3.4
ATT-000270,1170846871,EVT-0015,2023-09-02,attendee,5.7
ATT-000271,1200480071,EVT-0015,2023-09-02,attendee,6.9
ATT-000272,1241711534,EVT-0015,2023-09-02,attendee,6.7
ATT-000273,1287287258,EVT-0015,2023-09-02,attendee,6.6
ATT-000274,1335670091,EVT-0015,2023-09-02,attendee,7.6
ATT-000275,1385532449,EVT-0015,2023-09-02,attendee,6.8
ATT-000276,1397955463,EVT-0015,2023-09-02,attendee,7.4
ATT-000277,1413519731,EVT-0015,2023-09-02,attendee,7.9
ATT-000278,1423152481,EVT-0015,2023-09-02,attendee,3.7
ATT-000279,1425340662,EVT-0015,2023-09-02,attendee,4.8
ATT-000280,1456299035,EVT-0015,2023-09-02,attendee,6.8
ATT-000281,1481247389,EVT-0015,2023-09-02,attendee,3.8
ATT-000282,1489598965,EVT-0015,2023-09-02,attendee,3.5
ATT-000283,1523681389,EVT-0015,2023-09-02,attendee,5.3
ATT-000284,1526669415,EVT-0015,2023-09-02,attendee,5.7
ATT-000285,1567742360,EVT-0015,2023-09-02,attendee,6.4
ATT-DUP-00160,1567742360,EVT-0015,2023-09-02,attendee,6.4
ATT-000286,1613561947,EVT-0015,2023-09-02,attendee,8.5
ATT-000287,1639269087,EVT-0015,2023-09-02,attendee,7.3
ATT-000288,1644815767,EVT-0015,2023-09-02,attendee,7.3
ATT-000289,1747032997,EVT-0015,2023-09-02,attendee,5.4
ATT-000290,1747637738,EVT-0015,2023-09-02,attendee,6.7
ATT-000291,1808826295,EVT-0015,2023-09-02,attendee,10.0
ATT-000292,1832506087,EVT-0015,2023-09-02,attendee,9.2
ATT-000293,1848624494,EVT-0015,2023-09-02,attendee,5.2
ATT-000294,1922670785,EVT-0015,2023-09-02,attendee,4.8
ATT-000295,1927430854,EVT-0015,2023-09-02,attendee,10.0
ATT-000296,1955620046,EVT-0015,2023-09-02,attendee,9.2
ATT-000297,1753387863,EVT-0015,2023-09-02,speaker,8.8
ATT-000298,1018018261,EVT-0016,2023-09-02,attendee,7.6
ATT-000299,1084471394,EVT-0016,2023-09-02,attendee,5.6
ATT-000300,1094274762,EVT-0016,2023-09-02,attendee,5.6
ATT-000301,1101185407,EVT-0016,2023-09-02,attendee,6.0
ATT-000302,1145899849,EVT-0016,2023-09-02,attendee,5.5
ATT-000303,1180932224,EVT-0016,2023-09-02,attendee,8.9
ATT-000304,1189769080,EVT-0016,2023-09-02,attendee,9.9
ATT-000305,1191545544,EVT-0016,2023-09-02,attendee,6.7
ATT-000306,1216575070,EVT-0016,2023-09-02,attendee,6.9
ATT-000307,1271463741,EVT-0016,2023-09-02,attendee,5.9
ATT-000308,1315385710,EVT-0016,2023-09-02,attendee,6.3
ATT-000309,1335670091,EVT-0016,2023-09-02,attendee,8.2
ATT-000310,1423152481,EVT-0016,2023-09-02,attendee,5.8
ATT-000311,1456299035,EVT-0016,2023-09-02,attendee,8.0
ATT-000312,1523498065,EVT-0016,2023-09-02,attendee,7.6
ATT-000313,1557944620,EVT-0016,2023-09-02,attendee,5.9
ATT-000314,1567742360,EVT-0016,2023-09-02,attendee,5.3
ATT-000315,1592123891,EVT-0016,2023-09-02,attendee,
ATT-000316,1644815767,EVT-0016,2023-09-02,attendee,7.5
ATT-000317,1686880901,EVT-0016,2023-09-02,attendee,5.3
ATT-000318,1752727945,EVT-0016,2023-09-02,attendee,7.4
ATT-000319,1815807585,EVT-0016,2023-09-02,attendee,9.6
ATT-000320,1824172013,EVT-0016,2023-09-02,attendee,6.3
ATT-000321,1844747141,EVT-0016,2023-09-02,attendee,6.2
ATT-000322,1120344282,EVT-0016,2023-09-02,speaker,8.0
ATT-000323,1009179924,EVT-0017,2023-09-09,attendee,5.4
ATT-000324,1044303869,EVT-0017,2023-09-09,attendee,5.3
ATT-000325,1048976678,EVT-0017,2023-09-09,attendee,8.0
ATT-DUP-00097,1048976678,EVT-0017,2023-09-09,attendee,8.0
ATT-000326,1107038659,EVT-0017,2023-09-09,attendee,7.3
ATT-000327,1117854327,EVT-0017,2023-09-09,attendee,5.5
ATT-000328,1123148250,EVT-0017,2023-09-09,attendee,8.9
ATT-000329,1138208594,EVT-0017,2023-09-09,attendee,6.6
ATT-000330,1138281740,EVT-0017,2023-09-09,attendee,5.6
ATT-000331,1198262952,EVT-0017,2023-09-09,attendee,5.2
ATT-000332,1251567115,EVT-0017,2023-09-09,attendee,6.9
ATT-000333,1271463741,EVT-0017,2023-09-09,attendee,5.1
ATT-000334,1299418347,EVT-0017,2023-09-09,attendee,7.4
ATT-000335,1341556789,EVT-0017,2023-09-09,attendee,9.3
ATT-000336,1364458855,EVT-0017,2023-09-09,attendee,5.8
ATT-000337,1375349903,EVT-0017,2023-09-09,attendee,3.9
ATT-000338,1386514024,EVT-0017,2023-09-09,attendee,6.4
ATT-DUP-00136,1386514024,EVT-0017,2023-09-09,attendee,6.4
ATT-000339,1409867656,EVT-0017,2023-09-09,attendee,4.1
ATT-000340,1435662964,EVT-0017,2023-09-09,attendee,7.7
ATT-000341,1443520683,EVT-0017,2023-09-09,attendee,8.1
ATT-000342,1478412079,EVT-0017,2023-09-09,attendee,5.4
ATT-000343,1486849361,EVT-0017,2023-09-09,attendee,6.5
ATT-000344,1492077734,EVT-0017,2023-09-09,attendee,10.0
ATT-000345,1520551320,EVT-0017,2023-09-09,attendee,4.4
ATT-000346,1567993435,EVT-0017,2023-09-09,attendee,5.8
ATT-000347,1598661571,EVT-0017,2023-09-09,attendee,5.1
ATT-000348,1631526641,EVT-0017,2023-09-09,attendee,5.6
ATT-000349,1648626962,EVT-0017,2023-09-09,attendee,5.8
ATT-000350,1655321622,EVT-0017,2023-09-09,attendee,5.3
ATT-000351,1657725655,EVT-0017,2023-09-09,attendee,6.6
ATT-000352,1683943777,EVT-0017,2023-09-09,attendee,7.6
ATT-000353,1686880901,EVT-0017,2023-09-09,attendee,4.3
ATT-000354,1707435529,EVT-0017,2023-09-09,attendee,7.3
ATT-000355,1719186219,EVT-0017,2023-09-09,attendee,6.2
ATT-000356,1722038985,EVT-0017,2023-09-09,attendee,
ATT-000357,1724092733,EVT-0017,2023-09-09,attendee,4.0
ATT-000358,1732914373,EVT-0017,2023-09-09,attendee,5.6
ATT-000359,1760628762,EVT-0017,2023-09-09,attendee,7.5
ATT-000360,1762664088,EVT-0017,2023-09-09,attendee,
ATT-000361,1806103952,EVT-0017,2023-09-09,attendee,6.7
ATT-000362,1824172013,EVT-0017,2023-09-09,attendee,6.1
ATT-000363,1841791217,EVT-0017,2023-09-09,attendee,7.6
ATT-000364,1862986803,EVT-0017,2023-09-09,attendee,6.2
ATT-000365,1898803444,EVT-0017,2023-09-09,attendee,6.5
ATT-000366,1934829601,EVT-0017,2023-09-09,attendee,6.3
ATT-000367,1114926011,EVT-0017,2023-09-09,speaker,10.0
ATT-000368,1050705288,EVT-0018,2023-09-11,attendee,5.4
ATT-000369,1065091666,EVT-0018,2023-09-11,attendee,5.0
ATT-000370,1076376403,EVT-0018,2023-09-11,attendee,7.4
ATT-000371,1136500869,EVT-0018,2023-09-11,attendee,7.1
ATT-000372,1137408567,EVT-0018,2023-09-11,attendee,9.6
ATT-DUP-00010,1137408567,EVT-0018,2023-09-11,attendee,9.7
ATT-000373,1257723886,EVT-0018,2023-09-11,attendee,6.5
ATT-000374,1330156328,EVT-0018,2023-09-11,attendee,6.6
ATT-000375,1361521440,EVT-0018,2023-09-11,attendee,6.7
ATT-DUP-00003,1361521440,EVT-0018,2023-09-11,attendee,6.7
ATT-000376,1364458855,EVT-0018,2023-09-11,attendee,5.8
ATT-000377,1497642888,EVT-0018,2023-09-11,attendee,5.7
ATT-000378,1666389063,EVT-0018,2023-09-11,attendee,4.7
ATT-000379,1706645516,EVT-0018,2023-09-11,attendee,7.4
ATT-000380,1738903891,EVT-0018,2023-09-11,attendee,7.3
ATT-000381,1993463169,EVT-0018,2023-09-11,attendee,5.1
ATT-000382,1912301342,EVT-0018,2023-09-11,speaker,8.6
ATT-000383,1002145427,EVT-0019,2023-09-11,attendee,6.7
ATT-DUP-00128,1002145427,EVT-0019,2023-09-11,attendee,6.6
ATT-000384,1018018261,EVT-0019,2023-09-11,attendee,5.0
ATT-000385,1048976678,EVT-0019,2023-09-11,attendee,7.1
ATT-000386,1101185407,EVT-0019,2023-09-11,attendee,6.0
ATT-000387,1102089657,EVT-0019,2023-09-11,attendee,5.9
ATT-000388,1124890801,EVT-0019,2023-09-11,attendee,6.7
ATT-000389,1133130363,EVT-0019,2023-09-11,attendee,6.8
ATT-000390,1144669185,EVT-0019,2023-09-11,attendee,9.7
ATT-000391,1189769080,EVT-0019,2023-09-11,attendee,9.3
ATT-000392,1200480071,EVT-0019,2023-09-11,attendee,3.5
ATT-000393,1213511599,EVT-0019,2023-09-11,attendee,8.6
ATT-000394,1227780172,EVT-0019,2023-09-11,attendee,6.8
ATT-000395,1251567115,EVT-0019,2023-09-11,attendee,
ATT-000396,1264333323,EVT-0019,2023-09-11,attendee,9.0
ATT-000397,1271768685,EVT-0019,2023-09-11,attendee,10.0
ATT-000398,1280087226,EVT-0019,2023-09-11,attendee,9.6
ATT-000399,1300654963,EVT-0019,2023-09-11,attendee,6.8
ATT-000400,1413519731,EVT-0019,2023-09-11,attendee,4.4
ATT-000401,1418997171,EVT-0019,2023-09-11,attendee,3.8
ATT-000402,1425340662,EVT-0019,2023-09-11,attendee,7.9
ATT-000403,1484724632,EVT-0019,2023-09-11,attendee,9.8
ATT-000404,1546151204,EVT-0019,2023-09-11,attendee,
ATT-000405,1552813903,EVT-0019,2023-09-11,attendee,8.7
ATT-000406,1592123891,EVT-0019,2023-09-11,attendee,9.9
ATT-000407,1595301304,EVT-0019,2023-09-11,attendee,7.8
ATT-DUP-00036,1595301304,EVT-0019,2023-09-11,attendee,7.9
ATT-000408,1621199177,EVT-0019,2023-09-11,attendee,5.9
ATT-000409,1639269087,EVT-0019,2023-09-11,attendee,7.1
ATT-000410,1644815767,EVT-0019,2023-09-11,attendee,8.3
ATT-000411,1689916181,EVT-0019,2023-09-11,attendee,7.1
ATT-000412,1725623817,EVT-0019,2023-09-11,attendee,9.2
ATT-DUP-00138,1725623817,EVT-0019,2023-09-11,attendee,9.3
ATT-000413,1808826295,EVT-0019,2023-09-11,attendee,7.4
ATT-000414,1903798589,EVT-0019,2023-09-11,attendee,7.6
ATT-000415,1927430854,EVT-0019,2023-09-11,attendee,
ATT-000416,1788800922,EVT-0019,2023-09-11,speaker,7.7
ATT-000417,1057676243,EVT-0020,2023-09-12,attendee,5.7
ATT-000418,1060922949,EVT-0020,2023-09-12,attendee,7.8
ATT-000419,1101185407,EVT-0020,2023-09-12,attendee,4.8
ATT-000420,1133130363,EVT-0020,2023-09-12,attendee,8.4
ATT-000421,1181854898,EVT-0020,2023-09-12,attendee,8.6
ATT-000422,1251567115,EVT-0020,2023-09-12,attendee,6.6
ATT-000423,1287287258,EVT-0020,2023-09-12,attendee,8.1
ATT-000424,1296552940,EVT-0020,2023-09-12,attendee,8.3
ATT-000425,1300654963,EVT-0020,2023-09-12,attendee,5.0
ATT-000426,1321405205,EVT-0020,2023-09-12,attendee,3.8
ATT-000427,1356982086,EVT-0020,2023-09-12,attendee,5.8
ATT-000429,1451968915,EVT-0020,2023-09-12,attendee,4.0
ATT-000430,1456207657,EVT-0020,2023-09-12,attendee,9.4
ATT-000431,1456299035,EVT-0020,2023-09-12,attendee,
ATT-000432,1523681389,EVT-0020,2023-09-12,attendee,3.9
ATT-000433,1536278926,EVT-0020,2023-09-12,attendee,7.3
ATT-000434,1566888198,EVT-0020,2023-09-12,attendee,6.4
ATT-000435,1644815767,EVT-0020,2023-09-12,attendee,6.3
ATT-000436,1747032997,EVT-0020,2023-09-12,attendee,8.8
ATT-000437,1776723276,EVT-0020,2023-09-12,attendee,4.1
ATT-000438,1815807585,EVT-0020,2023-09-12,attendee,6.9
ATT-000439,1832506087,EVT-0020,2023-09-12,attendee,8.2
ATT-000440,1844747141,EVT-0020,2023-09-12,attendee,7.3
ATT-000441,1849328657,EVT-0020,2023-09-12,attendee,3.9
ATT-000442,1924355757,EVT-0020,2023-09-12,attendee,6.6
ATT-000443,1479680351,EVT-0020,2023-09-12,speaker,8.4
ATT-000444,1009179924,EVT-0021,2023-09-13,attendee,7.4
ATT-000445,1169614082,EVT-0021,2023-09-13,attendee,7.3
ATT-000446,1202669523,EVT-0021,2023-09-13,attendee,8.2
ATT-000447,1204261733,EVT-0021,2023-09-13,attendee,6.2
ATT-DUP-00052,1204261733,EVT-0021,2023-09-13,attendee,6.2
ATT-000448,1243754490,EVT-0021,2023-09-13,attendee,6.6
ATT-000449,1287287258,EVT-0021,2023-09-13,attendee,8.8
ATT-000450,1341556789,EVT-0021,2023-09-13,attendee,8.3
ATT-000451,1398789739,EVT-0021,2023-09-13,attendee,8.4
ATT-000452,1413495239,EVT-0021,2023-09-13,attendee,4.9
ATT-000453,1492077734,EVT-0021,2023-09-13,attendee,6.9
ATT-000454,1523987174,EVT-0021,2023-09-13,attendee,3.5
ATT-000455,1536278926,EVT-0021,2023-09-13,attendee,6.4
ATT-000456,1596580633,EVT-0021,2023-09-13,attendee,5.0
ATT-000457,1645233598,EVT-0021,2023-09-13,attendee,8.8
ATT-000458,1670560261,EVT-0021,2023-09-13,attendee,7.4
ATT-000459,1704492101,EVT-0021,2023-09-13,attendee,6.1
ATT-DUP-00145,1704492101,EVT-0021,2023-09-13,attendee,6.1
ATT-000460,1841791217,EVT-0021,2023-09-13,attendee,2.0
ATT-000461,1405644208,EVT-0021,2023-09-13,speaker,10.0
ATT-000428,1425340662,EVT-0020,2023-09-14,attendee,4.9
ATT-000462,1025978341,EVT-0022,2023-09-19,attendee,6.3
ATT-000463,1058647219,EVT-0022,2023-09-19,attendee,9.5
ATT-000464,1098995024,EVT-0022,2023-09-19,attendee,6.7
ATT-000465,1107038659,EVT-0022,2023-09-19,attendee,9.1
ATT-000466,1198262952,EVT-0022,2023-09-19,attendee,8.7
ATT-000467,1204787067,EVT-0022,2023-09-19,attendee,4.2
ATT-000468,1243754490,EVT-0022,2023-09-19,attendee,7.9
ATT-000469,1244876920,EVT-0022,2023-09-19,attendee,3.1
ATT-000470,1263807582,EVT-0022,2023-09-19,attendee,6.3
ATT-000471,1280087226,EVT-0022,2023-09-19,attendee,6.5
ATT-000472,1309371148,EVT-0022,2023-09-19,attendee,5.6
ATT-000473,1334793308,EVT-0022,2023-09-19,attendee,4.8
ATT-000474,1455101661,EVT-0022,2023-09-19,attendee,5.2
ATT-000475,1467704312,EVT-0022,2023-09-19,attendee,7.8
ATT-000476,1486877065,EVT-0022,2023-09-19,attendee,5.0
ATT-000477,1536278926,EVT-0022,2023-09-19,attendee,5.5
ATT-000478,1548035017,EVT-0022,2023-09-19,attendee,4.0
ATT-000479,1592062677,EVT-0022,2023-09-19,attendee,9.8
ATT-000480,1616418756,EVT-0022,2023-09-19,attendee,6.9
ATT-000481,1707435529,EVT-0022,2023-09-19,attendee,7.2
ATT-000482,1710163217,EVT-0022,2023-09-19,attendee,5.4
ATT-000483,1779411515,EVT-0022,2023-09-19,attendee,10.0
ATT-000484,1803233885,EVT-0022,2023-09-19,attendee,6.5
ATT-000485,1836939912,EVT-0022,2023-09-19,attendee,8.2
ATT-000486,1927430854,EVT-0022,2023-09-19,attendee,7.6
ATT-000487,1964945871,EVT-0022,2023-09-19,attendee,6.8
ATT-000488,1231312657,EVT-0022,2023-09-19,speaker,9.1
ATT-000489,1050705288,EVT-0023,2023-09-20,attendee,9.6
ATT-000490,1136500869,EVT-0023,2023-09-20,attendee,9.3
ATT-000491,1172835138,EVT-0023,2023-09-20,attendee,5.7
ATT-000492,1249657408,EVT-0023,2023-09-20,attendee,7.3
ATT-000493,1506746308,EVT-0023,2023-09-20,attendee,7.4
ATT-000494,1666389063,EVT-0023,2023-09-20,attendee,3.0
ATT-000495,1713444978,EVT-0023,2023-09-20,attendee,8.4
ATT-000496,1738903891,EVT-0023,2023-09-20,attendee,6.1
ATT-000497,1827318308,EVT-0023,2023-09-20,attendee,3.2
ATT-000498,1836314447,EVT-0023,2023-09-20,attendee,5.1
ATT-000499,1964945871,EVT-0023,2023-09-20,attendee,6.8
ATT-000500,1995404856,EVT-0023,2023-09-20,attendee,6.4
ATT-000501,1491649715,EVT-0023,2023-09-20,speaker,9.7
ATT-000502,1137408567,EVT-0024,2023-09-27,attendee,6.7
ATT-000503,1172835138,EVT-0024,2023-09-27,attendee,5.7
ATT-000504,1330156328,EVT-0024,2023-09-27,attendee,6.1
ATT-000505,1364458855,EVT-0024,2023-09-27,attendee,5.8
ATT-000506,1394609428,EVT-0024,2023-09-27,attendee,5.9
ATT-000507,1541422121,EVT-0024,2023-09-27,attendee,3.5
ATT-000508,1645233598,EVT-0024,2023-09-27,attendee,8.1
ATT-000509,1704331150,EVT-0024,2023-09-27,attendee,6.8
ATT-000510,1738903891,EVT-0024,2023-09-27,attendee,7.7
ATT-000511,1836314447,EVT-0024,2023-09-27,attendee,6.6
ATT-000512,1885387740,EVT-0024,2023-09-27,attendee,4.9
ATT-000513,1910188758,EVT-0024,2023-09-27,attendee,6.7
ATT-000514,1939785840,EVT-0024,2023-09-27,attendee,6.8
ATT-000515,1993463169,EVT-0024,2023-09-27,attendee,5.6
ATT-000516,1956217115,EVT-0024,2023-09-27,speaker,9.2
ATT-000517,1002145427,EVT-0025,2023-10-08,attendee,4.5
ATT-000518,1018018261,EVT-0025,2023-10-08,attendee,5.7
ATT-DUP-00063,1018018261,EVT-0025,2023-10-08,attendee,5.9
ATT-000519,1022312734,EVT-0025,2023-10-08,attendee,6.1
ATT-000520,1065870788,EVT-0025,2023-10-08,attendee,6.2
ATT-000521,1101185407,EVT-0025,2023-10-08,attendee,10.0
ATT-000522,1166368237,EVT-0025,2023-10-08,attendee,8.1
ATT-000523,1170846871,EVT-0025,2023-10-08,attendee,7.0
ATT-000524,1190842652,EVT-0025,2023-10-08,attendee,3.9
ATT-000525,1227780172,EVT-0025,2023-10-08,attendee,7.2
ATT-000526,1251567115,EVT-0025,2023-10-08,attendee,4.9
ATT-000527,1271768685,EVT-0025,2023-10-08,attendee,4.5
ATT-000528,1279684447,EVT-0025,2023-10-08,attendee,3.6
ATT-000529,1284061300,EVT-0025,2023-10-08,attendee,5.9
ATT-000530,1316743925,EVT-0025,2023-10-08,attendee,6.1
ATT-DUP-00080,1316743925,EVT-0025,2023-10-08,attendee,6.1
ATT-000531,1397955463,EVT-0025,2023-10-08,attendee,10.0
ATT-000532,1436505063,EVT-0025,2023-10-08,attendee,7.4
ATT-000533,1456207657,EVT-0025,2023-10-08,attendee,8.0
ATT-000534,1456299035,EVT-0025,2023-10-08,attendee,5.9
ATT-000535,1523681389,EVT-0025,2023-10-08,attendee,5.1
ATT-000536,1552813903,EVT-0025,2023-10-08,attendee,9.3
ATT-000537,1657035808,EVT-0025,2023-10-08,attendee,7.8
ATT-000538,1685524518,EVT-0025,2023-10-08,attendee,2.7
ATT-000539,1721479586,EVT-0025,2023-10-08,attendee,7.7
ATT-000540,1812815243,EVT-0025,2023-10-08,attendee,9.1
ATT-000541,1815807585,EVT-0025,2023-10-08,attendee,7.3
ATT-000542,1862986803,EVT-0025,2023-10-08,attendee,8.2
ATT-000543,1922670785,EVT-0025,2023-10-08,attendee,10.0
ATT-000544,1927430854,EVT-0025,2023-10-08,attendee,9.3
ATT-000545,1955620046,EVT-0025,2023-10-08,attendee,8.8
ATT-000546,1869092142,EVT-0025,2023-10-08,speaker,10.0
ATT-000547,1094274762,EVT-0026,2023-10-08,attendee,6.3
ATT-000548,1133130363,EVT-0026,2023-10-08,attendee,5.7
ATT-000549,1170846871,EVT-0026,2023-10-08,attendee,7.5
ATT-000550,1180932224,EVT-0026,2023-10-08,attendee,8.0
ATT-000551,1264333323,EVT-0026,2023-10-08,attendee,8.3
ATT-000552,1266945785,EVT-0026,2023-10-08,attendee,7.8
ATT-000553,1271768685,EVT-0026,2023-10-08,attendee,7.7
ATT-000554,1279684447,EVT-0026,2023-10-08,attendee,6.1
ATT-000555,1284061300,EVT-0026,2023-10-08,attendee,4.8
ATT-000556,1315385710,EVT-0026,2023-10-08,attendee,9.8
ATT-000557,1355374483,EVT-0026,2023-10-08,attendee,3.5
ATT-000558,1377426493,EVT-0026,2023-10-08,attendee,3.6
ATT-000559,1397955463,EVT-0026,2023-10-08,attendee,8.5
ATT-000560,1413519731,EVT-0026,2023-10-08,attendee,8.2
ATT-000561,1425340662,EVT-0026,2023-10-08,attendee,5.5
ATT-000562,1526669415,EVT-0026,2023-10-08,attendee,5.7
ATT-000563,1536278926,EVT-0026,2023-10-08,attendee,6.9
ATT-000564,1567742360,EVT-0026,2023-10-08,attendee,3.9
ATT-000565,1615059528,EVT-0026,2023-10-08,attendee,7.2
ATT-000566,1644815767,EVT-0026,2023-10-08,attendee,8.7
ATT-000567,1686880901,EVT-0026,2023-10-08,attendee,4.5
ATT-000568,1725623817,EVT-0026,2023-10-08,attendee,8.6
ATT-000569,1732527431,EVT-0026,2023-10-08,attendee,7.9
ATT-000570,1747032997,EVT-0026,2023-10-08,attendee,7.8
ATT-000571,1803233885,EVT-0026,2023-10-08,attendee,5.3
ATT-000572,1815807585,EVT-0026,2023-10-08,attendee,5.9
ATT-000573,1832506087,EVT-0026,2023-10-08,attendee,8.0
ATT-000574,1924355757,EVT-0026,2023-10-08,attendee,8.8
ATT-000575,1955620046,EVT-0026,2023-10-08,attendee,10.0
ATT-DUP-00020,1955620046,EVT-0026,2023-10-08,attendee,10.0
ATT-000576,1329851996,EVT-0026,2023-10-08,speaker,9.3
ATT-000577,1228081653,EVT-0027,2023-10-08,attendee,3.4
ATT-000578,1243754490,EVT-0027,2023-10-08,attendee,5.9
ATT-000579,1616418756,EVT-0027,2023-10-08,attendee,7.6
ATT-000580,1636376422,EVT-0027,2023-10-08,attendee,6.5
ATT-000581,1788421810,EVT-0027,2023-10-08,attendee,5.7
ATT-000582,1921646299,EVT-0027,2023-10-08,attendee,5.5
ATT-000583,1555316755,EVT-0027,2023-10-08,speaker,8.1
ATT-000584,1044666919,EVT-0028,2023-10-08,attendee,4.3
ATT-000585,1163199601,EVT-0028,2023-10-08,attendee,4.5
ATT-000586,1204261733,EVT-0028,2023-10-08,attendee,6.6
ATT-000587,1204787067,EVT-0028,2023-10-08,attendee,4.2
ATT-000588,1330017819,EVT-0028,2023-10-08,attendee,5.3
ATT-000589,1467704312,EVT-0028,2023-10-08,attendee,8.4
ATT-000590,1512844550,EVT-0028,2023-10-08,attendee,5.4
ATT-000591,1636376422,EVT-0028,2023-10-08,attendee,
ATT-000592,1824149854,EVT-0028,2023-10-08,attendee,8.0
ATT-000593,1028772501,EVT-0028,2023-10-08,speaker,9.2
ATT-DUP-00152,1028772501,EVT-0028,2023-10-08,speaker,9.2
ATT-000594,1011940271,EVT-0029,2023-10-09,attendee,5.2
ATT-000595,1107038659,EVT-0029,2023-10-09,attendee,9.6
ATT-000596,1124726435,EVT-0029,2023-10-09,attendee,6.6
ATT-000597,1129206672,EVT-0029,2023-10-09,attendee,6.3
ATT-000598,1133042691,EVT-0029,2023-10-09,attendee,5.3
ATT-000599,1144669185,EVT-0029,2023-10-09,attendee,8.0
ATT-000600,1213511599,EVT-0029,2023-10-09,attendee,4.6
ATT-000601,1257723886,EVT-0029,2023-10-09,attendee,7.3
ATT-000602,1315385710,EVT-0029,2023-10-09,attendee,9.9
ATT-000603,1324722952,EVT-0029,2023-10-09,attendee,4.5
ATT-000604,1326516303,EVT-0029,2023-10-09,attendee,8.4
ATT-000605,1327009084,EVT-0029,2023-10-09,attendee,7.6
ATT-000606,1330156328,EVT-0029,2023-10-09,attendee,6.0
ATT-DUP-00046,1330156328,EVT-0029,2023-10-09,attendee,6.0
ATT-000607,1398789739,EVT-0029,2023-10-09,attendee,6.8
ATT-000608,1425340662,EVT-0029,2023-10-09,attendee,6.1
ATT-000609,1435662964,EVT-0029,2023-10-09,attendee,5.8
ATT-000610,1475115246,EVT-0029,2023-10-09,attendee,6.6
ATT-000611,1523987174,EVT-0029,2023-10-09,attendee,7.0
ATT-000612,1645233598,EVT-0029,2023-10-09,attendee,7.7
ATT-000613,1648553570,EVT-0029,2023-10-09,attendee,6.4
ATT-000614,1666389063,EVT-0029,2023-10-09,attendee,3.8
ATT-000615,1681501296,EVT-0029,2023-10-09,attendee,4.3
ATT-000616,1689059347,EVT-0029,2023-10-09,attendee,2.4
ATT-000617,1702497342,EVT-0029,2023-10-09,attendee,5.7
ATT-000618,1710163217,EVT-0029,2023-10-09,attendee,6.3
ATT-000619,1738903891,EVT-0029,2023-10-09,attendee,7.2
ATT-000620,1740626134,EVT-0029,2023-10-09,attendee,6.3
ATT-000621,1856406925,EVT-0029,2023-10-09,attendee,7.9
ATT-000622,1908168895,EVT-0029,2023-10-09,attendee,5.0
ATT-000623,1910188758,EVT-0029,2023-10-09,attendee,2.6
ATT-000624,1922670785,EVT-0029,2023-10-09,attendee,5.3
ATT-000625,1927430854,EVT-0029,2023-10-09,attendee,8.4
ATT-000627,1965727443,EVT-0029,2023-10-09,attendee,4.4
ATT-000628,1967802350,EVT-0029,2023-10-09,attendee,6.7
ATT-000629,1572650665,EVT-0029,2023-10-09,speaker,9.4
ATT-000630,1050705288,EVT-0030,2023-10-10,attendee,6.5
ATT-000631,1076376403,EVT-0030,2023-10-10,attendee,7.0
ATT-000632,1137408567,EVT-0030,2023-10-10,attendee,9.1
ATT-000633,1174145494,EVT-0030,2023-10-10,attendee,5.4
ATT-000634,1237205202,EVT-0030,2023-10-10,attendee,2.3
ATT-000635,1249657408,EVT-0030,2023-10-10,attendee,5.3
ATT-000636,1305686507,EVT-0030,2023-10-10,attendee,7.1
ATT-000637,1423753536,EVT-0030,2023-10-10,attendee,4.7
ATT-000638,1453128708,EVT-0030,2023-10-10,attendee,6.9
ATT-000639,1497642888,EVT-0030,2023-10-10,attendee,5.4
ATT-000640,1645233598,EVT-0030,2023-10-10,attendee,7.1
ATT-000641,1657025858,EVT-0030,2023-10-10,attendee,1.4
ATT-000642,1706645516,EVT-0030,2023-10-10,attendee,5.8
ATT-000643,1738903891,EVT-0030,2023-10-10,attendee,7.7
ATT-000644,1746046261,EVT-0030,2023-10-10,attendee,5.7
ATT-000645,1758794279,EVT-0030,2023-10-10,attendee,7.6
ATT-000646,1803502636,EVT-0030,2023-10-10,attendee,6.7
ATT-000647,1885387740,EVT-0030,2023-10-10,attendee,8.5
ATT-000648,1949335115,EVT-0030,2023-10-10,attendee,8.9
ATT-000649,1964945871,EVT-0030,2023-10-10,attendee,3.7
ATT-000650,1160652685,EVT-0030,2023-10-10,speaker,8.9
ATT-000626,1939785840,EVT-0029,2023-10-11,attendee,8.0
ATT-000651,1040239976,EVT-0031,2023-10-16,attendee,6.8
ATT-000652,1050705288,EVT-0031,2023-10-16,attendee,5.4
ATT-000653,1078096579,EVT-0031,2023-10-16,attendee,8.9
ATT-000654,1123148250,EVT-0031,2023-10-16,attendee,6.9
ATT-000655,1133130363,EVT-0031,2023-10-16,attendee,6.9
ATT-000656,1163199601,EVT-0031,2023-10-16,attendee,5.7
ATT-000657,1169238601,EVT-0031,2023-10-16,attendee,4.9
ATT-000658,1204787067,EVT-0031,2023-10-16,attendee,6.4
ATT-000659,1265952337,EVT-0031,2023-10-16,attendee,7.2
ATT-000660,1280087226,EVT-0031,2023-10-16,attendee,8.9
ATT-000661,1296552940,EVT-0031,2023-10-16,attendee,4.6
ATT-000662,1299418347,EVT-0031,2023-10-16,attendee,8.5
ATT-000663,1352578078,EVT-0031,2023-10-16,attendee,8.6
ATT-000664,1393791409,EVT-0031,2023-10-16,attendee,8.3
ATT-000665,1443520683,EVT-0031,2023-10-16,attendee,5.2
ATT-000666,1481247389,EVT-0031,2023-10-16,attendee,6.0
ATT-000667,1598661571,EVT-0031,2023-10-16,attendee,5.1
ATT-000668,1635476009,EVT-0031,2023-10-16,attendee,6.6
ATT-000669,1645233598,EVT-0031,2023-10-16,attendee,5.8
ATT-000670,1648553570,EVT-0031,2023-10-16,attendee,9.0
ATT-000671,1704331150,EVT-0031,2023-10-16,attendee,6.7
ATT-000672,1724092733,EVT-0031,2023-10-16,attendee,9.3
ATT-000673,1742859469,EVT-0031,2023-10-16,attendee,8.6
ATT-000674,1760628762,EVT-0031,2023-10-16,attendee,6.5
ATT-000675,1768225918,EVT-0031,2023-10-16,attendee,4.8
ATT-000676,1808310134,EVT-0031,2023-10-16,attendee,9.1
ATT-000677,1824172013,EVT-0031,2023-10-16,attendee,10.0
ATT-DUP-00177,1824172013,EVT-0031,2023-10-16,attendee,10.0
ATT-000678,1856406925,EVT-0031,2023-10-16,attendee,5.7
ATT-000679,1885189138,EVT-0031,2023-10-16,attendee,5.3
ATT-000680,1897395806,EVT-0031,2023-10-16,attendee,6.4
ATT-000681,1991291398,EVT-0031,2023-10-16,attendee,5.8
ATT-DUP-00040,1991291398,EVT-0031,2023-10-16,attendee,6.0
ATT-000682,1397150222,EVT-0031,2023-10-16,speaker,9.1
ATT-000683,1075036339,EVT-0032,2023-10-16,attendee,6.4
ATT-000684,1139166684,EVT-0032,2023-10-16,attendee,6.0
ATT-000685,1198262952,EVT-0032,2023-10-16,attendee,6.3
ATT-000686,1229022169,EVT-0032,2023-10-16,attendee,7.3
ATT-000687,1533003293,EVT-0032,2023-10-16,attendee,4.9
ATT-000688,1655727265,EVT-0032,2023-10-16,attendee,4.3
ATT-000689,1681501296,EVT-0032,2023-10-16,attendee,2.8
ATT-000690,1704308638,EVT-0032,2023-10-16,attendee,5.2
ATT-000691,1710487228,EVT-0032,2023-10-16,attendee,3.3
ATT-000692,1854852153,EVT-0032,2023-10-16,attendee,
ATT-000693,1889776344,EVT-0032,2023-10-16,attendee,5.8
ATT-000694,1138794031,EVT-0032,2023-10-16,speaker,9.4
ATT-000695,1025231352,EVT-0033,2023-10-20,attendee,6.9
ATT-000696,1044666919,EVT-0033,2023-10-20,attendee,6.1
ATT-000697,1050705288,EVT-0033,2023-10-20,attendee,7.4
ATT-DUP-00164,1050705288,EVT-0033,2023-10-20,attendee,7.4
ATT-000698,1098995024,EVT-0033,2023-10-20,attendee,
ATT-000699,1198262952,EVT-0033,2023-10-20,attendee,7.0
ATT-000700,1202669523,EVT-0033,2023-10-20,attendee,7.5
ATT-000701,1243754490,EVT-0033,2023-10-20,attendee,4.8
ATT-000702,1274985831,EVT-0033,2023-10-20,attendee,5.3
ATT-000703,1300654963,EVT-0033,2023-10-20,attendee,8.0
ATT-000704,1309371148,EVT-0033,2023-10-20,attendee,7.2
ATT-000705,1330156328,EVT-0033,2023-10-20,attendee,4.8
ATT-000706,1341556789,EVT-0033,2023-10-20,attendee,7.6
ATT-000707,1394609428,EVT-0033,2023-10-20,attendee,9.1
ATT-000708,1418997171,EVT-0033,2023-10-20,attendee,5.2
ATT-000709,1494868502,EVT-0033,2023-10-20,attendee,7.7
ATT-000710,1546151204,EVT-0033,2023-10-20,attendee,7.1
ATT-000711,1552813903,EVT-0033,2023-10-20,attendee,9.9
ATT-000712,1561159348,EVT-0033,2023-10-20,attendee,2.5
ATT-000713,1583696442,EVT-0033,2023-10-20,attendee,5.8
ATT-DUP-00168,1583696442,EVT-0033,2023-10-20,attendee,5.8
ATT-000714,1598661571,EVT-0033,2023-10-20,attendee,3.9
ATT-000715,1599989245,EVT-0033,2023-10-20,attendee,4.7
ATT-000716,1610177150,EVT-0033,2023-10-20,attendee,7.6
ATT-000717,1636376422,EVT-0033,2023-10-20,attendee,2.5
ATT-000718,1647196991,EVT-0033,2023-10-20,attendee,5.5
ATT-000719,1655727265,EVT-0033,2023-10-20,attendee,6.9
ATT-000720,1745601371,EVT-0033,2023-10-20,attendee,4.2
ATT-000721,1768831921,EVT-0033,2023-10-20,attendee,7.2
ATT-000722,1808310134,EVT-0033,2023-10-20,attendee,8.7
ATT-000723,1841791217,EVT-0033,2023-10-20,attendee,4.1
ATT-000724,1944079924,EVT-0033,2023-10-20,attendee,5.4
ATT-000725,1991291398,EVT-0033,2023-10-20,attendee,4.6
ATT-DUP-00002,1991291398,EVT-0033,2023-10-20,attendee,4.6
ATT-000726,1907128700,EVT-0033,2023-10-20,speaker,10.0
ATT-000727,1022312734,EVT-0034,2023-10-23,attendee,5.8
ATT-000728,1060922949,EVT-0034,2023-10-23,attendee,4.0
ATT-000729,1084471394,EVT-0034,2023-10-23,attendee,
ATT-000730,1180932224,EVT-0034,2023-10-23,attendee,5.4
ATT-000731,1190842652,EVT-0034,2023-10-23,attendee,5.5
ATT-000732,1263807582,EVT-0034,2023-10-23,attendee,9.6
ATT-000733,1280087226,EVT-0034,2023-10-23,attendee,9.6
ATT-000734,1315385710,EVT-0034,2023-10-23,attendee,7.7
ATT-000735,1355374483,EVT-0034,2023-10-23,attendee,9.0
ATT-000736,1377426493,EVT-0034,2023-10-23,attendee,6.2
ATT-000737,1423152481,EVT-0034,2023-10-23,attendee,6.5
ATT-000738,1425340662,EVT-0034,2023-10-23,attendee,7.7
ATT-000739,1425610817,EVT-0034,2023-10-23,attendee,7.6
ATT-000740,1455779946,EVT-0034,2023-10-23,attendee,8.3
ATT-000741,1456207657,EVT-0034,2023-10-23,attendee,7.7
ATT-000742,1488515010,EVT-0034,2023-10-23,attendee,6.5
ATT-000743,1546151204,EVT-0034,2023-10-23,attendee,6.6
ATT-000744,1567742360,EVT-0034,2023-10-23,attendee,6.6
ATT-000745,1613561947,EVT-0034,2023-10-23,attendee,8.1
ATT-000746,1644815767,EVT-0034,2023-10-23,attendee,8.0
ATT-000747,1721479586,EVT-0034,2023-10-23,attendee,5.2
ATT-000748,1742579091,EVT-0034,2023-10-23,attendee,8.6
ATT-000749,1752727945,EVT-0034,2023-10-23,attendee,6.5
ATT-000750,1776723276,EVT-0034,2023-10-23,attendee,7.5
ATT-000751,1806707737,EVT-0034,2023-10-23,attendee,6.0
ATT-000752,1808826295,EVT-0034,2023-10-23,attendee,6.5
ATT-000753,1824172013,EVT-0034,2023-10-23,attendee,7.6
ATT-000754,1903798589,EVT-0034,2023-10-23,attendee,7.0
ATT-000755,1927430854,EVT-0034,2023-10-23,attendee,7.6
ATT-000756,1937514325,EVT-0034,2023-10-23,attendee,6.4
ATT-DUP-00115,1937514325,EVT-0034,2023-10-23,attendee,6.4
ATT-000757,1955620046,EVT-0034,2023-10-23,attendee,5.6
ATT-000758,1954580399,EVT-0034,2023-10-23,speaker,9.9
ATT-000759,1002145427,EVT-0035,2023-10-26,attendee,7.5
ATT-000760,1018018261,EVT-0035,2023-10-26,attendee,6.1
ATT-000761,1022312734,EVT-0035,2023-10-26,attendee,3.8
ATT-000762,1048976678,EVT-0035,2023-10-26,attendee,9.6
ATT-000763,1057676243,EVT-0035,2023-10-26,attendee,6.8
ATT-000764,1080672524,EVT-0035,2023-10-26,attendee,3.9
ATT-000765,1101185407,EVT-0035,2023-10-26,attendee,8.0
ATT-000766,1133130363,EVT-0035,2023-10-26,attendee,6.8
ATT-000767,1138281740,EVT-0035,2023-10-26,attendee,7.2
ATT-DUP-00154,1138281740,EVT-0035,2023-10-26,attendee,6.9
ATT-000768,1144669185,EVT-0035,2023-10-26,attendee,6.7
ATT-000769,1145899849,EVT-0035,2023-10-26,attendee,7.6
ATT-000770,1159833825,EVT-0035,2023-10-26,attendee,8.7
ATT-000771,1166368237,EVT-0035,2023-10-26,attendee,4.8
ATT-000772,1180932224,EVT-0035,2023-10-26,attendee,5.7
ATT-000773,1190842652,EVT-0035,2023-10-26,attendee,4.4
ATT-000774,1191545544,EVT-0035,2023-10-26,attendee,8.3
ATT-000775,1227780172,EVT-0035,2023-10-26,attendee,7.9
ATT-000776,1263807582,EVT-0035,2023-10-26,attendee,6.3
ATT-000777,1297280590,EVT-0035,2023-10-26,attendee,6.6
ATT-000778,1316743925,EVT-0035,2023-10-26,attendee,7.3
ATT-000779,1413519731,EVT-0035,2023-10-26,attendee,9.7
ATT-000780,1418997171,EVT-0035,2023-10-26,attendee,5.7
ATT-000781,1436505063,EVT-0035,2023-10-26,attendee,6.4
ATT-000782,1456207657,EVT-0035,2023-10-26,attendee,8.2
ATT-000783,1484724632,EVT-0035,2023-10-26,attendee,7.9
ATT-000784,1511022174,EVT-0035,2023-10-26,attendee,6.7
ATT-000785,1523681389,EVT-0035,2023-10-26,attendee,8.2
ATT-000786,1535820066,EVT-0035,2023-10-26,attendee,7.0
ATT-000787,1592123891,EVT-0035,2023-10-26,attendee,9.3
ATT-000788,1613561947,EVT-0035,2023-10-26,attendee,6.8
ATT-000789,1639269087,EVT-0035,2023-10-26,attendee,6.8
ATT-000790,1806479196,EVT-0035,2023-10-26,attendee,8.4
ATT-000791,1812815243,EVT-0035,2023-10-26,attendee,7.6
ATT-DUP-00167,1812815243,EVT-0035,2023-10-26,attendee,7.6
ATT-000792,1832506087,EVT-0035,2023-10-26,attendee,7.5
ATT-000793,1848624494,EVT-0035,2023-10-26,attendee,10.0
ATT-000794,1862986803,EVT-0035,2023-10-26,attendee,6.1
ATT-DUP-00118,1862986803,EVT-0035,2023-10-26,attendee,6.1
ATT-000795,1908168895,EVT-0035,2023-10-26,attendee,5.4
ATT-000796,1922670785,EVT-0035,2023-10-26,attendee,5.8
ATT-000797,1937514325,EVT-0035,2023-10-26,attendee,8.3
ATT-000798,1367956301,EVT-0035,2023-10-26,speaker,9.0
ATT-000799,1002145427,EVT-0036,2023-10-28,attendee,7.3
ATT-000800,1018018261,EVT-0036,2023-10-28,attendee,5.0
ATT-000801,1065870788,EVT-0036,2023-10-28,attendee,3.9
ATT-000802,1133130363,EVT-0036,2023-10-28,attendee,7.4
ATT-000803,1180932224,EVT-0036,2023-10-28,attendee,7.4
ATT-000804,1268222167,EVT-0036,2023-10-28,attendee,4.9
ATT-000805,1280087226,EVT-0036,2023-10-28,attendee,10.0
ATT-000806,1284061300,EVT-0036,2023-10-28,attendee,6.0
ATT-000807,1385532449,EVT-0036,2023-10-28,attendee,7.1
ATT-000808,1397955463,EVT-0036,2023-10-28,attendee,7.3
ATT-000809,1425610817,EVT-0036,2023-10-28,attendee,6.6
ATT-000810,1456207657,EVT-0036,2023-10-28,attendee,6.8
ATT-000811,1456299035,EVT-0036,2023-10-28,attendee,3.3
ATT-DUP-00027,1456299035,EVT-0036,2023-10-28,attendee,3.3
ATT-000812,1484724632,EVT-0036,2023-10-28,attendee,7.0
ATT-000813,1489598965,EVT-0036,2023-10-28,attendee,5.1
ATT-000814,1506356074,EVT-0036,2023-10-28,attendee,2.2
ATT-000815,1535820066,EVT-0036,2023-10-28,attendee,7.4
ATT-000816,1590869917,EVT-0036,2023-10-28,attendee,9.7
ATT-000817,1610820601,EVT-0036,2023-10-28,attendee,4.6
ATT-000818,1615059528,EVT-0036,2023-10-28,attendee,5.5
ATT-000819,1665478461,EVT-0036,2023-10-28,attendee,8.9
ATT-000820,1707435529,EVT-0036,2023-10-28,attendee,6.7
ATT-000821,1732527431,EVT-0036,2023-10-28,attendee,8.3
ATT-000822,1747032997,EVT-0036,2023-10-28,attendee,6.8
ATT-000823,1808826295,EVT-0036,2023-10-28,attendee,8.6
ATT-000824,1812815243,EVT-0036,2023-10-28,attendee,6.7
ATT-000825,1815807585,EVT-0036,2023-10-28,attendee,7.4
ATT-000826,1848624494,EVT-0036,2023-10-28,attendee,6.3
ATT-000827,1922670785,EVT-0036,2023-10-28,attendee,7.2
ATT-000828,1927430854,EVT-0036,2023-10-28,attendee,7.5
ATT-DUP-00155,1927430854,EVT-0036,2023-10-28,attendee,7.3
ATT-000829,1749263335,EVT-0036,2023-10-28,speaker,9.1
ATT-000833,1139166684,EVT-0037,2023-10-29,attendee,
ATT-000830,1075036339,EVT-0037,2023-10-30,attendee,7.0
ATT-000831,1113023042,EVT-0037,2023-10-30,attendee,5.0
ATT-000832,1134509243,EVT-0037,2023-10-30,attendee,7.7
ATT-000834,1229022169,EVT-0037,2023-10-30,attendee,4.8
ATT-000835,1238983617,EVT-0037,2023-10-30,attendee,9.4
ATT-DUP-00170,1238983617,EVT-0037,2023-10-30,attendee,9.4
ATT-000836,1533003293,EVT-0037,2023-10-30,attendee,7.2
ATT-000837,1547244776,EVT-0037,2023-10-30,attendee,5.6
ATT-000838,1626268928,EVT-0037,2023-10-30,attendee,7.2
ATT-000839,1696606064,EVT-0037,2023-10-30,attendee,4.6
ATT-000840,1704308638,EVT-0037,2023-10-30,attendee,5.3
ATT-000841,1710487228,EVT-0037,2023-10-30,attendee,4.7
ATT-000842,1742859469,EVT-0037,2023-10-30,attendee,7.5
ATT-000843,1983357579,EVT-0037,2023-10-30,speaker,8.9
ATT-000844,1407931751,EVT-0038,2023-11-02,attendee,2.8
ATT-000845,1659738110,EVT-0038,2023-11-02,attendee,4.1
ATT-000846,1704492101,EVT-0038,2023-11-02,attendee,
ATT-000847,1737256036,EVT-0038,2023-11-02,attendee,6.5
ATT-000848,1893606271,EVT-0038,2023-11-02,attendee,6.9
ATT-DUP-00041,1893606271,EVT-0038,2023-11-02,attendee,6.9
ATT-000849,1218757361,EVT-0038,2023-11-02,speaker,10.0
ATT-000850,1025231352,EVT-0039,2023-11-03,attendee,7.8
ATT-000851,1025978341,EVT-0039,2023-11-03,attendee,5.6
ATT-000852,1031568581,EVT-0039,2023-11-03,attendee,5.4
ATT-000853,1159841240,EVT-0039,2023-11-03,attendee,10.0
ATT-000854,1198262952,EVT-0039,2023-11-03,attendee,9.3
ATT-000855,1199976907,EVT-0039,2023-11-03,attendee,6.0
ATT-000856,1229022169,EVT-0039,2023-11-03,attendee,
ATT-000857,1241711534,EVT-0039,2023-11-03,attendee,8.5
ATT-000858,1246066447,EVT-0039,2023-11-03,attendee,4.1
ATT-000859,1274985831,EVT-0039,2023-11-03,attendee,7.7
ATT-000860,1286477181,EVT-0039,2023-11-03,attendee,7.2
ATT-000861,1321405205,EVT-0039,2023-11-03,attendee,4.5
ATT-000862,1341556789,EVT-0039,2023-11-03,attendee,8.5
ATT-000863,1389159553,EVT-0039,2023-11-03,attendee,4.9
ATT-000864,1435949049,EVT-0039,2023-11-03,attendee,6.6
ATT-000865,1453128708,EVT-0039,2023-11-03,attendee,7.8
ATT-000866,1467704312,EVT-0039,2023-11-03,attendee,5.6
ATT-000867,1523498065,EVT-0039,2023-11-03,attendee,5.6
ATT-000868,1583696442,EVT-0039,2023-11-03,attendee,7.3
ATT-000869,1590869917,EVT-0039,2023-11-03,attendee,5.4
ATT-000870,1595774286,EVT-0039,2023-11-03,attendee,5.0
ATT-DUP-00134,1595774286,EVT-0039,2023-11-03,attendee,4.7
ATT-000871,1610177150,EVT-0039,2023-11-03,attendee,6.0
ATT-000872,1626268928,EVT-0039,2023-11-03,attendee,6.3
ATT-000873,1648626962,EVT-0039,2023-11-03,attendee,5.4
ATT-000874,1685524518,EVT-0039,2023-11-03,attendee,4.4
ATT-000875,1703413967,EVT-0039,2023-11-03,attendee,6.6
ATT-DUP-00057,1703413967,EVT-0039,2023-11-03,attendee,6.6
ATT-000876,1721479586,EVT-0039,2023-11-03,attendee,
ATT-000877,1738903891,EVT-0039,2023-11-03,attendee,6.8
ATT-DUP-00156,1738903891,EVT-0039,2023-11-03,attendee,6.8
ATT-000878,1750236147,EVT-0039,2023-11-03,attendee,8.4
ATT-000879,1758794279,EVT-0039,2023-11-03,attendee,6.6
ATT-000880,1768831921,EVT-0039,2023-11-03,attendee,7.1
ATT-000881,1806707737,EVT-0039,2023-11-03,attendee,8.6
ATT-000882,1901019392,EVT-0039,2023-11-03,attendee,8.0
ATT-000883,1944079924,EVT-0039,2023-11-03,attendee,8.9
ATT-000884,1955222058,EVT-0039,2023-11-03,attendee,6.6
ATT-000885,1616066910,EVT-0039,2023-11-03,speaker,9.4
ATT-000886,1094274762,EVT-0040,2023-11-05,attendee,6.4
ATT-000887,1101185407,EVT-0040,2023-11-05,attendee,8.2
ATT-DUP-00105,1101185407,EVT-0040,2023-11-05,attendee,7.6
ATT-000888,1124890801,EVT-0040,2023-11-05,attendee,
ATT-000889,1200480071,EVT-0040,2023-11-05,attendee,7.7
ATT-000890,1227780172,EVT-0040,2023-11-05,attendee,9.6
ATT-000891,1266945785,EVT-0040,2023-11-05,attendee,7.5
ATT-000892,1271768685,EVT-0040,2023-11-05,attendee,6.1
ATT-000893,1284061300,EVT-0040,2023-11-05,attendee,2.6
ATT-000894,1315385710,EVT-0040,2023-11-05,attendee,9.1
ATT-000895,1355374483,EVT-0040,2023-11-05,attendee,6.7
ATT-000896,1377426493,EVT-0040,2023-11-05,attendee,6.1
ATT-000897,1385532449,EVT-0040,2023-11-05,attendee,7.8
ATT-000898,1436505063,EVT-0040,2023-11-05,attendee,7.7
ATT-000899,1484724632,EVT-0040,2023-11-05,attendee,7.6
ATT-000900,1536278926,EVT-0040,2023-11-05,attendee,7.3
ATT-000901,1552813903,EVT-0040,2023-11-05,attendee,9.7
ATT-000902,1686880901,EVT-0040,2023-11-05,attendee,7.2
ATT-DUP-00162,1686880901,EVT-0040,2023-11-05,attendee,7.2
ATT-000903,1689916181,EVT-0040,2023-11-05,attendee,8.1
ATT-000904,1752727945,EVT-0040,2023-11-05,attendee,7.3
ATT-000905,1808826295,EVT-0040,2023-11-05,attendee,8.1
ATT-000906,1812815243,EVT-0040,2023-11-05,attendee,9.6
ATT-000907,1815807585,EVT-0040,2023-11-05,attendee,6.7
ATT-000908,1844747141,EVT-0040,2023-11-05,attendee,6.3
ATT-000909,1896554999,EVT-0040,2023-11-05,attendee,6.4
ATT-000910,1927430854,EVT-0040,2023-11-05,attendee,7.4
ATT-000911,1937514325,EVT-0040,2023-11-05,attendee,5.2
ATT-000912,1955620046,EVT-0040,2023-11-05,attendee,7.4
ATT-000913,1346135829,EVT-0040,2023-11-05,speaker,8.5
ATT-000914,1026722938,EVT-0041,2023-11-10,attendee,7.5
ATT-000915,1050705288,EVT-0041,2023-11-10,attendee,8.6
ATT-000916,1065091666,EVT-0041,2023-11-10,attendee,5.3
ATT-000917,1219516501,EVT-0041,2023-11-10,attendee,6.2
ATT-DUP-00133,1219516501,EVT-0041,2023-11-10,attendee,5.6
ATT-000918,1324237324,EVT-0041,2023-11-10,attendee,5.3
ATT-000919,1330156328,EVT-0041,2023-11-10,attendee,4.7
ATT-000920,1361521440,EVT-0041,2023-11-10,attendee,3.9
ATT-000921,1365873573,EVT-0041,2023-11-10,attendee,5.3
ATT-000922,1394609428,EVT-0041,2023-11-10,attendee,7.3
ATT-000923,1435662964,EVT-0041,2023-11-10,attendee,4.7
ATT-000924,1449048093,EVT-0041,2023-11-10,attendee,6.2
ATT-000925,1497642888,EVT-0041,2023-11-10,attendee,5.3
ATT-000926,1518121706,EVT-0041,2023-11-10,attendee,8.2
ATT-000927,1677860136,EVT-0041,2023-11-10,attendee,4.4
ATT-000928,1704331150,EVT-0041,2023-11-10,attendee,5.6
ATT-000929,1706991829,EVT-0041,2023-11-10,attendee,2.9
ATT-000930,1746046261,EVT-0041,2023-11-10,attendee,7.7
ATT-000931,1768225918,EVT-0041,2023-11-10,attendee,6.0
ATT-000932,1779411515,EVT-0041,2023-11-10,attendee,7.3
ATT-000933,1803502636,EVT-0041,2023-11-10,attendee,7.6
ATT-000934,1421582168,EVT-0041,2023-11-10,speaker,8.7
ATT-000945,1180932224,EVT-0042,2023-11-10,attendee,8.1
ATT-000935,1009179924,EVT-0042,2023-11-12,attendee,7.7
ATT-000936,1025978341,EVT-0042,2023-11-12,attendee,5.1
ATT-000937,1026722938,EVT-0042,2023-11-12,attendee,8.8
ATT-000938,1048976678,EVT-0042,2023-11-12,attendee,7.2
ATT-000939,1065455036,EVT-0042,2023-11-12,attendee,4.4
ATT-000940,1074076039,EVT-0042,2023-11-12,attendee,6.1
ATT-000941,1078096579,EVT-0042,2023-11-12,attendee,7.0
ATT-000942,1107038659,EVT-0042,2023-11-12,attendee,7.8
ATT-000943,1123148250,EVT-0042,2023-11-12,attendee,8.1
ATT-000944,1139166684,EVT-0042,2023-11-12,attendee,8.8
ATT-000946,1194203331,EVT-0042,2023-11-12,attendee,7.0
ATT-000947,1202669523,EVT-0042,2023-11-12,attendee,10.0
ATT-000948,1265952337,EVT-0042,2023-11-12,attendee,6.8
ATT-000949,1271768685,EVT-0042,2023-11-12,attendee,9.6
ATT-000950,1286477181,EVT-0042,2023-11-12,attendee,7.3
ATT-000951,1299418347,EVT-0042,2023-11-12,attendee,9.0
ATT-000952,1341556789,EVT-0042,2023-11-12,attendee,9.7
ATT-000953,1386514024,EVT-0042,2023-11-12,attendee,5.3
ATT-000954,1394609428,EVT-0042,2023-11-12,attendee,8.3
ATT-000955,1455779946,EVT-0042,2023-11-12,attendee,5.9
ATT-000956,1475115246,EVT-0042,2023-11-12,attendee,5.5
ATT-000957,1492077734,EVT-0042,2023-11-12,attendee,9.8
ATT-000958,1494868502,EVT-0042,2023-11-12,attendee,7.2
ATT-000959,1533003293,EVT-0042,2023-11-12,attendee,9.0
ATT-000960,1557944620,EVT-0042,2023-11-12,attendee,7.6
ATT-000961,1595774286,EVT-0042,2023-11-12,attendee,10.0
ATT-000962,1598661571,EVT-0042,2023-11-12,attendee,
ATT-000963,1648553570,EVT-0042,2023-11-12,attendee,6.4
ATT-000964,1670701188,EVT-0042,2023-11-12,attendee,8.4
ATT-000965,1683943777,EVT-0042,2023-11-12,attendee,7.9
ATT-000966,1713444978,EVT-0042,2023-11-12,attendee,6.2
ATT-000967,1714986282,EVT-0042,2023-11-12,attendee,6.3
ATT-000968,1719186219,EVT-0042,2023-11-12,attendee,3.6
ATT-000969,1727463709,EVT-0042,2023-11-12,attendee,5.7
ATT-000970,1747637738,EVT-0042,2023-11-12,attendee,5.9
ATT-DUP-00147,1747637738,EVT-0042,2023-11-12,attendee,5.9
ATT-000971,1814938340,EVT-0042,2023-11-12,attendee,6.3
ATT-000972,1824149854,EVT-0042,2023-11-12,attendee,7.2
ATT-000973,1840863041,EVT-0042,2023-11-12,attendee,6.1
ATT-000974,1848624494,EVT-0042,2023-11-12,attendee,5.7
ATT-000975,1880265578,EVT-0042,2023-11-12,attendee,3.0
ATT-000976,1880717263,EVT-0042,2023-11-12,attendee,8.4
ATT-000977,1713480105,EVT-0042,2023-11-12,speaker,8.9
ATT-000978,1025978341,EVT-0043,2023-11-12,attendee,7.0
ATT-000979,1137408567,EVT-0043,2023-11-12,attendee,8.2
ATT-000980,1257723886,EVT-0043,2023-11-12,attendee,7.4
ATT-000981,1324722952,EVT-0043,2023-11-12,attendee,4.7
ATT-000982,1361521440,EVT-0043,2023-11-12,attendee,6.4
ATT-000983,1394609428,EVT-0043,2023-11-12,attendee,8.3
ATT-000984,1583696442,EVT-0043,2023-11-12,attendee,4.9
ATT-000985,1703413967,EVT-0043,2023-11-12,attendee,1.6
ATT-000986,1704331150,EVT-0043,2023-11-12,attendee,5.3
ATT-000987,1749652321,EVT-0043,2023-11-12,attendee,4.4
ATT-000988,1779411515,EVT-0043,2023-11-12,attendee,
ATT-000989,1836314447,EVT-0043,2023-11-12,attendee,5.6
ATT-000990,1993463169,EVT-0043,2023-11-12,attendee,5.6
ATT-000991,1947002428,EVT-0043,2023-11-12,speaker,9.3
ATT-000992,1041585906,EVT-0044,2023-11-13,attendee,4.1
ATT-000993,1209464480,EVT-0044,2023-11-13,attendee,4.5
ATT-000994,1292975558,EVT-0044,2023-11-13,attendee,9.7
ATT-000995,1358245029,EVT-0044,2023-11-13,attendee,4.8
ATT-000996,1758206720,EVT-0044,2023-11-13,attendee,6.2
ATT-000997,1811081532,EVT-0044,2023-11-13,attendee,7.0
ATT-000998,1889545335,EVT-0044,2023-11-13,speaker,9.5
ATT-000999,1044666919,EVT-0045,2023-11-14,attendee,6.0
ATT-001000,1159841240,EVT-0045,2023-11-14,attendee,9.7
ATT-001001,1196385359,EVT-0045,2023-11-14,attendee,
ATT-001002,1398789739,EVT-0045,2023-11-14,attendee,6.5
ATT-001003,1413495239,EVT-0045,2023-11-14,attendee,6.9
ATT-001004,1592062677,EVT-0045,2023-11-14,attendee,
ATT-001005,1616418756,EVT-0045,2023-11-14,attendee,8.0
ATT-001006,1697719783,EVT-0045,2023-11-14,attendee,5.6
ATT-001007,1728890785,EVT-0045,2023-11-14,attendee,4.5
ATT-001008,1836939912,EVT-0045,2023-11-14,attendee,4.1
ATT-001009,1980975555,EVT-0045,2023-11-14,attendee,6.6
ATT-001010,1875587127,EVT-0045,2023-11-14,speaker,9.3
ATT-001011,1022312734,EVT-0046,2023-11-15,attendee,
ATT-DUP-00173,1022312734,EVT-0046,2023-11-15,attendee,4.0
ATT-001012,1036327983,EVT-0046,2023-11-15,attendee,5.9
ATT-001013,1044666919,EVT-0046,2023-11-15,attendee,6.7
ATT-001014,1050506165,EVT-0046,2023-11-15,attendee,6.1
ATT-001015,1075036339,EVT-0046,2023-11-15,attendee,5.1
ATT-001016,1075683551,EVT-0046,2023-11-15,attendee,6.8
ATT-001017,1084471394,EVT-0046,2023-11-15,attendee,
ATT-001018,1098995024,EVT-0046,2023-11-15,attendee,6.1
ATT-001019,1101185407,EVT-0046,2023-11-15,attendee,5.0
ATT-001020,1133130363,EVT-0046,2023-11-15,attendee,5.8
ATT-001021,1133616429,EVT-0046,2023-11-15,attendee,6.4
ATT-DUP-00061,1133616429,EVT-0046,2023-11-15,attendee,6.4
ATT-001022,1170846871,EVT-0046,2023-11-15,attendee,3.9
ATT-001023,1180932224,EVT-0046,2023-11-15,attendee,6.7
ATT-DUP-00039,1180932224,EVT-0046,2023-11-15,attendee,6.7
ATT-001024,1246066447,EVT-0046,2023-11-15,attendee,9.0
ATT-001025,1263807582,EVT-0046,2023-11-15,attendee,8.1
ATT-001026,1264333323,EVT-0046,2023-11-15,attendee,7.4
ATT-001027,1271768685,EVT-0046,2023-11-15,attendee,4.4
ATT-001028,1274985831,EVT-0046,2023-11-15,attendee,7.3
ATT-001029,1300832031,EVT-0046,2023-11-15,attendee,7.5
ATT-001030,1330017819,EVT-0046,2023-11-15,attendee,9.2
ATT-001031,1333393084,EVT-0046,2023-11-15,attendee,6.7
ATT-001032,1334266016,EVT-0046,2023-11-15,attendee,7.1
ATT-001033,1335670091,EVT-0046,2023-11-15,attendee,10.0
ATT-001034,1377426493,EVT-0046,2023-11-15,attendee,5.9
ATT-001035,1385532449,EVT-0046,2023-11-15,attendee,7.0
ATT-001036,1386514024,EVT-0046,2023-11-15,attendee,4.2
ATT-001037,1418997171,EVT-0046,2023-11-15,attendee,7.2
ATT-001038,1423152481,EVT-0046,2023-11-15,attendee,6.7
ATT-001039,1453128708,EVT-0046,2023-11-15,attendee,4.6
ATT-001040,1475115246,EVT-0046,2023-11-15,attendee,4.0
ATT-001041,1506356074,EVT-0046,2023-11-15,attendee,7.2
ATT-001042,1540759788,EVT-0046,2023-11-15,attendee,
ATT-001043,1595301304,EVT-0046,2023-11-15,attendee,6.2
ATT-001044,1610820601,EVT-0046,2023-11-15,attendee,4.4
ATT-001045,1616418756,EVT-0046,2023-11-15,attendee,8.5
ATT-001046,1635581279,EVT-0046,2023-11-15,attendee,
ATT-001047,1648553570,EVT-0046,2023-11-15,attendee,7.4
ATT-001048,1670701188,EVT-0046,2023-11-15,attendee,7.5
ATT-001049,1714986282,EVT-0046,2023-11-15,attendee,9.2
ATT-001050,1721479586,EVT-0046,2023-11-15,attendee,8.3
ATT-001051,1732527431,EVT-0046,2023-11-15,attendee,7.6
ATT-001052,1742579091,EVT-0046,2023-11-15,attendee,8.8
ATT-001053,1747032997,EVT-0046,2023-11-15,attendee,4.3
ATT-001054,1747637738,EVT-0046,2023-11-15,attendee,4.7
ATT-001055,1768225918,EVT-0046,2023-11-15,attendee,7.7
ATT-001056,1779411515,EVT-0046,2023-11-15,attendee,8.2
ATT-001057,1812815243,EVT-0046,2023-11-15,attendee,5.6
ATT-001058,1824172013,EVT-0046,2023-11-15,attendee,9.9
ATT-001059,1880717263,EVT-0046,2023-11-15,attendee,5.9
ATT-001060,1893020424,EVT-0046,2023-11-15,attendee,4.5
ATT-001061,1903798589,EVT-0046,2023-11-15,attendee,9.2
ATT-001062,1922670785,EVT-0046,2023-11-15,attendee,6.9
ATT-001063,1937514325,EVT-0046,2023-11-15,attendee,8.2
ATT-001064,1367956301,EVT-0046,2023-11-15,speaker,8.7
ATT-001065,1018018261,EVT-0047,2023-11-23,attendee,9.7
ATT-001066,1025231352,EVT-0047,2023-11-23,attendee,7.1
ATT-001067,1101185407,EVT-0047,2023-11-23,attendee,9.5
ATT-001068,1123148250,EVT-0047,2023-11-23,attendee,6.7
ATT-001069,1139166684,EVT-0047,2023-11-23,attendee,7.2
ATT-001070,1216575070,EVT-0047,2023-11-23,attendee,5.5
ATT-001071,1268222167,EVT-0047,2023-11-23,attendee,9.6
ATT-001072,1357524945,EVT-0047,2023-11-23,attendee,7.4
ATT-001073,1358245029,EVT-0047,2023-11-23,attendee,5.2
ATT-001074,1376656900,EVT-0047,2023-11-23,attendee,8.0
ATT-001075,1394609428,EVT-0047,2023-11-23,attendee,7.7
ATT-001076,1460081361,EVT-0047,2023-11-23,attendee,6.9
ATT-001077,1467704312,EVT-0047,2023-11-23,attendee,6.9
ATT-001078,1474100561,EVT-0047,2023-11-23,attendee,5.3
ATT-001079,1512844550,EVT-0047,2023-11-23,attendee,4.6
ATT-001080,1688976343,EVT-0047,2023-11-23,attendee,8.7
ATT-001081,1704492101,EVT-0047,2023-11-23,attendee,6.6
ATT-001082,1719186219,EVT-0047,2023-11-23,attendee,6.1
ATT-001083,1719574174,EVT-0047,2023-11-23,attendee,7.3
ATT-001084,1732527431,EVT-0047,2023-11-23,attendee,4.9
ATT-001085,1811081532,EVT-0047,2023-11-23,attendee,6.4
ATT-001086,1840863041,EVT-0047,2023-11-23,attendee,5.7
ATT-001087,1856406925,EVT-0047,2023-11-23,attendee,3.9
ATT-001088,1880717263,EVT-0047,2023-11-23,attendee,4.0
ATT-001089,1934829601,EVT-0047,2023-11-23,attendee,6.8
ATT-001090,1254492527,EVT-0047,2023-11-23,speaker,8.4
ATT-001091,1050705288,EVT-0048,2023-11-23,attendee,7.2
ATT-001092,1139166684,EVT-0048,2023-11-23,attendee,5.1
ATT-001093,1202669523,EVT-0048,2023-11-23,attendee,9.3
ATT-001094,1246066447,EVT-0048,2023-11-23,attendee,5.5
ATT-001095,1271768685,EVT-0048,2023-11-23,attendee,8.9
ATT-001096,1352578078,EVT-0048,2023-11-23,attendee,9.9
ATT-001097,1369172659,EVT-0048,2023-11-23,attendee,3.9
ATT-001098,1370467684,EVT-0048,2023-11-23,attendee,4.6
ATT-001099,1433980129,EVT-0048,2023-11-23,attendee,7.7
ATT-001100,1436505063,EVT-0048,2023-11-23,attendee,7.8
ATT-001101,1478412079,EVT-0048,2023-11-23,attendee,6.2
ATT-001102,1492077734,EVT-0048,2023-11-23,attendee,7.5
ATT-001103,1533003293,EVT-0048,2023-11-23,attendee,6.8
ATT-001104,1547112395,EVT-0048,2023-11-23,attendee,7.8
ATT-001105,1592062677,EVT-0048,2023-11-23,attendee,6.3
ATT-001106,1598661571,EVT-0048,2023-11-23,attendee,8.0
ATT-001107,1616418756,EVT-0048,2023-11-23,attendee,4.9
ATT-001108,1767249513,EVT-0048,2023-11-23,attendee,6.8
ATT-001109,1785764022,EVT-0048,2023-11-23,attendee,3.7
ATT-001110,1787619711,EVT-0048,2023-11-23,attendee,8.5
ATT-001111,1903798589,EVT-0048,2023-11-23,attendee,6.9
ATT-001112,1934763735,EVT-0048,2023-11-23,attendee,7.5
ATT-001113,1993367014,EVT-0048,2023-11-23,attendee,7.1
ATT-001114,1366051187,EVT-0048,2023-11-23,speaker,8.5
ATT-001151,1444774099,EVT-0051,2023-11-26,attendee,4.0
ATT-001115,1103232447,EVT-0049,2023-11-27,attendee,4.8
ATT-001116,1159841240,EVT-0049,2023-11-27,attendee,6.8
ATT-001117,1409867656,EVT-0049,2023-11-27,attendee,2.0
ATT-001119,1512844550,EVT-0049,2023-11-27,attendee,3.5
ATT-001120,1592062677,EVT-0049,2023-11-27,attendee,7.2
ATT-DUP-00073,1592062677,EVT-0049,2023-11-27,attendee,7.2
ATT-001121,1635476009,EVT-0049,2023-11-27,attendee,7.8
ATT-DUP-00158,1635476009,EVT-0049,2023-11-27,attendee,7.8
ATT-001122,1769764832,EVT-0049,2023-11-27,attendee,6.8
ATT-001123,1921646299,EVT-0049,2023-11-27,attendee,7.6
ATT-001124,1917761615,EVT-0049,2023-11-27,speaker,8.6
ATT-001125,1041585906,EVT-0050,2023-11-27,attendee,3.2
ATT-001126,1139166684,EVT-0050,2023-11-27,attendee,7.5
ATT-001127,1198262952,EVT-0050,2023-11-27,attendee,6.4
ATT-001128,1238983617,EVT-0050,2023-11-27,attendee,5.9
ATT-001129,1246448348,EVT-0050,2023-11-27,attendee,6.8
ATT-001130,1264333323,EVT-0050,2023-11-27,attendee,7.7
ATT-001131,1273912869,EVT-0050,2023-11-27,attendee,6.0
ATT-DUP-00022,1273912869,EVT-0050,2023-11-27,attendee,5.9
ATT-001132,1315385710,EVT-0050,2023-11-27,attendee,8.1
ATT-001133,1389574017,EVT-0050,2023-11-27,attendee,6.6
ATT-DUP-00026,1389574017,EVT-0050,2023-11-27,attendee,6.4
ATT-001134,1533003293,EVT-0050,2023-11-27,attendee,7.6
ATT-001135,1592123891,EVT-0050,2023-11-27,attendee,10.0
ATT-001136,1616839134,EVT-0050,2023-11-27,attendee,10.0
ATT-001137,1644815767,EVT-0050,2023-11-27,attendee,6.2
ATT-001138,1645233598,EVT-0050,2023-11-27,attendee,6.6
ATT-001139,1655727265,EVT-0050,2023-11-27,attendee,6.2
ATT-001140,1681501296,EVT-0050,2023-11-27,attendee,2.8
ATT-001141,1688976343,EVT-0050,2023-11-27,attendee,4.9
ATT-001142,1742859469,EVT-0050,2023-11-27,attendee,7.2
ATT-001143,1779411515,EVT-0050,2023-11-27,attendee,6.3
ATT-001144,1808826295,EVT-0050,2023-11-27,attendee,7.5
ATT-001145,1844747141,EVT-0050,2023-11-27,attendee,8.9
ATT-001146,1854852153,EVT-0050,2023-11-27,attendee,4.1
ATT-001147,1923786978,EVT-0050,2023-11-27,attendee,5.6
ATT-001148,1944079924,EVT-0050,2023-11-27,attendee,7.0
ATT-001149,1475353029,EVT-0050,2023-11-27,speaker,8.4
ATT-001150,1123148250,EVT-0051,2023-11-28,attendee,6.4
ATT-001152,1475115246,EVT-0051,2023-11-28,attendee,7.9
ATT-DUP-00180,1475115246,EVT-0051,2023-11-28,attendee,8.2
ATT-001153,1655321622,EVT-0051,2023-11-28,attendee,4.6
ATT-001154,1657725655,EVT-0051,2023-11-28,attendee,7.4
ATT-001155,1710163217,EVT-0051,2023-11-28,attendee,6.9
ATT-001156,1908127628,EVT-0051,2023-11-28,attendee,3.4
ATT-001157,1062661164,EVT-0051,2023-11-28,speaker,10.0
ATT-001118,1467704312,EVT-0049,2023-11-29,attendee,6.3
ATT-001158,1123148250,EVT-0052,2023-12-06,attendee,5.9
ATT-001159,1368009035,EVT-0052,2023-12-06,attendee,5.0
ATT-001160,1376656900,EVT-0052,2023-12-06,attendee,6.2
ATT-001161,1478412079,EVT-0052,2023-12-06,attendee,7.3
ATT-001162,1631526641,EVT-0052,2023-12-06,attendee,3.6
ATT-001163,1648553570,EVT-0052,2023-12-06,attendee,10.0
ATT-001164,1724092733,EVT-0052,2023-12-06,attendee,7.5
ATT-001165,1934829601,EVT-0052,2023-12-06,attendee,4.8
ATT-001166,1969108517,EVT-0052,2023-12-06,attendee,5.0
ATT-001167,1465875601,EVT-0052,2023-12-06,speaker,9.2
ATT-001168,1018018261,EVT-0053,2023-12-06,attendee,9.9
ATT-001169,1048976678,EVT-0053,2023-12-06,attendee,8.1
ATT-001170,1084919582,EVT-0053,2023-12-06,attendee,5.6
ATT-001171,1190842652,EVT-0053,2023-12-06,attendee,6.0
ATT-001172,1216575070,EVT-0053,2023-12-06,attendee,7.5
ATT-001173,1227780172,EVT-0053,2023-12-06,attendee,7.5
ATT-001174,1264333323,EVT-0053,2023-12-06,attendee,4.7
ATT-001175,1355374483,EVT-0053,2023-12-06,attendee,5.7
ATT-001176,1385532449,EVT-0053,2023-12-06,attendee,6.0
ATT-001177,1397955463,EVT-0053,2023-12-06,attendee,6.6
ATT-001178,1418997171,EVT-0053,2023-12-06,attendee,
ATT-001179,1423152481,EVT-0053,2023-12-06,attendee,7.2
ATT-001180,1456299035,EVT-0053,2023-12-06,attendee,7.0
ATT-001181,1567742360,EVT-0053,2023-12-06,attendee,8.3
ATT-001182,1615059528,EVT-0053,2023-12-06,attendee,2.5
ATT-001183,1635581279,EVT-0053,2023-12-06,attendee,6.2
ATT-001184,1639269087,EVT-0053,2023-12-06,attendee,7.9
ATT-001185,1686880901,EVT-0053,2023-12-06,attendee,7.3
ATT-001187,1721479586,EVT-0053,2023-12-06,attendee,7.1
ATT-001188,1725623817,EVT-0053,2023-12-06,attendee,10.0
ATT-001189,1808826295,EVT-0053,2023-12-06,attendee,5.0
ATT-DUP-00141,1808826295,EVT-0053,2023-12-06,attendee,5.0
ATT-001190,1812815243,EVT-0053,2023-12-06,attendee,7.9
ATT-001191,1815807585,EVT-0053,2023-12-06,attendee,8.2
ATT-001192,1877046932,EVT-0053,2023-12-06,attendee,5.2
ATT-001193,1922670785,EVT-0053,2023-12-06,attendee,7.7
ATT-001194,1927430854,EVT-0053,2023-12-06,attendee,9.3
ATT-001195,1961509027,EVT-0053,2023-12-06,attendee,5.6
ATT-001196,1406384093,EVT-0053,2023-12-06,speaker,9.0
ATT-001186,1689916181,EVT-0053,2023-12-07,attendee,8.1
ATT-001197,1011940271,EVT-0054,2023-12-08,attendee,3.5
ATT-001198,1025978341,EVT-0054,2023-12-08,attendee,8.0
ATT-001199,1026722938,EVT-0054,2023-12-08,attendee,8.7
ATT-DUP-00067,1026722938,EVT-0054,2023-12-08,attendee,8.7
ATT-001200,1050705288,EVT-0054,2023-12-08,attendee,5.2
ATT-001201,1136500869,EVT-0054,2023-12-08,attendee,9.2
ATT-001202,1137408567,EVT-0054,2023-12-08,attendee,8.3
ATT-001203,1267903205,EVT-0054,2023-12-08,attendee,8.3
ATT-001204,1330156328,EVT-0054,2023-12-08,attendee,5.9
ATT-001205,1361521440,EVT-0054,2023-12-08,attendee,8.5
ATT-001206,1394609428,EVT-0054,2023-12-08,attendee,8.7
ATT-001207,1435662964,EVT-0054,2023-12-08,attendee,4.6
ATT-001208,1551107307,EVT-0054,2023-12-08,attendee,5.2
ATT-DUP-00116,1551107307,EVT-0054,2023-12-08,attendee,5.2
ATT-001209,1704331150,EVT-0054,2023-12-08,attendee,7.1
ATT-001210,1717519684,EVT-0054,2023-12-08,attendee,6.2
ATT-001211,1779411515,EVT-0054,2023-12-08,attendee,7.3
ATT-001212,1880426881,EVT-0054,2023-12-08,attendee,4.7
ATT-001213,1885387740,EVT-0054,2023-12-08,attendee,4.9
ATT-001214,1042455315,EVT-0054,2023-12-08,speaker,9.3
ATT-001215,1031568581,EVT-0055,2023-12-18,attendee,6.5
ATT-001216,1050506165,EVT-0055,2023-12-18,attendee,6.4
ATT-001217,1075036339,EVT-0055,2023-12-18,attendee,4.2
ATT-001218,1113023042,EVT-0055,2023-12-18,attendee,5.7
ATT-001219,1139166684,EVT-0055,2023-12-18,attendee,5.6
ATT-001220,1204959187,EVT-0055,2023-12-18,attendee,5.3
ATT-001221,1238983617,EVT-0055,2023-12-18,attendee,8.1
ATT-001222,1250474354,EVT-0055,2023-12-18,attendee,5.9
ATT-001223,1262874856,EVT-0055,2023-12-18,attendee,4.1
ATT-001224,1389574017,EVT-0055,2023-12-18,attendee,4.9
ATT-001225,1433980129,EVT-0055,2023-12-18,attendee,7.5
ATT-001226,1474100561,EVT-0055,2023-12-18,attendee,3.2
ATT-001227,1533003293,EVT-0055,2023-12-18,attendee,4.4
ATT-001228,1647700669,EVT-0055,2023-12-18,attendee,1.0
ATT-001229,1696606064,EVT-0055,2023-12-18,attendee,7.7
ATT-001230,1704308638,EVT-0055,2023-12-18,attendee,4.5
ATT-001231,1742859469,EVT-0055,2023-12-18,attendee,6.6
ATT-001232,1761262934,EVT-0055,2023-12-18,attendee,6.5
ATT-001233,1880717263,EVT-0055,2023-12-18,attendee,4.4
ATT-001234,1889776344,EVT-0055,2023-12-18,attendee,9.7
ATT-001235,1734447604,EVT-0055,2023-12-18,speaker,8.9
ATT-001236,1169238601,EVT-0056,2023-12-26,attendee,5.8
ATT-001237,1265952337,EVT-0056,2023-12-26,attendee,9.2
ATT-001238,1286477181,EVT-0056,2023-12-26,attendee,8.4
ATT-001239,1341556789,EVT-0056,2023-12-26,attendee,8.5
ATT-001240,1361620622,EVT-0056,2023-12-26,attendee,3.8
ATT-001241,1460081361,EVT-0056,2023-12-26,attendee,
ATT-001242,1475115246,EVT-0056,2023-12-26,attendee,5.8
ATT-DUP-00089,1475115246,EVT-0056,2023-12-26,attendee,5.8
ATT-001243,1624547729,EVT-0056,2023-12-26,attendee,7.6
ATT-001244,1648553570,EVT-0056,2023-12-26,attendee,3.6
ATT-001245,1672904236,EVT-0056,2023-12-26,attendee,4.7
ATT-001246,1683943777,EVT-0056,2023-12-26,attendee,7.4
ATT-001247,1710163217,EVT-0056,2023-12-26,attendee,6.7
ATT-001248,1847562299,EVT-0056,2023-12-26,attendee,4.7
ATT-001249,1856406925,EVT-0056,2023-12-26,attendee,7.3
ATT-001250,1934829601,EVT-0056,2023-12-26,attendee,5.2
ATT-001251,1969108517,EVT-0056,2023-12-26,attendee,6.0
ATT-001252,1727100020,EVT-0056,2023-12-26,speaker,9.8
ATT-001253,1050705288,EVT-0057,2023-12-28,attendee,6.4
ATT-001254,1137408567,EVT-0057,2023-12-28,attendee,6.3
ATT-001255,1139166684,EVT-0057,2023-12-28,attendee,5.9
ATT-001256,1145899849,EVT-0057,2023-12-28,attendee,7.3
ATT-001257,1170846871,EVT-0057,2023-12-28,attendee,6.8
ATT-001258,1180932224,EVT-0057,2023-12-28,attendee,10.0
ATT-001259,1194203331,EVT-0057,2023-12-28,attendee,8.2
ATT-DUP-00094,1194203331,EVT-0057,2023-12-28,attendee,7.7
ATT-001260,1223523766,EVT-0057,2023-12-28,attendee,1.8
ATT-001261,1227780172,EVT-0057,2023-12-28,attendee,4.3
ATT-001262,1271768685,EVT-0057,2023-12-28,attendee,8.0
ATT-001263,1374281198,EVT-0057,2023-12-28,attendee,6.3
ATT-001264,1425340662,EVT-0057,2023-12-28,attendee,3.7
ATT-001265,1456299035,EVT-0057,2023-12-28,attendee,6.1
ATT-001266,1484724632,EVT-0057,2023-12-28,attendee,8.1
ATT-001267,1509977165,EVT-0057,2023-12-28,attendee,6.4
ATT-001268,1566888198,EVT-0057,2023-12-28,attendee,4.8
ATT-001269,1567742360,EVT-0057,2023-12-28,attendee,7.7
ATT-DUP-00034,1567742360,EVT-0057,2023-12-28,attendee,7.7
ATT-001270,1621199177,EVT-0057,2023-12-28,attendee,6.5
ATT-001271,1639269087,EVT-0057,2023-12-28,attendee,6.8
ATT-001272,1688976343,EVT-0057,2023-12-28,attendee,8.7
ATT-001273,1725623817,EVT-0057,2023-12-28,attendee,8.7
ATT-001274,1785764022,EVT-0057,2023-12-28,attendee,2.5
ATT-001275,1812815243,EVT-0057,2023-12-28,attendee,7.9
ATT-001276,1848624494,EVT-0057,2023-12-28,attendee,8.9
ATT-001277,1922670785,EVT-0057,2023-12-28,attendee,7.9
ATT-001278,1927430854,EVT-0057,2023-12-28,attendee,7.3
ATT-001279,1955620046,EVT-0057,2023-12-28,attendee,8.4
ATT-001280,1991291398,EVT-0057,2023-12-28,attendee,6.9
ATT-001281,1262170503,EVT-0057,2023-12-28,speaker,8.7
ATT-001282,1019230758,EVT-0058,2023-12-30,attendee,4.4
ATT-001283,1044379984,EVT-0058,2023-12-30,attendee,6.2
ATT-001284,1085110611,EVT-0058,2023-12-30,attendee,5.2
ATT-001285,1133616429,EVT-0058,2023-12-30,attendee,7.3
ATT-001286,1244876920,EVT-0058,2023-12-30,attendee,2.4
ATT-001287,1467704312,EVT-0058,2023-12-30,attendee,4.6
ATT-001288,1616418756,EVT-0058,2023-12-30,attendee,7.5
ATT-001289,1635476009,EVT-0058,2023-12-30,attendee,6.8
ATT-001290,1769764832,EVT-0058,2023-12-30,attendee,4.5
ATT-001291,1555316755,EVT-0058,2023-12-30,speaker,10.0
ATT-001292,1199976907,EVT-0059,2024-01-02,attendee,5.9
ATT-001293,1246066447,EVT-0059,2024-01-02,attendee,6.9
ATT-001294,1274985831,EVT-0059,2024-01-02,attendee,6.6
ATT-001295,1279507085,EVT-0059,2024-01-02,attendee,5.2
ATT-001296,1386832996,EVT-0059,2024-01-02,attendee,5.8
ATT-001297,1598661571,EVT-0059,2024-01-02,attendee,4.7
ATT-001298,1616839134,EVT-0059,2024-01-02,attendee,6.0
ATT-001299,1647196991,EVT-0059,2024-01-02,attendee,6.7
ATT-001300,1808310134,EVT-0059,2024-01-02,attendee,
ATT-001301,1944079924,EVT-0059,2024-01-02,attendee,6.5
ATT-001302,1488840616,EVT-0059,2024-01-02,speaker,
ATT-001328,1423152481,EVT-0061,2024-01-03,attendee,8.3
ATT-001303,1050705288,EVT-0060,2024-01-04,attendee,7.3
ATT-001304,1065091666,EVT-0060,2024-01-04,attendee,6.7
ATT-001305,1076376403,EVT-0060,2024-01-04,attendee,9.1
ATT-001306,1136500869,EVT-0060,2024-01-04,attendee,3.9
ATT-001307,1364458855,EVT-0060,2024-01-04,attendee,8.0
ATT-001308,1449048093,EVT-0060,2024-01-04,attendee,4.8
ATT-001309,1453128708,EVT-0060,2024-01-04,attendee,7.8
ATT-001310,1455101661,EVT-0060,2024-01-04,attendee,6.4
ATT-001311,1666389063,EVT-0060,2024-01-04,attendee,1.8
ATT-001312,1677860136,EVT-0060,2024-01-04,attendee,5.7
ATT-DUP-00124,1677860136,EVT-0060,2024-01-04,attendee,5.1
ATT-001313,1703413967,EVT-0060,2024-01-04,attendee,8.2
ATT-001314,1738903891,EVT-0060,2024-01-04,attendee,6.6
ATT-001315,1898803444,EVT-0060,2024-01-04,attendee,4.0
ATT-001316,1949335115,EVT-0060,2024-01-04,attendee,8.2
ATT-001317,1757379494,EVT-0060,2024-01-04,speaker,8.9
ATT-001318,1084471394,EVT-0061,2024-01-04,attendee,5.8
ATT-001319,1101185407,EVT-0061,2024-01-04,attendee,7.9
ATT-001320,1138281740,EVT-0061,2024-01-04,attendee,6.8
ATT-001321,1170846871,EVT-0061,2024-01-04,attendee,5.5
ATT-001322,1216575070,EVT-0061,2024-01-04,attendee,7.7
ATT-001323,1271768685,EVT-0061,2024-01-04,attendee,5.9
ATT-001324,1296552940,EVT-0061,2024-01-04,attendee,2.6
ATT-001325,1315385710,EVT-0061,2024-01-04,attendee,9.8
ATT-001326,1397955463,EVT-0061,2024-01-04,attendee,9.2
ATT-001327,1418997171,EVT-0061,2024-01-04,attendee,6.9
ATT-001329,1451968915,EVT-0061,2024-01-04,attendee,6.4
ATT-001330,1526669415,EVT-0061,2024-01-04,attendee,6.1
ATT-001331,1639269087,EVT-0061,2024-01-04,attendee,5.9
ATT-001332,1689059347,EVT-0061,2024-01-04,attendee,6.1
ATT-001333,1689916181,EVT-0061,2024-01-04,attendee,
ATT-001334,1707435529,EVT-0061,2024-01-04,attendee,4.8
ATT-001335,1725623817,EVT-0061,2024-01-04,attendee,3.6
ATT-001336,1732527431,EVT-0061,2024-01-04,attendee,7.5
ATT-DUP-00131,1732527431,EVT-0061,2024-01-04,attendee,7.5
ATT-001337,1742100898,EVT-0061,2024-01-04,attendee,5.4
ATT-001338,1747032997,EVT-0061,2024-01-04,attendee,8.0
ATT-001339,1747637738,EVT-0061,2024-01-04,attendee,4.0
ATT-001340,1803233885,EVT-0061,2024-01-04,attendee,6.2
ATT-001341,1824172013,EVT-0061,2024-01-04,attendee,7.6
ATT-001342,1832506087,EVT-0061,2024-01-04,attendee,9.4
ATT-001343,1849328657,EVT-0061,2024-01-04,attendee,2.0
ATT-001344,1924355757,EVT-0061,2024-01-04,attendee,8.5
ATT-001345,1927430854,EVT-0061,2024-01-04,attendee,6.8
ATT-001346,1937514325,EVT-0061,2024-01-04,attendee,6.4
ATT-001347,1245726108,EVT-0061,2024-01-04,speaker,9.6
ATT-001348,1048976678,EVT-0062,2024-01-05,attendee,
ATT-001349,1050705288,EVT-0062,2024-01-05,attendee,6.3
ATT-001350,1076376403,EVT-0062,2024-01-05,attendee,7.8
ATT-001351,1132792726,EVT-0062,2024-01-05,attendee,6.0
ATT-001352,1159841240,EVT-0062,2024-01-05,attendee,7.5
ATT-001353,1169238601,EVT-0062,2024-01-05,attendee,4.6
ATT-001354,1190842652,EVT-0062,2024-01-05,attendee,8.2
ATT-001355,1204261733,EVT-0062,2024-01-05,attendee,9.9
ATT-001356,1219516501,EVT-0062,2024-01-05,attendee,9.1
ATT-001357,1229022169,EVT-0062,2024-01-05,attendee,7.4
ATT-001358,1250474354,EVT-0062,2024-01-05,attendee,6.4
ATT-001359,1358340028,EVT-0062,2024-01-05,attendee,7.5
ATT-001360,1389574017,EVT-0062,2024-01-05,attendee,3.7
ATT-001361,1397955463,EVT-0062,2024-01-05,attendee,9.1
ATT-001362,1475115246,EVT-0062,2024-01-05,attendee,6.8
ATT-001363,1645233598,EVT-0062,2024-01-05,attendee,6.4
ATT-001364,1670701188,EVT-0062,2024-01-05,attendee,7.2
ATT-001365,1688976343,EVT-0062,2024-01-05,attendee,6.6
ATT-001366,1702497342,EVT-0062,2024-01-05,attendee,7.7
ATT-001367,1704331150,EVT-0062,2024-01-05,attendee,7.1
ATT-001368,1836314447,EVT-0062,2024-01-05,attendee,6.3
ATT-001369,1880426881,EVT-0062,2024-01-05,attendee,7.2
ATT-001370,1719722377,EVT-0062,2024-01-05,speaker,9.7
ATT-001371,1002145427,EVT-0063,2024-01-08,attendee,6.9
ATT-001372,1048976678,EVT-0063,2024-01-08,attendee,7.1
ATT-001373,1050705288,EVT-0063,2024-01-08,attendee,7.2
ATT-001374,1133616429,EVT-0063,2024-01-08,attendee,7.0
ATT-001375,1159841240,EVT-0063,2024-01-08,attendee,8.6
ATT-001376,1180932224,EVT-0063,2024-01-08,attendee,8.1
ATT-001377,1189769080,EVT-0063,2024-01-08,attendee,
ATT-001378,1241711534,EVT-0063,2024-01-08,attendee,4.5
ATT-001379,1251567115,EVT-0063,2024-01-08,attendee,4.8
ATT-001380,1263807582,EVT-0063,2024-01-08,attendee,8.1
ATT-001381,1341556789,EVT-0063,2024-01-08,attendee,8.2
ATT-001382,1390939977,EVT-0063,2024-01-08,attendee,6.3
ATT-001383,1397955463,EVT-0063,2024-01-08,attendee,10.0
ATT-001384,1425340662,EVT-0063,2024-01-08,attendee,6.8
ATT-001385,1425610817,EVT-0063,2024-01-08,attendee,7.3
ATT-001386,1449331358,EVT-0063,2024-01-08,attendee,4.0
ATT-001387,1456207657,EVT-0063,2024-01-08,attendee,8.7
ATT-001388,1481247389,EVT-0063,2024-01-08,attendee,7.0
ATT-001389,1526669415,EVT-0063,2024-01-08,attendee,6.2
ATT-001390,1541422121,EVT-0063,2024-01-08,attendee,5.1
ATT-001391,1546151204,EVT-0063,2024-01-08,attendee,8.2
ATT-001392,1566888198,EVT-0063,2024-01-08,attendee,3.3
ATT-001393,1592123891,EVT-0063,2024-01-08,attendee,6.9
ATT-001394,1610177150,EVT-0063,2024-01-08,attendee,4.9
ATT-001395,1621199177,EVT-0063,2024-01-08,attendee,5.8
ATT-001396,1645233598,EVT-0063,2024-01-08,attendee,5.0
ATT-001397,1712965692,EVT-0063,2024-01-08,attendee,3.7
ATT-DUP-00031,1712965692,EVT-0063,2024-01-08,attendee,3.8
ATT-001398,1719574174,EVT-0063,2024-01-08,attendee,8.3
ATT-001399,1721479586,EVT-0063,2024-01-08,attendee,7.0
ATT-001400,1732527431,EVT-0063,2024-01-08,attendee,8.5
ATT-001401,1740047711,EVT-0063,2024-01-08,attendee,5.5
ATT-001402,1742579091,EVT-0063,2024-01-08,attendee,7.4
ATT-001403,1806479196,EVT-0063,2024-01-08,attendee,2.3
ATT-001404,1808826295,EVT-0063,2024-01-08,attendee,3.9
ATT-001405,1812815243,EVT-0063,2024-01-08,attendee,7.7
ATT-001406,1815807585,EVT-0063,2024-01-08,attendee,
ATT-001407,1836314447,EVT-0063,2024-01-08,attendee,6.5
ATT-001408,1908168895,EVT-0063,2024-01-08,attendee,5.4
ATT-001409,1922670785,EVT-0063,2024-01-08,attendee,6.3
ATT-001410,1924355757,EVT-0063,2024-01-08,attendee,8.5
ATT-001411,1927430854,EVT-0063,2024-01-08,attendee,8.3
ATT-001412,1989798412,EVT-0063,2024-01-08,attendee,5.9
ATT-001413,1767320793,EVT-0063,2024-01-08,speaker,9.9
ATT-001414,1074076039,EVT-0064,2024-01-09,attendee,7.8
ATT-001415,1202669523,EVT-0064,2024-01-09,attendee,6.3
ATT-001416,1265952337,EVT-0064,2024-01-09,attendee,6.0
ATT-001417,1300832031,EVT-0064,2024-01-09,attendee,5.3
ATT-001418,1443520683,EVT-0064,2024-01-09,attendee,5.4
ATT-001419,1460081361,EVT-0064,2024-01-09,attendee,7.3
ATT-001420,1492077734,EVT-0064,2024-01-09,attendee,7.9
ATT-001421,1516074709,EVT-0064,2024-01-09,attendee,4.3
ATT-001422,1631526641,EVT-0064,2024-01-09,attendee,7.3
ATT-DUP-00085,1631526641,EVT-0064,2024-01-09,attendee,7.3
ATT-001423,1648553570,EVT-0064,2024-01-09,attendee,6.9
ATT-001424,1670701188,EVT-0064,2024-01-09,attendee,6.8
ATT-001425,1732000645,EVT-0064,2024-01-09,attendee,6.5
ATT-001426,1787619711,EVT-0064,2024-01-09,attendee,7.4
ATT-001427,1934763735,EVT-0064,2024-01-09,attendee,5.0
ATT-001428,1934829601,EVT-0064,2024-01-09,attendee,4.5
ATT-001429,1646792071,EVT-0064,2024-01-09,speaker,8.5
ATT-001430,1002145427,EVT-0065,2024-01-09,attendee,7.7
ATT-001431,1026722938,EVT-0065,2024-01-09,attendee,6.8
ATT-001432,1040239976,EVT-0065,2024-01-09,attendee,4.8
ATT-001433,1101185407,EVT-0065,2024-01-09,attendee,7.9
ATT-001434,1136500869,EVT-0065,2024-01-09,attendee,3.6
ATT-001435,1137408567,EVT-0065,2024-01-09,attendee,7.5
ATT-001436,1144669185,EVT-0065,2024-01-09,attendee,6.5
ATT-001437,1198262952,EVT-0065,2024-01-09,attendee,5.3
ATT-001438,1213511599,EVT-0065,2024-01-09,attendee,9.7
ATT-001439,1259584955,EVT-0065,2024-01-09,attendee,4.5
ATT-DUP-00068,1259584955,EVT-0065,2024-01-09,attendee,4.5
ATT-001440,1271768685,EVT-0065,2024-01-09,attendee,9.8
ATT-001441,1287287258,EVT-0065,2024-01-09,attendee,7.6
ATT-001442,1293643247,EVT-0065,2024-01-09,attendee,7.1
ATT-001443,1330017819,EVT-0065,2024-01-09,attendee,8.9
ATT-001444,1335670091,EVT-0065,2024-01-09,attendee,5.3
ATT-DUP-00144,1335670091,EVT-0065,2024-01-09,attendee,5.3
ATT-001445,1385532449,EVT-0065,2024-01-09,attendee,9.5
ATT-001446,1394609428,EVT-0065,2024-01-09,attendee,8.6
ATT-001447,1425340662,EVT-0065,2024-01-09,attendee,8.8
ATT-001448,1436505063,EVT-0065,2024-01-09,attendee,5.8
ATT-001449,1523498065,EVT-0065,2024-01-09,attendee,7.0
ATT-001450,1523681389,EVT-0065,2024-01-09,attendee,6.4
ATT-001451,1555906795,EVT-0065,2024-01-09,attendee,5.3
ATT-001452,1685524518,EVT-0065,2024-01-09,attendee,6.0
ATT-001453,1689916181,EVT-0065,2024-01-09,attendee,7.7
ATT-001454,1752727945,EVT-0065,2024-01-09,attendee,7.0
ATT-001455,1768225918,EVT-0065,2024-01-09,attendee,6.4
ATT-001456,1824172013,EVT-0065,2024-01-09,attendee,6.3
ATT-001457,1840863041,EVT-0065,2024-01-09,attendee,8.4
ATT-001458,1848624494,EVT-0065,2024-01-09,attendee,5.4
ATT-001459,1856406925,EVT-0065,2024-01-09,attendee,8.2
ATT-001460,1856601467,EVT-0065,2024-01-09,attendee,6.7
ATT-001461,1934829601,EVT-0065,2024-01-09,attendee,8.3
ATT-001463,1989798412,EVT-0065,2024-01-09,attendee,8.5
ATT-DUP-00104,1989798412,EVT-0065,2024-01-09,attendee,8.3
ATT-001464,1883526315,EVT-0065,2024-01-09,speaker,8.1
ATT-001462,1969108517,EVT-0065,2024-01-11,attendee,5.2
ATT-001465,1025231352,EVT-0066,2024-01-11,attendee,7.3
ATT-001466,1199976907,EVT-0066,2024-01-11,attendee,6.5
ATT-001467,1352702876,EVT-0066,2024-01-11,attendee,4.7
ATT-001468,1386832996,EVT-0066,2024-01-11,attendee,5.3
ATT-DUP-00130,1386832996,EVT-0066,2024-01-11,attendee,5.3
ATT-001469,1393791409,EVT-0066,2024-01-11,attendee,6.2
ATT-001470,1428792083,EVT-0066,2024-01-11,attendee,4.3
ATT-DUP-00025,1428792083,EVT-0066,2024-01-11,attendee,4.3
ATT-001471,1519182780,EVT-0066,2024-01-11,attendee,4.4
ATT-001472,1590337907,EVT-0066,2024-01-11,attendee,8.0
ATT-001473,1598661571,EVT-0066,2024-01-11,attendee,7.6
ATT-DUP-00079,1598661571,EVT-0066,2024-01-11,attendee,7.7
ATT-001474,1647196991,EVT-0066,2024-01-11,attendee,6.6
ATT-001475,1847082322,EVT-0066,2024-01-11,attendee,6.3
ATT-001476,1944079924,EVT-0066,2024-01-11,attendee,7.1
ATT-001477,1835339551,EVT-0066,2024-01-11,speaker,9.6
ATT-001478,1031568581,EVT-0067,2024-01-20,attendee,4.4
ATT-001479,1031907094,EVT-0067,2024-01-20,attendee,6.7
ATT-001480,1050705288,EVT-0067,2024-01-20,attendee,5.7
ATT-001481,1101185407,EVT-0067,2024-01-20,attendee,6.3
ATT-001482,1139166684,EVT-0067,2024-01-20,attendee,7.6
ATT-001483,1159841240,EVT-0067,2024-01-20,attendee,9.0
ATT-001484,1180932224,EVT-0067,2024-01-20,attendee,8.5
ATT-DUP-00009,1180932224,EVT-0067,2024-01-20,attendee,8.5
ATT-001485,1190842652,EVT-0067,2024-01-20,attendee,3.0
ATT-001486,1194203331,EVT-0067,2024-01-20,attendee,7.2
ATT-001487,1249657408,EVT-0067,2024-01-20,attendee,7.2
ATT-001488,1262874856,EVT-0067,2024-01-20,attendee,6.5
ATT-001489,1315385710,EVT-0067,2024-01-20,attendee,8.3
ATT-001490,1326905712,EVT-0067,2024-01-20,attendee,7.2
ATT-001491,1330017819,EVT-0067,2024-01-20,attendee,8.9
ATT-001492,1375349903,EVT-0067,2024-01-20,attendee,4.3
ATT-001493,1389574017,EVT-0067,2024-01-20,attendee,4.0
ATT-001494,1567993435,EVT-0067,2024-01-20,attendee,9.0
ATT-001495,1599989245,EVT-0067,2024-01-20,attendee,7.0
ATT-001496,1613561947,EVT-0067,2024-01-20,attendee,5.9
ATT-001498,1644815767,EVT-0067,2024-01-20,attendee,7.1
ATT-001499,1647700669,EVT-0067,2024-01-20,attendee,3.1
ATT-001500,1703413967,EVT-0067,2024-01-20,attendee,4.7
ATT-001501,1707435529,EVT-0067,2024-01-20,attendee,7.2
ATT-001502,1806479196,EVT-0067,2024-01-20,attendee,
ATT-001503,1812815243,EVT-0067,2024-01-20,attendee,10.0
ATT-001504,1937514325,EVT-0067,2024-01-20,attendee,6.2
ATT-001505,1955620046,EVT-0067,2024-01-20,attendee,6.8
ATT-001506,1993463169,EVT-0067,2024-01-20,attendee,8.2
ATT-001507,1147656700,EVT-0067,2024-01-20,speaker,8.9
ATT-001497,1636376422,EVT-0067,2024-01-21,attendee,6.0
ATT-001508,1031568581,EVT-0068,2024-01-26,attendee,5.1
ATT-001509,1044666919,EVT-0068,2024-01-26,attendee,6.9
ATT-001510,1050705288,EVT-0068,2024-01-26,attendee,8.9
ATT-001511,1058647219,EVT-0068,2024-01-26,attendee,5.2
ATT-001512,1075036339,EVT-0068,2024-01-26,attendee,4.7
ATT-001513,1123148250,EVT-0068,2024-01-26,attendee,5.8
ATT-001514,1126098163,EVT-0068,2024-01-26,attendee,8.7
ATT-001515,1139166684,EVT-0068,2024-01-26,attendee,6.5
ATT-001516,1198262952,EVT-0068,2024-01-26,attendee,7.6
ATT-001517,1238983617,EVT-0068,2024-01-26,attendee,8.9
ATT-001518,1264333323,EVT-0068,2024-01-26,attendee,9.1
ATT-001519,1389574017,EVT-0068,2024-01-26,attendee,9.6
ATT-001520,1393791409,EVT-0068,2024-01-26,attendee,4.4
ATT-001521,1397955463,EVT-0068,2024-01-26,attendee,8.1
ATT-001522,1409867656,EVT-0068,2024-01-26,attendee,3.9
ATT-001523,1413519731,EVT-0068,2024-01-26,attendee,7.8
ATT-001524,1423152481,EVT-0068,2024-01-26,attendee,7.2
ATT-001525,1533003293,EVT-0068,2024-01-26,attendee,5.3
ATT-001526,1547244776,EVT-0068,2024-01-26,attendee,6.2
ATT-001527,1592062677,EVT-0068,2024-01-26,attendee,4.4
ATT-001528,1592123891,EVT-0068,2024-01-26,attendee,7.2
ATT-001529,1610177150,EVT-0068,2024-01-26,attendee,
ATT-001530,1630629040,EVT-0068,2024-01-26,attendee,7.2
ATT-001531,1728890785,EVT-0068,2024-01-26,attendee,5.9
ATT-001532,1738903891,EVT-0068,2024-01-26,attendee,4.9
ATT-001533,1745601371,EVT-0068,2024-01-26,attendee,5.5
ATT-001534,1836314447,EVT-0068,2024-01-26,attendee,3.5
ATT-001535,1840863041,EVT-0068,2024-01-26,attendee,8.2
ATT-001536,1893020424,EVT-0068,2024-01-26,attendee,3.7
ATT-001537,1922670785,EVT-0068,2024-01-26,attendee,7.1
ATT-001538,1927430854,EVT-0068,2024-01-26,attendee,7.8
ATT-001539,1968209027,EVT-0068,2024-01-26,attendee,5.5
ATT-001540,1820307894,EVT-0068,2024-01-26,speaker,9.8
ATT-001541,1018018261,EVT-0069,2024-01-28,attendee,7.9
ATT-001542,1048976678,EVT-0069,2024-01-28,attendee,6.9
ATT-001543,1084471394,EVT-0069,2024-01-28,attendee,7.8
ATT-001544,1084919582,EVT-0069,2024-01-28,attendee,9.3
ATT-001545,1133130363,EVT-0069,2024-01-28,attendee,7.0
ATT-001546,1139166684,EVT-0069,2024-01-28,attendee,5.5
ATT-001547,1169614082,EVT-0069,2024-01-28,attendee,4.7
ATT-001548,1213511599,EVT-0069,2024-01-28,attendee,8.7
ATT-001549,1216575070,EVT-0069,2024-01-28,attendee,6.0
ATT-001550,1219516501,EVT-0069,2024-01-28,attendee,7.0
ATT-001551,1229022169,EVT-0069,2024-01-28,attendee,4.2
ATT-001552,1251567115,EVT-0069,2024-01-28,attendee,4.5
ATT-001553,1264333323,EVT-0069,2024-01-28,attendee,7.9
ATT-001554,1271463741,EVT-0069,2024-01-28,attendee,7.3
ATT-001555,1315385710,EVT-0069,2024-01-28,attendee,10.0
ATT-001556,1335670091,EVT-0069,2024-01-28,attendee,6.0
ATT-001557,1376656900,EVT-0069,2024-01-28,attendee,6.1
ATT-001558,1377426493,EVT-0069,2024-01-28,attendee,4.1
ATT-001559,1385532449,EVT-0069,2024-01-28,attendee,7.6
ATT-001560,1407459696,EVT-0069,2024-01-28,attendee,3.8
ATT-001561,1407931751,EVT-0069,2024-01-28,attendee,3.9
ATT-001562,1436505063,EVT-0069,2024-01-28,attendee,8.6
ATT-001563,1456207657,EVT-0069,2024-01-28,attendee,7.2
ATT-DUP-00072,1456207657,EVT-0069,2024-01-28,attendee,7.5
ATT-001564,1456299035,EVT-0069,2024-01-28,attendee,7.9
ATT-001565,1506746308,EVT-0069,2024-01-28,attendee,7.2
ATT-001566,1511022174,EVT-0069,2024-01-28,attendee,4.8
ATT-001567,1535820066,EVT-0069,2024-01-28,attendee,5.3
ATT-001568,1551962891,EVT-0069,2024-01-28,attendee,4.1
ATT-001569,1592123891,EVT-0069,2024-01-28,attendee,5.7
ATT-001570,1595774286,EVT-0069,2024-01-28,attendee,5.6
ATT-001571,1610177150,EVT-0069,2024-01-28,attendee,6.5
ATT-001572,1613561947,EVT-0069,2024-01-28,attendee,6.8
ATT-001573,1639269087,EVT-0069,2024-01-28,attendee,8.1
ATT-001574,1644815767,EVT-0069,2024-01-28,attendee,7.2
ATT-001575,1724092733,EVT-0069,2024-01-28,attendee,9.7
ATT-001576,1727463709,EVT-0069,2024-01-28,attendee,4.4
ATT-001577,1732527431,EVT-0069,2024-01-28,attendee,7.0
ATT-001578,1779411515,EVT-0069,2024-01-28,attendee,6.9
ATT-001579,1832506087,EVT-0069,2024-01-28,attendee,8.5
ATT-001580,1848624494,EVT-0069,2024-01-28,attendee,7.7
ATT-001581,1880717263,EVT-0069,2024-01-28,attendee,4.6
ATT-001582,1903798589,EVT-0069,2024-01-28,attendee,6.6
ATT-001583,1924355757,EVT-0069,2024-01-28,attendee,10.0
ATT-001584,1934829601,EVT-0069,2024-01-28,attendee,6.4
ATT-001585,1937514325,EVT-0069,2024-01-28,attendee,6.6
ATT-001586,1944079924,EVT-0069,2024-01-28,attendee,8.9
ATT-001587,1964945871,EVT-0069,2024-01-28,attendee,6.3
ATT-001588,1969108517,EVT-0069,2024-01-28,attendee,7.1
ATT-001589,1989798412,EVT-0069,2024-01-28,attendee,7.6
ATT-001590,1929302226,EVT-0069,2024-01-28,speaker,9.3
ATT-001591,1073902250,EVT-0070,2024-02-03,attendee,4.4
ATT-001592,1357524945,EVT-0070,2024-02-03,attendee,8.4
ATT-001593,1428792083,EVT-0070,2024-02-03,attendee,2.9
ATT-001594,1435949049,EVT-0070,2024-02-03,attendee,7.1
ATT-001595,1598661571,EVT-0070,2024-02-03,attendee,7.7
ATT-001596,1616839134,EVT-0070,2024-02-03,attendee,4.2
ATT-001597,1847082322,EVT-0070,2024-02-03,attendee,7.8
ATT-001598,1944079924,EVT-0070,2024-02-03,attendee,7.2
ATT-DUP-00165,1944079924,EVT-0070,2024-02-03,attendee,6.8
ATT-001599,1162375699,EVT-0070,2024-02-03,speaker,9.8
ATT-001600,1002145427,EVT-0071,2024-02-05,attendee,4.7
ATT-001601,1009179924,EVT-0071,2024-02-05,attendee,10.0
ATT-001602,1018018261,EVT-0071,2024-02-05,attendee,8.2
ATT-001603,1041585906,EVT-0071,2024-02-05,attendee,4.2
ATT-001604,1084471394,EVT-0071,2024-02-05,attendee,5.0
ATT-001605,1094274762,EVT-0071,2024-02-05,attendee,6.1
ATT-001606,1098995024,EVT-0071,2024-02-05,attendee,7.6
ATT-001607,1129206672,EVT-0071,2024-02-05,attendee,7.5
ATT-001608,1133130363,EVT-0071,2024-02-05,attendee,7.5
ATT-001609,1159301823,EVT-0071,2024-02-05,attendee,4.5
ATT-001610,1180932224,EVT-0071,2024-02-05,attendee,8.2
ATT-001611,1181854898,EVT-0071,2024-02-05,attendee,8.3
ATT-001612,1200096471,EVT-0071,2024-02-05,attendee,8.2
ATT-001613,1224230882,EVT-0071,2024-02-05,attendee,6.9
ATT-001614,1243754490,EVT-0071,2024-02-05,attendee,8.4
ATT-001615,1263807582,EVT-0071,2024-02-05,attendee,9.3
ATT-001616,1264333323,EVT-0071,2024-02-05,attendee,9.1
ATT-001617,1284061300,EVT-0071,2024-02-05,attendee,5.3
ATT-001618,1321405205,EVT-0071,2024-02-05,attendee,4.9
ATT-001619,1335670091,EVT-0071,2024-02-05,attendee,8.9
ATT-001620,1341556789,EVT-0071,2024-02-05,attendee,5.8
ATT-001621,1364458855,EVT-0071,2024-02-05,attendee,6.0
ATT-001622,1375349903,EVT-0071,2024-02-05,attendee,5.4
ATT-001623,1377426493,EVT-0071,2024-02-05,attendee,6.1
ATT-001624,1413519731,EVT-0071,2024-02-05,attendee,10.0
ATT-001625,1433980129,EVT-0071,2024-02-05,attendee,6.6
ATT-001626,1435662964,EVT-0071,2024-02-05,attendee,6.1
ATT-001627,1449331358,EVT-0071,2024-02-05,attendee,7.6
ATT-001628,1456299035,EVT-0071,2024-02-05,attendee,6.2
ATT-001629,1511022174,EVT-0071,2024-02-05,attendee,8.2
ATT-001630,1520551320,EVT-0071,2024-02-05,attendee,4.1
ATT-001631,1610177150,EVT-0071,2024-02-05,attendee,5.9
ATT-001632,1639269087,EVT-0071,2024-02-05,attendee,6.2
ATT-001633,1644815767,EVT-0071,2024-02-05,attendee,5.5
ATT-001634,1657035808,EVT-0071,2024-02-05,attendee,7.2
ATT-DUP-00121,1657035808,EVT-0071,2024-02-05,attendee,7.3
ATT-001635,1657725655,EVT-0071,2024-02-05,attendee,7.0
ATT-001636,1706991829,EVT-0071,2024-02-05,attendee,7.0
ATT-001637,1721479586,EVT-0071,2024-02-05,attendee,8.4
ATT-001638,1767249513,EVT-0071,2024-02-05,attendee,8.2
ATT-001639,1808826295,EVT-0071,2024-02-05,attendee,8.8
ATT-001640,1824172013,EVT-0071,2024-02-05,attendee,7.1
ATT-001641,1832506087,EVT-0071,2024-02-05,attendee,8.4
ATT-001642,1844747141,EVT-0071,2024-02-05,attendee,8.0
ATT-001643,1848624494,EVT-0071,2024-02-05,attendee,6.7
ATT-001644,1937514325,EVT-0071,2024-02-05,attendee,8.6
ATT-001645,1944079924,EVT-0071,2024-02-05,attendee,5.4
ATT-001646,1134966757,EVT-0071,2024-02-05,speaker,8.8
ATT-001653,1393791409,EVT-0072,2024-02-06,attendee,4.9
ATT-001647,1025231352,EVT-0072,2024-02-08,attendee,5.9
ATT-001648,1040239976,EVT-0072,2024-02-08,attendee,3.8
ATT-001649,1194203331,EVT-0072,2024-02-08,attendee,6.0
ATT-001650,1199976907,EVT-0072,2024-02-08,attendee,2.8
ATT-001651,1246066447,EVT-0072,2024-02-08,attendee,7.5
ATT-001652,1274985831,EVT-0072,2024-02-08,attendee,7.1
ATT-001654,1524065749,EVT-0072,2024-02-08,attendee,7.5
ATT-001655,1590337907,EVT-0072,2024-02-08,attendee,6.5
ATT-001656,1595774286,EVT-0072,2024-02-08,attendee,6.8
ATT-001657,1598661571,EVT-0072,2024-02-08,attendee,5.3
ATT-001658,1643343233,EVT-0072,2024-02-08,attendee,3.8
ATT-001659,1944079924,EVT-0072,2024-02-08,attendee,8.0
ATT-001660,1907128700,EVT-0072,2024-02-08,speaker,8.9
ATT-001661,1002145427,EVT-0073,2024-02-10,attendee,8.5
ATT-001662,1018018261,EVT-0073,2024-02-10,attendee,7.7
ATT-001663,1060922949,EVT-0073,2024-02-10,attendee,6.0
ATT-001664,1124726435,EVT-0073,2024-02-10,attendee,7.1
ATT-DUP-00148,1124726435,EVT-0073,2024-02-10,attendee,7.1
ATT-001665,1144669185,EVT-0073,2024-02-10,attendee,
ATT-001666,1169614082,EVT-0073,2024-02-10,attendee,5.7
ATT-001667,1180932224,EVT-0073,2024-02-10,attendee,7.4
ATT-001668,1200480071,EVT-0073,2024-02-10,attendee,7.7
ATT-001669,1213511599,EVT-0073,2024-02-10,attendee,
ATT-001670,1263807582,EVT-0073,2024-02-10,attendee,8.1
ATT-001671,1264333323,EVT-0073,2024-02-10,attendee,7.9
ATT-001672,1268222167,EVT-0073,2024-02-10,attendee,
ATT-001673,1271463741,EVT-0073,2024-02-10,attendee,5.2
ATT-001674,1280087226,EVT-0073,2024-02-10,attendee,8.9
ATT-001675,1287287258,EVT-0073,2024-02-10,attendee,8.7
ATT-001676,1300654963,EVT-0073,2024-02-10,attendee,8.1
ATT-001677,1315385710,EVT-0073,2024-02-10,attendee,5.4
ATT-001678,1385532449,EVT-0073,2024-02-10,attendee,7.2
ATT-001679,1413519731,EVT-0073,2024-02-10,attendee,9.7
ATT-001680,1418997171,EVT-0073,2024-02-10,attendee,7.6
ATT-001681,1425340662,EVT-0073,2024-02-10,attendee,7.4
ATT-001682,1456207657,EVT-0073,2024-02-10,attendee,7.6
ATT-001683,1456299035,EVT-0073,2024-02-10,attendee,5.8
ATT-001684,1484724632,EVT-0073,2024-02-10,attendee,7.7
ATT-001685,1509977165,EVT-0073,2024-02-10,attendee,8.1
ATT-001686,1546151204,EVT-0073,2024-02-10,attendee,6.3
ATT-001687,1552813903,EVT-0073,2024-02-10,attendee,7.5
ATT-001688,1595301304,EVT-0073,2024-02-10,attendee,7.5
ATT-001689,1635581279,EVT-0073,2024-02-10,attendee,6.0
ATT-001690,1639269087,EVT-0073,2024-02-10,attendee,7.7
ATT-001691,1689916181,EVT-0073,2024-02-10,attendee,7.6
ATT-001692,1721479586,EVT-0073,2024-02-10,attendee,5.7
ATT-001693,1732527431,EVT-0073,2024-02-10,attendee,8.9
ATT-001694,1740047711,EVT-0073,2024-02-10,attendee,5.2
ATT-001695,1803233885,EVT-0073,2024-02-10,attendee,6.4
ATT-001696,1808826295,EVT-0073,2024-02-10,attendee,9.1
ATT-001697,1812815243,EVT-0073,2024-02-10,attendee,8.4
ATT-001698,1848624494,EVT-0073,2024-02-10,attendee,5.9
ATT-001699,1862986803,EVT-0073,2024-02-10,attendee,4.8
ATT-001700,1924355757,EVT-0073,2024-02-10,attendee,7.1
ATT-001701,1927430854,EVT-0073,2024-02-10,attendee,10.0
ATT-001702,1955620046,EVT-0073,2024-02-10,attendee,7.5
ATT-001703,1619471448,EVT-0073,2024-02-10,speaker,8.8
ATT-001704,1018018261,EVT-0074,2024-02-13,attendee,9.1
ATT-001705,1048976678,EVT-0074,2024-02-13,attendee,8.5
ATT-DUP-00176,1048976678,EVT-0074,2024-02-13,attendee,8.5
ATT-001706,1065091666,EVT-0074,2024-02-13,attendee,7.8
ATT-001707,1107038659,EVT-0074,2024-02-13,attendee,5.7
ATT-001708,1136500869,EVT-0074,2024-02-13,attendee,8.2
ATT-001709,1139166684,EVT-0074,2024-02-13,attendee,6.2
ATT-001710,1361521440,EVT-0074,2024-02-13,attendee,6.4
ATT-001711,1362560363,EVT-0074,2024-02-13,attendee,4.0
ATT-001712,1364458855,EVT-0074,2024-02-13,attendee,7.1
ATT-001713,1394609428,EVT-0074,2024-02-13,attendee,9.1
ATT-001714,1435662964,EVT-0074,2024-02-13,attendee,5.1
ATT-001715,1473057747,EVT-0074,2024-02-13,attendee,5.8
ATT-001716,1536278926,EVT-0074,2024-02-13,attendee,8.6
ATT-001717,1590869917,EVT-0074,2024-02-13,attendee,8.5
ATT-001718,1598661571,EVT-0074,2024-02-13,attendee,7.3
ATT-001719,1644815767,EVT-0074,2024-02-13,attendee,
ATT-001720,1645233598,EVT-0074,2024-02-13,attendee,6.6
ATT-001721,1647700669,EVT-0074,2024-02-13,attendee,5.4
ATT-001722,1665478461,EVT-0074,2024-02-13,attendee,6.4
ATT-001723,1701585576,EVT-0074,2024-02-13,attendee,7.3
ATT-001724,1706991829,EVT-0074,2024-02-13,attendee,5.5
ATT-001725,1725623817,EVT-0074,2024-02-13,attendee,10.0
ATT-001726,1732914373,EVT-0074,2024-02-13,attendee,7.1
ATT-001727,1738903891,EVT-0074,2024-02-13,attendee,8.6
ATT-001728,1806707737,EVT-0074,2024-02-13,attendee,7.9
ATT-001729,1898803444,EVT-0074,2024-02-13,attendee,6.8
ATT-001730,1999506508,EVT-0074,2024-02-13,attendee,3.3
ATT-001731,1646133078,EVT-0074,2024-02-13,speaker,8.7
ATT-001732,1018018261,EVT-0075,2024-02-13,attendee,6.4
ATT-DUP-00142,1018018261,EVT-0075,2024-02-13,attendee,6.3
ATT-001733,1046736322,EVT-0075,2024-02-13,attendee,5.6
ATT-001734,1048976678,EVT-0075,2024-02-13,attendee,10.0
ATT-001735,1138281740,EVT-0075,2024-02-13,attendee,8.4
ATT-001736,1271768685,EVT-0075,2024-02-13,attendee,6.2
ATT-001737,1297280590,EVT-0075,2024-02-13,attendee,6.4
ATT-001738,1321405205,EVT-0075,2024-02-13,attendee,5.4
ATT-001739,1334266016,EVT-0075,2024-02-13,attendee,7.2
ATT-001740,1335670091,EVT-0075,2024-02-13,attendee,5.3
ATT-001741,1418997171,EVT-0075,2024-02-13,attendee,7.7
ATT-001742,1423152481,EVT-0075,2024-02-13,attendee,5.9
ATT-001743,1509977165,EVT-0075,2024-02-13,attendee,7.6
ATT-001744,1523498065,EVT-0075,2024-02-13,attendee,5.9
ATT-DUP-00005,1523498065,EVT-0075,2024-02-13,attendee,5.8
ATT-001745,1536278926,EVT-0075,2024-02-13,attendee,7.2
ATT-001746,1552813903,EVT-0075,2024-02-13,attendee,9.5
ATT-001747,1595301304,EVT-0075,2024-02-13,attendee,4.5
ATT-001748,1689059347,EVT-0075,2024-02-13,attendee,5.9
ATT-001749,1689916181,EVT-0075,2024-02-13,attendee,8.0
ATT-DUP-00172,1689916181,EVT-0075,2024-02-13,attendee,8.1
ATT-001750,1725623817,EVT-0075,2024-02-13,attendee,9.1
ATT-001751,1747032997,EVT-0075,2024-02-13,attendee,7.8
ATT-001752,1776723276,EVT-0075,2024-02-13,attendee,5.1
ATT-001753,1806707737,EVT-0075,2024-02-13,attendee,4.8
ATT-001754,1808826295,EVT-0075,2024-02-13,attendee,9.0
ATT-001755,1812815243,EVT-0075,2024-02-13,attendee,8.3
ATT-001756,1824172013,EVT-0075,2024-02-13,attendee,6.6
ATT-001757,1922670785,EVT-0075,2024-02-13,attendee,9.6
ATT-001758,1937514325,EVT-0075,2024-02-13,attendee,8.1
ATT-001759,1869092142,EVT-0075,2024-02-13,speaker,9.4
ATT-001760,1133616429,EVT-0076,2024-02-23,attendee,6.7
ATT-001762,1204261733,EVT-0076,2024-02-23,attendee,6.2
ATT-001763,1327009084,EVT-0076,2024-02-23,attendee,3.1
ATT-001764,1512844550,EVT-0076,2024-02-23,attendee,4.6
ATT-001765,1561159348,EVT-0076,2024-02-23,attendee,3.9
ATT-001766,1616418756,EVT-0076,2024-02-23,attendee,6.5
ATT-001767,1635476009,EVT-0076,2024-02-23,attendee,8.5
ATT-DUP-00137,1635476009,EVT-0076,2024-02-23,attendee,8.5
ATT-001768,1636376422,EVT-0076,2024-02-23,attendee,5.0
ATT-001769,1728890785,EVT-0076,2024-02-23,attendee,8.3
ATT-001770,1824149854,EVT-0076,2024-02-23,attendee,8.3
ATT-001771,1836939912,EVT-0076,2024-02-23,attendee,4.1
ATT-001772,1085394942,EVT-0076,2024-02-23,speaker,9.0
ATT-001761,1163199601,EVT-0076,2024-02-25,attendee,6.9
ATT-001773,1202669523,EVT-0077,2024-02-26,attendee,7.6
ATT-001774,1265952337,EVT-0077,2024-02-26,attendee,3.5
ATT-001775,1594466975,EVT-0077,2024-02-26,attendee,2.6
ATT-001776,1648553570,EVT-0077,2024-02-26,attendee,9.5
ATT-001777,1710163217,EVT-0077,2024-02-26,attendee,7.3
ATT-001778,1745601371,EVT-0077,2024-02-26,attendee,6.9
ATT-001779,1760628762,EVT-0077,2024-02-26,attendee,7.1
ATT-001780,1814938340,EVT-0077,2024-02-26,attendee,5.4
ATT-001781,1885189138,EVT-0077,2024-02-26,attendee,3.3
ATT-001782,1933607412,EVT-0077,2024-02-26,attendee,5.9
ATT-001783,1211781301,EVT-0077,2024-02-26,speaker,9.0
ATT-001784,1159841240,EVT-0078,2024-03-05,attendee,6.3
ATT-001785,1204261733,EVT-0078,2024-03-05,attendee,1.9
ATT-001786,1327009084,EVT-0078,2024-03-05,attendee,3.8
ATT-DUP-00019,1327009084,EVT-0078,2024-03-05,attendee,3.8
ATT-001787,1592062677,EVT-0078,2024-03-05,attendee,6.5
ATT-001788,1824149854,EVT-0078,2024-03-05,attendee,5.3
ATT-001789,1415915762,EVT-0078,2024-03-05,speaker,8.9
ATT-001790,1041585906,EVT-0079,2024-03-11,attendee,4.1
ATT-001791,1328056928,EVT-0079,2024-03-11,attendee,7.4
ATT-001792,1358245029,EVT-0079,2024-03-11,attendee,7.5
ATT-001793,1679256069,EVT-0079,2024-03-11,attendee,8.1
ATT-001794,1893606271,EVT-0079,2024-03-11,attendee,5.0
ATT-001795,1969914385,EVT-0079,2024-03-11,attendee,6.3
ATT-001796,1725198265,EVT-0079,2024-03-11,speaker,9.8
ATT-001797,1216532808,EVT-0080,2024-03-11,attendee,6.1
ATT-001798,1240190284,EVT-0080,2024-03-11,attendee,5.8
ATT-001799,1326516303,EVT-0080,2024-03-11,attendee,10.0
ATT-001800,1328056928,EVT-0080,2024-03-11,attendee,6.1
ATT-001801,1358245029,EVT-0080,2024-03-11,attendee,5.5
ATT-001802,1743613295,EVT-0080,2024-03-11,attendee,3.7
ATT-001803,1758206720,EVT-0080,2024-03-11,attendee,3.1
ATT-001804,1811081532,EVT-0080,2024-03-11,attendee,3.8
ATT-001805,1857629178,EVT-0080,2024-03-11,attendee,7.1
ATT-001806,1893606271,EVT-0080,2024-03-11,attendee,5.3
ATT-001807,1484037258,EVT-0080,2024-03-11,speaker,8.4
ATT-001808,1009179924,EVT-0081,2024-03-12,attendee,7.7
ATT-001809,1078096579,EVT-0081,2024-03-12,attendee,5.0
ATT-001810,1123148250,EVT-0081,2024-03-12,attendee,6.0
ATT-001811,1265952337,EVT-0081,2024-03-12,attendee,8.2
ATT-001812,1286477181,EVT-0081,2024-03-12,attendee,7.4
ATT-001813,1332369119,EVT-0081,2024-03-12,attendee,4.1
ATT-001814,1494868502,EVT-0081,2024-03-12,attendee,7.7
ATT-001815,1610177150,EVT-0081,2024-03-12,attendee,4.9
ATT-001817,1710163217,EVT-0081,2024-03-12,attendee,7.2
ATT-001818,1714986282,EVT-0081,2024-03-12,attendee,
ATT-001819,1715729269,EVT-0081,2024-03-12,attendee,8.2
ATT-001820,1732914373,EVT-0081,2024-03-12,attendee,4.2
ATT-001821,1897395806,EVT-0081,2024-03-12,attendee,3.5
ATT-001822,1933607412,EVT-0081,2024-03-12,attendee,6.2
ATT-001823,1934829601,EVT-0081,2024-03-12,attendee,8.9
ATT-001824,1955222058,EVT-0081,2024-03-12,attendee,2.4
ATT-001825,1822345694,EVT-0081,2024-03-12,speaker,9.8
ATT-001816,1670701188,EVT-0081,2024-03-13,attendee,6.8
ATT-001826,1246066447,EVT-0082,2024-03-21,attendee,7.3
ATT-001827,1595774286,EVT-0082,2024-03-21,attendee,6.0
ATT-001828,1598661571,EVT-0082,2024-03-21,attendee,6.7
ATT-001829,1638368260,EVT-0082,2024-03-21,attendee,5.5
ATT-001830,1944079924,EVT-0082,2024-03-21,attendee,9.5
ATT-001831,1972351286,EVT-0082,2024-03-21,speaker,9.3
ATT-001832,1018018261,EVT-0083,2024-03-26,attendee,8.1
ATT-001833,1025978341,EVT-0083,2024-03-26,attendee,7.0
ATT-001834,1040239976,EVT-0083,2024-03-26,attendee,6.8
ATT-001835,1065455036,EVT-0083,2024-03-26,attendee,4.4
ATT-001836,1101185407,EVT-0083,2024-03-26,attendee,7.5
ATT-001837,1123148250,EVT-0083,2024-03-26,attendee,7.6
ATT-001838,1124726435,EVT-0083,2024-03-26,attendee,8.9
ATT-001839,1133130363,EVT-0083,2024-03-26,attendee,8.8
ATT-001840,1166368237,EVT-0083,2024-03-26,attendee,6.7
ATT-001841,1198262952,EVT-0083,2024-03-26,attendee,7.8
ATT-001842,1213511599,EVT-0083,2024-03-26,attendee,8.3
ATT-001843,1263807582,EVT-0083,2024-03-26,attendee,9.6
ATT-001844,1265952337,EVT-0083,2024-03-26,attendee,4.6
ATT-001845,1299418347,EVT-0083,2024-03-26,attendee,7.6
ATT-001846,1418997171,EVT-0083,2024-03-26,attendee,9.2
ATT-DUP-00111,1418997171,EVT-0083,2024-03-26,attendee,9.3
ATT-001847,1481247389,EVT-0083,2024-03-26,attendee,6.4
ATT-001848,1520551320,EVT-0083,2024-03-26,attendee,7.1
ATT-001850,1595774286,EVT-0083,2024-03-26,attendee,6.3
ATT-001851,1616418756,EVT-0083,2024-03-26,attendee,6.8
ATT-001852,1645233598,EVT-0083,2024-03-26,attendee,9.7
ATT-001853,1655727265,EVT-0083,2024-03-26,attendee,4.6
ATT-001854,1672904236,EVT-0083,2024-03-26,attendee,8.9
ATT-001855,1688735228,EVT-0083,2024-03-26,attendee,7.4
ATT-001856,1725623817,EVT-0083,2024-03-26,attendee,7.1
ATT-001857,1738903891,EVT-0083,2024-03-26,attendee,9.0
ATT-001858,1768831921,EVT-0083,2024-03-26,attendee,4.3
ATT-DUP-00060,1768831921,EVT-0083,2024-03-26,attendee,4.3
ATT-001859,1806103952,EVT-0083,2024-03-26,attendee,5.6
ATT-001860,1877046932,EVT-0083,2024-03-26,attendee,8.8
ATT-001861,1889776344,EVT-0083,2024-03-26,attendee,5.0
ATT-001862,1897395806,EVT-0083,2024-03-26,attendee,6.1
ATT-001863,1922670785,EVT-0083,2024-03-26,attendee,6.6
ATT-001864,1924355757,EVT-0083,2024-03-26,attendee,7.8
ATT-001865,1944079924,EVT-0083,2024-03-26,attendee,8.6
ATT-001866,1989798412,EVT-0083,2024-03-26,attendee,7.4
ATT-001867,1570328496,EVT-0083,2024-03-26,speaker,9.4
ATT-001849,1524065749,EVT-0083,2024-03-27,attendee,3.2
ATT-001868,1009179924,EVT-0084,2024-03-27,attendee,7.5
ATT-001869,1123148250,EVT-0084,2024-03-27,attendee,4.0
ATT-001870,1246448348,EVT-0084,2024-03-27,attendee,4.2
ATT-001871,1369949932,EVT-0084,2024-03-27,attendee,6.2
ATT-001872,1376656900,EVT-0084,2024-03-27,attendee,5.8
ATT-001873,1492077734,EVT-0084,2024-03-27,attendee,6.9
ATT-DUP-00114,1492077734,EVT-0084,2024-03-27,attendee,7.0
ATT-001874,1631526641,EVT-0084,2024-03-27,attendee,6.7
ATT-001875,1648553570,EVT-0084,2024-03-27,attendee,8.7
ATT-001876,1710163217,EVT-0084,2024-03-27,attendee,3.0
ATT-001877,1760628762,EVT-0084,2024-03-27,attendee,
ATT-001878,1934829601,EVT-0084,2024-03-27,attendee,7.6
ATT-001879,1969108517,EVT-0084,2024-03-27,attendee,5.9
ATT-001880,1604279475,EVT-0084,2024-03-27,speaker,9.3
ATT-001881,1050506165,EVT-0085,2024-04-10,attendee,9.4
ATT-001882,1058647219,EVT-0085,2024-04-10,attendee,7.5
ATT-001883,1129206672,EVT-0085,2024-04-10,attendee,8.6
ATT-001884,1139166684,EVT-0085,2024-04-10,attendee,7.9
ATT-001885,1238983617,EVT-0085,2024-04-10,attendee,5.2
ATT-001886,1474100561,EVT-0085,2024-04-10,attendee,5.4
ATT-001887,1533003293,EVT-0085,2024-04-10,attendee,7.1
ATT-001888,1547244776,EVT-0085,2024-04-10,attendee,5.2
ATT-001889,1555906795,EVT-0085,2024-04-10,attendee,6.6
ATT-001890,1655727265,EVT-0085,2024-04-10,attendee,7.2
ATT-001891,1688976343,EVT-0085,2024-04-10,attendee,8.2
ATT-001892,1761262934,EVT-0085,2024-04-10,attendee,3.9
ATT-001893,1889776344,EVT-0085,2024-04-10,attendee,3.5
ATT-001894,1246428209,EVT-0085,2024-04-10,speaker,8.5
ATT-001895,1009179924,EVT-0086,2024-04-17,attendee,6.9
ATT-001896,1025978341,EVT-0086,2024-04-17,attendee,9.3
ATT-001897,1026722938,EVT-0086,2024-04-17,attendee,7.3
ATT-001898,1038444141,EVT-0086,2024-04-17,attendee,6.4
ATT-DUP-00071,1038444141,EVT-0086,2024-04-17,attendee,6.0
ATT-001899,1050705288,EVT-0086,2024-04-17,attendee,6.0
ATT-001900,1101185407,EVT-0086,2024-04-17,attendee,6.9
ATT-001901,1133130363,EVT-0086,2024-04-17,attendee,9.0
ATT-001902,1136500869,EVT-0086,2024-04-17,attendee,6.0
ATT-001903,1137408567,EVT-0086,2024-04-17,attendee,6.4
ATT-001904,1144669185,EVT-0086,2024-04-17,attendee,9.1
ATT-001905,1240190284,EVT-0086,2024-04-17,attendee,5.7
ATT-001906,1240393805,EVT-0086,2024-04-17,attendee,8.1
ATT-001907,1268222167,EVT-0086,2024-04-17,attendee,5.8
ATT-001908,1330156328,EVT-0086,2024-04-17,attendee,6.8
ATT-001909,1334793308,EVT-0086,2024-04-17,attendee,6.5
ATT-001910,1385532449,EVT-0086,2024-04-17,attendee,6.6
ATT-001911,1455101661,EVT-0086,2024-04-17,attendee,7.4
ATT-001912,1475115246,EVT-0086,2024-04-17,attendee,7.6
ATT-001913,1494868502,EVT-0086,2024-04-17,attendee,3.9
ATT-001914,1590337907,EVT-0086,2024-04-17,attendee,8.0
ATT-DUP-00049,1590337907,EVT-0086,2024-04-17,attendee,8.0
ATT-001915,1610429726,EVT-0086,2024-04-17,attendee,1.8
ATT-001916,1644815767,EVT-0086,2024-04-17,attendee,10.0
ATT-DUP-00055,1644815767,EVT-0086,2024-04-17,attendee,10.0
ATT-001917,1645233598,EVT-0086,2024-04-17,attendee,4.8
ATT-001918,1666389063,EVT-0086,2024-04-17,attendee,5.1
ATT-001919,1702497342,EVT-0086,2024-04-17,attendee,6.7
ATT-DUP-00030,1702497342,EVT-0086,2024-04-17,attendee,6.7
ATT-001920,1704331150,EVT-0086,2024-04-17,attendee,7.1
ATT-001921,1710163217,EVT-0086,2024-04-17,attendee,10.0
ATT-001922,1714292012,EVT-0086,2024-04-17,attendee,5.0
ATT-001923,1738903891,EVT-0086,2024-04-17,attendee,10.0
ATT-001924,1747032997,EVT-0086,2024-04-17,attendee,5.3
ATT-001925,1836939912,EVT-0086,2024-04-17,attendee,5.5
ATT-001926,1880265578,EVT-0086,2024-04-17,attendee,5.6
ATT-001927,1910188758,EVT-0086,2024-04-17,attendee,4.1
ATT-001928,1944079924,EVT-0086,2024-04-17,attendee,6.2
ATT-001929,1949335115,EVT-0086,2024-04-17,attendee,8.7
ATT-001930,1969108517,EVT-0086,2024-04-17,attendee,8.0
ATT-001931,1083964134,EVT-0086,2024-04-17,speaker,9.7
ATT-001932,1005067453,EVT-0087,2024-04-18,attendee,5.9
ATT-001933,1011940271,EVT-0087,2024-04-18,attendee,6.2
ATT-001934,1050705288,EVT-0087,2024-04-18,attendee,5.9
ATT-001935,1065091666,EVT-0087,2024-04-18,attendee,4.5
ATT-001936,1137408567,EVT-0087,2024-04-18,attendee,6.1
ATT-001937,1375349903,EVT-0087,2024-04-18,attendee,5.2
ATT-001938,1394609428,EVT-0087,2024-04-18,attendee,9.0
ATT-001939,1453128708,EVT-0087,2024-04-18,attendee,6.8
ATT-001940,1556860702,EVT-0087,2024-04-18,attendee,1.1
ATT-001941,1702497342,EVT-0087,2024-04-18,attendee,6.4
ATT-001942,1704331150,EVT-0087,2024-04-18,attendee,7.4
ATT-001943,1713444978,EVT-0087,2024-04-18,attendee,8.6
ATT-001944,1740626134,EVT-0087,2024-04-18,attendee,4.5
ATT-001945,1827318308,EVT-0087,2024-04-18,attendee,3.7
ATT-001946,1993463169,EVT-0087,2024-04-18,attendee,5.8
ATT-001947,1834127445,EVT-0087,2024-04-18,speaker,
ATT-001948,1025231352,EVT-0088,2024-04-18,attendee,10.0
ATT-001949,1040239976,EVT-0088,2024-04-18,attendee,7.0
ATT-DUP-00161,1040239976,EVT-0088,2024-04-18,attendee,7.0
ATT-001950,1246066447,EVT-0088,2024-04-18,attendee,9.7
ATT-001951,1595774286,EVT-0088,2024-04-18,attendee,9.0
ATT-001952,1610429726,EVT-0088,2024-04-18,attendee,3.8
ATT-001953,1647196991,EVT-0088,2024-04-18,attendee,6.0
ATT-DUP-00075,1647196991,EVT-0088,2024-04-18,attendee,6.0
ATT-001954,1808310134,EVT-0088,2024-04-18,attendee,4.6
ATT-001955,1944079924,EVT-0088,2024-04-18,attendee,4.2
ATT-001956,1480866635,EVT-0088,2024-04-18,speaker,9.0
ATT-001957,1209464480,EVT-0089,2024-04-19,attendee,5.3
ATT-001958,1216532808,EVT-0089,2024-04-19,attendee,4.3
ATT-001959,1240190284,EVT-0089,2024-04-19,attendee,5.6
ATT-001960,1328056928,EVT-0089,2024-04-19,attendee,5.7
ATT-001961,1719186219,EVT-0089,2024-04-19,attendee,5.2
ATT-001962,1811081532,EVT-0089,2024-04-19,attendee,3.5
ATT-001963,1840863041,EVT-0089,2024-04-19,attendee,7.7
ATT-001964,1854727892,EVT-0089,2024-04-19,speaker,9.6
ATT-001965,1041585906,EVT-0090,2024-04-21,attendee,6.7
ATT-001966,1240190284,EVT-0090,2024-04-21,attendee,7.4
ATT-001967,1292975558,EVT-0090,2024-04-21,attendee,7.0
ATT-001968,1486296159,EVT-0090,2024-04-21,attendee,
ATT-001969,1555114069,EVT-0090,2024-04-21,attendee,5.6
ATT-001970,1621842156,EVT-0090,2024-04-21,attendee,6.4
ATT-001971,1704492101,EVT-0090,2024-04-21,attendee,2.0
ATT-001972,1553755327,EVT-0090,2024-04-21,speaker,8.8
ATT-001979,1595774286,EVT-0091,2024-04-22,attendee,5.6
ATT-001973,1025231352,EVT-0091,2024-04-24,attendee,4.4
ATT-001974,1073902250,EVT-0091,2024-04-24,attendee,7.1
ATT-001975,1199976907,EVT-0091,2024-04-24,attendee,4.4
ATT-001976,1435949049,EVT-0091,2024-04-24,attendee,7.5
ATT-001977,1519182780,EVT-0091,2024-04-24,attendee,5.2
ATT-001978,1590337907,EVT-0091,2024-04-24,attendee,7.2
ATT-DUP-00023,1595774286,EVT-0091,2024-04-24,attendee,5.9
ATT-001980,1598661571,EVT-0091,2024-04-24,attendee,8.2
ATT-001981,1643343233,EVT-0091,2024-04-24,attendee,4.6
ATT-001982,1647196991,EVT-0091,2024-04-24,attendee,8.8
ATT-001983,1757283357,EVT-0091,2024-04-24,attendee,5.8
ATT-001984,1949931087,EVT-0091,2024-04-24,speaker,9.3
ATT-001985,1002145427,EVT-0092,2024-04-28,attendee,7.4
ATT-001986,1005067453,EVT-0092,2024-04-28,attendee,3.5
ATT-001987,1026722938,EVT-0092,2024-04-28,attendee,7.6
ATT-001988,1050705288,EVT-0092,2024-04-28,attendee,9.1
ATT-001989,1133616429,EVT-0092,2024-04-28,attendee,2.4
ATT-001990,1172835138,EVT-0092,2024-04-28,attendee,5.1
ATT-001991,1202669523,EVT-0092,2024-04-28,attendee,6.7
ATT-001992,1213511599,EVT-0092,2024-04-28,attendee,8.4
ATT-001993,1240190284,EVT-0092,2024-04-28,attendee,6.4
ATT-001994,1246066447,EVT-0092,2024-04-28,attendee,4.0
ATT-001995,1265952337,EVT-0092,2024-04-28,attendee,6.4
ATT-001996,1305686507,EVT-0092,2024-04-28,attendee,7.0
ATT-001997,1324722952,EVT-0092,2024-04-28,attendee,4.7
ATT-001998,1393791409,EVT-0092,2024-04-28,attendee,3.6
ATT-001999,1425340662,EVT-0092,2024-04-28,attendee,7.1
ATT-002000,1449331358,EVT-0092,2024-04-28,attendee,6.8
ATT-002001,1455101661,EVT-0092,2024-04-28,attendee,7.8
ATT-DUP-00113,1455101661,EVT-0092,2024-04-28,attendee,7.8
ATT-002002,1566888198,EVT-0092,2024-04-28,attendee,4.7
ATT-002003,1598661571,EVT-0092,2024-04-28,attendee,3.2
ATT-002004,1702497342,EVT-0092,2024-04-28,attendee,
ATT-002005,1704331150,EVT-0092,2024-04-28,attendee,8.4
ATT-002006,1713444978,EVT-0092,2024-04-28,attendee,6.3
ATT-002007,1738903891,EVT-0092,2024-04-28,attendee,8.0
ATT-002008,1749355669,EVT-0092,2024-04-28,attendee,4.1
ATT-002009,1769352273,EVT-0092,2024-04-28,attendee,6.4
ATT-002010,1847082322,EVT-0092,2024-04-28,attendee,4.8
ATT-002011,1848624494,EVT-0092,2024-04-28,attendee,7.7
ATT-002012,1867204764,EVT-0092,2024-04-28,attendee,5.9
ATT-002013,1895078685,EVT-0092,2024-04-28,attendee,6.1
ATT-002014,1903798589,EVT-0092,2024-04-28,attendee,8.0
ATT-DUP-00181,1903798589,EVT-0092,2024-04-28,attendee,8.0
ATT-002015,1939785840,EVT-0092,2024-04-28,attendee,7.2
ATT-002016,1964945871,EVT-0092,2024-04-28,attendee,9.1
ATT-002017,1989798412,EVT-0092,2024-04-28,attendee,7.8
ATT-DUP-00140,1989798412,EVT-0092,2024-04-28,attendee,7.8
ATT-002018,1148541752,EVT-0092,2024-04-28,speaker,9.4
ATT-002019,1065870788,EVT-0093,2024-04-28,attendee,9.1
ATT-002020,1080672524,EVT-0093,2024-04-28,attendee,5.2
ATT-002021,1124726435,EVT-0093,2024-04-28,attendee,10.0
ATT-002022,1144669185,EVT-0093,2024-04-28,attendee,9.8
ATT-002023,1227780172,EVT-0093,2024-04-28,attendee,8.8
ATT-002024,1241711534,EVT-0093,2024-04-28,attendee,3.2
ATT-002025,1271768685,EVT-0093,2024-04-28,attendee,8.1
ATT-002026,1280087226,EVT-0093,2024-04-28,attendee,7.9
ATT-002027,1297280590,EVT-0093,2024-04-28,attendee,4.3
ATT-002028,1316743925,EVT-0093,2024-04-28,attendee,7.3
ATT-002029,1377426493,EVT-0093,2024-04-28,attendee,4.6
ATT-002030,1385532449,EVT-0093,2024-04-28,attendee,7.1
ATT-002031,1413519731,EVT-0093,2024-04-28,attendee,10.0
ATT-002032,1418997171,EVT-0093,2024-04-28,attendee,7.5
ATT-002033,1425340662,EVT-0093,2024-04-28,attendee,6.7
ATT-002034,1481247389,EVT-0093,2024-04-28,attendee,6.9
ATT-002035,1590869917,EVT-0093,2024-04-28,attendee,7.1
ATT-002036,1639269087,EVT-0093,2024-04-28,attendee,5.2
ATT-002037,1644815767,EVT-0093,2024-04-28,attendee,7.7
ATT-002038,1686880901,EVT-0093,2024-04-28,attendee,6.2
ATT-002039,1689059347,EVT-0093,2024-04-28,attendee,3.9
ATT-002040,1725623817,EVT-0093,2024-04-28,attendee,3.7
ATT-002041,1725724532,EVT-0093,2024-04-28,attendee,6.8
ATT-002042,1732527431,EVT-0093,2024-04-28,attendee,7.8
ATT-002043,1806479196,EVT-0093,2024-04-28,attendee,6.8
ATT-002044,1824172013,EVT-0093,2024-04-28,attendee,8.4
ATT-002045,1849328657,EVT-0093,2024-04-28,attendee,3.5
ATT-002046,1862986803,EVT-0093,2024-04-28,attendee,8.0
ATT-DUP-00037,1862986803,EVT-0093,2024-04-28,attendee,8.0
ATT-002048,1908168895,EVT-0093,2024-04-28,attendee,5.8
ATT-002049,1924355757,EVT-0093,2024-04-28,attendee,6.4
ATT-002050,1927430854,EVT-0093,2024-04-28,attendee,7.8
ATT-002051,1042285084,EVT-0093,2024-04-28,speaker,10.0
ATT-002052,1058647219,EVT-0094,2024-04-28,attendee,5.7
ATT-002053,1134509243,EVT-0094,2024-04-28,attendee,7.7
ATT-002054,1139166684,EVT-0094,2024-04-28,attendee,3.9
ATT-002055,1389574017,EVT-0094,2024-04-28,attendee,4.3
ATT-002056,1547112395,EVT-0094,2024-04-28,attendee,5.4
ATT-002057,1547244776,EVT-0094,2024-04-28,attendee,7.0
ATT-002058,1854852153,EVT-0094,2024-04-28,attendee,6.5
ATT-DUP-00171,1854852153,EVT-0094,2024-04-28,attendee,6.5
ATT-002059,1964572899,EVT-0094,2024-04-28,attendee,3.1
ATT-002060,1967802350,EVT-0094,2024-04-28,attendee,5.0
ATT-002061,1964558476,EVT-0094,2024-04-28,speaker,10.0
ATT-002047,1903798589,EVT-0093,2024-04-29,attendee,6.1
ATT-002062,1002145427,EVT-0095,2024-04-30,attendee,6.4
ATT-002063,1018018261,EVT-0095,2024-04-30,attendee,5.7
ATT-002064,1022312734,EVT-0095,2024-04-30,attendee,5.7
ATT-002065,1036327983,EVT-0095,2024-04-30,attendee,
ATT-002066,1080672524,EVT-0095,2024-04-30,attendee,8.5
ATT-002067,1084471394,EVT-0095,2024-04-30,attendee,7.8
ATT-002068,1124726435,EVT-0095,2024-04-30,attendee,10.0
ATT-002069,1124890801,EVT-0095,2024-04-30,attendee,7.3
ATT-002070,1144669185,EVT-0095,2024-04-30,attendee,5.8
ATT-002071,1166368237,EVT-0095,2024-04-30,attendee,7.7
ATT-002072,1200480071,EVT-0095,2024-04-30,attendee,9.3
ATT-002073,1213511599,EVT-0095,2024-04-30,attendee,6.6
ATT-002074,1264333323,EVT-0095,2024-04-30,attendee,8.8
ATT-002075,1287287258,EVT-0095,2024-04-30,attendee,8.4
ATT-002076,1297280590,EVT-0095,2024-04-30,attendee,7.1
ATT-002077,1315385710,EVT-0095,2024-04-30,attendee,7.4
ATT-002078,1316743925,EVT-0095,2024-04-30,attendee,8.2
ATT-002079,1377426493,EVT-0095,2024-04-30,attendee,6.4
ATT-002080,1451968915,EVT-0095,2024-04-30,attendee,7.1
ATT-002081,1455779946,EVT-0095,2024-04-30,attendee,8.2
ATT-002082,1489598965,EVT-0095,2024-04-30,attendee,3.9
ATT-002083,1526669415,EVT-0095,2024-04-30,attendee,5.2
ATT-002084,1552813903,EVT-0095,2024-04-30,attendee,9.1
ATT-002085,1567742360,EVT-0095,2024-04-30,attendee,6.3
ATT-002086,1595301304,EVT-0095,2024-04-30,attendee,6.8
ATT-002087,1639269087,EVT-0095,2024-04-30,attendee,7.5
ATT-002088,1644815767,EVT-0095,2024-04-30,attendee,9.0
ATT-002089,1665478461,EVT-0095,2024-04-30,attendee,7.7
ATT-002090,1689916181,EVT-0095,2024-04-30,attendee,9.0
ATT-002091,1725623817,EVT-0095,2024-04-30,attendee,7.6
ATT-002092,1725724532,EVT-0095,2024-04-30,attendee,4.3
ATT-002093,1747032997,EVT-0095,2024-04-30,attendee,8.4
ATT-002094,1803233885,EVT-0095,2024-04-30,attendee,6.4
ATT-DUP-00076,1803233885,EVT-0095,2024-04-30,attendee,6.4
ATT-002095,1808826295,EVT-0095,2024-04-30,attendee,7.8
ATT-002096,1815807585,EVT-0095,2024-04-30,attendee,7.5
ATT-002097,1824172013,EVT-0095,2024-04-30,attendee,6.0
ATT-002098,1832506087,EVT-0095,2024-04-30,attendee,8.9
ATT-002099,1838439200,EVT-0095,2024-04-30,attendee,5.1
ATT-002100,1903798589,EVT-0095,2024-04-30,attendee,5.1
ATT-002101,1927430854,EVT-0095,2024-04-30,attendee,7.5
ATT-002102,1937514325,EVT-0095,2024-04-30,attendee,5.7
ATT-002103,1955620046,EVT-0095,2024-04-30,attendee,10.0
ATT-002104,1984924732,EVT-0095,2024-04-30,speaker,9.9
ATT-002105,1123148250,EVT-0096,2024-05-02,attendee,4.0
ATT-002106,1132120993,EVT-0096,2024-05-02,attendee,5.1
ATT-002107,1286477181,EVT-0096,2024-05-02,attendee,5.8
ATT-002108,1341556789,EVT-0096,2024-05-02,attendee,5.1
ATT-002109,1376656900,EVT-0096,2024-05-02,attendee,6.4
ATT-002110,1460081361,EVT-0096,2024-05-02,attendee,5.3
ATT-002111,1478412079,EVT-0096,2024-05-02,attendee,8.5
ATT-002112,1516074709,EVT-0096,2024-05-02,attendee,9.0
ATT-002113,1648553570,EVT-0096,2024-05-02,attendee,7.8
ATT-002114,1670701188,EVT-0096,2024-05-02,attendee,6.3
ATT-002115,1672904236,EVT-0096,2024-05-02,attendee,6.2
ATT-002116,1683943777,EVT-0096,2024-05-02,attendee,6.8
ATT-002117,1710163217,EVT-0096,2024-05-02,attendee,7.0
ATT-002118,1714292012,EVT-0096,2024-05-02,attendee,8.5
ATT-002119,1727463709,EVT-0096,2024-05-02,attendee,5.7
ATT-002120,1732000645,EVT-0096,2024-05-02,attendee,5.0
ATT-002121,1079997809,EVT-0096,2024-05-02,speaker,9.0
ATT-002122,1050506165,EVT-0097,2024-05-03,attendee,8.1
ATT-002123,1058647219,EVT-0097,2024-05-03,attendee,6.4
ATT-002124,1139166684,EVT-0097,2024-05-03,attendee,5.9
ATT-002125,1198262952,EVT-0097,2024-05-03,attendee,7.0
ATT-002126,1229022169,EVT-0097,2024-05-03,attendee,6.9
ATT-002127,1238983617,EVT-0097,2024-05-03,attendee,9.1
ATT-002128,1533003293,EVT-0097,2024-05-03,attendee,5.0
ATT-002129,1547244776,EVT-0097,2024-05-03,attendee,7.2
ATT-002130,1889776344,EVT-0097,2024-05-03,attendee,5.0
ATT-002131,1676011079,EVT-0097,2024-05-03,speaker,8.8
ATT-002132,1058647219,EVT-0098,2024-05-07,attendee,
ATT-002133,1075036339,EVT-0098,2024-05-07,attendee,3.7
ATT-002134,1084471394,EVT-0098,2024-05-07,attendee,6.9
ATT-002135,1198262952,EVT-0098,2024-05-07,attendee,6.2
ATT-002136,1204787067,EVT-0098,2024-05-07,attendee,5.6
ATT-002137,1265952337,EVT-0098,2024-05-07,attendee,7.4
ATT-002138,1280087226,EVT-0098,2024-05-07,attendee,7.1
ATT-002139,1292975558,EVT-0098,2024-05-07,attendee,6.7
ATT-002140,1309371148,EVT-0098,2024-05-07,attendee,4.9
ATT-002141,1316743925,EVT-0098,2024-05-07,attendee,6.4
ATT-002142,1328056928,EVT-0098,2024-05-07,attendee,3.4
ATT-002143,1456299035,EVT-0098,2024-05-07,attendee,7.6
ATT-002144,1467704312,EVT-0098,2024-05-07,attendee,6.7
ATT-002145,1547244776,EVT-0098,2024-05-07,attendee,5.7
ATT-002146,1552813903,EVT-0098,2024-05-07,attendee,8.0
ATT-DUP-00091,1552813903,EVT-0098,2024-05-07,attendee,7.8
ATT-002147,1592123891,EVT-0098,2024-05-07,attendee,7.0
ATT-002148,1616418756,EVT-0098,2024-05-07,attendee,5.7
ATT-002149,1616839134,EVT-0098,2024-05-07,attendee,6.5
ATT-002150,1621842156,EVT-0098,2024-05-07,attendee,6.4
ATT-002151,1639269087,EVT-0098,2024-05-07,attendee,4.5
ATT-002152,1659738110,EVT-0098,2024-05-07,attendee,7.9
ATT-002153,1665478461,EVT-0098,2024-05-07,attendee,6.0
ATT-002154,1679256069,EVT-0098,2024-05-07,attendee,3.8
ATT-002155,1689916181,EVT-0098,2024-05-07,attendee,8.2
ATT-002156,1704331150,EVT-0098,2024-05-07,attendee,8.7
ATT-002157,1742579091,EVT-0098,2024-05-07,attendee,6.9
ATT-002158,1769764832,EVT-0098,2024-05-07,attendee,5.4
ATT-002159,1785764022,EVT-0098,2024-05-07,attendee,6.9
ATT-002160,1811081532,EVT-0098,2024-05-07,attendee,7.7
ATT-002161,1812815243,EVT-0098,2024-05-07,attendee,5.9
ATT-002162,1824172013,EVT-0098,2024-05-07,attendee,8.5
ATT-002163,1893606271,EVT-0098,2024-05-07,attendee,5.8
ATT-002164,1934613260,EVT-0098,2024-05-07,attendee,3.9
ATT-002165,1934829601,EVT-0098,2024-05-07,attendee,7.3
ATT-002166,1937514325,EVT-0098,2024-05-07,attendee,8.5
ATT-002167,1829206543,EVT-0098,2024-05-07,speaker,8.5
ATT-002168,1058647219,EVT-0099,2024-05-10,attendee,6.2
ATT-002169,1129206672,EVT-0099,2024-05-10,attendee,3.6
ATT-002170,1134509243,EVT-0099,2024-05-10,attendee,6.8
ATT-DUP-00095,1134509243,EVT-0099,2024-05-10,attendee,6.8
ATT-002171,1198262952,EVT-0099,2024-05-10,attendee,5.0
ATT-002172,1433980129,EVT-0099,2024-05-10,attendee,8.1
ATT-002173,1547244776,EVT-0099,2024-05-10,attendee,9.2
ATT-002174,1704308638,EVT-0099,2024-05-10,attendee,7.6
ATT-002175,1742859469,EVT-0099,2024-05-10,attendee,5.0
ATT-002176,1867204764,EVT-0099,2024-05-10,attendee,5.9
ATT-002177,1880717263,EVT-0099,2024-05-10,attendee,4.3
ATT-002178,1608203554,EVT-0099,2024-05-10,speaker,9.1
ATT-002179,1038444141,EVT-0100,2024-05-11,attendee,2.5
ATT-002180,1044303869,EVT-0100,2024-05-11,attendee,5.7
ATT-002181,1292975558,EVT-0100,2024-05-11,attendee,9.3
ATT-002182,1358245029,EVT-0100,2024-05-11,attendee,6.4
ATT-002183,1407931751,EVT-0100,2024-05-11,attendee,3.9
ATT-002184,1743613295,EVT-0100,2024-05-11,attendee,3.2
ATT-002185,1793579560,EVT-0100,2024-05-11,attendee,5.8
ATT-002186,1811081532,EVT-0100,2024-05-11,attendee,8.4
ATT-002187,1942292768,EVT-0100,2024-05-11,speaker,9.1
ATT-002188,1002145427,EVT-0101,2024-05-15,attendee,8.9
ATT-002189,1018018261,EVT-0101,2024-05-15,attendee,7.0
ATT-002190,1048976678,EVT-0101,2024-05-15,attendee,9.8
ATT-002191,1065870788,EVT-0101,2024-05-15,attendee,7.4
ATT-002192,1080672524,EVT-0101,2024-05-15,attendee,10.0
ATT-002193,1084919582,EVT-0101,2024-05-15,attendee,10.0
ATT-002194,1124726435,EVT-0101,2024-05-15,attendee,10.0
ATT-002195,1136500869,EVT-0101,2024-05-15,attendee,7.3
ATT-002196,1159841240,EVT-0101,2024-05-15,attendee,8.8
ATT-002197,1174238463,EVT-0101,2024-05-15,attendee,5.5
ATT-002198,1181854898,EVT-0101,2024-05-15,attendee,7.3
ATT-002199,1227780172,EVT-0101,2024-05-15,attendee,8.0
ATT-002200,1241711534,EVT-0101,2024-05-15,attendee,6.9
ATT-002201,1280087226,EVT-0101,2024-05-15,attendee,9.5
ATT-002202,1286477181,EVT-0101,2024-05-15,attendee,7.7
ATT-002203,1326516303,EVT-0101,2024-05-15,attendee,7.5
ATT-002204,1385532449,EVT-0101,2024-05-15,attendee,5.2
ATT-002205,1397955463,EVT-0101,2024-05-15,attendee,8.5
ATT-002206,1423152481,EVT-0101,2024-05-15,attendee,7.8
ATT-002207,1425340662,EVT-0101,2024-05-15,attendee,5.8
ATT-002208,1425610817,EVT-0101,2024-05-15,attendee,3.0
ATT-DUP-00135,1425610817,EVT-0101,2024-05-15,attendee,3.0
ATT-002209,1456207657,EVT-0101,2024-05-15,attendee,6.2
ATT-002210,1456299035,EVT-0101,2024-05-15,attendee,5.3
ATT-002211,1475115246,EVT-0101,2024-05-15,attendee,5.6
ATT-002212,1526669415,EVT-0101,2024-05-15,attendee,5.6
ATT-002213,1552813903,EVT-0101,2024-05-15,attendee,6.9
ATT-DUP-00174,1552813903,EVT-0101,2024-05-15,attendee,6.9
ATT-002214,1555114069,EVT-0101,2024-05-15,attendee,5.4
ATT-002215,1557944620,EVT-0101,2024-05-15,attendee,5.4
ATT-002216,1592123891,EVT-0101,2024-05-15,attendee,8.9
ATT-002217,1610177150,EVT-0101,2024-05-15,attendee,7.4
ATT-002218,1616418756,EVT-0101,2024-05-15,attendee,6.8
ATT-002219,1621199177,EVT-0101,2024-05-15,attendee,3.9
ATT-DUP-00064,1621199177,EVT-0101,2024-05-15,attendee,3.5
ATT-002220,1647196991,EVT-0101,2024-05-15,attendee,
ATT-002221,1648553570,EVT-0101,2024-05-15,attendee,8.4
ATT-002222,1670701188,EVT-0101,2024-05-15,attendee,7.5
ATT-002223,1688976343,EVT-0101,2024-05-15,attendee,7.4
ATT-002224,1689916181,EVT-0101,2024-05-15,attendee,6.4
ATT-002225,1703413967,EVT-0101,2024-05-15,attendee,9.0
ATT-002226,1704492101,EVT-0101,2024-05-15,attendee,5.4
ATT-002227,1724092733,EVT-0101,2024-05-15,attendee,7.9
ATT-002228,1732527431,EVT-0101,2024-05-15,attendee,7.0
ATT-002229,1787619711,EVT-0101,2024-05-15,attendee,5.4
ATT-002230,1808826295,EVT-0101,2024-05-15,attendee,7.9
ATT-002231,1812815243,EVT-0101,2024-05-15,attendee,9.0
ATT-002232,1815807585,EVT-0101,2024-05-15,attendee,6.4
ATT-002233,1849328657,EVT-0101,2024-05-15,attendee,2.7
ATT-002234,1896554999,EVT-0101,2024-05-15,attendee,7.2
ATT-002235,1937514325,EVT-0101,2024-05-15,attendee,9.2
ATT-002236,1944079924,EVT-0101,2024-05-15,attendee,7.9
ATT-002237,1955620046,EVT-0101,2024-05-15,attendee,7.7
ATT-002238,1266109689,EVT-0101,2024-05-15,speaker,9.0
ATT-002239,1050506165,EVT-0102,2024-05-16,attendee,6.4
ATT-DUP-00058,1050506165,EVT-0102,2024-05-16,attendee,6.4
ATT-002240,1058647219,EVT-0102,2024-05-16,attendee,5.9
ATT-002241,1075036339,EVT-0102,2024-05-16,attendee,5.1
ATT-002242,1139166684,EVT-0102,2024-05-16,attendee,2.5
ATT-002243,1229022169,EVT-0102,2024-05-16,attendee,4.5
ATT-002244,1389574017,EVT-0102,2024-05-16,attendee,8.1
ATT-002245,1782077311,EVT-0102,2024-05-16,attendee,4.8
ATT-002246,1854852153,EVT-0102,2024-05-16,attendee,3.1
ATT-002247,1867204764,EVT-0102,2024-05-16,attendee,5.6
ATT-002248,1531018426,EVT-0102,2024-05-16,speaker,9.0
ATT-002249,1011940271,EVT-0103,2024-05-18,attendee,7.3
ATT-002250,1025978341,EVT-0103,2024-05-18,attendee,9.6
ATT-002251,1107038659,EVT-0103,2024-05-18,attendee,8.5
ATT-002252,1137408567,EVT-0103,2024-05-18,attendee,9.2
ATT-002253,1174145494,EVT-0103,2024-05-18,attendee,4.7
ATT-002254,1237205202,EVT-0103,2024-05-18,attendee,6.1
ATT-002255,1361521440,EVT-0103,2024-05-18,attendee,8.6
ATT-002256,1453128708,EVT-0103,2024-05-18,attendee,7.4
ATT-002257,1497642888,EVT-0103,2024-05-18,attendee,6.0
ATT-DUP-00166,1497642888,EVT-0103,2024-05-18,attendee,6.0
ATT-002258,1645233598,EVT-0103,2024-05-18,attendee,6.3
ATT-002259,1677860136,EVT-0103,2024-05-18,attendee,4.9
ATT-002260,1713444978,EVT-0103,2024-05-18,attendee,7.4
ATT-002261,1738903891,EVT-0103,2024-05-18,attendee,7.7
ATT-002262,1740626134,EVT-0103,2024-05-18,attendee,8.8
ATT-002263,1746046261,EVT-0103,2024-05-18,attendee,8.7
ATT-002264,1758794279,EVT-0103,2024-05-18,attendee,7.1
ATT-002265,1880426881,EVT-0103,2024-05-18,attendee,7.1
ATT-002266,1885387740,EVT-0103,2024-05-18,attendee,9.1
ATT-002267,1995404856,EVT-0103,2024-05-18,attendee,4.7
ATT-002268,1900401815,EVT-0103,2024-05-18,speaker,9.8
ATT-002269,1011940271,EVT-0104,2024-05-18,attendee,4.5
ATT-DUP-00122,1011940271,EVT-0104,2024-05-18,attendee,4.5
ATT-002270,1038444141,EVT-0104,2024-05-18,attendee,4.7
ATT-002271,1044666919,EVT-0104,2024-05-18,attendee,6.6
ATT-002272,1050705288,EVT-0104,2024-05-18,attendee,10.0
ATT-002273,1124726435,EVT-0104,2024-05-18,attendee,6.3
ATT-002274,1136500869,EVT-0104,2024-05-18,attendee,6.5
ATT-002275,1159841240,EVT-0104,2024-05-18,attendee,8.7
ATT-002276,1204787067,EVT-0104,2024-05-18,attendee,6.1
ATT-002277,1238983617,EVT-0104,2024-05-18,attendee,6.9
ATT-002278,1264333323,EVT-0104,2024-05-18,attendee,9.4
ATT-002279,1413519731,EVT-0104,2024-05-18,attendee,7.2
ATT-002280,1423152481,EVT-0104,2024-05-18,attendee,8.2
ATT-002281,1425610817,EVT-0104,2024-05-18,attendee,4.6
ATT-002282,1456299035,EVT-0104,2024-05-18,attendee,3.9
ATT-002283,1467704312,EVT-0104,2024-05-18,attendee,7.3
ATT-002284,1481247389,EVT-0104,2024-05-18,attendee,8.8
ATT-002285,1512844550,EVT-0104,2024-05-18,attendee,3.2
ATT-002286,1518121706,EVT-0104,2024-05-18,attendee,8.2
ATT-002287,1610177150,EVT-0104,2024-05-18,attendee,8.0
ATT-002288,1615059528,EVT-0104,2024-05-18,attendee,7.3
ATT-002289,1635476009,EVT-0104,2024-05-18,attendee,6.3
ATT-002290,1647196991,EVT-0104,2024-05-18,attendee,
ATT-002291,1648553570,EVT-0104,2024-05-18,attendee,7.2
ATT-002292,1685524518,EVT-0104,2024-05-18,attendee,5.9
ATT-002293,1725724532,EVT-0104,2024-05-18,attendee,8.2
ATT-002294,1747032997,EVT-0104,2024-05-18,attendee,7.9
ATT-002295,1927430854,EVT-0104,2024-05-18,attendee,10.0
ATT-002296,1969108517,EVT-0104,2024-05-18,attendee,3.0
ATT-002297,1411293156,EVT-0104,2024-05-18,speaker,8.8
ATT-002298,1123148250,EVT-0105,2024-05-20,attendee,9.0
ATT-002299,1265952337,EVT-0105,2024-05-20,attendee,6.2
ATT-002300,1299418347,EVT-0105,2024-05-20,attendee,7.4
ATT-002301,1341556789,EVT-0105,2024-05-20,attendee,6.9
ATT-002302,1362560363,EVT-0105,2024-05-20,attendee,5.4
ATT-002303,1376656900,EVT-0105,2024-05-20,attendee,3.7
ATT-002304,1475115246,EVT-0105,2024-05-20,attendee,6.0
ATT-002305,1492077734,EVT-0105,2024-05-20,attendee,7.8
ATT-002306,1551962891,EVT-0105,2024-05-20,attendee,6.0
ATT-002307,1610177150,EVT-0105,2024-05-20,attendee,8.4
ATT-002308,1648553570,EVT-0105,2024-05-20,attendee,6.5
ATT-DUP-00112,1648553570,EVT-0105,2024-05-20,attendee,6.9
ATT-002309,1655321622,EVT-0105,2024-05-20,attendee,6.5
ATT-002310,1745601371,EVT-0105,2024-05-20,attendee,3.7
ATT-002311,1760628762,EVT-0105,2024-05-20,attendee,5.7
ATT-002312,1934829601,EVT-0105,2024-05-20,attendee,7.4
ATT-002313,1220405058,EVT-0105,2024-05-20,speaker,7.7
ATT-002314,1009179924,EVT-0106,2024-05-24,attendee,6.1
ATT-002315,1074076039,EVT-0106,2024-05-24,attendee,5.5
ATT-002316,1169238601,EVT-0106,2024-05-24,attendee,5.2
ATT-002317,1265952337,EVT-0106,2024-05-24,attendee,5.3
ATT-002318,1286477181,EVT-0106,2024-05-24,attendee,6.0
ATT-002319,1299418347,EVT-0106,2024-05-24,attendee,5.0
ATT-002320,1409960642,EVT-0106,2024-05-24,attendee,2.9
ATT-002321,1475115246,EVT-0106,2024-05-24,attendee,8.2
ATT-002322,1516074709,EVT-0106,2024-05-24,attendee,6.4
ATT-002323,1614978876,EVT-0106,2024-05-24,attendee,4.9
ATT-002324,1648553570,EVT-0106,2024-05-24,attendee,9.8
ATT-002325,1655321622,EVT-0106,2024-05-24,attendee,4.4
ATT-002326,1710163217,EVT-0106,2024-05-24,attendee,6.4
ATT-002327,1724092733,EVT-0106,2024-05-24,attendee,6.3
ATT-002328,1762664088,EVT-0106,2024-05-24,attendee,5.4
ATT-002329,1885189138,EVT-0106,2024-05-24,attendee,3.9
ATT-002330,1934763735,EVT-0106,2024-05-24,attendee,4.4
ATT-002331,1934829601,EVT-0106,2024-05-24,attendee,8.3
ATT-002332,1884150503,EVT-0106,2024-05-24,speaker,9.3
ATT-002333,1123148250,EVT-0107,2024-05-30,attendee,5.2
ATT-002334,1167711153,EVT-0107,2024-05-30,attendee,5.5
ATT-002335,1332369119,EVT-0107,2024-05-30,attendee,6.9
ATT-002336,1362560363,EVT-0107,2024-05-30,attendee,7.0
ATT-002338,1478412079,EVT-0107,2024-05-30,attendee,7.7
ATT-002339,1594466975,EVT-0107,2024-05-30,attendee,3.5
ATT-002340,1614978876,EVT-0107,2024-05-30,attendee,5.4
ATT-002341,1672904236,EVT-0107,2024-05-30,attendee,7.4
ATT-002342,1710163217,EVT-0107,2024-05-30,attendee,7.8
ATT-002343,1722038985,EVT-0107,2024-05-30,attendee,5.7
ATT-002344,1969108517,EVT-0107,2024-05-30,attendee,7.4
ATT-002345,1334515891,EVT-0107,2024-05-30,speaker,9.1
ATT-002337,1386514024,EVT-0107,2024-06-01,attendee,6.2
ATT-002346,1018018261,EVT-0108,2024-06-03,attendee,10.0
ATT-002347,1048976678,EVT-0108,2024-06-03,attendee,8.4
ATT-002348,1082909627,EVT-0108,2024-06-03,attendee,2.8
ATT-002349,1084919582,EVT-0108,2024-06-03,attendee,5.8
ATT-002350,1133130363,EVT-0108,2024-06-03,attendee,8.2
ATT-002351,1166368237,EVT-0108,2024-06-03,attendee,6.9
ATT-002352,1174238463,EVT-0108,2024-06-03,attendee,6.3
ATT-002353,1180932224,EVT-0108,2024-06-03,attendee,7.5
ATT-002354,1191545544,EVT-0108,2024-06-03,attendee,4.2
ATT-002355,1200096471,EVT-0108,2024-06-03,attendee,4.9
ATT-002356,1241711534,EVT-0108,2024-06-03,attendee,8.9
ATT-002357,1271463741,EVT-0108,2024-06-03,attendee,6.3
ATT-002358,1271768685,EVT-0108,2024-06-03,attendee,9.0
ATT-002359,1297280590,EVT-0108,2024-06-03,attendee,6.5
ATT-002360,1310164813,EVT-0108,2024-06-03,attendee,5.1
ATT-002361,1385532449,EVT-0108,2024-06-03,attendee,6.8
ATT-002362,1423152481,EVT-0108,2024-06-03,attendee,8.0
ATT-002363,1456299035,EVT-0108,2024-06-03,attendee,5.0
ATT-002364,1484724632,EVT-0108,2024-06-03,attendee,5.7
ATT-002365,1509977165,EVT-0108,2024-06-03,attendee,5.4
ATT-002366,1523498065,EVT-0108,2024-06-03,attendee,6.9
ATT-002367,1552813903,EVT-0108,2024-06-03,attendee,8.5
ATT-002368,1567742360,EVT-0108,2024-06-03,attendee,3.5
ATT-002369,1595301304,EVT-0108,2024-06-03,attendee,5.8
ATT-002370,1689916181,EVT-0108,2024-06-03,attendee,8.7
ATT-002371,1707435529,EVT-0108,2024-06-03,attendee,7.2
ATT-002372,1732527431,EVT-0108,2024-06-03,attendee,7.1
ATT-002373,1742579091,EVT-0108,2024-06-03,attendee,
ATT-002374,1747032997,EVT-0108,2024-06-03,attendee,
ATT-002375,1808826295,EVT-0108,2024-06-03,attendee,3.3
ATT-002376,1815807585,EVT-0108,2024-06-03,attendee,7.9
ATT-002377,1922670785,EVT-0108,2024-06-03,attendee,8.6
ATT-002378,1924355757,EVT-0108,2024-06-03,attendee,6.5
ATT-002379,1927430854,EVT-0108,2024-06-03,attendee,6.1
ATT-002380,1955620046,EVT-0108,2024-06-03,attendee,8.6
ATT-002381,1742245693,EVT-0108,2024-06-03,speaker,9.0
ATT-002382,1018018261,EVT-0109,2024-06-07,attendee,9.1
ATT-002383,1019230758,EVT-0109,2024-06-07,attendee,3.9
ATT-002384,1038444141,EVT-0109,2024-06-07,attendee,4.8
ATT-002385,1041585906,EVT-0109,2024-06-07,attendee,7.4
ATT-002386,1058647219,EVT-0109,2024-06-07,attendee,8.3
ATT-002387,1065455036,EVT-0109,2024-06-07,attendee,2.6
ATT-002388,1084471394,EVT-0109,2024-06-07,attendee,4.8
ATT-002389,1159841240,EVT-0109,2024-06-07,attendee,4.0
ATT-002390,1189769080,EVT-0109,2024-06-07,attendee,7.7
ATT-002391,1198262952,EVT-0109,2024-06-07,attendee,7.5
ATT-002392,1227780172,EVT-0109,2024-06-07,attendee,9.4
ATT-002393,1238983617,EVT-0109,2024-06-07,attendee,8.9
ATT-002394,1240190284,EVT-0109,2024-06-07,attendee,7.2
ATT-002395,1271768685,EVT-0109,2024-06-07,attendee,7.1
ATT-002396,1273912869,EVT-0109,2024-06-07,attendee,4.7
ATT-002397,1292975558,EVT-0109,2024-06-07,attendee,7.8
ATT-002398,1297280590,EVT-0109,2024-06-07,attendee,9.2
ATT-002399,1324722952,EVT-0109,2024-06-07,attendee,6.3
ATT-002400,1328056928,EVT-0109,2024-06-07,attendee,3.0
ATT-002401,1358245029,EVT-0109,2024-06-07,attendee,3.9
ATT-002402,1368009035,EVT-0109,2024-06-07,attendee,6.5
ATT-002403,1376656900,EVT-0109,2024-06-07,attendee,8.0
ATT-002404,1467704312,EVT-0109,2024-06-07,attendee,2.2
ATT-002405,1506746308,EVT-0109,2024-06-07,attendee,4.9
ATT-002406,1511742359,EVT-0109,2024-06-07,attendee,3.3
ATT-002407,1546151204,EVT-0109,2024-06-07,attendee,8.1
ATT-002408,1616418756,EVT-0109,2024-06-07,attendee,5.3
ATT-002409,1621842156,EVT-0109,2024-06-07,attendee,3.2
ATT-002410,1657025858,EVT-0109,2024-06-07,attendee,7.4
ATT-002411,1672904236,EVT-0109,2024-06-07,attendee,5.5
ATT-002412,1683943777,EVT-0109,2024-06-07,attendee,6.6
ATT-002413,1747032997,EVT-0109,2024-06-07,attendee,7.1
ATT-002414,1776723276,EVT-0109,2024-06-07,attendee,7.7
ATT-002415,1785764022,EVT-0109,2024-06-07,attendee,4.3
ATT-002416,1803502636,EVT-0109,2024-06-07,attendee,5.5
ATT-002417,1811081532,EVT-0109,2024-06-07,attendee,4.9
ATT-002418,1814938340,EVT-0109,2024-06-07,attendee,7.5
ATT-002419,1847082322,EVT-0109,2024-06-07,attendee,4.8
ATT-002420,1856406925,EVT-0109,2024-06-07,attendee,4.3
ATT-002421,1889776344,EVT-0109,2024-06-07,attendee,6.0
ATT-002422,1903798589,EVT-0109,2024-06-07,attendee,8.7
ATT-002423,1206870192,EVT-0109,2024-06-07,speaker,8.3
ATT-002424,1002145427,EVT-0110,2024-06-07,attendee,7.1
ATT-002425,1048976678,EVT-0110,2024-06-07,attendee,7.6
ATT-002426,1082909627,EVT-0110,2024-06-07,attendee,3.6
ATT-002427,1101185407,EVT-0110,2024-06-07,attendee,7.8
ATT-002428,1174238463,EVT-0110,2024-06-07,attendee,5.8
ATT-002429,1190842652,EVT-0110,2024-06-07,attendee,5.8
ATT-002430,1200480071,EVT-0110,2024-06-07,attendee,8.2
ATT-002431,1241711534,EVT-0110,2024-06-07,attendee,4.7
ATT-002432,1266945785,EVT-0110,2024-06-07,attendee,5.9
ATT-DUP-00127,1266945785,EVT-0110,2024-06-07,attendee,5.9
ATT-002434,1321405205,EVT-0110,2024-06-07,attendee,9.0
ATT-002435,1334266016,EVT-0110,2024-06-07,attendee,8.0
ATT-002436,1456207657,EVT-0110,2024-06-07,attendee,7.3
ATT-002437,1481247389,EVT-0110,2024-06-07,attendee,7.0
ATT-002438,1523681389,EVT-0110,2024-06-07,attendee,8.3
ATT-002439,1535820066,EVT-0110,2024-06-07,attendee,8.6
ATT-002440,1567742360,EVT-0110,2024-06-07,attendee,3.0
ATT-DUP-00090,1567742360,EVT-0110,2024-06-07,attendee,2.7
ATT-002441,1595301304,EVT-0110,2024-06-07,attendee,3.9
ATT-DUP-00099,1595301304,EVT-0110,2024-06-07,attendee,3.9
ATT-002442,1808826295,EVT-0110,2024-06-07,attendee,9.2
ATT-002443,1812815243,EVT-0110,2024-06-07,attendee,10.0
ATT-002444,1832506087,EVT-0110,2024-06-07,attendee,8.2
ATT-002445,1848624494,EVT-0110,2024-06-07,attendee,6.1
ATT-002446,1937514325,EVT-0110,2024-06-07,attendee,7.0
ATT-002447,1168681900,EVT-0110,2024-06-07,speaker,8.6
ATT-002433,1287287258,EVT-0110,2024-06-09,attendee,7.4
ATT-002448,1011940271,EVT-0111,2024-06-10,attendee,6.3
ATT-002449,1050705288,EVT-0111,2024-06-10,attendee,6.6
ATT-002450,1076376403,EVT-0111,2024-06-10,attendee,7.8
ATT-002451,1107038659,EVT-0111,2024-06-10,attendee,5.8
ATT-002452,1136500869,EVT-0111,2024-06-10,attendee,7.6
ATT-002453,1139166684,EVT-0111,2024-06-10,attendee,5.1
ATT-002454,1166368237,EVT-0111,2024-06-10,attendee,7.7
ATT-002455,1213511599,EVT-0111,2024-06-10,attendee,10.0
ATT-002456,1224230882,EVT-0111,2024-06-10,attendee,5.1
ATT-002457,1240190284,EVT-0111,2024-06-10,attendee,7.3
ATT-002458,1264333323,EVT-0111,2024-06-10,attendee,6.2
ATT-002459,1265952337,EVT-0111,2024-06-10,attendee,6.2
ATT-002460,1302899475,EVT-0111,2024-06-10,attendee,6.1
ATT-002461,1330156328,EVT-0111,2024-06-10,attendee,6.4
ATT-002462,1375349903,EVT-0111,2024-06-10,attendee,5.0
ATT-002463,1394609428,EVT-0111,2024-06-10,attendee,9.3
ATT-002464,1413519731,EVT-0111,2024-06-10,attendee,8.2
ATT-002465,1497642888,EVT-0111,2024-06-10,attendee,7.6
ATT-002466,1592123891,EVT-0111,2024-06-10,attendee,8.3
ATT-002467,1639269087,EVT-0111,2024-06-10,attendee,6.0
ATT-002468,1665478461,EVT-0111,2024-06-10,attendee,8.2
ATT-002469,1670560261,EVT-0111,2024-06-10,attendee,7.3
ATT-002470,1670701188,EVT-0111,2024-06-10,attendee,6.0
ATT-002471,1689059347,EVT-0111,2024-06-10,attendee,4.5
ATT-002472,1696806755,EVT-0111,2024-06-10,attendee,5.3
ATT-002473,1702497342,EVT-0111,2024-06-10,attendee,7.4
ATT-002474,1706991829,EVT-0111,2024-06-10,attendee,6.5
ATT-002475,1717519684,EVT-0111,2024-06-10,attendee,5.4
ATT-002476,1740626134,EVT-0111,2024-06-10,attendee,4.7
ATT-002477,1747032997,EVT-0111,2024-06-10,attendee,9.0
ATT-002478,1750236147,EVT-0111,2024-06-10,attendee,8.2
ATT-002479,1885387740,EVT-0111,2024-06-10,attendee,7.7
ATT-002480,1901019392,EVT-0111,2024-06-10,attendee,8.7
ATT-002481,1903121188,EVT-0111,2024-06-10,attendee,4.1
ATT-002482,1921646299,EVT-0111,2024-06-10,attendee,
ATT-002483,1939785840,EVT-0111,2024-06-10,attendee,7.3
ATT-002484,1993463169,EVT-0111,2024-06-10,attendee,6.4
ATT-002485,1237956572,EVT-0111,2024-06-10,speaker,9.1
ATT-002486,1259584955,EVT-0112,2024-06-11,attendee,6.7
ATT-002487,1326516303,EVT-0112,2024-06-11,attendee,5.9
ATT-002488,1358245029,EVT-0112,2024-06-11,attendee,5.2
ATT-002489,1663073843,EVT-0112,2024-06-11,attendee,5.7
ATT-002490,1969914385,EVT-0112,2024-06-11,attendee,4.8
ATT-002491,1455591119,EVT-0112,2024-06-11,speaker,9.6
ATT-002492,1009179924,EVT-0113,2024-06-12,attendee,9.3
ATT-002493,1031568581,EVT-0113,2024-06-12,attendee,5.2
ATT-002494,1038444141,EVT-0113,2024-06-12,attendee,7.4
ATT-002495,1074076039,EVT-0113,2024-06-12,attendee,4.1
ATT-002496,1084919582,EVT-0113,2024-06-12,attendee,7.6
ATT-002497,1159301823,EVT-0113,2024-06-12,attendee,3.0
ATT-002498,1163199601,EVT-0113,2024-06-12,attendee,7.8
ATT-002499,1210642439,EVT-0113,2024-06-12,attendee,9.0
ATT-002500,1213511599,EVT-0113,2024-06-12,attendee,7.2
ATT-002501,1246066447,EVT-0113,2024-06-12,attendee,9.3
ATT-002502,1257723886,EVT-0113,2024-06-12,attendee,6.3
ATT-002503,1326516303,EVT-0113,2024-06-12,attendee,6.0
ATT-002504,1394609428,EVT-0113,2024-06-12,attendee,7.8
ATT-002505,1592123891,EVT-0113,2024-06-12,attendee,10.0
ATT-002506,1647196991,EVT-0113,2024-06-12,attendee,9.2
ATT-002507,1663073843,EVT-0113,2024-06-12,attendee,4.0
ATT-002508,1710163217,EVT-0113,2024-06-12,attendee,6.8
ATT-DUP-00047,1710163217,EVT-0113,2024-06-12,attendee,6.8
ATT-002509,1743613295,EVT-0113,2024-06-12,attendee,6.7
ATT-002510,1793685516,EVT-0113,2024-06-12,attendee,4.2
ATT-002511,1808310134,EVT-0113,2024-06-12,attendee,6.5
ATT-002512,1824149854,EVT-0113,2024-06-12,attendee,4.4
ATT-002513,1893606271,EVT-0113,2024-06-12,attendee,6.7
ATT-002514,1895078685,EVT-0113,2024-06-12,attendee,5.2
ATT-002515,1903798589,EVT-0113,2024-06-12,attendee,6.9
ATT-002516,1332821143,EVT-0113,2024-06-12,speaker,8.9
ATT-002517,1025231352,EVT-0114,2024-06-14,attendee,10.0
ATT-DUP-00035,1025231352,EVT-0114,2024-06-14,attendee,10.0
ATT-002518,1435949049,EVT-0114,2024-06-14,attendee,7.9
ATT-002519,1590337907,EVT-0114,2024-06-14,attendee,9.0
ATT-DUP-00088,1590337907,EVT-0114,2024-06-14,attendee,9.1
ATT-002520,1595774286,EVT-0114,2024-06-14,attendee,6.6
ATT-002521,1647196991,EVT-0114,2024-06-14,attendee,8.0
ATT-002522,1944079924,EVT-0114,2024-06-14,attendee,7.0
ATT-002523,1724088210,EVT-0114,2024-06-14,speaker,9.5
ATT-002524,1328056928,EVT-0115,2024-06-17,attendee,6.2
ATT-002525,1340345143,EVT-0115,2024-06-17,attendee,5.8
ATT-002526,1407931751,EVT-0115,2024-06-17,attendee,6.3
ATT-002527,1840863041,EVT-0115,2024-06-17,attendee,5.2
ATT-002528,1455591119,EVT-0115,2024-06-17,speaker,8.8
ATT-002529,1046736322,EVT-0116,2024-06-18,attendee,4.4
ATT-002530,1048976678,EVT-0116,2024-06-18,attendee,5.9
ATT-002531,1098995024,EVT-0116,2024-06-18,attendee,4.5
ATT-002532,1145899849,EVT-0116,2024-06-18,attendee,8.7
ATT-002533,1180932224,EVT-0116,2024-06-18,attendee,7.1
ATT-002534,1190842652,EVT-0116,2024-06-18,attendee,4.7
ATT-002535,1209829039,EVT-0116,2024-06-18,attendee,4.6
ATT-002536,1268222167,EVT-0116,2024-06-18,attendee,6.7
ATT-002537,1271768685,EVT-0116,2024-06-18,attendee,7.8
ATT-002538,1280087226,EVT-0116,2024-06-18,attendee,8.3
ATT-002539,1296552940,EVT-0116,2024-06-18,attendee,7.4
ATT-002540,1311764207,EVT-0116,2024-06-18,attendee,7.4
ATT-002541,1385532449,EVT-0116,2024-06-18,attendee,10.0
ATT-002542,1397955463,EVT-0116,2024-06-18,attendee,8.7
ATT-002543,1423152481,EVT-0116,2024-06-18,attendee,5.1
ATT-002544,1425340662,EVT-0116,2024-06-18,attendee,5.9
ATT-002545,1425610817,EVT-0116,2024-06-18,attendee,7.6
ATT-002546,1456299035,EVT-0116,2024-06-18,attendee,5.5
ATT-002547,1488515010,EVT-0116,2024-06-18,attendee,5.7
ATT-002548,1506356074,EVT-0116,2024-06-18,attendee,9.5
ATT-002549,1546151204,EVT-0116,2024-06-18,attendee,6.0
ATT-002550,1595301304,EVT-0116,2024-06-18,attendee,4.8
ATT-002551,1610820601,EVT-0116,2024-06-18,attendee,5.9
ATT-002552,1613561947,EVT-0116,2024-06-18,attendee,5.3
ATT-002553,1689059347,EVT-0116,2024-06-18,attendee,5.6
ATT-002554,1707435529,EVT-0116,2024-06-18,attendee,6.1
ATT-002555,1721479586,EVT-0116,2024-06-18,attendee,10.0
ATT-002556,1732527431,EVT-0116,2024-06-18,attendee,8.4
ATT-002557,1803233885,EVT-0116,2024-06-18,attendee,8.0
ATT-002558,1806479196,EVT-0116,2024-06-18,attendee,5.6
ATT-002559,1815807585,EVT-0116,2024-06-18,attendee,9.0
ATT-002560,1848624494,EVT-0116,2024-06-18,attendee,5.8
ATT-002561,1903798589,EVT-0116,2024-06-18,attendee,10.0
ATT-002562,1922670785,EVT-0116,2024-06-18,attendee,5.3
ATT-002563,1924355757,EVT-0116,2024-06-18,attendee,7.3
ATT-002564,1955620046,EVT-0116,2024-06-18,attendee,8.8
ATT-002565,1516379264,EVT-0116,2024-06-18,speaker,9.4
ATT-002566,1120302413,EVT-0117,2024-06-20,attendee,6.0
ATT-002567,1240190284,EVT-0117,2024-06-20,attendee,5.5
ATT-002568,1259584955,EVT-0117,2024-06-20,attendee,4.9
ATT-002569,1358340028,EVT-0117,2024-06-20,attendee,3.6
ATT-002570,1407931751,EVT-0117,2024-06-20,attendee,2.9
ATT-002571,1704492101,EVT-0117,2024-06-20,attendee,4.5
ATT-002572,1719186219,EVT-0117,2024-06-20,attendee,4.5
ATT-002573,1737256036,EVT-0117,2024-06-20,attendee,7.6
ATT-002574,1811081532,EVT-0117,2024-06-20,attendee,3.8
ATT-DUP-00178,1811081532,EVT-0117,2024-06-20,attendee,3.4
ATT-002575,1840863041,EVT-0117,2024-06-20,attendee,9.0
ATT-002576,1345219731,EVT-0117,2024-06-20,speaker,9.2
ATT-002577,1009179924,EVT-0118,2024-06-20,attendee,7.9
ATT-002578,1015191335,EVT-0118,2024-06-20,attendee,5.6
ATT-002579,1123148250,EVT-0118,2024-06-20,attendee,6.9
ATT-002580,1265952337,EVT-0118,2024-06-20,attendee,5.1
ATT-002581,1299418347,EVT-0118,2024-06-20,attendee,4.4
ATT-002582,1300832031,EVT-0118,2024-06-20,attendee,5.7
ATT-002583,1341556789,EVT-0118,2024-06-20,attendee,5.3
ATT-002584,1444774099,EVT-0118,2024-06-20,attendee,7.1
ATT-002585,1610177150,EVT-0118,2024-06-20,attendee,7.4
ATT-002586,1631526641,EVT-0118,2024-06-20,attendee,6.8
ATT-002587,1648553570,EVT-0118,2024-06-20,attendee,7.0
ATT-002588,1670701188,EVT-0118,2024-06-20,attendee,7.1
ATT-002589,1710163217,EVT-0118,2024-06-20,attendee,4.8
ATT-002590,1714986282,EVT-0118,2024-06-20,attendee,5.8
ATT-002591,1760628762,EVT-0118,2024-06-20,attendee,5.8
ATT-002592,1901019392,EVT-0118,2024-06-20,attendee,6.6
ATT-002593,1923786978,EVT-0118,2024-06-20,attendee,8.0
ATT-002594,1934829601,EVT-0118,2024-06-20,attendee,8.8
ATT-002595,1465875601,EVT-0118,2024-06-20,speaker,10.0
ATT-002596,1036718538,EVT-0119,2024-06-21,attendee,4.1
ATT-002597,1058647219,EVT-0119,2024-06-21,attendee,7.5
ATT-002598,1101185407,EVT-0119,2024-06-21,attendee,9.4
ATT-002599,1133130363,EVT-0119,2024-06-21,attendee,9.4
ATT-002600,1137408567,EVT-0119,2024-06-21,attendee,8.1
ATT-002601,1144669185,EVT-0119,2024-06-21,attendee,4.2
ATT-002602,1198262952,EVT-0119,2024-06-21,attendee,5.6
ATT-002603,1200480071,EVT-0119,2024-06-21,attendee,8.8
ATT-002604,1238983617,EVT-0119,2024-06-21,attendee,7.2
ATT-002605,1271768685,EVT-0119,2024-06-21,attendee,9.1
ATT-002606,1273912869,EVT-0119,2024-06-21,attendee,5.5
ATT-002607,1299418347,EVT-0119,2024-06-21,attendee,8.2
ATT-002608,1327009084,EVT-0119,2024-06-21,attendee,5.3
ATT-002610,1511742359,EVT-0119,2024-06-21,attendee,4.7
ATT-002611,1567742360,EVT-0119,2024-06-21,attendee,7.1
ATT-002612,1567993435,EVT-0119,2024-06-21,attendee,5.9
ATT-002613,1598661571,EVT-0119,2024-06-21,attendee,8.1
ATT-002614,1636376422,EVT-0119,2024-06-21,attendee,7.8
ATT-002615,1647196991,EVT-0119,2024-06-21,attendee,5.3
ATT-002616,1670701188,EVT-0119,2024-06-21,attendee,7.4
ATT-002617,1719574174,EVT-0119,2024-06-21,attendee,4.0
ATT-002618,1738903891,EVT-0119,2024-06-21,attendee,6.9
ATT-002619,1740047711,EVT-0119,2024-06-21,attendee,8.0
ATT-002620,1774691384,EVT-0119,2024-06-21,attendee,4.4
ATT-002621,1815807585,EVT-0119,2024-06-21,attendee,8.6
ATT-002622,1841791217,EVT-0119,2024-06-21,attendee,2.7
ATT-002623,1844747141,EVT-0119,2024-06-21,attendee,7.8
ATT-002624,1934277181,EVT-0119,2024-06-21,attendee,1.5
ATT-002625,1964945871,EVT-0119,2024-06-21,attendee,5.9
ATT-002626,1720146327,EVT-0119,2024-06-21,speaker,8.7
ATT-002609,1456207657,EVT-0119,2024-06-23,attendee,7.0
ATT-002627,1040239976,EVT-0120,2024-06-26,attendee,4.6
ATT-002628,1073902250,EVT-0120,2024-06-26,attendee,8.1
ATT-002629,1194203331,EVT-0120,2024-06-26,attendee,6.2
ATT-002630,1196400158,EVT-0120,2024-06-26,attendee,5.7
ATT-002631,1199976907,EVT-0120,2024-06-26,attendee,5.9
ATT-002632,1246066447,EVT-0120,2024-06-26,attendee,6.2
ATT-002633,1595774286,EVT-0120,2024-06-26,attendee,7.1
ATT-002634,1944079924,EVT-0120,2024-06-26,attendee,7.9
ATT-002635,1993874985,EVT-0120,2024-06-26,attendee,5.8
ATT-002636,1801296579,EVT-0120,2024-06-26,speaker,8.7
ATT-002637,1009179924,EVT-0121,2024-06-27,attendee,7.5
ATT-002638,1019230758,EVT-0121,2024-06-27,attendee,7.7
ATT-002639,1025231352,EVT-0121,2024-06-27,attendee,9.6
ATT-002640,1048976678,EVT-0121,2024-06-27,attendee,6.1
ATT-002641,1065870788,EVT-0121,2024-06-27,attendee,7.3
ATT-002642,1082909627,EVT-0121,2024-06-27,attendee,6.0
ATT-002643,1124726435,EVT-0121,2024-06-27,attendee,6.8
ATT-002644,1133130363,EVT-0121,2024-06-27,attendee,8.4
ATT-002645,1136500869,EVT-0121,2024-06-27,attendee,5.7
ATT-002646,1137408567,EVT-0121,2024-06-27,attendee,7.0
ATT-002647,1204787067,EVT-0121,2024-06-27,attendee,4.9
ATT-002648,1240190284,EVT-0121,2024-06-27,attendee,5.0
ATT-002649,1246066447,EVT-0121,2024-06-27,attendee,6.5
ATT-002650,1257723886,EVT-0121,2024-06-27,attendee,8.3
ATT-002651,1271768685,EVT-0121,2024-06-27,attendee,9.1
ATT-002652,1413519731,EVT-0121,2024-06-27,attendee,7.8
ATT-002653,1423152481,EVT-0121,2024-06-27,attendee,4.8
ATT-002654,1433980129,EVT-0121,2024-06-27,attendee,7.1
ATT-002656,1516074709,EVT-0121,2024-06-27,attendee,7.3
ATT-002657,1557944620,EVT-0121,2024-06-27,attendee,8.0
ATT-002658,1688976343,EVT-0121,2024-06-27,attendee,8.4
ATT-002659,1689059347,EVT-0121,2024-06-27,attendee,4.4
ATT-002660,1740626134,EVT-0121,2024-06-27,attendee,4.0
ATT-002661,1806479196,EVT-0121,2024-06-27,attendee,6.1
ATT-002662,1857629178,EVT-0121,2024-06-27,attendee,3.5
ATT-002663,1964945871,EVT-0121,2024-06-27,attendee,8.6
ATT-002664,1656529157,EVT-0121,2024-06-27,speaker,9.1
ATT-002655,1497642888,EVT-0121,2024-06-29,attendee,4.1
ATT-002665,1026722938,EVT-0122,2024-07-03,attendee,9.9
ATT-002666,1074076039,EVT-0122,2024-07-03,attendee,5.5
ATT-002667,1076376403,EVT-0122,2024-07-03,attendee,8.5
ATT-002668,1078096579,EVT-0122,2024-07-03,attendee,5.6
ATT-002669,1124890801,EVT-0122,2024-07-03,attendee,8.2
ATT-002670,1133130363,EVT-0122,2024-07-03,attendee,8.3
ATT-002671,1240190284,EVT-0122,2024-07-03,attendee,5.8
ATT-002672,1267903205,EVT-0122,2024-07-03,attendee,7.0
ATT-002673,1271463741,EVT-0122,2024-07-03,attendee,5.8
ATT-002674,1278315217,EVT-0122,2024-07-03,attendee,4.8
ATT-002675,1279255164,EVT-0122,2024-07-03,attendee,7.4
ATT-002676,1279507085,EVT-0122,2024-07-03,attendee,6.7
ATT-002677,1286477181,EVT-0122,2024-07-03,attendee,5.4
ATT-002678,1328056928,EVT-0122,2024-07-03,attendee,4.7
ATT-002679,1361521440,EVT-0122,2024-07-03,attendee,5.3
ATT-002680,1456207657,EVT-0122,2024-07-03,attendee,7.9
ATT-002681,1516074709,EVT-0122,2024-07-03,attendee,6.7
ATT-002682,1595774286,EVT-0122,2024-07-03,attendee,7.3
ATT-002683,1631526641,EVT-0122,2024-07-03,attendee,
ATT-002684,1683943777,EVT-0122,2024-07-03,attendee,5.0
ATT-DUP-00123,1683943777,EVT-0122,2024-07-03,attendee,5.0
ATT-002685,1704331150,EVT-0122,2024-07-03,attendee,7.9
ATT-002686,1732527431,EVT-0122,2024-07-03,attendee,7.0
ATT-002687,1738903891,EVT-0122,2024-07-03,attendee,7.8
ATT-002688,1848624494,EVT-0122,2024-07-03,attendee,5.2
ATT-002689,1857629178,EVT-0122,2024-07-03,attendee,5.8
ATT-002690,1889776344,EVT-0122,2024-07-03,attendee,6.7
ATT-002691,1923786978,EVT-0122,2024-07-03,attendee,4.5
ATT-002692,1949335115,EVT-0122,2024-07-03,attendee,3.5
ATT-002693,1989798412,EVT-0122,2024-07-03,attendee,6.0
ATT-002694,1681526517,EVT-0122,2024-07-03,speaker,10.0
ATT-002695,1002145427,EVT-0123,2024-07-04,attendee,6.1
ATT-002696,1018018261,EVT-0123,2024-07-04,attendee,6.7
ATT-002697,1048976678,EVT-0123,2024-07-04,attendee,9.7
ATT-002698,1065870788,EVT-0123,2024-07-04,attendee,8.0
ATT-002699,1084471394,EVT-0123,2024-07-04,attendee,6.5
ATT-002700,1084919582,EVT-0123,2024-07-04,attendee,7.7
ATT-002701,1124726435,EVT-0123,2024-07-04,attendee,6.7
ATT-002702,1133130363,EVT-0123,2024-07-04,attendee,3.9
ATT-002703,1144669185,EVT-0123,2024-07-04,attendee,8.8
ATT-002704,1200480071,EVT-0123,2024-07-04,attendee,9.6
ATT-002705,1213511599,EVT-0123,2024-07-04,attendee,7.2
ATT-002706,1241711534,EVT-0123,2024-07-04,attendee,3.6
ATT-002707,1263807582,EVT-0123,2024-07-04,attendee,10.0
ATT-002708,1264333323,EVT-0123,2024-07-04,attendee,7.4
ATT-002709,1271768685,EVT-0123,2024-07-04,attendee,6.2
ATT-002710,1296552940,EVT-0123,2024-07-04,attendee,6.7
ATT-002711,1315385710,EVT-0123,2024-07-04,attendee,8.3
ATT-002712,1321405205,EVT-0123,2024-07-04,attendee,6.9
ATT-002713,1334266016,EVT-0123,2024-07-04,attendee,
ATT-002714,1389159553,EVT-0123,2024-07-04,attendee,7.1
ATT-002715,1418997171,EVT-0123,2024-07-04,attendee,8.7
ATT-002716,1423152481,EVT-0123,2024-07-04,attendee,6.1
ATT-002717,1425610817,EVT-0123,2024-07-04,attendee,6.6
ATT-002718,1436505063,EVT-0123,2024-07-04,attendee,6.4
ATT-002719,1523498065,EVT-0123,2024-07-04,attendee,6.2
ATT-002720,1615059528,EVT-0123,2024-07-04,attendee,6.9
ATT-002721,1674102136,EVT-0123,2024-07-04,attendee,3.9
ATT-002723,1689916181,EVT-0123,2024-07-04,attendee,6.1
ATT-002724,1725724532,EVT-0123,2024-07-04,attendee,8.7
ATT-002725,1747032997,EVT-0123,2024-07-04,attendee,6.1
ATT-002726,1812815243,EVT-0123,2024-07-04,attendee,10.0
ATT-002727,1848624494,EVT-0123,2024-07-04,attendee,6.9
ATT-002728,1903798589,EVT-0123,2024-07-04,attendee,8.2
ATT-002729,1927430854,EVT-0123,2024-07-04,attendee,6.5
ATT-002730,1937514325,EVT-0123,2024-07-04,attendee,9.0
ATT-002731,1955620046,EVT-0123,2024-07-04,attendee,6.5
ATT-002732,1219831884,EVT-0123,2024-07-04,speaker,9.0
ATT-002733,1002145427,EVT-0124,2024-07-04,attendee,6.4
ATT-002734,1018018261,EVT-0124,2024-07-04,attendee,9.7
ATT-002735,1076376403,EVT-0124,2024-07-04,attendee,
ATT-002736,1098995024,EVT-0124,2024-07-04,attendee,8.1
ATT-DUP-00082,1098995024,EVT-0124,2024-07-04,attendee,8.2
ATT-002737,1124890801,EVT-0124,2024-07-04,attendee,5.2
ATT-002738,1133130363,EVT-0124,2024-07-04,attendee,6.2
ATT-002739,1159841240,EVT-0124,2024-07-04,attendee,5.4
ATT-002740,1166368237,EVT-0124,2024-07-04,attendee,8.5
ATT-002741,1200480071,EVT-0124,2024-07-04,attendee,6.6
ATT-002742,1263807582,EVT-0124,2024-07-04,attendee,8.4
ATT-002743,1280087226,EVT-0124,2024-07-04,attendee,10.0
ATT-002744,1284061300,EVT-0124,2024-07-04,attendee,5.2
ATT-002745,1300654963,EVT-0124,2024-07-04,attendee,9.7
ATT-002746,1310164813,EVT-0124,2024-07-04,attendee,3.6
ATT-002747,1350739367,EVT-0124,2024-07-04,attendee,7.0
ATT-002748,1362560363,EVT-0124,2024-07-04,attendee,6.4
ATT-002749,1385532449,EVT-0124,2024-07-04,attendee,7.1
ATT-DUP-00074,1385532449,EVT-0124,2024-07-04,attendee,7.1
ATT-002750,1389574017,EVT-0124,2024-07-04,attendee,6.1
ATT-002751,1394609428,EVT-0124,2024-07-04,attendee,9.6
ATT-002752,1397955463,EVT-0124,2024-07-04,attendee,8.5
ATT-002753,1413519731,EVT-0124,2024-07-04,attendee,9.3
ATT-002754,1418997171,EVT-0124,2024-07-04,attendee,6.3
ATT-002755,1456299035,EVT-0124,2024-07-04,attendee,8.6
ATT-002756,1484724632,EVT-0124,2024-07-04,attendee,6.9
ATT-002757,1567742360,EVT-0124,2024-07-04,attendee,6.1
ATT-002758,1621199177,EVT-0124,2024-07-04,attendee,5.5
ATT-002759,1670560261,EVT-0124,2024-07-04,attendee,6.0
ATT-002760,1689916181,EVT-0124,2024-07-04,attendee,6.0
ATT-002761,1697719783,EVT-0124,2024-07-04,attendee,6.4
ATT-002762,1710163217,EVT-0124,2024-07-04,attendee,9.3
ATT-002763,1742579091,EVT-0124,2024-07-04,attendee,3.5
ATT-002764,1848624494,EVT-0124,2024-07-04,attendee,3.7
ATT-002765,1856406925,EVT-0124,2024-07-04,attendee,5.6
ATT-002766,1949335115,EVT-0124,2024-07-04,attendee,6.8
ATT-002767,1955620046,EVT-0124,2024-07-04,attendee,6.3
ATT-002768,1619471448,EVT-0124,2024-07-04,speaker,9.7
ATT-DUP-00159,1619471448,EVT-0124,2024-07-04,speaker,9.8
ATT-002769,1009179924,EVT-0125,2024-07-05,attendee,
ATT-002770,1123148250,EVT-0125,2024-07-05,attendee,8.4
ATT-002771,1138208594,EVT-0125,2024-07-05,attendee,5.5
ATT-002772,1341556789,EVT-0125,2024-07-05,attendee,7.4
ATT-DUP-00107,1341556789,EVT-0125,2024-07-05,attendee,7.5
ATT-002773,1368009035,EVT-0125,2024-07-05,attendee,5.3
ATT-002774,1460081361,EVT-0125,2024-07-05,attendee,9.1
ATT-002775,1475115246,EVT-0125,2024-07-05,attendee,5.9
ATT-002776,1492077734,EVT-0125,2024-07-05,attendee,6.5
ATT-002777,1516074709,EVT-0125,2024-07-05,attendee,6.7
ATT-002778,1631526641,EVT-0125,2024-07-05,attendee,6.1
ATT-002779,1648553570,EVT-0125,2024-07-05,attendee,8.1
ATT-002780,1655321622,EVT-0125,2024-07-05,attendee,5.8
ATT-002781,1701585576,EVT-0125,2024-07-05,attendee,7.1
ATT-002782,1732000645,EVT-0125,2024-07-05,attendee,4.8
ATT-002783,1745601371,EVT-0125,2024-07-05,attendee,3.9
ATT-002784,1760628762,EVT-0125,2024-07-05,attendee,7.3
ATT-002785,1766730505,EVT-0125,2024-07-05,attendee,6.8
ATT-002786,1901019392,EVT-0125,2024-07-05,attendee,8.0
ATT-002787,1969108517,EVT-0125,2024-07-05,attendee,5.7
ATT-002788,1799582725,EVT-0125,2024-07-05,speaker,8.8
ATT-002722,1689059347,EVT-0123,2024-07-06,attendee,3.0
ATT-002789,1058647219,EVT-0126,2024-07-10,attendee,7.0
ATT-002790,1075036339,EVT-0126,2024-07-10,attendee,2.0
ATT-002791,1139166684,EVT-0126,2024-07-10,attendee,6.6
ATT-002792,1370467684,EVT-0126,2024-07-10,attendee,3.9
ATT-002793,1449331358,EVT-0126,2024-07-10,attendee,6.5
ATT-002794,1533003293,EVT-0126,2024-07-10,attendee,4.5
ATT-002795,1547112395,EVT-0126,2024-07-10,attendee,2.8
ATT-002796,1647700669,EVT-0126,2024-07-10,attendee,3.7
ATT-002797,1688976343,EVT-0126,2024-07-10,attendee,7.7
ATT-002798,1782077311,EVT-0126,2024-07-10,attendee,6.8
ATT-002799,1880717263,EVT-0126,2024-07-10,attendee,5.8
ATT-002800,1889776344,EVT-0126,2024-07-10,attendee,6.4
ATT-002801,1964572899,EVT-0126,2024-07-10,attendee,2.8
ATT-002802,1676011079,EVT-0126,2024-07-10,speaker,8.4
ATT-002803,1019230758,EVT-0127,2024-07-21,attendee,7.0
ATT-002804,1044379984,EVT-0127,2024-07-21,attendee,4.4
ATT-002805,1189244753,EVT-0127,2024-07-21,attendee,8.1
ATT-002806,1467704312,EVT-0127,2024-07-21,attendee,6.0
ATT-002807,1592062677,EVT-0127,2024-07-21,attendee,6.3
ATT-002808,1616418756,EVT-0127,2024-07-21,attendee,7.3
ATT-002809,1635476009,EVT-0127,2024-07-21,attendee,6.6
ATT-002810,1921646299,EVT-0127,2024-07-21,attendee,8.2
ATT-002811,1737156715,EVT-0127,2024-07-21,speaker,9.2
ATT-002812,1002145427,EVT-0128,2024-08-14,attendee,5.4
ATT-002813,1048976678,EVT-0128,2024-08-14,attendee,7.3
ATT-002814,1080672524,EVT-0128,2024-08-14,attendee,7.3
ATT-002815,1133130363,EVT-0128,2024-08-14,attendee,6.8
ATT-002816,1166368237,EVT-0128,2024-08-14,attendee,6.4
ATT-002817,1170846871,EVT-0128,2024-08-14,attendee,7.0
ATT-002818,1180932224,EVT-0128,2024-08-14,attendee,5.7
ATT-002819,1227780172,EVT-0128,2024-08-14,attendee,9.3
ATT-002821,1300654963,EVT-0128,2024-08-14,attendee,6.8
ATT-002822,1385532449,EVT-0128,2024-08-14,attendee,10.0
ATT-002823,1397955463,EVT-0128,2024-08-14,attendee,7.1
ATT-002824,1413519731,EVT-0128,2024-08-14,attendee,7.8
ATT-002825,1418997171,EVT-0128,2024-08-14,attendee,10.0
ATT-002826,1423152481,EVT-0128,2024-08-14,attendee,10.0
ATT-002827,1425340662,EVT-0128,2024-08-14,attendee,6.3
ATT-002828,1425610817,EVT-0128,2024-08-14,attendee,5.1
ATT-002829,1548652282,EVT-0128,2024-08-14,attendee,5.6
ATT-DUP-00069,1548652282,EVT-0128,2024-08-14,attendee,5.6
ATT-002830,1552813903,EVT-0128,2024-08-14,attendee,8.1
ATT-002831,1592123891,EVT-0128,2024-08-14,attendee,8.1
ATT-002832,1613561947,EVT-0128,2024-08-14,attendee,7.5
ATT-002833,1615059528,EVT-0128,2024-08-14,attendee,7.3
ATT-002834,1621199177,EVT-0128,2024-08-14,attendee,6.6
ATT-002835,1639269087,EVT-0128,2024-08-14,attendee,8.4
ATT-002836,1707435529,EVT-0128,2024-08-14,attendee,10.0
ATT-002837,1732527431,EVT-0128,2024-08-14,attendee,6.8
ATT-002838,1747032997,EVT-0128,2024-08-14,attendee,8.2
ATT-002839,1815807585,EVT-0128,2024-08-14,attendee,6.9
ATT-002840,1922670785,EVT-0128,2024-08-14,attendee,4.9
ATT-002841,1924355757,EVT-0128,2024-08-14,attendee,7.0
ATT-002842,1927430854,EVT-0128,2024-08-14,attendee,6.2
ATT-002843,1937514325,EVT-0128,2024-08-14,attendee,5.2
ATT-002844,1955620046,EVT-0128,2024-08-14,attendee,9.0
ATT-002845,1101338055,EVT-0128,2024-08-14,speaker,9.4
ATT-002820,1268222167,EVT-0128,2024-08-15,attendee,6.1
ATT-002846,1040239976,EVT-0129,2024-08-25,attendee,3.8
ATT-002847,1357524945,EVT-0129,2024-08-25,attendee,6.4
ATT-002848,1428792083,EVT-0129,2024-08-25,attendee,4.5
ATT-002849,1435949049,EVT-0129,2024-08-25,attendee,8.6
ATT-002850,1595774286,EVT-0129,2024-08-25,attendee,5.8
ATT-002851,1598661571,EVT-0129,2024-08-25,attendee,7.9
ATT-002852,1647196991,EVT-0129,2024-08-25,attendee,7.6
ATT-002853,1690348028,EVT-0129,2024-08-25,attendee,6.2
ATT-002854,1757283357,EVT-0129,2024-08-25,attendee,6.8
ATT-002855,1768831921,EVT-0129,2024-08-25,attendee,7.6
ATT-002856,1808310134,EVT-0129,2024-08-25,attendee,6.2
ATT-002857,1847082322,EVT-0129,2024-08-25,attendee,3.6
ATT-002858,1944079924,EVT-0129,2024-08-25,attendee,8.3
ATT-002859,1570328496,EVT-0129,2024-08-25,speaker,9.0
ATT-002860,1009179924,EVT-0130,2024-09-05,attendee,8.0
ATT-002861,1031568581,EVT-0130,2024-09-05,attendee,3.2
ATT-002862,1048976678,EVT-0130,2024-09-05,attendee,7.9
ATT-002863,1050705288,EVT-0130,2024-09-05,attendee,6.6
ATT-002864,1074076039,EVT-0130,2024-09-05,attendee,6.1
ATT-002865,1117854327,EVT-0130,2024-09-05,attendee,3.6
ATT-002866,1200480071,EVT-0130,2024-09-05,attendee,7.0
ATT-002867,1202669523,EVT-0130,2024-09-05,attendee,6.7
ATT-002868,1223523766,EVT-0130,2024-09-05,attendee,5.6
ATT-002869,1237205202,EVT-0130,2024-09-05,attendee,7.5
ATT-002870,1244876920,EVT-0130,2024-09-05,attendee,3.9
ATT-002871,1264333323,EVT-0130,2024-09-05,attendee,9.3
ATT-002872,1265952337,EVT-0130,2024-09-05,attendee,5.0
ATT-002873,1299418347,EVT-0130,2024-09-05,attendee,6.4
ATT-002874,1332369119,EVT-0130,2024-09-05,attendee,3.9
ATT-002875,1350739367,EVT-0130,2024-09-05,attendee,5.4
ATT-002876,1397955463,EVT-0130,2024-09-05,attendee,5.7
ATT-002877,1455101661,EVT-0130,2024-09-05,attendee,7.6
ATT-002878,1475115246,EVT-0130,2024-09-05,attendee,7.2
ATT-002879,1566888198,EVT-0130,2024-09-05,attendee,6.5
ATT-002880,1610177150,EVT-0130,2024-09-05,attendee,7.8
ATT-002881,1639269087,EVT-0130,2024-09-05,attendee,7.0
ATT-002882,1647196991,EVT-0130,2024-09-05,attendee,6.6
ATT-002883,1657725655,EVT-0130,2024-09-05,attendee,6.4
ATT-002884,1670701188,EVT-0130,2024-09-05,attendee,5.9
ATT-002885,1672904236,EVT-0130,2024-09-05,attendee,5.8
ATT-002886,1683943777,EVT-0130,2024-09-05,attendee,6.9
ATT-002887,1688976343,EVT-0130,2024-09-05,attendee,6.1
ATT-002888,1701585576,EVT-0130,2024-09-05,attendee,4.5
ATT-002889,1707435529,EVT-0130,2024-09-05,attendee,5.7
ATT-002890,1732000645,EVT-0130,2024-09-05,attendee,3.5
ATT-002891,1732914373,EVT-0130,2024-09-05,attendee,5.6
ATT-002892,1742859469,EVT-0130,2024-09-05,attendee,5.4
ATT-002893,1776723276,EVT-0130,2024-09-05,attendee,4.9
ATT-002894,1848624494,EVT-0130,2024-09-05,attendee,7.1
ATT-002895,1908127628,EVT-0130,2024-09-05,attendee,4.4
ATT-002896,1927430854,EVT-0130,2024-09-05,attendee,10.0
ATT-002897,1955620046,EVT-0130,2024-09-05,attendee,7.9
ATT-002898,1964945871,EVT-0130,2024-09-05,attendee,6.8
ATT-002899,1991291398,EVT-0130,2024-09-05,attendee,6.1
ATT-002900,1645750203,EVT-0130,2024-09-05,speaker,9.0
ATT-002901,1002145427,EVT-0131,2024-09-08,attendee,6.3
ATT-002902,1018018261,EVT-0131,2024-09-08,attendee,7.5
ATT-002903,1057676243,EVT-0131,2024-09-08,attendee,5.9
ATT-002904,1065870788,EVT-0131,2024-09-08,attendee,7.5
ATT-002905,1094274762,EVT-0131,2024-09-08,attendee,3.4
ATT-002906,1098995024,EVT-0131,2024-09-08,attendee,7.1
ATT-002907,1124726435,EVT-0131,2024-09-08,attendee,5.8
ATT-002908,1133130363,EVT-0131,2024-09-08,attendee,6.0
ATT-002909,1144669185,EVT-0131,2024-09-08,attendee,8.7
ATT-002910,1189769080,EVT-0131,2024-09-08,attendee,8.5
ATT-002911,1200480071,EVT-0131,2024-09-08,attendee,7.4
ATT-002912,1209829039,EVT-0131,2024-09-08,attendee,5.2
ATT-002913,1213511599,EVT-0131,2024-09-08,attendee,8.9
ATT-002914,1263807582,EVT-0131,2024-09-08,attendee,10.0
ATT-002915,1264333323,EVT-0131,2024-09-08,attendee,10.0
ATT-002916,1296552940,EVT-0131,2024-09-08,attendee,6.1
ATT-002917,1315385710,EVT-0131,2024-09-08,attendee,10.0
ATT-002918,1316743925,EVT-0131,2024-09-08,attendee,9.4
ATT-002919,1321405205,EVT-0131,2024-09-08,attendee,3.5
ATT-002920,1335670091,EVT-0131,2024-09-08,attendee,8.4
ATT-002921,1356982086,EVT-0131,2024-09-08,attendee,6.1
ATT-002922,1377426493,EVT-0131,2024-09-08,attendee,6.6
ATT-002923,1385532449,EVT-0131,2024-09-08,attendee,10.0
ATT-002924,1413519731,EVT-0131,2024-09-08,attendee,9.9
ATT-002925,1418997171,EVT-0131,2024-09-08,attendee,6.1
ATT-DUP-00092,1418997171,EVT-0131,2024-09-08,attendee,6.1
ATT-002926,1456299035,EVT-0131,2024-09-08,attendee,6.2
ATT-002927,1509977165,EVT-0131,2024-09-08,attendee,7.5
ATT-DUP-00021,1509977165,EVT-0131,2024-09-08,attendee,7.5
ATT-002928,1523498065,EVT-0131,2024-09-08,attendee,3.8
ATT-002929,1536278926,EVT-0131,2024-09-08,attendee,5.4
ATT-002930,1546151204,EVT-0131,2024-09-08,attendee,7.0
ATT-002931,1552813903,EVT-0131,2024-09-08,attendee,8.5
ATT-002932,1592123891,EVT-0131,2024-09-08,attendee,7.8
ATT-002933,1595301304,EVT-0131,2024-09-08,attendee,8.8
ATT-002934,1635581279,EVT-0131,2024-09-08,attendee,10.0
ATT-002935,1644815767,EVT-0131,2024-09-08,attendee,8.2
ATT-002936,1657035808,EVT-0131,2024-09-08,attendee,3.3
ATT-002937,1674102136,EVT-0131,2024-09-08,attendee,5.6
ATT-002938,1689916181,EVT-0131,2024-09-08,attendee,7.1
ATT-002939,1725724532,EVT-0131,2024-09-08,attendee,7.7
ATT-002940,1742579091,EVT-0131,2024-09-08,attendee,7.8
ATT-002941,1747032997,EVT-0131,2024-09-08,attendee,8.6
ATT-002942,1747637738,EVT-0131,2024-09-08,attendee,6.9
ATT-002943,1812815243,EVT-0131,2024-09-08,attendee,10.0
ATT-002944,1815807585,EVT-0131,2024-09-08,attendee,8.4
ATT-002945,1824172013,EVT-0131,2024-09-08,attendee,7.1
ATT-002946,1903798589,EVT-0131,2024-09-08,attendee,8.7
ATT-002947,1924355757,EVT-0131,2024-09-08,attendee,8.2
ATT-002948,1937514325,EVT-0131,2024-09-08,attendee,5.8
ATT-002949,1955620046,EVT-0131,2024-09-08,attendee,7.9
ATT-002950,1965727443,EVT-0131,2024-09-08,attendee,5.8
ATT-002951,1989798412,EVT-0131,2024-09-08,attendee,7.0
ATT-002952,1250670316,EVT-0131,2024-09-08,speaker,9.1
ATT-002954,1120080837,EVT-0132,2024-09-13,attendee,7.1
ATT-002953,1074076039,EVT-0132,2024-09-14,attendee,4.7
ATT-002955,1299418347,EVT-0132,2024-09-14,attendee,6.5
ATT-002956,1341556789,EVT-0132,2024-09-14,attendee,
ATT-002957,1362560363,EVT-0132,2024-09-14,attendee,6.0
ATT-002958,1475115246,EVT-0132,2024-09-14,attendee,7.1
ATT-002959,1516074709,EVT-0132,2024-09-14,attendee,7.5
ATT-002960,1594466975,EVT-0132,2024-09-14,attendee,3.7
ATT-002961,1683943777,EVT-0132,2024-09-14,attendee,7.9
ATT-002962,1710163217,EVT-0132,2024-09-14,attendee,4.7
ATT-002963,1724092733,EVT-0132,2024-09-14,attendee,7.6
ATT-002964,1884150503,EVT-0132,2024-09-14,speaker,9.1
ATT-002965,1009179924,EVT-0133,2024-09-19,attendee,7.3
ATT-002966,1078096579,EVT-0133,2024-09-19,attendee,6.6
ATT-002967,1123148250,EVT-0133,2024-09-19,attendee,4.3
ATT-002968,1176034100,EVT-0133,2024-09-19,attendee,5.9
ATT-002969,1350739367,EVT-0133,2024-09-19,attendee,6.0
ATT-002970,1362560363,EVT-0133,2024-09-19,attendee,
ATT-002971,1376656900,EVT-0133,2024-09-19,attendee,9.1
ATT-002972,1386514024,EVT-0133,2024-09-19,attendee,8.7
ATT-002973,1494868502,EVT-0133,2024-09-19,attendee,4.0
ATT-002974,1551962891,EVT-0133,2024-09-19,attendee,1.2
ATT-002975,1594466975,EVT-0133,2024-09-19,attendee,3.0
ATT-002976,1610177150,EVT-0133,2024-09-19,attendee,8.2
ATT-002977,1631526641,EVT-0133,2024-09-19,attendee,5.6
ATT-002978,1670701188,EVT-0133,2024-09-19,attendee,9.7
ATT-002979,1683943777,EVT-0133,2024-09-19,attendee,3.8
ATT-002980,1701585576,EVT-0133,2024-09-19,attendee,7.3
ATT-002981,1710163217,EVT-0133,2024-09-19,attendee,7.8
ATT-002982,1885189138,EVT-0133,2024-09-19,attendee,5.6
ATT-002983,1607660754,EVT-0133,2024-09-19,speaker,9.5
ATT-002984,1085110611,EVT-0134,2024-09-22,attendee,4.7
ATT-002985,1244876920,EVT-0134,2024-09-22,attendee,1.8
ATT-002986,1635476009,EVT-0134,2024-09-22,attendee,9.2
ATT-002987,1749355669,EVT-0134,2024-09-22,attendee,3.8
ATT-002988,1075693709,EVT-0134,2024-09-22,speaker,9.3
ATT-002989,1357524945,EVT-0135,2024-09-24,attendee,10.0
ATT-002990,1393791409,EVT-0135,2024-09-24,attendee,6.2
ATT-002991,1520551320,EVT-0135,2024-09-24,attendee,8.5
ATT-002992,1595774286,EVT-0135,2024-09-24,attendee,8.1
ATT-002993,1598661571,EVT-0135,2024-09-24,attendee,6.7
ATT-002994,1610429726,EVT-0135,2024-09-24,attendee,2.8
ATT-002995,1616839134,EVT-0135,2024-09-24,attendee,9.4
ATT-002996,1892307210,EVT-0135,2024-09-24,attendee,4.8
ATT-002997,1944079924,EVT-0135,2024-09-24,attendee,4.8
ATT-002998,1968209027,EVT-0135,2024-09-24,attendee,8.3
ATT-002999,1285907337,EVT-0135,2024-09-24,speaker,9.0
ATT-003000,1009179924,EVT-0136,2024-09-25,attendee,5.7
ATT-003001,1015191335,EVT-0136,2024-09-25,attendee,4.2
ATT-003002,1078096579,EVT-0136,2024-09-25,attendee,7.0
ATT-003003,1123148250,EVT-0136,2024-09-25,attendee,5.9
ATT-003004,1265952337,EVT-0136,2024-09-25,attendee,7.4
ATT-003005,1286477181,EVT-0136,2024-09-25,attendee,8.6
ATT-003006,1332369119,EVT-0136,2024-09-25,attendee,5.2
ATT-003007,1361620622,EVT-0136,2024-09-25,attendee,5.6
ATT-003008,1409960642,EVT-0136,2024-09-25,attendee,8.3
ATT-003009,1475115246,EVT-0136,2024-09-25,attendee,4.9
ATT-003010,1492077734,EVT-0136,2024-09-25,attendee,6.0
ATT-003011,1516074709,EVT-0136,2024-09-25,attendee,4.4
ATT-003012,1670701188,EVT-0136,2024-09-25,attendee,5.8
ATT-003013,1683943777,EVT-0136,2024-09-25,attendee,10.0
ATT-003014,1722038985,EVT-0136,2024-09-25,attendee,8.3
ATT-003015,1745601371,EVT-0136,2024-09-25,attendee,6.6
ATT-003016,1762664088,EVT-0136,2024-09-25,attendee,4.5
ATT-003017,1814938340,EVT-0136,2024-09-25,attendee,8.1
ATT-003018,1856406925,EVT-0136,2024-09-25,attendee,6.5
ATT-003019,1934763735,EVT-0136,2024-09-25,attendee,7.4
ATT-003020,1934829601,EVT-0136,2024-09-25,attendee,4.7
ATT-003021,1713480105,EVT-0136,2024-09-25,speaker,9.0
ATT-003022,1009179924,EVT-0137,2024-09-25,attendee,8.8
ATT-003023,1265952337,EVT-0137,2024-09-25,attendee,7.4
ATT-003024,1279255164,EVT-0137,2024-09-25,attendee,
ATT-DUP-00086,1279255164,EVT-0137,2024-09-25,attendee,4.1
ATT-003025,1299418347,EVT-0137,2024-09-25,attendee,9.5
ATT-003026,1460081361,EVT-0137,2024-09-25,attendee,7.6
ATT-003027,1494868502,EVT-0137,2024-09-25,attendee,6.0
ATT-003028,1516074709,EVT-0137,2024-09-25,attendee,4.5
ATT-003029,1610177150,EVT-0137,2024-09-25,attendee,7.2
ATT-003030,1648553570,EVT-0137,2024-09-25,attendee,8.5
ATT-003031,1657725655,EVT-0137,2024-09-25,attendee,9.5
ATT-003033,1710163217,EVT-0137,2024-09-25,attendee,6.7
ATT-003034,1722898792,EVT-0137,2024-09-25,attendee,8.0
ATT-003035,1760628762,EVT-0137,2024-09-25,attendee,7.7
ATT-003036,1787619711,EVT-0137,2024-09-25,attendee,
ATT-003037,1806103952,EVT-0137,2024-09-25,attendee,
ATT-DUP-00149,1806103952,EVT-0137,2024-09-25,attendee,8.1
ATT-003038,1814938340,EVT-0137,2024-09-25,attendee,5.4
ATT-003039,1901019392,EVT-0137,2024-09-25,attendee,5.9
ATT-003040,1934763735,EVT-0137,2024-09-25,attendee,6.1
ATT-003041,1934829601,EVT-0137,2024-09-25,attendee,8.4
ATT-003042,1211781301,EVT-0137,2024-09-25,speaker,8.3
ATT-003032,1683943777,EVT-0137,2024-09-27,attendee,5.3
ATT-003043,1038444141,EVT-0138,2024-09-29,attendee,5.3
ATT-003044,1240190284,EVT-0138,2024-09-29,attendee,6.9
ATT-003045,1292975558,EVT-0138,2024-09-29,attendee,10.0
ATT-003046,1663073843,EVT-0138,2024-09-29,attendee,5.7
ATT-DUP-00033,1663073843,EVT-0138,2024-09-29,attendee,5.7
ATT-003047,1679256069,EVT-0138,2024-09-29,attendee,3.9
ATT-003048,1840863041,EVT-0138,2024-09-29,attendee,5.8
ATT-003049,1026804116,EVT-0138,2024-09-29,speaker,9.8
ATT-003050,1394982015,EVT-0139,2024-10-04,attendee,6.3
ATT-003051,1535436392,EVT-0139,2024-10-04,attendee,2.3
ATT-003052,1599989245,EVT-0139,2024-10-04,attendee,3.3
ATT-003053,1621842156,EVT-0139,2024-10-04,attendee,7.8
ATT-003054,1758206720,EVT-0139,2024-10-04,attendee,4.8
ATT-003055,1785764022,EVT-0139,2024-10-04,attendee,5.2
ATT-003056,1360698140,EVT-0139,2024-10-04,speaker,8.3
ATT-003057,1002145427,EVT-0140,2024-10-06,attendee,9.2
ATT-003058,1018018261,EVT-0140,2024-10-06,attendee,7.9
ATT-003059,1036327983,EVT-0140,2024-10-06,attendee,3.6
ATT-003060,1124726435,EVT-0140,2024-10-06,attendee,7.2
ATT-DUP-00028,1124726435,EVT-0140,2024-10-06,attendee,7.2
ATT-003061,1133130363,EVT-0140,2024-10-06,attendee,7.8
ATT-003062,1144669185,EVT-0140,2024-10-06,attendee,10.0
ATT-003063,1200480071,EVT-0140,2024-10-06,attendee,7.1
ATT-003064,1213511599,EVT-0140,2024-10-06,attendee,10.0
ATT-003065,1227780172,EVT-0140,2024-10-06,attendee,5.8
ATT-003066,1263807582,EVT-0140,2024-10-06,attendee,9.8
ATT-003067,1268222167,EVT-0140,2024-10-06,attendee,6.5
ATT-003068,1280087226,EVT-0140,2024-10-06,attendee,5.8
ATT-003069,1377426493,EVT-0140,2024-10-06,attendee,8.5
ATT-003070,1418997171,EVT-0140,2024-10-06,attendee,5.2
ATT-003071,1423152481,EVT-0140,2024-10-06,attendee,7.7
ATT-003072,1456207657,EVT-0140,2024-10-06,attendee,7.0
ATT-003073,1552813903,EVT-0140,2024-10-06,attendee,8.3
ATT-003074,1665478461,EVT-0140,2024-10-06,attendee,7.6
ATT-003075,1689916181,EVT-0140,2024-10-06,attendee,8.5
ATT-003076,1732527431,EVT-0140,2024-10-06,attendee,7.3
ATT-003077,1742579091,EVT-0140,2024-10-06,attendee,7.0
ATT-003078,1806479196,EVT-0140,2024-10-06,attendee,4.5
ATT-003079,1844747141,EVT-0140,2024-10-06,attendee,4.6
ATT-003080,1896554999,EVT-0140,2024-10-06,attendee,9.1
ATT-DUP-00045,1896554999,EVT-0140,2024-10-06,attendee,9.1
ATT-003081,1903798589,EVT-0140,2024-10-06,attendee,7.0
ATT-003082,1927430854,EVT-0140,2024-10-06,attendee,7.4
ATT-003083,1955620046,EVT-0140,2024-10-06,attendee,9.0
ATT-003084,1338119237,EVT-0140,2024-10-06,speaker,9.9
ATT-003118,1897395806,EVT-0142,2024-10-06,attendee,5.6
ATT-003141,1740047711,EVT-0143,2024-10-07,attendee,7.2
ATT-003085,1103232447,EVT-0141,2024-10-08,attendee,5.9
ATT-003086,1163199601,EVT-0141,2024-10-08,attendee,6.2
ATT-003087,1243754490,EVT-0141,2024-10-08,attendee,5.0
ATT-003088,1413495239,EVT-0141,2024-10-08,attendee,8.3
ATT-003089,1467704312,EVT-0141,2024-10-08,attendee,6.3
ATT-003090,1592062677,EVT-0141,2024-10-08,attendee,9.7
ATT-003091,1616418756,EVT-0141,2024-10-08,attendee,7.8
ATT-003092,1635476009,EVT-0141,2024-10-08,attendee,9.5
ATT-003093,1824149854,EVT-0141,2024-10-08,attendee,5.2
ATT-003094,1836939912,EVT-0141,2024-10-08,attendee,8.5
ATT-003095,1720146327,EVT-0141,2024-10-08,speaker,9.8
ATT-003096,1002145427,EVT-0142,2024-10-08,attendee,6.2
ATT-003097,1081051991,EVT-0142,2024-10-08,attendee,3.8
ATT-003098,1124726435,EVT-0142,2024-10-08,attendee,7.7
ATT-003099,1136500869,EVT-0142,2024-10-08,attendee,6.5
ATT-003100,1139166684,EVT-0142,2024-10-08,attendee,4.3
ATT-003101,1179994367,EVT-0142,2024-10-08,attendee,2.6
ATT-003102,1238983617,EVT-0142,2024-10-08,attendee,7.7
ATT-003103,1271768685,EVT-0142,2024-10-08,attendee,8.1
ATT-003104,1287287258,EVT-0142,2024-10-08,attendee,9.4
ATT-003105,1332369119,EVT-0142,2024-10-08,attendee,6.5
ATT-DUP-00024,1332369119,EVT-0142,2024-10-08,attendee,6.2
ATT-003106,1456207657,EVT-0142,2024-10-08,attendee,3.9
ATT-003107,1533003293,EVT-0142,2024-10-08,attendee,5.6
ATT-003108,1555906795,EVT-0142,2024-10-08,attendee,3.8
ATT-003109,1556860702,EVT-0142,2024-10-08,attendee,6.3
ATT-003110,1592123891,EVT-0142,2024-10-08,attendee,8.6
ATT-003111,1688976343,EVT-0142,2024-10-08,attendee,7.9
ATT-003112,1704331150,EVT-0142,2024-10-08,attendee,5.7
ATT-003113,1706991829,EVT-0142,2024-10-08,attendee,3.2
ATT-003114,1779411515,EVT-0142,2024-10-08,attendee,4.1
ATT-DUP-00150,1779411515,EVT-0142,2024-10-08,attendee,3.8
ATT-003115,1815807585,EVT-0142,2024-10-08,attendee,5.8
ATT-003116,1832506087,EVT-0142,2024-10-08,attendee,7.9
ATT-003117,1848624494,EVT-0142,2024-10-08,attendee,8.7
ATT-003119,1964945871,EVT-0142,2024-10-08,attendee,6.0
ATT-003120,1993367014,EVT-0142,2024-10-08,attendee,4.2
ATT-003121,1221582384,EVT-0142,2024-10-08,speaker,9.1
ATT-DUP-00078,1221582384,EVT-0142,2024-10-08,speaker,9.1
ATT-003122,1050705288,EVT-0143,2024-10-09,attendee,10.0
ATT-003123,1094274762,EVT-0143,2024-10-09,attendee,4.5
ATT-DUP-00029,1094274762,EVT-0143,2024-10-09,attendee,4.5
ATT-003124,1180932224,EVT-0143,2024-10-09,attendee,8.3
ATT-003125,1227780172,EVT-0143,2024-10-09,attendee,7.3
ATT-003126,1263807582,EVT-0143,2024-10-09,attendee,9.5
ATT-003127,1274985831,EVT-0143,2024-10-09,attendee,6.4
ATT-003128,1296624285,EVT-0143,2024-10-09,attendee,5.5
ATT-003129,1297280590,EVT-0143,2024-10-09,attendee,5.5
ATT-003130,1311764207,EVT-0143,2024-10-09,attendee,6.0
ATT-003131,1355374483,EVT-0143,2024-10-09,attendee,5.6
ATT-003132,1389159553,EVT-0143,2024-10-09,attendee,6.6
ATT-003133,1423152481,EVT-0143,2024-10-09,attendee,4.2
ATT-003134,1456207657,EVT-0143,2024-10-09,attendee,5.8
ATT-003135,1456299035,EVT-0143,2024-10-09,attendee,6.1
ATT-003136,1536278926,EVT-0143,2024-10-09,attendee,5.4
ATT-003137,1567742360,EVT-0143,2024-10-09,attendee,7.7
ATT-003138,1599978586,EVT-0143,2024-10-09,attendee,8.0
ATT-003139,1621199177,EVT-0143,2024-10-09,attendee,6.1
ATT-003140,1686880901,EVT-0143,2024-10-09,attendee,3.6
ATT-003142,1752727945,EVT-0143,2024-10-09,attendee,6.2
ATT-003143,1806707737,EVT-0143,2024-10-09,attendee,4.5
ATT-003144,1824172013,EVT-0143,2024-10-09,attendee,10.0
ATT-003145,1832506087,EVT-0143,2024-10-09,attendee,9.9
ATT-003146,1844747141,EVT-0143,2024-10-09,attendee,8.0
ATT-003147,1896554999,EVT-0143,2024-10-09,attendee,6.8
ATT-003148,1903798589,EVT-0143,2024-10-09,attendee,4.6
ATT-003149,1927430854,EVT-0143,2024-10-09,attendee,6.9
ATT-003150,1937514325,EVT-0143,2024-10-09,attendee,9.3
ATT-003151,1955620046,EVT-0143,2024-10-09,attendee,5.9
ATT-003152,1964945871,EVT-0143,2024-10-09,attendee,4.7
ATT-003153,1989798412,EVT-0143,2024-10-09,attendee,8.3
ATT-003154,1513803142,EVT-0143,2024-10-09,speaker,8.6
ATT-003155,1050705288,EVT-0144,2024-10-18,attendee,5.5
ATT-003156,1058647219,EVT-0144,2024-10-18,attendee,7.2
ATT-003157,1078096579,EVT-0144,2024-10-18,attendee,2.6
ATT-003158,1094274762,EVT-0144,2024-10-18,attendee,6.8
ATT-003159,1133130363,EVT-0144,2024-10-18,attendee,
ATT-003160,1139166684,EVT-0144,2024-10-18,attendee,7.4
ATT-003161,1190842652,EVT-0144,2024-10-18,attendee,8.1
ATT-003162,1229022169,EVT-0144,2024-10-18,attendee,5.7
ATT-003163,1250017203,EVT-0144,2024-10-18,attendee,8.9
ATT-003164,1250474354,EVT-0144,2024-10-18,attendee,3.5
ATT-003165,1263807582,EVT-0144,2024-10-18,attendee,7.6
ATT-003166,1266945785,EVT-0144,2024-10-18,attendee,9.0
ATT-003167,1309371148,EVT-0144,2024-10-18,attendee,6.2
ATT-003168,1326905712,EVT-0144,2024-10-18,attendee,3.9
ATT-003169,1341556789,EVT-0144,2024-10-18,attendee,6.6
ATT-003170,1393791409,EVT-0144,2024-10-18,attendee,5.5
ATT-003171,1567742360,EVT-0144,2024-10-18,attendee,5.8
ATT-003172,1599978586,EVT-0144,2024-10-18,attendee,10.0
ATT-003173,1599989245,EVT-0144,2024-10-18,attendee,5.1
ATT-003174,1647700669,EVT-0144,2024-10-18,attendee,1.8
ATT-003175,1710163217,EVT-0144,2024-10-18,attendee,8.9
ATT-003176,1749355669,EVT-0144,2024-10-18,attendee,6.5
ATT-003177,1776723276,EVT-0144,2024-10-18,attendee,8.2
ATT-003178,1924355757,EVT-0144,2024-10-18,attendee,9.2
ATT-003179,1934763735,EVT-0144,2024-10-18,attendee,5.8
ATT-003180,1991291398,EVT-0144,2024-10-18,attendee,8.4
ATT-003181,1589965130,EVT-0144,2024-10-18,speaker,9.9
ATT-003182,1103232447,EVT-0145,2024-10-20,attendee,6.5
ATT-003183,1159841240,EVT-0145,2024-10-20,attendee,5.6
ATT-003184,1163199601,EVT-0145,2024-10-20,attendee,4.7
ATT-003185,1327009084,EVT-0145,2024-10-20,attendee,5.4
ATT-003186,1467704312,EVT-0145,2024-10-20,attendee,9.9
ATT-003187,1548035017,EVT-0145,2024-10-20,attendee,3.7
ATT-003188,1592062677,EVT-0145,2024-10-20,attendee,7.8
ATT-003189,1616418756,EVT-0145,2024-10-20,attendee,7.2
ATT-003190,1635476009,EVT-0145,2024-10-20,attendee,8.1
ATT-003191,1728890785,EVT-0145,2024-10-20,attendee,6.3
ATT-003192,1980975555,EVT-0145,2024-10-20,attendee,6.8
ATT-003193,1410724201,EVT-0145,2024-10-20,speaker,9.3
ATT-003196,1180932224,EVT-0146,2024-10-20,attendee,7.2
ATT-003194,1031907094,EVT-0146,2024-10-22,attendee,8.3
ATT-DUP-00100,1031907094,EVT-0146,2024-10-22,attendee,9.0
ATT-003195,1159841240,EVT-0146,2024-10-22,attendee,5.7
ATT-003197,1204959187,EVT-0146,2024-10-22,attendee,6.1
ATT-003198,1209464480,EVT-0146,2024-10-22,attendee,7.3
ATT-003199,1326516303,EVT-0146,2024-10-22,attendee,4.9
ATT-003200,1328056928,EVT-0146,2024-10-22,attendee,3.2
ATT-003201,1394609428,EVT-0146,2024-10-22,attendee,6.6
ATT-003202,1394982015,EVT-0146,2024-10-22,attendee,2.5
ATT-003203,1413519731,EVT-0146,2024-10-22,attendee,9.4
ATT-003204,1480599715,EVT-0146,2024-10-22,attendee,2.5
ATT-003205,1494868502,EVT-0146,2024-10-22,attendee,7.2
ATT-003206,1535436392,EVT-0146,2024-10-22,attendee,3.0
ATT-003207,1567742360,EVT-0146,2024-10-22,attendee,6.0
ATT-003208,1644815767,EVT-0146,2024-10-22,attendee,5.2
ATT-003209,1704308638,EVT-0146,2024-10-22,attendee,4.5
ATT-003210,1809220084,EVT-0146,2024-10-22,attendee,3.5
ATT-003211,1824172013,EVT-0146,2024-10-22,attendee,8.3
ATT-003212,1927430854,EVT-0146,2024-10-22,attendee,5.7
ATT-003213,1955620046,EVT-0146,2024-10-22,attendee,7.2
ATT-003214,1163769114,EVT-0146,2024-10-22,speaker,8.9
ATT-003215,1009179924,EVT-0147,2024-10-31,attendee,9.5
ATT-DUP-00077,1009179924,EVT-0147,2024-10-31,attendee,9.5
ATT-003216,1025231352,EVT-0147,2024-10-31,attendee,7.5
ATT-003217,1048976678,EVT-0147,2024-10-31,attendee,7.3
ATT-DUP-00132,1048976678,EVT-0147,2024-10-31,attendee,7.3
ATT-003218,1050705288,EVT-0147,2024-10-31,attendee,5.5
ATT-003219,1078096579,EVT-0147,2024-10-31,attendee,6.4
ATT-003220,1080672524,EVT-0147,2024-10-31,attendee,8.6
ATT-003221,1107378550,EVT-0147,2024-10-31,attendee,6.0
ATT-003222,1120080837,EVT-0147,2024-10-31,attendee,5.5
ATT-003223,1202669523,EVT-0147,2024-10-31,attendee,5.7
ATT-003224,1265952337,EVT-0147,2024-10-31,attendee,8.1
ATT-003225,1299418347,EVT-0147,2024-10-31,attendee,3.8
ATT-003226,1332369119,EVT-0147,2024-10-31,attendee,8.1
ATT-003227,1355374483,EVT-0147,2024-10-31,attendee,5.3
ATT-003228,1368009035,EVT-0147,2024-10-31,attendee,5.4
ATT-003229,1377426493,EVT-0147,2024-10-31,attendee,7.4
ATT-003230,1389574017,EVT-0147,2024-10-31,attendee,9.8
ATT-003231,1433980129,EVT-0147,2024-10-31,attendee,5.1
ATT-003232,1444774099,EVT-0147,2024-10-31,attendee,4.7
ATT-003233,1478412079,EVT-0147,2024-10-31,attendee,6.7
ATT-003234,1512844550,EVT-0147,2024-10-31,attendee,7.1
ATT-003235,1516074709,EVT-0147,2024-10-31,attendee,5.2
ATT-003236,1526669415,EVT-0147,2024-10-31,attendee,6.3
ATT-DUP-00015,1526669415,EVT-0147,2024-10-31,attendee,6.6
ATT-003237,1610177150,EVT-0147,2024-10-31,attendee,5.3
ATT-003238,1647196991,EVT-0147,2024-10-31,attendee,5.9
ATT-003239,1648553570,EVT-0147,2024-10-31,attendee,7.0
ATT-003240,1670701188,EVT-0147,2024-10-31,attendee,4.2
ATT-003241,1722898792,EVT-0147,2024-10-31,attendee,3.7
ATT-DUP-00169,1722898792,EVT-0147,2024-10-31,attendee,3.7
ATT-003242,1738903891,EVT-0147,2024-10-31,attendee,7.9
ATT-003243,1760628762,EVT-0147,2024-10-31,attendee,8.5
ATT-003244,1768225918,EVT-0147,2024-10-31,attendee,6.5
ATT-003245,1812815243,EVT-0147,2024-10-31,attendee,8.8
ATT-DUP-00044,1812815243,EVT-0147,2024-10-31,attendee,8.7
ATT-003246,1814938340,EVT-0147,2024-10-31,attendee,3.7
ATT-003247,1815807585,EVT-0147,2024-10-31,attendee,7.2
ATT-003248,1832506087,EVT-0147,2024-10-31,attendee,10.0
ATT-003249,1836939912,EVT-0147,2024-10-31,attendee,6.6
ATT-003250,1903798589,EVT-0147,2024-10-31,attendee,7.9
ATT-003251,1921646299,EVT-0147,2024-10-31,attendee,7.3
ATT-003252,1965727443,EVT-0147,2024-10-31,attendee,6.2
ATT-003253,1890080918,EVT-0147,2024-10-31,speaker,9.1
ATT-003254,1025231352,EVT-0148,2024-11-06,attendee,7.7
ATT-003255,1040239976,EVT-0148,2024-11-06,attendee,5.2
ATT-003256,1196400158,EVT-0148,2024-11-06,attendee,
ATT-003257,1199976907,EVT-0148,2024-11-06,attendee,5.2
ATT-003258,1246066447,EVT-0148,2024-11-06,attendee,7.4
ATT-003259,1520551320,EVT-0148,2024-11-06,attendee,4.4
ATT-003260,1598661571,EVT-0148,2024-11-06,attendee,5.1
ATT-003261,1638368260,EVT-0148,2024-11-06,attendee,3.5
ATT-003262,1688735228,EVT-0148,2024-11-06,attendee,3.0
ATT-003263,1690348028,EVT-0148,2024-11-06,attendee,5.0
ATT-003264,1808310134,EVT-0148,2024-11-06,attendee,5.7
ATT-003265,1847082322,EVT-0148,2024-11-06,attendee,6.5
ATT-003266,1142840812,EVT-0148,2024-11-06,speaker,8.6
ATT-003267,1080672524,EVT-0149,2024-11-07,attendee,7.7
ATT-003268,1098995024,EVT-0149,2024-11-07,attendee,6.2
ATT-003269,1107378550,EVT-0149,2024-11-07,attendee,4.0
ATT-003270,1120080837,EVT-0149,2024-11-07,attendee,4.2
ATT-003271,1124726435,EVT-0149,2024-11-07,attendee,8.6
ATT-003272,1163199601,EVT-0149,2024-11-07,attendee,1.8
ATT-003273,1189769080,EVT-0149,2024-11-07,attendee,8.0
ATT-003274,1219516501,EVT-0149,2024-11-07,attendee,7.2
ATT-003275,1264333323,EVT-0149,2024-11-07,attendee,7.5
ATT-003276,1265952337,EVT-0149,2024-11-07,attendee,5.0
ATT-003277,1273912869,EVT-0149,2024-11-07,attendee,2.8
ATT-003278,1299418347,EVT-0149,2024-11-07,attendee,6.4
ATT-003279,1310164813,EVT-0149,2024-11-07,attendee,8.8
ATT-003280,1326516303,EVT-0149,2024-11-07,attendee,8.8
ATT-003281,1328056928,EVT-0149,2024-11-07,attendee,3.8
ATT-003282,1332369119,EVT-0149,2024-11-07,attendee,4.3
ATT-DUP-00157,1332369119,EVT-0149,2024-11-07,attendee,4.3
ATT-003283,1433980129,EVT-0149,2024-11-07,attendee,4.2
ATT-003284,1449048093,EVT-0149,2024-11-07,attendee,4.8
ATT-003285,1475115246,EVT-0149,2024-11-07,attendee,8.1
ATT-003286,1516074709,EVT-0149,2024-11-07,attendee,6.0
ATT-003287,1520551320,EVT-0149,2024-11-07,attendee,4.4
ATT-003288,1546151204,EVT-0149,2024-11-07,attendee,6.7
ATT-003289,1598661571,EVT-0149,2024-11-07,attendee,6.7
ATT-003290,1610177150,EVT-0149,2024-11-07,attendee,7.3
ATT-003291,1621842156,EVT-0149,2024-11-07,attendee,1.5
ATT-003292,1683943777,EVT-0149,2024-11-07,attendee,6.1
ATT-003293,1710163217,EVT-0149,2024-11-07,attendee,6.9
ATT-003294,1713444978,EVT-0149,2024-11-07,attendee,6.0
ATT-003295,1714986282,EVT-0149,2024-11-07,attendee,6.1
ATT-003296,1724092733,EVT-0149,2024-11-07,attendee,7.7
ATT-003297,1725623817,EVT-0149,2024-11-07,attendee,8.1
ATT-003298,1725724532,EVT-0149,2024-11-07,attendee,6.9
ATT-003299,1768225918,EVT-0149,2024-11-07,attendee,5.7
ATT-003300,1793685516,EVT-0149,2024-11-07,attendee,3.9
ATT-003301,1824172013,EVT-0149,2024-11-07,attendee,8.8
ATT-003302,1847082322,EVT-0149,2024-11-07,attendee,4.4
ATT-003303,1854852153,EVT-0149,2024-11-07,attendee,4.1
ATT-003304,1880717263,EVT-0149,2024-11-07,attendee,3.4
ATT-003305,1885387740,EVT-0149,2024-11-07,attendee,6.1
ATT-003306,1903121188,EVT-0149,2024-11-07,attendee,6.1
ATT-003307,1944079924,EVT-0149,2024-11-07,attendee,7.4
ATT-003308,1581992355,EVT-0149,2024-11-07,speaker,10.0
ATT-003309,1038444141,EVT-0150,2024-11-08,attendee,5.1
ATT-003310,1209464480,EVT-0150,2024-11-08,attendee,6.5
ATT-003311,1292975558,EVT-0150,2024-11-08,attendee,4.4
ATT-003312,1328056928,EVT-0150,2024-11-08,attendee,3.8
ATT-003313,1358245029,EVT-0150,2024-11-08,attendee,4.6
ATT-003314,1659738110,EVT-0150,2024-11-08,attendee,5.1
ATT-003315,1775788783,EVT-0150,2024-11-08,speaker,8.5
ATT-003316,1025231352,EVT-0151,2024-11-14,attendee,8.9
ATT-003317,1199976907,EVT-0151,2024-11-14,attendee,6.3
ATT-003318,1520551320,EVT-0151,2024-11-14,attendee,5.9
ATT-003319,1524065749,EVT-0151,2024-11-14,attendee,5.5
ATT-003320,1590337907,EVT-0151,2024-11-14,attendee,8.2
ATT-003321,1595774286,EVT-0151,2024-11-14,attendee,3.5
ATT-003322,1598661571,EVT-0151,2024-11-14,attendee,3.5
ATT-003323,1688735228,EVT-0151,2024-11-14,attendee,5.7
ATT-003324,1768831921,EVT-0151,2024-11-14,attendee,7.3
ATT-003325,1847082322,EVT-0151,2024-11-14,attendee,4.3
ATT-003326,1892307210,EVT-0151,2024-11-14,attendee,5.1
ATT-003327,1094061177,EVT-0151,2024-11-15,speaker,8.6
ATT-003328,1015191335,EVT-0152,2024-11-20,attendee,3.3
ATT-003329,1025231352,EVT-0152,2024-11-20,attendee,10.0
ATT-003330,1044303869,EVT-0152,2024-11-20,attendee,5.7
ATT-003331,1058647219,EVT-0152,2024-11-20,attendee,7.0
ATT-003332,1144669185,EVT-0152,2024-11-20,attendee,7.6
ATT-003333,1204787067,EVT-0152,2024-11-20,attendee,4.6
ATT-003334,1213511599,EVT-0152,2024-11-20,attendee,8.7
ATT-003335,1225504491,EVT-0152,2024-11-20,attendee,5.8
ATT-DUP-00006,1225504491,EVT-0152,2024-11-20,attendee,5.8
ATT-003336,1237205202,EVT-0152,2024-11-20,attendee,5.0
ATT-003337,1243754490,EVT-0152,2024-11-20,attendee,9.8
ATT-003338,1263807582,EVT-0152,2024-11-20,attendee,9.1
ATT-003339,1280087226,EVT-0152,2024-11-20,attendee,9.7
ATT-003340,1299418347,EVT-0152,2024-11-20,attendee,7.7
ATT-003341,1385532449,EVT-0152,2024-11-20,attendee,6.2
ATT-003342,1418997171,EVT-0152,2024-11-20,attendee,6.2
ATT-003343,1425340662,EVT-0152,2024-11-20,attendee,9.1
ATT-003344,1443551811,EVT-0152,2024-11-20,attendee,4.5
ATT-003345,1467704312,EVT-0152,2024-11-20,attendee,7.0
ATT-DUP-00129,1467704312,EVT-0152,2024-11-20,attendee,7.0
ATT-003346,1486877065,EVT-0152,2024-11-20,attendee,5.1
ATT-003347,1533003293,EVT-0152,2024-11-20,attendee,8.2
ATT-003348,1555906795,EVT-0152,2024-11-20,attendee,7.5
ATT-003349,1567993435,EVT-0152,2024-11-20,attendee,7.6
ATT-003350,1592062677,EVT-0152,2024-11-20,attendee,7.0
ATT-003351,1598661571,EVT-0152,2024-11-20,attendee,5.9
ATT-003352,1599989245,EVT-0152,2024-11-20,attendee,6.1
ATT-003353,1616418756,EVT-0152,2024-11-20,attendee,7.7
ATT-003354,1645233598,EVT-0152,2024-11-20,attendee,7.7
ATT-003355,1647196991,EVT-0152,2024-11-20,attendee,6.7
ATT-003356,1655321622,EVT-0152,2024-11-20,attendee,1.7
ATT-003357,1666389063,EVT-0152,2024-11-20,attendee,4.4
ATT-003358,1689916181,EVT-0152,2024-11-20,attendee,7.1
ATT-003359,1706991829,EVT-0152,2024-11-20,attendee,6.4
ATT-003360,1774691384,EVT-0152,2024-11-20,attendee,5.2
ATT-003361,1787619711,EVT-0152,2024-11-20,attendee,4.9
ATT-003362,1832506087,EVT-0152,2024-11-20,attendee,6.9
ATT-003363,1885189138,EVT-0152,2024-11-20,attendee,7.1
ATT-003364,1893020424,EVT-0152,2024-11-20,attendee,4.9
ATT-003365,1944079924,EVT-0152,2024-11-20,attendee,7.4
ATT-003366,1188598183,EVT-0152,2024-11-20,speaker,8.3
ATT-003367,1018018261,EVT-0153,2024-11-21,attendee,7.6
ATT-003368,1044666919,EVT-0153,2024-11-21,attendee,8.7
ATT-003369,1048976678,EVT-0153,2024-11-21,attendee,7.4
ATT-003370,1058647219,EVT-0153,2024-11-21,attendee,5.1
ATT-003371,1123148250,EVT-0153,2024-11-21,attendee,4.2
ATT-003372,1136500869,EVT-0153,2024-11-21,attendee,6.1
ATT-003373,1139166684,EVT-0153,2024-11-21,attendee,5.2
ATT-003374,1159841240,EVT-0153,2024-11-21,attendee,7.1
ATT-003375,1204787067,EVT-0153,2024-11-21,attendee,6.0
ATT-003376,1213511599,EVT-0153,2024-11-21,attendee,10.0
ATT-003377,1219516501,EVT-0153,2024-11-21,attendee,8.7
ATT-003378,1273912869,EVT-0153,2024-11-21,attendee,7.1
ATT-003379,1280087226,EVT-0153,2024-11-21,attendee,9.6
ATT-003380,1285347583,EVT-0153,2024-11-21,attendee,6.3
ATT-003381,1456207657,EVT-0153,2024-11-21,attendee,9.1
ATT-003382,1467704312,EVT-0153,2024-11-21,attendee,6.0
ATT-003383,1567993435,EVT-0153,2024-11-21,attendee,6.3
ATT-003384,1595301304,EVT-0153,2024-11-21,attendee,7.3
ATT-003385,1599989245,EVT-0153,2024-11-21,attendee,7.9
ATT-003386,1615059528,EVT-0153,2024-11-21,attendee,6.8
ATT-003387,1616418756,EVT-0153,2024-11-21,attendee,4.9
ATT-003388,1732527431,EVT-0153,2024-11-21,attendee,6.4
ATT-003389,1745601371,EVT-0153,2024-11-21,attendee,5.4
ATT-003390,1749355669,EVT-0153,2024-11-21,attendee,6.0
ATT-003391,1769764832,EVT-0153,2024-11-21,attendee,5.6
ATT-003392,1774691384,EVT-0153,2024-11-21,attendee,6.9
ATT-003393,1788421810,EVT-0153,2024-11-21,attendee,4.1
ATT-003394,1896554999,EVT-0153,2024-11-21,attendee,8.8
ATT-003396,1993367014,EVT-0153,2024-11-21,attendee,6.1
ATT-003397,1188598183,EVT-0153,2024-11-21,speaker,8.8
ATT-003411,1425610817,EVT-0154,2024-11-21,attendee,4.9
ATT-003395,1924355757,EVT-0153,2024-11-22,attendee,9.4
ATT-003399,1075036339,EVT-0154,2024-11-22,attendee,5.4
ATT-003400,1080672524,EVT-0154,2024-11-22,attendee,9.6
ATT-003401,1138281740,EVT-0154,2024-11-22,attendee,9.5
ATT-003402,1144669185,EVT-0154,2024-11-22,attendee,7.9
ATT-003403,1174145494,EVT-0154,2024-11-22,attendee,6.1
ATT-003404,1189769080,EVT-0154,2024-11-22,attendee,6.5
ATT-003405,1190842652,EVT-0154,2024-11-22,attendee,4.0
ATT-003406,1213511599,EVT-0154,2024-11-22,attendee,7.2
ATT-003407,1266945785,EVT-0154,2024-11-22,attendee,3.5
ATT-003408,1271463741,EVT-0154,2024-11-22,attendee,3.9
ATT-003409,1321405205,EVT-0154,2024-11-22,attendee,6.4
ATT-003410,1425340662,EVT-0154,2024-11-22,attendee,6.4
ATT-003412,1435662964,EVT-0154,2024-11-22,attendee,2.3
ATT-003413,1533003293,EVT-0154,2024-11-22,attendee,8.7
ATT-003414,1536278926,EVT-0154,2024-11-22,attendee,
ATT-003415,1567742360,EVT-0154,2024-11-22,attendee,7.3
ATT-003416,1595774286,EVT-0154,2024-11-22,attendee,6.0
ATT-003417,1644815767,EVT-0154,2024-11-22,attendee,5.7
ATT-003418,1672904236,EVT-0154,2024-11-22,attendee,
ATT-003419,1686880901,EVT-0154,2024-11-22,attendee,6.2
ATT-003420,1688976343,EVT-0154,2024-11-22,attendee,8.6
ATT-003421,1689916181,EVT-0154,2024-11-22,attendee,6.5
ATT-003422,1703413967,EVT-0154,2024-11-22,attendee,3.2
ATT-003423,1704331150,EVT-0154,2024-11-22,attendee,5.8
ATT-003424,1738903891,EVT-0154,2024-11-22,attendee,10.0
ATT-003425,1747637738,EVT-0154,2024-11-22,attendee,6.3
ATT-003426,1752727945,EVT-0154,2024-11-22,attendee,4.5
ATT-003427,1769234364,EVT-0154,2024-11-22,attendee,2.0
ATT-003428,1803233885,EVT-0154,2024-11-22,attendee,4.2
ATT-003429,1824149854,EVT-0154,2024-11-22,attendee,4.3
ATT-003430,1824172013,EVT-0154,2024-11-22,attendee,9.9
ATT-003431,1828803407,EVT-0154,2024-11-22,attendee,3.6
ATT-003432,1896554999,EVT-0154,2024-11-22,attendee,4.2
ATT-003433,1908168895,EVT-0154,2024-11-22,attendee,6.4
ATT-003434,1927430854,EVT-0154,2024-11-22,attendee,8.6
ATT-003435,1937514325,EVT-0154,2024-11-22,attendee,6.2
ATT-003436,1944079924,EVT-0154,2024-11-22,attendee,8.7
ATT-DUP-00146,1944079924,EVT-0154,2024-11-22,attendee,8.7
ATT-003437,1967802350,EVT-0154,2024-11-22,attendee,4.7
ATT-003438,1329851996,EVT-0154,2024-11-22,speaker,9.4
ATT-003439,1058647219,EVT-0155,2024-11-23,attendee,6.1
ATT-003440,1081051991,EVT-0155,2024-11-23,attendee,3.8
ATT-003441,1198262952,EVT-0155,2024-11-23,attendee,7.9
ATT-003442,1229022169,EVT-0155,2024-11-23,attendee,5.0
ATT-003443,1389574017,EVT-0155,2024-11-23,attendee,3.9
ATT-003444,1433980129,EVT-0155,2024-11-23,attendee,7.2
ATT-003445,1533003293,EVT-0155,2024-11-23,attendee,8.0
ATT-003446,1655727265,EVT-0155,2024-11-23,attendee,8.3
ATT-003447,1688976343,EVT-0155,2024-11-23,attendee,7.7
ATT-003448,1736829924,EVT-0155,2024-11-23,attendee,6.8
ATT-003449,1854852153,EVT-0155,2024-11-23,attendee,5.8
ATT-003450,1475353029,EVT-0155,2024-11-23,speaker,8.3
ATT-003398,1058647219,EVT-0154,2024-11-24,attendee,7.5
ATT-003451,1025231352,EVT-0156,2024-11-24,attendee,8.3
ATT-003452,1041585906,EVT-0156,2024-11-24,attendee,8.8
ATT-003453,1048976678,EVT-0156,2024-11-24,attendee,9.0
ATT-003454,1050705288,EVT-0156,2024-11-24,attendee,5.6
ATT-003455,1075036339,EVT-0156,2024-11-24,attendee,6.0
ATT-003457,1200480071,EVT-0156,2024-11-24,attendee,
ATT-003458,1227780172,EVT-0156,2024-11-24,attendee,6.1
ATT-003459,1237205202,EVT-0156,2024-11-24,attendee,4.7
ATT-003460,1238983617,EVT-0156,2024-11-24,attendee,9.1
ATT-003461,1257723886,EVT-0156,2024-11-24,attendee,5.3
ATT-003462,1264333323,EVT-0156,2024-11-24,attendee,6.2
ATT-003463,1280087226,EVT-0156,2024-11-24,attendee,9.9
ATT-003464,1299418347,EVT-0156,2024-11-24,attendee,6.6
ATT-003465,1375349903,EVT-0156,2024-11-24,attendee,3.3
ATT-DUP-00059,1375349903,EVT-0156,2024-11-24,attendee,3.3
ATT-003466,1435662964,EVT-0156,2024-11-24,attendee,3.2
ATT-003467,1475115246,EVT-0156,2024-11-24,attendee,6.4
ATT-003468,1494868502,EVT-0156,2024-11-24,attendee,5.3
ATT-003469,1590869917,EVT-0156,2024-11-24,attendee,6.4
ATT-003470,1610177150,EVT-0156,2024-11-24,attendee,9.2
ATT-003471,1613561947,EVT-0156,2024-11-24,attendee,5.9
ATT-003472,1621199177,EVT-0156,2024-11-24,attendee,8.6
ATT-003473,1645233598,EVT-0156,2024-11-24,attendee,6.4
ATT-003474,1657025858,EVT-0156,2024-11-24,attendee,2.8
ATT-003475,1666389063,EVT-0156,2024-11-24,attendee,3.7
ATT-003476,1706991829,EVT-0156,2024-11-24,attendee,6.3
ATT-003477,1732000645,EVT-0156,2024-11-24,attendee,5.4
ATT-003478,1732527431,EVT-0156,2024-11-24,attendee,5.9
ATT-003479,1738903891,EVT-0156,2024-11-24,attendee,6.4
ATT-003480,1752727945,EVT-0156,2024-11-24,attendee,4.8
ATT-003481,1803502636,EVT-0156,2024-11-24,attendee,8.1
ATT-003482,1808826295,EVT-0156,2024-11-24,attendee,9.7
ATT-003483,1815807585,EVT-0156,2024-11-24,attendee,4.0
ATT-003484,1880426881,EVT-0156,2024-11-24,attendee,8.5
ATT-003485,1949335115,EVT-0156,2024-11-24,attendee,9.4
ATT-003486,1188411270,EVT-0156,2024-11-24,speaker,9.9
ATT-003456,1136500869,EVT-0156,2024-11-26,attendee,5.5
ATT-003487,1031568581,EVT-0157,2024-11-29,attendee,5.1
ATT-003488,1126098163,EVT-0157,2024-11-29,attendee,6.0
ATT-003489,1139166684,EVT-0157,2024-11-29,attendee,3.9
ATT-003490,1198262952,EVT-0157,2024-11-29,attendee,5.2
ATT-003491,1238983617,EVT-0157,2024-11-29,attendee,8.5
ATT-003492,1374281198,EVT-0157,2024-11-29,attendee,2.2
ATT-003493,1555906795,EVT-0157,2024-11-29,attendee,6.4
ATT-003494,1688976343,EVT-0157,2024-11-29,attendee,3.4
ATT-003495,1704308638,EVT-0157,2024-11-29,attendee,4.3
ATT-003496,1736829924,EVT-0157,2024-11-29,attendee,2.3
ATT-003497,1742859469,EVT-0157,2024-11-29,attendee,4.2
ATT-003498,1964572899,EVT-0157,2024-11-29,attendee,4.3
ATT-003499,1101495749,EVT-0157,2024-11-29,speaker,9.2
ATT-003500,1002145427,EVT-0158,2024-11-30,attendee,8.8
ATT-003501,1018018261,EVT-0158,2024-11-30,attendee,6.2
ATT-003502,1133130363,EVT-0158,2024-11-30,attendee,6.9
ATT-003503,1200480071,EVT-0158,2024-11-30,attendee,9.8
ATT-003504,1227780172,EVT-0158,2024-11-30,attendee,6.8
ATT-003505,1268222167,EVT-0158,2024-11-30,attendee,6.1
ATT-003506,1271768685,EVT-0158,2024-11-30,attendee,8.4
ATT-003507,1321405205,EVT-0158,2024-11-30,attendee,9.3
ATT-003508,1355374483,EVT-0158,2024-11-30,attendee,7.9
ATT-003509,1397955463,EVT-0158,2024-11-30,attendee,8.9
ATT-003510,1413519731,EVT-0158,2024-11-30,attendee,8.0
ATT-003511,1423152481,EVT-0158,2024-11-30,attendee,8.7
ATT-003512,1425340662,EVT-0158,2024-11-30,attendee,8.2
ATT-003513,1455779946,EVT-0158,2024-11-30,attendee,5.8
ATT-003514,1456207657,EVT-0158,2024-11-30,attendee,7.8
ATT-003515,1456299035,EVT-0158,2024-11-30,attendee,6.4
ATT-003516,1481247389,EVT-0158,2024-11-30,attendee,8.8
ATT-003517,1523498065,EVT-0158,2024-11-30,attendee,8.7
ATT-003518,1536278926,EVT-0158,2024-11-30,attendee,7.4
ATT-003519,1567742360,EVT-0158,2024-11-30,attendee,7.2
ATT-003520,1595301304,EVT-0158,2024-11-30,attendee,6.8
ATT-003521,1635581279,EVT-0158,2024-11-30,attendee,9.3
ATT-DUP-00125,1635581279,EVT-0158,2024-11-30,attendee,9.3
ATT-003522,1639269087,EVT-0158,2024-11-30,attendee,5.6
ATT-003523,1644815767,EVT-0158,2024-11-30,attendee,7.2
ATT-003524,1689916181,EVT-0158,2024-11-30,attendee,
ATT-003525,1725623817,EVT-0158,2024-11-30,attendee,7.5
ATT-003526,1808826295,EVT-0158,2024-11-30,attendee,9.8
ATT-003527,1824172013,EVT-0158,2024-11-30,attendee,9.5
ATT-003528,1896554999,EVT-0158,2024-11-30,attendee,5.4
ATT-003529,1903798589,EVT-0158,2024-11-30,attendee,6.8
ATT-003530,1924355757,EVT-0158,2024-11-30,attendee,6.9
ATT-003531,1927430854,EVT-0158,2024-11-30,attendee,8.3
ATT-003532,1614682395,EVT-0158,2024-11-30,speaker,9.1
ATT-003533,1005067453,EVT-0159,2024-12-03,attendee,3.5
ATT-003534,1065091666,EVT-0159,2024-12-03,attendee,3.8
ATT-003535,1107038659,EVT-0159,2024-12-03,attendee,5.0
ATT-003536,1136500869,EVT-0159,2024-12-03,attendee,4.2
ATT-003537,1137408567,EVT-0159,2024-12-03,attendee,10.0
ATT-003538,1324237324,EVT-0159,2024-12-03,attendee,5.0
ATT-003539,1375349903,EVT-0159,2024-12-03,attendee,2.4
ATT-003540,1455101661,EVT-0159,2024-12-03,attendee,5.0
ATT-003541,1541422121,EVT-0159,2024-12-03,attendee,5.7
ATT-003542,1645233598,EVT-0159,2024-12-03,attendee,5.8
ATT-003543,1703413967,EVT-0159,2024-12-03,attendee,4.8
ATT-003544,1704331150,EVT-0159,2024-12-03,attendee,4.3
ATT-003545,1706645516,EVT-0159,2024-12-03,attendee,5.6
ATT-003546,1738903891,EVT-0159,2024-12-03,attendee,6.0
ATT-003547,1768225918,EVT-0159,2024-12-03,attendee,6.9
ATT-003548,1827318308,EVT-0159,2024-12-03,attendee,4.5
ATT-003549,1836314447,EVT-0159,2024-12-03,attendee,5.9
ATT-DUP-00126,1836314447,EVT-0159,2024-12-03,attendee,5.9
ATT-003550,1939785840,EVT-0159,2024-12-03,attendee,5.8
ATT-003551,1993463169,EVT-0159,2024-12-03,attendee,7.5
ATT-003552,1995404856,EVT-0159,2024-12-03,attendee,3.9
ATT-003553,1600621852,EVT-0159,2024-12-03,speaker,9.3
ATT-003566,1964945871,EVT-0160,2024-12-05,attendee,5.1
ATT-003554,1011940271,EVT-0160,2024-12-07,attendee,4.5
ATT-003555,1025978341,EVT-0160,2024-12-07,attendee,6.5
ATT-003556,1076376403,EVT-0160,2024-12-07,attendee,8.3
ATT-003557,1137408567,EVT-0160,2024-12-07,attendee,8.9
ATT-003558,1178533166,EVT-0160,2024-12-07,attendee,6.1
ATT-003559,1449048093,EVT-0160,2024-12-07,attendee,5.1
ATT-003560,1541422121,EVT-0160,2024-12-07,attendee,7.7
ATT-003561,1645233598,EVT-0160,2024-12-07,attendee,7.7
ATT-DUP-00012,1645233598,EVT-0160,2024-12-07,attendee,7.8
ATT-003562,1666389063,EVT-0160,2024-12-07,attendee,5.9
ATT-003563,1677860136,EVT-0160,2024-12-07,attendee,4.0
ATT-003564,1702497342,EVT-0160,2024-12-07,attendee,8.7
ATT-003565,1758794279,EVT-0160,2024-12-07,attendee,6.0
ATT-003568,1101185407,EVT-0161,2024-12-07,attendee,6.9
ATT-003569,1144669185,EVT-0161,2024-12-07,attendee,8.2
ATT-003570,1166368237,EVT-0161,2024-12-07,attendee,8.3
ATT-003571,1169614082,EVT-0161,2024-12-07,attendee,6.2
ATT-003572,1180932224,EVT-0161,2024-12-07,attendee,7.1
ATT-003573,1190842652,EVT-0161,2024-12-07,attendee,6.8
ATT-003574,1200480071,EVT-0161,2024-12-07,attendee,8.0
ATT-003575,1213511599,EVT-0161,2024-12-07,attendee,8.7
ATT-003576,1227780172,EVT-0161,2024-12-07,attendee,7.4
ATT-003577,1251567115,EVT-0161,2024-12-07,attendee,5.7
ATT-003578,1264333323,EVT-0161,2024-12-07,attendee,9.0
ATT-003579,1266945785,EVT-0161,2024-12-07,attendee,8.5
ATT-003580,1300654963,EVT-0161,2024-12-07,attendee,4.7
ATT-003581,1315385710,EVT-0161,2024-12-07,attendee,8.6
ATT-003582,1334266016,EVT-0161,2024-12-07,attendee,8.1
ATT-003583,1377426493,EVT-0161,2024-12-07,attendee,4.7
ATT-003584,1397955463,EVT-0161,2024-12-07,attendee,8.8
ATT-003585,1423152481,EVT-0161,2024-12-07,attendee,7.7
ATT-003586,1456299035,EVT-0161,2024-12-07,attendee,6.0
ATT-003587,1535820066,EVT-0161,2024-12-07,attendee,6.8
ATT-003588,1567742360,EVT-0161,2024-12-07,attendee,7.2
ATT-003589,1590869917,EVT-0161,2024-12-07,attendee,8.0
ATT-003590,1592123891,EVT-0161,2024-12-07,attendee,8.2
ATT-003591,1595301304,EVT-0161,2024-12-07,attendee,7.2
ATT-003593,1689059347,EVT-0161,2024-12-07,attendee,5.9
ATT-003594,1689916181,EVT-0161,2024-12-07,attendee,8.3
ATT-003595,1721479586,EVT-0161,2024-12-07,attendee,6.9
ATT-003596,1725623817,EVT-0161,2024-12-07,attendee,8.6
ATT-003597,1769234364,EVT-0161,2024-12-07,attendee,5.8
ATT-003598,1806479196,EVT-0161,2024-12-07,attendee,8.0
ATT-003599,1812815243,EVT-0161,2024-12-07,attendee,7.0
ATT-003600,1903798589,EVT-0161,2024-12-07,attendee,6.3
ATT-003601,1908168895,EVT-0161,2024-12-07,attendee,5.6
ATT-003602,1922670785,EVT-0161,2024-12-07,attendee,8.5
ATT-003603,1924355757,EVT-0161,2024-12-07,attendee,8.9
ATT-003604,1927430854,EVT-0161,2024-12-07,attendee,7.1
ATT-003605,1154262954,EVT-0161,2024-12-07,speaker,9.8
ATT-003567,1338689064,EVT-0160,2024-12-09,speaker,8.6
ATT-003592,1644815767,EVT-0161,2024-12-09,attendee,
ATT-003606,1058647219,EVT-0162,2024-12-10,attendee,6.2
ATT-003607,1075036339,EVT-0162,2024-12-10,attendee,6.5
ATT-003608,1204959187,EVT-0162,2024-12-10,attendee,8.1
ATT-003609,1330067194,EVT-0162,2024-12-10,attendee,6.8
ATT-003610,1352578078,EVT-0162,2024-12-10,attendee,6.2
ATT-003611,1547244776,EVT-0162,2024-12-10,attendee,4.4
ATT-003612,1394700250,EVT-0162,2024-12-10,speaker,8.8
ATT-003613,1050705288,EVT-0163,2024-12-13,attendee,8.9
ATT-003614,1095874958,EVT-0163,2024-12-13,attendee,6.6
ATT-003615,1126098163,EVT-0163,2024-12-13,attendee,3.9
ATT-003616,1145899849,EVT-0163,2024-12-13,attendee,7.5
ATT-003617,1159841240,EVT-0163,2024-12-13,attendee,10.0
ATT-003618,1168657405,EVT-0163,2024-12-13,attendee,1.0
ATT-003619,1196385359,EVT-0163,2024-12-13,attendee,6.8
ATT-003620,1198262952,EVT-0163,2024-12-13,attendee,6.5
ATT-003621,1200096471,EVT-0163,2024-12-13,attendee,8.6
ATT-003622,1216532808,EVT-0163,2024-12-13,attendee,4.5
ATT-003623,1216575070,EVT-0163,2024-12-13,attendee,3.1
ATT-003624,1250017203,EVT-0163,2024-12-13,attendee,6.4
ATT-003625,1315385710,EVT-0163,2024-12-13,attendee,7.7
ATT-003626,1352578078,EVT-0163,2024-12-13,attendee,4.3
ATT-003627,1449331358,EVT-0163,2024-12-13,attendee,4.0
ATT-003628,1555114069,EVT-0163,2024-12-13,attendee,3.7
ATT-003629,1592062677,EVT-0163,2024-12-13,attendee,4.5
ATT-003630,1647196991,EVT-0163,2024-12-13,attendee,4.9
ATT-003631,1657025858,EVT-0163,2024-12-13,attendee,6.0
ATT-003632,1666389063,EVT-0163,2024-12-13,attendee,7.0
ATT-003633,1688976343,EVT-0163,2024-12-13,attendee,9.4
ATT-003634,1703413967,EVT-0163,2024-12-13,attendee,6.7
ATT-003635,1704308638,EVT-0163,2024-12-13,attendee,5.8
ATT-003636,1732527431,EVT-0163,2024-12-13,attendee,7.8
ATT-003637,1742859469,EVT-0163,2024-12-13,attendee,7.5
ATT-003638,1793685516,EVT-0163,2024-12-13,attendee,7.8
ATT-003639,1832506087,EVT-0163,2024-12-13,attendee,9.2
ATT-003640,1910188758,EVT-0163,2024-12-13,attendee,5.0
ATT-003641,1927430854,EVT-0163,2024-12-13,attendee,7.3
ATT-003642,1934829601,EVT-0163,2024-12-13,attendee,5.5
ATT-003643,1944079924,EVT-0163,2024-12-13,attendee,8.0
ATT-003644,1955620046,EVT-0163,2024-12-13,attendee,7.9
ATT-003645,1991291398,EVT-0163,2024-12-13,attendee,7.1
ATT-003646,1692444494,EVT-0163,2024-12-13,speaker,8.4
ATT-003647,1025978341,EVT-0164,2024-12-15,attendee,8.1
ATT-003648,1028436479,EVT-0164,2024-12-15,attendee,3.9
ATT-003649,1137408567,EVT-0164,2024-12-15,attendee,5.7
ATT-003650,1257723886,EVT-0164,2024-12-15,attendee,6.5
ATT-003651,1394609428,EVT-0164,2024-12-15,attendee,9.8
ATT-003652,1423753536,EVT-0164,2024-12-15,attendee,5.5
ATT-003653,1630629040,EVT-0164,2024-12-15,attendee,8.1
ATT-003654,1645233598,EVT-0164,2024-12-15,attendee,5.8
ATT-003655,1657025858,EVT-0164,2024-12-15,attendee,2.7
ATT-003656,1702497342,EVT-0164,2024-12-15,attendee,3.7
ATT-003657,1740626134,EVT-0164,2024-12-15,attendee,5.3
ATT-003658,1836314447,EVT-0164,2024-12-15,attendee,4.4
ATT-003659,1880426881,EVT-0164,2024-12-15,attendee,8.2
ATT-003660,1910188758,EVT-0164,2024-12-15,attendee,5.4
ATT-003661,1964945871,EVT-0164,2024-12-15,attendee,8.8
ATT-003662,1693072195,EVT-0164,2024-12-15,speaker,9.1
ATT-003663,1025231352,EVT-0165,2024-12-19,attendee,8.7
ATT-003664,1050705288,EVT-0165,2024-12-19,attendee,8.0
ATT-003665,1065091666,EVT-0165,2024-12-19,attendee,6.0
ATT-003666,1074076039,EVT-0165,2024-12-19,attendee,6.6
ATT-003667,1123148250,EVT-0165,2024-12-19,attendee,4.5
ATT-003668,1124726435,EVT-0165,2024-12-19,attendee,8.4
ATT-003669,1126098163,EVT-0165,2024-12-19,attendee,2.8
ATT-DUP-00066,1126098163,EVT-0165,2024-12-19,attendee,2.8
ATT-003670,1136500869,EVT-0165,2024-12-19,attendee,4.7
ATT-003671,1178533166,EVT-0165,2024-12-19,attendee,4.0
ATT-003672,1180932224,EVT-0165,2024-12-19,attendee,7.5
ATT-003673,1194203331,EVT-0165,2024-12-19,attendee,4.8
ATT-003674,1219516501,EVT-0165,2024-12-19,attendee,
ATT-003675,1238983617,EVT-0165,2024-12-19,attendee,7.7
ATT-003676,1246066447,EVT-0165,2024-12-19,attendee,9.1
ATT-003677,1257723886,EVT-0165,2024-12-19,attendee,9.3
ATT-003678,1355374483,EVT-0165,2024-12-19,attendee,6.6
ATT-003679,1364458855,EVT-0165,2024-12-19,attendee,4.4
ATT-003680,1375349903,EVT-0165,2024-12-19,attendee,3.2
ATT-003681,1394609428,EVT-0165,2024-12-19,attendee,9.2
ATT-003682,1453128708,EVT-0165,2024-12-19,attendee,7.5
ATT-003683,1475115246,EVT-0165,2024-12-19,attendee,8.5
ATT-003684,1518121706,EVT-0165,2024-12-19,attendee,4.2
ATT-003685,1533003293,EVT-0165,2024-12-19,attendee,8.3
ATT-003686,1557944620,EVT-0165,2024-12-19,attendee,7.0
ATT-003687,1595774286,EVT-0165,2024-12-19,attendee,8.7
ATT-003688,1631526641,EVT-0165,2024-12-19,attendee,4.1
ATT-003689,1645233598,EVT-0165,2024-12-19,attendee,8.6
ATT-003690,1670701188,EVT-0165,2024-12-19,attendee,5.4
ATT-003691,1688976343,EVT-0165,2024-12-19,attendee,6.9
ATT-003693,1713444978,EVT-0165,2024-12-19,attendee,7.4
ATT-003694,1717519684,EVT-0165,2024-12-19,attendee,3.3
ATT-003695,1732000645,EVT-0165,2024-12-19,attendee,5.8
ATT-003696,1732527431,EVT-0165,2024-12-19,attendee,7.8
ATT-003697,1736829924,EVT-0165,2024-12-19,attendee,3.1
ATT-003698,1738903891,EVT-0165,2024-12-19,attendee,9.0
ATT-003699,1758794279,EVT-0165,2024-12-19,attendee,6.1
ATT-003700,1779411515,EVT-0165,2024-12-19,attendee,7.7
ATT-003701,1815807585,EVT-0165,2024-12-19,attendee,9.3
ATT-003702,1862986803,EVT-0165,2024-12-19,attendee,5.1
ATT-003703,1867204764,EVT-0165,2024-12-19,attendee,
ATT-003704,1885189138,EVT-0165,2024-12-19,attendee,7.2
ATT-003705,1910188758,EVT-0165,2024-12-19,attendee,7.2
ATT-003706,1927430854,EVT-0165,2024-12-19,attendee,5.9
ATT-003707,1955620046,EVT-0165,2024-12-19,attendee,7.9
ATT-003708,1964945871,EVT-0165,2024-12-19,attendee,7.4
ATT-003709,1083964134,EVT-0165,2024-12-19,speaker,10.0
ATT-003692,1704331150,EVT-0165,2024-12-21,attendee,8.4
ATT-003710,1259584955,EVT-0166,2024-12-31,attendee,
ATT-003711,1407931751,EVT-0166,2024-12-31,attendee,3.8
ATT-003712,1621842156,EVT-0166,2024-12-31,attendee,3.5
ATT-003713,1679256069,EVT-0166,2024-12-31,attendee,8.4
ATT-003714,1743613295,EVT-0166,2024-12-31,attendee,5.0
ATT-003715,1893606271,EVT-0166,2024-12-31,attendee,6.2
ATT-003716,1484037258,EVT-0166,2024-12-31,speaker,9.2
ATT-003717,1018018261,EVT-0167,2024-12-31,attendee,8.0
ATT-003718,1025978341,EVT-0167,2024-12-31,attendee,7.5
ATT-003719,1036327983,EVT-0167,2024-12-31,attendee,4.2
ATT-003720,1076376403,EVT-0167,2024-12-31,attendee,5.4
ATT-003721,1102089657,EVT-0167,2024-12-31,attendee,5.9
ATT-003722,1133130363,EVT-0167,2024-12-31,attendee,7.0
ATT-003723,1136500869,EVT-0167,2024-12-31,attendee,7.6
ATT-003724,1169614082,EVT-0167,2024-12-31,attendee,6.6
ATT-003725,1227780172,EVT-0167,2024-12-31,attendee,9.6
ATT-003726,1237205202,EVT-0167,2024-12-31,attendee,7.8
ATT-003727,1264333323,EVT-0167,2024-12-31,attendee,8.7
ATT-003728,1268222167,EVT-0167,2024-12-31,attendee,7.1
ATT-003729,1271768685,EVT-0167,2024-12-31,attendee,2.9
ATT-DUP-00042,1271768685,EVT-0167,2024-12-31,attendee,2.9
ATT-003730,1282948292,EVT-0167,2024-12-31,attendee,6.1
ATT-003731,1321405205,EVT-0167,2024-12-31,attendee,7.4
ATT-003732,1333393084,EVT-0167,2024-12-31,attendee,4.9
ATT-003733,1335670091,EVT-0167,2024-12-31,attendee,6.1
ATT-003734,1357524945,EVT-0167,2024-12-31,attendee,6.8
ATT-003735,1377426493,EVT-0167,2024-12-31,attendee,6.8
ATT-003736,1393791409,EVT-0167,2024-12-31,attendee,3.6
ATT-003737,1394609428,EVT-0167,2024-12-31,attendee,7.4
ATT-DUP-00038,1394609428,EVT-0167,2024-12-31,attendee,7.4
ATT-003738,1397955463,EVT-0167,2024-12-31,attendee,6.4
ATT-003739,1435949049,EVT-0167,2024-12-31,attendee,5.8
ATT-003740,1436505063,EVT-0167,2024-12-31,attendee,7.3
ATT-003741,1451968915,EVT-0167,2024-12-31,attendee,7.7
ATT-003742,1455779946,EVT-0167,2024-12-31,attendee,7.9
ATT-003743,1456207657,EVT-0167,2024-12-31,attendee,7.8
ATT-003744,1484724632,EVT-0167,2024-12-31,attendee,7.2
ATT-DUP-00014,1489598965,EVT-0167,2024-12-31,attendee,3.4
ATT-003746,1523498065,EVT-0167,2024-12-31,attendee,5.8
ATT-003747,1551107307,EVT-0167,2024-12-31,attendee,6.7
ATT-003748,1552813903,EVT-0167,2024-12-31,attendee,6.4
ATT-003749,1555906795,EVT-0167,2024-12-31,attendee,5.8
ATT-003750,1595774286,EVT-0167,2024-12-31,attendee,6.3
ATT-003751,1610820601,EVT-0167,2024-12-31,attendee,4.2
ATT-003752,1686880901,EVT-0167,2024-12-31,attendee,2.7
ATT-003753,1688976343,EVT-0167,2024-12-31,attendee,6.3
ATT-003754,1689916181,EVT-0167,2024-12-31,attendee,5.0
ATT-003755,1703413967,EVT-0167,2024-12-31,attendee,6.0
ATT-003756,1704331150,EVT-0167,2024-12-31,attendee,4.9
ATT-003757,1740626134,EVT-0167,2024-12-31,attendee,4.1
ATT-003758,1747637738,EVT-0167,2024-12-31,attendee,6.7
ATT-003759,1788421810,EVT-0167,2024-12-31,attendee,
ATT-003760,1803502636,EVT-0167,2024-12-31,attendee,7.7
ATT-003761,1812815243,EVT-0167,2024-12-31,attendee,9.7
ATT-003762,1824172013,EVT-0167,2024-12-31,attendee,9.0
ATT-003763,1832506087,EVT-0167,2024-12-31,attendee,7.4
ATT-003764,1836939912,EVT-0167,2024-12-31,attendee,4.4
ATT-003765,1848624494,EVT-0167,2024-12-31,attendee,6.0
ATT-003766,1903798589,EVT-0167,2024-12-31,attendee,7.6
ATT-003767,1927430854,EVT-0167,2024-12-31,attendee,8.2
ATT-003768,1934763735,EVT-0167,2024-12-31,attendee,6.7
ATT-003769,1937514325,EVT-0167,2024-12-31,attendee,9.0
ATT-003770,1080136264,EVT-0167,2024-12-31,speaker,8.8
ATT-003771,1042224778,EVT-0168,2025-01-01,attendee,4.9
ATT-003772,1044666919,EVT-0168,2025-01-01,attendee,6.9
ATT-003773,1065091666,EVT-0168,2025-01-01,attendee,7.4
ATT-003774,1074076039,EVT-0168,2025-01-01,attendee,6.4
ATT-003775,1078096579,EVT-0168,2025-01-01,attendee,5.8
ATT-003776,1095874958,EVT-0168,2025-01-01,attendee,10.0
ATT-003777,1123148250,EVT-0168,2025-01-01,attendee,3.7
ATT-003778,1213511599,EVT-0168,2025-01-01,attendee,7.9
ATT-003779,1241711534,EVT-0168,2025-01-01,attendee,7.1
ATT-003780,1246448348,EVT-0168,2025-01-01,attendee,6.7
ATT-003781,1250474354,EVT-0168,2025-01-01,attendee,4.4
ATT-003782,1263807582,EVT-0168,2025-01-01,attendee,10.0
ATT-003783,1332369119,EVT-0168,2025-01-01,attendee,5.3
ATT-003784,1350739367,EVT-0168,2025-01-01,attendee,6.6
ATT-003785,1385532449,EVT-0168,2025-01-01,attendee,6.5
ATT-003786,1386514024,EVT-0168,2025-01-01,attendee,6.0
ATT-003787,1423152481,EVT-0168,2025-01-01,attendee,7.4
ATT-003788,1443520683,EVT-0168,2025-01-01,attendee,4.1
ATT-003789,1467704312,EVT-0168,2025-01-01,attendee,7.1
ATT-003790,1475115246,EVT-0168,2025-01-01,attendee,5.9
ATT-003791,1524065749,EVT-0168,2025-01-01,attendee,6.6
ATT-003792,1567742360,EVT-0168,2025-01-01,attendee,9.2
ATT-003793,1595774286,EVT-0168,2025-01-01,attendee,4.0
ATT-003794,1610177150,EVT-0168,2025-01-01,attendee,6.3
ATT-003795,1631526641,EVT-0168,2025-01-01,attendee,7.0
ATT-003796,1639269087,EVT-0168,2025-01-01,attendee,8.4
ATT-003797,1640263392,EVT-0168,2025-01-01,attendee,5.3
ATT-003798,1648553570,EVT-0168,2025-01-01,attendee,9.1
ATT-003799,1655321622,EVT-0168,2025-01-01,attendee,7.7
ATT-003800,1701585576,EVT-0168,2025-01-01,attendee,9.1
ATT-003801,1714986282,EVT-0168,2025-01-01,attendee,4.4
ATT-003802,1738903891,EVT-0168,2025-01-01,attendee,8.0
ATT-003803,1766730505,EVT-0168,2025-01-01,attendee,6.5
ATT-003804,1793685516,EVT-0168,2025-01-01,attendee,6.4
ATT-003805,1815807585,EVT-0168,2025-01-01,attendee,8.3
ATT-003806,1827318308,EVT-0168,2025-01-01,attendee,2.7
ATT-003807,1862986803,EVT-0168,2025-01-01,attendee,6.6
ATT-003808,1903798589,EVT-0168,2025-01-01,attendee,8.3
ATT-003809,1937514325,EVT-0168,2025-01-01,attendee,7.5
ATT-003810,1890080918,EVT-0168,2025-01-01,speaker,9.1
ATT-003745,1489598965,EVT-0167,2025-01-02,attendee,3.4
ATT-003811,1020833996,EVT-0169,2025-01-06,attendee,6.9
ATT-003812,1044666919,EVT-0169,2025-01-06,attendee,6.5
ATT-DUP-00043,1044666919,EVT-0169,2025-01-06,attendee,6.7
ATT-003813,1133616429,EVT-0169,2025-01-06,attendee,5.3
ATT-DUP-00011,1133616429,EVT-0169,2025-01-06,attendee,5.3
ATT-003814,1159841240,EVT-0169,2025-01-06,attendee,6.6
ATT-003815,1204261733,EVT-0169,2025-01-06,attendee,5.3
ATT-003816,1204787067,EVT-0169,2025-01-06,attendee,3.4
ATT-003817,1244876920,EVT-0169,2025-01-06,attendee,1.0
ATT-003818,1398789739,EVT-0169,2025-01-06,attendee,3.9
ATT-003819,1486877065,EVT-0169,2025-01-06,attendee,4.6
ATT-003820,1592062677,EVT-0169,2025-01-06,attendee,6.9
ATT-003821,1475314641,EVT-0169,2025-01-06,speaker,9.5
ATT-003822,1025231352,EVT-0170,2025-01-07,attendee,5.9
ATT-003823,1073902250,EVT-0170,2025-01-07,attendee,6.6
ATT-003824,1246066447,EVT-0170,2025-01-07,attendee,4.0
ATT-003825,1273912869,EVT-0170,2025-01-07,attendee,7.3
ATT-003826,1274985831,EVT-0170,2025-01-07,attendee,6.0
ATT-003827,1357524945,EVT-0170,2025-01-07,attendee,7.1
ATT-003828,1595774286,EVT-0170,2025-01-07,attendee,7.1
ATT-003829,1598661571,EVT-0170,2025-01-07,attendee,5.6
ATT-003830,1616839134,EVT-0170,2025-01-07,attendee,3.5
ATT-DUP-00051,1616839134,EVT-0170,2025-01-07,attendee,3.5
ATT-003831,1647196991,EVT-0170,2025-01-07,attendee,6.1
ATT-003832,1808310134,EVT-0170,2025-01-07,attendee,7.5
ATT-003833,1847082322,EVT-0170,2025-01-07,attendee,3.4
ATT-003834,1892307210,EVT-0170,2025-01-07,attendee,4.1
ATT-003835,1944079924,EVT-0170,2025-01-07,attendee,8.1
ATT-003836,1993874985,EVT-0170,2025-01-07,attendee,5.8
ATT-003837,1546587092,EVT-0170,2025-01-07,speaker,8.9
ATT-003838,1031568581,EVT-0171,2025-01-10,attendee,4.8
ATT-003839,1389574017,EVT-0171,2025-01-10,attendee,9.6
ATT-003840,1449331358,EVT-0171,2025-01-10,attendee,3.1
ATT-003841,1648626962,EVT-0171,2025-01-10,attendee,6.5
ATT-003842,1655727265,EVT-0171,2025-01-10,attendee,6.3
ATT-003843,1704308638,EVT-0171,2025-01-10,attendee,
ATT-003844,1742859469,EVT-0171,2025-01-10,attendee,7.6
ATT-003845,1889776344,EVT-0171,2025-01-10,attendee,5.0
ATT-003846,1484162957,EVT-0171,2025-01-10,speaker,8.8
ATT-003847,1002145427,EVT-0172,2025-01-14,attendee,7.4
ATT-003848,1018018261,EVT-0172,2025-01-14,attendee,7.2
ATT-003849,1065870788,EVT-0172,2025-01-14,attendee,5.4
ATT-003850,1101185407,EVT-0172,2025-01-14,attendee,7.5
ATT-003851,1144669185,EVT-0172,2025-01-14,attendee,6.3
ATT-003852,1174238463,EVT-0172,2025-01-14,attendee,6.6
ATT-003853,1213511599,EVT-0172,2025-01-14,attendee,6.5
ATT-003854,1227780172,EVT-0172,2025-01-14,attendee,9.2
ATT-003855,1282948292,EVT-0172,2025-01-14,attendee,4.8
ATT-003856,1287287258,EVT-0172,2025-01-14,attendee,6.7
ATT-003857,1292975558,EVT-0172,2025-01-14,attendee,8.8
ATT-003858,1296552940,EVT-0172,2025-01-14,attendee,4.4
ATT-003859,1326516303,EVT-0172,2025-01-14,attendee,5.2
ATT-003860,1362648127,EVT-0172,2025-01-14,attendee,5.4
ATT-DUP-00081,1362648127,EVT-0172,2025-01-14,attendee,5.4
ATT-003861,1377426493,EVT-0172,2025-01-14,attendee,6.7
ATT-003862,1385532449,EVT-0172,2025-01-14,attendee,7.7
ATT-003863,1418997171,EVT-0172,2025-01-14,attendee,7.2
ATT-003864,1425340662,EVT-0172,2025-01-14,attendee,5.9
ATT-003865,1429255973,EVT-0172,2025-01-14,attendee,5.8
ATT-003866,1436505063,EVT-0172,2025-01-14,attendee,5.2
ATT-003867,1494868502,EVT-0172,2025-01-14,attendee,4.9
ATT-003868,1509977165,EVT-0172,2025-01-14,attendee,6.4
ATT-003869,1557944620,EVT-0172,2025-01-14,attendee,5.3
ATT-003870,1599989245,EVT-0172,2025-01-14,attendee,5.1
ATT-003871,1639269087,EVT-0172,2025-01-14,attendee,4.8
ATT-003872,1644815767,EVT-0172,2025-01-14,attendee,6.3
ATT-003873,1707435529,EVT-0172,2025-01-14,attendee,9.3
ATT-003874,1725623817,EVT-0172,2025-01-14,attendee,9.6
ATT-003875,1732527431,EVT-0172,2025-01-14,attendee,7.1
ATT-003876,1768831921,EVT-0172,2025-01-14,attendee,5.2
ATT-003877,1803233885,EVT-0172,2025-01-14,attendee,6.5
ATT-003878,1808826295,EVT-0172,2025-01-14,attendee,8.2
ATT-003879,1812815243,EVT-0172,2025-01-14,attendee,10.0
ATT-DUP-00018,1812815243,EVT-0172,2025-01-14,attendee,10.0
ATT-003880,1862986803,EVT-0172,2025-01-14,attendee,5.7
ATT-003881,1897724641,EVT-0172,2025-01-14,speaker,8.4
ATT-003882,1041585906,EVT-0173,2025-01-14,attendee,6.1
ATT-003883,1085110611,EVT-0173,2025-01-14,attendee,4.2
ATT-003884,1124726435,EVT-0173,2025-01-14,attendee,7.1
ATT-003885,1145899849,EVT-0173,2025-01-14,attendee,7.6
ATT-003886,1228081653,EVT-0173,2025-01-14,attendee,4.1
ATT-003887,1229022169,EVT-0173,2025-01-14,attendee,6.8
ATT-003888,1243754490,EVT-0173,2025-01-14,attendee,7.1
ATT-003889,1244876920,EVT-0173,2025-01-14,attendee,6.4
ATT-003890,1282948292,EVT-0173,2025-01-14,attendee,3.9
ATT-003891,1293643247,EVT-0173,2025-01-14,attendee,7.2
ATT-003892,1324237324,EVT-0173,2025-01-14,attendee,7.3
ATT-003893,1327009084,EVT-0173,2025-01-14,attendee,4.1
ATT-003894,1341556789,EVT-0173,2025-01-14,attendee,9.6
ATT-003895,1413495239,EVT-0173,2025-01-14,attendee,10.0
ATT-003896,1425340662,EVT-0173,2025-01-14,attendee,5.4
ATT-003897,1473057747,EVT-0173,2025-01-14,attendee,9.1
ATT-003898,1551962891,EVT-0173,2025-01-14,attendee,3.9
ATT-003899,1567742360,EVT-0173,2025-01-14,attendee,6.5
ATT-003900,1592123891,EVT-0173,2025-01-14,attendee,6.5
ATT-003901,1614978876,EVT-0173,2025-01-14,attendee,3.8
ATT-003902,1639269087,EVT-0173,2025-01-14,attendee,6.0
ATT-003903,1644815767,EVT-0173,2025-01-14,attendee,6.1
ATT-003904,1681501296,EVT-0173,2025-01-14,attendee,4.3
ATT-003905,1742859469,EVT-0173,2025-01-14,attendee,
ATT-003906,1827318308,EVT-0173,2025-01-14,attendee,7.4
ATT-003907,1889776344,EVT-0173,2025-01-14,attendee,6.0
ATT-003908,1518550110,EVT-0173,2025-01-14,speaker,9.3
ATT-003909,1026722938,EVT-0174,2025-01-15,attendee,8.5
ATT-003910,1050705288,EVT-0174,2025-01-15,attendee,7.9
ATT-003911,1136500869,EVT-0174,2025-01-15,attendee,5.4
ATT-003912,1137408567,EVT-0174,2025-01-15,attendee,7.5
ATT-DUP-00004,1137408567,EVT-0174,2025-01-15,attendee,7.3
ATT-003913,1219516501,EVT-0174,2025-01-15,attendee,7.0
ATT-003914,1267903205,EVT-0174,2025-01-15,attendee,5.5
ATT-003915,1645233598,EVT-0174,2025-01-15,attendee,7.9
ATT-003916,1706991829,EVT-0174,2025-01-15,attendee,7.4
ATT-003917,1738903891,EVT-0174,2025-01-15,attendee,6.7
ATT-DUP-00151,1738903891,EVT-0174,2025-01-15,attendee,6.7
ATT-003918,1746046261,EVT-0174,2025-01-15,attendee,6.6
ATT-003919,1803502636,EVT-0174,2025-01-15,attendee,5.7
ATT-003920,1836314447,EVT-0174,2025-01-15,attendee,6.0
ATT-003921,1964945871,EVT-0174,2025-01-15,attendee,8.0
ATT-003922,1436772218,EVT-0174,2025-01-15,speaker,9.2
ATT-003923,1002145427,EVT-0175,2025-01-20,attendee,7.7
ATT-003924,1018018261,EVT-0175,2025-01-20,attendee,9.3
ATT-003925,1025978341,EVT-0175,2025-01-20,attendee,8.0
ATT-003926,1048976678,EVT-0175,2025-01-20,attendee,7.1
ATT-003927,1084471394,EVT-0175,2025-01-20,attendee,7.9
ATT-003928,1098995024,EVT-0175,2025-01-20,attendee,7.9
ATT-003929,1101185407,EVT-0175,2025-01-20,attendee,6.9
ATT-003930,1124726435,EVT-0175,2025-01-20,attendee,6.3
ATT-003931,1133130363,EVT-0175,2025-01-20,attendee,8.1
ATT-003932,1134089733,EVT-0175,2025-01-20,attendee,4.8
ATT-003933,1138281740,EVT-0175,2025-01-20,attendee,4.8
ATT-003934,1159841240,EVT-0175,2025-01-20,attendee,6.3
ATT-003935,1180932224,EVT-0175,2025-01-20,attendee,8.3
ATT-003936,1189769080,EVT-0175,2025-01-20,attendee,8.3
ATT-DUP-00179,1189769080,EVT-0175,2025-01-20,attendee,8.3
ATT-003937,1213511599,EVT-0175,2025-01-20,attendee,8.0
ATT-003938,1227780172,EVT-0175,2025-01-20,attendee,9.0
ATT-003939,1238983617,EVT-0175,2025-01-20,attendee,8.0
ATT-003940,1241711534,EVT-0175,2025-01-20,attendee,5.3
ATT-003941,1259584955,EVT-0175,2025-01-20,attendee,2.3
ATT-003942,1263807582,EVT-0175,2025-01-20,attendee,8.6
ATT-003943,1280087226,EVT-0175,2025-01-20,attendee,8.0
ATT-003944,1300654963,EVT-0175,2025-01-20,attendee,5.3
ATT-003945,1315385710,EVT-0175,2025-01-20,attendee,10.0
ATT-003946,1316743925,EVT-0175,2025-01-20,attendee,6.6
ATT-003947,1327009084,EVT-0175,2025-01-20,attendee,2.5
ATT-003948,1377426493,EVT-0175,2025-01-20,attendee,6.1
ATT-003949,1393791409,EVT-0175,2025-01-20,attendee,7.8
ATT-003950,1418997171,EVT-0175,2025-01-20,attendee,7.0
ATT-003951,1425340662,EVT-0175,2025-01-20,attendee,8.0
ATT-003952,1443520683,EVT-0175,2025-01-20,attendee,6.3
ATT-003953,1456207657,EVT-0175,2025-01-20,attendee,5.9
ATT-003954,1456299035,EVT-0175,2025-01-20,attendee,4.5
ATT-003955,1460081361,EVT-0175,2025-01-20,attendee,8.1
ATT-003956,1523681389,EVT-0175,2025-01-20,attendee,5.7
ATT-003957,1533003293,EVT-0175,2025-01-20,attendee,
ATT-003958,1535820066,EVT-0175,2025-01-20,attendee,6.7
ATT-003959,1540759788,EVT-0175,2025-01-20,attendee,6.0
ATT-003960,1546151204,EVT-0175,2025-01-20,attendee,7.0
ATT-003961,1552813903,EVT-0175,2025-01-20,attendee,5.6
ATT-003962,1590869917,EVT-0175,2025-01-20,attendee,7.3
ATT-003963,1595301304,EVT-0175,2025-01-20,attendee,8.7
ATT-003964,1595774286,EVT-0175,2025-01-20,attendee,4.8
ATT-003965,1610177150,EVT-0175,2025-01-20,attendee,7.5
ATT-003966,1613561947,EVT-0175,2025-01-20,attendee,9.8
ATT-003967,1621842156,EVT-0175,2025-01-20,attendee,1.8
ATT-003968,1644815767,EVT-0175,2025-01-20,attendee,5.0
ATT-003969,1655727265,EVT-0175,2025-01-20,attendee,8.9
ATT-003970,1689916181,EVT-0175,2025-01-20,attendee,5.3
ATT-003971,1710163217,EVT-0175,2025-01-20,attendee,7.4
ATT-003972,1732527431,EVT-0175,2025-01-20,attendee,9.9
ATT-003973,1747032997,EVT-0175,2025-01-20,attendee,9.0
ATT-003974,1767508967,EVT-0175,2025-01-20,attendee,5.9
ATT-003975,1785764022,EVT-0175,2025-01-20,attendee,6.3
ATT-003976,1808826295,EVT-0175,2025-01-20,attendee,9.3
ATT-003977,1811081532,EVT-0175,2025-01-20,attendee,9.1
ATT-003978,1815807585,EVT-0175,2025-01-20,attendee,6.6
ATT-003979,1838439200,EVT-0175,2025-01-20,attendee,6.7
ATT-003980,1848624494,EVT-0175,2025-01-20,attendee,6.3
ATT-003981,1896554999,EVT-0175,2025-01-20,attendee,
ATT-003982,1908168895,EVT-0175,2025-01-20,attendee,7.9
ATT-003983,1922670785,EVT-0175,2025-01-20,attendee,8.7
ATT-003984,1924355757,EVT-0175,2025-01-20,attendee,6.8
ATT-003985,1944079924,EVT-0175,2025-01-20,attendee,6.9
ATT-003986,1955620046,EVT-0175,2025-01-20,attendee,8.6
ATT-003987,1194241117,EVT-0175,2025-01-20,speaker,8.4
ATT-003988,1009179924,EVT-0176,2025-01-23,attendee,5.9
ATT-003989,1025978341,EVT-0176,2025-01-23,attendee,4.6
ATT-003990,1058647219,EVT-0176,2025-01-23,attendee,8.1
ATT-003991,1134509243,EVT-0176,2025-01-23,attendee,
ATT-003993,1273912869,EVT-0176,2025-01-23,attendee,5.5
ATT-003994,1315385710,EVT-0176,2025-01-23,attendee,6.7
ATT-003995,1389574017,EVT-0176,2025-01-23,attendee,6.9
ATT-003996,1397955463,EVT-0176,2025-01-23,attendee,9.2
ATT-003997,1423152481,EVT-0176,2025-01-23,attendee,9.1
ATT-DUP-00001,1423152481,EVT-0176,2025-01-23,attendee,9.1
ATT-003998,1425340662,EVT-0176,2025-01-23,attendee,5.0
ATT-003999,1453128708,EVT-0176,2025-01-23,attendee,3.7
ATT-004000,1489598965,EVT-0176,2025-01-23,attendee,5.2
ATT-004001,1533003293,EVT-0176,2025-01-23,attendee,8.8
ATT-004002,1547244776,EVT-0176,2025-01-23,attendee,6.7
ATT-004003,1567742360,EVT-0176,2025-01-23,attendee,7.9
ATT-004004,1592062677,EVT-0176,2025-01-23,attendee,8.3
ATT-004005,1616839134,EVT-0176,2025-01-23,attendee,6.5
ATT-004006,1635581279,EVT-0176,2025-01-23,attendee,6.6
ATT-004007,1647196991,EVT-0176,2025-01-23,attendee,4.9
ATT-004008,1647700669,EVT-0176,2025-01-23,attendee,1.2
ATT-004009,1688976343,EVT-0176,2025-01-23,attendee,8.7
ATT-004010,1704308638,EVT-0176,2025-01-23,attendee,6.4
ATT-004011,1707435529,EVT-0176,2025-01-23,attendee,7.6
ATT-004012,1727463709,EVT-0176,2025-01-23,attendee,5.3
ATT-004013,1738903891,EVT-0176,2025-01-23,attendee,5.9
ATT-004014,1808310134,EVT-0176,2025-01-23,attendee,5.0
ATT-004015,1832506087,EVT-0176,2025-01-23,attendee,6.6
ATT-004016,1854852153,EVT-0176,2025-01-23,attendee,4.8
ATT-004017,1862986803,EVT-0176,2025-01-23,attendee,6.1
ATT-004018,1867204764,EVT-0176,2025-01-23,attendee,8.2
ATT-004019,1889776344,EVT-0176,2025-01-23,attendee,8.5
ATT-004020,1921646299,EVT-0176,2025-01-23,attendee,6.2
ATT-004021,1969914385,EVT-0176,2025-01-23,attendee,5.2
ATT-004022,1999506508,EVT-0176,2025-01-23,attendee,8.3
ATT-004023,1094685637,EVT-0176,2025-01-23,speaker,10.0
ATT-003992,1264333323,EVT-0176,2025-01-25,attendee,8.4
ATT-004024,1036718538,EVT-0177,2025-01-31,attendee,5.3
ATT-004025,1044666919,EVT-0177,2025-01-31,attendee,6.9
ATT-004026,1048976678,EVT-0177,2025-01-31,attendee,5.0
ATT-004027,1098995024,EVT-0177,2025-01-31,attendee,5.3
ATT-004028,1200480071,EVT-0177,2025-01-31,attendee,6.5
ATT-004029,1204787067,EVT-0177,2025-01-31,attendee,6.3
ATT-004030,1227780172,EVT-0177,2025-01-31,attendee,7.0
ATT-004031,1278315217,EVT-0177,2025-01-31,attendee,5.4
ATT-004032,1285347583,EVT-0177,2025-01-31,attendee,5.5
ATT-004033,1300832031,EVT-0177,2025-01-31,attendee,8.0
ATT-004034,1328056928,EVT-0177,2025-01-31,attendee,5.8
ATT-004035,1341556789,EVT-0177,2025-01-31,attendee,7.0
ATT-004036,1394609428,EVT-0177,2025-01-31,attendee,8.9
ATT-004037,1425340662,EVT-0177,2025-01-31,attendee,5.4
ATT-DUP-00017,1425340662,EVT-0177,2025-01-31,attendee,5.1
ATT-004038,1456207657,EVT-0177,2025-01-31,attendee,6.2
ATT-004039,1456299035,EVT-0177,2025-01-31,attendee,6.7
ATT-004040,1555906795,EVT-0177,2025-01-31,attendee,4.3
ATT-004041,1592062677,EVT-0177,2025-01-31,attendee,8.1
ATT-004042,1595774286,EVT-0177,2025-01-31,attendee,5.0
ATT-DUP-00139,1595774286,EVT-0177,2025-01-31,attendee,5.2
ATT-004043,1599989245,EVT-0177,2025-01-31,attendee,5.4
ATT-004044,1616418756,EVT-0177,2025-01-31,attendee,7.7
ATT-004045,1648553570,EVT-0177,2025-01-31,attendee,9.2
ATT-004047,1686880901,EVT-0177,2025-01-31,attendee,5.4
ATT-004048,1701585576,EVT-0177,2025-01-31,attendee,10.0
ATT-004049,1710163217,EVT-0177,2025-01-31,attendee,6.5
ATT-004050,1714986282,EVT-0177,2025-01-31,attendee,5.5
ATT-DUP-00065,1714986282,EVT-0177,2025-01-31,attendee,
ATT-004051,1725623817,EVT-0177,2025-01-31,attendee,6.9
ATT-004052,1736829924,EVT-0177,2025-01-31,attendee,6.8
ATT-004053,1806707737,EVT-0177,2025-01-31,attendee,3.5
ATT-004054,1854852153,EVT-0177,2025-01-31,attendee,6.9
ATT-DUP-00056,1854852153,EVT-0177,2025-01-31,attendee,6.9
ATT-004055,1856406925,EVT-0177,2025-01-31,attendee,7.4
ATT-004056,1893606271,EVT-0177,2025-01-31,attendee,5.8
ATT-004057,1949335115,EVT-0177,2025-01-31,attendee,6.6
ATT-004058,1078164070,EVT-0177,2025-01-31,speaker,10.0
ATT-004059,1042224778,EVT-0178,2025-01-31,attendee,10.0
ATT-004060,1044379984,EVT-0178,2025-01-31,attendee,6.5
ATT-004061,1050705288,EVT-0178,2025-01-31,attendee,6.8
ATT-004062,1103232447,EVT-0178,2025-01-31,attendee,4.4
ATT-004063,1159841240,EVT-0178,2025-01-31,attendee,6.7
ATT-004064,1204261733,EVT-0178,2025-01-31,attendee,5.2
ATT-004065,1227780172,EVT-0178,2025-01-31,attendee,9.0
ATT-004066,1240393805,EVT-0178,2025-01-31,attendee,7.4
ATT-004067,1257723886,EVT-0178,2025-01-31,attendee,7.1
ATT-004068,1315385710,EVT-0178,2025-01-31,attendee,8.2
ATT-004069,1326516303,EVT-0178,2025-01-31,attendee,6.9
ATT-004070,1362560363,EVT-0178,2025-01-31,attendee,6.3
ATT-004071,1364458855,EVT-0178,2025-01-31,attendee,3.9
ATT-004072,1423152481,EVT-0178,2025-01-31,attendee,8.1
ATT-004073,1455779946,EVT-0178,2025-01-31,attendee,7.3
ATT-004074,1467704312,EVT-0178,2025-01-31,attendee,5.4
ATT-004075,1475115246,EVT-0178,2025-01-31,attendee,5.5
ATT-004076,1610177150,EVT-0178,2025-01-31,attendee,4.5
ATT-004077,1689916181,EVT-0178,2025-01-31,attendee,8.2
ATT-004078,1696606064,EVT-0178,2025-01-31,attendee,2.2
ATT-004079,1725623817,EVT-0178,2025-01-31,attendee,10.0
ATT-004080,1732527431,EVT-0178,2025-01-31,attendee,8.2
ATT-004081,1766730505,EVT-0178,2025-01-31,attendee,4.8
ATT-004082,1788421810,EVT-0178,2025-01-31,attendee,6.5
ATT-004083,1808826295,EVT-0178,2025-01-31,attendee,6.8
ATT-004084,1812815243,EVT-0178,2025-01-31,attendee,8.7
ATT-004085,1814938340,EVT-0178,2025-01-31,attendee,
ATT-004086,1836939912,EVT-0178,2025-01-31,attendee,4.3
ATT-004087,1848624494,EVT-0178,2025-01-31,attendee,4.7
ATT-004088,1922670785,EVT-0178,2025-01-31,attendee,6.4
ATT-004089,1989798412,EVT-0178,2025-01-31,attendee,6.2
ATT-004090,1362616959,EVT-0178,2025-01-31,speaker,10.0
ATT-004046,1683943777,EVT-0177,2025-02-01,attendee,6.9
ATT-004091,1002145427,EVT-0179,2025-02-05,attendee,7.0
ATT-004092,1048976678,EVT-0179,2025-02-05,attendee,9.2
ATT-004093,1084471394,EVT-0179,2025-02-05,attendee,6.2
ATT-004094,1101185407,EVT-0179,2025-02-05,attendee,8.6
ATT-004095,1124726435,EVT-0179,2025-02-05,attendee,8.6
ATT-004096,1170846871,EVT-0179,2025-02-05,attendee,4.9
ATT-004097,1190842652,EVT-0179,2025-02-05,attendee,5.5
ATT-004098,1251567115,EVT-0179,2025-02-05,attendee,5.8
ATT-DUP-00096,1251567115,EVT-0179,2025-02-05,attendee,5.9
ATT-004099,1271768685,EVT-0179,2025-02-05,attendee,7.6
ATT-004100,1300654963,EVT-0179,2025-02-05,attendee,6.8
ATT-004101,1425340662,EVT-0179,2025-02-05,attendee,8.6
ATT-004102,1455779946,EVT-0179,2025-02-05,attendee,5.4
ATT-004103,1456299035,EVT-0179,2025-02-05,attendee,8.8
ATT-004104,1523498065,EVT-0179,2025-02-05,attendee,5.4
ATT-004105,1552813903,EVT-0179,2025-02-05,attendee,9.0
ATT-004106,1595301304,EVT-0179,2025-02-05,attendee,6.2
ATT-004107,1639269087,EVT-0179,2025-02-05,attendee,7.7
ATT-004108,1689916181,EVT-0179,2025-02-05,attendee,9.3
ATT-004109,1725623817,EVT-0179,2025-02-05,attendee,6.8
ATT-004110,1732527431,EVT-0179,2025-02-05,attendee,7.1
ATT-004111,1812815243,EVT-0179,2025-02-05,attendee,6.4
ATT-004112,1824172013,EVT-0179,2025-02-05,attendee,9.9
ATT-004113,1832506087,EVT-0179,2025-02-05,attendee,8.2
ATT-004114,1848624494,EVT-0179,2025-02-05,attendee,5.1
ATT-004115,1896554999,EVT-0179,2025-02-05,attendee,6.0
ATT-004116,1924355757,EVT-0179,2025-02-05,attendee,8.3
ATT-004117,1937514325,EVT-0179,2025-02-05,attendee,8.0
ATT-004118,1590602128,EVT-0179,2025-02-05,speaker,8.5
ATT-004119,1159301823,EVT-0180,2025-02-06,attendee,2.3
ATT-004120,1326905712,EVT-0180,2025-02-06,attendee,2.6
ATT-004121,1358245029,EVT-0180,2025-02-06,attendee,4.1
ATT-004122,1640263392,EVT-0180,2025-02-06,attendee,5.1
ATT-004123,1704492101,EVT-0180,2025-02-06,attendee,3.7
ATT-DUP-00120,1704492101,EVT-0180,2025-02-06,attendee,3.7
ATT-004124,1811081532,EVT-0180,2025-02-06,attendee,4.8
ATT-004125,1903865289,EVT-0180,2025-02-06,speaker,8.9
ATT-004126,1038444141,EVT-0181,2025-02-07,attendee,7.5
ATT-004127,1120302413,EVT-0181,2025-02-07,attendee,4.8
ATT-004128,1209464480,EVT-0181,2025-02-07,attendee,4.5
ATT-004129,1216532808,EVT-0181,2025-02-07,attendee,
ATT-004130,1407931751,EVT-0181,2025-02-07,attendee,4.4
ATT-004131,1480599715,EVT-0181,2025-02-07,attendee,5.2
ATT-004132,1704492101,EVT-0181,2025-02-07,attendee,3.4
ATT-004133,1758206720,EVT-0181,2025-02-07,attendee,4.5
ATT-004134,1840863041,EVT-0181,2025-02-07,attendee,4.0
ATT-004135,1009335344,EVT-0181,2025-02-07,speaker,9.9
ATT-004136,1009179924,EVT-0182,2025-02-14,attendee,7.9
ATT-004137,1025231352,EVT-0182,2025-02-14,attendee,10.0
ATT-004138,1041585906,EVT-0182,2025-02-14,attendee,6.9
ATT-004139,1058647219,EVT-0182,2025-02-14,attendee,8.0
ATT-004140,1073902250,EVT-0182,2025-02-14,attendee,7.2
ATT-004141,1085110611,EVT-0182,2025-02-14,attendee,4.0
ATT-004142,1101185407,EVT-0182,2025-02-14,attendee,10.0
ATT-004143,1133616429,EVT-0182,2025-02-14,attendee,5.8
ATT-004144,1137408567,EVT-0182,2025-02-14,attendee,7.6
ATT-004145,1144669185,EVT-0182,2025-02-14,attendee,3.0
ATT-004146,1159841240,EVT-0182,2025-02-14,attendee,6.5
ATT-004147,1240190284,EVT-0182,2025-02-14,attendee,8.4
ATT-DUP-00013,1240190284,EVT-0182,2025-02-14,attendee,8.4
ATT-004148,1244876920,EVT-0182,2025-02-14,attendee,2.2
ATT-004149,1246066447,EVT-0182,2025-02-14,attendee,4.6
ATT-004150,1299418347,EVT-0182,2025-02-14,attendee,6.1
ATT-004151,1321405205,EVT-0182,2025-02-14,attendee,6.5
ATT-004152,1327009084,EVT-0182,2025-02-14,attendee,8.0
ATT-004153,1330017819,EVT-0182,2025-02-14,attendee,7.0
ATT-004154,1334266016,EVT-0182,2025-02-14,attendee,7.3
ATT-004155,1409867656,EVT-0182,2025-02-14,attendee,5.6
ATT-004156,1467704312,EVT-0182,2025-02-14,attendee,6.6
ATT-004157,1512844550,EVT-0182,2025-02-14,attendee,4.4
ATT-004158,1567742360,EVT-0182,2025-02-14,attendee,6.9
ATT-004159,1567993435,EVT-0182,2025-02-14,attendee,6.2
ATT-004160,1592062677,EVT-0182,2025-02-14,attendee,6.4
ATT-004161,1595301304,EVT-0182,2025-02-14,attendee,5.7
ATT-004162,1616418756,EVT-0182,2025-02-14,attendee,5.5
ATT-004163,1636376422,EVT-0182,2025-02-14,attendee,5.6
ATT-004164,1644815767,EVT-0182,2025-02-14,attendee,7.7
ATT-004165,1683943777,EVT-0182,2025-02-14,attendee,6.2
ATT-004166,1689916181,EVT-0182,2025-02-14,attendee,6.6
ATT-004167,1704331150,EVT-0182,2025-02-14,attendee,4.1
ATT-004168,1732000645,EVT-0182,2025-02-14,attendee,7.4
ATT-DUP-00016,1732000645,EVT-0182,2025-02-14,attendee,7.4
ATT-004169,1779411515,EVT-0182,2025-02-14,attendee,7.3
ATT-004170,1806707737,EVT-0182,2025-02-14,attendee,4.8
ATT-004171,1824149854,EVT-0182,2025-02-14,attendee,5.3
ATT-004172,1836939912,EVT-0182,2025-02-14,attendee,5.0
ATT-004173,1854852153,EVT-0182,2025-02-14,attendee,4.6
ATT-004174,1927430854,EVT-0182,2025-02-14,attendee,9.2
ATT-004175,1944079924,EVT-0182,2025-02-14,attendee,6.9
ATT-004176,1955620046,EVT-0182,2025-02-14,attendee,5.8
ATT-004177,1989798412,EVT-0182,2025-02-14,attendee,7.5
ATT-004178,1991291398,EVT-0182,2025-02-14,attendee,
ATT-004179,1480117328,EVT-0182,2025-02-14,speaker,9.2
ATT-004180,1133616429,EVT-0183,2025-02-17,attendee,5.8
ATT-004181,1159841240,EVT-0183,2025-02-17,attendee,10.0
ATT-DUP-00119,1159841240,EVT-0183,2025-02-17,attendee,9.6
ATT-004182,1163199601,EVT-0183,2025-02-17,attendee,7.1
ATT-004183,1204261733,EVT-0183,2025-02-17,attendee,4.9
ATT-004184,1204787067,EVT-0183,2025-02-17,attendee,
ATT-004185,1467704312,EVT-0183,2025-02-17,attendee,4.2
ATT-004186,1592062677,EVT-0183,2025-02-17,attendee,7.1
ATT-004187,1616418756,EVT-0183,2025-02-17,attendee,5.7
ATT-004188,1824149854,EVT-0183,2025-02-17,attendee,5.0
ATT-004189,1856601467,EVT-0183,2025-02-17,attendee,6.7
ATT-004190,1921646299,EVT-0183,2025-02-17,attendee,7.3
ATT-004191,1468766963,EVT-0183,2025-02-17,speaker,7.8
ATT-004192,1010852790,EVT-0184,2025-02-17,attendee,7.5
ATT-004193,1025231352,EVT-0184,2025-02-17,attendee,7.7
ATT-004194,1073902250,EVT-0184,2025-02-17,attendee,5.4
ATT-004195,1194203331,EVT-0184,2025-02-17,attendee,5.0
ATT-004196,1273912869,EVT-0184,2025-02-17,attendee,5.8
ATT-004197,1393791409,EVT-0184,2025-02-17,attendee,4.8
ATT-004198,1524065749,EVT-0184,2025-02-17,attendee,4.5
ATT-004199,1595774286,EVT-0184,2025-02-17,attendee,6.7
ATT-004200,1616839134,EVT-0184,2025-02-17,attendee,5.9
ATT-DUP-00101,1616839134,EVT-0184,2025-02-17,attendee,5.9
ATT-004201,1647196991,EVT-0184,2025-02-17,attendee,6.4
ATT-004202,1808310134,EVT-0184,2025-02-17,attendee,8.6
ATT-004203,1847082322,EVT-0184,2025-02-17,attendee,5.5
ATT-004204,1993874985,EVT-0184,2025-02-17,attendee,8.1
ATT-004205,1299294599,EVT-0184,2025-02-17,speaker,9.8
ATT-004206,1009179924,EVT-0185,2025-02-20,attendee,5.8
ATT-004207,1120080837,EVT-0185,2025-02-20,attendee,5.2
ATT-004208,1123148250,EVT-0185,2025-02-20,attendee,5.6
ATT-004209,1302899475,EVT-0185,2025-02-20,attendee,3.2
ATT-004210,1323611925,EVT-0185,2025-02-20,attendee,5.9
ATT-004211,1341556789,EVT-0185,2025-02-20,attendee,7.6
ATT-004212,1362560363,EVT-0185,2025-02-20,attendee,6.1
ATT-004213,1475115246,EVT-0185,2025-02-20,attendee,6.9
ATT-004214,1551962891,EVT-0185,2025-02-20,attendee,4.9
ATT-004215,1683943777,EVT-0185,2025-02-20,attendee,6.7
ATT-004216,1722038985,EVT-0185,2025-02-20,attendee,6.3
ATT-004217,1724092733,EVT-0185,2025-02-20,attendee,6.2
ATT-004218,1727463709,EVT-0185,2025-02-20,attendee,6.8
ATT-004219,1732000645,EVT-0185,2025-02-20,attendee,8.4
ATT-004220,1732914373,EVT-0185,2025-02-20,attendee,5.2
ATT-004221,1836894604,EVT-0185,2025-02-20,attendee,4.1
ATT-004222,1901019392,EVT-0185,2025-02-20,attendee,10.0
ATT-DUP-00032,1901019392,EVT-0185,2025-02-20,attendee,10.0
ATT-004223,1934829601,EVT-0185,2025-02-20,attendee,6.7
ATT-004224,1164091765,EVT-0185,2025-02-20,speaker,9.7
ATT-004225,1044303869,EVT-0186,2025-02-22,attendee,7.4
ATT-004226,1200480071,EVT-0186,2025-02-22,attendee,7.3
ATT-004227,1240190284,EVT-0186,2025-02-22,attendee,4.2
ATT-004228,1265952337,EVT-0186,2025-02-22,attendee,5.4
ATT-004229,1398789739,EVT-0186,2025-02-22,attendee,4.7
ATT-004231,1511742359,EVT-0186,2025-02-22,attendee,5.4
ATT-004232,1536278926,EVT-0186,2025-02-22,attendee,6.2
ATT-004233,1683943777,EVT-0186,2025-02-22,attendee,7.8
ATT-004234,1714986282,EVT-0186,2025-02-22,attendee,6.2
ATT-004235,1725724532,EVT-0186,2025-02-22,attendee,7.0
ATT-004236,1738903891,EVT-0186,2025-02-22,attendee,8.1
ATT-004237,1848624494,EVT-0186,2025-02-22,attendee,6.9
ATT-004238,1857629178,EVT-0186,2025-02-22,attendee,3.8
ATT-004239,1903798589,EVT-0186,2025-02-22,attendee,6.2
ATT-004240,1991291398,EVT-0186,2025-02-22,attendee,8.5
ATT-004241,1712092349,EVT-0186,2025-02-22,speaker,9.6
ATT-004230,1460081361,EVT-0186,2025-02-24,attendee,8.3
ATT-004242,1018018261,EVT-0187,2025-02-24,attendee,7.7
ATT-004243,1050705288,EVT-0187,2025-02-24,attendee,6.6
ATT-004244,1065091666,EVT-0187,2025-02-24,attendee,2.2
ATT-004245,1123148250,EVT-0187,2025-02-24,attendee,7.1
ATT-004246,1133616429,EVT-0187,2025-02-24,attendee,4.9
ATT-004247,1136500869,EVT-0187,2025-02-24,attendee,7.3
ATT-004248,1159841240,EVT-0187,2025-02-24,attendee,6.4
ATT-004249,1200096471,EVT-0187,2025-02-24,attendee,7.4
ATT-004250,1202669523,EVT-0187,2025-02-24,attendee,8.1
ATT-004251,1237205202,EVT-0187,2025-02-24,attendee,5.1
ATT-004252,1251567115,EVT-0187,2025-02-24,attendee,6.1
ATT-DUP-00175,1251567115,EVT-0187,2025-02-24,attendee,5.9
ATT-004253,1264333323,EVT-0187,2025-02-24,attendee,9.0
ATT-004254,1324722952,EVT-0187,2025-02-24,attendee,6.1
ATT-004255,1375349903,EVT-0187,2025-02-24,attendee,5.1
ATT-004256,1418997171,EVT-0187,2025-02-24,attendee,6.9
ATT-004257,1455101661,EVT-0187,2025-02-24,attendee,8.0
ATT-004258,1467704312,EVT-0187,2025-02-24,attendee,6.7
ATT-004259,1481247389,EVT-0187,2025-02-24,attendee,4.6
ATT-004260,1551107307,EVT-0187,2025-02-24,attendee,7.4
ATT-004261,1567742360,EVT-0187,2025-02-24,attendee,6.2
ATT-004262,1592062677,EVT-0187,2025-02-24,attendee,5.7
ATT-004263,1621199177,EVT-0187,2025-02-24,attendee,7.6
ATT-004264,1645233598,EVT-0187,2025-02-24,attendee,6.0
ATT-004265,1648626962,EVT-0187,2025-02-24,attendee,3.9
ATT-004266,1670701188,EVT-0187,2025-02-24,attendee,8.0
ATT-004267,1689916181,EVT-0187,2025-02-24,attendee,7.0
ATT-004268,1703413967,EVT-0187,2025-02-24,attendee,4.3
ATT-DUP-00102,1703413967,EVT-0187,2025-02-24,attendee,4.4
ATT-004269,1787619711,EVT-0187,2025-02-24,attendee,7.3
ATT-004270,1803502636,EVT-0187,2025-02-24,attendee,5.4
ATT-004271,1841542198,EVT-0187,2025-02-24,attendee,5.6
ATT-004272,1901019392,EVT-0187,2025-02-24,attendee,9.3
ATT-004273,1924355757,EVT-0187,2025-02-24,attendee,6.1
ATT-004274,1927430854,EVT-0187,2025-02-24,attendee,7.7
ATT-004275,1949335115,EVT-0187,2025-02-24,attendee,9.5
ATT-004276,1964945871,EVT-0187,2025-02-24,attendee,4.7
ATT-004277,1993463169,EVT-0187,2025-02-24,attendee,4.1
ATT-004278,1686810049,EVT-0187,2025-02-24,speaker,
ATT-004279,1038444141,EVT-0188,2025-02-26,attendee,9.3
ATT-004280,1340345143,EVT-0188,2025-02-26,attendee,7.2
ATT-004281,1394982015,EVT-0188,2025-02-26,attendee,4.4
ATT-004282,1640263392,EVT-0188,2025-02-26,attendee,3.4
ATT-004283,1840863041,EVT-0188,2025-02-26,attendee,7.4
ATT-004284,1693809661,EVT-0188,2025-02-26,speaker,10.0
ATT-004285,1031568581,EVT-0189,2025-02-27,attendee,4.3
ATT-004286,1198262952,EVT-0189,2025-02-27,attendee,6.1
ATT-004287,1238983617,EVT-0189,2025-02-27,attendee,5.8
ATT-004288,1250017203,EVT-0189,2025-02-27,attendee,6.0
ATT-004289,1369172659,EVT-0189,2025-02-27,attendee,5.7
ATT-004290,1374281198,EVT-0189,2025-02-27,attendee,4.8
ATT-004291,1389574017,EVT-0189,2025-02-27,attendee,7.7
ATT-004292,1474100561,EVT-0189,2025-02-27,attendee,3.1
ATT-004293,1555906795,EVT-0189,2025-02-27,attendee,7.1
ATT-004294,1688976343,EVT-0189,2025-02-27,attendee,6.2
ATT-004295,1704308638,EVT-0189,2025-02-27,attendee,5.5
ATT-004296,1782077311,EVT-0189,2025-02-27,attendee,2.0
ATT-004297,1838576308,EVT-0189,2025-02-27,attendee,7.2
ATT-004298,1867204764,EVT-0189,2025-02-27,attendee,9.4
ATT-004299,1967802350,EVT-0189,2025-02-27,attendee,4.6
ATT-004300,1175085277,EVT-0189,2025-02-27,speaker,8.1
ATT-004301,1025978341,EVT-0190,2025-03-01,attendee,8.6
ATT-004302,1028436479,EVT-0190,2025-03-01,attendee,7.4
ATT-004303,1107038659,EVT-0190,2025-03-01,attendee,8.4
ATT-004304,1136500869,EVT-0190,2025-03-01,attendee,4.0
ATT-004305,1237205202,EVT-0190,2025-03-01,attendee,5.5
ATT-004306,1324722952,EVT-0190,2025-03-01,attendee,8.6
ATT-004307,1330156328,EVT-0190,2025-03-01,attendee,4.1
ATT-004308,1394609428,EVT-0190,2025-03-01,attendee,5.6
ATT-004309,1645233598,EVT-0190,2025-03-01,attendee,6.7
ATT-004310,1704331150,EVT-0190,2025-03-01,attendee,8.7
ATT-004311,1713444978,EVT-0190,2025-03-01,attendee,6.5
ATT-DUP-00110,1713444978,EVT-0190,2025-03-01,attendee,6.8
ATT-004312,1746046261,EVT-0190,2025-03-01,attendee,8.9
ATT-004313,1758794279,EVT-0190,2025-03-01,attendee,8.3
ATT-004314,1993463169,EVT-0190,2025-03-01,attendee,6.6
ATT-004315,1630483653,EVT-0190,2025-03-01,speaker,9.4
ATT-004322,1271768685,EVT-0191,2025-03-01,attendee,8.1
ATT-004316,1084919582,EVT-0191,2025-03-03,attendee,8.8
ATT-004317,1101185407,EVT-0191,2025-03-03,attendee,7.1
ATT-004318,1144669185,EVT-0191,2025-03-03,attendee,6.9
ATT-004319,1200480071,EVT-0191,2025-03-03,attendee,7.1
ATT-004320,1264333323,EVT-0191,2025-03-03,attendee,9.4
ATT-004321,1266945785,EVT-0191,2025-03-03,attendee,6.0
ATT-004323,1280087226,EVT-0191,2025-03-03,attendee,10.0
ATT-004324,1297280590,EVT-0191,2025-03-03,attendee,6.9
ATT-004325,1315385710,EVT-0191,2025-03-03,attendee,6.6
ATT-004326,1377426493,EVT-0191,2025-03-03,attendee,5.3
ATT-004327,1385532449,EVT-0191,2025-03-03,attendee,7.8
ATT-004328,1418997171,EVT-0191,2025-03-03,attendee,10.0
ATT-004329,1456207657,EVT-0191,2025-03-03,attendee,8.5
ATT-004330,1523681389,EVT-0191,2025-03-03,attendee,8.6
ATT-004331,1546151204,EVT-0191,2025-03-03,attendee,7.1
ATT-004332,1592123891,EVT-0191,2025-03-03,attendee,10.0
ATT-004333,1595301304,EVT-0191,2025-03-03,attendee,5.4
ATT-004334,1615059528,EVT-0191,2025-03-03,attendee,7.2
ATT-004335,1639269087,EVT-0191,2025-03-03,attendee,5.5
ATT-004336,1689916181,EVT-0191,2025-03-03,attendee,8.0
ATT-004337,1742579091,EVT-0191,2025-03-03,attendee,8.1
ATT-004338,1767508967,EVT-0191,2025-03-03,attendee,5.5
ATT-004339,1776723276,EVT-0191,2025-03-03,attendee,4.2
ATT-004340,1812815243,EVT-0191,2025-03-03,attendee,8.0
ATT-004341,1832506087,EVT-0191,2025-03-03,attendee,6.6
ATT-004342,1838439200,EVT-0191,2025-03-03,attendee,7.6
ATT-004343,1849328657,EVT-0191,2025-03-03,attendee,4.7
ATT-004344,1922670785,EVT-0191,2025-03-03,attendee,7.9
ATT-004345,1924355757,EVT-0191,2025-03-03,attendee,8.3
ATT-004346,1927430854,EVT-0191,2025-03-03,attendee,5.7
ATT-004347,1937514325,EVT-0191,2025-03-03,attendee,8.9
ATT-004348,1955620046,EVT-0191,2025-03-03,attendee,6.7
ATT-004349,1989798412,EVT-0191,2025-03-03,attendee,8.6
ATT-004350,1481179806,EVT-0191,2025-03-03,speaker,9.7
ATT-004351,1009179924,EVT-0192,2025-03-04,attendee,5.2
ATT-004352,1123148250,EVT-0192,2025-03-04,attendee,6.4
ATT-004353,1169238601,EVT-0192,2025-03-04,attendee,4.6
ATT-004354,1299418347,EVT-0192,2025-03-04,attendee,7.3
ATT-004355,1368009035,EVT-0192,2025-03-04,attendee,6.5
ATT-004356,1610177150,EVT-0192,2025-03-04,attendee,10.0
ATT-004357,1631526641,EVT-0192,2025-03-04,attendee,6.9
ATT-004358,1648553570,EVT-0192,2025-03-04,attendee,8.0
ATT-004359,1683943777,EVT-0192,2025-03-04,attendee,7.5
ATT-004360,1701585576,EVT-0192,2025-03-04,attendee,2.8
ATT-004361,1714986282,EVT-0192,2025-03-04,attendee,5.9
ATT-004362,1722038985,EVT-0192,2025-03-04,attendee,10.0
ATT-004363,1732000645,EVT-0192,2025-03-04,attendee,4.4
ATT-004364,1933607412,EVT-0192,2025-03-04,attendee,3.0
ATT-004366,1934829601,EVT-0192,2025-03-04,attendee,6.9
ATT-004367,1969108517,EVT-0192,2025-03-04,attendee,7.1
ATT-004368,1220405058,EVT-0192,2025-03-04,speaker,9.7
ATT-004365,1934763735,EVT-0192,2025-03-06,attendee,3.2
ATT-004369,1050506165,EVT-0193,2025-03-07,attendee,7.3
ATT-004370,1073902250,EVT-0193,2025-03-07,attendee,5.5
ATT-004371,1075036339,EVT-0193,2025-03-07,attendee,3.4
ATT-004372,1133130363,EVT-0193,2025-03-07,attendee,7.6
ATT-004373,1139166684,EVT-0193,2025-03-07,attendee,5.7
ATT-004374,1159841240,EVT-0193,2025-03-07,attendee,5.0
ATT-004375,1200480071,EVT-0193,2025-03-07,attendee,7.3
ATT-004376,1330017819,EVT-0193,2025-03-07,attendee,8.0
ATT-004377,1385532449,EVT-0193,2025-03-07,attendee,6.2
ATT-004378,1386514024,EVT-0193,2025-03-07,attendee,7.0
ATT-004379,1394609428,EVT-0193,2025-03-07,attendee,9.1
ATT-004380,1397955463,EVT-0193,2025-03-07,attendee,8.7
ATT-004381,1429255973,EVT-0193,2025-03-07,attendee,5.5
ATT-004382,1433980129,EVT-0193,2025-03-07,attendee,6.1
ATT-004383,1443551811,EVT-0193,2025-03-07,attendee,6.2
ATT-004384,1488515010,EVT-0193,2025-03-07,attendee,4.2
ATT-004385,1509977165,EVT-0193,2025-03-07,attendee,8.0
ATT-004386,1592062677,EVT-0193,2025-03-07,attendee,10.0
ATT-004387,1621842156,EVT-0193,2025-03-07,attendee,5.4
ATT-004388,1643343233,EVT-0193,2025-03-07,attendee,7.7
ATT-DUP-00098,1643343233,EVT-0193,2025-03-07,attendee,
ATT-004389,1747032997,EVT-0193,2025-03-07,attendee,8.1
ATT-004390,1815807585,EVT-0193,2025-03-07,attendee,7.0
ATT-DUP-00083,1815807585,EVT-0193,2025-03-07,attendee,7.6
ATT-004391,1824149854,EVT-0193,2025-03-07,attendee,3.5
ATT-004392,1927430854,EVT-0193,2025-03-07,attendee,9.6
ATT-004393,1964945871,EVT-0193,2025-03-07,attendee,7.6
ATT-004394,1995404856,EVT-0193,2025-03-07,attendee,5.2
ATT-004395,1361512639,EVT-0193,2025-03-07,speaker,9.4
ATT-004396,1044666919,EVT-0194,2025-03-13,attendee,5.2
ATT-004397,1133616429,EVT-0194,2025-03-13,attendee,7.7
ATT-004398,1204261733,EVT-0194,2025-03-13,attendee,4.3
ATT-004399,1443551811,EVT-0194,2025-03-13,attendee,8.4
ATT-004400,1467704312,EVT-0194,2025-03-13,attendee,4.8
ATT-004401,1561159348,EVT-0194,2025-03-13,attendee,5.8
ATT-004402,1567993435,EVT-0194,2025-03-13,attendee,6.0
ATT-004403,1616418756,EVT-0194,2025-03-13,attendee,4.2
ATT-004404,1635476009,EVT-0194,2025-03-13,attendee,4.9
ATT-004405,1636376422,EVT-0194,2025-03-13,attendee,6.7
ATT-004406,1674345776,EVT-0194,2025-03-13,attendee,5.3
ATT-004407,1712965692,EVT-0194,2025-03-13,attendee,5.3
ATT-004408,1719574174,EVT-0194,2025-03-13,attendee,4.5
ATT-004409,1893020424,EVT-0194,2025-03-13,attendee,8.7
ATT-004410,1921646299,EVT-0194,2025-03-13,attendee,7.2
ATT-004411,1735062055,EVT-0194,2025-03-13,speaker,8.8
ATT-004412,1009179924,EVT-0195,2025-03-19,attendee,9.0
ATT-004413,1025231352,EVT-0195,2025-03-19,attendee,10.0
ATT-004414,1036718538,EVT-0195,2025-03-19,attendee,5.8
ATT-004415,1040239976,EVT-0195,2025-03-19,attendee,5.4
ATT-004416,1044303869,EVT-0195,2025-03-19,attendee,6.2
ATT-004417,1050506165,EVT-0195,2025-03-19,attendee,6.9
ATT-004418,1120080837,EVT-0195,2025-03-19,attendee,9.0
ATT-004419,1167711153,EVT-0195,2025-03-19,attendee,6.2
ATT-004420,1273912869,EVT-0195,2025-03-19,attendee,3.1
ATT-004421,1280087226,EVT-0195,2025-03-19,attendee,9.1
ATT-004422,1328056928,EVT-0195,2025-03-19,attendee,6.5
ATT-004423,1361521440,EVT-0195,2025-03-19,attendee,8.9
ATT-004424,1362648127,EVT-0195,2025-03-19,attendee,4.4
ATT-004425,1413519731,EVT-0195,2025-03-19,attendee,8.1
ATT-004426,1548035017,EVT-0195,2025-03-19,attendee,3.9
ATT-004427,1567742360,EVT-0195,2025-03-19,attendee,6.0
ATT-004428,1645233598,EVT-0195,2025-03-19,attendee,6.4
ATT-004429,1657725655,EVT-0195,2025-03-19,attendee,5.2
ATT-004430,1674102136,EVT-0195,2025-03-19,attendee,3.4
ATT-004431,1768831921,EVT-0195,2025-03-19,attendee,4.9
ATT-004432,1832506087,EVT-0195,2025-03-19,attendee,7.3
ATT-004433,1885189138,EVT-0195,2025-03-19,attendee,5.1
ATT-004434,1206870192,EVT-0195,2025-03-19,speaker,9.0
ATT-004435,1002145427,EVT-0196,2025-03-22,attendee,8.9
ATT-DUP-00062,1002145427,EVT-0196,2025-03-22,attendee,8.9
ATT-004436,1011940271,EVT-0196,2025-03-22,attendee,4.2
ATT-004437,1025231352,EVT-0196,2025-03-22,attendee,6.2
ATT-004438,1050705288,EVT-0196,2025-03-22,attendee,6.7
ATT-004439,1081031506,EVT-0196,2025-03-22,attendee,4.5
ATT-004440,1137408567,EVT-0196,2025-03-22,attendee,9.1
ATT-004441,1144669185,EVT-0196,2025-03-22,attendee,5.9
ATT-004442,1174785596,EVT-0196,2025-03-22,attendee,5.9
ATT-004443,1280087226,EVT-0196,2025-03-22,attendee,9.1
ATT-004444,1316743925,EVT-0196,2025-03-22,attendee,7.5
ATT-004445,1324722952,EVT-0196,2025-03-22,attendee,3.9
ATT-004446,1492077734,EVT-0196,2025-03-22,attendee,8.1
ATT-004447,1533003293,EVT-0196,2025-03-22,attendee,6.9
ATT-004448,1552813903,EVT-0196,2025-03-22,attendee,7.9
ATT-004449,1590337907,EVT-0196,2025-03-22,attendee,9.3
ATT-004450,1592123891,EVT-0196,2025-03-22,attendee,4.8
ATT-004451,1598661571,EVT-0196,2025-03-22,attendee,7.3
ATT-004452,1645233598,EVT-0196,2025-03-22,attendee,8.9
ATT-004453,1657025858,EVT-0196,2025-03-22,attendee,6.8
ATT-004454,1704331150,EVT-0196,2025-03-22,attendee,7.0
ATT-004455,1706991829,EVT-0196,2025-03-22,attendee,4.6
ATT-004456,1758794279,EVT-0196,2025-03-22,attendee,4.5
ATT-DUP-00007,1758794279,EVT-0196,2025-03-22,attendee,4.4
ATT-004457,1768225918,EVT-0196,2025-03-22,attendee,6.6
ATT-004458,1903798589,EVT-0196,2025-03-22,attendee,6.2
ATT-004459,1944079924,EVT-0196,2025-03-22,attendee,5.4
ATT-004460,1993463169,EVT-0196,2025-03-22,attendee,6.8
ATT-004461,1436772218,EVT-0196,2025-03-22,speaker,9.7
ATT-004462,1025231352,EVT-0197,2025-03-23,attendee,6.5
ATT-004463,1199976907,EVT-0197,2025-03-23,attendee,7.4
ATT-004464,1246066447,EVT-0197,2025-03-23,attendee,6.9
ATT-004465,1273912869,EVT-0197,2025-03-23,attendee,5.1
ATT-004466,1402958817,EVT-0197,2025-03-23,attendee,6.5
ATT-004467,1524065749,EVT-0197,2025-03-23,attendee,4.3
ATT-004468,1598661571,EVT-0197,2025-03-23,attendee,4.9
ATT-004469,1647196991,EVT-0197,2025-03-23,attendee,9.7
ATT-004470,1892307210,EVT-0197,2025-03-23,attendee,2.9
ATT-004472,1835339551,EVT-0197,2025-03-23,speaker,8.9
ATT-004505,1386514024,EVT-0199,2025-03-23,attendee,3.6
ATT-004473,1101185407,EVT-0198,2025-03-24,attendee,7.2
ATT-004474,1132120993,EVT-0198,2025-03-24,attendee,4.7
ATT-004475,1166368237,EVT-0198,2025-03-24,attendee,3.1
ATT-004476,1180932224,EVT-0198,2025-03-24,attendee,9.4
ATT-004477,1271463741,EVT-0198,2025-03-24,attendee,5.8
ATT-004478,1280087226,EVT-0198,2025-03-24,attendee,9.7
ATT-004479,1287287258,EVT-0198,2025-03-24,attendee,8.0
ATT-004480,1296552940,EVT-0198,2025-03-24,attendee,4.3
ATT-004481,1315385710,EVT-0198,2025-03-24,attendee,6.5
ATT-004482,1377426493,EVT-0198,2025-03-24,attendee,6.8
ATT-004483,1425610817,EVT-0198,2025-03-24,attendee,6.3
ATT-004484,1486296159,EVT-0198,2025-03-24,attendee,5.8
ATT-004485,1486849361,EVT-0198,2025-03-24,attendee,5.0
ATT-004486,1512844550,EVT-0198,2025-03-24,attendee,6.2
ATT-004487,1535820066,EVT-0198,2025-03-24,attendee,7.6
ATT-004488,1567742360,EVT-0198,2025-03-24,attendee,8.0
ATT-004489,1635581279,EVT-0198,2025-03-24,attendee,7.4
ATT-004490,1645233598,EVT-0198,2025-03-24,attendee,8.9
ATT-004491,1648553570,EVT-0198,2025-03-24,attendee,10.0
ATT-004492,1688976343,EVT-0198,2025-03-24,attendee,4.7
ATT-004493,1725623817,EVT-0198,2025-03-24,attendee,10.0
ATT-004494,1737256036,EVT-0198,2025-03-24,attendee,3.2
ATT-DUP-00054,1737256036,EVT-0198,2025-03-24,attendee,3.4
ATT-004495,1806479196,EVT-0198,2025-03-24,attendee,8.4
ATT-004496,1844747141,EVT-0198,2025-03-24,attendee,
ATT-004497,1908168895,EVT-0198,2025-03-24,attendee,6.5
ATT-004498,1924355757,EVT-0198,2025-03-24,attendee,9.1
ATT-004499,1329851996,EVT-0198,2025-03-24,speaker,9.1
ATT-DUP-00070,1329851996,EVT-0198,2025-03-24,speaker,9.1
ATT-004471,1944079924,EVT-0197,2025-03-25,attendee,6.0
ATT-004500,1009179924,EVT-0199,2025-03-25,attendee,5.7
ATT-004501,1015191335,EVT-0199,2025-03-25,attendee,4.2
ATT-004502,1265952337,EVT-0199,2025-03-25,attendee,6.3
ATT-004503,1299418347,EVT-0199,2025-03-25,attendee,6.7
ATT-004504,1341556789,EVT-0199,2025-03-25,attendee,6.6
ATT-004506,1710163217,EVT-0199,2025-03-25,attendee,8.7
ATT-004507,1732914373,EVT-0199,2025-03-25,attendee,5.7
ATT-004508,1291534000,EVT-0199,2025-03-25,speaker,8.9
ATT-004509,1050705288,EVT-0200,2025-03-29,attendee,6.6
ATT-004510,1065091666,EVT-0200,2025-03-29,attendee,3.8
ATT-004511,1137408567,EVT-0200,2025-03-29,attendee,8.3
ATT-004512,1305686507,EVT-0200,2025-03-29,attendee,5.6
ATT-004513,1449048093,EVT-0200,2025-03-29,attendee,6.7
ATT-004514,1518121706,EVT-0200,2025-03-29,attendee,6.0
ATT-004515,1645233598,EVT-0200,2025-03-29,attendee,7.7
ATT-004516,1704331150,EVT-0200,2025-03-29,attendee,5.6
ATT-004517,1768225918,EVT-0200,2025-03-29,attendee,5.2
ATT-004518,1898803444,EVT-0200,2025-03-29,attendee,4.5
ATT-004519,1964945871,EVT-0200,2025-03-29,attendee,6.6
ATT-004520,1236438192,EVT-0200,2025-03-29,speaker,8.4
