log_id,target_file,issue_type,row_key,column,original_value,new_value,notes
DQ-000001,hcp.csv,missing_sub_specialty,hcp_id=1835878442,sub_specialty,obesity medicine,,set to NULL
DQ-000002,hcp.csv,missing_sub_specialty,hcp_id=1842420535,sub_specialty,adolescent medicine,,set to NULL
DQ-000003,hcp.csv,missing_sub_specialty,hcp_id=1169238601,sub_specialty,structural heart,,set to NULL
DQ-000004,hcp.csv,missing_sub_specialty,hcp_id=1249657408,sub_specialty,bone & mineral,,set to NULL
DQ-000005,hcp.csv,missing_sub_specialty,hcp_id=1937526600,sub_specialty,melanoma/skin,,set to NULL
DQ-000006,hcp.csv,missing_sub_specialty,hcp_id=1806707737,sub_specialty,internal medicine,,set to NULL
DQ-000007,hcp.csv,missing_sub_specialty,hcp_id=1718275724,sub_specialty,neuromuscular,,set to NULL
DQ-000008,hcp.csv,missing_sub_specialty,hcp_id=1361620622,sub_specialty,structural heart,,set to NULL
DQ-000009,hcp.csv,missing_sub_specialty,hcp_id=1803502636,sub_specialty,reproductive endocrinology,,set to NULL
DQ-000010,hcp.csv,missing_sub_specialty,hcp_id=1903521262,sub_specialty,breast,,set to NULL
DQ-000011,hcp.csv,missing_sub_specialty,hcp_id=1237956572,sub_specialty,diabetes,,set to NULL
DQ-000012,hcp.csv,missing_sub_specialty,hcp_id=1968209027,sub_specialty,psoriatic arthritis,,set to NULL
DQ-000013,hcp.csv,missing_sub_specialty,hcp_id=1079997809,sub_specialty,structural heart,,set to NULL
DQ-000014,hcp.csv,missing_sub_specialty,hcp_id=1599978586,sub_specialty,structural heart,,set to NULL
DQ-000015,hcp.csv,missing_sub_specialty,hcp_id=1836939912,sub_specialty,multiple sclerosis,,set to NULL
DQ-000016,hcp.csv,missing_sub_specialty,hcp_id=1078096579,sub_specialty,preventive,,set to NULL
DQ-000017,hcp.csv,missing_sub_specialty,hcp_id=1873780039,sub_specialty,adolescent medicine,,set to NULL
DQ-000018,hcp.csv,missing_sub_specialty,hcp_id=1983357579,sub_specialty,sleep medicine,,set to NULL
DQ-000019,hcp.csv,missing_sub_specialty,hcp_id=1237205202,sub_specialty,thyroid,,set to NULL
DQ-000020,hcp.csv,missing_sub_specialty,hcp_id=1377956168,sub_specialty,copd,,set to NULL
DQ-000021,hcp.csv,missing_sub_specialty,hcp_id=1026926489,sub_specialty,multiple sclerosis,,set to NULL
DQ-000022,hcp.csv,missing_sub_specialty,hcp_id=1321405205,sub_specialty,urgent care,,set to NULL
DQ-000023,hcp.csv,missing_sub_specialty,hcp_id=1216575070,sub_specialty,urgent care,,set to NULL
DQ-000024,hcp.csv,missing_sub_specialty,hcp_id=1332369119,sub_specialty,interventional,,set to NULL
DQ-000025,hcp.csv,missing_sub_specialty,hcp_id=1190411649,sub_specialty,headache,,set to NULL
DQ-000026,hcp.csv,missing_sub_specialty,hcp_id=1334793308,sub_specialty,multiple sclerosis,,set to NULL
DQ-000027,hcp.csv,missing_sub_specialty,hcp_id=1808310134,sub_specialty,osteoarthritis,,set to NULL
DQ-000028,hcp.csv,missing_sub_specialty,hcp_id=1232787030,sub_specialty,osteoarthritis,,set to NULL
DQ-000029,hcp.csv,missing_sub_specialty,hcp_id=1291534000,sub_specialty,interventional,,set to NULL
DQ-000030,hcp.csv,missing_sub_specialty,hcp_id=1993874985,sub_specialty,osteoarthritis,,set to NULL
DQ-000031,hcp.csv,missing_sub_specialty,hcp_id=1665478461,sub_specialty,geriatrics,,set to NULL
DQ-000032,hcp.csv,missing_sub_specialty,hcp_id=1069143851,sub_specialty,structural heart,,set to NULL
DQ-000033,hcp.csv,missing_sub_specialty,hcp_id=1407931751,sub_specialty,hematologic,,set to NULL
DQ-000034,hcp.csv,missing_sub_specialty,hcp_id=1594739314,sub_specialty,movement disorders,,set to NULL
DQ-000035,hcp.csv,missing_sub_specialty,hcp_id=1075036339,sub_specialty,copd,,set to NULL
DQ-000036,hcp.csv,missing_sub_specialty,hcp_id=1306006622,sub_specialty,preventive,,set to NULL
DQ-000037,hcp.csv,region_naming_variant,hcp_id=1641859123,region,West,Western,canonical='West'; see REGION_ALIAS_LOOKUP
DQ-000038,hcp.csv,region_naming_variant,hcp_id=1670701188,region,Southeast,SE,canonical='Southeast'; see REGION_ALIAS_LOOKUP
DQ-000039,hcp.csv,region_naming_variant,hcp_id=1273912869,region,Northeast,NORTHEAST,canonical='Northeast'; see REGION_ALIAS_LOOKUP
DQ-000040,hcp.csv,region_naming_variant,hcp_id=1078164070,region,Southwest,SOUTHWEST,canonical='Southwest'; see REGION_ALIAS_LOOKUP
DQ-000041,hcp.csv,region_naming_variant,hcp_id=1841542198,region,Midwest,MW,canonical='Midwest'; see REGION_ALIAS_LOOKUP
DQ-000042,hcp.csv,region_naming_variant,hcp_id=1772776476,region,West,Western,canonical='West'; see REGION_ALIAS_LOOKUP
DQ-000043,hcp.csv,region_naming_variant,hcp_id=1878312481,region,Midwest,Mid-West,canonical='Midwest'; see REGION_ALIAS_LOOKUP
DQ-000044,hcp.csv,region_naming_variant,hcp_id=1189244753,region,Northeast,NE,canonical='Northeast'; see REGION_ALIAS_LOOKUP
DQ-000045,hcp.csv,region_naming_variant,hcp_id=1095200048,region,Midwest,MW,canonical='Midwest'; see REGION_ALIAS_LOOKUP
DQ-000046,hcp.csv,region_naming_variant,hcp_id=1448589550,region,Southeast,S.E.,canonical='Southeast'; see REGION_ALIAS_LOOKUP
DQ-000047,hcp.csv,region_naming_variant,hcp_id=1413202163,region,Midwest,MIDWEST,canonical='Midwest'; see REGION_ALIAS_LOOKUP
DQ-000048,hcp.csv,region_naming_variant,hcp_id=1618334340,region,West,west coast,canonical='West'; see REGION_ALIAS_LOOKUP
DQ-000049,hcp.csv,region_naming_variant,hcp_id=1455101661,region,Southeast,SOUTHEAST,canonical='Southeast'; see REGION_ALIAS_LOOKUP
DQ-000050,hcp.csv,region_naming_variant,hcp_id=1486382629,region,Northeast,NE,canonical='Northeast'; see REGION_ALIAS_LOOKUP
DQ-000051,hcp.csv,region_naming_variant,hcp_id=1881781243,region,Midwest,mid west,canonical='Midwest'; see REGION_ALIAS_LOOKUP
DQ-000052,hcp.csv,region_naming_variant,hcp_id=1722502113,region,Southwest,SOUTHWEST,canonical='Southwest'; see REGION_ALIAS_LOOKUP
DQ-000053,hcp.csv,region_naming_variant,hcp_id=1999506508,region,Southwest,south west,canonical='Southwest'; see REGION_ALIAS_LOOKUP
DQ-000054,hcp.csv,region_naming_variant,hcp_id=1103232447,region,Southwest,SOUTHWEST,canonical='Southwest'; see REGION_ALIAS_LOOKUP
DQ-000055,hcp.csv,region_naming_variant,hcp_id=1133130363,region,Northeast,N.E.,canonical='Northeast'; see REGION_ALIAS_LOOKUP
DQ-000056,hcp.csv,region_naming_variant,hcp_id=1646133078,region,West,west coast,canonical='West'; see REGION_ALIAS_LOOKUP
DQ-000057,hcp.csv,region_naming_variant,hcp_id=1724088210,region,Southwest,SW,canonical='Southwest'; see REGION_ALIAS_LOOKUP
DQ-000058,hcp.csv,region_naming_variant,hcp_id=1300832031,region,West,W,canonical='West'; see REGION_ALIAS_LOOKUP
DQ-000059,hcp.csv,region_naming_variant,hcp_id=1000748156,region,West,Western,canonical='West'; see REGION_ALIAS_LOOKUP
DQ-000060,hcp.csv,region_naming_variant,hcp_id=1656483868,region,Midwest,MIDWEST,canonical='Midwest'; see REGION_ALIAS_LOOKUP
DQ-000061,hcp.csv,taxonomy_code_format,hcp_id=1695082515,npi_taxonomy_code,207RX0202X,207R-X0202-X,dashes inserted; strip non-alphanumerics to join
DQ-000062,hcp.csv,taxonomy_code_format,hcp_id=1160652685,npi_taxonomy_code,207RE0101X,207R-E0101-X,dashes inserted; strip non-alphanumerics to join
DQ-000063,hcp.csv,taxonomy_code_format,hcp_id=1749355669,npi_taxonomy_code,2084N0400X,2084-N0400-X,dashes inserted; strip non-alphanumerics to join
DQ-000064,hcp.csv,taxonomy_code_format,hcp_id=1456207657,npi_taxonomy_code,207Q00000X,207Q-00000-X,dashes inserted; strip non-alphanumerics to join
DQ-000065,hcp.csv,taxonomy_code_format,hcp_id=1058613039,npi_taxonomy_code,207RP1001X,207R-P1001-X,dashes inserted; strip non-alphanumerics to join
DQ-000066,hcp.csv,taxonomy_code_format,hcp_id=1107378550,npi_taxonomy_code,207RC0000X,207R-C0000-X,dashes inserted; strip non-alphanumerics to join
DQ-000067,hcp.csv,taxonomy_code_format,hcp_id=1198262952,npi_taxonomy_code,207RP1001X,207R-P1001-X,dashes inserted; strip non-alphanumerics to join
DQ-000068,hcp.csv,taxonomy_code_format,hcp_id=1788421810,npi_taxonomy_code,2084N0400X,2084-N0400-X,dashes inserted; strip non-alphanumerics to join
DQ-000069,hcp.csv,taxonomy_code_format,hcp_id=1679256069,npi_taxonomy_code,207RX0202X,207R-X0202-X,dashes inserted; strip non-alphanumerics to join
DQ-000070,hcp.csv,taxonomy_code_format,hcp_id=1085110611,npi_taxonomy_code,2084N0400X,2084-N0400-X,dashes inserted; strip non-alphanumerics to join
DQ-000071,hcp.csv,taxonomy_code_format,hcp_id=1743431961,npi_taxonomy_code,207RC0000X,207R-C0000-X,dashes inserted; strip non-alphanumerics to join
DQ-000072,hcp.csv,taxonomy_code_format,hcp_id=1222151080,npi_taxonomy_code,207RR0500X,207R-R0500-X,dashes inserted; strip non-alphanumerics to join
DQ-000073,hcp.csv,taxonomy_code_format,hcp_id=1619471448,npi_taxonomy_code,207Q00000X,207Q-00000-X,dashes inserted; strip non-alphanumerics to join
DQ-000074,hcp.csv,taxonomy_code_format,hcp_id=1408782450,npi_taxonomy_code,207RC0000X,207R-C0000-X,dashes inserted; strip non-alphanumerics to join
DQ-000075,hcp.csv,taxonomy_code_format,hcp_id=1218757361,npi_taxonomy_code,207RX0202X,207R-X0202-X,dashes inserted; strip non-alphanumerics to join
DQ-000076,hcp.csv,taxonomy_code_format,hcp_id=1348428750,npi_taxonomy_code,207RR0500X,207R-R0500-X,dashes inserted; strip non-alphanumerics to join
DQ-000077,hcp.csv,taxonomy_code_format,hcp_id=1727524690,npi_taxonomy_code,207RP1001X,207R-P1001-X,dashes inserted; strip non-alphanumerics to join
DQ-000078,hcp.csv,taxonomy_code_format,hcp_id=1138208594,npi_taxonomy_code,207RC0000X,207R-C0000-X,dashes inserted; strip non-alphanumerics to join
DQ-000079,hcp.csv,taxonomy_code_format,hcp_id=1394700250,npi_taxonomy_code,207RP1001X,207R-P1001-X,dashes inserted; strip non-alphanumerics to join
DQ-000080,hcp.csv,taxonomy_code_format,hcp_id=1369949932,npi_taxonomy_code,207RC0000X,207R-C0000-X,dashes inserted; strip non-alphanumerics to join
DQ-000081,hcp.csv,taxonomy_code_format,hcp_id=1251567115,npi_taxonomy_code,207Q00000X,207Q-00000-X,dashes inserted; strip non-alphanumerics to join
DQ-000082,hcp.csv,taxonomy_code_format,hcp_id=1641859123,npi_taxonomy_code,207RR0500X,207R-R0500-X,dashes inserted; strip non-alphanumerics to join
DQ-000083,hcp.csv,taxonomy_code_format,hcp_id=1803461205,npi_taxonomy_code,207RX0202X,207R-X0202-X,dashes inserted; strip non-alphanumerics to join
DQ-000084,hcp.csv,taxonomy_code_format,hcp_id=1012264374,npi_taxonomy_code,207RE0101X,207R-E0101-X,dashes inserted; strip non-alphanumerics to join
DQ-000085,hcp.csv,duplicate_row_name_variant,hcp_id=1231453428,first_name|last_name,Amanda|Compton,amanda|COMPTON,extra row appended with same hcp_id; dedupe on hcp_id
DQ-000086,hcp.csv,duplicate_row_name_variant,hcp_id=1608203554,first_name|last_name,Julia|Mosley,julia|MOSLEY,extra row appended with same hcp_id; dedupe on hcp_id
DQ-000087,hcp.csv,duplicate_row_name_variant,hcp_id=1386832996,first_name|last_name,Caroline|Morales,Caroline |morales  ,extra row appended with same hcp_id; dedupe on hcp_id
DQ-000088,hcp.csv,duplicate_row_name_variant,hcp_id=1715729269,first_name|last_name,Laura|Bruce,Laura |bruce  ,extra row appended with same hcp_id; dedupe on hcp_id
DQ-000089,hcp.csv,duplicate_row_name_variant,hcp_id=1535436392,first_name|last_name,Alexander|Li,  ALEXANDER | Li  ,extra row appended with same hcp_id; dedupe on hcp_id
DQ-000090,hcp.csv,duplicate_row_name_variant,hcp_id=1547244776,first_name|last_name,Angel|Alvarez,  ANGEL | Alvarez  ,extra row appended with same hcp_id; dedupe on hcp_id
DQ-000091,hcp.csv,duplicate_row_name_variant,hcp_id=1847562299,first_name|last_name,Joe|Ingram,joe|INGRAM,extra row appended with same hcp_id; dedupe on hcp_id
DQ-000092,hcp.csv,duplicate_row_name_variant,hcp_id=1599978586,first_name|last_name,Nicole|Kelly,  NICOLE | Kelly  ,extra row appended with same hcp_id; dedupe on hcp_id
DQ-000093,hcp.csv,duplicate_row_name_variant,hcp_id=1268222167,first_name|last_name,Mark|Brewer,  MARK | Brewer  ,extra row appended with same hcp_id; dedupe on hcp_id
DQ-000094,hcp.csv,duplicate_row_name_variant,hcp_id=1095874958,first_name|last_name,Bethany|Li,Bethany |li  ,extra row appended with same hcp_id; dedupe on hcp_id
DQ-000095,hcp.csv,duplicate_row_name_variant,hcp_id=1163769114,first_name|last_name,Christopher|Cook,Christopher |cook  ,extra row appended with same hcp_id; dedupe on hcp_id
DQ-000096,hcp.csv,duplicate_row_name_variant,hcp_id=1327009084,first_name|last_name,Michele|Hansen,Michele |hansen  ,extra row appended with same hcp_id; dedupe on hcp_id
DQ-000097,events.csv,program_spend_zero,event_id=EVT-0034,program_spend,18330,0,set to 0 (invalid for ROI denominator)
DQ-000098,events.csv,program_spend_missing,event_id=EVT-0174,program_spend,11830,,set to NULL
DQ-000099,events.csv,program_spend_missing,event_id=EVT-0194,program_spend,5040,,set to NULL
DQ-000100,events.csv,program_spend_zero,event_id=EVT-0053,program_spend,14060,0,set to 0 (invalid for ROI denominator)
DQ-000101,attendance.csv,duplicate_attendance_record,attendance_id=ATT-DUP-00001,<row>,source attendance_id=ATT-003997,hcp_id=1423152481|event_id=EVT-0176,"same hcp_id+event_id, same attendance_date; dedupe on (hcp_id,event_id)"
DQ-000102,attendance.csv,duplicate_attendance_record,attendance_id=ATT-DUP-00002,<row>,source attendance_id=ATT-000725,hcp_id=1991291398|event_id=EVT-0033,"same hcp_id+event_id, same attendance_date; dedupe on (hcp_id,event_id)"
DQ-000103,attendance.csv,duplicate_attendance_record,attendance_id=ATT-DUP-00003,<row>,source attendance_id=ATT-000375,hcp_id=1361521440|event_id=EVT-0018,"same hcp_id+event_id, same attendance_date; dedupe on (hcp_id,event_id)"
DQ-000104,attendance.csv,duplicate_attendance_record,attendance_id=ATT-DUP-00004,<row>,source attendance_id=ATT-003912,hcp_id=1137408567|event_id=EVT-0174,"same hcp_id+event_id, same attendance_date; dedupe on (hcp_id,event_id)"
DQ-000105,attendance.csv,duplicate_attendance_record,attendance_id=ATT-DUP-00005,<row>,source attendance_id=ATT-001744,hcp_id=1523498065|event_id=EVT-0075,"same hcp_id+event_id, same attendance_date; dedupe on (hcp_id,event_id)"
DQ-000106,attendance.csv,duplicate_attendance_record,attendance_id=ATT-DUP-00006,<row>,source attendance_id=ATT-003335,hcp_id=1225504491|event_id=EVT-0152,"same hcp_id+event_id, same attendance_date; dedupe on (hcp_id,event_id)"
DQ-000107,attendance.csv,duplicate_attendance_record,attendance_id=ATT-DUP-00007,<row>,source attendance_id=ATT-004456,hcp_id=1758794279|event_id=EVT-0196,"same hcp_id+event_id, same attendance_date; dedupe on (hcp_id,event_id)"
DQ-000108,attendance.csv,duplicate_attendance_record,attendance_id=ATT-DUP-00008,<row>,source attendance_id=ATT-000250,hcp_id=1265952337|event_id=EVT-0014,"same hcp_id+event_id, same attendance_date; dedupe on (hcp_id,event_id)"
DQ-000109,attendance.csv,duplicate_attendance_record,attendance_id=ATT-DUP-00009,<row>,source attendance_id=ATT-001484,hcp_id=1180932224|event_id=EVT-0067,"same hcp_id+event_id, same attendance_date; dedupe on (hcp_id,event_id)"
DQ-000110,attendance.csv,duplicate_attendance_record,attendance_id=ATT-DUP-00010,<row>,source attendance_id=ATT-000372,hcp_id=1137408567|event_id=EVT-0018,"same hcp_id+event_id, same attendance_date; dedupe on (hcp_id,event_id)"
DQ-000111,attendance.csv,duplicate_attendance_record,attendance_id=ATT-DUP-00011,<row>,source attendance_id=ATT-003813,hcp_id=1133616429|event_id=EVT-0169,"same hcp_id+event_id, same attendance_date; dedupe on (hcp_id,event_id)"
DQ-000112,attendance.csv,duplicate_attendance_record,attendance_id=ATT-DUP-00012,<row>,source attendance_id=ATT-003561,hcp_id=1645233598|event_id=EVT-0160,"same hcp_id+event_id, same attendance_date; dedupe on (hcp_id,event_id)"
DQ-000113,attendance.csv,duplicate_attendance_record,attendance_id=ATT-DUP-00013,<row>,source attendance_id=ATT-004147,hcp_id=1240190284|event_id=EVT-0182,"same hcp_id+event_id, same attendance_date; dedupe on (hcp_id,event_id)"
DQ-000114,attendance.csv,duplicate_attendance_record,attendance_id=ATT-DUP-00014,<row>,source attendance_id=ATT-003745,hcp_id=1489598965|event_id=EVT-0167,"same hcp_id+event_id, same attendance_date; dedupe on (hcp_id,event_id)"
DQ-000115,attendance.csv,duplicate_attendance_record,attendance_id=ATT-DUP-00015,<row>,source attendance_id=ATT-003236,hcp_id=1526669415|event_id=EVT-0147,"same hcp_id+event_id, same attendance_date; dedupe on (hcp_id,event_id)"
DQ-000116,attendance.csv,duplicate_attendance_record,attendance_id=ATT-DUP-00016,<row>,source attendance_id=ATT-004168,hcp_id=1732000645|event_id=EVT-0182,"same hcp_id+event_id, same attendance_date; dedupe on (hcp_id,event_id)"
DQ-000117,attendance.csv,duplicate_attendance_record,attendance_id=ATT-DUP-00017,<row>,source attendance_id=ATT-004037,hcp_id=1425340662|event_id=EVT-0177,"same hcp_id+event_id, same attendance_date; dedupe on (hcp_id,event_id)"
DQ-000118,attendance.csv,duplicate_attendance_record,attendance_id=ATT-DUP-00018,<row>,source attendance_id=ATT-003879,hcp_id=1812815243|event_id=EVT-0172,"same hcp_id+event_id, same attendance_date; dedupe on (hcp_id,event_id)"
DQ-000119,attendance.csv,duplicate_attendance_record,attendance_id=ATT-DUP-00019,<row>,source attendance_id=ATT-001786,hcp_id=1327009084|event_id=EVT-0078,"same hcp_id+event_id, same attendance_date; dedupe on (hcp_id,event_id)"
DQ-000120,attendance.csv,duplicate_attendance_record,attendance_id=ATT-DUP-00020,<row>,source attendance_id=ATT-000575,hcp_id=1955620046|event_id=EVT-0026,"same hcp_id+event_id, same attendance_date; dedupe on (hcp_id,event_id)"
DQ-000121,attendance.csv,duplicate_attendance_record,attendance_id=ATT-DUP-00021,<row>,source attendance_id=ATT-002927,hcp_id=1509977165|event_id=EVT-0131,"same hcp_id+event_id, same attendance_date; dedupe on (hcp_id,event_id)"
DQ-000122,attendance.csv,duplicate_attendance_record,attendance_id=ATT-DUP-00022,<row>,source attendance_id=ATT-001131,hcp_id=1273912869|event_id=EVT-0050,"same hcp_id+event_id, same attendance_date; dedupe on (hcp_id,event_id)"
DQ-000123,attendance.csv,duplicate_attendance_record,attendance_id=ATT-DUP-00023,<row>,source attendance_id=ATT-001979,hcp_id=1595774286|event_id=EVT-0091,"same hcp_id+event_id, same attendance_date; dedupe on (hcp_id,event_id)"
DQ-000124,attendance.csv,duplicate_attendance_record,attendance_id=ATT-DUP-00024,<row>,source attendance_id=ATT-003105,hcp_id=1332369119|event_id=EVT-0142,"same hcp_id+event_id, same attendance_date; dedupe on (hcp_id,event_id)"
DQ-000125,attendance.csv,duplicate_attendance_record,attendance_id=ATT-DUP-00025,<row>,source attendance_id=ATT-001470,hcp_id=1428792083|event_id=EVT-0066,"same hcp_id+event_id, same attendance_date; dedupe on (hcp_id,event_id)"
DQ-000126,attendance.csv,duplicate_attendance_record,attendance_id=ATT-DUP-00026,<row>,source attendance_id=ATT-001133,hcp_id=1389574017|event_id=EVT-0050,"same hcp_id+event_id, same attendance_date; dedupe on (hcp_id,event_id)"
DQ-000127,attendance.csv,duplicate_attendance_record,attendance_id=ATT-DUP-00027,<row>,source attendance_id=ATT-000811,hcp_id=1456299035|event_id=EVT-0036,"same hcp_id+event_id, same attendance_date; dedupe on (hcp_id,event_id)"
DQ-000128,attendance.csv,duplicate_attendance_record,attendance_id=ATT-DUP-00028,<row>,source attendance_id=ATT-003060,hcp_id=1124726435|event_id=EVT-0140,"same hcp_id+event_id, same attendance_date; dedupe on (hcp_id,event_id)"
DQ-000129,attendance.csv,duplicate_attendance_record,attendance_id=ATT-DUP-00029,<row>,source attendance_id=ATT-003123,hcp_id=1094274762|event_id=EVT-0143,"same hcp_id+event_id, same attendance_date; dedupe on (hcp_id,event_id)"
DQ-000130,attendance.csv,duplicate_attendance_record,attendance_id=ATT-DUP-00030,<row>,source attendance_id=ATT-001919,hcp_id=1702497342|event_id=EVT-0086,"same hcp_id+event_id, same attendance_date; dedupe on (hcp_id,event_id)"
DQ-000131,attendance.csv,duplicate_attendance_record,attendance_id=ATT-DUP-00031,<row>,source attendance_id=ATT-001397,hcp_id=1712965692|event_id=EVT-0063,"same hcp_id+event_id, same attendance_date; dedupe on (hcp_id,event_id)"
DQ-000132,attendance.csv,duplicate_attendance_record,attendance_id=ATT-DUP-00032,<row>,source attendance_id=ATT-004222,hcp_id=1901019392|event_id=EVT-0185,"same hcp_id+event_id, same attendance_date; dedupe on (hcp_id,event_id)"
DQ-000133,attendance.csv,duplicate_attendance_record,attendance_id=ATT-DUP-00033,<row>,source attendance_id=ATT-003046,hcp_id=1663073843|event_id=EVT-0138,"same hcp_id+event_id, same attendance_date; dedupe on (hcp_id,event_id)"
DQ-000134,attendance.csv,duplicate_attendance_record,attendance_id=ATT-DUP-00034,<row>,source attendance_id=ATT-001269,hcp_id=1567742360|event_id=EVT-0057,"same hcp_id+event_id, same attendance_date; dedupe on (hcp_id,event_id)"
DQ-000135,attendance.csv,duplicate_attendance_record,attendance_id=ATT-DUP-00035,<row>,source attendance_id=ATT-002517,hcp_id=1025231352|event_id=EVT-0114,"same hcp_id+event_id, same attendance_date; dedupe on (hcp_id,event_id)"
DQ-000136,attendance.csv,duplicate_attendance_record,attendance_id=ATT-DUP-00036,<row>,source attendance_id=ATT-000407,hcp_id=1595301304|event_id=EVT-0019,"same hcp_id+event_id, same attendance_date; dedupe on (hcp_id,event_id)"
DQ-000137,attendance.csv,duplicate_attendance_record,attendance_id=ATT-DUP-00037,<row>,source attendance_id=ATT-002046,hcp_id=1862986803|event_id=EVT-0093,"same hcp_id+event_id, same attendance_date; dedupe on (hcp_id,event_id)"
DQ-000138,attendance.csv,duplicate_attendance_record,attendance_id=ATT-DUP-00038,<row>,source attendance_id=ATT-003737,hcp_id=1394609428|event_id=EVT-0167,"same hcp_id+event_id, same attendance_date; dedupe on (hcp_id,event_id)"
DQ-000139,attendance.csv,duplicate_attendance_record,attendance_id=ATT-DUP-00039,<row>,source attendance_id=ATT-001023,hcp_id=1180932224|event_id=EVT-0046,"same hcp_id+event_id, same attendance_date; dedupe on (hcp_id,event_id)"
DQ-000140,attendance.csv,duplicate_attendance_record,attendance_id=ATT-DUP-00040,<row>,source attendance_id=ATT-000681,hcp_id=1991291398|event_id=EVT-0031,"same hcp_id+event_id, same attendance_date; dedupe on (hcp_id,event_id)"
DQ-000141,attendance.csv,duplicate_attendance_record,attendance_id=ATT-DUP-00041,<row>,source attendance_id=ATT-000848,hcp_id=1893606271|event_id=EVT-0038,"same hcp_id+event_id, same attendance_date; dedupe on (hcp_id,event_id)"
DQ-000142,attendance.csv,duplicate_attendance_record,attendance_id=ATT-DUP-00042,<row>,source attendance_id=ATT-003729,hcp_id=1271768685|event_id=EVT-0167,"same hcp_id+event_id, same attendance_date; dedupe on (hcp_id,event_id)"
DQ-000143,attendance.csv,duplicate_attendance_record,attendance_id=ATT-DUP-00043,<row>,source attendance_id=ATT-003812,hcp_id=1044666919|event_id=EVT-0169,"same hcp_id+event_id, same attendance_date; dedupe on (hcp_id,event_id)"
DQ-000144,attendance.csv,duplicate_attendance_record,attendance_id=ATT-DUP-00044,<row>,source attendance_id=ATT-003245,hcp_id=1812815243|event_id=EVT-0147,"same hcp_id+event_id, same attendance_date; dedupe on (hcp_id,event_id)"
DQ-000145,attendance.csv,duplicate_attendance_record,attendance_id=ATT-DUP-00045,<row>,source attendance_id=ATT-003080,hcp_id=1896554999|event_id=EVT-0140,"same hcp_id+event_id, same attendance_date; dedupe on (hcp_id,event_id)"
DQ-000146,attendance.csv,duplicate_attendance_record,attendance_id=ATT-DUP-00046,<row>,source attendance_id=ATT-000606,hcp_id=1330156328|event_id=EVT-0029,"same hcp_id+event_id, same attendance_date; dedupe on (hcp_id,event_id)"
DQ-000147,attendance.csv,duplicate_attendance_record,attendance_id=ATT-DUP-00047,<row>,source attendance_id=ATT-002508,hcp_id=1710163217|event_id=EVT-0113,"same hcp_id+event_id, same attendance_date; dedupe on (hcp_id,event_id)"
DQ-000148,attendance.csv,duplicate_attendance_record,attendance_id=ATT-DUP-00048,<row>,source attendance_id=ATT-000264,hcp_id=1084919582|event_id=EVT-0015,"same hcp_id+event_id, same attendance_date; dedupe on (hcp_id,event_id)"
DQ-000149,attendance.csv,duplicate_attendance_record,attendance_id=ATT-DUP-00049,<row>,source attendance_id=ATT-001914,hcp_id=1590337907|event_id=EVT-0086,"same hcp_id+event_id, same attendance_date; dedupe on (hcp_id,event_id)"
DQ-000150,attendance.csv,duplicate_attendance_record,attendance_id=ATT-DUP-00050,<row>,source attendance_id=ATT-000114,hcp_id=1228081653|event_id=EVT-0008,"same hcp_id+event_id, same attendance_date; dedupe on (hcp_id,event_id)"
DQ-000151,attendance.csv,duplicate_attendance_record,attendance_id=ATT-DUP-00051,<row>,source attendance_id=ATT-003830,hcp_id=1616839134|event_id=EVT-0170,"same hcp_id+event_id, same attendance_date; dedupe on (hcp_id,event_id)"
DQ-000152,attendance.csv,duplicate_attendance_record,attendance_id=ATT-DUP-00052,<row>,source attendance_id=ATT-000447,hcp_id=1204261733|event_id=EVT-0021,"same hcp_id+event_id, same attendance_date; dedupe on (hcp_id,event_id)"
DQ-000153,attendance.csv,duplicate_attendance_record,attendance_id=ATT-DUP-00053,<row>,source attendance_id=ATT-000134,hcp_id=1296552940|event_id=EVT-0009,"same hcp_id+event_id, same attendance_date; dedupe on (hcp_id,event_id)"
DQ-000154,attendance.csv,duplicate_attendance_record,attendance_id=ATT-DUP-00054,<row>,source attendance_id=ATT-004494,hcp_id=1737256036|event_id=EVT-0198,"same hcp_id+event_id, same attendance_date; dedupe on (hcp_id,event_id)"
DQ-000155,attendance.csv,duplicate_attendance_record,attendance_id=ATT-DUP-00055,<row>,source attendance_id=ATT-001916,hcp_id=1644815767|event_id=EVT-0086,"same hcp_id+event_id, same attendance_date; dedupe on (hcp_id,event_id)"
DQ-000156,attendance.csv,duplicate_attendance_record,attendance_id=ATT-DUP-00056,<row>,source attendance_id=ATT-004054,hcp_id=1854852153|event_id=EVT-0177,"same hcp_id+event_id, same attendance_date; dedupe on (hcp_id,event_id)"
DQ-000157,attendance.csv,duplicate_attendance_record,attendance_id=ATT-DUP-00057,<row>,source attendance_id=ATT-000875,hcp_id=1703413967|event_id=EVT-0039,"same hcp_id+event_id, same attendance_date; dedupe on (hcp_id,event_id)"
DQ-000158,attendance.csv,duplicate_attendance_record,attendance_id=ATT-DUP-00058,<row>,source attendance_id=ATT-002239,hcp_id=1050506165|event_id=EVT-0102,"same hcp_id+event_id, same attendance_date; dedupe on (hcp_id,event_id)"
DQ-000159,attendance.csv,duplicate_attendance_record,attendance_id=ATT-DUP-00059,<row>,source attendance_id=ATT-003465,hcp_id=1375349903|event_id=EVT-0156,"same hcp_id+event_id, same attendance_date; dedupe on (hcp_id,event_id)"
DQ-000160,attendance.csv,duplicate_attendance_record,attendance_id=ATT-DUP-00060,<row>,source attendance_id=ATT-001858,hcp_id=1768831921|event_id=EVT-0083,"same hcp_id+event_id, same attendance_date; dedupe on (hcp_id,event_id)"
DQ-000161,attendance.csv,duplicate_attendance_record,attendance_id=ATT-DUP-00061,<row>,source attendance_id=ATT-001021,hcp_id=1133616429|event_id=EVT-0046,"same hcp_id+event_id, same attendance_date; dedupe on (hcp_id,event_id)"
DQ-000162,attendance.csv,duplicate_attendance_record,attendance_id=ATT-DUP-00062,<row>,source attendance_id=ATT-004435,hcp_id=1002145427|event_id=EVT-0196,"same hcp_id+event_id, same attendance_date; dedupe on (hcp_id,event_id)"
DQ-000163,attendance.csv,duplicate_attendance_record,attendance_id=ATT-DUP-00063,<row>,source attendance_id=ATT-000518,hcp_id=1018018261|event_id=EVT-0025,"same hcp_id+event_id, same attendance_date; dedupe on (hcp_id,event_id)"
DQ-000164,attendance.csv,duplicate_attendance_record,attendance_id=ATT-DUP-00064,<row>,source attendance_id=ATT-002219,hcp_id=1621199177|event_id=EVT-0101,"same hcp_id+event_id, same attendance_date; dedupe on (hcp_id,event_id)"
DQ-000165,attendance.csv,duplicate_attendance_record,attendance_id=ATT-DUP-00065,<row>,source attendance_id=ATT-004050,hcp_id=1714986282|event_id=EVT-0177,"same hcp_id+event_id, same attendance_date; dedupe on (hcp_id,event_id)"
DQ-000166,attendance.csv,duplicate_attendance_record,attendance_id=ATT-DUP-00066,<row>,source attendance_id=ATT-003669,hcp_id=1126098163|event_id=EVT-0165,"same hcp_id+event_id, same attendance_date; dedupe on (hcp_id,event_id)"
DQ-000167,attendance.csv,duplicate_attendance_record,attendance_id=ATT-DUP-00067,<row>,source attendance_id=ATT-001199,hcp_id=1026722938|event_id=EVT-0054,"same hcp_id+event_id, same attendance_date; dedupe on (hcp_id,event_id)"
DQ-000168,attendance.csv,duplicate_attendance_record,attendance_id=ATT-DUP-00068,<row>,source attendance_id=ATT-001439,hcp_id=1259584955|event_id=EVT-0065,"same hcp_id+event_id, same attendance_date; dedupe on (hcp_id,event_id)"
DQ-000169,attendance.csv,duplicate_attendance_record,attendance_id=ATT-DUP-00069,<row>,source attendance_id=ATT-002829,hcp_id=1548652282|event_id=EVT-0128,"same hcp_id+event_id, same attendance_date; dedupe on (hcp_id,event_id)"
DQ-000170,attendance.csv,duplicate_attendance_record,attendance_id=ATT-DUP-00070,<row>,source attendance_id=ATT-004499,hcp_id=1329851996|event_id=EVT-0198,"same hcp_id+event_id, same attendance_date; dedupe on (hcp_id,event_id)"
DQ-000171,attendance.csv,duplicate_attendance_record,attendance_id=ATT-DUP-00071,<row>,source attendance_id=ATT-001898,hcp_id=1038444141|event_id=EVT-0086,"same hcp_id+event_id, same attendance_date; dedupe on (hcp_id,event_id)"
DQ-000172,attendance.csv,duplicate_attendance_record,attendance_id=ATT-DUP-00072,<row>,source attendance_id=ATT-001563,hcp_id=1456207657|event_id=EVT-0069,"same hcp_id+event_id, same attendance_date; dedupe on (hcp_id,event_id)"
DQ-000173,attendance.csv,duplicate_attendance_record,attendance_id=ATT-DUP-00073,<row>,source attendance_id=ATT-001120,hcp_id=1592062677|event_id=EVT-0049,"same hcp_id+event_id, same attendance_date; dedupe on (hcp_id,event_id)"
DQ-000174,attendance.csv,duplicate_attendance_record,attendance_id=ATT-DUP-00074,<row>,source attendance_id=ATT-002749,hcp_id=1385532449|event_id=EVT-0124,"same hcp_id+event_id, same attendance_date; dedupe on (hcp_id,event_id)"
DQ-000175,attendance.csv,duplicate_attendance_record,attendance_id=ATT-DUP-00075,<row>,source attendance_id=ATT-001953,hcp_id=1647196991|event_id=EVT-0088,"same hcp_id+event_id, same attendance_date; dedupe on (hcp_id,event_id)"
DQ-000176,attendance.csv,duplicate_attendance_record,attendance_id=ATT-DUP-00076,<row>,source attendance_id=ATT-002094,hcp_id=1803233885|event_id=EVT-0095,"same hcp_id+event_id, same attendance_date; dedupe on (hcp_id,event_id)"
DQ-000177,attendance.csv,duplicate_attendance_record,attendance_id=ATT-DUP-00077,<row>,source attendance_id=ATT-003215,hcp_id=1009179924|event_id=EVT-0147,"same hcp_id+event_id, same attendance_date; dedupe on (hcp_id,event_id)"
DQ-000178,attendance.csv,duplicate_attendance_record,attendance_id=ATT-DUP-00078,<row>,source attendance_id=ATT-003121,hcp_id=1221582384|event_id=EVT-0142,"same hcp_id+event_id, same attendance_date; dedupe on (hcp_id,event_id)"
DQ-000179,attendance.csv,duplicate_attendance_record,attendance_id=ATT-DUP-00079,<row>,source attendance_id=ATT-001473,hcp_id=1598661571|event_id=EVT-0066,"same hcp_id+event_id, same attendance_date; dedupe on (hcp_id,event_id)"
DQ-000180,attendance.csv,duplicate_attendance_record,attendance_id=ATT-DUP-00080,<row>,source attendance_id=ATT-000530,hcp_id=1316743925|event_id=EVT-0025,"same hcp_id+event_id, same attendance_date; dedupe on (hcp_id,event_id)"
DQ-000181,attendance.csv,duplicate_attendance_record,attendance_id=ATT-DUP-00081,<row>,source attendance_id=ATT-003860,hcp_id=1362648127|event_id=EVT-0172,"same hcp_id+event_id, same attendance_date; dedupe on (hcp_id,event_id)"
DQ-000182,attendance.csv,duplicate_attendance_record,attendance_id=ATT-DUP-00082,<row>,source attendance_id=ATT-002736,hcp_id=1098995024|event_id=EVT-0124,"same hcp_id+event_id, same attendance_date; dedupe on (hcp_id,event_id)"
DQ-000183,attendance.csv,duplicate_attendance_record,attendance_id=ATT-DUP-00083,<row>,source attendance_id=ATT-004390,hcp_id=1815807585|event_id=EVT-0193,"same hcp_id+event_id, same attendance_date; dedupe on (hcp_id,event_id)"
DQ-000184,attendance.csv,duplicate_attendance_record,attendance_id=ATT-DUP-00084,<row>,source attendance_id=ATT-000265,hcp_id=1124890801|event_id=EVT-0015,"same hcp_id+event_id, same attendance_date; dedupe on (hcp_id,event_id)"
DQ-000185,attendance.csv,duplicate_attendance_record,attendance_id=ATT-DUP-00085,<row>,source attendance_id=ATT-001422,hcp_id=1631526641|event_id=EVT-0064,"same hcp_id+event_id, same attendance_date; dedupe on (hcp_id,event_id)"
DQ-000186,attendance.csv,duplicate_attendance_record,attendance_id=ATT-DUP-00086,<row>,source attendance_id=ATT-003024,hcp_id=1279255164|event_id=EVT-0137,"same hcp_id+event_id, same attendance_date; dedupe on (hcp_id,event_id)"
DQ-000187,attendance.csv,duplicate_attendance_record,attendance_id=ATT-DUP-00087,<row>,source attendance_id=ATT-000258,hcp_id=1722898792|event_id=EVT-0014,"same hcp_id+event_id, same attendance_date; dedupe on (hcp_id,event_id)"
DQ-000188,attendance.csv,duplicate_attendance_record,attendance_id=ATT-DUP-00088,<row>,source attendance_id=ATT-002519,hcp_id=1590337907|event_id=EVT-0114,"same hcp_id+event_id, same attendance_date; dedupe on (hcp_id,event_id)"
DQ-000189,attendance.csv,duplicate_attendance_record,attendance_id=ATT-DUP-00089,<row>,source attendance_id=ATT-001242,hcp_id=1475115246|event_id=EVT-0056,"same hcp_id+event_id, same attendance_date; dedupe on (hcp_id,event_id)"
DQ-000190,attendance.csv,duplicate_attendance_record,attendance_id=ATT-DUP-00090,<row>,source attendance_id=ATT-002440,hcp_id=1567742360|event_id=EVT-0110,"same hcp_id+event_id, same attendance_date; dedupe on (hcp_id,event_id)"
DQ-000191,attendance.csv,duplicate_attendance_record,attendance_id=ATT-DUP-00091,<row>,source attendance_id=ATT-002146,hcp_id=1552813903|event_id=EVT-0098,"same hcp_id+event_id, same attendance_date; dedupe on (hcp_id,event_id)"
DQ-000192,attendance.csv,duplicate_attendance_record,attendance_id=ATT-DUP-00092,<row>,source attendance_id=ATT-002925,hcp_id=1418997171|event_id=EVT-0131,"same hcp_id+event_id, same attendance_date; dedupe on (hcp_id,event_id)"
DQ-000193,attendance.csv,duplicate_attendance_record,attendance_id=ATT-DUP-00093,<row>,source attendance_id=ATT-000110,hcp_id=1814938340|event_id=EVT-0007,"same hcp_id+event_id, same attendance_date; dedupe on (hcp_id,event_id)"
DQ-000194,attendance.csv,duplicate_attendance_record,attendance_id=ATT-DUP-00094,<row>,source attendance_id=ATT-001259,hcp_id=1194203331|event_id=EVT-0057,"same hcp_id+event_id, same attendance_date; dedupe on (hcp_id,event_id)"
DQ-000195,attendance.csv,duplicate_attendance_record,attendance_id=ATT-DUP-00095,<row>,source attendance_id=ATT-002170,hcp_id=1134509243|event_id=EVT-0099,"same hcp_id+event_id, same attendance_date; dedupe on (hcp_id,event_id)"
DQ-000196,attendance.csv,duplicate_attendance_record,attendance_id=ATT-DUP-00096,<row>,source attendance_id=ATT-004098,hcp_id=1251567115|event_id=EVT-0179,"same hcp_id+event_id, same attendance_date; dedupe on (hcp_id,event_id)"
DQ-000197,attendance.csv,duplicate_attendance_record,attendance_id=ATT-DUP-00097,<row>,source attendance_id=ATT-000325,hcp_id=1048976678|event_id=EVT-0017,"same hcp_id+event_id, same attendance_date; dedupe on (hcp_id,event_id)"
DQ-000198,attendance.csv,duplicate_attendance_record,attendance_id=ATT-DUP-00098,<row>,source attendance_id=ATT-004388,hcp_id=1643343233|event_id=EVT-0193,"same hcp_id+event_id, same attendance_date; dedupe on (hcp_id,event_id)"
DQ-000199,attendance.csv,duplicate_attendance_record,attendance_id=ATT-DUP-00099,<row>,source attendance_id=ATT-002441,hcp_id=1595301304|event_id=EVT-0110,"same hcp_id+event_id, same attendance_date; dedupe on (hcp_id,event_id)"
DQ-000200,attendance.csv,duplicate_attendance_record,attendance_id=ATT-DUP-00100,<row>,source attendance_id=ATT-003194,hcp_id=1031907094|event_id=EVT-0146,"same hcp_id+event_id, same attendance_date; dedupe on (hcp_id,event_id)"
DQ-000201,attendance.csv,duplicate_attendance_record,attendance_id=ATT-DUP-00101,<row>,source attendance_id=ATT-004200,hcp_id=1616839134|event_id=EVT-0184,"same hcp_id+event_id, same attendance_date; dedupe on (hcp_id,event_id)"
DQ-000202,attendance.csv,duplicate_attendance_record,attendance_id=ATT-DUP-00102,<row>,source attendance_id=ATT-004268,hcp_id=1703413967|event_id=EVT-0187,"same hcp_id+event_id, same attendance_date; dedupe on (hcp_id,event_id)"
DQ-000203,attendance.csv,duplicate_attendance_record,attendance_id=ATT-DUP-00103,<row>,source attendance_id=ATT-000168,hcp_id=1552813903|event_id=EVT-0010,"same hcp_id+event_id, same attendance_date; dedupe on (hcp_id,event_id)"
DQ-000204,attendance.csv,duplicate_attendance_record,attendance_id=ATT-DUP-00104,<row>,source attendance_id=ATT-001463,hcp_id=1989798412|event_id=EVT-0065,"same hcp_id+event_id, same attendance_date; dedupe on (hcp_id,event_id)"
DQ-000205,attendance.csv,duplicate_attendance_record,attendance_id=ATT-DUP-00105,<row>,source attendance_id=ATT-000887,hcp_id=1101185407|event_id=EVT-0040,"same hcp_id+event_id, same attendance_date; dedupe on (hcp_id,event_id)"
DQ-000206,attendance.csv,duplicate_attendance_record,attendance_id=ATT-DUP-00106,<row>,source attendance_id=ATT-000195,hcp_id=1714986282|event_id=EVT-0011,"same hcp_id+event_id, same attendance_date; dedupe on (hcp_id,event_id)"
DQ-000207,attendance.csv,duplicate_attendance_record,attendance_id=ATT-DUP-00107,<row>,source attendance_id=ATT-002772,hcp_id=1341556789|event_id=EVT-0125,"same hcp_id+event_id, same attendance_date; dedupe on (hcp_id,event_id)"
DQ-000208,attendance.csv,duplicate_attendance_record,attendance_id=ATT-DUP-00108,<row>,source attendance_id=ATT-000247,hcp_id=1138208594|event_id=EVT-0014,"same hcp_id+event_id, same attendance_date; dedupe on (hcp_id,event_id)"
DQ-000209,attendance.csv,duplicate_attendance_record,attendance_id=ATT-DUP-00109,<row>,source attendance_id=ATT-000116,hcp_id=1592062677|event_id=EVT-0008,"same hcp_id+event_id, same attendance_date; dedupe on (hcp_id,event_id)"
DQ-000210,attendance.csv,duplicate_attendance_record,attendance_id=ATT-DUP-00110,<row>,source attendance_id=ATT-004311,hcp_id=1713444978|event_id=EVT-0190,"same hcp_id+event_id, same attendance_date; dedupe on (hcp_id,event_id)"
DQ-000211,attendance.csv,duplicate_attendance_record,attendance_id=ATT-DUP-00111,<row>,source attendance_id=ATT-001846,hcp_id=1418997171|event_id=EVT-0083,"same hcp_id+event_id, same attendance_date; dedupe on (hcp_id,event_id)"
DQ-000212,attendance.csv,duplicate_attendance_record,attendance_id=ATT-DUP-00112,<row>,source attendance_id=ATT-002308,hcp_id=1648553570|event_id=EVT-0105,"same hcp_id+event_id, same attendance_date; dedupe on (hcp_id,event_id)"
DQ-000213,attendance.csv,duplicate_attendance_record,attendance_id=ATT-DUP-00113,<row>,source attendance_id=ATT-002001,hcp_id=1455101661|event_id=EVT-0092,"same hcp_id+event_id, same attendance_date; dedupe on (hcp_id,event_id)"
DQ-000214,attendance.csv,duplicate_attendance_record,attendance_id=ATT-DUP-00114,<row>,source attendance_id=ATT-001873,hcp_id=1492077734|event_id=EVT-0084,"same hcp_id+event_id, same attendance_date; dedupe on (hcp_id,event_id)"
DQ-000215,attendance.csv,duplicate_attendance_record,attendance_id=ATT-DUP-00115,<row>,source attendance_id=ATT-000756,hcp_id=1937514325|event_id=EVT-0034,"same hcp_id+event_id, same attendance_date; dedupe on (hcp_id,event_id)"
DQ-000216,attendance.csv,duplicate_attendance_record,attendance_id=ATT-DUP-00116,<row>,source attendance_id=ATT-001208,hcp_id=1551107307|event_id=EVT-0054,"same hcp_id+event_id, same attendance_date; dedupe on (hcp_id,event_id)"
DQ-000217,attendance.csv,duplicate_attendance_record,attendance_id=ATT-DUP-00117,<row>,source attendance_id=ATT-000174,hcp_id=1828803407|event_id=EVT-0010,"same hcp_id+event_id, same attendance_date; dedupe on (hcp_id,event_id)"
DQ-000218,attendance.csv,duplicate_attendance_record,attendance_id=ATT-DUP-00118,<row>,source attendance_id=ATT-000794,hcp_id=1862986803|event_id=EVT-0035,"same hcp_id+event_id, same attendance_date; dedupe on (hcp_id,event_id)"
DQ-000219,attendance.csv,duplicate_attendance_record,attendance_id=ATT-DUP-00119,<row>,source attendance_id=ATT-004181,hcp_id=1159841240|event_id=EVT-0183,"same hcp_id+event_id, same attendance_date; dedupe on (hcp_id,event_id)"
DQ-000220,attendance.csv,duplicate_attendance_record,attendance_id=ATT-DUP-00120,<row>,source attendance_id=ATT-004123,hcp_id=1704492101|event_id=EVT-0180,"same hcp_id+event_id, same attendance_date; dedupe on (hcp_id,event_id)"
DQ-000221,attendance.csv,duplicate_attendance_record,attendance_id=ATT-DUP-00121,<row>,source attendance_id=ATT-001634,hcp_id=1657035808|event_id=EVT-0071,"same hcp_id+event_id, same attendance_date; dedupe on (hcp_id,event_id)"
DQ-000222,attendance.csv,duplicate_attendance_record,attendance_id=ATT-DUP-00122,<row>,source attendance_id=ATT-002269,hcp_id=1011940271|event_id=EVT-0104,"same hcp_id+event_id, same attendance_date; dedupe on (hcp_id,event_id)"
DQ-000223,attendance.csv,duplicate_attendance_record,attendance_id=ATT-DUP-00123,<row>,source attendance_id=ATT-002684,hcp_id=1683943777|event_id=EVT-0122,"same hcp_id+event_id, same attendance_date; dedupe on (hcp_id,event_id)"
DQ-000224,attendance.csv,duplicate_attendance_record,attendance_id=ATT-DUP-00124,<row>,source attendance_id=ATT-001312,hcp_id=1677860136|event_id=EVT-0060,"same hcp_id+event_id, same attendance_date; dedupe on (hcp_id,event_id)"
DQ-000225,attendance.csv,duplicate_attendance_record,attendance_id=ATT-DUP-00125,<row>,source attendance_id=ATT-003521,hcp_id=1635581279|event_id=EVT-0158,"same hcp_id+event_id, same attendance_date; dedupe on (hcp_id,event_id)"
DQ-000226,attendance.csv,duplicate_attendance_record,attendance_id=ATT-DUP-00126,<row>,source attendance_id=ATT-003549,hcp_id=1836314447|event_id=EVT-0159,"same hcp_id+event_id, same attendance_date; dedupe on (hcp_id,event_id)"
DQ-000227,attendance.csv,duplicate_attendance_record,attendance_id=ATT-DUP-00127,<row>,source attendance_id=ATT-002432,hcp_id=1266945785|event_id=EVT-0110,"same hcp_id+event_id, same attendance_date; dedupe on (hcp_id,event_id)"
DQ-000228,attendance.csv,duplicate_attendance_record,attendance_id=ATT-DUP-00128,<row>,source attendance_id=ATT-000383,hcp_id=1002145427|event_id=EVT-0019,"same hcp_id+event_id, same attendance_date; dedupe on (hcp_id,event_id)"
DQ-000229,attendance.csv,duplicate_attendance_record,attendance_id=ATT-DUP-00129,<row>,source attendance_id=ATT-003345,hcp_id=1467704312|event_id=EVT-0152,"same hcp_id+event_id, same attendance_date; dedupe on (hcp_id,event_id)"
DQ-000230,attendance.csv,duplicate_attendance_record,attendance_id=ATT-DUP-00130,<row>,source attendance_id=ATT-001468,hcp_id=1386832996|event_id=EVT-0066,"same hcp_id+event_id, same attendance_date; dedupe on (hcp_id,event_id)"
DQ-000231,attendance.csv,duplicate_attendance_record,attendance_id=ATT-DUP-00131,<row>,source attendance_id=ATT-001336,hcp_id=1732527431|event_id=EVT-0061,"same hcp_id+event_id, same attendance_date; dedupe on (hcp_id,event_id)"
DQ-000232,attendance.csv,duplicate_attendance_record,attendance_id=ATT-DUP-00132,<row>,source attendance_id=ATT-003217,hcp_id=1048976678|event_id=EVT-0147,"same hcp_id+event_id, same attendance_date; dedupe on (hcp_id,event_id)"
DQ-000233,attendance.csv,duplicate_attendance_record,attendance_id=ATT-DUP-00133,<row>,source attendance_id=ATT-000917,hcp_id=1219516501|event_id=EVT-0041,"same hcp_id+event_id, same attendance_date; dedupe on (hcp_id,event_id)"
DQ-000234,attendance.csv,duplicate_attendance_record,attendance_id=ATT-DUP-00134,<row>,source attendance_id=ATT-000870,hcp_id=1595774286|event_id=EVT-0039,"same hcp_id+event_id, same attendance_date; dedupe on (hcp_id,event_id)"
DQ-000235,attendance.csv,duplicate_attendance_record,attendance_id=ATT-DUP-00135,<row>,source attendance_id=ATT-002208,hcp_id=1425610817|event_id=EVT-0101,"same hcp_id+event_id, same attendance_date; dedupe on (hcp_id,event_id)"
DQ-000236,attendance.csv,duplicate_attendance_record,attendance_id=ATT-DUP-00136,<row>,source attendance_id=ATT-000338,hcp_id=1386514024|event_id=EVT-0017,"same hcp_id+event_id, same attendance_date; dedupe on (hcp_id,event_id)"
DQ-000237,attendance.csv,duplicate_attendance_record,attendance_id=ATT-DUP-00137,<row>,source attendance_id=ATT-001767,hcp_id=1635476009|event_id=EVT-0076,"same hcp_id+event_id, same attendance_date; dedupe on (hcp_id,event_id)"
DQ-000238,attendance.csv,duplicate_attendance_record,attendance_id=ATT-DUP-00138,<row>,source attendance_id=ATT-000412,hcp_id=1725623817|event_id=EVT-0019,"same hcp_id+event_id, same attendance_date; dedupe on (hcp_id,event_id)"
DQ-000239,attendance.csv,duplicate_attendance_record,attendance_id=ATT-DUP-00139,<row>,source attendance_id=ATT-004042,hcp_id=1595774286|event_id=EVT-0177,"same hcp_id+event_id, same attendance_date; dedupe on (hcp_id,event_id)"
DQ-000240,attendance.csv,duplicate_attendance_record,attendance_id=ATT-DUP-00140,<row>,source attendance_id=ATT-002017,hcp_id=1989798412|event_id=EVT-0092,"same hcp_id+event_id, same attendance_date; dedupe on (hcp_id,event_id)"
DQ-000241,attendance.csv,duplicate_attendance_record,attendance_id=ATT-DUP-00141,<row>,source attendance_id=ATT-001189,hcp_id=1808826295|event_id=EVT-0053,"same hcp_id+event_id, same attendance_date; dedupe on (hcp_id,event_id)"
DQ-000242,attendance.csv,duplicate_attendance_record,attendance_id=ATT-DUP-00142,<row>,source attendance_id=ATT-001732,hcp_id=1018018261|event_id=EVT-0075,"same hcp_id+event_id, same attendance_date; dedupe on (hcp_id,event_id)"
DQ-000243,attendance.csv,duplicate_attendance_record,attendance_id=ATT-DUP-00143,<row>,source attendance_id=ATT-000238,hcp_id=1610820601|event_id=EVT-0013,"same hcp_id+event_id, same attendance_date; dedupe on (hcp_id,event_id)"
DQ-000244,attendance.csv,duplicate_attendance_record,attendance_id=ATT-DUP-00144,<row>,source attendance_id=ATT-001444,hcp_id=1335670091|event_id=EVT-0065,"same hcp_id+event_id, same attendance_date; dedupe on (hcp_id,event_id)"
DQ-000245,attendance.csv,duplicate_attendance_record,attendance_id=ATT-DUP-00145,<row>,source attendance_id=ATT-000459,hcp_id=1704492101|event_id=EVT-0021,"same hcp_id+event_id, same attendance_date; dedupe on (hcp_id,event_id)"
DQ-000246,attendance.csv,duplicate_attendance_record,attendance_id=ATT-DUP-00146,<row>,source attendance_id=ATT-003436,hcp_id=1944079924|event_id=EVT-0154,"same hcp_id+event_id, same attendance_date; dedupe on (hcp_id,event_id)"
DQ-000247,attendance.csv,duplicate_attendance_record,attendance_id=ATT-DUP-00147,<row>,source attendance_id=ATT-000970,hcp_id=1747637738|event_id=EVT-0042,"same hcp_id+event_id, same attendance_date; dedupe on (hcp_id,event_id)"
DQ-000248,attendance.csv,duplicate_attendance_record,attendance_id=ATT-DUP-00148,<row>,source attendance_id=ATT-001664,hcp_id=1124726435|event_id=EVT-0073,"same hcp_id+event_id, same attendance_date; dedupe on (hcp_id,event_id)"
DQ-000249,attendance.csv,duplicate_attendance_record,attendance_id=ATT-DUP-00149,<row>,source attendance_id=ATT-003037,hcp_id=1806103952|event_id=EVT-0137,"same hcp_id+event_id, same attendance_date; dedupe on (hcp_id,event_id)"
DQ-000250,attendance.csv,duplicate_attendance_record,attendance_id=ATT-DUP-00150,<row>,source attendance_id=ATT-003114,hcp_id=1779411515|event_id=EVT-0142,"same hcp_id+event_id, same attendance_date; dedupe on (hcp_id,event_id)"
DQ-000251,attendance.csv,duplicate_attendance_record,attendance_id=ATT-DUP-00151,<row>,source attendance_id=ATT-003917,hcp_id=1738903891|event_id=EVT-0174,"same hcp_id+event_id, same attendance_date; dedupe on (hcp_id,event_id)"
DQ-000252,attendance.csv,duplicate_attendance_record,attendance_id=ATT-DUP-00152,<row>,source attendance_id=ATT-000593,hcp_id=1028772501|event_id=EVT-0028,"same hcp_id+event_id, same attendance_date; dedupe on (hcp_id,event_id)"
DQ-000253,attendance.csv,duplicate_attendance_record,attendance_id=ATT-DUP-00153,<row>,source attendance_id=ATT-000015,hcp_id=1246066447|event_id=EVT-0002,"same hcp_id+event_id, same attendance_date; dedupe on (hcp_id,event_id)"
DQ-000254,attendance.csv,duplicate_attendance_record,attendance_id=ATT-DUP-00154,<row>,source attendance_id=ATT-000767,hcp_id=1138281740|event_id=EVT-0035,"same hcp_id+event_id, same attendance_date; dedupe on (hcp_id,event_id)"
DQ-000255,attendance.csv,duplicate_attendance_record,attendance_id=ATT-DUP-00155,<row>,source attendance_id=ATT-000828,hcp_id=1927430854|event_id=EVT-0036,"same hcp_id+event_id, same attendance_date; dedupe on (hcp_id,event_id)"
DQ-000256,attendance.csv,duplicate_attendance_record,attendance_id=ATT-DUP-00156,<row>,source attendance_id=ATT-000877,hcp_id=1738903891|event_id=EVT-0039,"same hcp_id+event_id, same attendance_date; dedupe on (hcp_id,event_id)"
DQ-000257,attendance.csv,duplicate_attendance_record,attendance_id=ATT-DUP-00157,<row>,source attendance_id=ATT-003282,hcp_id=1332369119|event_id=EVT-0149,"same hcp_id+event_id, same attendance_date; dedupe on (hcp_id,event_id)"
DQ-000258,attendance.csv,duplicate_attendance_record,attendance_id=ATT-DUP-00158,<row>,source attendance_id=ATT-001121,hcp_id=1635476009|event_id=EVT-0049,"same hcp_id+event_id, same attendance_date; dedupe on (hcp_id,event_id)"
DQ-000259,attendance.csv,duplicate_attendance_record,attendance_id=ATT-DUP-00159,<row>,source attendance_id=ATT-002768,hcp_id=1619471448|event_id=EVT-0124,"same hcp_id+event_id, same attendance_date; dedupe on (hcp_id,event_id)"
DQ-000260,attendance.csv,duplicate_attendance_record,attendance_id=ATT-DUP-00160,<row>,source attendance_id=ATT-000285,hcp_id=1567742360|event_id=EVT-0015,"same hcp_id+event_id, same attendance_date; dedupe on (hcp_id,event_id)"
DQ-000261,attendance.csv,duplicate_attendance_record,attendance_id=ATT-DUP-00161,<row>,source attendance_id=ATT-001949,hcp_id=1040239976|event_id=EVT-0088,"same hcp_id+event_id, same attendance_date; dedupe on (hcp_id,event_id)"
DQ-000262,attendance.csv,duplicate_attendance_record,attendance_id=ATT-DUP-00162,<row>,source attendance_id=ATT-000902,hcp_id=1686880901|event_id=EVT-0040,"same hcp_id+event_id, same attendance_date; dedupe on (hcp_id,event_id)"
DQ-000263,attendance.csv,duplicate_attendance_record,attendance_id=ATT-DUP-00163,<row>,source attendance_id=ATT-000097,hcp_id=1299418347|event_id=EVT-0007,"same hcp_id+event_id, same attendance_date; dedupe on (hcp_id,event_id)"
DQ-000264,attendance.csv,duplicate_attendance_record,attendance_id=ATT-DUP-00164,<row>,source attendance_id=ATT-000697,hcp_id=1050705288|event_id=EVT-0033,"same hcp_id+event_id, same attendance_date; dedupe on (hcp_id,event_id)"
DQ-000265,attendance.csv,duplicate_attendance_record,attendance_id=ATT-DUP-00165,<row>,source attendance_id=ATT-001598,hcp_id=1944079924|event_id=EVT-0070,"same hcp_id+event_id, same attendance_date; dedupe on (hcp_id,event_id)"
DQ-000266,attendance.csv,duplicate_attendance_record,attendance_id=ATT-DUP-00166,<row>,source attendance_id=ATT-002257,hcp_id=1497642888|event_id=EVT-0103,"same hcp_id+event_id, same attendance_date; dedupe on (hcp_id,event_id)"
DQ-000267,attendance.csv,duplicate_attendance_record,attendance_id=ATT-DUP-00167,<row>,source attendance_id=ATT-000791,hcp_id=1812815243|event_id=EVT-0035,"same hcp_id+event_id, same attendance_date; dedupe on (hcp_id,event_id)"
DQ-000268,attendance.csv,duplicate_attendance_record,attendance_id=ATT-DUP-00168,<row>,source attendance_id=ATT-000713,hcp_id=1583696442|event_id=EVT-0033,"same hcp_id+event_id, same attendance_date; dedupe on (hcp_id,event_id)"
DQ-000269,attendance.csv,duplicate_attendance_record,attendance_id=ATT-DUP-00169,<row>,source attendance_id=ATT-003241,hcp_id=1722898792|event_id=EVT-0147,"same hcp_id+event_id, same attendance_date; dedupe on (hcp_id,event_id)"
DQ-000270,attendance.csv,duplicate_attendance_record,attendance_id=ATT-DUP-00170,<row>,source attendance_id=ATT-000835,hcp_id=1238983617|event_id=EVT-0037,"same hcp_id+event_id, same attendance_date; dedupe on (hcp_id,event_id)"
DQ-000271,attendance.csv,duplicate_attendance_record,attendance_id=ATT-DUP-00171,<row>,source attendance_id=ATT-002058,hcp_id=1854852153|event_id=EVT-0094,"same hcp_id+event_id, same attendance_date; dedupe on (hcp_id,event_id)"
DQ-000272,attendance.csv,duplicate_attendance_record,attendance_id=ATT-DUP-00172,<row>,source attendance_id=ATT-001749,hcp_id=1689916181|event_id=EVT-0075,"same hcp_id+event_id, same attendance_date; dedupe on (hcp_id,event_id)"
DQ-000273,attendance.csv,duplicate_attendance_record,attendance_id=ATT-DUP-00173,<row>,source attendance_id=ATT-001011,hcp_id=1022312734|event_id=EVT-0046,"same hcp_id+event_id, same attendance_date; dedupe on (hcp_id,event_id)"
DQ-000274,attendance.csv,duplicate_attendance_record,attendance_id=ATT-DUP-00174,<row>,source attendance_id=ATT-002213,hcp_id=1552813903|event_id=EVT-0101,"same hcp_id+event_id, same attendance_date; dedupe on (hcp_id,event_id)"
DQ-000275,attendance.csv,duplicate_attendance_record,attendance_id=ATT-DUP-00175,<row>,source attendance_id=ATT-004252,hcp_id=1251567115|event_id=EVT-0187,"same hcp_id+event_id, same attendance_date; dedupe on (hcp_id,event_id)"
DQ-000276,attendance.csv,duplicate_attendance_record,attendance_id=ATT-DUP-00176,<row>,source attendance_id=ATT-001705,hcp_id=1048976678|event_id=EVT-0074,"same hcp_id+event_id, same attendance_date; dedupe on (hcp_id,event_id)"
DQ-000277,attendance.csv,duplicate_attendance_record,attendance_id=ATT-DUP-00177,<row>,source attendance_id=ATT-000677,hcp_id=1824172013|event_id=EVT-0031,"same hcp_id+event_id, same attendance_date; dedupe on (hcp_id,event_id)"
DQ-000278,attendance.csv,duplicate_attendance_record,attendance_id=ATT-DUP-00178,<row>,source attendance_id=ATT-002574,hcp_id=1811081532|event_id=EVT-0117,"same hcp_id+event_id, same attendance_date; dedupe on (hcp_id,event_id)"
DQ-000279,attendance.csv,duplicate_attendance_record,attendance_id=ATT-DUP-00179,<row>,source attendance_id=ATT-003936,hcp_id=1189769080|event_id=EVT-0175,"same hcp_id+event_id, same attendance_date; dedupe on (hcp_id,event_id)"
DQ-000280,attendance.csv,duplicate_attendance_record,attendance_id=ATT-DUP-00180,<row>,source attendance_id=ATT-001152,hcp_id=1475115246|event_id=EVT-0051,"same hcp_id+event_id, same attendance_date; dedupe on (hcp_id,event_id)"
DQ-000281,attendance.csv,duplicate_attendance_record,attendance_id=ATT-DUP-00181,<row>,source attendance_id=ATT-002014,hcp_id=1903798589|event_id=EVT-0092,"same hcp_id+event_id, same attendance_date; dedupe on (hcp_id,event_id)"
DQ-000282,attendance.csv,missing_engagement_score,attendance_id=ATT-000116,engagement_score,7.1,,set to NULL
DQ-000283,attendance.csv,missing_engagement_score,attendance_id=ATT-003710,engagement_score,2.6,,set to NULL
DQ-000284,attendance.csv,missing_engagement_score,attendance_id=ATT-002735,engagement_score,9.7,,set to NULL
DQ-000285,attendance.csv,missing_engagement_score,attendance_id=ATT-001529,engagement_score,8.4,,set to NULL
DQ-000286,attendance.csv,missing_engagement_score,attendance_id=ATT-001300,engagement_score,7.2,,set to NULL
DQ-000287,attendance.csv,missing_engagement_score,attendance_id=ATT-003036,engagement_score,7.3,,set to NULL
DQ-000288,attendance.csv,missing_engagement_score,attendance_id=ATT-003256,engagement_score,3.9,,set to NULL
DQ-000289,attendance.csv,missing_engagement_score,attendance_id=ATT-001672,engagement_score,7.3,,set to NULL
DQ-000290,attendance.csv,missing_engagement_score,attendance_id=ATT-000988,engagement_score,7.9,,set to NULL
DQ-000291,attendance.csv,missing_engagement_score,attendance_id=ATT-000212,engagement_score,7.5,,set to NULL
DQ-000292,attendance.csv,missing_engagement_score,attendance_id=ATT-004129,engagement_score,2.9,,set to NULL
DQ-000293,attendance.csv,missing_engagement_score,attendance_id=ATT-000169,engagement_score,3.6,,set to NULL
DQ-000294,attendance.csv,missing_engagement_score,attendance_id=ATT-001302,engagement_score,9.2,,set to NULL
DQ-000295,attendance.csv,missing_engagement_score,attendance_id=ATT-001406,engagement_score,6.3,,set to NULL
DQ-000296,attendance.csv,missing_engagement_score,attendance_id=ATT-000833,engagement_score,5.8,,set to NULL
DQ-000297,attendance.csv,missing_engagement_score,attendance_id=ATT-000360,engagement_score,5.9,,set to NULL
DQ-000298,attendance.csv,missing_engagement_score,attendance_id=ATT-000395,engagement_score,7.6,,set to NULL
DQ-000299,attendance.csv,missing_engagement_score,attendance_id=ATT-003957,engagement_score,6.2,,set to NULL
DQ-000300,attendance.csv,missing_engagement_score,attendance_id=ATT-003024,engagement_score,4.1,,set to NULL
DQ-000301,attendance.csv,missing_engagement_score,attendance_id=ATT-000856,engagement_score,8.4,,set to NULL
DQ-000302,attendance.csv,missing_engagement_score,attendance_id=ATT-002132,engagement_score,6.7,,set to NULL
DQ-000303,attendance.csv,missing_engagement_score,attendance_id=ATT-001042,engagement_score,3.1,,set to NULL
DQ-000304,attendance.csv,missing_engagement_score,attendance_id=ATT-000404,engagement_score,8.8,,set to NULL
DQ-000305,attendance.csv,missing_engagement_score,attendance_id=ATT-001011,engagement_score,4.0,,set to NULL
DQ-000306,attendance.csv,missing_engagement_score,attendance_id=ATT-003703,engagement_score,10.0,,set to NULL
DQ-000307,attendance.csv,missing_engagement_score,attendance_id=ATT-000888,engagement_score,4.0,,set to NULL
DQ-000308,attendance.csv,missing_engagement_score,attendance_id=ATT-001348,engagement_score,9.6,,set to NULL
DQ-000309,attendance.csv,missing_engagement_score,attendance_id=ATT-001046,engagement_score,8.8,,set to NULL
DQ-000310,attendance.csv,missing_engagement_score,attendance_id=ATT-003418,engagement_score,6.3,,set to NULL
DQ-000311,attendance.csv,missing_engagement_score,attendance_id=ATT-000846,engagement_score,6.0,,set to NULL
DQ-000312,attendance.csv,missing_engagement_score,attendance_id=ATT-001968,engagement_score,2.4,,set to NULL
DQ-000313,attendance.csv,missing_engagement_score,attendance_id=ATT-000729,engagement_score,5.0,,set to NULL
DQ-000314,attendance.csv,missing_engagement_score,attendance_id=ATT-002769,engagement_score,4.3,,set to NULL
DQ-000315,attendance.csv,missing_engagement_score,attendance_id=ATT-DUP-00065,engagement_score,4.9,,set to NULL
DQ-000316,attendance.csv,missing_engagement_score,attendance_id=ATT-000315,engagement_score,4.9,,set to NULL
DQ-000317,attendance.csv,missing_engagement_score,attendance_id=ATT-002374,engagement_score,6.0,,set to NULL
DQ-000318,attendance.csv,missing_engagement_score,attendance_id=ATT-004085,engagement_score,5.7,,set to NULL
DQ-000319,attendance.csv,missing_engagement_score,attendance_id=ATT-003592,engagement_score,8.3,,set to NULL
DQ-000320,attendance.csv,missing_engagement_score,attendance_id=ATT-DUP-00098,engagement_score,7.2,,set to NULL
DQ-000321,attendance.csv,missing_engagement_score,attendance_id=ATT-003037,engagement_score,8.3,,set to NULL
DQ-000322,attendance.csv,missing_engagement_score,attendance_id=ATT-004184,engagement_score,3.5,,set to NULL
DQ-000323,attendance.csv,missing_engagement_score,attendance_id=ATT-001502,engagement_score,2.7,,set to NULL
DQ-000324,attendance.csv,missing_engagement_score,attendance_id=ATT-003991,engagement_score,5.9,,set to NULL
DQ-000325,attendance.csv,missing_engagement_score,attendance_id=ATT-002290,engagement_score,6.6,,set to NULL
DQ-000326,attendance.csv,missing_engagement_score,attendance_id=ATT-002713,engagement_score,7.7,,set to NULL
DQ-000327,attendance.csv,missing_engagement_score,attendance_id=ATT-003905,engagement_score,8.4,,set to NULL
DQ-000328,attendance.csv,missing_engagement_score,attendance_id=ATT-001818,engagement_score,5.6,,set to NULL
DQ-000329,attendance.csv,missing_engagement_score,attendance_id=ATT-000229,engagement_score,6.8,,set to NULL
DQ-000330,attendance.csv,missing_engagement_score,attendance_id=ATT-002220,engagement_score,6.0,,set to NULL
DQ-000331,attendance.csv,missing_engagement_score,attendance_id=ATT-004496,engagement_score,5.3,,set to NULL
DQ-000332,attendance.csv,missing_engagement_score,attendance_id=ATT-003843,engagement_score,7.5,,set to NULL
DQ-000333,attendance.csv,missing_engagement_score,attendance_id=ATT-000698,engagement_score,9.4,,set to NULL
DQ-000334,attendance.csv,missing_engagement_score,attendance_id=ATT-002683,engagement_score,6.6,,set to NULL
DQ-000335,attendance.csv,missing_engagement_score,attendance_id=ATT-000962,engagement_score,5.7,,set to NULL
DQ-000336,attendance.csv,missing_engagement_score,attendance_id=ATT-001241,engagement_score,8.6,,set to NULL
DQ-000337,attendance.csv,missing_engagement_score,attendance_id=ATT-003414,engagement_score,6.3,,set to NULL
DQ-000338,attendance.csv,missing_engagement_score,attendance_id=ATT-001004,engagement_score,9.9,,set to NULL
DQ-000339,attendance.csv,missing_engagement_score,attendance_id=ATT-004278,engagement_score,9.6,,set to NULL
DQ-000340,attendance.csv,missing_engagement_score,attendance_id=ATT-001947,engagement_score,8.8,,set to NULL
DQ-000341,attendance.csv,missing_engagement_score,attendance_id=ATT-000076,engagement_score,6.0,,set to NULL
DQ-000342,attendance.csv,missing_engagement_score,attendance_id=ATT-001178,engagement_score,8.4,,set to NULL
DQ-000343,attendance.csv,missing_engagement_score,attendance_id=ATT-002956,engagement_score,9.4,,set to NULL
DQ-000344,attendance.csv,missing_engagement_score,attendance_id=ATT-000692,engagement_score,5.5,,set to NULL
DQ-000345,attendance.csv,missing_engagement_score,attendance_id=ATT-000591,engagement_score,4.9,,set to NULL
DQ-000346,attendance.csv,missing_engagement_score,attendance_id=ATT-000356,engagement_score,5.4,,set to NULL
DQ-000347,attendance.csv,missing_engagement_score,attendance_id=ATT-001665,engagement_score,6.8,,set to NULL
DQ-000348,attendance.csv,missing_engagement_score,attendance_id=ATT-001333,engagement_score,7.9,,set to NULL
DQ-000349,attendance.csv,missing_engagement_score,attendance_id=ATT-003159,engagement_score,6.1,,set to NULL
DQ-000350,attendance.csv,missing_engagement_score,attendance_id=ATT-001377,engagement_score,7.6,,set to NULL
DQ-000351,attendance.csv,missing_engagement_score,attendance_id=ATT-002065,engagement_score,4.3,,set to NULL
DQ-000352,attendance.csv,missing_engagement_score,attendance_id=ATT-003524,engagement_score,9.7,,set to NULL
DQ-000353,attendance.csv,missing_engagement_score,attendance_id=ATT-004178,engagement_score,6.8,,set to NULL
DQ-000354,attendance.csv,missing_engagement_score,attendance_id=ATT-000022,engagement_score,6.5,,set to NULL
DQ-000355,attendance.csv,missing_engagement_score,attendance_id=ATT-000876,engagement_score,7.3,,set to NULL
DQ-000356,attendance.csv,missing_engagement_score,attendance_id=ATT-003457,engagement_score,7.2,,set to NULL
DQ-000357,attendance.csv,missing_engagement_score,attendance_id=ATT-001017,engagement_score,6.0,,set to NULL
DQ-000358,attendance.csv,missing_engagement_score,attendance_id=ATT-003674,engagement_score,7.8,,set to NULL
DQ-000359,attendance.csv,missing_engagement_score,attendance_id=ATT-000415,engagement_score,8.0,,set to NULL
DQ-000360,attendance.csv,missing_engagement_score,attendance_id=ATT-002482,engagement_score,6.9,,set to NULL
DQ-000361,attendance.csv,missing_engagement_score,attendance_id=ATT-002970,engagement_score,7.0,,set to NULL
DQ-000362,attendance.csv,missing_engagement_score,attendance_id=ATT-003759,engagement_score,7.0,,set to NULL
DQ-000363,attendance.csv,missing_engagement_score,attendance_id=ATT-001669,engagement_score,10.0,,set to NULL
DQ-000364,attendance.csv,missing_engagement_score,attendance_id=ATT-001719,engagement_score,2.9,,set to NULL
DQ-000365,attendance.csv,missing_engagement_score,attendance_id=ATT-002373,engagement_score,6.9,,set to NULL
DQ-000366,attendance.csv,missing_engagement_score,attendance_id=ATT-001877,engagement_score,6.9,,set to NULL
DQ-000367,attendance.csv,missing_engagement_score,attendance_id=ATT-000431,engagement_score,4.6,,set to NULL
DQ-000368,attendance.csv,missing_engagement_score,attendance_id=ATT-001001,engagement_score,5.6,,set to NULL
DQ-000369,attendance.csv,missing_engagement_score,attendance_id=ATT-000233,engagement_score,8.4,,set to NULL
DQ-000370,attendance.csv,missing_engagement_score,attendance_id=ATT-003981,engagement_score,5.4,,set to NULL
DQ-000371,attendance.csv,missing_engagement_score,attendance_id=ATT-002004,engagement_score,5.7,,set to NULL
DQ-000372,attendance.csv,attendance_date_drift,attendance_id=ATT-003196,attendance_date,2024-10-22,2024-10-20,"-2 days vs event_date; non-anchor row, primary-event assignment unchanged"
DQ-000373,attendance.csv,attendance_date_drift,attendance_id=ATT-003411,attendance_date,2024-11-22,2024-11-21,"-1 days vs event_date; non-anchor row, primary-event assignment unchanged"
DQ-000374,attendance.csv,attendance_date_drift,attendance_id=ATT-003456,attendance_date,2024-11-24,2024-11-26,"+2 days vs event_date; non-anchor row, primary-event assignment unchanged"
DQ-000375,attendance.csv,attendance_date_drift,attendance_id=ATT-003118,attendance_date,2024-10-08,2024-10-06,"-2 days vs event_date; non-anchor row, primary-event assignment unchanged"
DQ-000376,attendance.csv,attendance_date_drift,attendance_id=ATT-001118,attendance_date,2023-11-27,2023-11-29,"+2 days vs event_date; non-anchor row, primary-event assignment unchanged"
DQ-000377,attendance.csv,attendance_date_drift,attendance_id=ATT-001979,attendance_date,2024-04-24,2024-04-22,"-2 days vs event_date; non-anchor row, primary-event assignment unchanged"
DQ-000378,attendance.csv,attendance_date_drift,attendance_id=ATT-003592,attendance_date,2024-12-07,2024-12-09,"+2 days vs event_date; non-anchor row, primary-event assignment unchanged"
DQ-000379,attendance.csv,attendance_date_drift,attendance_id=ATT-004046,attendance_date,2025-01-31,2025-02-01,"+1 days vs event_date; non-anchor row, primary-event assignment unchanged"
DQ-000380,attendance.csv,attendance_date_drift,attendance_id=ATT-000262,attendance_date,2023-09-01,2023-08-31,"-1 days vs event_date; non-anchor row, primary-event assignment unchanged"
DQ-000381,attendance.csv,attendance_date_drift,attendance_id=ATT-002655,attendance_date,2024-06-27,2024-06-29,"+2 days vs event_date; non-anchor row, primary-event assignment unchanged"
DQ-000382,attendance.csv,attendance_date_drift,attendance_id=ATT-001653,attendance_date,2024-02-08,2024-02-06,"-2 days vs event_date; non-anchor row, primary-event assignment unchanged"
DQ-000383,attendance.csv,attendance_date_drift,attendance_id=ATT-003141,attendance_date,2024-10-09,2024-10-07,"-2 days vs event_date; non-anchor row, primary-event assignment unchanged"
DQ-000384,attendance.csv,attendance_date_drift,attendance_id=ATT-002609,attendance_date,2024-06-21,2024-06-23,"+2 days vs event_date; non-anchor row, primary-event assignment unchanged"
DQ-000385,attendance.csv,attendance_date_drift,attendance_id=ATT-000626,attendance_date,2023-10-09,2023-10-11,"+2 days vs event_date; non-anchor row, primary-event assignment unchanged"
DQ-000386,attendance.csv,attendance_date_drift,attendance_id=ATT-001497,attendance_date,2024-01-20,2024-01-21,"+1 days vs event_date; non-anchor row, primary-event assignment unchanged"
DQ-000387,attendance.csv,attendance_date_drift,attendance_id=ATT-004471,attendance_date,2025-03-23,2025-03-25,"+2 days vs event_date; non-anchor row, primary-event assignment unchanged"
DQ-000388,attendance.csv,attendance_date_drift,attendance_id=ATT-003398,attendance_date,2024-11-22,2024-11-24,"+2 days vs event_date; non-anchor row, primary-event assignment unchanged"
DQ-000389,attendance.csv,attendance_date_drift,attendance_id=ATT-004322,attendance_date,2025-03-03,2025-03-01,"-2 days vs event_date; non-anchor row, primary-event assignment unchanged"
DQ-000390,attendance.csv,attendance_date_drift,attendance_id=ATT-002820,attendance_date,2024-08-14,2024-08-15,"+1 days vs event_date; non-anchor row, primary-event assignment unchanged"
DQ-000391,attendance.csv,attendance_date_drift,attendance_id=ATT-001462,attendance_date,2024-01-09,2024-01-11,"+2 days vs event_date; non-anchor row, primary-event assignment unchanged"
DQ-000392,attendance.csv,attendance_date_drift,attendance_id=ATT-003032,attendance_date,2024-09-25,2024-09-27,"+2 days vs event_date; non-anchor row, primary-event assignment unchanged"
DQ-000393,attendance.csv,attendance_date_drift,attendance_id=ATT-004505,attendance_date,2025-03-25,2025-03-23,"-2 days vs event_date; non-anchor row, primary-event assignment unchanged"
DQ-000394,attendance.csv,attendance_date_drift,attendance_id=ATT-001849,attendance_date,2024-03-26,2024-03-27,"+1 days vs event_date; non-anchor row, primary-event assignment unchanged"
DQ-000395,attendance.csv,attendance_date_drift,attendance_id=ATT-002433,attendance_date,2024-06-07,2024-06-09,"+2 days vs event_date; non-anchor row, primary-event assignment unchanged"
DQ-000396,attendance.csv,attendance_date_drift,attendance_id=ATT-001761,attendance_date,2024-02-23,2024-02-25,"+2 days vs event_date; non-anchor row, primary-event assignment unchanged"
DQ-000397,attendance.csv,attendance_date_drift,attendance_id=ATT-000833,attendance_date,2023-10-30,2023-10-29,"-1 days vs event_date; non-anchor row, primary-event assignment unchanged"
DQ-000398,attendance.csv,attendance_date_drift,attendance_id=ATT-003692,attendance_date,2024-12-19,2024-12-21,"+2 days vs event_date; non-anchor row, primary-event assignment unchanged"
DQ-000399,attendance.csv,attendance_date_drift,attendance_id=ATT-004365,attendance_date,2025-03-04,2025-03-06,"+2 days vs event_date; non-anchor row, primary-event assignment unchanged"
DQ-000400,attendance.csv,attendance_date_drift,attendance_id=ATT-003395,attendance_date,2024-11-21,2024-11-22,"+1 days vs event_date; non-anchor row, primary-event assignment unchanged"
DQ-000401,attendance.csv,attendance_date_drift,attendance_id=ATT-000428,attendance_date,2023-09-12,2023-09-14,"+2 days vs event_date; non-anchor row, primary-event assignment unchanged"
DQ-000402,attendance.csv,attendance_date_drift,attendance_id=ATT-003567,attendance_date,2024-12-07,2024-12-09,"+2 days vs event_date; non-anchor row, primary-event assignment unchanged"
DQ-000403,attendance.csv,attendance_date_drift,attendance_id=ATT-003992,attendance_date,2025-01-23,2025-01-25,"+2 days vs event_date; non-anchor row, primary-event assignment unchanged"
DQ-000404,attendance.csv,attendance_date_drift,attendance_id=ATT-001328,attendance_date,2024-01-04,2024-01-03,"-1 days vs event_date; non-anchor row, primary-event assignment unchanged"
DQ-000405,attendance.csv,attendance_date_drift,attendance_id=ATT-001816,attendance_date,2024-03-12,2024-03-13,"+1 days vs event_date; non-anchor row, primary-event assignment unchanged"
DQ-000406,attendance.csv,attendance_date_drift,attendance_id=ATT-001186,attendance_date,2023-12-06,2023-12-07,"+1 days vs event_date; non-anchor row, primary-event assignment unchanged"
DQ-000407,attendance.csv,attendance_date_drift,attendance_id=ATT-000945,attendance_date,2023-11-12,2023-11-10,"-2 days vs event_date; non-anchor row, primary-event assignment unchanged"
DQ-000408,attendance.csv,attendance_date_drift,attendance_id=ATT-003566,attendance_date,2024-12-07,2024-12-05,"-2 days vs event_date; non-anchor row, primary-event assignment unchanged"
DQ-000409,attendance.csv,attendance_date_drift,attendance_id=ATT-002954,attendance_date,2024-09-14,2024-09-13,"-1 days vs event_date; non-anchor row, primary-event assignment unchanged"
DQ-000410,attendance.csv,attendance_date_drift,attendance_id=ATT-003327,attendance_date,2024-11-14,2024-11-15,"+1 days vs event_date; non-anchor row, primary-event assignment unchanged"
DQ-000411,attendance.csv,attendance_date_drift,attendance_id=ATT-001151,attendance_date,2023-11-28,2023-11-26,"-2 days vs event_date; non-anchor row, primary-event assignment unchanged"
DQ-000412,attendance.csv,attendance_date_drift,attendance_id=ATT-004230,attendance_date,2025-02-22,2025-02-24,"+2 days vs event_date; non-anchor row, primary-event assignment unchanged"
DQ-000413,attendance.csv,attendance_date_drift,attendance_id=ATT-002047,attendance_date,2024-04-28,2024-04-29,"+1 days vs event_date; non-anchor row, primary-event assignment unchanged"
DQ-000414,attendance.csv,attendance_date_drift,attendance_id=ATT-003745,attendance_date,2024-12-31,2025-01-02,"+2 days vs event_date; non-anchor row, primary-event assignment unchanged"
DQ-000415,attendance.csv,attendance_date_drift,attendance_id=ATT-002337,attendance_date,2024-05-30,2024-06-01,"+2 days vs event_date; non-anchor row, primary-event assignment unchanged"
DQ-000416,attendance.csv,attendance_date_drift,attendance_id=ATT-002722,attendance_date,2024-07-04,2024-07-06,"+2 days vs event_date; non-anchor row, primary-event assignment unchanged"
DQ-000417,rx_claims_monthly.csv,missing_rx_volume,hcp_id=1685524518|month=2024-03|ndc_category=METABOLIC_GLP1_INJ,rx_volume,98,,set to NULL; outside every treatment target-category window
DQ-000418,rx_claims_monthly.csv,missing_rx_volume,hcp_id=1742100898|month=2023-10|ndc_category=METABOLIC_GLP1_INJ,rx_volume,66,,set to NULL; outside every treatment target-category window
DQ-000419,rx_claims_monthly.csv,missing_rx_volume,hcp_id=1389159553|month=2023-12|ndc_category=CV_ANTICOAG_ORAL,rx_volume,213,,set to NULL; outside every treatment target-category window
DQ-000420,rx_claims_monthly.csv,missing_rx_volume,hcp_id=1977922420|month=2023-10|ndc_category=CV_ANTICOAG_ORAL,rx_volume,137,,set to NULL; outside every treatment target-category window
DQ-000421,rx_claims_monthly.csv,missing_rx_volume,hcp_id=1507069536|month=2025-01|ndc_category=METABOLIC_GLP1_INJ,rx_volume,113,,set to NULL; outside every treatment target-category window
DQ-000422,rx_claims_monthly.csv,missing_rx_volume,hcp_id=1424541534|month=2022-12|ndc_category=METABOLIC_GLP1_INJ,rx_volume,86,,set to NULL; outside every treatment target-category window
DQ-000423,rx_claims_monthly.csv,missing_rx_volume,hcp_id=1617703974|month=2022-12|ndc_category=CV_ANTICOAG_ORAL,rx_volume,126,,set to NULL; outside every treatment target-category window
DQ-000424,rx_claims_monthly.csv,missing_rx_volume,hcp_id=1761262934|month=2024-10|ndc_category=CV_ANTICOAG_ORAL,rx_volume,142,,set to NULL; outside every treatment target-category window
DQ-000425,rx_claims_monthly.csv,missing_rx_volume,hcp_id=1333043895|month=2024-06|ndc_category=METABOLIC_GLP1_INJ,rx_volume,52,,set to NULL; outside every treatment target-category window
DQ-000426,rx_claims_monthly.csv,missing_rx_volume,hcp_id=1646792071|month=2025-04|ndc_category=METABOLIC_GLP1_INJ,rx_volume,509,,set to NULL; outside every treatment target-category window
DQ-000427,rx_claims_monthly.csv,missing_rx_volume,hcp_id=1797940958|month=2023-08|ndc_category=METABOLIC_GLP1_INJ,rx_volume,123,,set to NULL; outside every treatment target-category window
DQ-000428,rx_claims_monthly.csv,missing_rx_volume,hcp_id=1326516303|month=2024-12|ndc_category=METABOLIC_GLP1_INJ,rx_volume,512,,set to NULL; outside every treatment target-category window
DQ-000429,rx_claims_monthly.csv,missing_rx_volume,hcp_id=1889545335|month=2023-05|ndc_category=ONC_TARGETED_ORAL,rx_volume,177,,set to NULL; outside every treatment target-category window
DQ-000430,rx_claims_monthly.csv,missing_rx_volume,hcp_id=1722502113|month=2024-11|ndc_category=METABOLIC_GLP1_INJ,rx_volume,85,,set to NULL; outside every treatment target-category window
DQ-000431,rx_claims_monthly.csv,missing_rx_volume,hcp_id=1737256036|month=2024-01|ndc_category=CV_ANTICOAG_ORAL,rx_volume,149,,set to NULL; outside every treatment target-category window
DQ-000432,rx_claims_monthly.csv,missing_rx_volume,hcp_id=1486296159|month=2023-10|ndc_category=CV_ANTICOAG_ORAL,rx_volume,32,,set to NULL; outside every treatment target-category window
DQ-000433,rx_claims_monthly.csv,missing_rx_volume,hcp_id=1028436479|month=2022-12|ndc_category=ENDO_BASAL_INSULIN,rx_volume,250,,set to NULL; outside every treatment target-category window
DQ-000434,rx_claims_monthly.csv,missing_rx_volume,hcp_id=1338304433|month=2025-07|ndc_category=METABOLIC_GLP1_INJ,rx_volume,297,,set to NULL; outside every treatment target-category window
DQ-000435,rx_claims_monthly.csv,missing_rx_volume,hcp_id=1468190701|month=2025-06|ndc_category=CARD_HF_ARNI,rx_volume,84,,set to NULL; outside every treatment target-category window
DQ-000436,rx_claims_monthly.csv,missing_rx_volume,hcp_id=1736829924|month=2023-08|ndc_category=CV_ANTICOAG_ORAL,rx_volume,102,,set to NULL; outside every treatment target-category window
DQ-000437,rx_claims_monthly.csv,missing_rx_volume,hcp_id=1163769114|month=2023-06|ndc_category=ONC_TARGETED_ORAL,rx_volume,238,,set to NULL; outside every treatment target-category window
DQ-000438,rx_claims_monthly.csv,missing_rx_volume,hcp_id=1903521262|month=2023-07|ndc_category=CV_ANTICOAG_ORAL,rx_volume,44,,set to NULL; outside every treatment target-category window
DQ-000439,rx_claims_monthly.csv,missing_rx_volume,hcp_id=1138208594|month=2024-07|ndc_category=METABOLIC_GLP1_INJ,rx_volume,209,,set to NULL; outside every treatment target-category window
DQ-000440,rx_claims_monthly.csv,missing_rx_volume,hcp_id=1693809661|month=2024-11|ndc_category=CV_ANTICOAG_ORAL,rx_volume,50,,set to NULL; outside every treatment target-category window
DQ-000441,rx_claims_monthly.csv,missing_rx_volume,hcp_id=1745601371|month=2025-03|ndc_category=METABOLIC_GLP1_INJ,rx_volume,115,,set to NULL; outside every treatment target-category window
DQ-000442,rx_claims_monthly.csv,missing_rx_volume,hcp_id=1701585576|month=2025-05|ndc_category=METABOLIC_GLP1_INJ,rx_volume,210,,set to NULL; outside every treatment target-category window
DQ-000443,rx_claims_monthly.csv,missing_rx_volume,hcp_id=1723841155|month=2023-08|ndc_category=CV_ANTICOAG_ORAL,rx_volume,219,,set to NULL; outside every treatment target-category window
DQ-000444,rx_claims_monthly.csv,missing_rx_volume,hcp_id=1835339551|month=2023-06|ndc_category=METABOLIC_GLP1_INJ,rx_volume,544,,set to NULL; outside every treatment target-category window
DQ-000445,rx_claims_monthly.csv,missing_rx_volume,hcp_id=1536141264|month=2022-12|ndc_category=PULM_ICS_LABA_INH,rx_volume,367,,set to NULL; outside every treatment target-category window
DQ-000446,rx_claims_monthly.csv,missing_rx_volume,hcp_id=1831183839|month=2025-03|ndc_category=METABOLIC_GLP1_INJ,rx_volume,96,,set to NULL; outside every treatment target-category window
DQ-000447,rx_claims_monthly.csv,missing_rx_volume,hcp_id=1081031506|month=2025-09|ndc_category=CV_ANTICOAG_ORAL,rx_volume,176,,set to NULL; outside every treatment target-category window
DQ-000448,rx_claims_monthly.csv,missing_rx_volume,hcp_id=1123562633|month=2024-11|ndc_category=METABOLIC_GLP1_INJ,rx_volume,72,,set to NULL; outside every treatment target-category window
DQ-000449,rx_claims_monthly.csv,missing_rx_volume,hcp_id=1805422742|month=2024-10|ndc_category=ENDO_BASAL_INSULIN,rx_volume,407,,set to NULL; outside every treatment target-category window
DQ-000450,rx_claims_monthly.csv,missing_rx_volume,hcp_id=1836894604|month=2023-04|ndc_category=METABOLIC_GLP1_INJ,rx_volume,100,,set to NULL; outside every treatment target-category window
DQ-000451,rx_claims_monthly.csv,missing_rx_volume,hcp_id=1321405205|month=2024-02|ndc_category=CV_ANTICOAG_ORAL,rx_volume,129,,set to NULL; outside every treatment target-category window
DQ-000452,rx_claims_monthly.csv,missing_rx_volume,hcp_id=1512866082|month=2024-08|ndc_category=CV_ANTICOAG_ORAL,rx_volume,91,,set to NULL; outside every treatment target-category window
DQ-000453,rx_claims_monthly.csv,missing_rx_volume,hcp_id=1335601583|month=2023-03|ndc_category=METABOLIC_GLP1_INJ,rx_volume,143,,set to NULL; outside every treatment target-category window
DQ-000454,rx_claims_monthly.csv,missing_rx_volume,hcp_id=1134509243|month=2024-09|ndc_category=CV_ANTICOAG_ORAL,rx_volume,40,,set to NULL; outside every treatment target-category window
DQ-000455,rx_claims_monthly.csv,missing_rx_volume,hcp_id=1713519829|month=2025-09|ndc_category=CV_ANTICOAG_ORAL,rx_volume,56,,set to NULL; outside every treatment target-category window
DQ-000456,rx_claims_monthly.csv,missing_rx_volume,hcp_id=1133130363|month=2025-01|ndc_category=PC_ANTIHYPERTENSIVE,rx_volume,569,,set to NULL; outside every treatment target-category window
DQ-000457,rx_claims_monthly.csv,missing_rx_volume,hcp_id=1436505063|month=2023-12|ndc_category=METABOLIC_GLP1_INJ,rx_volume,163,,set to NULL; outside every treatment target-category window
DQ-000458,rx_claims_monthly.csv,missing_rx_volume,hcp_id=1464676570|month=2023-05|ndc_category=METABOLIC_GLP1_INJ,rx_volume,100,,set to NULL; outside every treatment target-category window
DQ-000459,rx_claims_monthly.csv,missing_rx_volume,hcp_id=1626268928|month=2023-07|ndc_category=METABOLIC_GLP1_INJ,rx_volume,226,,set to NULL; outside every treatment target-category window
DQ-000460,rx_claims_monthly.csv,missing_rx_volume,hcp_id=1523987174|month=2023-11|ndc_category=CV_ANTICOAG_ORAL,rx_volume,85,,set to NULL; outside every treatment target-category window
DQ-000461,rx_claims_monthly.csv,missing_rx_volume,hcp_id=1081051991|month=2025-02|ndc_category=PULM_ICS_LABA_INH,rx_volume,120,,set to NULL; outside every treatment target-category window
DQ-000462,rx_claims_monthly.csv,missing_rx_volume,hcp_id=1058613039|month=2024-02|ndc_category=CV_ANTICOAG_ORAL,rx_volume,155,,set to NULL; outside every treatment target-category window
DQ-000463,rx_claims_monthly.csv,missing_rx_volume,hcp_id=1937526600|month=2025-01|ndc_category=METABOLIC_GLP1_INJ,rx_volume,57,,set to NULL; outside every treatment target-category window
DQ-000464,rx_claims_monthly.csv,missing_rx_volume,hcp_id=1275723975|month=2024-06|ndc_category=CV_ANTICOAG_ORAL,rx_volume,58,,set to NULL; outside every treatment target-category window
DQ-000465,rx_claims_monthly.csv,missing_rx_volume,hcp_id=1341556789|month=2024-02|ndc_category=METABOLIC_GLP1_INJ,rx_volume,333,,set to NULL; outside every treatment target-category window
DQ-000466,rx_claims_monthly.csv,missing_rx_volume,hcp_id=1785764022|month=2024-10|ndc_category=ONC_TARGETED_ORAL,rx_volume,145,,set to NULL; outside every treatment target-category window
DQ-000467,rx_claims_monthly.csv,missing_rx_volume,hcp_id=1071299832|month=2023-06|ndc_category=NEURO_MIGRAINE_CGRP,rx_volume,142,,set to NULL; outside every treatment target-category window
DQ-000468,rx_claims_monthly.csv,missing_rx_volume,hcp_id=1737156715|month=2025-09|ndc_category=METABOLIC_GLP1_INJ,rx_volume,318,,set to NULL; outside every treatment target-category window
DQ-000469,rx_claims_monthly.csv,missing_rx_volume,hcp_id=1080672524|month=2025-01|ndc_category=CV_ANTICOAG_ORAL,rx_volume,414,,set to NULL; outside every treatment target-category window
DQ-000470,rx_claims_monthly.csv,missing_rx_volume,hcp_id=1606566010|month=2024-08|ndc_category=ENDO_BASAL_INSULIN,rx_volume,64,,set to NULL; outside every treatment target-category window
DQ-000471,rx_claims_monthly.csv,missing_rx_volume,hcp_id=1131525051|month=2023-11|ndc_category=CV_ANTICOAG_ORAL,rx_volume,73,,set to NULL; outside every treatment target-category window
DQ-000472,rx_claims_monthly.csv,missing_rx_volume,hcp_id=1389574017|month=2025-05|ndc_category=CV_ANTICOAG_ORAL,rx_volume,298,,set to NULL; outside every treatment target-category window
DQ-000473,rx_claims_monthly.csv,missing_rx_volume,hcp_id=1812123887|month=2023-06|ndc_category=METABOLIC_GLP1_INJ,rx_volume,88,,set to NULL; outside every treatment target-category window
DQ-000474,rx_claims_monthly.csv,missing_rx_volume,hcp_id=1100495849|month=2024-03|ndc_category=ENDO_BASAL_INSULIN,rx_volume,477,,set to NULL; outside every treatment target-category window
DQ-000475,rx_claims_monthly.csv,missing_rx_volume,hcp_id=1078096579|month=2023-03|ndc_category=CARD_HF_ARNI,rx_volume,376,,set to NULL; outside every treatment target-category window
DQ-000476,rx_claims_monthly.csv,missing_rx_volume,hcp_id=1877046932|month=2025-10|ndc_category=CV_ANTICOAG_ORAL,rx_volume,209,,set to NULL; outside every treatment target-category window
DQ-000477,rx_claims_monthly.csv,missing_rx_volume,hcp_id=1998699429|month=2024-10|ndc_category=METABOLIC_GLP1_INJ,rx_volume,243,,set to NULL; outside every treatment target-category window
DQ-000478,rx_claims_monthly.csv,missing_rx_volume,hcp_id=1811081532|month=2022-12|ndc_category=METABOLIC_GLP1_INJ,rx_volume,105,,set to NULL; outside every treatment target-category window
DQ-000479,rx_claims_monthly.csv,missing_rx_volume,hcp_id=1893606271|month=2025-08|ndc_category=CV_ANTICOAG_ORAL,rx_volume,111,,set to NULL; outside every treatment target-category window
DQ-000480,rx_claims_monthly.csv,missing_rx_volume,hcp_id=1701585576|month=2023-06|ndc_category=CV_ANTICOAG_ORAL,rx_volume,143,,set to NULL; outside every treatment target-category window
DQ-000481,rx_claims_monthly.csv,missing_rx_volume,hcp_id=1727463709|month=2025-04|ndc_category=CV_ANTICOAG_ORAL,rx_volume,226,,set to NULL; outside every treatment target-category window
DQ-000482,rx_claims_monthly.csv,missing_rx_volume,hcp_id=1403453024|month=2025-04|ndc_category=CV_ANTICOAG_ORAL,rx_volume,289,,set to NULL; outside every treatment target-category window
DQ-000483,rx_claims_monthly.csv,missing_rx_volume,hcp_id=1734447604|month=2024-07|ndc_category=METABOLIC_GLP1_INJ,rx_volume,215,,set to NULL; outside every treatment target-category window
DQ-000484,rx_claims_monthly.csv,missing_rx_volume,hcp_id=1198262952|month=2023-09|ndc_category=METABOLIC_GLP1_INJ,rx_volume,89,,set to NULL; outside every treatment target-category window
DQ-000485,rx_claims_monthly.csv,missing_rx_volume,hcp_id=1031907094|month=2025-10|ndc_category=METABOLIC_GLP1_INJ,rx_volume,139,,set to NULL; outside every treatment target-category window
DQ-000486,rx_claims_monthly.csv,missing_rx_volume,hcp_id=1547244776|month=2025-03|ndc_category=CV_ANTICOAG_ORAL,rx_volume,315,,set to NULL; outside every treatment target-category window
DQ-000487,rx_claims_monthly.csv,missing_rx_volume,hcp_id=1788800922|month=2025-06|ndc_category=CV_ANTICOAG_ORAL,rx_volume,1597,,set to NULL; outside every treatment target-category window
DQ-000488,rx_claims_monthly.csv,missing_rx_volume,hcp_id=1897395806|month=2023-02|ndc_category=METABOLIC_GLP1_INJ,rx_volume,61,,set to NULL; outside every treatment target-category window
DQ-000489,rx_claims_monthly.csv,missing_rx_volume,hcp_id=1211781301|month=2023-04|ndc_category=CV_ANTICOAG_ORAL,rx_volume,210,,set to NULL; outside every treatment target-category window
DQ-000490,rx_claims_monthly.csv,missing_rx_volume,hcp_id=1910188758|month=2024-04|ndc_category=METABOLIC_GLP1_INJ,rx_volume,103,,set to NULL; outside every treatment target-category window
DQ-000491,rx_claims_monthly.csv,missing_rx_volume,hcp_id=1623506957|month=2024-03|ndc_category=CARD_HF_ARNI,rx_volume,107,,set to NULL; outside every treatment target-category window
DQ-000492,rx_claims_monthly.csv,missing_rx_volume,hcp_id=1718275724|month=2023-12|ndc_category=CV_ANTICOAG_ORAL,rx_volume,21,,set to NULL; outside every treatment target-category window
DQ-000493,rx_claims_monthly.csv,missing_rx_volume,hcp_id=1847562299|month=2025-10|ndc_category=CV_ANTICOAG_ORAL,rx_volume,44,,set to NULL; outside every treatment target-category window
DQ-000494,rx_claims_monthly.csv,missing_rx_volume,hcp_id=1657025858|month=2024-03|ndc_category=CV_ANTICOAG_ORAL,rx_volume,69,,set to NULL; outside every treatment target-category window
DQ-000495,rx_claims_monthly.csv,missing_rx_volume,hcp_id=1707268052|month=2025-05|ndc_category=PULM_ICS_LABA_INH,rx_volume,834,,set to NULL; outside every treatment target-category window
DQ-000496,rx_claims_monthly.csv,missing_rx_volume,hcp_id=1903521262|month=2025-02|ndc_category=CV_ANTICOAG_ORAL,rx_volume,28,,set to NULL; outside every treatment target-category window
DQ-000497,rx_claims_monthly.csv,missing_rx_volume,hcp_id=1880040971|month=2025-03|ndc_category=CV_ANTICOAG_ORAL,rx_volume,22,,set to NULL; outside every treatment target-category window
DQ-000498,rx_claims_monthly.csv,missing_rx_volume,hcp_id=1656483868|month=2023-03|ndc_category=METABOLIC_GLP1_INJ,rx_volume,59,,set to NULL; outside every treatment target-category window
DQ-000499,rx_claims_monthly.csv,missing_rx_volume,hcp_id=1306006622|month=2024-06|ndc_category=METABOLIC_GLP1_INJ,rx_volume,90,,set to NULL; outside every treatment target-category window
DQ-000500,rx_claims_monthly.csv,missing_rx_volume,hcp_id=1010957193|month=2025-05|ndc_category=NEURO_MIGRAINE_CGRP,rx_volume,851,,set to NULL; outside every treatment target-category window
DQ-000501,rx_claims_monthly.csv,missing_rx_volume,hcp_id=1044303869|month=2025-04|ndc_category=CV_ANTICOAG_ORAL,rx_volume,109,,set to NULL; outside every treatment target-category window
DQ-000502,rx_claims_monthly.csv,missing_rx_volume,hcp_id=1570328496|month=2024-02|ndc_category=RHEUM_JAK_ORAL,rx_volume,423,,set to NULL; outside every treatment target-category window
DQ-000503,rx_claims_monthly.csv,missing_rx_volume,hcp_id=1635476009|month=2025-04|ndc_category=METABOLIC_GLP1_INJ,rx_volume,536,,set to NULL; outside every treatment target-category window
DQ-000504,rx_claims_monthly.csv,missing_rx_volume,hcp_id=1075683551|month=2024-08|ndc_category=CV_ANTICOAG_ORAL,rx_volume,164,,set to NULL; outside every treatment target-category window
DQ-000505,rx_claims_monthly.csv,missing_rx_volume,hcp_id=1337789832|month=2025-10|ndc_category=METABOLIC_GLP1_INJ,rx_volume,178,,set to NULL; outside every treatment target-category window
DQ-000506,rx_claims_monthly.csv,missing_rx_volume,hcp_id=1725724532|month=2025-02|ndc_category=CV_ANTICOAG_ORAL,rx_volume,848,,set to NULL; outside every treatment target-category window
DQ-000507,rx_claims_monthly.csv,missing_rx_volume,hcp_id=1142840812|month=2023-10|ndc_category=RHEUM_JAK_ORAL,rx_volume,225,,set to NULL; outside every treatment target-category window
DQ-000508,rx_claims_monthly.csv,missing_rx_volume,hcp_id=1690348028|month=2025-01|ndc_category=CV_ANTICOAG_ORAL,rx_volume,562,,set to NULL; outside every treatment target-category window
DQ-000509,rx_claims_monthly.csv,missing_rx_volume,hcp_id=1903121188|month=2024-01|ndc_category=CV_ANTICOAG_ORAL,rx_volume,99,,set to NULL; outside every treatment target-category window
DQ-000510,rx_claims_monthly.csv,missing_rx_volume,hcp_id=1704308638|month=2024-12|ndc_category=METABOLIC_GLP1_INJ,rx_volume,144,,set to NULL; outside every treatment target-category window
DQ-000511,rx_claims_monthly.csv,missing_rx_volume,hcp_id=1788800922|month=2024-09|ndc_category=PC_ANTIHYPERTENSIVE,rx_volume,459,,set to NULL; outside every treatment target-category window
DQ-000512,rx_claims_monthly.csv,missing_rx_volume,hcp_id=1893606271|month=2023-01|ndc_category=CV_ANTICOAG_ORAL,rx_volume,70,,set to NULL; outside every treatment target-category window
DQ-000513,rx_claims_monthly.csv,missing_rx_volume,hcp_id=1300832031|month=2024-05|ndc_category=CARD_HF_ARNI,rx_volume,168,,set to NULL; outside every treatment target-category window
DQ-000514,rx_claims_monthly.csv,missing_rx_volume,hcp_id=1335670091|month=2025-03|ndc_category=METABOLIC_GLP1_INJ,rx_volume,86,,set to NULL; outside every treatment target-category window
DQ-000515,rx_claims_monthly.csv,missing_rx_volume,hcp_id=1831183839|month=2025-05|ndc_category=METABOLIC_GLP1_INJ,rx_volume,126,,set to NULL; outside every treatment target-category window
DQ-000516,rx_claims_monthly.csv,missing_rx_volume,hcp_id=1238983617|month=2023-04|ndc_category=CV_ANTICOAG_ORAL,rx_volume,92,,set to NULL; outside every treatment target-category window
DQ-000517,rx_claims_monthly.csv,missing_rx_volume,hcp_id=1630483653|month=2023-01|ndc_category=CV_ANTICOAG_ORAL,rx_volume,520,,set to NULL; outside every treatment target-category window
DQ-000518,rx_claims_monthly.csv,missing_rx_volume,hcp_id=1401670058|month=2025-09|ndc_category=CV_ANTICOAG_ORAL,rx_volume,52,,set to NULL; outside every treatment target-category window
DQ-000519,rx_claims_monthly.csv,missing_rx_volume,hcp_id=1605645914|month=2023-01|ndc_category=CV_ANTICOAG_ORAL,rx_volume,43,,set to NULL; outside every treatment target-category window
DQ-000520,rx_claims_monthly.csv,missing_rx_volume,hcp_id=1822345694|month=2024-12|ndc_category=CARD_HF_ARNI,rx_volume,1076,,set to NULL; outside every treatment target-category window
DQ-000521,rx_claims_monthly.csv,missing_rx_volume,hcp_id=1722038985|month=2023-02|ndc_category=METABOLIC_GLP1_INJ,rx_volume,199,,set to NULL; outside every treatment target-category window
DQ-000522,rx_claims_monthly.csv,missing_rx_volume,hcp_id=1080136264|month=2025-06|ndc_category=CV_ANTICOAG_ORAL,rx_volume,1089,,set to NULL; outside every treatment target-category window
DQ-000523,rx_claims_monthly.csv,missing_rx_volume,hcp_id=1757379494|month=2024-04|ndc_category=METABOLIC_GLP1_INJ,rx_volume,139,,set to NULL; outside every treatment target-category window
DQ-000524,rx_claims_monthly.csv,missing_rx_volume,hcp_id=1297280590|month=2024-05|ndc_category=METABOLIC_GLP1_INJ,rx_volume,152,,set to NULL; outside every treatment target-category window
DQ-000525,rx_claims_monthly.csv,missing_rx_volume,hcp_id=1001999733|month=2024-11|ndc_category=CV_ANTICOAG_ORAL,rx_volume,29,,set to NULL; outside every treatment target-category window
DQ-000526,rx_claims_monthly.csv,missing_rx_volume,hcp_id=1038582841|month=2025-03|ndc_category=METABOLIC_GLP1_INJ,rx_volume,232,,set to NULL; outside every treatment target-category window
DQ-000527,rx_claims_monthly.csv,missing_rx_volume,hcp_id=1934613260|month=2023-02|ndc_category=ONC_TARGETED_ORAL,rx_volume,155,,set to NULL; outside every treatment target-category window
DQ-000528,rx_claims_monthly.csv,missing_rx_volume,hcp_id=1847562299|month=2023-02|ndc_category=CV_ANTICOAG_ORAL,rx_volume,62,,set to NULL; outside every treatment target-category window
DQ-000529,rx_claims_monthly.csv,missing_rx_volume,hcp_id=1194203331|month=2024-11|ndc_category=CV_ANTICOAG_ORAL,rx_volume,282,,set to NULL; outside every treatment target-category window
DQ-000530,rx_claims_monthly.csv,missing_rx_volume,hcp_id=1133042691|month=2025-02|ndc_category=METABOLIC_GLP1_INJ,rx_volume,61,,set to NULL; outside every treatment target-category window
DQ-000531,rx_claims_monthly.csv,missing_rx_volume,hcp_id=1219591108|month=2023-09|ndc_category=METABOLIC_GLP1_INJ,rx_volume,43,,set to NULL; outside every treatment target-category window
DQ-000532,rx_claims_monthly.csv,missing_rx_volume,hcp_id=1991291398|month=2023-12|ndc_category=METABOLIC_GLP1_INJ,rx_volume,185,,set to NULL; outside every treatment target-category window
DQ-000533,rx_claims_monthly.csv,missing_rx_volume,hcp_id=1489598965|month=2023-09|ndc_category=CV_ANTICOAG_ORAL,rx_volume,279,,set to NULL; outside every treatment target-category window
DQ-000534,rx_claims_monthly.csv,missing_rx_volume,hcp_id=1501015600|month=2025-07|ndc_category=CV_ANTICOAG_ORAL,rx_volume,55,,set to NULL; outside every treatment target-category window
DQ-000535,rx_claims_monthly.csv,missing_rx_volume,hcp_id=1251411553|month=2024-02|ndc_category=CV_ANTICOAG_ORAL,rx_volume,75,,set to NULL; outside every treatment target-category window
DQ-000536,rx_claims_monthly.csv,missing_rx_volume,hcp_id=1892264320|month=2023-10|ndc_category=CV_ANTICOAG_ORAL,rx_volume,52,,set to NULL; outside every treatment target-category window
DQ-000537,rx_claims_monthly.csv,missing_rx_volume,hcp_id=1257768279|month=2024-05|ndc_category=METABOLIC_GLP1_INJ,rx_volume,266,,set to NULL; outside every treatment target-category window
DQ-000538,rx_claims_monthly.csv,missing_rx_volume,hcp_id=1028050239|month=2024-05|ndc_category=CV_ANTICOAG_ORAL,rx_volume,82,,set to NULL; outside every treatment target-category window
DQ-000539,rx_claims_monthly.csv,missing_rx_volume,hcp_id=1360698140|month=2025-07|ndc_category=CV_ANTICOAG_ORAL,rx_volume,93,,set to NULL; outside every treatment target-category window
DQ-000540,rx_claims_monthly.csv,missing_rx_volume,hcp_id=1734447604|month=2025-06|ndc_category=CV_ANTICOAG_ORAL,rx_volume,275,,set to NULL; outside every treatment target-category window
DQ-000541,rx_claims_monthly.csv,missing_rx_volume,hcp_id=1808677938|month=2024-10|ndc_category=METABOLIC_GLP1_INJ,rx_volume,80,,set to NULL; outside every treatment target-category window
DQ-000542,rx_claims_monthly.csv,missing_rx_volume,hcp_id=1342938887|month=2025-04|ndc_category=CV_ANTICOAG_ORAL,rx_volume,36,,set to NULL; outside every treatment target-category window
DQ-000543,rx_claims_monthly.csv,missing_rx_volume,hcp_id=1388802401|month=2024-04|ndc_category=METABOLIC_GLP1_INJ,rx_volume,339,,set to NULL; outside every treatment target-category window
DQ-000544,rx_claims_monthly.csv,missing_rx_volume,hcp_id=1875708707|month=2025-03|ndc_category=ENDO_BASAL_INSULIN,rx_volume,124,,set to NULL; outside every treatment target-category window
DQ-000545,rx_claims_monthly.csv,missing_rx_volume,hcp_id=1874547676|month=2024-02|ndc_category=METABOLIC_GLP1_INJ,rx_volume,37,,set to NULL; outside every treatment target-category window
DQ-000546,rx_claims_monthly.csv,missing_rx_volume,hcp_id=1907128700|month=2023-09|ndc_category=RHEUM_JAK_ORAL,rx_volume,155,,set to NULL; outside every treatment target-category window
DQ-000547,rx_claims_monthly.csv,missing_rx_volume,hcp_id=1474100561|month=2023-02|ndc_category=METABOLIC_GLP1_INJ,rx_volume,84,,set to NULL; outside every treatment target-category window
DQ-000548,rx_claims_monthly.csv,missing_rx_volume,hcp_id=1683943777|month=2023-09|ndc_category=CV_ANTICOAG_ORAL,rx_volume,169,,set to NULL; outside every treatment target-category window
DQ-000549,rx_claims_monthly.csv,missing_rx_volume,hcp_id=1142840812|month=2023-02|ndc_category=RHEUM_JAK_ORAL,rx_volume,270,,set to NULL; outside every treatment target-category window
DQ-000550,rx_claims_monthly.csv,missing_rx_volume,hcp_id=1815807585|month=2025-09|ndc_category=METABOLIC_GLP1_INJ,rx_volume,954,,set to NULL; outside every treatment target-category window
DQ-000551,rx_claims_monthly.csv,missing_rx_volume,hcp_id=1964558476|month=2024-01|ndc_category=METABOLIC_GLP1_INJ,rx_volume,285,,set to NULL; outside every treatment target-category window
DQ-000552,rx_claims_monthly.csv,missing_rx_volume,hcp_id=1440623548|month=2024-12|ndc_category=CV_ANTICOAG_ORAL,rx_volume,163,,set to NULL; outside every treatment target-category window
DQ-000553,rx_claims_monthly.csv,missing_rx_volume,hcp_id=1456207657|month=2023-10|ndc_category=PC_ANTIHYPERTENSIVE,rx_volume,445,,set to NULL; outside every treatment target-category window
DQ-000554,rx_claims_monthly.csv,missing_rx_volume,hcp_id=1236438192|month=2024-04|ndc_category=CV_ANTICOAG_ORAL,rx_volume,345,,set to NULL; outside every treatment target-category window
DQ-000555,rx_claims_monthly.csv,missing_rx_volume,hcp_id=1123562633|month=2023-03|ndc_category=ONC_TARGETED_ORAL,rx_volume,108,,set to NULL; outside every treatment target-category window
DQ-000556,rx_claims_monthly.csv,missing_rx_volume,hcp_id=1879821175|month=2023-10|ndc_category=NEURO_MIGRAINE_CGRP,rx_volume,219,,set to NULL; outside every treatment target-category window
DQ-000557,rx_claims_monthly.csv,missing_rx_volume,hcp_id=1803502636|month=2024-08|ndc_category=METABOLIC_GLP1_INJ,rx_volume,275,,set to NULL; outside every treatment target-category window
DQ-000558,rx_claims_monthly.csv,missing_rx_volume,hcp_id=1985816515|month=2024-03|ndc_category=CV_ANTICOAG_ORAL,rx_volume,49,,set to NULL; outside every treatment target-category window
DQ-000559,rx_claims_monthly.csv,missing_rx_volume,hcp_id=1980850634|month=2025-02|ndc_category=METABOLIC_GLP1_INJ,rx_volume,21,,set to NULL; outside every treatment target-category window
DQ-000560,rx_claims_monthly.csv,missing_rx_volume,hcp_id=1138281740|month=2023-06|ndc_category=CV_ANTICOAG_ORAL,rx_volume,269,,set to NULL; outside every treatment target-category window
DQ-000561,rx_claims_monthly.csv,missing_rx_volume,hcp_id=1202777359|month=2023-08|ndc_category=CV_ANTICOAG_ORAL,rx_volume,131,,set to NULL; outside every treatment target-category window
DQ-000562,rx_claims_monthly.csv,missing_rx_volume,hcp_id=1590602128|month=2023-07|ndc_category=METABOLIC_GLP1_INJ,rx_volume,164,,set to NULL; outside every treatment target-category window
DQ-000563,rx_claims_monthly.csv,missing_rx_volume,hcp_id=1745601371|month=2025-06|ndc_category=METABOLIC_GLP1_INJ,rx_volume,102,,set to NULL; outside every treatment target-category window
DQ-000564,rx_claims_monthly.csv,missing_rx_volume,hcp_id=1355374483|month=2023-01|ndc_category=PC_ANTIHYPERTENSIVE,rx_volume,285,,set to NULL; outside every treatment target-category window
DQ-000565,rx_claims_monthly.csv,missing_rx_volume,hcp_id=1291534000|month=2024-11|ndc_category=METABOLIC_GLP1_INJ,rx_volume,339,,set to NULL; outside every treatment target-category window
DQ-000566,rx_claims_monthly.csv,missing_rx_volume,hcp_id=1788421810|month=2025-04|ndc_category=CV_ANTICOAG_ORAL,rx_volume,116,,set to NULL; outside every treatment target-category window
DQ-000567,rx_claims_monthly.csv,missing_rx_volume,hcp_id=1136500869|month=2025-07|ndc_category=METABOLIC_GLP1_INJ,rx_volume,140,,set to NULL; outside every treatment target-category window
DQ-000568,rx_claims_monthly.csv,missing_rx_volume,hcp_id=1468766963|month=2025-09|ndc_category=METABOLIC_GLP1_INJ,rx_volume,67,,set to NULL; outside every treatment target-category window
DQ-000569,rx_claims_monthly.csv,missing_rx_volume,hcp_id=1823309871|month=2023-01|ndc_category=CARD_HF_ARNI,rx_volume,221,,set to NULL; outside every treatment target-category window
DQ-000570,rx_claims_monthly.csv,missing_rx_volume,hcp_id=1886821390|month=2024-01|ndc_category=METABOLIC_GLP1_INJ,rx_volume,35,,set to NULL; outside every treatment target-category window
DQ-000571,rx_claims_monthly.csv,missing_rx_volume,hcp_id=1134509243|month=2024-07|ndc_category=METABOLIC_GLP1_INJ,rx_volume,339,,set to NULL; outside every treatment target-category window
DQ-000572,rx_claims_monthly.csv,missing_rx_volume,hcp_id=1389574017|month=2022-12|ndc_category=PULM_ICS_LABA_INH,rx_volume,183,,set to NULL; outside every treatment target-category window
DQ-000573,rx_claims_monthly.csv,missing_rx_volume,hcp_id=1935314678|month=2023-04|ndc_category=ENDO_BASAL_INSULIN,rx_volume,263,,set to NULL; outside every treatment target-category window
DQ-000574,rx_claims_monthly.csv,missing_rx_volume,hcp_id=1016162897|month=2025-06|ndc_category=METABOLIC_GLP1_INJ,rx_volume,29,,set to NULL; outside every treatment target-category window
DQ-000575,rx_claims_monthly.csv,missing_rx_volume,hcp_id=1381937048|month=2023-09|ndc_category=CV_ANTICOAG_ORAL,rx_volume,74,,set to NULL; outside every treatment target-category window
DQ-000576,rx_claims_monthly.csv,missing_rx_volume,hcp_id=1573445784|month=2024-11|ndc_category=CV_ANTICOAG_ORAL,rx_volume,112,,set to NULL; outside every treatment target-category window
DQ-000577,rx_claims_monthly.csv,missing_rx_volume,hcp_id=1176034100|month=2023-08|ndc_category=CV_ANTICOAG_ORAL,rx_volume,144,,set to NULL; outside every treatment target-category window
DQ-000578,rx_claims_monthly.csv,missing_rx_volume,hcp_id=1453128708|month=2023-04|ndc_category=METABOLIC_GLP1_INJ,rx_volume,62,,set to NULL; outside every treatment target-category window
DQ-000579,rx_claims_monthly.csv,missing_rx_volume,hcp_id=1397150222|month=2025-08|ndc_category=METABOLIC_GLP1_INJ,rx_volume,295,,set to NULL; outside every treatment target-category window
DQ-000580,rx_claims_monthly.csv,missing_rx_volume,hcp_id=1280087226|month=2023-05|ndc_category=PC_ANTIHYPERTENSIVE,rx_volume,741,,set to NULL; outside every treatment target-category window
DQ-000581,rx_claims_monthly.csv,missing_rx_volume,hcp_id=1334266743|month=2025-01|ndc_category=METABOLIC_GLP1_INJ,rx_volume,69,,set to NULL; outside every treatment target-category window
DQ-000582,rx_claims_monthly.csv,missing_rx_volume,hcp_id=1848624494|month=2024-01|ndc_category=CV_ANTICOAG_ORAL,rx_volume,252,,set to NULL; outside every treatment target-category window
DQ-000583,rx_claims_monthly.csv,missing_rx_volume,hcp_id=1856406925|month=2023-05|ndc_category=CARD_HF_ARNI,rx_volume,229,,set to NULL; outside every treatment target-category window
DQ-000584,rx_claims_monthly.csv,missing_rx_volume,hcp_id=1885387740|month=2025-07|ndc_category=CV_ANTICOAG_ORAL,rx_volume,504,,set to NULL; outside every treatment target-category window
DQ-000585,rx_claims_monthly.csv,missing_rx_volume,hcp_id=1009335344|month=2025-09|ndc_category=ONC_TARGETED_ORAL,rx_volume,384,,set to NULL; outside every treatment target-category window
DQ-000586,rx_claims_monthly.csv,missing_rx_volume,hcp_id=1386832996|month=2023-05|ndc_category=CV_ANTICOAG_ORAL,rx_volume,172,,set to NULL; outside every treatment target-category window
DQ-000587,rx_claims_monthly.csv,missing_rx_volume,hcp_id=1580871600|month=2024-06|ndc_category=CV_ANTICOAG_ORAL,rx_volume,70,,set to NULL; outside every treatment target-category window
DQ-000588,rx_claims_monthly.csv,missing_rx_volume,hcp_id=1869092142|month=2024-08|ndc_category=METABOLIC_GLP1_INJ,rx_volume,701,,set to NULL; outside every treatment target-category window
DQ-000589,rx_claims_monthly.csv,missing_rx_volume,hcp_id=1775891033|month=2024-11|ndc_category=ONC_TARGETED_ORAL,rx_volume,217,,set to NULL; outside every treatment target-category window
DQ-000590,rx_claims_monthly.csv,missing_rx_volume,hcp_id=1159301823|month=2022-12|ndc_category=METABOLIC_GLP1_INJ,rx_volume,36,,set to NULL; outside every treatment target-category window
DQ-000591,rx_claims_monthly.csv,missing_rx_volume,hcp_id=1455779946|month=2024-12|ndc_category=METABOLIC_GLP1_INJ,rx_volume,197,,set to NULL; outside every treatment target-category window
DQ-000592,rx_claims_monthly.csv,missing_rx_volume,hcp_id=1715246280|month=2025-06|ndc_category=CV_ANTICOAG_ORAL,rx_volume,20,,set to NULL; outside every treatment target-category window
DQ-000593,rx_claims_monthly.csv,missing_rx_volume,hcp_id=1657725655|month=2025-01|ndc_category=METABOLIC_GLP1_INJ,rx_volume,171,,set to NULL; outside every treatment target-category window
DQ-000594,rx_claims_monthly.csv,missing_rx_volume,hcp_id=1502571429|month=2023-12|ndc_category=METABOLIC_GLP1_INJ,rx_volume,127,,set to NULL; outside every treatment target-category window
DQ-000595,rx_claims_monthly.csv,missing_rx_volume,hcp_id=1443260538|month=2023-09|ndc_category=ONC_TARGETED_ORAL,rx_volume,108,,set to NULL; outside every treatment target-category window
DQ-000596,rx_claims_monthly.csv,missing_rx_volume,hcp_id=1706645516|month=2023-08|ndc_category=METABOLIC_GLP1_INJ,rx_volume,117,,set to NULL; outside every treatment target-category window
DQ-000597,rx_claims_monthly.csv,missing_rx_volume,hcp_id=1278315217|month=2025-10|ndc_category=ONC_TARGETED_ORAL,rx_volume,202,,set to NULL; outside every treatment target-category window
DQ-000598,rx_claims_monthly.csv,missing_rx_volume,hcp_id=1475353029|month=2023-06|ndc_category=PULM_ICS_LABA_INH,rx_volume,189,,set to NULL; outside every treatment target-category window
DQ-000599,rx_claims_monthly.csv,missing_rx_volume,hcp_id=1535323178|month=2025-04|ndc_category=METABOLIC_GLP1_INJ,rx_volume,173,,set to NULL; outside every treatment target-category window
DQ-000600,rx_claims_monthly.csv,missing_rx_volume,hcp_id=1477499267|month=2024-09|ndc_category=CV_ANTICOAG_ORAL,rx_volume,69,,set to NULL; outside every treatment target-category window
DQ-000601,rx_claims_monthly.csv,missing_rx_volume,hcp_id=1761262934|month=2023-11|ndc_category=METABOLIC_GLP1_INJ,rx_volume,124,,set to NULL; outside every treatment target-category window
DQ-000602,rx_claims_monthly.csv,missing_rx_volume,hcp_id=1209464480|month=2024-06|ndc_category=CV_ANTICOAG_ORAL,rx_volume,174,,set to NULL; outside every treatment target-category window
DQ-000603,rx_claims_monthly.csv,missing_rx_volume,hcp_id=1018018261|month=2022-12|ndc_category=PC_ANTIHYPERTENSIVE,rx_volume,288,,set to NULL; outside every treatment target-category window
DQ-000604,rx_claims_monthly.csv,missing_rx_volume,hcp_id=1199976907|month=2025-02|ndc_category=RHEUM_JAK_ORAL,rx_volume,388,,set to NULL; outside every treatment target-category window
DQ-000605,rx_claims_monthly.csv,missing_rx_volume,hcp_id=1738266356|month=2025-06|ndc_category=CV_ANTICOAG_ORAL,rx_volume,83,,set to NULL; outside every treatment target-category window
DQ-000606,rx_claims_monthly.csv,missing_rx_volume,hcp_id=1723841155|month=2025-05|ndc_category=METABOLIC_GLP1_INJ,rx_volume,118,,set to NULL; outside every treatment target-category window
DQ-000607,rx_claims_monthly.csv,missing_rx_volume,hcp_id=1965727443|month=2023-08|ndc_category=PC_ANTIHYPERTENSIVE,rx_volume,229,,set to NULL; outside every treatment target-category window
DQ-000608,rx_claims_monthly.csv,missing_rx_volume,hcp_id=1884150503|month=2024-07|ndc_category=CARD_HF_ARNI,rx_volume,394,,set to NULL; outside every treatment target-category window
DQ-000609,rx_claims_monthly.csv,missing_rx_volume,hcp_id=1200096471|month=2024-09|ndc_category=CV_ANTICOAG_ORAL,rx_volume,160,,set to NULL; outside every treatment target-category window
DQ-000610,rx_claims_monthly.csv,missing_rx_volume,hcp_id=1058613039|month=2025-03|ndc_category=PULM_ICS_LABA_INH,rx_volume,83,,set to NULL; outside every treatment target-category window
DQ-000611,rx_claims_monthly.csv,missing_rx_volume,hcp_id=1630483653|month=2023-04|ndc_category=METABOLIC_GLP1_INJ,rx_volume,93,,set to NULL; outside every treatment target-category window
DQ-000612,rx_claims_monthly.csv,missing_rx_volume,hcp_id=1722502113|month=2025-10|ndc_category=CV_ANTICOAG_ORAL,rx_volume,50,,set to NULL; outside every treatment target-category window
DQ-000613,rx_claims_monthly.csv,missing_rx_volume,hcp_id=1036176265|month=2024-02|ndc_category=CV_ANTICOAG_ORAL,rx_volume,139,,set to NULL; outside every treatment target-category window
DQ-000614,rx_claims_monthly.csv,missing_rx_volume,hcp_id=1413202163|month=2023-09|ndc_category=ENDO_BASAL_INSULIN,rx_volume,198,,set to NULL; outside every treatment target-category window
DQ-000615,rx_claims_monthly.csv,missing_rx_volume,hcp_id=1897395806|month=2024-06|ndc_category=METABOLIC_GLP1_INJ,rx_volume,86,,set to NULL; outside every treatment target-category window
DQ-000616,rx_claims_monthly.csv,missing_rx_volume,hcp_id=1426157339|month=2025-08|ndc_category=CARD_HF_ARNI,rx_volume,68,,set to NULL; outside every treatment target-category window
DQ-000617,rx_claims_monthly.csv,missing_rx_volume,hcp_id=1245726108|month=2025-06|ndc_category=CV_ANTICOAG_ORAL,rx_volume,246,,set to NULL; outside every treatment target-category window
DQ-000618,rx_claims_monthly.csv,missing_rx_volume,hcp_id=1706991829|month=2023-09|ndc_category=METABOLIC_GLP1_INJ,rx_volume,73,,set to NULL; outside every treatment target-category window
DQ-000619,rx_claims_monthly.csv,missing_rx_volume,hcp_id=1981504099|month=2024-07|ndc_category=CV_ANTICOAG_ORAL,rx_volume,37,,set to NULL; outside every treatment target-category window
DQ-000620,rx_claims_monthly.csv,missing_rx_volume,hcp_id=1901417067|month=2025-05|ndc_category=METABOLIC_GLP1_INJ,rx_volume,116,,set to NULL; outside every treatment target-category window
DQ-000621,rx_claims_monthly.csv,missing_rx_volume,hcp_id=1455779946|month=2025-05|ndc_category=METABOLIC_GLP1_INJ,rx_volume,259,,set to NULL; outside every treatment target-category window
DQ-000622,rx_claims_monthly.csv,missing_rx_volume,hcp_id=1124905880|month=2023-03|ndc_category=CV_ANTICOAG_ORAL,rx_volume,404,,set to NULL; outside every treatment target-category window
DQ-000623,rx_claims_monthly.csv,missing_rx_volume,hcp_id=1400951004|month=2023-05|ndc_category=ENDO_BASAL_INSULIN,rx_volume,241,,set to NULL; outside every treatment target-category window
DQ-000624,rx_claims_monthly.csv,missing_rx_volume,hcp_id=1913683516|month=2025-04|ndc_category=METABOLIC_GLP1_INJ,rx_volume,90,,set to NULL; outside every treatment target-category window
DQ-000625,rx_claims_monthly.csv,missing_rx_volume,hcp_id=1042285084|month=2023-01|ndc_category=CV_ANTICOAG_ORAL,rx_volume,307,,set to NULL; outside every treatment target-category window
DQ-000626,rx_claims_monthly.csv,missing_rx_volume,hcp_id=1423753536|month=2024-02|ndc_category=CV_ANTICOAG_ORAL,rx_volume,250,,set to NULL; outside every treatment target-category window
DQ-000627,rx_claims_monthly.csv,missing_rx_volume,hcp_id=1123148250|month=2024-01|ndc_category=CV_ANTICOAG_ORAL,rx_volume,327,,set to NULL; outside every treatment target-category window
DQ-000628,rx_claims_monthly.csv,missing_rx_volume,hcp_id=1144669185|month=2022-12|ndc_category=METABOLIC_GLP1_INJ,rx_volume,173,,set to NULL; outside every treatment target-category window
DQ-000629,rx_claims_monthly.csv,missing_rx_volume,hcp_id=1862986803|month=2023-04|ndc_category=PC_ANTIHYPERTENSIVE,rx_volume,263,,set to NULL; outside every treatment target-category window
DQ-000630,rx_claims_monthly.csv,missing_rx_volume,hcp_id=1443260538|month=2024-10|ndc_category=ONC_TARGETED_ORAL,rx_volume,80,,set to NULL; outside every treatment target-category window
DQ-000631,rx_claims_monthly.csv,missing_rx_volume,hcp_id=1334515891|month=2023-12|ndc_category=CARD_HF_ARNI,rx_volume,197,,set to NULL; outside every treatment target-category window
DQ-000632,rx_claims_monthly.csv,missing_rx_volume,hcp_id=1892264320|month=2023-10|ndc_category=RHEUM_JAK_ORAL,rx_volume,77,,set to NULL; outside every treatment target-category window
DQ-000633,rx_claims_monthly.csv,missing_rx_volume,hcp_id=1134509243|month=2023-03|ndc_category=METABOLIC_GLP1_INJ,rx_volume,247,,set to NULL; outside every treatment target-category window
DQ-000634,rx_claims_monthly.csv,missing_rx_volume,hcp_id=1641859123|month=2025-09|ndc_category=CV_ANTICOAG_ORAL,rx_volume,254,,set to NULL; outside every treatment target-category window
DQ-000635,rx_claims_monthly.csv,missing_rx_volume,hcp_id=1101185407|month=2024-09|ndc_category=CV_ANTICOAG_ORAL,rx_volume,147,,set to NULL; outside every treatment target-category window
DQ-000636,rx_claims_monthly.csv,missing_rx_volume,hcp_id=1435949049|month=2023-03|ndc_category=RHEUM_JAK_ORAL,rx_volume,356,,set to NULL; outside every treatment target-category window
DQ-000637,rx_claims_monthly.csv,missing_rx_volume,hcp_id=1721743411|month=2024-12|ndc_category=METABOLIC_GLP1_INJ,rx_volume,142,,set to NULL; outside every treatment target-category window
DQ-000638,rx_claims_monthly.csv,missing_rx_volume,hcp_id=1769234364|month=2025-09|ndc_category=PC_ANTIHYPERTENSIVE,rx_volume,188,,set to NULL; outside every treatment target-category window
DQ-000639,rx_claims_monthly.csv,missing_rx_volume,hcp_id=1240393805|month=2023-01|ndc_category=PC_ANTIHYPERTENSIVE,rx_volume,187,,set to NULL; outside every treatment target-category window
DQ-000640,rx_claims_monthly.csv,missing_rx_volume,hcp_id=1973275377|month=2023-01|ndc_category=METABOLIC_GLP1_INJ,rx_volume,97,,set to NULL; outside every treatment target-category window
DQ-000641,rx_claims_monthly.csv,missing_rx_volume,hcp_id=1847562299|month=2023-10|ndc_category=METABOLIC_GLP1_INJ,rx_volume,29,,set to NULL; outside every treatment target-category window
DQ-000642,rx_claims_monthly.csv,missing_rx_volume,hcp_id=1746046261|month=2024-08|ndc_category=METABOLIC_GLP1_INJ,rx_volume,131,,set to NULL; outside every treatment target-category window
DQ-000643,rx_claims_monthly.csv,missing_rx_volume,hcp_id=1426157339|month=2023-11|ndc_category=METABOLIC_GLP1_INJ,rx_volume,111,,set to NULL; outside every treatment target-category window
DQ-000644,rx_claims_monthly.csv,missing_rx_volume,hcp_id=1594466975|month=2024-07|ndc_category=CARD_HF_ARNI,rx_volume,297,,set to NULL; outside every treatment target-category window
DQ-000645,rx_claims_monthly.csv,missing_rx_volume,hcp_id=1520551320|month=2025-03|ndc_category=METABOLIC_GLP1_INJ,rx_volume,127,,set to NULL; outside every treatment target-category window
DQ-000646,rx_claims_monthly.csv,missing_rx_volume,hcp_id=1320611266|month=2025-10|ndc_category=PULM_ICS_LABA_INH,rx_volume,189,,set to NULL; outside every treatment target-category window
DQ-000647,rx_claims_monthly.csv,missing_rx_volume,hcp_id=1892264320|month=2025-01|ndc_category=CV_ANTICOAG_ORAL,rx_volume,49,,set to NULL; outside every treatment target-category window
DQ-000648,rx_claims_monthly.csv,missing_rx_volume,hcp_id=1692444494|month=2025-01|ndc_category=PULM_ICS_LABA_INH,rx_volume,663,,set to NULL; outside every treatment target-category window
DQ-000649,rx_claims_monthly.csv,missing_rx_volume,hcp_id=1769198304|month=2023-12|ndc_category=METABOLIC_GLP1_INJ,rx_volume,28,,set to NULL; outside every treatment target-category window
DQ-000650,rx_claims_monthly.csv,missing_rx_volume,hcp_id=1747637738|month=2023-02|ndc_category=PC_ANTIHYPERTENSIVE,rx_volume,138,,set to NULL; outside every treatment target-category window
DQ-000651,rx_claims_monthly.csv,missing_rx_volume,hcp_id=1152018085|month=2025-02|ndc_category=METABOLIC_GLP1_INJ,rx_volume,117,,set to NULL; outside every treatment target-category window
DQ-000652,rx_claims_monthly.csv,missing_rx_volume,hcp_id=1783823739|month=2023-08|ndc_category=CV_ANTICOAG_ORAL,rx_volume,221,,set to NULL; outside every treatment target-category window
DQ-000653,rx_claims_monthly.csv,missing_rx_volume,hcp_id=1291534000|month=2024-08|ndc_category=METABOLIC_GLP1_INJ,rx_volume,290,,set to NULL; outside every treatment target-category window
DQ-000654,rx_claims_monthly.csv,missing_rx_volume,hcp_id=1984924732|month=2023-05|ndc_category=PC_ANTIHYPERTENSIVE,rx_volume,429,,set to NULL; outside every treatment target-category window
DQ-000655,rx_claims_monthly.csv,missing_rx_volume,hcp_id=1907112910|month=2025-01|ndc_category=NEURO_MIGRAINE_CGRP,rx_volume,308,,set to NULL; outside every treatment target-category window
DQ-000656,rx_claims_monthly.csv,missing_rx_volume,hcp_id=1233281843|month=2025-04|ndc_category=METABOLIC_GLP1_INJ,rx_volume,122,,set to NULL; outside every treatment target-category window
DQ-000657,rx_claims_monthly.csv,missing_rx_volume,hcp_id=1208634919|month=2024-07|ndc_category=METABOLIC_GLP1_INJ,rx_volume,44,,set to NULL; outside every treatment target-category window
DQ-000658,rx_claims_monthly.csv,missing_rx_volume,hcp_id=1710163217|month=2024-05|ndc_category=CARD_HF_ARNI,rx_volume,225,,set to NULL; outside every treatment target-category window
DQ-000659,rx_claims_monthly.csv,missing_rx_volume,hcp_id=1893606271|month=2023-02|ndc_category=ONC_TARGETED_ORAL,rx_volume,269,,set to NULL; outside every treatment target-category window
DQ-000660,rx_claims_monthly.csv,missing_rx_volume,hcp_id=1249126917|month=2023-12|ndc_category=METABOLIC_GLP1_INJ,rx_volume,193,,set to NULL; outside every treatment target-category window
DQ-000661,rx_claims_monthly.csv,missing_rx_volume,hcp_id=1889545335|month=2023-05|ndc_category=METABOLIC_GLP1_INJ,rx_volume,173,,set to NULL; outside every treatment target-category window
DQ-000662,rx_claims_monthly.csv,missing_rx_volume,hcp_id=1005067453|month=2025-06|ndc_category=METABOLIC_GLP1_INJ,rx_volume,94,,set to NULL; outside every treatment target-category window
DQ-000663,rx_claims_monthly.csv,missing_rx_volume,hcp_id=1650044724|month=2025-07|ndc_category=METABOLIC_GLP1_INJ,rx_volume,43,,set to NULL; outside every treatment target-category window
DQ-000664,rx_claims_monthly.csv,missing_rx_volume,hcp_id=1838809964|month=2025-01|ndc_category=METABOLIC_GLP1_INJ,rx_volume,122,,set to NULL; outside every treatment target-category window
DQ-000665,rx_claims_monthly.csv,missing_rx_volume,hcp_id=1480866635|month=2024-07|ndc_category=CV_ANTICOAG_ORAL,rx_volume,116,,set to NULL; outside every treatment target-category window
DQ-000666,rx_claims_monthly.csv,missing_rx_volume,hcp_id=1852326267|month=2024-01|ndc_category=METABOLIC_GLP1_INJ,rx_volume,154,,set to NULL; outside every treatment target-category window
DQ-000667,rx_claims_monthly.csv,missing_rx_volume,hcp_id=1088938448|month=2023-01|ndc_category=CV_ANTICOAG_ORAL,rx_volume,111,,set to NULL; outside every treatment target-category window
DQ-000668,rx_claims_monthly.csv,missing_rx_volume,hcp_id=1268421124|month=2024-06|ndc_category=CV_ANTICOAG_ORAL,rx_volume,120,,set to NULL; outside every treatment target-category window
DQ-000669,rx_claims_monthly.csv,missing_rx_volume,hcp_id=1124315999|month=2024-07|ndc_category=CV_ANTICOAG_ORAL,rx_volume,71,,set to NULL; outside every treatment target-category window
DQ-000670,rx_claims_monthly.csv,missing_rx_volume,hcp_id=1898803444|month=2022-12|ndc_category=ENDO_BASAL_INSULIN,rx_volume,252,,set to NULL; outside every treatment target-category window
DQ-000671,rx_claims_monthly.csv,missing_rx_volume,hcp_id=1334515891|month=2023-02|ndc_category=METABOLIC_GLP1_INJ,rx_volume,115,,set to NULL; outside every treatment target-category window
DQ-000672,rx_claims_monthly.csv,missing_rx_volume,hcp_id=1870612441|month=2024-07|ndc_category=METABOLIC_GLP1_INJ,rx_volume,410,,set to NULL; outside every treatment target-category window
DQ-000673,rx_claims_monthly.csv,missing_rx_volume,hcp_id=1044303869|month=2023-10|ndc_category=CV_ANTICOAG_ORAL,rx_volume,80,,set to NULL; outside every treatment target-category window
DQ-000674,rx_claims_monthly.csv,missing_rx_volume,hcp_id=1897045260|month=2024-10|ndc_category=METABOLIC_GLP1_INJ,rx_volume,68,,set to NULL; outside every treatment target-category window
DQ-000675,rx_claims_monthly.csv,missing_rx_volume,hcp_id=1189244753|month=2024-08|ndc_category=CV_ANTICOAG_ORAL,rx_volume,146,,set to NULL; outside every treatment target-category window
DQ-000676,rx_claims_monthly.csv,missing_rx_volume,hcp_id=1907112910|month=2025-09|ndc_category=METABOLIC_GLP1_INJ,rx_volume,60,,set to NULL; outside every treatment target-category window
DQ-000677,rx_claims_monthly.csv,missing_rx_volume,hcp_id=1219516501|month=2024-07|ndc_category=METABOLIC_GLP1_INJ,rx_volume,282,,set to NULL; outside every treatment target-category window
DQ-000678,rx_claims_monthly.csv,missing_rx_volume,hcp_id=1689916181|month=2023-01|ndc_category=CV_ANTICOAG_ORAL,rx_volume,142,,set to NULL; outside every treatment target-category window
DQ-000679,rx_claims_monthly.csv,missing_rx_volume,hcp_id=1065870788|month=2025-02|ndc_category=PC_ANTIHYPERTENSIVE,rx_volume,614,,set to NULL; outside every treatment target-category window
DQ-000680,rx_claims_monthly.csv,missing_rx_volume,hcp_id=1450226943|month=2025-05|ndc_category=CV_ANTICOAG_ORAL,rx_volume,284,,set to NULL; outside every treatment target-category window
DQ-000681,rx_claims_monthly.csv,missing_rx_volume,hcp_id=1124890801|month=2023-01|ndc_category=CV_ANTICOAG_ORAL,rx_volume,163,,set to NULL; outside every treatment target-category window
DQ-000682,rx_claims_monthly.csv,missing_rx_volume,hcp_id=1741672111|month=2024-04|ndc_category=METABOLIC_GLP1_INJ,rx_volume,71,,set to NULL; outside every treatment target-category window
DQ-000683,rx_claims_monthly.csv,missing_rx_volume,hcp_id=1956217115|month=2023-10|ndc_category=CV_ANTICOAG_ORAL,rx_volume,512,,set to NULL; outside every treatment target-category window
DQ-000684,rx_claims_monthly.csv,missing_rx_volume,hcp_id=1625192632|month=2023-02|ndc_category=METABOLIC_GLP1_INJ,rx_volume,57,,set to NULL; outside every treatment target-category window
DQ-000685,rx_claims_monthly.csv,missing_rx_volume,hcp_id=1762664088|month=2023-01|ndc_category=CARD_HF_ARNI,rx_volume,175,,set to NULL; outside every treatment target-category window
DQ-000686,rx_claims_monthly.csv,missing_rx_volume,hcp_id=1367956301|month=2023-03|ndc_category=METABOLIC_GLP1_INJ,rx_volume,67,,set to NULL; outside every treatment target-category window
DQ-000687,rx_claims_monthly.csv,missing_rx_volume,hcp_id=1860037419|month=2023-08|ndc_category=CARD_HF_ARNI,rx_volume,227,,set to NULL; outside every treatment target-category window
DQ-000688,rx_claims_monthly.csv,missing_rx_volume,hcp_id=1555114069|month=2023-04|ndc_category=METABOLIC_GLP1_INJ,rx_volume,152,,set to NULL; outside every treatment target-category window
DQ-000689,rx_claims_monthly.csv,missing_rx_volume,hcp_id=1657655308|month=2025-10|ndc_category=CV_ANTICOAG_ORAL,rx_volume,65,,set to NULL; outside every treatment target-category window
DQ-000690,rx_claims_monthly.csv,missing_rx_volume,hcp_id=1194203331|month=2023-12|ndc_category=METABOLIC_GLP1_INJ,rx_volume,315,,set to NULL; outside every treatment target-category window
DQ-000691,rx_claims_monthly.csv,missing_rx_volume,hcp_id=1425610817|month=2024-06|ndc_category=METABOLIC_GLP1_INJ,rx_volume,79,,set to NULL; outside every treatment target-category window
DQ-000692,rx_claims_monthly.csv,missing_rx_volume,hcp_id=1409960642|month=2023-06|ndc_category=METABOLIC_GLP1_INJ,rx_volume,74,,set to NULL; outside every treatment target-category window
DQ-000693,rx_claims_monthly.csv,missing_rx_volume,hcp_id=1566070763|month=2025-09|ndc_category=METABOLIC_GLP1_INJ,rx_volume,350,,set to NULL; outside every treatment target-category window
DQ-000694,rx_claims_monthly.csv,missing_rx_volume,hcp_id=1101495749|month=2024-09|ndc_category=CV_ANTICOAG_ORAL,rx_volume,159,,set to NULL; outside every treatment target-category window
DQ-000695,rx_claims_monthly.csv,missing_rx_volume,hcp_id=1501344612|month=2023-12|ndc_category=PC_ANTIHYPERTENSIVE,rx_volume,113,,set to NULL; outside every treatment target-category window
DQ-000696,rx_claims_monthly.csv,missing_rx_volume,hcp_id=1345219731|month=2025-09|ndc_category=ONC_TARGETED_ORAL,rx_volume,913,,set to NULL; outside every treatment target-category window
DQ-000697,rx_claims_monthly.csv,missing_rx_volume,hcp_id=1737156715|month=2023-12|ndc_category=METABOLIC_GLP1_INJ,rx_volume,210,,set to NULL; outside every treatment target-category window
DQ-000698,rx_claims_monthly.csv,missing_rx_volume,hcp_id=1580871600|month=2023-12|ndc_category=CV_ANTICOAG_ORAL,rx_volume,100,,set to NULL; outside every treatment target-category window
DQ-000699,rx_claims_monthly.csv,missing_rx_volume,hcp_id=1679813331|month=2024-04|ndc_category=CV_ANTICOAG_ORAL,rx_volume,70,,set to NULL; outside every treatment target-category window
DQ-000700,rx_claims_monthly.csv,missing_rx_volume,hcp_id=1473494189|month=2025-05|ndc_category=PC_ANTIHYPERTENSIVE,rx_volume,179,,set to NULL; outside every treatment target-category window
DQ-000701,rx_claims_monthly.csv,missing_rx_volume,hcp_id=1418704015|month=2023-11|ndc_category=CV_ANTICOAG_ORAL,rx_volume,100,,set to NULL; outside every treatment target-category window
DQ-000702,rx_claims_monthly.csv,missing_rx_volume,hcp_id=1540759788|month=2025-03|ndc_category=PC_ANTIHYPERTENSIVE,rx_volume,192,,set to NULL; outside every treatment target-category window
DQ-000703,rx_claims_monthly.csv,missing_rx_volume,hcp_id=1964558476|month=2024-02|ndc_category=CV_ANTICOAG_ORAL,rx_volume,210,,set to NULL; outside every treatment target-category window
DQ-000704,rx_claims_monthly.csv,missing_rx_volume,hcp_id=1984924732|month=2024-01|ndc_category=CV_ANTICOAG_ORAL,rx_volume,253,,set to NULL; outside every treatment target-category window
DQ-000705,rx_claims_monthly.csv,missing_rx_volume,hcp_id=1601451010|month=2024-04|ndc_category=CV_ANTICOAG_ORAL,rx_volume,64,,set to NULL; outside every treatment target-category window
DQ-000706,rx_claims_monthly.csv,missing_rx_volume,hcp_id=1724378447|month=2024-08|ndc_category=NEURO_MIGRAINE_CGRP,rx_volume,130,,set to NULL; outside every treatment target-category window
DQ-000707,rx_claims_monthly.csv,missing_rx_volume,hcp_id=1468815406|month=2024-08|ndc_category=CV_ANTICOAG_ORAL,rx_volume,97,,set to NULL; outside every treatment target-category window
DQ-000708,rx_claims_monthly.csv,missing_rx_volume,hcp_id=1138662428|month=2024-02|ndc_category=METABOLIC_GLP1_INJ,rx_volume,89,,set to NULL; outside every treatment target-category window
DQ-000709,rx_claims_monthly.csv,missing_rx_volume,hcp_id=1548652282|month=2025-06|ndc_category=METABOLIC_GLP1_INJ,rx_volume,121,,set to NULL; outside every treatment target-category window
DQ-000710,rx_claims_monthly.csv,missing_rx_volume,hcp_id=1488515010|month=2024-03|ndc_category=CV_ANTICOAG_ORAL,rx_volume,145,,set to NULL; outside every treatment target-category window
DQ-000711,rx_claims_monthly.csv,missing_rx_volume,hcp_id=1044379984|month=2025-08|ndc_category=NEURO_MIGRAINE_CGRP,rx_volume,367,,set to NULL; outside every treatment target-category window
DQ-000712,rx_claims_monthly.csv,missing_rx_volume,hcp_id=1510477734|month=2025-07|ndc_category=NEURO_MIGRAINE_CGRP,rx_volume,41,,set to NULL; outside every treatment target-category window
DQ-000713,rx_claims_monthly.csv,missing_rx_volume,hcp_id=1026722938|month=2024-11|ndc_category=CV_ANTICOAG_ORAL,rx_volume,426,,set to NULL; outside every treatment target-category window
DQ-000714,rx_claims_monthly.csv,missing_rx_volume,hcp_id=1005067453|month=2023-11|ndc_category=CV_ANTICOAG_ORAL,rx_volume,83,,set to NULL; outside every treatment target-category window
DQ-000715,rx_claims_monthly.csv,missing_rx_volume,hcp_id=1424541534|month=2025-02|ndc_category=METABOLIC_GLP1_INJ,rx_volume,56,,set to NULL; outside every treatment target-category window
DQ-000716,rx_claims_monthly.csv,missing_rx_volume,hcp_id=1028050239|month=2024-02|ndc_category=METABOLIC_GLP1_INJ,rx_volume,66,,set to NULL; outside every treatment target-category window
DQ-000717,rx_claims_monthly.csv,missing_rx_volume,hcp_id=1381314644|month=2025-04|ndc_category=CV_ANTICOAG_ORAL,rx_volume,92,,set to NULL; outside every treatment target-category window
DQ-000718,rx_claims_monthly.csv,missing_rx_volume,hcp_id=1632734848|month=2024-05|ndc_category=PULM_ICS_LABA_INH,rx_volume,251,,set to NULL; outside every treatment target-category window
DQ-000719,rx_claims_monthly.csv,missing_rx_volume,hcp_id=1243754490|month=2023-11|ndc_category=NEURO_MIGRAINE_CGRP,rx_volume,105,,set to NULL; outside every treatment target-category window
DQ-000720,rx_claims_monthly.csv,missing_rx_volume,hcp_id=1365873573|month=2024-04|ndc_category=METABOLIC_GLP1_INJ,rx_volume,116,,set to NULL; outside every treatment target-category window
DQ-000721,rx_claims_monthly.csv,missing_rx_volume,hcp_id=1757379494|month=2024-11|ndc_category=ENDO_BASAL_INSULIN,rx_volume,312,,set to NULL; outside every treatment target-category window
DQ-000722,rx_claims_monthly.csv,missing_rx_volume,hcp_id=1134966757|month=2024-11|ndc_category=PC_ANTIHYPERTENSIVE,rx_volume,917,,set to NULL; outside every treatment target-category window
DQ-000723,rx_claims_monthly.csv,missing_rx_volume,hcp_id=1443907526|month=2023-08|ndc_category=CARD_HF_ARNI,rx_volume,174,,set to NULL; outside every treatment target-category window
DQ-000724,rx_claims_monthly.csv,missing_rx_volume,hcp_id=1105435741|month=2024-01|ndc_category=RHEUM_JAK_ORAL,rx_volume,142,,set to NULL; outside every treatment target-category window
DQ-000725,rx_claims_monthly.csv,missing_rx_volume,hcp_id=1614978876|month=2023-11|ndc_category=CV_ANTICOAG_ORAL,rx_volume,80,,set to NULL; outside every treatment target-category window
DQ-000726,rx_claims_monthly.csv,missing_rx_volume,hcp_id=1969914385|month=2022-12|ndc_category=CV_ANTICOAG_ORAL,rx_volume,177,,set to NULL; outside every treatment target-category window
DQ-000727,rx_claims_monthly.csv,missing_rx_volume,hcp_id=1702497342|month=2023-02|ndc_category=ENDO_BASAL_INSULIN,rx_volume,305,,set to NULL; outside every treatment target-category window
DQ-000728,rx_claims_monthly.csv,missing_rx_volume,hcp_id=1334266743|month=2023-08|ndc_category=NEURO_MIGRAINE_CGRP,rx_volume,241,,set to NULL; outside every treatment target-category window
DQ-000729,rx_claims_monthly.csv,missing_rx_volume,hcp_id=1692444494|month=2023-09|ndc_category=METABOLIC_GLP1_INJ,rx_volume,418,,set to NULL; outside every treatment target-category window
DQ-000730,rx_claims_monthly.csv,missing_rx_volume,hcp_id=1884938808|month=2025-01|ndc_category=RHEUM_JAK_ORAL,rx_volume,322,,set to NULL; outside every treatment target-category window
DQ-000731,rx_claims_monthly.csv,missing_rx_volume,hcp_id=1095874958|month=2024-01|ndc_category=NEURO_MIGRAINE_CGRP,rx_volume,219,,set to NULL; outside every treatment target-category window
DQ-000732,rx_claims_monthly.csv,missing_rx_volume,hcp_id=1484037258|month=2025-03|ndc_category=ONC_TARGETED_ORAL,rx_volume,140,,set to NULL; outside every treatment target-category window
DQ-000733,rx_claims_monthly.csv,missing_rx_volume,hcp_id=1131525051|month=2024-07|ndc_category=METABOLIC_GLP1_INJ,rx_volume,45,,set to NULL; outside every treatment target-category window
DQ-000734,rx_claims_monthly.csv,missing_rx_volume,hcp_id=1372196661|month=2023-06|ndc_category=CV_ANTICOAG_ORAL,rx_volume,49,,set to NULL; outside every treatment target-category window
DQ-000735,rx_claims_monthly.csv,missing_rx_volume,hcp_id=1219516501|month=2025-08|ndc_category=METABOLIC_GLP1_INJ,rx_volume,433,,set to NULL; outside every treatment target-category window
DQ-000736,rx_claims_monthly.csv,missing_rx_volume,hcp_id=1742100898|month=2024-09|ndc_category=METABOLIC_GLP1_INJ,rx_volume,75,,set to NULL; outside every treatment target-category window
DQ-000737,rx_claims_monthly.csv,missing_rx_volume,hcp_id=1509977165|month=2024-09|ndc_category=METABOLIC_GLP1_INJ,rx_volume,674,,set to NULL; outside every treatment target-category window
DQ-000738,rx_claims_monthly.csv,missing_rx_volume,hcp_id=1712092349|month=2023-05|ndc_category=ONC_TARGETED_ORAL,rx_volume,168,,set to NULL; outside every treatment target-category window
DQ-000739,rx_claims_monthly.csv,missing_rx_volume,hcp_id=1611952734|month=2025-08|ndc_category=CV_ANTICOAG_ORAL,rx_volume,109,,set to NULL; outside every treatment target-category window
DQ-000740,rx_claims_monthly.csv,missing_rx_volume,hcp_id=1901019392|month=2024-07|ndc_category=METABOLIC_GLP1_INJ,rx_volume,716,,set to NULL; outside every treatment target-category window
DQ-000741,rx_claims_monthly.csv,missing_rx_volume,hcp_id=1124905880|month=2025-05|ndc_category=CV_ANTICOAG_ORAL,rx_volume,669,,set to NULL; outside every treatment target-category window
DQ-000742,rx_claims_monthly.csv,missing_rx_volume,hcp_id=1200437733|month=2025-01|ndc_category=ENDO_BASAL_INSULIN,rx_volume,108,,set to NULL; outside every treatment target-category window
DQ-000743,rx_claims_monthly.csv,missing_rx_volume,hcp_id=1486296159|month=2025-03|ndc_category=METABOLIC_GLP1_INJ,rx_volume,48,,set to NULL; outside every treatment target-category window
DQ-000744,rx_claims_monthly.csv,missing_rx_volume,hcp_id=1433980129|month=2023-05|ndc_category=PULM_ICS_LABA_INH,rx_volume,238,,set to NULL; outside every treatment target-category window
DQ-000745,rx_claims_monthly.csv,missing_rx_volume,hcp_id=1101142523|month=2025-09|ndc_category=CV_ANTICOAG_ORAL,rx_volume,32,,set to NULL; outside every treatment target-category window
DQ-000746,rx_claims_monthly.csv,missing_rx_volume,hcp_id=1154262954|month=2025-07|ndc_category=PC_ANTIHYPERTENSIVE,rx_volume,752,,set to NULL; outside every treatment target-category window
DQ-000747,rx_claims_monthly.csv,missing_rx_volume,hcp_id=1333896094|month=2025-10|ndc_category=CV_ANTICOAG_ORAL,rx_volume,78,,set to NULL; outside every treatment target-category window
DQ-000748,rx_claims_monthly.csv,missing_rx_volume,hcp_id=1455529317|month=2024-07|ndc_category=CV_ANTICOAG_ORAL,rx_volume,23,,set to NULL; outside every treatment target-category window
DQ-000749,rx_claims_monthly.csv,missing_rx_volume,hcp_id=1117854327|month=2023-02|ndc_category=NEURO_MIGRAINE_CGRP,rx_volume,68,,set to NULL; outside every treatment target-category window
DQ-000750,rx_claims_monthly.csv,missing_rx_volume,hcp_id=1250670316|month=2025-05|ndc_category=METABOLIC_GLP1_INJ,rx_volume,782,,set to NULL; outside every treatment target-category window
DQ-000751,rx_claims_monthly.csv,missing_rx_volume,hcp_id=1095200048|month=2023-08|ndc_category=ENDO_BASAL_INSULIN,rx_volume,78,,set to NULL; outside every treatment target-category window
DQ-000752,rx_claims_monthly.csv,missing_rx_volume,hcp_id=1618334340|month=2024-08|ndc_category=CV_ANTICOAG_ORAL,rx_volume,42,,set to NULL; outside every treatment target-category window
DQ-000753,rx_claims_monthly.csv,missing_rx_volume,hcp_id=1995404856|month=2024-05|ndc_category=METABOLIC_GLP1_INJ,rx_volume,158,,set to NULL; outside every treatment target-category window
DQ-000754,rx_claims_monthly.csv,missing_rx_volume,hcp_id=1423152481|month=2023-12|ndc_category=PC_ANTIHYPERTENSIVE,rx_volume,383,,set to NULL; outside every treatment target-category window
DQ-000755,rx_claims_monthly.csv,missing_rx_volume,hcp_id=1934763735|month=2025-01|ndc_category=CARD_HF_ARNI,rx_volume,214,,set to NULL; outside every treatment target-category window
DQ-000756,rx_claims_monthly.csv,missing_rx_volume,hcp_id=1265952337|month=2023-04|ndc_category=METABOLIC_GLP1_INJ,rx_volume,68,,set to NULL; outside every treatment target-category window
DQ-000757,rx_claims_monthly.csv,missing_rx_volume,hcp_id=1064190048|month=2024-03|ndc_category=CV_ANTICOAG_ORAL,rx_volume,130,,set to NULL; outside every treatment target-category window
DQ-000758,rx_claims_monthly.csv,missing_rx_volume,hcp_id=1572180861|month=2023-12|ndc_category=PC_ANTIHYPERTENSIVE,rx_volume,213,,set to NULL; outside every treatment target-category window
DQ-000759,rx_claims_monthly.csv,missing_rx_volume,hcp_id=1727100020|month=2025-01|ndc_category=CARD_HF_ARNI,rx_volume,673,,set to NULL; outside every treatment target-category window
DQ-000760,rx_claims_monthly.csv,missing_rx_volume,hcp_id=1600621852|month=2024-11|ndc_category=METABOLIC_GLP1_INJ,rx_volume,189,,set to NULL; outside every treatment target-category window
DQ-000761,rx_claims_monthly.csv,missing_rx_volume,hcp_id=1973275377|month=2023-03|ndc_category=METABOLIC_GLP1_INJ,rx_volume,111,,set to NULL; outside every treatment target-category window
DQ-000762,rx_claims_monthly.csv,missing_rx_volume,hcp_id=1109634414|month=2025-07|ndc_category=CV_ANTICOAG_ORAL,rx_volume,182,,set to NULL; outside every treatment target-category window
DQ-000763,rx_claims_monthly.csv,missing_rx_volume,hcp_id=1109634414|month=2025-07|ndc_category=METABOLIC_GLP1_INJ,rx_volume,179,,set to NULL; outside every treatment target-category window
DQ-000764,rx_claims_monthly.csv,missing_rx_volume,hcp_id=1330156328|month=2023-07|ndc_category=CV_ANTICOAG_ORAL,rx_volume,31,,set to NULL; outside every treatment target-category window
DQ-000765,rx_claims_monthly.csv,missing_rx_volume,hcp_id=1779918477|month=2025-05|ndc_category=CV_ANTICOAG_ORAL,rx_volume,198,,set to NULL; outside every treatment target-category window
DQ-000766,rx_claims_monthly.csv,missing_rx_volume,hcp_id=1903798589|month=2023-02|ndc_category=PC_ANTIHYPERTENSIVE,rx_volume,246,,set to NULL; outside every treatment target-category window
DQ-000767,rx_claims_monthly.csv,missing_rx_volume,hcp_id=1625192632|month=2024-06|ndc_category=METABOLIC_GLP1_INJ,rx_volume,81,,set to NULL; outside every treatment target-category window
DQ-000768,rx_claims_monthly.csv,missing_rx_volume,hcp_id=1418704015|month=2025-10|ndc_category=CV_ANTICOAG_ORAL,rx_volume,87,,set to NULL; outside every treatment target-category window
DQ-000769,rx_claims_monthly.csv,missing_rx_volume,hcp_id=1964945871|month=2024-12|ndc_category=METABOLIC_GLP1_INJ,rx_volume,256,,set to NULL; outside every treatment target-category window
DQ-000770,rx_claims_monthly.csv,missing_rx_volume,hcp_id=1246448348|month=2023-06|ndc_category=METABOLIC_GLP1_INJ,rx_volume,227,,set to NULL; outside every treatment target-category window
DQ-000771,rx_claims_monthly.csv,missing_rx_volume,hcp_id=1933607412|month=2024-04|ndc_category=METABOLIC_GLP1_INJ,rx_volume,102,,set to NULL; outside every treatment target-category window
DQ-000772,rx_claims_monthly.csv,missing_rx_volume,hcp_id=1149209672|month=2025-10|ndc_category=CV_ANTICOAG_ORAL,rx_volume,130,,set to NULL; outside every treatment target-category window
DQ-000773,rx_claims_monthly.csv,missing_rx_volume,hcp_id=1362616959|month=2023-12|ndc_category=CV_ANTICOAG_ORAL,rx_volume,55,,set to NULL; outside every treatment target-category window
DQ-000774,rx_claims_monthly.csv,missing_rx_volume,hcp_id=1262874856|month=2024-08|ndc_category=METABOLIC_GLP1_INJ,rx_volume,120,,set to NULL; outside every treatment target-category window
DQ-000775,rx_claims_monthly.csv,missing_rx_volume,hcp_id=1194241117|month=2023-08|ndc_category=METABOLIC_GLP1_INJ,rx_volume,123,,set to NULL; outside every treatment target-category window
DQ-000776,rx_claims_monthly.csv,missing_rx_volume,hcp_id=1366051187|month=2023-03|ndc_category=CV_ANTICOAG_ORAL,rx_volume,229,,set to NULL; outside every treatment target-category window
DQ-000777,rx_claims_monthly.csv,missing_rx_volume,hcp_id=1081051991|month=2024-06|ndc_category=PULM_ICS_LABA_INH,rx_volume,91,,set to NULL; outside every treatment target-category window
DQ-000778,rx_claims_monthly.csv,missing_rx_volume,hcp_id=1144669185|month=2023-04|ndc_category=PC_ANTIHYPERTENSIVE,rx_volume,647,,set to NULL; outside every treatment target-category window
DQ-000779,rx_claims_monthly.csv,missing_rx_volume,hcp_id=1939785840|month=2024-02|ndc_category=ENDO_BASAL_INSULIN,rx_volume,289,,set to NULL; outside every treatment target-category window
DQ-000780,rx_claims_monthly.csv,missing_rx_volume,hcp_id=1210894345|month=2025-08|ndc_category=CARD_HF_ARNI,rx_volume,85,,set to NULL; outside every treatment target-category window
DQ-000781,rx_claims_monthly.csv,missing_rx_volume,hcp_id=1341556789|month=2023-01|ndc_category=CV_ANTICOAG_ORAL,rx_volume,487,,set to NULL; outside every treatment target-category window
DQ-000782,rx_claims_monthly.csv,missing_rx_volume,hcp_id=1354344503|month=2023-10|ndc_category=ONC_TARGETED_ORAL,rx_volume,84,,set to NULL; outside every treatment target-category window
DQ-000783,rx_claims_monthly.csv,missing_rx_volume,hcp_id=1656529157|month=2023-11|ndc_category=ENDO_BASAL_INSULIN,rx_volume,487,,set to NULL; outside every treatment target-category window
DQ-000784,rx_claims_monthly.csv,missing_rx_volume,hcp_id=1200346587|month=2025-08|ndc_category=METABOLIC_GLP1_INJ,rx_volume,180,,set to NULL; outside every treatment target-category window
DQ-000785,rx_claims_monthly.csv,missing_rx_volume,hcp_id=1065455036|month=2023-02|ndc_category=METABOLIC_GLP1_INJ,rx_volume,55,,set to NULL; outside every treatment target-category window
DQ-000786,rx_claims_monthly.csv,missing_rx_volume,hcp_id=1403453024|month=2025-09|ndc_category=METABOLIC_GLP1_INJ,rx_volume,745,,set to NULL; outside every treatment target-category window
DQ-000787,rx_claims_monthly.csv,missing_rx_volume,hcp_id=1964572899|month=2023-06|ndc_category=CV_ANTICOAG_ORAL,rx_volume,127,,set to NULL; outside every treatment target-category window
DQ-000788,rx_claims_monthly.csv,missing_rx_volume,hcp_id=1746587884|month=2025-01|ndc_category=CV_ANTICOAG_ORAL,rx_volume,148,,set to NULL; outside every treatment target-category window
DQ-000789,rx_claims_monthly.csv,missing_rx_volume,hcp_id=1707435529|month=2024-04|ndc_category=METABOLIC_GLP1_INJ,rx_volume,125,,set to NULL; outside every treatment target-category window
DQ-000790,rx_claims_monthly.csv,missing_rx_volume,hcp_id=1616839134|month=2024-11|ndc_category=CV_ANTICOAG_ORAL,rx_volume,352,,set to NULL; outside every treatment target-category window
DQ-000791,rx_claims_monthly.csv,missing_rx_volume,hcp_id=1423946593|month=2025-01|ndc_category=PULM_ICS_LABA_INH,rx_volume,157,,set to NULL; outside every treatment target-category window
DQ-000792,rx_claims_monthly.csv,missing_rx_volume,hcp_id=1326905712|month=2025-02|ndc_category=METABOLIC_GLP1_INJ,rx_volume,154,,set to NULL; outside every treatment target-category window
DQ-000793,rx_claims_monthly.csv,missing_rx_volume,hcp_id=1345219731|month=2023-09|ndc_category=ONC_TARGETED_ORAL,rx_volume,602,,set to NULL; outside every treatment target-category window
DQ-000794,rx_claims_monthly.csv,missing_rx_volume,hcp_id=1618334340|month=2023-01|ndc_category=CV_ANTICOAG_ORAL,rx_volume,66,,set to NULL; outside every treatment target-category window
DQ-000795,rx_claims_monthly.csv,missing_rx_volume,hcp_id=1365873573|month=2025-06|ndc_category=METABOLIC_GLP1_INJ,rx_volume,149,,set to NULL; outside every treatment target-category window
DQ-000796,rx_claims_monthly.csv,missing_rx_volume,hcp_id=1036327983|month=2025-05|ndc_category=PC_ANTIHYPERTENSIVE,rx_volume,157,,set to NULL; outside every treatment target-category window
DQ-000797,rx_claims_monthly.csv,missing_rx_volume,hcp_id=1907112910|month=2025-04|ndc_category=METABOLIC_GLP1_INJ,rx_volume,55,,set to NULL; outside every treatment target-category window
DQ-000798,rx_claims_monthly.csv,missing_rx_volume,hcp_id=1219831884|month=2023-12|ndc_category=CV_ANTICOAG_ORAL,rx_volume,164,,set to NULL; outside every treatment target-category window
DQ-000799,rx_claims_monthly.csv,missing_rx_volume,hcp_id=1877986913|month=2025-02|ndc_category=CV_ANTICOAG_ORAL,rx_volume,98,,set to NULL; outside every treatment target-category window
DQ-000800,rx_claims_monthly.csv,missing_rx_volume,hcp_id=1401670058|month=2025-09|ndc_category=CARD_HF_ARNI,rx_volume,154,,set to NULL; outside every treatment target-category window
DQ-000801,rx_claims_monthly.csv,missing_rx_volume,hcp_id=1762971749|month=2024-01|ndc_category=CV_ANTICOAG_ORAL,rx_volume,167,,set to NULL; outside every treatment target-category window
DQ-000802,rx_claims_monthly.csv,missing_rx_volume,hcp_id=1719186219|month=2025-03|ndc_category=CV_ANTICOAG_ORAL,rx_volume,128,,set to NULL; outside every treatment target-category window
DQ-000803,rx_claims_monthly.csv,missing_rx_volume,hcp_id=1175085277|month=2023-01|ndc_category=PULM_ICS_LABA_INH,rx_volume,267,,set to NULL; outside every treatment target-category window
DQ-000804,rx_claims_monthly.csv,missing_rx_volume,hcp_id=1401670058|month=2024-03|ndc_category=CARD_HF_ARNI,rx_volume,212,,set to NULL; outside every treatment target-category window
DQ-000805,rx_claims_monthly.csv,missing_rx_volume,hcp_id=1884938808|month=2023-01|ndc_category=RHEUM_JAK_ORAL,rx_volume,269,,set to NULL; outside every treatment target-category window
DQ-000806,rx_claims_monthly.csv,missing_rx_volume,hcp_id=1043802820|month=2024-06|ndc_category=ONC_TARGETED_ORAL,rx_volume,121,,set to NULL; outside every treatment target-category window
DQ-000807,rx_claims_monthly.csv,missing_rx_volume,hcp_id=1009335344|month=2024-06|ndc_category=ONC_TARGETED_ORAL,rx_volume,372,,set to NULL; outside every treatment target-category window
DQ-000808,rx_claims_monthly.csv,missing_rx_volume,hcp_id=1456207657|month=2025-03|ndc_category=METABOLIC_GLP1_INJ,rx_volume,897,,set to NULL; outside every treatment target-category window
DQ-000809,rx_claims_monthly.csv,missing_rx_volume,hcp_id=1589965130|month=2025-07|ndc_category=PULM_ICS_LABA_INH,rx_volume,487,,set to NULL; outside every treatment target-category window
DQ-000810,rx_claims_monthly.csv,missing_rx_volume,hcp_id=1368009035|month=2023-12|ndc_category=CARD_HF_ARNI,rx_volume,338,,set to NULL; outside every treatment target-category window
DQ-000811,rx_claims_monthly.csv,missing_rx_volume,hcp_id=1508064668|month=2024-08|ndc_category=ENDO_BASAL_INSULIN,rx_volume,129,,set to NULL; outside every treatment target-category window
DQ-000812,rx_claims_monthly.csv,missing_rx_volume,hcp_id=1101338055|month=2025-08|ndc_category=METABOLIC_GLP1_INJ,rx_volume,275,,set to NULL; outside every treatment target-category window
DQ-000813,rx_claims_monthly.csv,missing_rx_volume,hcp_id=1431285356|month=2025-05|ndc_category=METABOLIC_GLP1_INJ,rx_volume,39,,set to NULL; outside every treatment target-category window
DQ-000814,rx_claims_monthly.csv,missing_rx_volume,hcp_id=1998699429|month=2023-06|ndc_category=METABOLIC_GLP1_INJ,rx_volume,175,,set to NULL; outside every treatment target-category window
DQ-000815,rx_claims_monthly.csv,missing_rx_volume,hcp_id=1895795452|month=2025-02|ndc_category=CV_ANTICOAG_ORAL,rx_volume,23,,set to NULL; outside every treatment target-category window
DQ-000816,rx_claims_monthly.csv,missing_rx_volume,hcp_id=1120302413|month=2025-04|ndc_category=METABOLIC_GLP1_INJ,rx_volume,50,,set to NULL; outside every treatment target-category window
DQ-000817,rx_claims_monthly.csv,missing_rx_volume,hcp_id=1278315217|month=2025-09|ndc_category=METABOLIC_GLP1_INJ,rx_volume,37,,set to NULL; outside every treatment target-category window
DQ-000818,rx_claims_monthly.csv,missing_rx_volume,hcp_id=1081031506|month=2025-07|ndc_category=NEURO_MIGRAINE_CGRP,rx_volume,467,,set to NULL; outside every treatment target-category window
DQ-000819,rx_claims_monthly.csv,missing_rx_volume,hcp_id=1234567687|month=2025-05|ndc_category=CV_ANTICOAG_ORAL,rx_volume,121,,set to NULL; outside every treatment target-category window
DQ-000820,rx_claims_monthly.csv,missing_rx_volume,hcp_id=1808677938|month=2024-08|ndc_category=METABOLIC_GLP1_INJ,rx_volume,112,,set to NULL; outside every treatment target-category window
DQ-000821,rx_claims_monthly.csv,missing_rx_volume,hcp_id=1803339427|month=2023-05|ndc_category=ENDO_BASAL_INSULIN,rx_volume,327,,set to NULL; outside every treatment target-category window
DQ-000822,rx_claims_monthly.csv,missing_rx_volume,hcp_id=1260690478|month=2024-11|ndc_category=RHEUM_JAK_ORAL,rx_volume,125,,set to NULL; outside every treatment target-category window
DQ-000823,rx_claims_monthly.csv,missing_rx_volume,hcp_id=1429255973|month=2024-01|ndc_category=METABOLIC_GLP1_INJ,rx_volume,147,,set to NULL; outside every treatment target-category window
DQ-000824,rx_claims_monthly.csv,missing_rx_volume,hcp_id=1499123879|month=2025-09|ndc_category=CV_ANTICOAG_ORAL,rx_volume,167,,set to NULL; outside every treatment target-category window
DQ-000825,rx_claims_monthly.csv,missing_rx_volume,hcp_id=1968209027|month=2025-09|ndc_category=CV_ANTICOAG_ORAL,rx_volume,162,,set to NULL; outside every treatment target-category window
DQ-000826,rx_claims_monthly.csv,missing_rx_volume,hcp_id=1164091765|month=2024-07|ndc_category=CV_ANTICOAG_ORAL,rx_volume,167,,set to NULL; outside every treatment target-category window
DQ-000827,rx_claims_monthly.csv,missing_rx_volume,hcp_id=1369949932|month=2025-06|ndc_category=METABOLIC_GLP1_INJ,rx_volume,133,,set to NULL; outside every treatment target-category window
DQ-000828,rx_claims_monthly.csv,missing_rx_volume,hcp_id=1105435741|month=2025-05|ndc_category=CV_ANTICOAG_ORAL,rx_volume,175,,set to NULL; outside every treatment target-category window
DQ-000829,rx_claims_monthly.csv,missing_rx_volume,hcp_id=1340455504|month=2025-10|ndc_category=PULM_ICS_LABA_INH,rx_volume,99,,set to NULL; outside every treatment target-category window
DQ-000830,rx_claims_monthly.csv,missing_rx_volume,hcp_id=1168681900|month=2025-08|ndc_category=CV_ANTICOAG_ORAL,rx_volume,173,,set to NULL; outside every treatment target-category window
DQ-000831,rx_claims_monthly.csv,missing_rx_volume,hcp_id=1064190048|month=2024-08|ndc_category=NEURO_MIGRAINE_CGRP,rx_volume,158,,set to NULL; outside every treatment target-category window
DQ-000832,rx_claims_monthly.csv,missing_rx_volume,hcp_id=1980975555|month=2023-09|ndc_category=METABOLIC_GLP1_INJ,rx_volume,60,,set to NULL; outside every treatment target-category window
DQ-000833,rx_claims_monthly.csv,missing_rx_volume,hcp_id=1942292768|month=2025-07|ndc_category=METABOLIC_GLP1_INJ,rx_volume,355,,set to NULL; outside every treatment target-category window
DQ-000834,rx_claims_monthly.csv,missing_rx_volume,hcp_id=1873780039|month=2025-05|ndc_category=CV_ANTICOAG_ORAL,rx_volume,301,,set to NULL; outside every treatment target-category window
DQ-000835,rx_claims_monthly.csv,missing_rx_volume,hcp_id=1616418756|month=2023-12|ndc_category=NEURO_MIGRAINE_CGRP,rx_volume,198,,set to NULL; outside every treatment target-category window
DQ-000836,rx_claims_monthly.csv,missing_rx_volume,hcp_id=1841542198|month=2023-08|ndc_category=CV_ANTICOAG_ORAL,rx_volume,90,,set to NULL; outside every treatment target-category window
DQ-000837,rx_claims_monthly.csv,missing_rx_volume,hcp_id=1801296579|month=2023-11|ndc_category=METABOLIC_GLP1_INJ,rx_volume,204,,set to NULL; outside every treatment target-category window
DQ-000838,rx_claims_monthly.csv,missing_rx_volume,hcp_id=1497664510|month=2024-01|ndc_category=METABOLIC_GLP1_INJ,rx_volume,24,,set to NULL; outside every treatment target-category window
DQ-000839,rx_claims_monthly.csv,missing_rx_volume,hcp_id=1880717263|month=2023-01|ndc_category=METABOLIC_GLP1_INJ,rx_volume,105,,set to NULL; outside every treatment target-category window
DQ-000840,rx_claims_monthly.csv,missing_rx_volume,hcp_id=1731313338|month=2025-01|ndc_category=CV_ANTICOAG_ORAL,rx_volume,38,,set to NULL; outside every treatment target-category window
DQ-000841,rx_claims_monthly.csv,missing_rx_volume,hcp_id=1156551297|month=2025-03|ndc_category=RHEUM_JAK_ORAL,rx_volume,61,,set to NULL; outside every treatment target-category window
DQ-000842,rx_claims_monthly.csv,missing_rx_volume,hcp_id=1856601467|month=2024-02|ndc_category=METABOLIC_GLP1_INJ,rx_volume,235,,set to NULL; outside every treatment target-category window
DQ-000843,rx_claims_monthly.csv,missing_rx_volume,hcp_id=1871372714|month=2023-07|ndc_category=METABOLIC_GLP1_INJ,rx_volume,83,,set to NULL; outside every treatment target-category window
DQ-000844,rx_claims_monthly.csv,missing_rx_volume,hcp_id=1041494554|month=2024-03|ndc_category=PULM_ICS_LABA_INH,rx_volume,65,,set to NULL; outside every treatment target-category window
DQ-000845,rx_claims_monthly.csv,missing_rx_volume,hcp_id=1518550110|month=2024-11|ndc_category=CV_ANTICOAG_ORAL,rx_volume,376,,set to NULL; outside every treatment target-category window
DQ-000846,rx_claims_monthly.csv,missing_rx_volume,hcp_id=1981504099|month=2024-06|ndc_category=ONC_TARGETED_ORAL,rx_volume,70,,set to NULL; outside every treatment target-category window
DQ-000847,rx_claims_monthly.csv,missing_rx_volume,hcp_id=1679256069|month=2023-03|ndc_category=ONC_TARGETED_ORAL,rx_volume,390,,set to NULL; outside every treatment target-category window
DQ-000848,rx_claims_monthly.csv,missing_rx_volume,hcp_id=1144669185|month=2025-02|ndc_category=METABOLIC_GLP1_INJ,rx_volume,534,,set to NULL; outside every treatment target-category window
DQ-000849,rx_claims_monthly.csv,missing_rx_volume,hcp_id=1881781243|month=2023-09|ndc_category=ENDO_BASAL_INSULIN,rx_volume,90,,set to NULL; outside every treatment target-category window
DQ-000850,rx_claims_monthly.csv,missing_rx_volume,hcp_id=1425340662|month=2024-12|ndc_category=PC_ANTIHYPERTENSIVE,rx_volume,529,,set to NULL; outside every treatment target-category window
DQ-000851,rx_claims_monthly.csv,missing_rx_volume,hcp_id=1224230882|month=2025-01|ndc_category=PC_ANTIHYPERTENSIVE,rx_volume,168,,set to NULL; outside every treatment target-category window
DQ-000852,rx_claims_monthly.csv,missing_rx_volume,hcp_id=1182422455|month=2023-04|ndc_category=CARD_HF_ARNI,rx_volume,409,,set to NULL; outside every treatment target-category window
DQ-000853,rx_claims_monthly.csv,missing_rx_volume,hcp_id=1847562299|month=2024-06|ndc_category=METABOLIC_GLP1_INJ,rx_volume,29,,set to NULL; outside every treatment target-category window
DQ-000854,rx_claims_monthly.csv,missing_rx_volume,hcp_id=1555906795|month=2025-03|ndc_category=METABOLIC_GLP1_INJ,rx_volume,575,,set to NULL; outside every treatment target-category window
DQ-000855,rx_claims_monthly.csv,missing_rx_volume,hcp_id=1338119237|month=2024-10|ndc_category=PC_ANTIHYPERTENSIVE,rx_volume,502,,set to NULL; outside every treatment target-category window
DQ-000856,rx_claims_monthly.csv,missing_rx_volume,hcp_id=1121962926|month=2024-05|ndc_category=RHEUM_JAK_ORAL,rx_volume,402,,set to NULL; outside every treatment target-category window
DQ-000857,rx_claims_monthly.csv,missing_rx_volume,hcp_id=1028436479|month=2023-07|ndc_category=ENDO_BASAL_INSULIN,rx_volume,247,,set to NULL; outside every treatment target-category window
DQ-000858,rx_claims_monthly.csv,missing_rx_volume,hcp_id=1436772218|month=2024-12|ndc_category=METABOLIC_GLP1_INJ,rx_volume,462,,set to NULL; outside every treatment target-category window
DQ-000859,rx_claims_monthly.csv,missing_rx_volume,hcp_id=1655374878|month=2024-08|ndc_category=METABOLIC_GLP1_INJ,rx_volume,110,,set to NULL; outside every treatment target-category window
DQ-000860,rx_claims_monthly.csv,missing_rx_volume,hcp_id=1381937048|month=2025-07|ndc_category=PC_ANTIHYPERTENSIVE,rx_volume,234,,set to NULL; outside every treatment target-category window
DQ-000861,rx_claims_monthly.csv,missing_rx_volume,hcp_id=1985816515|month=2023-12|ndc_category=METABOLIC_GLP1_INJ,rx_volume,44,,set to NULL; outside every treatment target-category window
DQ-000862,rx_claims_monthly.csv,missing_rx_volume,hcp_id=1081498101|month=2023-08|ndc_category=ENDO_BASAL_INSULIN,rx_volume,110,,set to NULL; outside every treatment target-category window
DQ-000863,rx_claims_monthly.csv,missing_rx_volume,hcp_id=1492077734|month=2023-02|ndc_category=CV_ANTICOAG_ORAL,rx_volume,392,,set to NULL; outside every treatment target-category window
DQ-000864,rx_claims_monthly.csv,missing_rx_volume,hcp_id=1848800052|month=2025-01|ndc_category=CARD_HF_ARNI,rx_volume,312,,set to NULL; outside every treatment target-category window
DQ-000865,rx_claims_monthly.csv,missing_rx_volume,hcp_id=1834127445|month=2024-04|ndc_category=CV_ANTICOAG_ORAL,rx_volume,576,,set to NULL; outside every treatment target-category window
DQ-000866,rx_claims_monthly.csv,missing_rx_volume,hcp_id=1696806755|month=2023-06|ndc_category=CV_ANTICOAG_ORAL,rx_volume,57,,set to NULL; outside every treatment target-category window
DQ-000867,rx_claims_monthly.csv,missing_rx_volume,hcp_id=1531018426|month=2023-05|ndc_category=CV_ANTICOAG_ORAL,rx_volume,175,,set to NULL; outside every treatment target-category window
DQ-000868,rx_claims_monthly.csv,missing_rx_volume,hcp_id=1705644676|month=2025-10|ndc_category=CV_ANTICOAG_ORAL,rx_volume,99,,set to NULL; outside every treatment target-category window
DQ-000869,rx_claims_monthly.csv,missing_rx_volume,hcp_id=1886821390|month=2023-06|ndc_category=CV_ANTICOAG_ORAL,rx_volume,57,,set to NULL; outside every treatment target-category window
DQ-000870,rx_claims_monthly.csv,missing_rx_volume,hcp_id=1570328496|month=2024-10|ndc_category=CV_ANTICOAG_ORAL,rx_volume,292,,set to NULL; outside every treatment target-category window
DQ-000871,rx_claims_monthly.csv,missing_rx_volume,hcp_id=1547244776|month=2024-01|ndc_category=CV_ANTICOAG_ORAL,rx_volume,261,,set to NULL; outside every treatment target-category window
DQ-000872,rx_claims_monthly.csv,missing_rx_volume,hcp_id=1271768685|month=2025-07|ndc_category=METABOLIC_GLP1_INJ,rx_volume,516,,set to NULL; outside every treatment target-category window
DQ-000873,rx_claims_monthly.csv,missing_rx_volume,hcp_id=1312630019|month=2023-01|ndc_category=CV_ANTICOAG_ORAL,rx_volume,76,,set to NULL; outside every treatment target-category window
DQ-000874,rx_claims_monthly.csv,missing_rx_volume,hcp_id=1216532808|month=2023-10|ndc_category=CV_ANTICOAG_ORAL,rx_volume,93,,set to NULL; outside every treatment target-category window
DQ-000875,rx_claims_monthly.csv,missing_rx_volume,hcp_id=1872102060|month=2025-06|ndc_category=METABOLIC_GLP1_INJ,rx_volume,48,,set to NULL; outside every treatment target-category window
DQ-000876,rx_claims_monthly.csv,missing_rx_volume,hcp_id=1449657976|month=2024-04|ndc_category=METABOLIC_GLP1_INJ,rx_volume,23,,set to NULL; outside every treatment target-category window
DQ-000877,rx_claims_monthly.csv,missing_rx_volume,hcp_id=1481247389|month=2023-05|ndc_category=CV_ANTICOAG_ORAL,rx_volume,180,,set to NULL; outside every treatment target-category window
DQ-000878,rx_claims_monthly.csv,missing_rx_volume,hcp_id=1422258099|month=2024-12|ndc_category=PULM_ICS_LABA_INH,rx_volume,99,,set to NULL; outside every treatment target-category window
DQ-000879,rx_claims_monthly.csv,missing_rx_volume,hcp_id=1913683516|month=2023-12|ndc_category=ONC_TARGETED_ORAL,rx_volume,176,,set to NULL; outside every treatment target-category window
DQ-000880,rx_claims_monthly.csv,missing_rx_volume,hcp_id=1912301342|month=2024-01|ndc_category=CV_ANTICOAG_ORAL,rx_volume,601,,set to NULL; outside every treatment target-category window
DQ-000881,rx_claims_monthly.csv,missing_rx_volume,hcp_id=1160652685|month=2024-07|ndc_category=CV_ANTICOAG_ORAL,rx_volume,380,,set to NULL; outside every treatment target-category window
DQ-000882,rx_claims_monthly.csv,missing_rx_volume,hcp_id=1376656900|month=2025-05|ndc_category=CARD_HF_ARNI,rx_volume,289,,set to NULL; outside every treatment target-category window
DQ-000883,rx_claims_monthly.csv,missing_rx_volume,hcp_id=1436772218|month=2025-05|ndc_category=METABOLIC_GLP1_INJ,rx_volume,551,,set to NULL; outside every treatment target-category window
DQ-000884,rx_claims_monthly.csv,missing_rx_volume,hcp_id=1111217703|month=2024-08|ndc_category=ONC_TARGETED_ORAL,rx_volume,63,,set to NULL; outside every treatment target-category window
DQ-000885,rx_claims_monthly.csv,missing_rx_volume,hcp_id=1613561947|month=2025-08|ndc_category=METABOLIC_GLP1_INJ,rx_volume,605,,set to NULL; outside every treatment target-category window
DQ-000886,rx_claims_monthly.csv,missing_rx_volume,hcp_id=1433980129|month=2023-04|ndc_category=METABOLIC_GLP1_INJ,rx_volume,156,,set to NULL; outside every treatment target-category window
DQ-000887,rx_claims_monthly.csv,missing_rx_volume,hcp_id=1440623548|month=2025-07|ndc_category=CV_ANTICOAG_ORAL,rx_volume,212,,set to NULL; outside every treatment target-category window
DQ-000888,rx_claims_monthly.csv,missing_rx_volume,hcp_id=1935314678|month=2023-02|ndc_category=CV_ANTICOAG_ORAL,rx_volume,322,,set to NULL; outside every treatment target-category window
DQ-000889,rx_claims_monthly.csv,missing_rx_volume,hcp_id=1016162897|month=2024-01|ndc_category=CV_ANTICOAG_ORAL,rx_volume,102,,set to NULL; outside every treatment target-category window
DQ-000890,rx_claims_monthly.csv,missing_rx_volume,hcp_id=1362560363|month=2023-04|ndc_category=CARD_HF_ARNI,rx_volume,379,,set to NULL; outside every treatment target-category window
DQ-000891,rx_claims_monthly.csv,missing_rx_volume,hcp_id=1061035188|month=2024-09|ndc_category=CV_ANTICOAG_ORAL,rx_volume,85,,set to NULL; outside every treatment target-category window
DQ-000892,rx_claims_monthly.csv,missing_rx_volume,hcp_id=1325850802|month=2024-10|ndc_category=NEURO_MIGRAINE_CGRP,rx_volume,98,,set to NULL; outside every treatment target-category window
DQ-000893,rx_claims_monthly.csv,missing_rx_volume,hcp_id=1449657976|month=2023-11|ndc_category=ONC_TARGETED_ORAL,rx_volume,63,,set to NULL; outside every treatment target-category window
DQ-000894,rx_claims_monthly.csv,missing_rx_volume,hcp_id=1262170503|month=2024-06|ndc_category=CV_ANTICOAG_ORAL,rx_volume,761,,set to NULL; outside every treatment target-category window
DQ-000895,rx_claims_monthly.csv,missing_rx_volume,hcp_id=1358245029|month=2024-02|ndc_category=CV_ANTICOAG_ORAL,rx_volume,136,,set to NULL; outside every treatment target-category window
DQ-000896,rx_claims_monthly.csv,missing_rx_volume,hcp_id=1886821390|month=2025-08|ndc_category=CV_ANTICOAG_ORAL,rx_volume,24,,set to NULL; outside every treatment target-category window
DQ-000897,rx_claims_monthly.csv,missing_rx_volume,hcp_id=1489598965|month=2025-10|ndc_category=CV_ANTICOAG_ORAL,rx_volume,227,,set to NULL; outside every treatment target-category window
DQ-000898,rx_claims_monthly.csv,missing_rx_volume,hcp_id=1502571429|month=2023-02|ndc_category=CV_ANTICOAG_ORAL,rx_volume,116,,set to NULL; outside every treatment target-category window
DQ-000899,rx_claims_monthly.csv,missing_rx_volume,hcp_id=1950588461|month=2025-03|ndc_category=CARD_HF_ARNI,rx_volume,355,,set to NULL; outside every treatment target-category window
DQ-000900,rx_claims_monthly.csv,missing_rx_volume,hcp_id=1954971234|month=2024-09|ndc_category=ONC_TARGETED_ORAL,rx_volume,99,,set to NULL; outside every treatment target-category window
DQ-000901,rx_claims_monthly.csv,missing_rx_volume,hcp_id=1436772218|month=2024-05|ndc_category=METABOLIC_GLP1_INJ,rx_volume,352,,set to NULL; outside every treatment target-category window
DQ-000902,rx_claims_monthly.csv,missing_rx_volume,hcp_id=1199423090|month=2023-02|ndc_category=METABOLIC_GLP1_INJ,rx_volume,64,,set to NULL; outside every treatment target-category window
DQ-000903,rx_claims_monthly.csv,missing_rx_volume,hcp_id=1325850802|month=2023-04|ndc_category=METABOLIC_GLP1_INJ,rx_volume,135,,set to NULL; outside every treatment target-category window
DQ-000904,rx_claims_monthly.csv,missing_rx_volume,hcp_id=1372196661|month=2025-07|ndc_category=ONC_TARGETED_ORAL,rx_volume,57,,set to NULL; outside every treatment target-category window
DQ-000905,rx_claims_monthly.csv,missing_rx_volume,hcp_id=1900445093|month=2024-01|ndc_category=ONC_TARGETED_ORAL,rx_volume,150,,set to NULL; outside every treatment target-category window
DQ-000906,rx_claims_monthly.csv,missing_rx_volume,hcp_id=1556860702|month=2024-05|ndc_category=METABOLIC_GLP1_INJ,rx_volume,27,,set to NULL; outside every treatment target-category window
DQ-000907,rx_claims_monthly.csv,missing_rx_volume,hcp_id=1088938448|month=2023-01|ndc_category=METABOLIC_GLP1_INJ,rx_volume,106,,set to NULL; outside every treatment target-category window
DQ-000908,rx_claims_monthly.csv,missing_rx_volume,hcp_id=1028772501|month=2025-03|ndc_category=CV_ANTICOAG_ORAL,rx_volume,204,,set to NULL; outside every treatment target-category window
DQ-000909,rx_claims_monthly.csv,missing_rx_volume,hcp_id=1287287258|month=2023-05|ndc_category=METABOLIC_GLP1_INJ,rx_volume,304,,set to NULL; outside every treatment target-category window
DQ-000910,rx_claims_monthly.csv,missing_rx_volume,hcp_id=1435662964|month=2023-01|ndc_category=METABOLIC_GLP1_INJ,rx_volume,89,,set to NULL; outside every treatment target-category window
DQ-000911,rx_claims_monthly.csv,missing_rx_volume,hcp_id=1444774099|month=2023-03|ndc_category=METABOLIC_GLP1_INJ,rx_volume,164,,set to NULL; outside every treatment target-category window
DQ-000912,rx_claims_monthly.csv,missing_rx_volume,hcp_id=1211781301|month=2024-04|ndc_category=CARD_HF_ARNI,rx_volume,1078,,set to NULL; outside every treatment target-category window
DQ-000913,rx_claims_monthly.csv,missing_rx_volume,hcp_id=1440623548|month=2024-12|ndc_category=CARD_HF_ARNI,rx_volume,178,,set to NULL; outside every treatment target-category window
DQ-000914,rx_claims_monthly.csv,missing_rx_volume,hcp_id=1221582384|month=2023-10|ndc_category=PULM_ICS_LABA_INH,rx_volume,643,,set to NULL; outside every treatment target-category window
DQ-000915,rx_claims_monthly.csv,missing_rx_volume,hcp_id=1415915762|month=2024-05|ndc_category=METABOLIC_GLP1_INJ,rx_volume,520,,set to NULL; outside every treatment target-category window
DQ-000916,rx_claims_monthly.csv,missing_rx_volume,hcp_id=1908127628|month=2023-01|ndc_category=METABOLIC_GLP1_INJ,rx_volume,92,,set to NULL; outside every treatment target-category window
DQ-000917,rx_claims_monthly.csv,missing_rx_volume,hcp_id=1412773438|month=2024-01|ndc_category=METABOLIC_GLP1_INJ,rx_volume,311,,set to NULL; outside every treatment target-category window
DQ-000918,rx_claims_monthly.csv,missing_rx_volume,hcp_id=1509977165|month=2025-07|ndc_category=METABOLIC_GLP1_INJ,rx_volume,819,,set to NULL; outside every treatment target-category window
DQ-000919,rx_claims_monthly.csv,missing_rx_volume,hcp_id=1477499267|month=2023-11|ndc_category=CARD_HF_ARNI,rx_volume,48,,set to NULL; outside every treatment target-category window
DQ-000920,rx_claims_monthly.csv,missing_rx_volume,hcp_id=1429777182|month=2023-04|ndc_category=CV_ANTICOAG_ORAL,rx_volume,78,,set to NULL; outside every treatment target-category window
DQ-000921,rx_claims_monthly.csv,missing_rx_volume,hcp_id=1334266743|month=2023-04|ndc_category=METABOLIC_GLP1_INJ,rx_volume,44,,set to NULL; outside every treatment target-category window
DQ-000922,rx_claims_monthly.csv,missing_rx_volume,hcp_id=1410724201|month=2024-08|ndc_category=METABOLIC_GLP1_INJ,rx_volume,206,,set to NULL; outside every treatment target-category window
DQ-000923,rx_claims_monthly.csv,missing_rx_volume,hcp_id=1333043895|month=2024-12|ndc_category=ENDO_BASAL_INSULIN,rx_volume,213,,set to NULL; outside every treatment target-category window
DQ-000924,rx_claims_monthly.csv,missing_rx_volume,hcp_id=1830884742|month=2023-04|ndc_category=CARD_HF_ARNI,rx_volume,85,,set to NULL; outside every treatment target-category window
DQ-000925,rx_claims_monthly.csv,missing_rx_volume,hcp_id=1194203331|month=2024-03|ndc_category=METABOLIC_GLP1_INJ,rx_volume,421,,set to NULL; outside every treatment target-category window
DQ-000926,rx_claims_monthly.csv,missing_rx_volume,hcp_id=1599989245|month=2023-10|ndc_category=CV_ANTICOAG_ORAL,rx_volume,76,,set to NULL; outside every treatment target-category window
DQ-000927,rx_claims_monthly.csv,missing_rx_volume,hcp_id=1031907094|month=2023-03|ndc_category=METABOLIC_GLP1_INJ,rx_volume,53,,set to NULL; outside every treatment target-category window
DQ-000928,rx_claims_monthly.csv,missing_rx_volume,hcp_id=1870532862|month=2025-08|ndc_category=METABOLIC_GLP1_INJ,rx_volume,111,,set to NULL; outside every treatment target-category window
DQ-000929,rx_claims_monthly.csv,missing_rx_volume,hcp_id=1015632783|month=2023-02|ndc_category=METABOLIC_GLP1_INJ,rx_volume,27,,set to NULL; outside every treatment target-category window
DQ-000930,rx_claims_monthly.csv,missing_rx_volume,hcp_id=1479680351|month=2024-09|ndc_category=PC_ANTIHYPERTENSIVE,rx_volume,222,,set to NULL; outside every treatment target-category window
DQ-000931,rx_claims_monthly.csv,missing_rx_volume,hcp_id=1323611925|month=2024-04|ndc_category=CV_ANTICOAG_ORAL,rx_volume,127,,set to NULL; outside every treatment target-category window
DQ-000932,rx_claims_monthly.csv,missing_rx_volume,hcp_id=1371002787|month=2025-07|ndc_category=METABOLIC_GLP1_INJ,rx_volume,209,,set to NULL; outside every treatment target-category window
DQ-000933,rx_claims_monthly.csv,missing_rx_volume,hcp_id=1132792726|month=2024-06|ndc_category=CV_ANTICOAG_ORAL,rx_volume,109,,set to NULL; outside every treatment target-category window
DQ-000934,rx_claims_monthly.csv,missing_rx_volume,hcp_id=1140492483|month=2023-07|ndc_category=CV_ANTICOAG_ORAL,rx_volume,59,,set to NULL; outside every treatment target-category window
DQ-000935,rx_claims_monthly.csv,missing_rx_volume,hcp_id=1657035808|month=2023-11|ndc_category=METABOLIC_GLP1_INJ,rx_volume,258,,set to NULL; outside every treatment target-category window
DQ-000936,rx_claims_monthly.csv,missing_rx_volume,hcp_id=1798313247|month=2023-06|ndc_category=METABOLIC_GLP1_INJ,rx_volume,68,,set to NULL; outside every treatment target-category window
DQ-000937,rx_claims_monthly.csv,missing_rx_volume,hcp_id=1854727892|month=2024-07|ndc_category=METABOLIC_GLP1_INJ,rx_volume,71,,set to NULL; outside every treatment target-category window
DQ-000938,rx_claims_monthly.csv,missing_rx_volume,hcp_id=1042285084|month=2022-12|ndc_category=METABOLIC_GLP1_INJ,rx_volume,415,,set to NULL; outside every treatment target-category window
DQ-000939,rx_claims_monthly.csv,missing_rx_volume,hcp_id=1782341873|month=2025-09|ndc_category=METABOLIC_GLP1_INJ,rx_volume,132,,set to NULL; outside every treatment target-category window
DQ-000940,rx_claims_monthly.csv,missing_rx_volume,hcp_id=1243754490|month=2023-03|ndc_category=CV_ANTICOAG_ORAL,rx_volume,358,,set to NULL; outside every treatment target-category window
DQ-000941,rx_claims_monthly.csv,missing_rx_volume,hcp_id=1251202242|month=2025-06|ndc_category=METABOLIC_GLP1_INJ,rx_volume,165,,set to NULL; outside every treatment target-category window
DQ-000942,rx_claims_monthly.csv,missing_rx_volume,hcp_id=1905395731|month=2025-06|ndc_category=PC_ANTIHYPERTENSIVE,rx_volume,31,,set to NULL; outside every treatment target-category window
DQ-000943,rx_claims_monthly.csv,missing_rx_volume,hcp_id=1997693654|month=2025-02|ndc_category=METABOLIC_GLP1_INJ,rx_volume,65,,set to NULL; outside every treatment target-category window
DQ-000944,rx_claims_monthly.csv,missing_rx_volume,hcp_id=1484424456|month=2025-03|ndc_category=METABOLIC_GLP1_INJ,rx_volume,79,,set to NULL; outside every treatment target-category window
DQ-000945,rx_claims_monthly.csv,missing_rx_volume,hcp_id=1113190601|month=2024-11|ndc_category=PULM_ICS_LABA_INH,rx_volume,98,,set to NULL; outside every treatment target-category window
DQ-000946,rx_claims_monthly.csv,missing_rx_volume,hcp_id=1937449878|month=2025-02|ndc_category=METABOLIC_GLP1_INJ,rx_volume,32,,set to NULL; outside every treatment target-category window
DQ-000947,rx_claims_monthly.csv,missing_rx_volume,hcp_id=1188598183|month=2025-05|ndc_category=CV_ANTICOAG_ORAL,rx_volume,707,,set to NULL; outside every treatment target-category window
DQ-000948,rx_claims_monthly.csv,missing_rx_volume,hcp_id=1616839134|month=2024-12|ndc_category=CV_ANTICOAG_ORAL,rx_volume,387,,set to NULL; outside every treatment target-category window
DQ-000949,rx_claims_monthly.csv,missing_rx_volume,hcp_id=1196385359|month=2025-03|ndc_category=METABOLIC_GLP1_INJ,rx_volume,218,,set to NULL; outside every treatment target-category window
DQ-000950,rx_claims_monthly.csv,missing_rx_volume,hcp_id=1260279835|month=2024-09|ndc_category=CARD_HF_ARNI,rx_volume,40,,set to NULL; outside every treatment target-category window
DQ-000951,rx_claims_monthly.csv,missing_rx_volume,hcp_id=1508064668|month=2025-05|ndc_category=METABOLIC_GLP1_INJ,rx_volume,92,,set to NULL; outside every treatment target-category window
DQ-000952,rx_claims_monthly.csv,missing_rx_volume,hcp_id=1148541752|month=2025-09|ndc_category=ENDO_BASAL_INSULIN,rx_volume,1596,,set to NULL; outside every treatment target-category window
DQ-000953,rx_claims_monthly.csv,missing_rx_volume,hcp_id=1056679651|month=2023-03|ndc_category=CARD_HF_ARNI,rx_volume,223,,set to NULL; outside every treatment target-category window
DQ-000954,rx_claims_monthly.csv,missing_rx_volume,hcp_id=1120914548|month=2024-05|ndc_category=CARD_HF_ARNI,rx_volume,416,,set to NULL; outside every treatment target-category window
DQ-000955,rx_claims_monthly.csv,missing_rx_volume,hcp_id=1707917476|month=2025-10|ndc_category=CV_ANTICOAG_ORAL,rx_volume,71,,set to NULL; outside every treatment target-category window
DQ-000956,rx_claims_monthly.csv,missing_rx_volume,hcp_id=1655727265|month=2024-03|ndc_category=METABOLIC_GLP1_INJ,rx_volume,110,,set to NULL; outside every treatment target-category window
DQ-000957,rx_claims_monthly.csv,missing_rx_volume,hcp_id=1079997809|month=2023-11|ndc_category=CV_ANTICOAG_ORAL,rx_volume,285,,set to NULL; outside every treatment target-category window
DQ-000958,rx_claims_monthly.csv,missing_rx_volume,hcp_id=1693013389|month=2025-05|ndc_category=METABOLIC_GLP1_INJ,rx_volume,405,,set to NULL; outside every treatment target-category window
DQ-000959,rx_claims_monthly.csv,missing_rx_volume,hcp_id=1977228745|month=2024-03|ndc_category=CARD_HF_ARNI,rx_volume,241,,set to NULL; outside every treatment target-category window
DQ-000960,rx_claims_monthly.csv,missing_rx_volume,hcp_id=1416978082|month=2025-07|ndc_category=ONC_TARGETED_ORAL,rx_volume,103,,set to NULL; outside every treatment target-category window
DQ-000961,rx_claims_monthly.csv,missing_rx_volume,hcp_id=1162375699|month=2024-05|ndc_category=RHEUM_JAK_ORAL,rx_volume,669,,set to NULL; outside every treatment target-category window
DQ-000962,rx_claims_monthly.csv,missing_rx_volume,hcp_id=1742859469|month=2025-10|ndc_category=PULM_ICS_LABA_INH,rx_volume,535,,set to NULL; outside every treatment target-category window
DQ-000963,rx_claims_monthly.csv,missing_rx_volume,hcp_id=1815549120|month=2023-11|ndc_category=CV_ANTICOAG_ORAL,rx_volume,78,,set to NULL; outside every treatment target-category window
DQ-000964,rx_claims_monthly.csv,missing_rx_volume,hcp_id=1363342464|month=2024-06|ndc_category=CV_ANTICOAG_ORAL,rx_volume,462,,set to NULL; outside every treatment target-category window
DQ-000965,rx_claims_monthly.csv,missing_rx_volume,hcp_id=1657025858|month=2023-02|ndc_category=CV_ANTICOAG_ORAL,rx_volume,86,,set to NULL; outside every treatment target-category window
DQ-000966,rx_claims_monthly.csv,missing_rx_volume,hcp_id=1285330571|month=2025-10|ndc_category=CV_ANTICOAG_ORAL,rx_volume,158,,set to NULL; outside every treatment target-category window
DQ-000967,rx_claims_monthly.csv,missing_rx_volume,hcp_id=1191540602|month=2023-10|ndc_category=CV_ANTICOAG_ORAL,rx_volume,58,,set to NULL; outside every treatment target-category window
DQ-000968,rx_claims_monthly.csv,missing_rx_volume,hcp_id=1152018085|month=2024-08|ndc_category=PULM_ICS_LABA_INH,rx_volume,296,,set to NULL; outside every treatment target-category window
DQ-000969,rx_claims_monthly.csv,missing_rx_volume,hcp_id=1286477181|month=2024-01|ndc_category=CV_ANTICOAG_ORAL,rx_volume,366,,set to NULL; outside every treatment target-category window
DQ-000970,rx_claims_monthly.csv,missing_rx_volume,hcp_id=1987092370|month=2023-08|ndc_category=ONC_TARGETED_ORAL,rx_volume,319,,set to NULL; outside every treatment target-category window
DQ-000971,rx_claims_monthly.csv,missing_rx_volume,hcp_id=1332504376|month=2023-07|ndc_category=ENDO_BASAL_INSULIN,rx_volume,167,,set to NULL; outside every treatment target-category window
DQ-000972,rx_claims_monthly.csv,missing_rx_volume,hcp_id=1937526600|month=2024-05|ndc_category=METABOLIC_GLP1_INJ,rx_volume,44,,set to NULL; outside every treatment target-category window
DQ-000973,rx_claims_monthly.csv,missing_rx_volume,hcp_id=1594083903|month=2023-05|ndc_category=METABOLIC_GLP1_INJ,rx_volume,167,,set to NULL; outside every treatment target-category window
DQ-000974,rx_claims_monthly.csv,missing_rx_volume,hcp_id=1423152481|month=2025-05|ndc_category=METABOLIC_GLP1_INJ,rx_volume,535,,set to NULL; outside every treatment target-category window
DQ-000975,rx_claims_monthly.csv,missing_rx_volume,hcp_id=1803233885|month=2025-10|ndc_category=CV_ANTICOAG_ORAL,rx_volume,222,,set to NULL; outside every treatment target-category window
DQ-000976,rx_claims_monthly.csv,missing_rx_volume,hcp_id=1000748156|month=2024-01|ndc_category=CV_ANTICOAG_ORAL,rx_volume,458,,set to NULL; outside every treatment target-category window
DQ-000977,rx_claims_monthly.csv,missing_rx_volume,hcp_id=1869092142|month=2023-09|ndc_category=CV_ANTICOAG_ORAL,rx_volume,623,,set to NULL; outside every treatment target-category window
DQ-000978,rx_claims_monthly.csv,missing_rx_volume,hcp_id=1551107307|month=2024-08|ndc_category=CV_ANTICOAG_ORAL,rx_volume,419,,set to NULL; outside every treatment target-category window
DQ-000979,rx_claims_monthly.csv,missing_rx_volume,hcp_id=1168657405|month=2024-09|ndc_category=METABOLIC_GLP1_INJ,rx_volume,107,,set to NULL; outside every treatment target-category window
DQ-000980,rx_claims_monthly.csv,missing_rx_volume,hcp_id=1001999733|month=2025-05|ndc_category=METABOLIC_GLP1_INJ,rx_volume,42,,set to NULL; outside every treatment target-category window
DQ-000981,rx_claims_monthly.csv,missing_rx_volume,hcp_id=1011940271|month=2023-05|ndc_category=CV_ANTICOAG_ORAL,rx_volume,160,,set to NULL; outside every treatment target-category window
DQ-000982,rx_claims_monthly.csv,missing_rx_volume,hcp_id=1908127628|month=2025-03|ndc_category=CV_ANTICOAG_ORAL,rx_volume,168,,set to NULL; outside every treatment target-category window
DQ-000983,rx_claims_monthly.csv,missing_rx_volume,hcp_id=1360698140|month=2023-12|ndc_category=ONC_TARGETED_ORAL,rx_volume,135,,set to NULL; outside every treatment target-category window
DQ-000984,rx_claims_monthly.csv,missing_rx_volume,hcp_id=1834127445|month=2024-02|ndc_category=ENDO_BASAL_INSULIN,rx_volume,418,,set to NULL; outside every treatment target-category window
DQ-000985,rx_claims_monthly.csv,missing_rx_volume,hcp_id=1306006622|month=2023-05|ndc_category=METABOLIC_GLP1_INJ,rx_volume,106,,set to NULL; outside every treatment target-category window
DQ-000986,rx_claims_monthly.csv,missing_rx_volume,hcp_id=1488840616|month=2024-10|ndc_category=METABOLIC_GLP1_INJ,rx_volume,486,,set to NULL; outside every treatment target-category window
DQ-000987,rx_claims_monthly.csv,missing_rx_volume,hcp_id=1567993435|month=2025-03|ndc_category=CV_ANTICOAG_ORAL,rx_volume,76,,set to NULL; outside every treatment target-category window
DQ-000988,rx_claims_monthly.csv,missing_rx_volume,hcp_id=1464805419|month=2023-02|ndc_category=METABOLIC_GLP1_INJ,rx_volume,166,,set to NULL; outside every treatment target-category window
DQ-000989,rx_claims_monthly.csv,missing_rx_volume,hcp_id=1702446943|month=2024-08|ndc_category=CV_ANTICOAG_ORAL,rx_volume,55,,set to NULL; outside every treatment target-category window
DQ-000990,rx_claims_monthly.csv,missing_rx_volume,hcp_id=1362616959|month=2024-07|ndc_category=CV_ANTICOAG_ORAL,rx_volume,42,,set to NULL; outside every treatment target-category window
DQ-000991,rx_claims_monthly.csv,missing_rx_volume,hcp_id=1356707665|month=2024-05|ndc_category=ONC_TARGETED_ORAL,rx_volume,137,,set to NULL; outside every treatment target-category window
DQ-000992,rx_claims_monthly.csv,missing_rx_volume,hcp_id=1293528836|month=2025-01|ndc_category=PULM_ICS_LABA_INH,rx_volume,213,,set to NULL; outside every treatment target-category window
DQ-000993,rx_claims_monthly.csv,missing_rx_volume,hcp_id=1782077311|month=2024-06|ndc_category=CV_ANTICOAG_ORAL,rx_volume,76,,set to NULL; outside every treatment target-category window
DQ-000994,rx_claims_monthly.csv,missing_rx_volume,hcp_id=1718275724|month=2022-12|ndc_category=METABOLIC_GLP1_INJ,rx_volume,51,,set to NULL; outside every treatment target-category window
DQ-000995,rx_claims_monthly.csv,missing_rx_volume,hcp_id=1708639657|month=2024-01|ndc_category=METABOLIC_GLP1_INJ,rx_volume,104,,set to NULL; outside every treatment target-category window
DQ-000996,rx_claims_monthly.csv,missing_rx_volume,hcp_id=1149018644|month=2025-08|ndc_category=ONC_TARGETED_ORAL,rx_volume,192,,set to NULL; outside every treatment target-category window
DQ-000997,rx_claims_monthly.csv,missing_rx_volume,hcp_id=1721743411|month=2025-09|ndc_category=METABOLIC_GLP1_INJ,rx_volume,112,,set to NULL; outside every treatment target-category window
DQ-000998,rx_claims_monthly.csv,missing_rx_volume,hcp_id=1334515891|month=2023-03|ndc_category=CV_ANTICOAG_ORAL,rx_volume,118,,set to NULL; outside every treatment target-category window
DQ-000999,rx_claims_monthly.csv,missing_rx_volume,hcp_id=1568842342|month=2023-08|ndc_category=METABOLIC_GLP1_INJ,rx_volume,49,,set to NULL; outside every treatment target-category window
DQ-001000,rx_claims_monthly.csv,missing_rx_volume,hcp_id=1262170503|month=2023-04|ndc_category=METABOLIC_GLP1_INJ,rx_volume,252,,set to NULL; outside every treatment target-category window
DQ-001001,rx_claims_monthly.csv,missing_rx_volume,hcp_id=1856601467|month=2023-02|ndc_category=NEURO_MIGRAINE_CGRP,rx_volume,336,,set to NULL; outside every treatment target-category window
DQ-001002,rx_claims_monthly.csv,missing_rx_volume,hcp_id=1588179048|month=2024-01|ndc_category=CV_ANTICOAG_ORAL,rx_volume,90,,set to NULL; outside every treatment target-category window
DQ-001003,rx_claims_monthly.csv,missing_rx_volume,hcp_id=1937449878|month=2024-09|ndc_category=NEURO_MIGRAINE_CGRP,rx_volume,75,,set to NULL; outside every treatment target-category window
DQ-001004,rx_claims_monthly.csv,missing_rx_volume,hcp_id=1250113473|month=2025-08|ndc_category=CV_ANTICOAG_ORAL,rx_volume,34,,set to NULL; outside every treatment target-category window
DQ-001005,rx_claims_monthly.csv,missing_rx_volume,hcp_id=1279684447|month=2025-03|ndc_category=CV_ANTICOAG_ORAL,rx_volume,78,,set to NULL; outside every treatment target-category window
DQ-001006,rx_claims_monthly.csv,missing_rx_volume,hcp_id=1043802820|month=2024-05|ndc_category=METABOLIC_GLP1_INJ,rx_volume,89,,set to NULL; outside every treatment target-category window
DQ-001007,rx_claims_monthly.csv,missing_rx_volume,hcp_id=1209829039|month=2023-12|ndc_category=METABOLIC_GLP1_INJ,rx_volume,244,,set to NULL; outside every treatment target-category window
DQ-001008,rx_claims_monthly.csv,missing_rx_volume,hcp_id=1509977165|month=2024-08|ndc_category=METABOLIC_GLP1_INJ,rx_volume,585,,set to NULL; outside every treatment target-category window
DQ-001009,rx_claims_monthly.csv,missing_rx_volume,hcp_id=1546151204|month=2024-12|ndc_category=METABOLIC_GLP1_INJ,rx_volume,377,,set to NULL; outside every treatment target-category window
DQ-001010,rx_claims_monthly.csv,missing_rx_volume,hcp_id=1139166684|month=2023-12|ndc_category=CV_ANTICOAG_ORAL,rx_volume,119,,set to NULL; outside every treatment target-category window
DQ-001011,rx_claims_monthly.csv,missing_rx_volume,hcp_id=1069143851|month=2025-09|ndc_category=CV_ANTICOAG_ORAL,rx_volume,110,,set to NULL; outside every treatment target-category window
DQ-001012,rx_claims_monthly.csv,missing_rx_volume,hcp_id=1713731663|month=2025-06|ndc_category=METABOLIC_GLP1_INJ,rx_volume,328,,set to NULL; outside every treatment target-category window
DQ-001013,rx_claims_monthly.csv,missing_rx_volume,hcp_id=1475353029|month=2024-06|ndc_category=METABOLIC_GLP1_INJ,rx_volume,181,,set to NULL; outside every treatment target-category window
DQ-001014,rx_claims_monthly.csv,missing_rx_volume,hcp_id=1674102136|month=2025-06|ndc_category=CV_ANTICOAG_ORAL,rx_volume,62,,set to NULL; outside every treatment target-category window
DQ-001015,rx_claims_monthly.csv,missing_rx_volume,hcp_id=1464805419|month=2025-03|ndc_category=CARD_HF_ARNI,rx_volume,41,,set to NULL; outside every treatment target-category window
DQ-001016,rx_claims_monthly.csv,missing_rx_volume,hcp_id=1400951004|month=2023-07|ndc_category=CV_ANTICOAG_ORAL,rx_volume,284,,set to NULL; outside every treatment target-category window
DQ-001017,rx_claims_monthly.csv,missing_rx_volume,hcp_id=1240190284|month=2023-04|ndc_category=METABOLIC_GLP1_INJ,rx_volume,70,,set to NULL; outside every treatment target-category window
DQ-001018,rx_claims_monthly.csv,missing_rx_volume,hcp_id=1555906795|month=2024-08|ndc_category=METABOLIC_GLP1_INJ,rx_volume,478,,set to NULL; outside every treatment target-category window
DQ-001019,rx_claims_monthly.csv,missing_rx_volume,hcp_id=1425845660|month=2023-05|ndc_category=METABOLIC_GLP1_INJ,rx_volume,36,,set to NULL; outside every treatment target-category window
DQ-001020,rx_claims_monthly.csv,missing_rx_volume,hcp_id=1641859123|month=2024-03|ndc_category=METABOLIC_GLP1_INJ,rx_volume,124,,set to NULL; outside every treatment target-category window
DQ-001021,rx_claims_monthly.csv,missing_rx_volume,hcp_id=1701585576|month=2024-05|ndc_category=METABOLIC_GLP1_INJ,rx_volume,165,,set to NULL; outside every treatment target-category window
DQ-001022,rx_claims_monthly.csv,missing_rx_volume,hcp_id=1905395731|month=2023-05|ndc_category=CV_ANTICOAG_ORAL,rx_volume,69,,set to NULL; outside every treatment target-category window
DQ-001023,rx_claims_monthly.csv,missing_rx_volume,hcp_id=1501015600|month=2025-01|ndc_category=CV_ANTICOAG_ORAL,rx_volume,58,,set to NULL; outside every treatment target-category window
DQ-001024,rx_claims_monthly.csv,missing_rx_volume,hcp_id=1613561947|month=2023-08|ndc_category=CV_ANTICOAG_ORAL,rx_volume,203,,set to NULL; outside every treatment target-category window
DQ-001025,rx_claims_monthly.csv,missing_rx_volume,hcp_id=1113023042|month=2024-09|ndc_category=CV_ANTICOAG_ORAL,rx_volume,114,,set to NULL; outside every treatment target-category window
DQ-001026,rx_claims_monthly.csv,missing_rx_volume,hcp_id=1136500869|month=2023-02|ndc_category=METABOLIC_GLP1_INJ,rx_volume,65,,set to NULL; outside every treatment target-category window
DQ-001027,rx_claims_monthly.csv,missing_rx_volume,hcp_id=1010957193|month=2023-03|ndc_category=NEURO_MIGRAINE_CGRP,rx_volume,583,,set to NULL; outside every treatment target-category window
DQ-001028,rx_claims_monthly.csv,missing_rx_volume,hcp_id=1418704015|month=2023-06|ndc_category=METABOLIC_GLP1_INJ,rx_volume,68,,set to NULL; outside every treatment target-category window
DQ-001029,rx_claims_monthly.csv,missing_rx_volume,hcp_id=1028772501|month=2023-08|ndc_category=NEURO_MIGRAINE_CGRP,rx_volume,226,,set to NULL; outside every treatment target-category window
DQ-001030,rx_claims_monthly.csv,missing_rx_volume,hcp_id=1510477734|month=2023-07|ndc_category=NEURO_MIGRAINE_CGRP,rx_volume,41,,set to NULL; outside every treatment target-category window
DQ-001031,rx_claims_monthly.csv,missing_rx_volume,hcp_id=1411375466|month=2022-12|ndc_category=CV_ANTICOAG_ORAL,rx_volume,136,,set to NULL; outside every treatment target-category window
DQ-001032,rx_claims_monthly.csv,missing_rx_volume,hcp_id=1638368260|month=2024-10|ndc_category=METABOLIC_GLP1_INJ,rx_volume,72,,set to NULL; outside every treatment target-category window
DQ-001033,rx_claims_monthly.csv,missing_rx_volume,hcp_id=1043802820|month=2025-08|ndc_category=METABOLIC_GLP1_INJ,rx_volume,78,,set to NULL; outside every treatment target-category window
DQ-001034,rx_claims_monthly.csv,missing_rx_volume,hcp_id=1632734848|month=2025-04|ndc_category=CV_ANTICOAG_ORAL,rx_volume,106,,set to NULL; outside every treatment target-category window
DQ-001035,rx_claims_monthly.csv,missing_rx_volume,hcp_id=1075683551|month=2023-09|ndc_category=CV_ANTICOAG_ORAL,rx_volume,144,,set to NULL; outside every treatment target-category window
DQ-001036,rx_claims_monthly.csv,missing_rx_volume,hcp_id=1707268052|month=2024-03|ndc_category=CV_ANTICOAG_ORAL,rx_volume,520,,set to NULL; outside every treatment target-category window
DQ-001037,rx_claims_monthly.csv,missing_rx_volume,hcp_id=1085047243|month=2024-11|ndc_category=METABOLIC_GLP1_INJ,rx_volume,36,,set to NULL; outside every treatment target-category window
DQ-001038,rx_claims_monthly.csv,missing_rx_volume,hcp_id=1747637738|month=2023-04|ndc_category=METABOLIC_GLP1_INJ,rx_volume,68,,set to NULL; outside every treatment target-category window
DQ-001039,rx_claims_monthly.csv,missing_rx_volume,hcp_id=1935314678|month=2023-08|ndc_category=CV_ANTICOAG_ORAL,rx_volume,240,,set to NULL; outside every treatment target-category window
DQ-001040,rx_claims_monthly.csv,missing_rx_volume,hcp_id=1300654963|month=2024-06|ndc_category=PC_ANTIHYPERTENSIVE,rx_volume,253,,set to NULL; outside every treatment target-category window
DQ-001041,rx_claims_monthly.csv,missing_rx_volume,hcp_id=1798313247|month=2025-02|ndc_category=CV_ANTICOAG_ORAL,rx_volume,129,,set to NULL; outside every treatment target-category window
DQ-001042,rx_claims_monthly.csv,missing_rx_volume,hcp_id=1085047243|month=2025-04|ndc_category=CV_ANTICOAG_ORAL,rx_volume,15,,set to NULL; outside every treatment target-category window
DQ-001043,rx_claims_monthly.csv,missing_rx_volume,hcp_id=1616418756|month=2024-08|ndc_category=METABOLIC_GLP1_INJ,rx_volume,192,,set to NULL; outside every treatment target-category window
DQ-001044,rx_claims_monthly.csv,missing_rx_volume,hcp_id=1835878442|month=2023-07|ndc_category=CV_ANTICOAG_ORAL,rx_volume,70,,set to NULL; outside every treatment target-category window
DQ-001045,rx_claims_monthly.csv,missing_rx_volume,hcp_id=1769198304|month=2024-09|ndc_category=METABOLIC_GLP1_INJ,rx_volume,25,,set to NULL; outside every treatment target-category window
DQ-001046,rx_claims_monthly.csv,missing_rx_volume,hcp_id=1467704312|month=2023-12|ndc_category=NEURO_MIGRAINE_CGRP,rx_volume,231,,set to NULL; outside every treatment target-category window
DQ-001047,rx_claims_monthly.csv,missing_rx_volume,hcp_id=1271463741|month=2024-02|ndc_category=CV_ANTICOAG_ORAL,rx_volume,110,,set to NULL; outside every treatment target-category window
DQ-001048,rx_claims_monthly.csv,missing_rx_volume,hcp_id=1004543439|month=2024-09|ndc_category=METABOLIC_GLP1_INJ,rx_volume,152,,set to NULL; outside every treatment target-category window
DQ-001049,rx_claims_monthly.csv,missing_rx_volume,hcp_id=1840863041|month=2025-09|ndc_category=CV_ANTICOAG_ORAL,rx_volume,328,,set to NULL; outside every treatment target-category window
DQ-001050,rx_claims_monthly.csv,missing_rx_volume,hcp_id=1689059347|month=2023-09|ndc_category=PC_ANTIHYPERTENSIVE,rx_volume,211,,set to NULL; outside every treatment target-category window
DQ-001051,rx_claims_monthly.csv,missing_rx_volume,hcp_id=1847794991|month=2025-01|ndc_category=PC_ANTIHYPERTENSIVE,rx_volume,70,,set to NULL; outside every treatment target-category window
DQ-001052,rx_claims_monthly.csv,missing_rx_volume,hcp_id=1712092349|month=2023-10|ndc_category=ONC_TARGETED_ORAL,rx_volume,134,,set to NULL; outside every treatment target-category window
DQ-001053,rx_claims_monthly.csv,missing_rx_volume,hcp_id=1390939977|month=2023-11|ndc_category=METABOLIC_GLP1_INJ,rx_volume,270,,set to NULL; outside every treatment target-category window
DQ-001054,rx_claims_monthly.csv,missing_rx_volume,hcp_id=1666389063|month=2024-09|ndc_category=METABOLIC_GLP1_INJ,rx_volume,170,,set to NULL; outside every treatment target-category window
DQ-001055,rx_claims_monthly.csv,missing_rx_volume,hcp_id=1645750203|month=2024-12|ndc_category=METABOLIC_GLP1_INJ,rx_volume,193,,set to NULL; outside every treatment target-category window
DQ-001056,rx_claims_monthly.csv,missing_rx_volume,hcp_id=1615059528|month=2024-01|ndc_category=CV_ANTICOAG_ORAL,rx_volume,211,,set to NULL; outside every treatment target-category window
DQ-001057,rx_claims_monthly.csv,missing_rx_volume,hcp_id=1929302226|month=2024-12|ndc_category=CV_ANTICOAG_ORAL,rx_volume,817,,set to NULL; outside every treatment target-category window
DQ-001058,rx_claims_monthly.csv,missing_rx_volume,hcp_id=1325850802|month=2025-09|ndc_category=NEURO_MIGRAINE_CGRP,rx_volume,75,,set to NULL; outside every treatment target-category window
DQ-001059,rx_claims_monthly.csv,missing_rx_volume,hcp_id=1613561947|month=2024-06|ndc_category=METABOLIC_GLP1_INJ,rx_volume,317,,set to NULL; outside every treatment target-category window
DQ-001060,rx_claims_monthly.csv,missing_rx_volume,hcp_id=1338304433|month=2023-09|ndc_category=CV_ANTICOAG_ORAL,rx_volume,156,,set to NULL; outside every treatment target-category window
DQ-001061,rx_claims_monthly.csv,missing_rx_volume,hcp_id=1308498975|month=2025-05|ndc_category=PULM_ICS_LABA_INH,rx_volume,260,,set to NULL; outside every treatment target-category window
DQ-001062,rx_claims_monthly.csv,missing_rx_volume,hcp_id=1350739367|month=2025-10|ndc_category=CARD_HF_ARNI,rx_volume,359,,set to NULL; outside every treatment target-category window
DQ-001063,rx_claims_monthly.csv,missing_rx_volume,hcp_id=1179994367|month=2023-09|ndc_category=METABOLIC_GLP1_INJ,rx_volume,82,,set to NULL; outside every treatment target-category window
DQ-001064,rx_claims_monthly.csv,missing_rx_volume,hcp_id=1976038558|month=2025-01|ndc_category=CARD_HF_ARNI,rx_volume,302,,set to NULL; outside every treatment target-category window
DQ-001065,rx_claims_monthly.csv,missing_rx_volume,hcp_id=1655321622|month=2024-09|ndc_category=METABOLIC_GLP1_INJ,rx_volume,125,,set to NULL; outside every treatment target-category window
DQ-001066,rx_claims_monthly.csv,missing_rx_volume,hcp_id=1657655308|month=2025-03|ndc_category=METABOLIC_GLP1_INJ,rx_volume,88,,set to NULL; outside every treatment target-category window
DQ-001067,rx_claims_monthly.csv,missing_rx_volume,hcp_id=1268222167|month=2024-01|ndc_category=METABOLIC_GLP1_INJ,rx_volume,162,,set to NULL; outside every treatment target-category window
DQ-001068,rx_claims_monthly.csv,missing_rx_volume,hcp_id=1590337907|month=2024-06|ndc_category=CV_ANTICOAG_ORAL,rx_volume,359,,set to NULL; outside every treatment target-category window
DQ-001069,rx_claims_monthly.csv,missing_rx_volume,hcp_id=1109634414|month=2025-09|ndc_category=METABOLIC_GLP1_INJ,rx_volume,195,,set to NULL; outside every treatment target-category window
DQ-001070,rx_claims_monthly.csv,missing_rx_volume,hcp_id=1209464480|month=2024-05|ndc_category=METABOLIC_GLP1_INJ,rx_volume,145,,set to NULL; outside every treatment target-category window
DQ-001071,rx_claims_monthly.csv,missing_rx_volume,hcp_id=1251202242|month=2023-04|ndc_category=METABOLIC_GLP1_INJ,rx_volume,197,,set to NULL; outside every treatment target-category window
DQ-001072,rx_claims_monthly.csv,missing_rx_volume,hcp_id=1707268052|month=2024-03|ndc_category=METABOLIC_GLP1_INJ,rx_volume,236,,set to NULL; outside every treatment target-category window
DQ-001073,rx_claims_monthly.csv,missing_rx_volume,hcp_id=1971977354|month=2022-12|ndc_category=CV_ANTICOAG_ORAL,rx_volume,129,,set to NULL; outside every treatment target-category window
DQ-001074,rx_claims_monthly.csv,missing_rx_volume,hcp_id=1621842156|month=2025-02|ndc_category=METABOLIC_GLP1_INJ,rx_volume,131,,set to NULL; outside every treatment target-category window
DQ-001075,rx_claims_monthly.csv,missing_rx_volume,hcp_id=1572650665|month=2023-08|ndc_category=ENDO_BASAL_INSULIN,rx_volume,525,,set to NULL; outside every treatment target-category window
DQ-001076,rx_claims_monthly.csv,missing_rx_volume,hcp_id=1725198265|month=2024-03|ndc_category=CV_ANTICOAG_ORAL,rx_volume,328,,set to NULL; outside every treatment target-category window
DQ-001077,rx_claims_monthly.csv,missing_rx_volume,hcp_id=1696806755|month=2023-05|ndc_category=METABOLIC_GLP1_INJ,rx_volume,63,,set to NULL; outside every treatment target-category window
DQ-001078,rx_claims_monthly.csv,missing_rx_volume,hcp_id=1586730040|month=2025-06|ndc_category=NEURO_MIGRAINE_CGRP,rx_volume,59,,set to NULL; outside every treatment target-category window
DQ-001079,rx_claims_monthly.csv,missing_rx_volume,hcp_id=1436772218|month=2023-04|ndc_category=METABOLIC_GLP1_INJ,rx_volume,251,,set to NULL; outside every treatment target-category window
DQ-001080,rx_claims_monthly.csv,missing_rx_volume,hcp_id=1332815285|month=2023-10|ndc_category=CV_ANTICOAG_ORAL,rx_volume,113,,set to NULL; outside every treatment target-category window
DQ-001081,rx_claims_monthly.csv,missing_rx_volume,hcp_id=1568842342|month=2023-01|ndc_category=CV_ANTICOAG_ORAL,rx_volume,74,,set to NULL; outside every treatment target-category window
DQ-001082,rx_claims_monthly.csv,missing_rx_volume,hcp_id=1464676570|month=2024-12|ndc_category=METABOLIC_GLP1_INJ,rx_volume,80,,set to NULL; outside every treatment target-category window
DQ-001083,rx_claims_monthly.csv,missing_rx_volume,hcp_id=1413202163|month=2025-09|ndc_category=ENDO_BASAL_INSULIN,rx_volume,129,,set to NULL; outside every treatment target-category window
DQ-001084,rx_claims_monthly.csv,missing_rx_volume,hcp_id=1335601583|month=2023-01|ndc_category=METABOLIC_GLP1_INJ,rx_volume,142,,set to NULL; outside every treatment target-category window
DQ-001085,rx_claims_monthly.csv,missing_rx_volume,hcp_id=1138208594|month=2024-01|ndc_category=CV_ANTICOAG_ORAL,rx_volume,74,,set to NULL; outside every treatment target-category window
DQ-001086,rx_claims_monthly.csv,missing_rx_volume,hcp_id=1803339427|month=2023-04|ndc_category=ENDO_BASAL_INSULIN,rx_volume,254,,set to NULL; outside every treatment target-category window
DQ-001087,rx_claims_monthly.csv,missing_rx_volume,hcp_id=1746046261|month=2024-11|ndc_category=METABOLIC_GLP1_INJ,rx_volume,169,,set to NULL; outside every treatment target-category window
DQ-001088,rx_claims_monthly.csv,missing_rx_volume,hcp_id=1238983617|month=2025-06|ndc_category=METABOLIC_GLP1_INJ,rx_volume,277,,set to NULL; outside every treatment target-category window
DQ-001089,rx_claims_monthly.csv,missing_rx_volume,hcp_id=1719722377|month=2024-10|ndc_category=ENDO_BASAL_INSULIN,rx_volume,343,,set to NULL; outside every treatment target-category window
DQ-001090,rx_claims_monthly.csv,missing_rx_volume,hcp_id=1043802820|month=2025-03|ndc_category=METABOLIC_GLP1_INJ,rx_volume,92,,set to NULL; outside every treatment target-category window
DQ-001091,rx_claims_monthly.csv,missing_rx_volume,hcp_id=1456299035|month=2025-08|ndc_category=CV_ANTICOAG_ORAL,rx_volume,263,,set to NULL; outside every treatment target-category window
DQ-001092,rx_claims_monthly.csv,missing_rx_volume,hcp_id=1814938340|month=2024-05|ndc_category=METABOLIC_GLP1_INJ,rx_volume,160,,set to NULL; outside every treatment target-category window
DQ-001093,rx_claims_monthly.csv,missing_rx_volume,hcp_id=1154629764|month=2023-03|ndc_category=NEURO_MIGRAINE_CGRP,rx_volume,165,,set to NULL; outside every treatment target-category window
DQ-001094,rx_claims_monthly.csv,missing_rx_volume,hcp_id=1985685233|month=2024-10|ndc_category=METABOLIC_GLP1_INJ,rx_volume,56,,set to NULL; outside every treatment target-category window
DQ-001095,rx_claims_monthly.csv,missing_rx_volume,hcp_id=1451721462|month=2023-10|ndc_category=CARD_HF_ARNI,rx_volume,249,,set to NULL; outside every treatment target-category window
DQ-001096,rx_claims_monthly.csv,missing_rx_volume,hcp_id=1001999733|month=2023-04|ndc_category=CV_ANTICOAG_ORAL,rx_volume,37,,set to NULL; outside every treatment target-category window
DQ-001097,rx_claims_monthly.csv,missing_rx_volume,hcp_id=1120080837|month=2023-07|ndc_category=CV_ANTICOAG_ORAL,rx_volume,147,,set to NULL; outside every treatment target-category window
DQ-001098,rx_claims_monthly.csv,missing_rx_volume,hcp_id=1513803142|month=2025-04|ndc_category=CV_ANTICOAG_ORAL,rx_volume,458,,set to NULL; outside every treatment target-category window
DQ-001099,rx_claims_monthly.csv,missing_rx_volume,hcp_id=1601451010|month=2023-01|ndc_category=RHEUM_JAK_ORAL,rx_volume,217,,set to NULL; outside every treatment target-category window
DQ-001100,rx_claims_monthly.csv,missing_rx_volume,hcp_id=1990401386|month=2025-04|ndc_category=CV_ANTICOAG_ORAL,rx_volume,82,,set to NULL; outside every treatment target-category window
DQ-001101,rx_claims_monthly.csv,missing_rx_volume,hcp_id=1510477734|month=2023-08|ndc_category=METABOLIC_GLP1_INJ,rx_volume,38,,set to NULL; outside every treatment target-category window
DQ-001102,rx_claims_monthly.csv,missing_rx_volume,hcp_id=1808826295|month=2025-04|ndc_category=METABOLIC_GLP1_INJ,rx_volume,343,,set to NULL; outside every treatment target-category window
DQ-001103,rx_claims_monthly.csv,missing_rx_volume,hcp_id=1812815243|month=2025-03|ndc_category=METABOLIC_GLP1_INJ,rx_volume,445,,set to NULL; outside every treatment target-category window
DQ-001104,rx_claims_monthly.csv,missing_rx_volume,hcp_id=1683943777|month=2022-12|ndc_category=CARD_HF_ARNI,rx_volume,284,,set to NULL; outside every treatment target-category window
DQ-001105,rx_claims_monthly.csv,missing_rx_volume,hcp_id=1976707814|month=2025-07|ndc_category=PULM_ICS_LABA_INH,rx_volume,173,,set to NULL; outside every treatment target-category window
DQ-001106,rx_claims_monthly.csv,missing_rx_volume,hcp_id=1334793308|month=2025-05|ndc_category=NEURO_MIGRAINE_CGRP,rx_volume,164,,set to NULL; outside every treatment target-category window
DQ-001107,rx_claims_monthly.csv,missing_rx_volume,hcp_id=1950588461|month=2025-08|ndc_category=METABOLIC_GLP1_INJ,rx_volume,101,,set to NULL; outside every treatment target-category window
DQ-001108,rx_claims_monthly.csv,missing_rx_volume,hcp_id=1921646299|month=2023-05|ndc_category=CV_ANTICOAG_ORAL,rx_volume,144,,set to NULL; outside every treatment target-category window
DQ-001109,rx_claims_monthly.csv,missing_rx_volume,hcp_id=1321405205|month=2023-08|ndc_category=METABOLIC_GLP1_INJ,rx_volume,26,,set to NULL; outside every treatment target-category window
DQ-001110,rx_claims_monthly.csv,missing_rx_volume,hcp_id=1102089657|month=2024-01|ndc_category=METABOLIC_GLP1_INJ,rx_volume,40,,set to NULL; outside every treatment target-category window
DQ-001111,rx_claims_monthly.csv,missing_rx_volume,hcp_id=1004478891|month=2025-03|ndc_category=RHEUM_JAK_ORAL,rx_volume,84,,set to NULL; outside every treatment target-category window
DQ-001112,rx_claims_monthly.csv,missing_rx_volume,hcp_id=1875967568|month=2023-08|ndc_category=METABOLIC_GLP1_INJ,rx_volume,360,,set to NULL; outside every treatment target-category window
DQ-001113,rx_claims_monthly.csv,missing_rx_volume,hcp_id=1484037258|month=2023-09|ndc_category=CV_ANTICOAG_ORAL,rx_volume,158,,set to NULL; outside every treatment target-category window
DQ-001114,rx_claims_monthly.csv,missing_rx_volume,hcp_id=1312630019|month=2024-03|ndc_category=METABOLIC_GLP1_INJ,rx_volume,49,,set to NULL; outside every treatment target-category window
DQ-001115,rx_claims_monthly.csv,missing_rx_volume,hcp_id=1965430253|month=2023-02|ndc_category=METABOLIC_GLP1_INJ,rx_volume,24,,set to NULL; outside every treatment target-category window
DQ-001116,rx_claims_monthly.csv,missing_rx_volume,hcp_id=1389574017|month=2024-08|ndc_category=PULM_ICS_LABA_INH,rx_volume,294,,set to NULL; outside every treatment target-category window
DQ-001117,rx_claims_monthly.csv,missing_rx_volume,hcp_id=1641859123|month=2025-03|ndc_category=METABOLIC_GLP1_INJ,rx_volume,103,,set to NULL; outside every treatment target-category window
DQ-001118,rx_claims_monthly.csv,missing_rx_volume,hcp_id=1507069536|month=2025-10|ndc_category=ENDO_BASAL_INSULIN,rx_volume,51,,set to NULL; outside every treatment target-category window
DQ-001119,rx_claims_monthly.csv,missing_rx_volume,hcp_id=1507069536|month=2025-06|ndc_category=ENDO_BASAL_INSULIN,rx_volume,88,,set to NULL; outside every treatment target-category window
DQ-001120,rx_claims_monthly.csv,missing_rx_volume,hcp_id=1191540602|month=2025-07|ndc_category=CV_ANTICOAG_ORAL,rx_volume,27,,set to NULL; outside every treatment target-category window
DQ-001121,rx_claims_monthly.csv,missing_rx_volume,hcp_id=1854852153|month=2025-10|ndc_category=METABOLIC_GLP1_INJ,rx_volume,250,,set to NULL; outside every treatment target-category window
DQ-001122,rx_claims_monthly.csv,missing_rx_volume,hcp_id=1681501296|month=2025-07|ndc_category=PULM_ICS_LABA_INH,rx_volume,82,,set to NULL; outside every treatment target-category window
DQ-001123,rx_claims_monthly.csv,missing_rx_volume,hcp_id=1107378550|month=2025-01|ndc_category=CARD_HF_ARNI,rx_volume,258,,set to NULL; outside every treatment target-category window
DQ-001124,rx_claims_monthly.csv,missing_rx_volume,hcp_id=1719186219|month=2023-01|ndc_category=CV_ANTICOAG_ORAL,rx_volume,120,,set to NULL; outside every treatment target-category window
DQ-001125,rx_claims_monthly.csv,missing_rx_volume,hcp_id=1426157339|month=2025-07|ndc_category=CARD_HF_ARNI,rx_volume,55,,set to NULL; outside every treatment target-category window
DQ-001126,rx_claims_monthly.csv,missing_rx_volume,hcp_id=1480117328|month=2025-02|ndc_category=METABOLIC_GLP1_INJ,rx_volume,161,,set to NULL; outside every treatment target-category window
DQ-001127,rx_claims_monthly.csv,missing_rx_volume,hcp_id=1117854327|month=2024-11|ndc_category=CV_ANTICOAG_ORAL,rx_volume,71,,set to NULL; outside every treatment target-category window
DQ-001128,rx_claims_monthly.csv,missing_rx_volume,hcp_id=1681526517|month=2024-09|ndc_category=METABOLIC_GLP1_INJ,rx_volume,874,,set to NULL; outside every treatment target-category window
DQ-001129,rx_claims_monthly.csv,missing_rx_volume,hcp_id=1328056928|month=2023-07|ndc_category=ONC_TARGETED_ORAL,rx_volume,252,,set to NULL; outside every treatment target-category window
DQ-001130,rx_claims_monthly.csv,missing_rx_volume,hcp_id=1370361275|month=2024-02|ndc_category=CV_ANTICOAG_ORAL,rx_volume,63,,set to NULL; outside every treatment target-category window
DQ-001131,rx_claims_monthly.csv,missing_rx_volume,hcp_id=1457999534|month=2024-12|ndc_category=RHEUM_JAK_ORAL,rx_volume,123,,set to NULL; outside every treatment target-category window
DQ-001132,rx_claims_monthly.csv,missing_rx_volume,hcp_id=1464805419|month=2024-12|ndc_category=CV_ANTICOAG_ORAL,rx_volume,82,,set to NULL; outside every treatment target-category window
DQ-001133,rx_claims_monthly.csv,missing_rx_volume,hcp_id=1160075531|month=2023-07|ndc_category=PULM_ICS_LABA_INH,rx_volume,130,,set to NULL; outside every treatment target-category window
DQ-001134,rx_claims_monthly.csv,missing_rx_volume,hcp_id=1989798412|month=2023-07|ndc_category=CV_ANTICOAG_ORAL,rx_volume,319,,set to NULL; outside every treatment target-category window
DQ-001135,rx_claims_monthly.csv,missing_rx_volume,hcp_id=1903521262|month=2023-09|ndc_category=ONC_TARGETED_ORAL,rx_volume,116,,set to NULL; outside every treatment target-category window
DQ-001136,rx_claims_monthly.csv,missing_rx_volume,hcp_id=1820307894|month=2025-09|ndc_category=PULM_ICS_LABA_INH,rx_volume,414,,set to NULL; outside every treatment target-category window
DQ-001137,rx_claims_monthly.csv,missing_rx_volume,hcp_id=1425171802|month=2022-12|ndc_category=METABOLIC_GLP1_INJ,rx_volume,76,,set to NULL; outside every treatment target-category window
DQ-001138,rx_claims_monthly.csv,missing_rx_volume,hcp_id=1475353029|month=2024-02|ndc_category=CV_ANTICOAG_ORAL,rx_volume,180,,set to NULL; outside every treatment target-category window
DQ-001139,rx_claims_monthly.csv,missing_rx_volume,hcp_id=1354344503|month=2025-07|ndc_category=METABOLIC_GLP1_INJ,rx_volume,58,,set to NULL; outside every treatment target-category window
DQ-001140,rx_claims_monthly.csv,missing_rx_volume,hcp_id=1206870192|month=2025-10|ndc_category=ONC_TARGETED_ORAL,rx_volume,585,,set to NULL; outside every treatment target-category window
DQ-001141,rx_claims_monthly.csv,missing_rx_volume,hcp_id=1284061300|month=2024-05|ndc_category=CV_ANTICOAG_ORAL,rx_volume,230,,set to NULL; outside every treatment target-category window
DQ-001142,rx_claims_monthly.csv,missing_rx_volume,hcp_id=1950588461|month=2023-10|ndc_category=CARD_HF_ARNI,rx_volume,414,,set to NULL; outside every treatment target-category window
DQ-001143,rx_claims_monthly.csv,missing_rx_volume,hcp_id=1535820066|month=2024-11|ndc_category=METABOLIC_GLP1_INJ,rx_volume,501,,set to NULL; outside every treatment target-category window
DQ-001144,rx_claims_monthly.csv,missing_rx_volume,hcp_id=1555316755|month=2024-11|ndc_category=NEURO_MIGRAINE_CGRP,rx_volume,394,,set to NULL; outside every treatment target-category window
DQ-001145,rx_claims_monthly.csv,missing_rx_volume,hcp_id=1368009035|month=2025-07|ndc_category=CARD_HF_ARNI,rx_volume,321,,set to NULL; outside every treatment target-category window
DQ-001146,rx_claims_monthly.csv,missing_rx_volume,hcp_id=1875708707|month=2023-05|ndc_category=CV_ANTICOAG_ORAL,rx_volume,122,,set to NULL; outside every treatment target-category window
DQ-001147,rx_claims_monthly.csv,missing_rx_volume,hcp_id=1332815285|month=2024-03|ndc_category=METABOLIC_GLP1_INJ,rx_volume,48,,set to NULL; outside every treatment target-category window
DQ-001148,rx_claims_monthly.csv,missing_rx_volume,hcp_id=1679813331|month=2023-03|ndc_category=CV_ANTICOAG_ORAL,rx_volume,119,,set to NULL; outside every treatment target-category window
DQ-001149,rx_claims_monthly.csv,missing_rx_volume,hcp_id=1704308638|month=2023-05|ndc_category=METABOLIC_GLP1_INJ,rx_volume,167,,set to NULL; outside every treatment target-category window
DQ-001150,rx_claims_monthly.csv,missing_rx_volume,hcp_id=1309748980|month=2023-04|ndc_category=CV_ANTICOAG_ORAL,rx_volume,45,,set to NULL; outside every treatment target-category window
DQ-001151,rx_claims_monthly.csv,missing_rx_volume,hcp_id=1279255164|month=2025-03|ndc_category=CARD_HF_ARNI,rx_volume,260,,set to NULL; outside every treatment target-category window
DQ-001152,rx_claims_monthly.csv,missing_rx_volume,hcp_id=1294882026|month=2023-01|ndc_category=ONC_TARGETED_ORAL,rx_volume,199,,set to NULL; outside every treatment target-category window
DQ-001153,rx_claims_monthly.csv,missing_rx_volume,hcp_id=1330017819|month=2025-08|ndc_category=CV_ANTICOAG_ORAL,rx_volume,334,,set to NULL; outside every treatment target-category window
DQ-001154,rx_claims_monthly.csv,missing_rx_volume,hcp_id=1727100020|month=2025-03|ndc_category=CARD_HF_ARNI,rx_volume,683,,set to NULL; outside every treatment target-category window
DQ-001155,rx_claims_monthly.csv,missing_rx_volume,hcp_id=1124890801|month=2023-01|ndc_category=METABOLIC_GLP1_INJ,rx_volume,59,,set to NULL; outside every treatment target-category window
DQ-001156,rx_claims_monthly.csv,missing_rx_volume,hcp_id=1529045985|month=2023-07|ndc_category=CV_ANTICOAG_ORAL,rx_volume,184,,set to NULL; outside every treatment target-category window
DQ-001157,rx_claims_monthly.csv,missing_rx_volume,hcp_id=1686880901|month=2023-01|ndc_category=METABOLIC_GLP1_INJ,rx_volume,75,,set to NULL; outside every treatment target-category window
DQ-001158,rx_claims_monthly.csv,missing_rx_volume,hcp_id=1501015600|month=2025-03|ndc_category=CV_ANTICOAG_ORAL,rx_volume,51,,set to NULL; outside every treatment target-category window
DQ-001159,rx_claims_monthly.csv,missing_rx_volume,hcp_id=1190842652|month=2023-09|ndc_category=CV_ANTICOAG_ORAL,rx_volume,172,,set to NULL; outside every treatment target-category window
DQ-001160,rx_claims_monthly.csv,missing_rx_volume,hcp_id=1632734848|month=2023-07|ndc_category=METABOLIC_GLP1_INJ,rx_volume,119,,set to NULL; outside every treatment target-category window
DQ-001161,rx_claims_monthly.csv,missing_rx_volume,hcp_id=1356707665|month=2024-06|ndc_category=CV_ANTICOAG_ORAL,rx_volume,122,,set to NULL; outside every treatment target-category window
DQ-001162,rx_claims_monthly.csv,missing_rx_volume,hcp_id=1976038558|month=2024-04|ndc_category=CARD_HF_ARNI,rx_volume,327,,set to NULL; outside every treatment target-category window
DQ-001163,rx_claims_monthly.csv,missing_rx_volume,hcp_id=1424541534|month=2024-04|ndc_category=CV_ANTICOAG_ORAL,rx_volume,34,,set to NULL; outside every treatment target-category window
DQ-001164,rx_claims_monthly.csv,missing_rx_volume,hcp_id=1043802820|month=2025-04|ndc_category=ONC_TARGETED_ORAL,rx_volume,84,,set to NULL; outside every treatment target-category window
DQ-001165,rx_claims_monthly.csv,missing_rx_volume,hcp_id=1200437733|month=2025-03|ndc_category=CV_ANTICOAG_ORAL,rx_volume,144,,set to NULL; outside every treatment target-category window
DQ-001166,rx_claims_monthly.csv,missing_rx_volume,hcp_id=1285520676|month=2025-02|ndc_category=CARD_HF_ARNI,rx_volume,82,,set to NULL; outside every treatment target-category window
DQ-001167,rx_claims_monthly.csv,missing_rx_volume,hcp_id=1614978876|month=2024-02|ndc_category=METABOLIC_GLP1_INJ,rx_volume,55,,set to NULL; outside every treatment target-category window
DQ-001168,rx_claims_monthly.csv,missing_rx_volume,hcp_id=1646792071|month=2022-12|ndc_category=CARD_HF_ARNI,rx_volume,211,,set to NULL; outside every treatment target-category window
DQ-001169,rx_claims_monthly.csv,missing_rx_volume,hcp_id=1299832539|month=2023-02|ndc_category=ENDO_BASAL_INSULIN,rx_volume,296,,set to NULL; outside every treatment target-category window
DQ-001170,rx_claims_monthly.csv,missing_rx_volume,hcp_id=1639269087|month=2024-06|ndc_category=CV_ANTICOAG_ORAL,rx_volume,204,,set to NULL; outside every treatment target-category window
DQ-001171,rx_claims_monthly.csv,missing_rx_volume,hcp_id=1291534000|month=2025-02|ndc_category=CV_ANTICOAG_ORAL,rx_volume,290,,set to NULL; outside every treatment target-category window
DQ-001172,rx_claims_monthly.csv,missing_rx_volume,hcp_id=1251202242|month=2024-01|ndc_category=METABOLIC_GLP1_INJ,rx_volume,183,,set to NULL; outside every treatment target-category window
DQ-001173,rx_claims_monthly.csv,missing_rx_volume,hcp_id=1240190284|month=2023-11|ndc_category=CV_ANTICOAG_ORAL,rx_volume,159,,set to NULL; outside every treatment target-category window
DQ-001174,rx_claims_monthly.csv,missing_rx_volume,hcp_id=1852326267|month=2024-03|ndc_category=ONC_TARGETED_ORAL,rx_volume,210,,set to NULL; outside every treatment target-category window
DQ-001175,rx_claims_monthly.csv,missing_rx_volume,hcp_id=1704216484|month=2025-09|ndc_category=CV_ANTICOAG_ORAL,rx_volume,64,,set to NULL; outside every treatment target-category window
DQ-001176,rx_claims_monthly.csv,missing_rx_volume,hcp_id=1428222503|month=2023-09|ndc_category=METABOLIC_GLP1_INJ,rx_volume,34,,set to NULL; outside every treatment target-category window
DQ-001177,rx_claims_monthly.csv,missing_rx_volume,hcp_id=1969914385|month=2024-09|ndc_category=CV_ANTICOAG_ORAL,rx_volume,136,,set to NULL; outside every treatment target-category window
DQ-001178,rx_claims_monthly.csv,missing_rx_volume,hcp_id=1082909627|month=2023-03|ndc_category=METABOLIC_GLP1_INJ,rx_volume,206,,set to NULL; outside every treatment target-category window
DQ-001179,rx_claims_monthly.csv,missing_rx_volume,hcp_id=1934829601|month=2023-12|ndc_category=METABOLIC_GLP1_INJ,rx_volume,154,,set to NULL; outside every treatment target-category window
DQ-001180,rx_claims_monthly.csv,missing_rx_volume,hcp_id=1689059347|month=2023-11|ndc_category=PC_ANTIHYPERTENSIVE,rx_volume,308,,set to NULL; outside every treatment target-category window
DQ-001181,rx_claims_monthly.csv,missing_rx_volume,hcp_id=1769352273|month=2024-06|ndc_category=PC_ANTIHYPERTENSIVE,rx_volume,278,,set to NULL; outside every treatment target-category window
DQ-001182,rx_claims_monthly.csv,missing_rx_volume,hcp_id=1742100898|month=2025-02|ndc_category=METABOLIC_GLP1_INJ,rx_volume,60,,set to NULL; outside every treatment target-category window
DQ-001183,rx_claims_monthly.csv,missing_rx_volume,hcp_id=1893606271|month=2024-09|ndc_category=METABOLIC_GLP1_INJ,rx_volume,260,,set to NULL; outside every treatment target-category window
DQ-001184,rx_claims_monthly.csv,missing_rx_volume,hcp_id=1647196991|month=2024-01|ndc_category=CV_ANTICOAG_ORAL,rx_volume,90,,set to NULL; outside every treatment target-category window
DQ-001185,rx_claims_monthly.csv,missing_rx_volume,hcp_id=1947954388|month=2024-09|ndc_category=PC_ANTIHYPERTENSIVE,rx_volume,73,,set to NULL; outside every treatment target-category window
DQ-001186,rx_claims_monthly.csv,missing_rx_volume,hcp_id=1449657976|month=2025-02|ndc_category=METABOLIC_GLP1_INJ,rx_volume,19,,set to NULL; outside every treatment target-category window
DQ-001187,rx_claims_monthly.csv,missing_rx_volume,hcp_id=1443907526|month=2023-03|ndc_category=METABOLIC_GLP1_INJ,rx_volume,136,,set to NULL; outside every treatment target-category window
DQ-001188,rx_claims_monthly.csv,missing_rx_volume,hcp_id=1172835138|month=2023-01|ndc_category=ENDO_BASAL_INSULIN,rx_volume,435,,set to NULL; outside every treatment target-category window
DQ-001189,rx_claims_monthly.csv,missing_rx_volume,hcp_id=1745370779|month=2024-06|ndc_category=ONC_TARGETED_ORAL,rx_volume,128,,set to NULL; outside every treatment target-category window
DQ-001190,rx_claims_monthly.csv,missing_rx_volume,hcp_id=1916437647|month=2023-06|ndc_category=CV_ANTICOAG_ORAL,rx_volume,120,,set to NULL; outside every treatment target-category window
DQ-001191,rx_claims_monthly.csv,missing_rx_volume,hcp_id=1451968915|month=2024-12|ndc_category=METABOLIC_GLP1_INJ,rx_volume,100,,set to NULL; outside every treatment target-category window
DQ-001192,rx_claims_monthly.csv,missing_rx_volume,hcp_id=1166368237|month=2025-02|ndc_category=CV_ANTICOAG_ORAL,rx_volume,278,,set to NULL; outside every treatment target-category window
DQ-001193,rx_claims_monthly.csv,missing_rx_volume,hcp_id=1337606333|month=2025-10|ndc_category=RHEUM_JAK_ORAL,rx_volume,107,,set to NULL; outside every treatment target-category window
DQ-001194,rx_claims_monthly.csv,missing_rx_volume,hcp_id=1018861793|month=2023-04|ndc_category=METABOLIC_GLP1_INJ,rx_volume,51,,set to NULL; outside every treatment target-category window
DQ-001195,rx_claims_monthly.csv,missing_rx_volume,hcp_id=1060922949|month=2024-08|ndc_category=METABOLIC_GLP1_INJ,rx_volume,41,,set to NULL; outside every treatment target-category window
DQ-001196,rx_claims_monthly.csv,missing_rx_volume,hcp_id=1315385710|month=2023-06|ndc_category=METABOLIC_GLP1_INJ,rx_volume,306,,set to NULL; outside every treatment target-category window
DQ-001197,rx_claims_monthly.csv,missing_rx_volume,hcp_id=1160075531|month=2025-02|ndc_category=CV_ANTICOAG_ORAL,rx_volume,63,,set to NULL; outside every treatment target-category window
DQ-001198,rx_claims_monthly.csv,missing_rx_volume,hcp_id=1011940271|month=2025-08|ndc_category=CV_ANTICOAG_ORAL,rx_volume,201,,set to NULL; outside every treatment target-category window
DQ-001199,rx_claims_monthly.csv,missing_rx_volume,hcp_id=1929302226|month=2023-11|ndc_category=METABOLIC_GLP1_INJ,rx_volume,724,,set to NULL; outside every treatment target-category window
DQ-001200,rx_claims_monthly.csv,missing_rx_volume,hcp_id=1766730505|month=2024-03|ndc_category=METABOLIC_GLP1_INJ,rx_volume,257,,set to NULL; outside every treatment target-category window
DQ-001201,rx_claims_monthly.csv,missing_rx_volume,hcp_id=1864283779|month=2025-06|ndc_category=METABOLIC_GLP1_INJ,rx_volume,127,,set to NULL; outside every treatment target-category window
DQ-001202,rx_claims_monthly.csv,missing_rx_volume,hcp_id=1812123887|month=2023-04|ndc_category=PC_ANTIHYPERTENSIVE,rx_volume,353,,set to NULL; outside every treatment target-category window
DQ-001203,rx_claims_monthly.csv,missing_rx_volume,hcp_id=1065455036|month=2024-02|ndc_category=RHEUM_JAK_ORAL,rx_volume,223,,set to NULL; outside every treatment target-category window
DQ-001204,rx_claims_monthly.csv,missing_rx_volume,hcp_id=1844748057|month=2025-10|ndc_category=CV_ANTICOAG_ORAL,rx_volume,96,,set to NULL; outside every treatment target-category window
DQ-001205,rx_claims_monthly.csv,missing_rx_volume,hcp_id=1808826295|month=2025-01|ndc_category=METABOLIC_GLP1_INJ,rx_volume,397,,set to NULL; outside every treatment target-category window
DQ-001206,rx_claims_monthly.csv,missing_rx_volume,hcp_id=1828803407|month=2024-05|ndc_category=ONC_TARGETED_ORAL,rx_volume,143,,set to NULL; outside every treatment target-category window
DQ-001207,rx_claims_monthly.csv,missing_rx_volume,hcp_id=1738916414|month=2024-02|ndc_category=CV_ANTICOAG_ORAL,rx_volume,216,,set to NULL; outside every treatment target-category window
DQ-001208,rx_claims_monthly.csv,missing_rx_volume,hcp_id=1731313338|month=2023-11|ndc_category=PULM_ICS_LABA_INH,rx_volume,113,,set to NULL; outside every treatment target-category window
DQ-001209,rx_claims_monthly.csv,missing_rx_volume,hcp_id=1622391112|month=2023-02|ndc_category=METABOLIC_GLP1_INJ,rx_volume,64,,set to NULL; outside every treatment target-category window
DQ-001210,rx_claims_monthly.csv,missing_rx_volume,hcp_id=1117854327|month=2025-01|ndc_category=NEURO_MIGRAINE_CGRP,rx_volume,74,,set to NULL; outside every treatment target-category window
DQ-001211,rx_claims_monthly.csv,missing_rx_volume,hcp_id=1693072195|month=2023-06|ndc_category=ENDO_BASAL_INSULIN,rx_volume,387,,set to NULL; outside every treatment target-category window
DQ-001212,rx_claims_monthly.csv,missing_rx_volume,hcp_id=1120080837|month=2023-01|ndc_category=CV_ANTICOAG_ORAL,rx_volume,157,,set to NULL; outside every treatment target-category window
DQ-001213,rx_claims_monthly.csv,missing_rx_volume,hcp_id=1888770710|month=2023-07|ndc_category=METABOLIC_GLP1_INJ,rx_volume,31,,set to NULL; outside every treatment target-category window
DQ-001214,rx_claims_monthly.csv,missing_rx_volume,hcp_id=1443520683|month=2023-06|ndc_category=CARD_HF_ARNI,rx_volume,188,,set to NULL; outside every treatment target-category window
DQ-001215,rx_claims_monthly.csv,missing_rx_volume,hcp_id=1408074957|month=2023-05|ndc_category=CV_ANTICOAG_ORAL,rx_volume,216,,set to NULL; outside every treatment target-category window
DQ-001216,rx_claims_monthly.csv,missing_rx_volume,hcp_id=1333393084|month=2024-01|ndc_category=PC_ANTIHYPERTENSIVE,rx_volume,154,,set to NULL; outside every treatment target-category window
DQ-001217,rx_claims_monthly.csv,missing_rx_volume,hcp_id=1361620622|month=2024-07|ndc_category=METABOLIC_GLP1_INJ,rx_volume,243,,set to NULL; outside every treatment target-category window
DQ-001218,rx_claims_monthly.csv,missing_rx_volume,hcp_id=1022312734|month=2025-08|ndc_category=PC_ANTIHYPERTENSIVE,rx_volume,190,,set to NULL; outside every treatment target-category window
DQ-001219,rx_claims_monthly.csv,missing_rx_volume,hcp_id=1246066447|month=2023-09|ndc_category=METABOLIC_GLP1_INJ,rx_volume,313,,set to NULL; outside every treatment target-category window
DQ-001220,rx_claims_monthly.csv,missing_rx_volume,hcp_id=1693809661|month=2024-02|ndc_category=METABOLIC_GLP1_INJ,rx_volume,112,,set to NULL; outside every treatment target-category window
DQ-001221,rx_claims_monthly.csv,missing_rx_volume,hcp_id=1261377760|month=2024-01|ndc_category=CV_ANTICOAG_ORAL,rx_volume,212,,set to NULL; outside every treatment target-category window
DQ-001222,rx_claims_monthly.csv,missing_rx_volume,hcp_id=1264333323|month=2025-01|ndc_category=PC_ANTIHYPERTENSIVE,rx_volume,1028,,set to NULL; outside every treatment target-category window
DQ-001223,rx_claims_monthly.csv,missing_rx_volume,hcp_id=1420113783|month=2024-11|ndc_category=CV_ANTICOAG_ORAL,rx_volume,60,,set to NULL; outside every treatment target-category window
DQ-001224,rx_claims_monthly.csv,missing_rx_volume,hcp_id=1706645516|month=2023-03|ndc_category=METABOLIC_GLP1_INJ,rx_volume,104,,set to NULL; outside every treatment target-category window
DQ-001225,rx_claims_monthly.csv,missing_rx_volume,hcp_id=1133042691|month=2023-08|ndc_category=METABOLIC_GLP1_INJ,rx_volume,60,,set to NULL; outside every treatment target-category window
DQ-001226,rx_claims_monthly.csv,missing_rx_volume,hcp_id=1064190048|month=2023-03|ndc_category=METABOLIC_GLP1_INJ,rx_volume,43,,set to NULL; outside every treatment target-category window
DQ-001227,rx_claims_monthly.csv,missing_rx_volume,hcp_id=1174145494|month=2023-09|ndc_category=METABOLIC_GLP1_INJ,rx_volume,204,,set to NULL; outside every treatment target-category window
DQ-001228,rx_claims_monthly.csv,missing_rx_volume,hcp_id=1864283779|month=2025-05|ndc_category=CV_ANTICOAG_ORAL,rx_volume,151,,set to NULL; outside every treatment target-category window
DQ-001229,rx_claims_monthly.csv,missing_rx_volume,hcp_id=1009335344|month=2023-01|ndc_category=CV_ANTICOAG_ORAL,rx_volume,262,,set to NULL; outside every treatment target-category window
DQ-001230,rx_claims_monthly.csv,missing_rx_volume,hcp_id=1903521262|month=2025-09|ndc_category=ONC_TARGETED_ORAL,rx_volume,68,,set to NULL; outside every treatment target-category window
DQ-001231,rx_claims_monthly.csv,missing_rx_volume,hcp_id=1432188427|month=2025-02|ndc_category=CV_ANTICOAG_ORAL,rx_volume,439,,set to NULL; outside every treatment target-category window
DQ-001232,rx_claims_monthly.csv,missing_rx_volume,hcp_id=1219831884|month=2024-01|ndc_category=PC_ANTIHYPERTENSIVE,rx_volume,553,,set to NULL; outside every treatment target-category window
DQ-001233,rx_claims_monthly.csv,missing_rx_volume,hcp_id=1909167417|month=2023-11|ndc_category=PC_ANTIHYPERTENSIVE,rx_volume,858,,set to NULL; outside every treatment target-category window
DQ-001234,rx_claims_monthly.csv,missing_rx_volume,hcp_id=1224230882|month=2023-03|ndc_category=CV_ANTICOAG_ORAL,rx_volume,116,,set to NULL; outside every treatment target-category window
DQ-001235,rx_claims_monthly.csv,missing_rx_volume,hcp_id=1506592454|month=2025-02|ndc_category=METABOLIC_GLP1_INJ,rx_volume,33,,set to NULL; outside every treatment target-category window
DQ-001236,rx_claims_monthly.csv,missing_rx_volume,hcp_id=1803233885|month=2023-12|ndc_category=CV_ANTICOAG_ORAL,rx_volume,163,,set to NULL; outside every treatment target-category window
DQ-001237,rx_claims_monthly.csv,missing_rx_volume,hcp_id=1854727892|month=2025-06|ndc_category=METABOLIC_GLP1_INJ,rx_volume,100,,set to NULL; outside every treatment target-category window
DQ-001238,rx_claims_monthly.csv,missing_rx_volume,hcp_id=1413495239|month=2023-08|ndc_category=NEURO_MIGRAINE_CGRP,rx_volume,341,,set to NULL; outside every treatment target-category window
DQ-001239,rx_claims_monthly.csv,missing_rx_volume,hcp_id=1139166684|month=2025-09|ndc_category=METABOLIC_GLP1_INJ,rx_volume,197,,set to NULL; outside every treatment target-category window
DQ-001240,rx_claims_monthly.csv,missing_rx_volume,hcp_id=1219591108|month=2023-08|ndc_category=METABOLIC_GLP1_INJ,rx_volume,39,,set to NULL; outside every treatment target-category window
DQ-001241,rx_claims_monthly.csv,missing_rx_volume,hcp_id=1170846871|month=2023-08|ndc_category=METABOLIC_GLP1_INJ,rx_volume,24,,set to NULL; outside every treatment target-category window
DQ-001242,rx_claims_monthly.csv,missing_rx_volume,hcp_id=1220405058|month=2025-05|ndc_category=METABOLIC_GLP1_INJ,rx_volume,251,,set to NULL; outside every treatment target-category window
DQ-001243,rx_claims_monthly.csv,missing_rx_volume,hcp_id=1486877065|month=2025-06|ndc_category=NEURO_MIGRAINE_CGRP,rx_volume,299,,set to NULL; outside every treatment target-category window
DQ-001244,rx_claims_monthly.csv,missing_rx_volume,hcp_id=1484037258|month=2023-06|ndc_category=ONC_TARGETED_ORAL,rx_volume,166,,set to NULL; outside every treatment target-category window
DQ-001245,rx_claims_monthly.csv,missing_rx_volume,hcp_id=1075689749|month=2023-12|ndc_category=CV_ANTICOAG_ORAL,rx_volume,301,,set to NULL; outside every treatment target-category window
DQ-001246,rx_claims_monthly.csv,missing_rx_volume,hcp_id=1624547729|month=2024-11|ndc_category=CV_ANTICOAG_ORAL,rx_volume,181,,set to NULL; outside every treatment target-category window
DQ-001247,rx_claims_monthly.csv,missing_rx_volume,hcp_id=1330156328|month=2024-02|ndc_category=CV_ANTICOAG_ORAL,rx_volume,48,,set to NULL; outside every treatment target-category window
DQ-001248,rx_claims_monthly.csv,missing_rx_volume,hcp_id=1706645516|month=2023-12|ndc_category=CV_ANTICOAG_ORAL,rx_volume,99,,set to NULL; outside every treatment target-category window
DQ-001249,rx_claims_monthly.csv,missing_rx_volume,hcp_id=1154262954|month=2024-03|ndc_category=PC_ANTIHYPERTENSIVE,rx_volume,648,,set to NULL; outside every treatment target-category window
DQ-001250,rx_claims_monthly.csv,missing_rx_volume,hcp_id=1533003293|month=2023-03|ndc_category=PULM_ICS_LABA_INH,rx_volume,251,,set to NULL; outside every treatment target-category window
DQ-001251,rx_claims_monthly.csv,missing_rx_volume,hcp_id=1775551348|month=2024-03|ndc_category=RHEUM_JAK_ORAL,rx_volume,494,,set to NULL; outside every treatment target-category window
DQ-001252,rx_claims_monthly.csv,missing_rx_volume,hcp_id=1245433184|month=2024-09|ndc_category=CV_ANTICOAG_ORAL,rx_volume,47,,set to NULL; outside every treatment target-category window
DQ-001253,rx_claims_monthly.csv,missing_rx_volume,hcp_id=1325850802|month=2024-03|ndc_category=NEURO_MIGRAINE_CGRP,rx_volume,96,,set to NULL; outside every treatment target-category window
DQ-001254,rx_claims_monthly.csv,missing_rx_volume,hcp_id=1992928436|month=2024-01|ndc_category=ONC_TARGETED_ORAL,rx_volume,51,,set to NULL; outside every treatment target-category window
DQ-001255,rx_claims_monthly.csv,missing_rx_volume,hcp_id=1114926011|month=2024-07|ndc_category=CARD_HF_ARNI,rx_volume,534,,set to NULL; outside every treatment target-category window
DQ-001256,rx_claims_monthly.csv,missing_rx_volume,hcp_id=1779918477|month=2023-01|ndc_category=CV_ANTICOAG_ORAL,rx_volume,242,,set to NULL; outside every treatment target-category window
DQ-001257,rx_claims_monthly.csv,missing_rx_volume,hcp_id=1299418347|month=2025-10|ndc_category=CV_ANTICOAG_ORAL,rx_volume,147,,set to NULL; outside every treatment target-category window
DQ-001258,rx_claims_monthly.csv,missing_rx_volume,hcp_id=1121962926|month=2025-04|ndc_category=METABOLIC_GLP1_INJ,rx_volume,182,,set to NULL; outside every treatment target-category window
DQ-001259,rx_claims_monthly.csv,missing_rx_volume,hcp_id=1251154013|month=2025-09|ndc_category=NEURO_MIGRAINE_CGRP,rx_volume,38,,set to NULL; outside every treatment target-category window
DQ-001260,rx_claims_monthly.csv,missing_rx_volume,hcp_id=1026804116|month=2023-10|ndc_category=CV_ANTICOAG_ORAL,rx_volume,331,,set to NULL; outside every treatment target-category window
DQ-001261,rx_claims_monthly.csv,missing_rx_volume,hcp_id=1913683516|month=2025-09|ndc_category=ONC_TARGETED_ORAL,rx_volume,170,,set to NULL; outside every treatment target-category window
DQ-001262,rx_claims_monthly.csv,missing_rx_volume,hcp_id=1200480071|month=2024-12|ndc_category=METABOLIC_GLP1_INJ,rx_volume,172,,set to NULL; outside every treatment target-category window
DQ-001263,rx_claims_monthly.csv,missing_rx_volume,hcp_id=1047406420|month=2025-02|ndc_category=CV_ANTICOAG_ORAL,rx_volume,78,,set to NULL; outside every treatment target-category window
DQ-001264,rx_claims_monthly.csv,missing_rx_volume,hcp_id=1772776476|month=2023-12|ndc_category=ONC_TARGETED_ORAL,rx_volume,60,,set to NULL; outside every treatment target-category window
DQ-001265,rx_claims_monthly.csv,missing_rx_volume,hcp_id=1477499267|month=2024-07|ndc_category=METABOLIC_GLP1_INJ,rx_volume,59,,set to NULL; outside every treatment target-category window
DQ-001266,rx_claims_monthly.csv,missing_rx_volume,hcp_id=1925142923|month=2025-10|ndc_category=NEURO_MIGRAINE_CGRP,rx_volume,183,,set to NULL; outside every treatment target-category window
DQ-001267,rx_claims_monthly.csv,missing_rx_volume,hcp_id=1422258099|month=2023-03|ndc_category=PULM_ICS_LABA_INH,rx_volume,104,,set to NULL; outside every treatment target-category window
DQ-001268,rx_claims_monthly.csv,missing_rx_volume,hcp_id=1511742359|month=2023-09|ndc_category=METABOLIC_GLP1_INJ,rx_volume,138,,set to NULL; outside every treatment target-category window
DQ-001269,rx_claims_monthly.csv,missing_rx_volume,hcp_id=1513803142|month=2024-07|ndc_category=METABOLIC_GLP1_INJ,rx_volume,466,,set to NULL; outside every treatment target-category window
DQ-001270,rx_claims_monthly.csv,missing_rx_volume,hcp_id=1888770710|month=2023-10|ndc_category=ONC_TARGETED_ORAL,rx_volume,104,,set to NULL; outside every treatment target-category window
DQ-001271,rx_claims_monthly.csv,missing_rx_volume,hcp_id=1767249513|month=2024-11|ndc_category=METABOLIC_GLP1_INJ,rx_volume,35,,set to NULL; outside every treatment target-category window
DQ-001272,rx_claims_monthly.csv,missing_rx_volume,hcp_id=1362560363|month=2025-01|ndc_category=METABOLIC_GLP1_INJ,rx_volume,159,,set to NULL; outside every treatment target-category window
DQ-001273,rx_claims_monthly.csv,missing_rx_volume,hcp_id=1510477734|month=2023-07|ndc_category=CV_ANTICOAG_ORAL,rx_volume,75,,set to NULL; outside every treatment target-category window
DQ-001274,rx_claims_monthly.csv,missing_rx_volume,hcp_id=1333043895|month=2023-12|ndc_category=ENDO_BASAL_INSULIN,rx_volume,184,,set to NULL; outside every treatment target-category window
DQ-001275,rx_claims_monthly.csv,missing_rx_volume,hcp_id=1031907094|month=2024-03|ndc_category=METABOLIC_GLP1_INJ,rx_volume,82,,set to NULL; outside every treatment target-category window
DQ-001276,rx_claims_monthly.csv,missing_rx_volume,hcp_id=1205159704|month=2024-04|ndc_category=PULM_ICS_LABA_INH,rx_volume,72,,set to NULL; outside every treatment target-category window
DQ-001277,rx_claims_monthly.csv,missing_rx_volume,hcp_id=1409867656|month=2024-10|ndc_category=CV_ANTICOAG_ORAL,rx_volume,91,,set to NULL; outside every treatment target-category window
DQ-001278,rx_claims_monthly.csv,missing_rx_volume,hcp_id=1586730040|month=2025-01|ndc_category=NEURO_MIGRAINE_CGRP,rx_volume,59,,set to NULL; outside every treatment target-category window
DQ-001279,rx_claims_monthly.csv,missing_rx_volume,hcp_id=1681526517|month=2024-08|ndc_category=ONC_TARGETED_ORAL,rx_volume,281,,set to NULL; outside every treatment target-category window
DQ-001280,rx_claims_monthly.csv,missing_rx_volume,hcp_id=1486296159|month=2023-04|ndc_category=ONC_TARGETED_ORAL,rx_volume,172,,set to NULL; outside every treatment target-category window
DQ-001281,rx_claims_monthly.csv,missing_rx_volume,hcp_id=1160075531|month=2024-12|ndc_category=METABOLIC_GLP1_INJ,rx_volume,59,,set to NULL; outside every treatment target-category window
DQ-001282,rx_claims_monthly.csv,missing_rx_volume,hcp_id=1250017203|month=2024-05|ndc_category=METABOLIC_GLP1_INJ,rx_volume,59,,set to NULL; outside every treatment target-category window
DQ-001283,rx_claims_monthly.csv,missing_rx_volume,hcp_id=1159301823|month=2025-10|ndc_category=ONC_TARGETED_ORAL,rx_volume,55,,set to NULL; outside every treatment target-category window
DQ-001284,rx_claims_monthly.csv,missing_rx_volume,hcp_id=1309748980|month=2025-03|ndc_category=METABOLIC_GLP1_INJ,rx_volume,60,,set to NULL; outside every treatment target-category window
DQ-001285,rx_claims_monthly.csv,missing_rx_volume,hcp_id=1605645914|month=2024-07|ndc_category=ENDO_BASAL_INSULIN,rx_volume,72,,set to NULL; outside every treatment target-category window
DQ-001286,rx_claims_monthly.csv,missing_rx_volume,hcp_id=1196400158|month=2025-08|ndc_category=CV_ANTICOAG_ORAL,rx_volume,61,,set to NULL; outside every treatment target-category window
DQ-001287,rx_claims_monthly.csv,missing_rx_volume,hcp_id=1889776344|month=2025-08|ndc_category=CV_ANTICOAG_ORAL,rx_volume,332,,set to NULL; outside every treatment target-category window
DQ-001288,rx_claims_monthly.csv,missing_rx_volume,hcp_id=1254891769|month=2025-09|ndc_category=CARD_HF_ARNI,rx_volume,77,,set to NULL; outside every treatment target-category window
DQ-001289,rx_claims_monthly.csv,missing_rx_volume,hcp_id=1310164813|month=2024-07|ndc_category=METABOLIC_GLP1_INJ,rx_volume,79,,set to NULL; outside every treatment target-category window
DQ-001290,rx_claims_monthly.csv,missing_rx_volume,hcp_id=1895078685|month=2022-12|ndc_category=ENDO_BASAL_INSULIN,rx_volume,302,,set to NULL; outside every treatment target-category window
DQ-001291,rx_claims_monthly.csv,missing_rx_volume,hcp_id=1309748980|month=2023-05|ndc_category=ONC_TARGETED_ORAL,rx_volume,51,,set to NULL; outside every treatment target-category window
DQ-001292,rx_claims_monthly.csv,missing_rx_volume,hcp_id=1389159553|month=2024-07|ndc_category=PC_ANTIHYPERTENSIVE,rx_volume,242,,set to NULL; outside every treatment target-category window
DQ-001293,rx_claims_monthly.csv,missing_rx_volume,hcp_id=1081031506|month=2024-01|ndc_category=NEURO_MIGRAINE_CGRP,rx_volume,441,,set to NULL; outside every treatment target-category window
DQ-001294,rx_claims_monthly.csv,missing_rx_volume,hcp_id=1901019392|month=2024-05|ndc_category=CARD_HF_ARNI,rx_volume,892,,set to NULL; outside every treatment target-category window
DQ-001295,rx_claims_monthly.csv,missing_rx_volume,hcp_id=1688735228|month=2024-08|ndc_category=RHEUM_JAK_ORAL,rx_volume,113,,set to NULL; outside every treatment target-category window
DQ-001296,rx_claims_monthly.csv,missing_rx_volume,hcp_id=1071299832|month=2025-06|ndc_category=NEURO_MIGRAINE_CGRP,rx_volume,147,,set to NULL; outside every treatment target-category window
DQ-001297,rx_claims_monthly.csv,missing_rx_volume,hcp_id=1309371148|month=2024-05|ndc_category=NEURO_MIGRAINE_CGRP,rx_volume,268,,set to NULL; outside every treatment target-category window
DQ-001298,rx_claims_monthly.csv,missing_rx_volume,hcp_id=1555114069|month=2024-01|ndc_category=METABOLIC_GLP1_INJ,rx_volume,186,,set to NULL; outside every treatment target-category window
DQ-001299,rx_claims_monthly.csv,missing_rx_volume,hcp_id=1812815243|month=2025-04|ndc_category=METABOLIC_GLP1_INJ,rx_volume,573,,set to NULL; outside every treatment target-category window
DQ-001300,rx_claims_monthly.csv,missing_rx_volume,hcp_id=1610820601|month=2023-05|ndc_category=METABOLIC_GLP1_INJ,rx_volume,82,,set to NULL; outside every treatment target-category window
DQ-001301,rx_claims_monthly.csv,missing_rx_volume,hcp_id=1231453428|month=2025-09|ndc_category=CV_ANTICOAG_ORAL,rx_volume,80,,set to NULL; outside every treatment target-category window
DQ-001302,rx_claims_monthly.csv,missing_rx_volume,hcp_id=1124315999|month=2025-08|ndc_category=ONC_TARGETED_ORAL,rx_volume,103,,set to NULL; outside every treatment target-category window
DQ-001303,rx_claims_monthly.csv,missing_rx_volume,hcp_id=1200437733|month=2025-02|ndc_category=METABOLIC_GLP1_INJ,rx_volume,71,,set to NULL; outside every treatment target-category window
DQ-001304,rx_claims_monthly.csv,missing_rx_volume,hcp_id=1782077311|month=2024-12|ndc_category=METABOLIC_GLP1_INJ,rx_volume,43,,set to NULL; outside every treatment target-category window
DQ-001305,rx_claims_monthly.csv,missing_rx_volume,hcp_id=1526834563|month=2023-09|ndc_category=METABOLIC_GLP1_INJ,rx_volume,167,,set to NULL; outside every treatment target-category window
DQ-001306,rx_claims_monthly.csv,missing_rx_volume,hcp_id=1824172013|month=2024-09|ndc_category=PC_ANTIHYPERTENSIVE,rx_volume,464,,set to NULL; outside every treatment target-category window
DQ-001307,rx_claims_monthly.csv,missing_rx_volume,hcp_id=1672904236|month=2023-09|ndc_category=CV_ANTICOAG_ORAL,rx_volume,111,,set to NULL; outside every treatment target-category window
DQ-001308,rx_claims_monthly.csv,missing_rx_volume,hcp_id=1299832539|month=2025-03|ndc_category=CV_ANTICOAG_ORAL,rx_volume,188,,set to NULL; outside every treatment target-category window
DQ-001309,rx_claims_monthly.csv,missing_rx_volume,hcp_id=1417682113|month=2024-02|ndc_category=CV_ANTICOAG_ORAL,rx_volume,39,,set to NULL; outside every treatment target-category window
DQ-001310,rx_claims_monthly.csv,missing_rx_volume,hcp_id=1028772501|month=2023-01|ndc_category=METABOLIC_GLP1_INJ,rx_volume,60,,set to NULL; outside every treatment target-category window
DQ-001311,rx_claims_monthly.csv,missing_rx_volume,hcp_id=1838809964|month=2025-04|ndc_category=CV_ANTICOAG_ORAL,rx_volume,94,,set to NULL; outside every treatment target-category window
DQ-001312,rx_claims_monthly.csv,missing_rx_volume,hcp_id=1349686455|month=2025-06|ndc_category=CV_ANTICOAG_ORAL,rx_volume,200,,set to NULL; outside every treatment target-category window
DQ-001313,rx_claims_monthly.csv,missing_rx_volume,hcp_id=1696806755|month=2024-01|ndc_category=RHEUM_JAK_ORAL,rx_volume,156,,set to NULL; outside every treatment target-category window
DQ-001314,rx_claims_monthly.csv,missing_rx_volume,hcp_id=1222151080|month=2023-03|ndc_category=METABOLIC_GLP1_INJ,rx_volume,137,,set to NULL; outside every treatment target-category window
DQ-001315,rx_claims_monthly.csv,missing_rx_volume,hcp_id=1885387740|month=2023-07|ndc_category=CV_ANTICOAG_ORAL,rx_volume,241,,set to NULL; outside every treatment target-category window
DQ-001316,rx_claims_monthly.csv,missing_rx_volume,hcp_id=1933607412|month=2022-12|ndc_category=CV_ANTICOAG_ORAL,rx_volume,179,,set to NULL; outside every treatment target-category window
DQ-001317,rx_claims_monthly.csv,missing_rx_volume,hcp_id=1044666919|month=2024-11|ndc_category=CV_ANTICOAG_ORAL,rx_volume,153,,set to NULL; outside every treatment target-category window
DQ-001318,rx_claims_monthly.csv,missing_rx_volume,hcp_id=1618352078|month=2024-12|ndc_category=METABOLIC_GLP1_INJ,rx_volume,188,,set to NULL; outside every treatment target-category window
DQ-001319,rx_claims_monthly.csv,missing_rx_volume,hcp_id=1886821390|month=2022-12|ndc_category=METABOLIC_GLP1_INJ,rx_volume,51,,set to NULL; outside every treatment target-category window
DQ-001320,rx_claims_monthly.csv,missing_rx_volume,hcp_id=1969108517|month=2023-07|ndc_category=METABOLIC_GLP1_INJ,rx_volume,147,,set to NULL; outside every treatment target-category window
DQ-001321,rx_claims_monthly.csv,missing_rx_volume,hcp_id=1775891033|month=2025-01|ndc_category=ONC_TARGETED_ORAL,rx_volume,212,,set to NULL; outside every treatment target-category window
DQ-001322,rx_claims_monthly.csv,missing_rx_volume,hcp_id=1291534000|month=2023-12|ndc_category=CARD_HF_ARNI,rx_volume,469,,set to NULL; outside every treatment target-category window
DQ-001323,rx_claims_monthly.csv,missing_rx_volume,hcp_id=1105435741|month=2024-02|ndc_category=METABOLIC_GLP1_INJ,rx_volume,56,,set to NULL; outside every treatment target-category window
DQ-001324,rx_claims_monthly.csv,missing_rx_volume,hcp_id=1513803142|month=2023-12|ndc_category=METABOLIC_GLP1_INJ,rx_volume,355,,set to NULL; outside every treatment target-category window
DQ-001325,rx_claims_monthly.csv,missing_rx_volume,hcp_id=1854727892|month=2024-03|ndc_category=ONC_TARGETED_ORAL,rx_volume,215,,set to NULL; outside every treatment target-category window
DQ-001326,rx_claims_monthly.csv,missing_rx_volume,hcp_id=1262874856|month=2025-06|ndc_category=CV_ANTICOAG_ORAL,rx_volume,73,,set to NULL; outside every treatment target-category window
DQ-001327,rx_claims_monthly.csv,missing_rx_volume,hcp_id=1534502129|month=2024-12|ndc_category=PC_ANTIHYPERTENSIVE,rx_volume,154,,set to NULL; outside every treatment target-category window
DQ-001328,rx_claims_monthly.csv,missing_rx_volume,hcp_id=1707917476|month=2025-07|ndc_category=ENDO_BASAL_INSULIN,rx_volume,43,,set to NULL; outside every treatment target-category window
DQ-001329,rx_claims_monthly.csv,missing_rx_volume,hcp_id=1231453428|month=2025-02|ndc_category=ENDO_BASAL_INSULIN,rx_volume,385,,set to NULL; outside every treatment target-category window
DQ-001330,rx_claims_monthly.csv,missing_rx_volume,hcp_id=1393729789|month=2024-07|ndc_category=METABOLIC_GLP1_INJ,rx_volume,159,,set to NULL; outside every treatment target-category window
DQ-001331,rx_claims_monthly.csv,missing_rx_volume,hcp_id=1009335344|month=2025-10|ndc_category=CV_ANTICOAG_ORAL,rx_volume,310,,set to NULL; outside every treatment target-category window
DQ-001332,rx_claims_monthly.csv,missing_rx_volume,hcp_id=1925142923|month=2023-04|ndc_category=CV_ANTICOAG_ORAL,rx_volume,65,,set to NULL; outside every treatment target-category window
DQ-001333,rx_claims_monthly.csv,missing_rx_volume,hcp_id=1872102060|month=2024-02|ndc_category=METABOLIC_GLP1_INJ,rx_volume,57,,set to NULL; outside every treatment target-category window
DQ-001334,rx_claims_monthly.csv,missing_rx_volume,hcp_id=1036176265|month=2023-01|ndc_category=METABOLIC_GLP1_INJ,rx_volume,155,,set to NULL; outside every treatment target-category window
DQ-001335,rx_claims_monthly.csv,missing_rx_volume,hcp_id=1282914906|month=2024-08|ndc_category=CARD_HF_ARNI,rx_volume,170,,set to NULL; outside every treatment target-category window
DQ-001336,rx_claims_monthly.csv,missing_rx_volume,hcp_id=1299418347|month=2025-01|ndc_category=CV_ANTICOAG_ORAL,rx_volume,133,,set to NULL; outside every treatment target-category window
DQ-001337,rx_claims_monthly.csv,missing_rx_volume,hcp_id=1741672111|month=2025-03|ndc_category=CV_ANTICOAG_ORAL,rx_volume,45,,set to NULL; outside every treatment target-category window
DQ-001338,rx_claims_monthly.csv,missing_rx_volume,hcp_id=1352216182|month=2024-05|ndc_category=METABOLIC_GLP1_INJ,rx_volume,201,,set to NULL; outside every treatment target-category window
DQ-001339,rx_claims_monthly.csv,missing_rx_volume,hcp_id=1981504099|month=2024-11|ndc_category=CV_ANTICOAG_ORAL,rx_volume,38,,set to NULL; outside every treatment target-category window
DQ-001340,rx_claims_monthly.csv,missing_rx_volume,hcp_id=1657655308|month=2025-10|ndc_category=ENDO_BASAL_INSULIN,rx_volume,128,,set to NULL; outside every treatment target-category window
DQ-001341,rx_claims_monthly.csv,missing_rx_volume,hcp_id=1477499267|month=2025-02|ndc_category=CV_ANTICOAG_ORAL,rx_volume,80,,set to NULL; outside every treatment target-category window
DQ-001342,rx_claims_monthly.csv,missing_rx_volume,hcp_id=1325850802|month=2025-06|ndc_category=CV_ANTICOAG_ORAL,rx_volume,61,,set to NULL; outside every treatment target-category window
DQ-001343,rx_claims_monthly.csv,missing_rx_volume,hcp_id=1036718538|month=2024-12|ndc_category=ENDO_BASAL_INSULIN,rx_volume,187,,set to NULL; outside every treatment target-category window
DQ-001344,rx_claims_monthly.csv,missing_rx_volume,hcp_id=1480599715|month=2025-04|ndc_category=METABOLIC_GLP1_INJ,rx_volume,52,,set to NULL; outside every treatment target-category window
DQ-001345,rx_claims_monthly.csv,missing_rx_volume,hcp_id=1998699429|month=2025-03|ndc_category=CV_ANTICOAG_ORAL,rx_volume,318,,set to NULL; outside every treatment target-category window
DQ-001346,rx_claims_monthly.csv,missing_rx_volume,hcp_id=1299832539|month=2024-11|ndc_category=METABOLIC_GLP1_INJ,rx_volume,50,,set to NULL; outside every treatment target-category window
DQ-001347,rx_claims_monthly.csv,missing_rx_volume,hcp_id=1175085277|month=2023-12|ndc_category=PULM_ICS_LABA_INH,rx_volume,334,,set to NULL; outside every treatment target-category window
DQ-001348,rx_claims_monthly.csv,missing_rx_volume,hcp_id=1657035808|month=2025-06|ndc_category=METABOLIC_GLP1_INJ,rx_volume,280,,set to NULL; outside every treatment target-category window
DQ-001349,rx_claims_monthly.csv,missing_rx_volume,hcp_id=1246818524|month=2024-02|ndc_category=PC_ANTIHYPERTENSIVE,rx_volume,94,,set to NULL; outside every treatment target-category window
DQ-001350,rx_claims_monthly.csv,missing_rx_volume,hcp_id=1026926489|month=2024-12|ndc_category=CV_ANTICOAG_ORAL,rx_volume,222,,set to NULL; outside every treatment target-category window
DQ-001351,rx_claims_monthly.csv,missing_rx_volume,hcp_id=1187084813|month=2025-03|ndc_category=CV_ANTICOAG_ORAL,rx_volume,214,,set to NULL; outside every treatment target-category window
DQ-001352,rx_claims_monthly.csv,missing_rx_volume,hcp_id=1061035188|month=2025-06|ndc_category=CV_ANTICOAG_ORAL,rx_volume,62,,set to NULL; outside every treatment target-category window
DQ-001353,rx_claims_monthly.csv,missing_rx_volume,hcp_id=1987971524|month=2024-01|ndc_category=NEURO_MIGRAINE_CGRP,rx_volume,94,,set to NULL; outside every treatment target-category window
DQ-001354,rx_claims_monthly.csv,missing_rx_volume,hcp_id=1377516020|month=2024-12|ndc_category=CV_ANTICOAG_ORAL,rx_volume,134,,set to NULL; outside every treatment target-category window
DQ-001355,rx_claims_monthly.csv,missing_rx_volume,hcp_id=1584097178|month=2024-08|ndc_category=CV_ANTICOAG_ORAL,rx_volume,176,,set to NULL; outside every treatment target-category window
DQ-001356,rx_claims_monthly.csv,missing_rx_volume,hcp_id=1100495849|month=2023-09|ndc_category=CV_ANTICOAG_ORAL,rx_volume,300,,set to NULL; outside every treatment target-category window
DQ-001357,rx_claims_monthly.csv,missing_rx_volume,hcp_id=1279684447|month=2025-09|ndc_category=METABOLIC_GLP1_INJ,rx_volume,51,,set to NULL; outside every treatment target-category window
DQ-001358,rx_claims_monthly.csv,missing_rx_volume,hcp_id=1774691384|month=2023-11|ndc_category=NEURO_MIGRAINE_CGRP,rx_volume,139,,set to NULL; outside every treatment target-category window
DQ-001359,rx_claims_monthly.csv,missing_rx_volume,hcp_id=1121962926|month=2023-08|ndc_category=METABOLIC_GLP1_INJ,rx_volume,90,,set to NULL; outside every treatment target-category window
DQ-001360,rx_claims_monthly.csv,missing_rx_volume,hcp_id=1021834936|month=2023-10|ndc_category=ONC_TARGETED_ORAL,rx_volume,144,,set to NULL; outside every treatment target-category window
DQ-001361,rx_claims_monthly.csv,missing_rx_volume,hcp_id=1944636921|month=2024-07|ndc_category=NEURO_MIGRAINE_CGRP,rx_volume,79,,set to NULL; outside every treatment target-category window
DQ-001362,rx_claims_monthly.csv,missing_rx_volume,hcp_id=1615059528|month=2025-02|ndc_category=CV_ANTICOAG_ORAL,rx_volume,244,,set to NULL; outside every treatment target-category window
DQ-001363,rx_claims_monthly.csv,missing_rx_volume,hcp_id=1769333869|month=2024-02|ndc_category=METABOLIC_GLP1_INJ,rx_volume,187,,set to NULL; outside every treatment target-category window
DQ-001364,rx_claims_monthly.csv,missing_rx_volume,hcp_id=1595774286|month=2024-12|ndc_category=METABOLIC_GLP1_INJ,rx_volume,203,,set to NULL; outside every treatment target-category window
DQ-001365,rx_claims_monthly.csv,missing_rx_volume,hcp_id=1835878442|month=2024-10|ndc_category=METABOLIC_GLP1_INJ,rx_volume,88,,set to NULL; outside every treatment target-category window
DQ-001366,rx_claims_monthly.csv,missing_rx_volume,hcp_id=1553755327|month=2023-06|ndc_category=CV_ANTICOAG_ORAL,rx_volume,189,,set to NULL; outside every treatment target-category window
DQ-001367,rx_claims_monthly.csv,missing_rx_volume,hcp_id=1475353029|month=2024-09|ndc_category=CV_ANTICOAG_ORAL,rx_volume,153,,set to NULL; outside every treatment target-category window
DQ-001368,rx_claims_monthly.csv,missing_rx_volume,hcp_id=1333896094|month=2022-12|ndc_category=NEURO_MIGRAINE_CGRP,rx_volume,109,,set to NULL; outside every treatment target-category window
DQ-001369,rx_claims_monthly.csv,missing_rx_volume,hcp_id=1134195944|month=2023-01|ndc_category=CARD_HF_ARNI,rx_volume,419,,set to NULL; outside every treatment target-category window
DQ-001370,rx_claims_monthly.csv,missing_rx_volume,hcp_id=1595301304|month=2022-12|ndc_category=PC_ANTIHYPERTENSIVE,rx_volume,380,,set to NULL; outside every treatment target-category window
DQ-001371,rx_claims_monthly.csv,missing_rx_volume,hcp_id=1154262954|month=2023-05|ndc_category=METABOLIC_GLP1_INJ,rx_volume,148,,set to NULL; outside every treatment target-category window
DQ-001372,rx_claims_monthly.csv,missing_rx_volume,hcp_id=1900401815|month=2024-02|ndc_category=METABOLIC_GLP1_INJ,rx_volume,210,,set to NULL; outside every treatment target-category window
DQ-001373,rx_claims_monthly.csv,missing_rx_volume,hcp_id=1743431961|month=2025-05|ndc_category=CARD_HF_ARNI,rx_volume,88,,set to NULL; outside every treatment target-category window
DQ-001374,rx_claims_monthly.csv,missing_rx_volume,hcp_id=1937526600|month=2025-10|ndc_category=ONC_TARGETED_ORAL,rx_volume,28,,set to NULL; outside every treatment target-category window
DQ-001375,rx_claims_monthly.csv,missing_rx_volume,hcp_id=1200096471|month=2024-01|ndc_category=CV_ANTICOAG_ORAL,rx_volume,116,,set to NULL; outside every treatment target-category window
DQ-001376,rx_claims_monthly.csv,missing_rx_volume,hcp_id=1976707814|month=2023-03|ndc_category=CV_ANTICOAG_ORAL,rx_volume,117,,set to NULL; outside every treatment target-category window
DQ-001377,rx_claims_monthly.csv,missing_rx_volume,hcp_id=1693809661|month=2023-08|ndc_category=ONC_TARGETED_ORAL,rx_volume,135,,set to NULL; outside every treatment target-category window
DQ-001378,rx_claims_monthly.csv,missing_rx_volume,hcp_id=1704331150|month=2023-11|ndc_category=METABOLIC_GLP1_INJ,rx_volume,261,,set to NULL; outside every treatment target-category window
DQ-001379,rx_claims_monthly.csv,missing_rx_volume,hcp_id=1867204764|month=2024-06|ndc_category=CV_ANTICOAG_ORAL,rx_volume,246,,set to NULL; outside every treatment target-category window
DQ-001380,rx_claims_monthly.csv,missing_rx_volume,hcp_id=1955070549|month=2024-06|ndc_category=CV_ANTICOAG_ORAL,rx_volume,21,,set to NULL; outside every treatment target-category window
DQ-001381,rx_claims_monthly.csv,missing_rx_volume,hcp_id=1069143851|month=2023-01|ndc_category=CARD_HF_ARNI,rx_volume,309,,set to NULL; outside every treatment target-category window
DQ-001382,rx_claims_monthly.csv,missing_rx_volume,hcp_id=1570328496|month=2023-02|ndc_category=METABOLIC_GLP1_INJ,rx_volume,349,,set to NULL; outside every treatment target-category window
DQ-001383,rx_claims_monthly.csv,missing_rx_volume,hcp_id=1102089657|month=2024-03|ndc_category=METABOLIC_GLP1_INJ,rx_volume,43,,set to NULL; outside every treatment target-category window
DQ-001384,rx_claims_monthly.csv,missing_rx_volume,hcp_id=1364592786|month=2023-10|ndc_category=CV_ANTICOAG_ORAL,rx_volume,71,,set to NULL; outside every treatment target-category window
DQ-001385,rx_claims_monthly.csv,missing_rx_volume,hcp_id=1426157339|month=2025-03|ndc_category=CV_ANTICOAG_ORAL,rx_volume,206,,set to NULL; outside every treatment target-category window
DQ-001386,rx_claims_monthly.csv,missing_rx_volume,hcp_id=1463019459|month=2023-07|ndc_category=PC_ANTIHYPERTENSIVE,rx_volume,179,,set to NULL; outside every treatment target-category window
DQ-001387,rx_claims_monthly.csv,missing_rx_volume,hcp_id=1120914548|month=2025-07|ndc_category=CARD_HF_ARNI,rx_volume,381,,set to NULL; outside every treatment target-category window
DQ-001388,rx_claims_monthly.csv,missing_rx_volume,hcp_id=1042455315|month=2023-11|ndc_category=CV_ANTICOAG_ORAL,rx_volume,299,,set to NULL; outside every treatment target-category window
DQ-001389,rx_claims_monthly.csv,missing_rx_volume,hcp_id=1798313247|month=2024-01|ndc_category=METABOLIC_GLP1_INJ,rx_volume,64,,set to NULL; outside every treatment target-category window
DQ-001390,rx_claims_monthly.csv,missing_rx_volume,hcp_id=1176062549|month=2023-02|ndc_category=METABOLIC_GLP1_INJ,rx_volume,267,,set to NULL; outside every treatment target-category window
DQ-001391,rx_claims_monthly.csv,missing_rx_volume,hcp_id=1997693654|month=2025-09|ndc_category=PC_ANTIHYPERTENSIVE,rx_volume,343,,set to NULL; outside every treatment target-category window
DQ-001392,rx_claims_monthly.csv,missing_rx_volume,hcp_id=1570328496|month=2024-07|ndc_category=CV_ANTICOAG_ORAL,rx_volume,259,,set to NULL; outside every treatment target-category window
DQ-001393,rx_claims_monthly.csv,missing_rx_volume,hcp_id=1815549120|month=2025-04|ndc_category=METABOLIC_GLP1_INJ,rx_volume,76,,set to NULL; outside every treatment target-category window
DQ-001394,rx_claims_monthly.csv,missing_rx_volume,hcp_id=1163769114|month=2024-07|ndc_category=METABOLIC_GLP1_INJ,rx_volume,231,,set to NULL; outside every treatment target-category window
DQ-001395,rx_claims_monthly.csv,missing_rx_volume,hcp_id=1702446943|month=2024-05|ndc_category=ENDO_BASAL_INSULIN,rx_volume,268,,set to NULL; outside every treatment target-category window
DQ-001396,rx_claims_monthly.csv,missing_rx_volume,hcp_id=1803461205|month=2023-01|ndc_category=CV_ANTICOAG_ORAL,rx_volume,82,,set to NULL; outside every treatment target-category window
DQ-001397,rx_claims_monthly.csv,missing_rx_volume,hcp_id=1120914548|month=2023-07|ndc_category=METABOLIC_GLP1_INJ,rx_volume,116,,set to NULL; outside every treatment target-category window
DQ-001398,rx_claims_monthly.csv,missing_rx_volume,hcp_id=1822345694|month=2023-09|ndc_category=CARD_HF_ARNI,rx_volume,625,,set to NULL; outside every treatment target-category window
DQ-001399,rx_claims_monthly.csv,missing_rx_volume,hcp_id=1892897319|month=2023-01|ndc_category=RHEUM_JAK_ORAL,rx_volume,133,,set to NULL; outside every treatment target-category window
DQ-001400,rx_claims_monthly.csv,missing_rx_volume,hcp_id=1275177768|month=2024-01|ndc_category=CV_ANTICOAG_ORAL,rx_volume,77,,set to NULL; outside every treatment target-category window
DQ-001401,rx_claims_monthly.csv,missing_rx_volume,hcp_id=1789149345|month=2025-10|ndc_category=METABOLIC_GLP1_INJ,rx_volume,59,,set to NULL; outside every treatment target-category window
DQ-001402,rx_claims_monthly.csv,missing_rx_volume,hcp_id=1821424144|month=2024-06|ndc_category=ONC_TARGETED_ORAL,rx_volume,232,,set to NULL; outside every treatment target-category window
DQ-001403,rx_claims_monthly.csv,missing_rx_volume,hcp_id=1907128700|month=2023-09|ndc_category=CV_ANTICOAG_ORAL,rx_volume,116,,set to NULL; outside every treatment target-category window
DQ-001404,rx_claims_monthly.csv,missing_rx_volume,hcp_id=1425340662|month=2025-06|ndc_category=PC_ANTIHYPERTENSIVE,rx_volume,688,,set to NULL; outside every treatment target-category window
DQ-001405,rx_claims_monthly.csv,missing_rx_volume,hcp_id=1257768279|month=2023-08|ndc_category=ENDO_BASAL_INSULIN,rx_volume,207,,set to NULL; outside every treatment target-category window
DQ-001406,rx_claims_monthly.csv,missing_rx_volume,hcp_id=1596912711|month=2024-04|ndc_category=ONC_TARGETED_ORAL,rx_volume,67,,set to NULL; outside every treatment target-category window
DQ-001407,rx_claims_monthly.csv,missing_rx_volume,hcp_id=1854727892|month=2025-07|ndc_category=ONC_TARGETED_ORAL,rx_volume,177,,set to NULL; outside every treatment target-category window
DQ-001408,rx_claims_monthly.csv,missing_rx_volume,hcp_id=1142840812|month=2025-03|ndc_category=CV_ANTICOAG_ORAL,rx_volume,42,,set to NULL; outside every treatment target-category window
DQ-001409,rx_claims_monthly.csv,missing_rx_volume,hcp_id=1730655531|month=2023-08|ndc_category=CV_ANTICOAG_ORAL,rx_volume,180,,set to NULL; outside every treatment target-category window
DQ-001410,rx_claims_monthly.csv,missing_rx_volume,hcp_id=1851932792|month=2025-10|ndc_category=CV_ANTICOAG_ORAL,rx_volume,142,,set to NULL; outside every treatment target-category window
DQ-001411,rx_claims_monthly.csv,missing_rx_volume,hcp_id=1489067862|month=2023-10|ndc_category=CV_ANTICOAG_ORAL,rx_volume,91,,set to NULL; outside every treatment target-category window
DQ-001412,rx_claims_monthly.csv,missing_rx_volume,hcp_id=1901417067|month=2025-04|ndc_category=NEURO_MIGRAINE_CGRP,rx_volume,72,,set to NULL; outside every treatment target-category window
DQ-001413,rx_claims_monthly.csv,missing_rx_volume,hcp_id=1815549120|month=2023-01|ndc_category=CV_ANTICOAG_ORAL,rx_volume,71,,set to NULL; outside every treatment target-category window
DQ-001414,rx_claims_monthly.csv,missing_rx_volume,hcp_id=1021834936|month=2023-12|ndc_category=CV_ANTICOAG_ORAL,rx_volume,76,,set to NULL; outside every treatment target-category window
DQ-001415,rx_claims_monthly.csv,missing_rx_volume,hcp_id=1478412079|month=2023-12|ndc_category=METABOLIC_GLP1_INJ,rx_volume,156,,set to NULL; outside every treatment target-category window
DQ-001416,rx_claims_monthly.csv,missing_rx_volume,hcp_id=1083964134|month=2023-08|ndc_category=ENDO_BASAL_INSULIN,rx_volume,445,,set to NULL; outside every treatment target-category window
DQ-001417,rx_claims_monthly.csv,missing_rx_volume,hcp_id=1140492483|month=2025-01|ndc_category=NEURO_MIGRAINE_CGRP,rx_volume,56,,set to NULL; outside every treatment target-category window
DQ-001418,rx_claims_monthly.csv,missing_rx_volume,hcp_id=1443260538|month=2024-11|ndc_category=CV_ANTICOAG_ORAL,rx_volume,37,,set to NULL; outside every treatment target-category window
DQ-001419,rx_claims_monthly.csv,missing_rx_volume,hcp_id=1312630019|month=2023-02|ndc_category=CV_ANTICOAG_ORAL,rx_volume,58,,set to NULL; outside every treatment target-category window
DQ-001420,rx_claims_monthly.csv,missing_rx_volume,hcp_id=1260279835|month=2024-01|ndc_category=CARD_HF_ARNI,rx_volume,70,,set to NULL; outside every treatment target-category window
DQ-001421,rx_claims_monthly.csv,missing_rx_volume,hcp_id=1769234364|month=2025-06|ndc_category=PC_ANTIHYPERTENSIVE,rx_volume,200,,set to NULL; outside every treatment target-category window
DQ-001422,rx_claims_monthly.csv,missing_rx_volume,hcp_id=1458345984|month=2023-10|ndc_category=CV_ANTICOAG_ORAL,rx_volume,123,,set to NULL; outside every treatment target-category window
DQ-001423,rx_claims_monthly.csv,missing_rx_volume,hcp_id=1456937691|month=2024-08|ndc_category=ENDO_BASAL_INSULIN,rx_volume,110,,set to NULL; outside every treatment target-category window
DQ-001424,rx_claims_monthly.csv,missing_rx_volume,hcp_id=1401677194|month=2025-07|ndc_category=METABOLIC_GLP1_INJ,rx_volume,70,,set to NULL; outside every treatment target-category window
DQ-001425,rx_claims_monthly.csv,missing_rx_volume,hcp_id=1440538092|month=2025-10|ndc_category=CARD_HF_ARNI,rx_volume,212,,set to NULL; outside every treatment target-category window
DQ-001426,rx_claims_monthly.csv,missing_rx_volume,hcp_id=1406384093|month=2024-03|ndc_category=METABOLIC_GLP1_INJ,rx_volume,232,,set to NULL; outside every treatment target-category window
DQ-001427,rx_claims_monthly.csv,missing_rx_volume,hcp_id=1776723276|month=2023-02|ndc_category=CV_ANTICOAG_ORAL,rx_volume,124,,set to NULL; outside every treatment target-category window
DQ-001428,rx_claims_monthly.csv,missing_rx_volume,hcp_id=1240393805|month=2025-07|ndc_category=PC_ANTIHYPERTENSIVE,rx_volume,247,,set to NULL; outside every treatment target-category window
DQ-001429,rx_claims_monthly.csv,missing_rx_volume,hcp_id=1779411515|month=2025-02|ndc_category=METABOLIC_GLP1_INJ,rx_volume,414,,set to NULL; outside every treatment target-category window
DQ-001430,rx_claims_monthly.csv,missing_rx_volume,hcp_id=1166978878|month=2025-09|ndc_category=METABOLIC_GLP1_INJ,rx_volume,50,,set to NULL; outside every treatment target-category window
DQ-001431,rx_claims_monthly.csv,missing_rx_volume,hcp_id=1231453428|month=2023-03|ndc_category=METABOLIC_GLP1_INJ,rx_volume,64,,set to NULL; outside every treatment target-category window
DQ-001432,rx_claims_monthly.csv,missing_rx_volume,hcp_id=1776723276|month=2025-01|ndc_category=CV_ANTICOAG_ORAL,rx_volume,202,,set to NULL; outside every treatment target-category window
DQ-001433,rx_claims_monthly.csv,missing_rx_volume,hcp_id=1942374996|month=2023-07|ndc_category=ONC_TARGETED_ORAL,rx_volume,489,,set to NULL; outside every treatment target-category window
DQ-001434,rx_claims_monthly.csv,missing_rx_volume,hcp_id=1608203554|month=2025-02|ndc_category=CV_ANTICOAG_ORAL,rx_volume,181,,set to NULL; outside every treatment target-category window
DQ-001435,rx_claims_monthly.csv,missing_rx_volume,hcp_id=1836939912|month=2025-07|ndc_category=METABOLIC_GLP1_INJ,rx_volume,104,,set to NULL; outside every treatment target-category window
DQ-001436,rx_claims_monthly.csv,missing_rx_volume,hcp_id=1338304433|month=2023-08|ndc_category=ONC_TARGETED_ORAL,rx_volume,417,,set to NULL; outside every treatment target-category window
DQ-001437,rx_claims_monthly.csv,missing_rx_volume,hcp_id=1927430854|month=2023-02|ndc_category=PC_ANTIHYPERTENSIVE,rx_volume,466,,set to NULL; outside every treatment target-category window
DQ-001438,rx_claims_monthly.csv,missing_rx_volume,hcp_id=1695082515|month=2024-03|ndc_category=ONC_TARGETED_ORAL,rx_volume,80,,set to NULL; outside every treatment target-category window
DQ-001439,rx_claims_monthly.csv,missing_rx_volume,hcp_id=1844625859|month=2024-01|ndc_category=CV_ANTICOAG_ORAL,rx_volume,79,,set to NULL; outside every treatment target-category window
DQ-001440,rx_claims_monthly.csv,missing_rx_volume,hcp_id=1743613295|month=2025-01|ndc_category=METABOLIC_GLP1_INJ,rx_volume,35,,set to NULL; outside every treatment target-category window
DQ-001441,rx_claims_monthly.csv,missing_rx_volume,hcp_id=1947002428|month=2023-11|ndc_category=METABOLIC_GLP1_INJ,rx_volume,81,,set to NULL; outside every treatment target-category window
DQ-001442,rx_claims_monthly.csv,missing_rx_volume,hcp_id=1407459696|month=2023-03|ndc_category=METABOLIC_GLP1_INJ,rx_volume,35,,set to NULL; outside every treatment target-category window
DQ-001443,rx_claims_monthly.csv,missing_rx_volume,hcp_id=1947002428|month=2025-02|ndc_category=CV_ANTICOAG_ORAL,rx_volume,124,,set to NULL; outside every treatment target-category window
DQ-001444,rx_claims_monthly.csv,missing_rx_volume,hcp_id=1426157339|month=2024-07|ndc_category=CV_ANTICOAG_ORAL,rx_volume,173,,set to NULL; outside every treatment target-category window
DQ-001445,rx_claims_monthly.csv,missing_rx_volume,hcp_id=1390158669|month=2023-01|ndc_category=CV_ANTICOAG_ORAL,rx_volume,113,,set to NULL; outside every treatment target-category window
DQ-001446,rx_claims_monthly.csv,missing_rx_volume,hcp_id=1968864862|month=2024-06|ndc_category=METABOLIC_GLP1_INJ,rx_volume,26,,set to NULL; outside every treatment target-category window
DQ-001447,rx_claims_monthly.csv,missing_rx_volume,hcp_id=1289174306|month=2025-09|ndc_category=PC_ANTIHYPERTENSIVE,rx_volume,140,,set to NULL; outside every treatment target-category window
DQ-001448,rx_claims_monthly.csv,missing_rx_volume,hcp_id=1250524505|month=2025-03|ndc_category=METABOLIC_GLP1_INJ,rx_volume,19,,set to NULL; outside every treatment target-category window
DQ-001449,rx_claims_monthly.csv,missing_rx_volume,hcp_id=1429255973|month=2024-09|ndc_category=CV_ANTICOAG_ORAL,rx_volume,120,,set to NULL; outside every treatment target-category window
DQ-001450,rx_claims_monthly.csv,missing_rx_volume,hcp_id=1704492101|month=2023-10|ndc_category=ONC_TARGETED_ORAL,rx_volume,232,,set to NULL; outside every treatment target-category window
DQ-001451,rx_claims_monthly.csv,missing_rx_volume,hcp_id=1371759725|month=2023-03|ndc_category=CV_ANTICOAG_ORAL,rx_volume,91,,set to NULL; outside every treatment target-category window
DQ-001452,rx_claims_monthly.csv,missing_rx_volume,hcp_id=1511022174|month=2023-11|ndc_category=METABOLIC_GLP1_INJ,rx_volume,123,,set to NULL; outside every treatment target-category window
DQ-001453,rx_claims_monthly.csv,missing_rx_volume,hcp_id=1251411553|month=2023-07|ndc_category=CV_ANTICOAG_ORAL,rx_volume,103,,set to NULL; outside every treatment target-category window
DQ-001454,rx_claims_monthly.csv,missing_rx_volume,hcp_id=1275443434|month=2023-06|ndc_category=PC_ANTIHYPERTENSIVE,rx_volume,205,,set to NULL; outside every treatment target-category window
DQ-001455,rx_claims_monthly.csv,missing_rx_volume,hcp_id=1789149345|month=2025-03|ndc_category=CV_ANTICOAG_ORAL,rx_volume,42,,set to NULL; outside every treatment target-category window
DQ-001456,rx_claims_monthly.csv,missing_rx_volume,hcp_id=1367956301|month=2023-12|ndc_category=METABOLIC_GLP1_INJ,rx_volume,61,,set to NULL; outside every treatment target-category window
DQ-001457,rx_claims_monthly.csv,missing_rx_volume,hcp_id=1188509891|month=2023-05|ndc_category=CV_ANTICOAG_ORAL,rx_volume,40,,set to NULL; outside every treatment target-category window
DQ-001458,rx_claims_monthly.csv,missing_rx_volume,hcp_id=1596580633|month=2023-11|ndc_category=CV_ANTICOAG_ORAL,rx_volume,71,,set to NULL; outside every treatment target-category window
DQ-001459,rx_claims_monthly.csv,missing_rx_volume,hcp_id=1251154013|month=2023-01|ndc_category=NEURO_MIGRAINE_CGRP,rx_volume,72,,set to NULL; outside every treatment target-category window
DQ-001460,rx_claims_monthly.csv,missing_rx_volume,hcp_id=1708639657|month=2023-05|ndc_category=ENDO_BASAL_INSULIN,rx_volume,205,,set to NULL; outside every treatment target-category window
DQ-001461,rx_claims_monthly.csv,missing_rx_volume,hcp_id=1107378550|month=2024-04|ndc_category=METABOLIC_GLP1_INJ,rx_volume,158,,set to NULL; outside every treatment target-category window
DQ-001462,rx_claims_monthly.csv,missing_rx_volume,hcp_id=1078164070|month=2024-01|ndc_category=ONC_TARGETED_ORAL,rx_volume,233,,set to NULL; outside every treatment target-category window
DQ-001463,rx_claims_monthly.csv,missing_rx_volume,hcp_id=1449048093|month=2022-12|ndc_category=ENDO_BASAL_INSULIN,rx_volume,97,,set to NULL; outside every treatment target-category window
DQ-001464,rx_claims_monthly.csv,missing_rx_volume,hcp_id=1455529317|month=2023-08|ndc_category=METABOLIC_GLP1_INJ,rx_volume,37,,set to NULL; outside every treatment target-category window
DQ-001465,rx_claims_monthly.csv,missing_rx_volume,hcp_id=1282948292|month=2023-08|ndc_category=METABOLIC_GLP1_INJ,rx_volume,35,,set to NULL; outside every treatment target-category window
DQ-001466,rx_claims_monthly.csv,missing_rx_volume,hcp_id=1933607412|month=2023-01|ndc_category=METABOLIC_GLP1_INJ,rx_volume,129,,set to NULL; outside every treatment target-category window
DQ-001467,rx_claims_monthly.csv,missing_rx_volume,hcp_id=1075689749|month=2025-01|ndc_category=METABOLIC_GLP1_INJ,rx_volume,329,,set to NULL; outside every treatment target-category window
DQ-001468,rx_claims_monthly.csv,missing_rx_volume,hcp_id=1614978876|month=2025-02|ndc_category=METABOLIC_GLP1_INJ,rx_volume,70,,set to NULL; outside every treatment target-category window
DQ-001469,rx_claims_monthly.csv,missing_rx_volume,hcp_id=1237849298|month=2023-01|ndc_category=METABOLIC_GLP1_INJ,rx_volume,79,,set to NULL; outside every treatment target-category window
DQ-001470,rx_claims_monthly.csv,missing_rx_volume,hcp_id=1874547676|month=2022-12|ndc_category=CV_ANTICOAG_ORAL,rx_volume,85,,set to NULL; outside every treatment target-category window
DQ-001471,rx_claims_monthly.csv,missing_rx_volume,hcp_id=1340345143|month=2025-01|ndc_category=CV_ANTICOAG_ORAL,rx_volume,116,,set to NULL; outside every treatment target-category window
DQ-001472,rx_claims_monthly.csv,missing_rx_volume,hcp_id=1889776344|month=2025-10|ndc_category=CV_ANTICOAG_ORAL,rx_volume,331,,set to NULL; outside every treatment target-category window
DQ-001473,rx_claims_monthly.csv,missing_rx_volume,hcp_id=1413495239|month=2024-03|ndc_category=CV_ANTICOAG_ORAL,rx_volume,234,,set to NULL; outside every treatment target-category window
DQ-001474,rx_claims_monthly.csv,missing_rx_volume,hcp_id=1385532449|month=2024-04|ndc_category=CV_ANTICOAG_ORAL,rx_volume,168,,set to NULL; outside every treatment target-category window
DQ-001475,rx_claims_monthly.csv,missing_rx_volume,hcp_id=1051073538|month=2024-06|ndc_category=CV_ANTICOAG_ORAL,rx_volume,54,,set to NULL; outside every treatment target-category window
DQ-001476,rx_claims_monthly.csv,missing_rx_volume,hcp_id=1884150503|month=2023-04|ndc_category=METABOLIC_GLP1_INJ,rx_volume,93,,set to NULL; outside every treatment target-category window
DQ-001477,rx_claims_monthly.csv,missing_rx_volume,hcp_id=1330067194|month=2024-05|ndc_category=METABOLIC_GLP1_INJ,rx_volume,212,,set to NULL; outside every treatment target-category window
DQ-001478,rx_claims_monthly.csv,missing_rx_volume,hcp_id=1892307210|month=2023-03|ndc_category=RHEUM_JAK_ORAL,rx_volume,297,,set to NULL; outside every treatment target-category window
DQ-001479,rx_claims_monthly.csv,missing_rx_volume,hcp_id=1295389203|month=2024-09|ndc_category=METABOLIC_GLP1_INJ,rx_volume,125,,set to NULL; outside every treatment target-category window
DQ-001480,rx_claims_monthly.csv,missing_rx_volume,hcp_id=1284061300|month=2025-03|ndc_category=METABOLIC_GLP1_INJ,rx_volume,185,,set to NULL; outside every treatment target-category window
DQ-001481,rx_claims_monthly.csv,missing_rx_volume,hcp_id=1480117328|month=2024-04|ndc_category=NEURO_MIGRAINE_CGRP,rx_volume,248,,set to NULL; outside every treatment target-category window
DQ-001482,rx_claims_monthly.csv,missing_rx_volume,hcp_id=1630629040|month=2024-07|ndc_category=CV_ANTICOAG_ORAL,rx_volume,148,,set to NULL; outside every treatment target-category window
DQ-001483,rx_claims_monthly.csv,missing_rx_volume,hcp_id=1372196661|month=2023-11|ndc_category=METABOLIC_GLP1_INJ,rx_volume,31,,set to NULL; outside every treatment target-category window
DQ-001484,rx_claims_monthly.csv,missing_rx_volume,hcp_id=1204261733|month=2023-04|ndc_category=NEURO_MIGRAINE_CGRP,rx_volume,269,,set to NULL; outside every treatment target-category window
DQ-001485,rx_claims_monthly.csv,missing_rx_volume,hcp_id=1190842652|month=2023-07|ndc_category=CV_ANTICOAG_ORAL,rx_volume,158,,set to NULL; outside every treatment target-category window
DQ-001486,rx_claims_monthly.csv,missing_rx_volume,hcp_id=1095874958|month=2024-12|ndc_category=NEURO_MIGRAINE_CGRP,rx_volume,302,,set to NULL; outside every treatment target-category window
DQ-001487,rx_claims_monthly.csv,missing_rx_volume,hcp_id=1389159553|month=2023-04|ndc_category=PC_ANTIHYPERTENSIVE,rx_volume,183,,set to NULL; outside every treatment target-category window
DQ-001488,rx_claims_monthly.csv,missing_rx_volume,hcp_id=1782341873|month=2024-07|ndc_category=METABOLIC_GLP1_INJ,rx_volume,157,,set to NULL; outside every treatment target-category window
DQ-001489,rx_claims_monthly.csv,missing_rx_volume,hcp_id=1808677938|month=2023-03|ndc_category=CV_ANTICOAG_ORAL,rx_volume,110,,set to NULL; outside every treatment target-category window
DQ-001490,rx_claims_monthly.csv,missing_rx_volume,hcp_id=1822345694|month=2025-01|ndc_category=CV_ANTICOAG_ORAL,rx_volume,638,,set to NULL; outside every treatment target-category window
DQ-001491,rx_claims_monthly.csv,missing_rx_volume,hcp_id=1309748980|month=2024-11|ndc_category=CV_ANTICOAG_ORAL,rx_volume,39,,set to NULL; outside every treatment target-category window
DQ-001492,rx_claims_monthly.csv,missing_rx_volume,hcp_id=1719186219|month=2024-11|ndc_category=CV_ANTICOAG_ORAL,rx_volume,161,,set to NULL; outside every treatment target-category window
DQ-001493,rx_claims_monthly.csv,missing_rx_volume,hcp_id=1330017819|month=2024-01|ndc_category=METABOLIC_GLP1_INJ,rx_volume,734,,set to NULL; outside every treatment target-category window
DQ-001494,rx_claims_monthly.csv,missing_rx_volume,hcp_id=1983357579|month=2025-02|ndc_category=PULM_ICS_LABA_INH,rx_volume,163,,set to NULL; outside every treatment target-category window
DQ-001495,rx_claims_monthly.csv,missing_rx_volume,hcp_id=1302899475|month=2023-09|ndc_category=CV_ANTICOAG_ORAL,rx_volume,93,,set to NULL; outside every treatment target-category window
DQ-001496,rx_claims_monthly.csv,missing_rx_volume,hcp_id=1355374483|month=2024-10|ndc_category=CV_ANTICOAG_ORAL,rx_volume,248,,set to NULL; outside every treatment target-category window
DQ-001497,rx_claims_monthly.csv,missing_rx_volume,hcp_id=1081031506|month=2025-04|ndc_category=NEURO_MIGRAINE_CGRP,rx_volume,402,,set to NULL; outside every treatment target-category window
DQ-001498,rx_claims_monthly.csv,missing_rx_volume,hcp_id=1918398995|month=2025-10|ndc_category=CV_ANTICOAG_ORAL,rx_volume,58,,set to NULL; outside every treatment target-category window
DQ-001499,rx_claims_monthly.csv,missing_rx_volume,hcp_id=1775891033|month=2024-07|ndc_category=CV_ANTICOAG_ORAL,rx_volume,87,,set to NULL; outside every treatment target-category window
DQ-001500,rx_claims_monthly.csv,missing_rx_volume,hcp_id=1408782450|month=2023-06|ndc_category=METABOLIC_GLP1_INJ,rx_volume,99,,set to NULL; outside every treatment target-category window
DQ-001501,rx_claims_monthly.csv,missing_rx_volume,hcp_id=1724088210|month=2024-05|ndc_category=CV_ANTICOAG_ORAL,rx_volume,515,,set to NULL; outside every treatment target-category window
DQ-001502,rx_claims_monthly.csv,missing_rx_volume,hcp_id=1375799982|month=2024-12|ndc_category=CV_ANTICOAG_ORAL,rx_volume,191,,set to NULL; outside every treatment target-category window
DQ-001503,rx_claims_monthly.csv,missing_rx_volume,hcp_id=1736829924|month=2024-10|ndc_category=CV_ANTICOAG_ORAL,rx_volume,122,,set to NULL; outside every treatment target-category window
DQ-001504,rx_claims_monthly.csv,missing_rx_volume,hcp_id=1980975555|month=2024-07|ndc_category=METABOLIC_GLP1_INJ,rx_volume,64,,set to NULL; outside every treatment target-category window
DQ-001505,rx_claims_monthly.csv,missing_rx_volume,hcp_id=1294882026|month=2024-01|ndc_category=ONC_TARGETED_ORAL,rx_volume,204,,set to NULL; outside every treatment target-category window
DQ-001506,rx_claims_monthly.csv,missing_rx_volume,hcp_id=1478412079|month=2022-12|ndc_category=CARD_HF_ARNI,rx_volume,397,,set to NULL; outside every treatment target-category window
DQ-001507,rx_claims_monthly.csv,missing_rx_volume,hcp_id=1407902521|month=2024-11|ndc_category=CV_ANTICOAG_ORAL,rx_volume,61,,set to NULL; outside every treatment target-category window
DQ-001508,rx_claims_monthly.csv,missing_rx_volume,hcp_id=1140492483|month=2023-06|ndc_category=METABOLIC_GLP1_INJ,rx_volume,40,,set to NULL; outside every treatment target-category window
DQ-001509,rx_claims_monthly.csv,missing_rx_volume,hcp_id=1109634414|month=2024-08|ndc_category=CV_ANTICOAG_ORAL,rx_volume,149,,set to NULL; outside every treatment target-category window
DQ-001510,rx_claims_monthly.csv,missing_rx_volume,hcp_id=1551107307|month=2023-06|ndc_category=CV_ANTICOAG_ORAL,rx_volume,270,,set to NULL; outside every treatment target-category window
DQ-001511,rx_claims_monthly.csv,missing_rx_volume,hcp_id=1309185530|month=2024-06|ndc_category=ONC_TARGETED_ORAL,rx_volume,132,,set to NULL; outside every treatment target-category window
DQ-001512,rx_claims_monthly.csv,missing_rx_volume,hcp_id=1169614082|month=2023-10|ndc_category=METABOLIC_GLP1_INJ,rx_volume,124,,set to NULL; outside every treatment target-category window
DQ-001513,rx_claims_monthly.csv,missing_rx_volume,hcp_id=1734447604|month=2025-05|ndc_category=CV_ANTICOAG_ORAL,rx_volume,260,,set to NULL; outside every treatment target-category window
DQ-001514,rx_claims_monthly.csv,missing_rx_volume,hcp_id=1010852790|month=2024-08|ndc_category=CV_ANTICOAG_ORAL,rx_volume,73,,set to NULL; outside every treatment target-category window
DQ-001515,rx_claims_monthly.csv,missing_rx_volume,hcp_id=1451968915|month=2024-05|ndc_category=METABOLIC_GLP1_INJ,rx_volume,93,,set to NULL; outside every treatment target-category window
DQ-001516,rx_claims_monthly.csv,missing_rx_volume,hcp_id=1903865289|month=2024-10|ndc_category=CV_ANTICOAG_ORAL,rx_volume,195,,set to NULL; outside every treatment target-category window
DQ-001517,rx_claims_monthly.csv,missing_rx_volume,hcp_id=1181599923|month=2023-09|ndc_category=RHEUM_JAK_ORAL,rx_volume,68,,set to NULL; outside every treatment target-category window
DQ-001518,rx_claims_monthly.csv,missing_rx_volume,hcp_id=1788668972|month=2024-05|ndc_category=CV_ANTICOAG_ORAL,rx_volume,81,,set to NULL; outside every treatment target-category window
DQ-001519,rx_claims_monthly.csv,missing_rx_volume,hcp_id=1895078685|month=2024-10|ndc_category=CV_ANTICOAG_ORAL,rx_volume,322,,set to NULL; outside every treatment target-category window
DQ-001520,rx_claims_monthly.csv,missing_rx_volume,hcp_id=1619471448|month=2023-07|ndc_category=PC_ANTIHYPERTENSIVE,rx_volume,421,,set to NULL; outside every treatment target-category window
DQ-001521,rx_claims_monthly.csv,missing_rx_volume,hcp_id=1194241117|month=2023-05|ndc_category=METABOLIC_GLP1_INJ,rx_volume,132,,set to NULL; outside every treatment target-category window
DQ-001522,rx_claims_monthly.csv,missing_rx_volume,hcp_id=1546587092|month=2024-03|ndc_category=RHEUM_JAK_ORAL,rx_volume,185,,set to NULL; outside every treatment target-category window
DQ-001523,rx_claims_monthly.csv,missing_rx_volume,hcp_id=1073902250|month=2023-04|ndc_category=RHEUM_JAK_ORAL,rx_volume,239,,set to NULL; outside every treatment target-category window
DQ-001524,rx_claims_monthly.csv,missing_rx_volume,hcp_id=1880040971|month=2024-10|ndc_category=CV_ANTICOAG_ORAL,rx_volume,36,,set to NULL; outside every treatment target-category window
DQ-001525,rx_claims_monthly.csv,missing_rx_volume,hcp_id=1696606064|month=2023-07|ndc_category=METABOLIC_GLP1_INJ,rx_volume,147,,set to NULL; outside every treatment target-category window
DQ-001526,rx_claims_monthly.csv,missing_rx_volume,hcp_id=1050705288|month=2025-07|ndc_category=CV_ANTICOAG_ORAL,rx_volume,909,,set to NULL; outside every treatment target-category window
DQ-001527,rx_claims_monthly.csv,missing_rx_volume,hcp_id=1596580633|month=2023-01|ndc_category=METABOLIC_GLP1_INJ,rx_volume,113,,set to NULL; outside every treatment target-category window
DQ-001528,rx_claims_monthly.csv,missing_rx_volume,hcp_id=1440538092|month=2023-07|ndc_category=METABOLIC_GLP1_INJ,rx_volume,124,,set to NULL; outside every treatment target-category window
DQ-001529,rx_claims_monthly.csv,missing_rx_volume,hcp_id=1374898744|month=2025-10|ndc_category=METABOLIC_GLP1_INJ,rx_volume,44,,set to NULL; outside every treatment target-category window
DQ-001530,rx_claims_monthly.csv,missing_rx_volume,hcp_id=1300654963|month=2023-02|ndc_category=PC_ANTIHYPERTENSIVE,rx_volume,183,,set to NULL; outside every treatment target-category window
DQ-001531,rx_claims_monthly.csv,missing_rx_volume,hcp_id=1123148250|month=2023-06|ndc_category=CV_ANTICOAG_ORAL,rx_volume,276,,set to NULL; outside every treatment target-category window
DQ-001532,rx_claims_monthly.csv,missing_rx_volume,hcp_id=1787619711|month=2024-06|ndc_category=CV_ANTICOAG_ORAL,rx_volume,502,,set to NULL; outside every treatment target-category window
DQ-001533,rx_claims_monthly.csv,missing_rx_volume,hcp_id=1390939977|month=2022-12|ndc_category=RHEUM_JAK_ORAL,rx_volume,247,,set to NULL; outside every treatment target-category window
DQ-001534,rx_claims_monthly.csv,missing_rx_volume,hcp_id=1947954388|month=2024-07|ndc_category=PC_ANTIHYPERTENSIVE,rx_volume,90,,set to NULL; outside every treatment target-category window
DQ-001535,rx_claims_monthly.csv,missing_rx_volume,hcp_id=1655321622|month=2024-05|ndc_category=CV_ANTICOAG_ORAL,rx_volume,124,,set to NULL; outside every treatment target-category window
DQ-001536,rx_claims_monthly.csv,missing_rx_volume,hcp_id=1768831921|month=2024-12|ndc_category=METABOLIC_GLP1_INJ,rx_volume,316,,set to NULL; outside every treatment target-category window
DQ-001537,rx_claims_monthly.csv,missing_rx_volume,hcp_id=1643297637|month=2023-06|ndc_category=CV_ANTICOAG_ORAL,rx_volume,64,,set to NULL; outside every treatment target-category window
DQ-001538,rx_claims_monthly.csv,missing_rx_volume,hcp_id=1902607450|month=2023-10|ndc_category=RHEUM_JAK_ORAL,rx_volume,104,,set to NULL; outside every treatment target-category window
DQ-001539,rx_claims_monthly.csv,missing_rx_volume,hcp_id=1475314641|month=2023-12|ndc_category=CV_ANTICOAG_ORAL,rx_volume,40,,set to NULL; outside every treatment target-category window
DQ-001540,rx_claims_monthly.csv,missing_rx_volume,hcp_id=1015632783|month=2024-06|ndc_category=CV_ANTICOAG_ORAL,rx_volume,97,,set to NULL; outside every treatment target-category window
DQ-001541,rx_claims_monthly.csv,missing_rx_volume,hcp_id=1877046932|month=2025-10|ndc_category=METABOLIC_GLP1_INJ,rx_volume,349,,set to NULL; outside every treatment target-category window
DQ-001542,rx_claims_monthly.csv,missing_rx_volume,hcp_id=1206870192|month=2024-02|ndc_category=METABOLIC_GLP1_INJ,rx_volume,234,,set to NULL; outside every treatment target-category window
DQ-001543,rx_claims_monthly.csv,missing_rx_volume,hcp_id=1875708707|month=2025-10|ndc_category=METABOLIC_GLP1_INJ,rx_volume,58,,set to NULL; outside every treatment target-category window
DQ-001544,rx_claims_monthly.csv,missing_rx_volume,hcp_id=1801662945|month=2024-12|ndc_category=CV_ANTICOAG_ORAL,rx_volume,219,,set to NULL; outside every treatment target-category window
DQ-001545,rx_claims_monthly.csv,missing_rx_volume,hcp_id=1468766963|month=2025-02|ndc_category=METABOLIC_GLP1_INJ,rx_volume,67,,set to NULL; outside every treatment target-category window
DQ-001546,rx_claims_monthly.csv,missing_rx_volume,hcp_id=1971097054|month=2023-04|ndc_category=METABOLIC_GLP1_INJ,rx_volume,56,,set to NULL; outside every treatment target-category window
DQ-001547,rx_claims_monthly.csv,missing_rx_volume,hcp_id=1693013389|month=2023-11|ndc_category=CV_ANTICOAG_ORAL,rx_volume,172,,set to NULL; outside every treatment target-category window
DQ-001548,rx_claims_monthly.csv,missing_rx_volume,hcp_id=1147656700|month=2023-07|ndc_category=PULM_ICS_LABA_INH,rx_volume,292,,set to NULL; outside every treatment target-category window
DQ-001549,rx_claims_monthly.csv,missing_rx_volume,hcp_id=1365873573|month=2022-12|ndc_category=CV_ANTICOAG_ORAL,rx_volume,139,,set to NULL; outside every treatment target-category window
DQ-001550,rx_claims_monthly.csv,missing_rx_volume,hcp_id=1769234364|month=2023-08|ndc_category=CV_ANTICOAG_ORAL,rx_volume,140,,set to NULL; outside every treatment target-category window
DQ-001551,rx_claims_monthly.csv,missing_rx_volume,hcp_id=1742318383|month=2025-08|ndc_category=CARD_HF_ARNI,rx_volume,228,,set to NULL; outside every treatment target-category window
DQ-001552,rx_claims_monthly.csv,missing_rx_volume,hcp_id=1536141264|month=2023-12|ndc_category=METABOLIC_GLP1_INJ,rx_volume,77,,set to NULL; outside every treatment target-category window
DQ-001553,rx_claims_monthly.csv,missing_rx_volume,hcp_id=1473494189|month=2025-06|ndc_category=CV_ANTICOAG_ORAL,rx_volume,123,,set to NULL; outside every treatment target-category window
DQ-001554,rx_claims_monthly.csv,missing_rx_volume,hcp_id=1163199601|month=2025-04|ndc_category=METABOLIC_GLP1_INJ,rx_volume,138,,set to NULL; outside every treatment target-category window
DQ-001555,rx_claims_monthly.csv,missing_rx_volume,hcp_id=1757283357|month=2024-07|ndc_category=METABOLIC_GLP1_INJ,rx_volume,191,,set to NULL; outside every treatment target-category window
DQ-001556,rx_claims_monthly.csv,missing_rx_volume,hcp_id=1672904236|month=2022-12|ndc_category=CV_ANTICOAG_ORAL,rx_volume,114,,set to NULL; outside every treatment target-category window
DQ-001557,rx_claims_monthly.csv,missing_rx_volume,hcp_id=1275177768|month=2023-02|ndc_category=CARD_HF_ARNI,rx_volume,92,,set to NULL; outside every treatment target-category window
DQ-001558,rx_claims_monthly.csv,missing_rx_volume,hcp_id=1480117328|month=2025-07|ndc_category=METABOLIC_GLP1_INJ,rx_volume,131,,set to NULL; outside every treatment target-category window
DQ-001559,rx_claims_monthly.csv,missing_rx_volume,hcp_id=1278315217|month=2022-12|ndc_category=ONC_TARGETED_ORAL,rx_volume,244,,set to NULL; outside every treatment target-category window
DQ-001560,rx_claims_monthly.csv,missing_rx_volume,hcp_id=1479680351|month=2025-04|ndc_category=CV_ANTICOAG_ORAL,rx_volume,222,,set to NULL; outside every treatment target-category window
DQ-001561,rx_claims_monthly.csv,missing_rx_volume,hcp_id=1614682395|month=2024-06|ndc_category=CV_ANTICOAG_ORAL,rx_volume,190,,set to NULL; outside every treatment target-category window
DQ-001562,rx_claims_monthly.csv,missing_rx_volume,hcp_id=1209464480|month=2024-12|ndc_category=CV_ANTICOAG_ORAL,rx_volume,193,,set to NULL; outside every treatment target-category window
DQ-001563,rx_claims_monthly.csv,missing_rx_volume,hcp_id=1448713440|month=2023-03|ndc_category=NEURO_MIGRAINE_CGRP,rx_volume,212,,set to NULL; outside every treatment target-category window
DQ-001564,rx_claims_monthly.csv,missing_rx_volume,hcp_id=1823309871|month=2024-10|ndc_category=CV_ANTICOAG_ORAL,rx_volume,512,,set to NULL; outside every treatment target-category window
DQ-001565,rx_claims_monthly.csv,missing_rx_volume,hcp_id=1984924732|month=2024-12|ndc_category=CV_ANTICOAG_ORAL,rx_volume,498,,set to NULL; outside every treatment target-category window
DQ-001566,rx_claims_monthly.csv,missing_rx_volume,hcp_id=1219172859|month=2025-06|ndc_category=PC_ANTIHYPERTENSIVE,rx_volume,239,,set to NULL; outside every treatment target-category window
DQ-001567,rx_claims_monthly.csv,missing_rx_volume,hcp_id=1570328496|month=2023-03|ndc_category=CV_ANTICOAG_ORAL,rx_volume,279,,set to NULL; outside every treatment target-category window
DQ-001568,rx_claims_monthly.csv,missing_rx_volume,hcp_id=1204959187|month=2023-06|ndc_category=CV_ANTICOAG_ORAL,rx_volume,182,,set to NULL; outside every treatment target-category window
DQ-001569,rx_claims_monthly.csv,missing_rx_volume,hcp_id=1614978876|month=2023-07|ndc_category=METABOLIC_GLP1_INJ,rx_volume,58,,set to NULL; outside every treatment target-category window
DQ-001570,rx_claims_monthly.csv,missing_rx_volume,hcp_id=1209829039|month=2023-06|ndc_category=METABOLIC_GLP1_INJ,rx_volume,165,,set to NULL; outside every treatment target-category window
DQ-001571,rx_claims_monthly.csv,missing_rx_volume,hcp_id=1556860702|month=2023-09|ndc_category=METABOLIC_GLP1_INJ,rx_volume,59,,set to NULL; outside every treatment target-category window
DQ-001572,rx_claims_monthly.csv,missing_rx_volume,hcp_id=1737256036|month=2023-01|ndc_category=ONC_TARGETED_ORAL,rx_volume,174,,set to NULL; outside every treatment target-category window
DQ-001573,rx_claims_monthly.csv,missing_rx_volume,hcp_id=1888770710|month=2023-05|ndc_category=CV_ANTICOAG_ORAL,rx_volume,58,,set to NULL; outside every treatment target-category window
DQ-001574,rx_claims_monthly.csv,missing_rx_volume,hcp_id=1821714619|month=2025-05|ndc_category=METABOLIC_GLP1_INJ,rx_volume,15,,set to NULL; outside every treatment target-category window
DQ-001575,rx_claims_monthly.csv,missing_rx_volume,hcp_id=1205159704|month=2025-03|ndc_category=METABOLIC_GLP1_INJ,rx_volume,38,,set to NULL; outside every treatment target-category window
DQ-001576,rx_claims_monthly.csv,missing_rx_volume,hcp_id=1621199177|month=2023-09|ndc_category=METABOLIC_GLP1_INJ,rx_volume,99,,set to NULL; outside every treatment target-category window
DQ-001577,rx_claims_monthly.csv,missing_rx_volume,hcp_id=1501563039|month=2024-01|ndc_category=METABOLIC_GLP1_INJ,rx_volume,79,,set to NULL; outside every treatment target-category window
DQ-001578,rx_claims_monthly.csv,missing_rx_volume,hcp_id=1990401386|month=2023-06|ndc_category=METABOLIC_GLP1_INJ,rx_volume,85,,set to NULL; outside every treatment target-category window
DQ-001579,rx_claims_monthly.csv,missing_rx_volume,hcp_id=1624547729|month=2023-12|ndc_category=METABOLIC_GLP1_INJ,rx_volume,46,,set to NULL; outside every treatment target-category window
DQ-001580,rx_claims_monthly.csv,missing_rx_volume,hcp_id=1159301823|month=2023-07|ndc_category=ONC_TARGETED_ORAL,rx_volume,83,,set to NULL; outside every treatment target-category window
DQ-001581,rx_claims_monthly.csv,missing_rx_volume,hcp_id=1949335115|month=2024-12|ndc_category=METABOLIC_GLP1_INJ,rx_volume,254,,set to NULL; outside every treatment target-category window
DQ-001582,rx_claims_monthly.csv,missing_rx_volume,hcp_id=1397955463|month=2023-09|ndc_category=CV_ANTICOAG_ORAL,rx_volume,293,,set to NULL; outside every treatment target-category window
DQ-001583,rx_claims_monthly.csv,missing_rx_volume,hcp_id=1352333250|month=2024-08|ndc_category=ONC_TARGETED_ORAL,rx_volume,64,,set to NULL; outside every treatment target-category window
DQ-001584,rx_claims_monthly.csv,missing_rx_volume,hcp_id=1880040971|month=2025-01|ndc_category=CV_ANTICOAG_ORAL,rx_volume,23,,set to NULL; outside every treatment target-category window
DQ-001585,rx_claims_monthly.csv,missing_rx_volume,hcp_id=1902607450|month=2024-05|ndc_category=METABOLIC_GLP1_INJ,rx_volume,185,,set to NULL; outside every treatment target-category window
DQ-001586,rx_claims_monthly.csv,missing_rx_volume,hcp_id=1788668972|month=2024-12|ndc_category=METABOLIC_GLP1_INJ,rx_volume,92,,set to NULL; outside every treatment target-category window
DQ-001587,rx_claims_monthly.csv,missing_rx_volume,hcp_id=1413495239|month=2025-07|ndc_category=NEURO_MIGRAINE_CGRP,rx_volume,583,,set to NULL; outside every treatment target-category window
DQ-001588,rx_claims_monthly.csv,missing_rx_volume,hcp_id=1475115246|month=2023-08|ndc_category=CARD_HF_ARNI,rx_volume,503,,set to NULL; outside every treatment target-category window
DQ-001589,rx_claims_monthly.csv,missing_rx_volume,hcp_id=1707917476|month=2023-01|ndc_category=CV_ANTICOAG_ORAL,rx_volume,119,,set to NULL; outside every treatment target-category window
DQ-001590,rx_claims_monthly.csv,missing_rx_volume,hcp_id=1546587092|month=2024-12|ndc_category=RHEUM_JAK_ORAL,rx_volume,166,,set to NULL; outside every treatment target-category window
DQ-001591,rx_claims_monthly.csv,missing_rx_volume,hcp_id=1402934529|month=2024-09|ndc_category=METABOLIC_GLP1_INJ,rx_volume,117,,set to NULL; outside every treatment target-category window
DQ-001592,rx_claims_monthly.csv,missing_rx_volume,hcp_id=1922102391|month=2025-10|ndc_category=CV_ANTICOAG_ORAL,rx_volume,76,,set to NULL; outside every treatment target-category window
DQ-001593,rx_claims_monthly.csv,missing_rx_volume,hcp_id=1117854327|month=2024-07|ndc_category=NEURO_MIGRAINE_CGRP,rx_volume,60,,set to NULL; outside every treatment target-category window
DQ-001594,rx_claims_monthly.csv,missing_rx_volume,hcp_id=1282327174|month=2025-08|ndc_category=METABOLIC_GLP1_INJ,rx_volume,174,,set to NULL; outside every treatment target-category window
DQ-001595,rx_claims_monthly.csv,missing_rx_volume,hcp_id=1174785596|month=2023-10|ndc_category=ENDO_BASAL_INSULIN,rx_volume,317,,set to NULL; outside every treatment target-category window
DQ-001596,rx_claims_monthly.csv,missing_rx_volume,hcp_id=1519182780|month=2025-08|ndc_category=METABOLIC_GLP1_INJ,rx_volume,93,,set to NULL; outside every treatment target-category window
DQ-001597,rx_claims_monthly.csv,missing_rx_volume,hcp_id=1705644676|month=2023-09|ndc_category=METABOLIC_GLP1_INJ,rx_volume,67,,set to NULL; outside every treatment target-category window
DQ-001598,rx_claims_monthly.csv,missing_rx_volume,hcp_id=1134632102|month=2025-09|ndc_category=PC_ANTIHYPERTENSIVE,rx_volume,711,,set to NULL; outside every treatment target-category window
DQ-001599,rx_claims_monthly.csv,missing_rx_volume,hcp_id=1394700250|month=2024-10|ndc_category=METABOLIC_GLP1_INJ,rx_volume,240,,set to NULL; outside every treatment target-category window
DQ-001600,rx_claims_monthly.csv,missing_rx_volume,hcp_id=1655321622|month=2024-06|ndc_category=METABOLIC_GLP1_INJ,rx_volume,107,,set to NULL; outside every treatment target-category window
DQ-001601,rx_claims_monthly.csv,missing_rx_volume,hcp_id=1511022174|month=2024-03|ndc_category=PC_ANTIHYPERTENSIVE,rx_volume,322,,set to NULL; outside every treatment target-category window
DQ-001602,rx_claims_monthly.csv,missing_rx_volume,hcp_id=1775788783|month=2024-02|ndc_category=CV_ANTICOAG_ORAL,rx_volume,181,,set to NULL; outside every treatment target-category window
DQ-001603,rx_claims_monthly.csv,missing_rx_volume,hcp_id=1227780172|month=2023-08|ndc_category=METABOLIC_GLP1_INJ,rx_volume,123,,set to NULL; outside every treatment target-category window
DQ-001604,rx_claims_monthly.csv,missing_rx_volume,hcp_id=1425845660|month=2024-05|ndc_category=CV_ANTICOAG_ORAL,rx_volume,15,,set to NULL; outside every treatment target-category window
DQ-001605,rx_claims_monthly.csv,missing_rx_volume,hcp_id=1137408567|month=2023-02|ndc_category=ENDO_BASAL_INSULIN,rx_volume,386,,set to NULL; outside every treatment target-category window
DQ-001606,rx_claims_monthly.csv,missing_rx_volume,hcp_id=1176034100|month=2024-01|ndc_category=CARD_HF_ARNI,rx_volume,263,,set to NULL; outside every treatment target-category window
DQ-001607,rx_claims_monthly.csv,missing_rx_volume,hcp_id=1997693654|month=2024-11|ndc_category=METABOLIC_GLP1_INJ,rx_volume,53,,set to NULL; outside every treatment target-category window
DQ-001608,rx_claims_monthly.csv,missing_rx_volume,hcp_id=1968209027|month=2023-01|ndc_category=CV_ANTICOAG_ORAL,rx_volume,169,,set to NULL; outside every treatment target-category window
DQ-001609,rx_claims_monthly.csv,missing_rx_volume,hcp_id=1188411270|month=2025-02|ndc_category=ENDO_BASAL_INSULIN,rx_volume,1187,,set to NULL; outside every treatment target-category window
DQ-001610,rx_claims_monthly.csv,missing_rx_volume,hcp_id=1808310134|month=2024-09|ndc_category=RHEUM_JAK_ORAL,rx_volume,373,,set to NULL; outside every treatment target-category window
DQ-001611,rx_claims_monthly.csv,missing_rx_volume,hcp_id=1448713440|month=2023-05|ndc_category=NEURO_MIGRAINE_CGRP,rx_volume,204,,set to NULL; outside every treatment target-category window
DQ-001612,rx_claims_monthly.csv,missing_rx_volume,hcp_id=1977228745|month=2024-01|ndc_category=CV_ANTICOAG_ORAL,rx_volume,78,,set to NULL; outside every treatment target-category window
DQ-001613,rx_claims_monthly.csv,missing_rx_volume,hcp_id=1050705288|month=2024-03|ndc_category=CV_ANTICOAG_ORAL,rx_volume,658,,set to NULL; outside every treatment target-category window
DQ-001614,rx_claims_monthly.csv,missing_rx_volume,hcp_id=1961509027|month=2022-12|ndc_category=METABOLIC_GLP1_INJ,rx_volume,108,,set to NULL; outside every treatment target-category window
DQ-001615,rx_claims_monthly.csv,missing_rx_volume,hcp_id=1178533166|month=2025-05|ndc_category=METABOLIC_GLP1_INJ,rx_volume,112,,set to NULL; outside every treatment target-category window
DQ-001616,rx_claims_monthly.csv,missing_rx_volume,hcp_id=1573445784|month=2024-08|ndc_category=CV_ANTICOAG_ORAL,rx_volume,87,,set to NULL; outside every treatment target-category window
DQ-001617,rx_claims_monthly.csv,missing_rx_volume,hcp_id=1219172859|month=2024-07|ndc_category=CV_ANTICOAG_ORAL,rx_volume,254,,set to NULL; outside every treatment target-category window
DQ-001618,rx_claims_monthly.csv,missing_rx_volume,hcp_id=1136500869|month=2024-05|ndc_category=METABOLIC_GLP1_INJ,rx_volume,66,,set to NULL; outside every treatment target-category window
DQ-001619,rx_claims_monthly.csv,missing_rx_volume,hcp_id=1047406420|month=2024-04|ndc_category=METABOLIC_GLP1_INJ,rx_volume,57,,set to NULL; outside every treatment target-category window
DQ-001620,rx_claims_monthly.csv,missing_rx_volume,hcp_id=1425171802|month=2024-06|ndc_category=CV_ANTICOAG_ORAL,rx_volume,63,,set to NULL; outside every treatment target-category window
DQ-001621,rx_claims_monthly.csv,missing_rx_volume,hcp_id=1163769114|month=2023-02|ndc_category=ONC_TARGETED_ORAL,rx_volume,278,,set to NULL; outside every treatment target-category window
DQ-001622,rx_claims_monthly.csv,missing_rx_volume,hcp_id=1073902250|month=2023-01|ndc_category=CV_ANTICOAG_ORAL,rx_volume,205,,set to NULL; outside every treatment target-category window
DQ-001623,rx_claims_monthly.csv,missing_rx_volume,hcp_id=1440623548|month=2025-10|ndc_category=CV_ANTICOAG_ORAL,rx_volume,180,,set to NULL; outside every treatment target-category window
DQ-001624,rx_claims_monthly.csv,missing_rx_volume,hcp_id=1798313247|month=2023-03|ndc_category=PULM_ICS_LABA_INH,rx_volume,147,,set to NULL; outside every treatment target-category window
DQ-001625,rx_claims_monthly.csv,missing_rx_volume,hcp_id=1765233105|month=2024-03|ndc_category=CV_ANTICOAG_ORAL,rx_volume,45,,set to NULL; outside every treatment target-category window
DQ-001626,rx_claims_monthly.csv,missing_rx_volume,hcp_id=1546587092|month=2023-12|ndc_category=CV_ANTICOAG_ORAL,rx_volume,89,,set to NULL; outside every treatment target-category window
DQ-001627,rx_claims_monthly.csv,missing_rx_volume,hcp_id=1360698140|month=2025-05|ndc_category=ONC_TARGETED_ORAL,rx_volume,115,,set to NULL; outside every treatment target-category window
DQ-001628,rx_claims_monthly.csv,missing_rx_volume,hcp_id=1639269087|month=2023-02|ndc_category=PC_ANTIHYPERTENSIVE,rx_volume,142,,set to NULL; outside every treatment target-category window
DQ-001629,rx_claims_monthly.csv,missing_rx_volume,hcp_id=1085110611|month=2023-07|ndc_category=CV_ANTICOAG_ORAL,rx_volume,118,,set to NULL; outside every treatment target-category window
DQ-001630,rx_claims_monthly.csv,missing_rx_volume,hcp_id=1042285084|month=2024-04|ndc_category=METABOLIC_GLP1_INJ,rx_volume,661,,set to NULL; outside every treatment target-category window
DQ-001631,rx_claims_monthly.csv,missing_rx_volume,hcp_id=1418295824|month=2023-09|ndc_category=METABOLIC_GLP1_INJ,rx_volume,57,,set to NULL; outside every treatment target-category window
DQ-001632,rx_claims_monthly.csv,missing_rx_volume,hcp_id=1666152792|month=2025-03|ndc_category=METABOLIC_GLP1_INJ,rx_volume,29,,set to NULL; outside every treatment target-category window
DQ-001633,rx_claims_monthly.csv,missing_rx_volume,hcp_id=1884150503|month=2023-02|ndc_category=CARD_HF_ARNI,rx_volume,290,,set to NULL; outside every treatment target-category window
DQ-001634,rx_claims_monthly.csv,missing_rx_volume,hcp_id=1944079924|month=2023-10|ndc_category=CV_ANTICOAG_ORAL,rx_volume,386,,set to NULL; outside every treatment target-category window
DQ-001635,rx_claims_monthly.csv,missing_rx_volume,hcp_id=1334515891|month=2024-08|ndc_category=METABOLIC_GLP1_INJ,rx_volume,80,,set to NULL; outside every treatment target-category window
DQ-001636,rx_claims_monthly.csv,missing_rx_volume,hcp_id=1757379494|month=2023-10|ndc_category=ENDO_BASAL_INSULIN,rx_volume,347,,set to NULL; outside every treatment target-category window
DQ-001637,rx_claims_monthly.csv,missing_rx_volume,hcp_id=1852326267|month=2023-07|ndc_category=ONC_TARGETED_ORAL,rx_volume,178,,set to NULL; outside every treatment target-category window
DQ-001638,rx_claims_monthly.csv,missing_rx_volume,hcp_id=1993874985|month=2023-05|ndc_category=CV_ANTICOAG_ORAL,rx_volume,169,,set to NULL; outside every treatment target-category window
DQ-001639,rx_claims_monthly.csv,missing_rx_volume,hcp_id=1219172859|month=2023-09|ndc_category=METABOLIC_GLP1_INJ,rx_volume,121,,set to NULL; outside every treatment target-category window
DQ-001640,rx_claims_monthly.csv,missing_rx_volume,hcp_id=1056679651|month=2023-09|ndc_category=METABOLIC_GLP1_INJ,rx_volume,86,,set to NULL; outside every treatment target-category window
DQ-001641,rx_claims_monthly.csv,missing_rx_volume,hcp_id=1071299832|month=2023-09|ndc_category=CV_ANTICOAG_ORAL,rx_volume,64,,set to NULL; outside every treatment target-category window
DQ-001642,rx_claims_monthly.csv,missing_rx_volume,hcp_id=1548035017|month=2025-07|ndc_category=METABOLIC_GLP1_INJ,rx_volume,81,,set to NULL; outside every treatment target-category window
DQ-001643,rx_claims_monthly.csv,missing_rx_volume,hcp_id=1520551320|month=2024-08|ndc_category=RHEUM_JAK_ORAL,rx_volume,208,,set to NULL; outside every treatment target-category window
DQ-001644,rx_claims_monthly.csv,missing_rx_volume,hcp_id=1393729789|month=2025-06|ndc_category=CV_ANTICOAG_ORAL,rx_volume,394,,set to NULL; outside every treatment target-category window
DQ-001645,rx_claims_monthly.csv,missing_rx_volume,hcp_id=1808826295|month=2024-12|ndc_category=CV_ANTICOAG_ORAL,rx_volume,598,,set to NULL; outside every treatment target-category window
DQ-001646,rx_claims_monthly.csv,missing_rx_volume,hcp_id=1511022174|month=2025-04|ndc_category=METABOLIC_GLP1_INJ,rx_volume,151,,set to NULL; outside every treatment target-category window
DQ-001647,rx_claims_monthly.csv,missing_rx_volume,hcp_id=1513803142|month=2024-08|ndc_category=PC_ANTIHYPERTENSIVE,rx_volume,429,,set to NULL; outside every treatment target-category window
DQ-001648,rx_claims_monthly.csv,missing_rx_volume,hcp_id=1113190601|month=2024-06|ndc_category=CV_ANTICOAG_ORAL,rx_volume,41,,set to NULL; outside every treatment target-category window
DQ-001649,rx_claims_monthly.csv,missing_rx_volume,hcp_id=1152018085|month=2025-05|ndc_category=PULM_ICS_LABA_INH,rx_volume,221,,set to NULL; outside every treatment target-category window
DQ-001650,rx_claims_monthly.csv,missing_rx_volume,hcp_id=1366051187|month=2025-03|ndc_category=CV_ANTICOAG_ORAL,rx_volume,178,,set to NULL; outside every treatment target-category window
DQ-001651,rx_claims_monthly.csv,missing_rx_volume,hcp_id=1325850802|month=2023-02|ndc_category=METABOLIC_GLP1_INJ,rx_volume,111,,set to NULL; outside every treatment target-category window
DQ-001652,rx_claims_monthly.csv,missing_rx_volume,hcp_id=1752055289|month=2025-02|ndc_category=METABOLIC_GLP1_INJ,rx_volume,24,,set to NULL; outside every treatment target-category window
DQ-001653,rx_claims_monthly.csv,missing_rx_volume,hcp_id=1149313383|month=2024-10|ndc_category=CV_ANTICOAG_ORAL,rx_volume,87,,set to NULL; outside every treatment target-category window
DQ-001654,rx_claims_monthly.csv,missing_rx_volume,hcp_id=1455529317|month=2024-01|ndc_category=METABOLIC_GLP1_INJ,rx_volume,43,,set to NULL; outside every treatment target-category window
DQ-001655,rx_claims_monthly.csv,missing_rx_volume,hcp_id=1221582384|month=2024-12|ndc_category=PULM_ICS_LABA_INH,rx_volume,854,,set to NULL; outside every treatment target-category window
DQ-001656,rx_claims_monthly.csv,missing_rx_volume,hcp_id=1330017819|month=2023-01|ndc_category=CV_ANTICOAG_ORAL,rx_volume,192,,set to NULL; outside every treatment target-category window
DQ-001657,rx_claims_monthly.csv,missing_rx_volume,hcp_id=1534239003|month=2025-03|ndc_category=METABOLIC_GLP1_INJ,rx_volume,62,,set to NULL; outside every treatment target-category window
DQ-001658,rx_claims_monthly.csv,missing_rx_volume,hcp_id=1914644640|month=2023-12|ndc_category=METABOLIC_GLP1_INJ,rx_volume,120,,set to NULL; outside every treatment target-category window
DQ-001659,rx_claims_monthly.csv,missing_rx_volume,hcp_id=1742859469|month=2025-05|ndc_category=METABOLIC_GLP1_INJ,rx_volume,305,,set to NULL; outside every treatment target-category window
DQ-001660,rx_claims_monthly.csv,missing_rx_volume,hcp_id=1198262952|month=2023-07|ndc_category=CV_ANTICOAG_ORAL,rx_volume,160,,set to NULL; outside every treatment target-category window
DQ-001661,rx_claims_monthly.csv,missing_rx_volume,hcp_id=1294882026|month=2023-11|ndc_category=CV_ANTICOAG_ORAL,rx_volume,77,,set to NULL; outside every treatment target-category window
DQ-001662,rx_claims_monthly.csv,missing_rx_volume,hcp_id=1789632894|month=2023-04|ndc_category=CARD_HF_ARNI,rx_volume,91,,set to NULL; outside every treatment target-category window
DQ-001663,rx_claims_monthly.csv,missing_rx_volume,hcp_id=1209566128|month=2024-11|ndc_category=CV_ANTICOAG_ORAL,rx_volume,342,,set to NULL; outside every treatment target-category window
DQ-001664,rx_claims_monthly.csv,missing_rx_volume,hcp_id=1337606333|month=2024-01|ndc_category=RHEUM_JAK_ORAL,rx_volume,111,,set to NULL; outside every treatment target-category window
DQ-001665,rx_claims_monthly.csv,missing_rx_volume,hcp_id=1250670316|month=2023-08|ndc_category=CV_ANTICOAG_ORAL,rx_volume,440,,set to NULL; outside every treatment target-category window
DQ-001666,rx_claims_monthly.csv,missing_rx_volume,hcp_id=1747032997|month=2024-07|ndc_category=CV_ANTICOAG_ORAL,rx_volume,419,,set to NULL; outside every treatment target-category window
DQ-001667,rx_claims_monthly.csv,missing_rx_volume,hcp_id=1847082322|month=2023-02|ndc_category=RHEUM_JAK_ORAL,rx_volume,265,,set to NULL; outside every treatment target-category window
DQ-001668,rx_claims_monthly.csv,missing_rx_volume,hcp_id=1219831884|month=2023-06|ndc_category=PC_ANTIHYPERTENSIVE,rx_volume,459,,set to NULL; outside every treatment target-category window
DQ-001669,rx_claims_monthly.csv,missing_rx_volume,hcp_id=1757283357|month=2024-04|ndc_category=METABOLIC_GLP1_INJ,rx_volume,185,,set to NULL; outside every treatment target-category window
DQ-001670,rx_claims_monthly.csv,missing_rx_volume,hcp_id=1617703974|month=2022-12|ndc_category=METABOLIC_GLP1_INJ,rx_volume,162,,set to NULL; outside every treatment target-category window
DQ-001671,rx_claims_monthly.csv,missing_rx_volume,hcp_id=1407459696|month=2023-03|ndc_category=PULM_ICS_LABA_INH,rx_volume,130,,set to NULL; outside every treatment target-category window
DQ-001672,rx_claims_monthly.csv,missing_rx_volume,hcp_id=1877046932|month=2024-12|ndc_category=CV_ANTICOAG_ORAL,rx_volume,169,,set to NULL; outside every treatment target-category window
DQ-001673,rx_claims_monthly.csv,missing_rx_volume,hcp_id=1101185407|month=2023-01|ndc_category=PC_ANTIHYPERTENSIVE,rx_volume,588,,set to NULL; outside every treatment target-category window
DQ-001674,rx_claims_monthly.csv,missing_rx_volume,hcp_id=1879804551|month=2024-05|ndc_category=CV_ANTICOAG_ORAL,rx_volume,45,,set to NULL; outside every treatment target-category window
DQ-001675,rx_claims_monthly.csv,missing_rx_volume,hcp_id=1333043895|month=2024-12|ndc_category=CV_ANTICOAG_ORAL,rx_volume,180,,set to NULL; outside every treatment target-category window
DQ-001676,rx_claims_monthly.csv,missing_rx_volume,hcp_id=1081031506|month=2023-08|ndc_category=METABOLIC_GLP1_INJ,rx_volume,110,,set to NULL; outside every treatment target-category window
DQ-001677,rx_claims_monthly.csv,missing_rx_volume,hcp_id=1065870788|month=2025-03|ndc_category=PC_ANTIHYPERTENSIVE,rx_volume,458,,set to NULL; outside every treatment target-category window
DQ-001678,rx_claims_monthly.csv,missing_rx_volume,hcp_id=1188509891|month=2025-10|ndc_category=METABOLIC_GLP1_INJ,rx_volume,23,,set to NULL; outside every treatment target-category window
DQ-001679,rx_claims_monthly.csv,missing_rx_volume,hcp_id=1710163217|month=2025-03|ndc_category=METABOLIC_GLP1_INJ,rx_volume,179,,set to NULL; outside every treatment target-category window
DQ-001680,rx_claims_monthly.csv,missing_rx_volume,hcp_id=1444774099|month=2024-03|ndc_category=CV_ANTICOAG_ORAL,rx_volume,125,,set to NULL; outside every treatment target-category window
DQ-001681,rx_claims_monthly.csv,missing_rx_volume,hcp_id=1191545544|month=2025-10|ndc_category=METABOLIC_GLP1_INJ,rx_volume,480,,set to NULL; outside every treatment target-category window
DQ-001682,rx_claims_monthly.csv,missing_rx_volume,hcp_id=1706645516|month=2023-01|ndc_category=METABOLIC_GLP1_INJ,rx_volume,113,,set to NULL; outside every treatment target-category window
DQ-001683,rx_claims_monthly.csv,missing_rx_volume,hcp_id=1411375466|month=2025-01|ndc_category=ONC_TARGETED_ORAL,rx_volume,57,,set to NULL; outside every treatment target-category window
DQ-001684,rx_claims_monthly.csv,missing_rx_volume,hcp_id=1960543621|month=2023-08|ndc_category=PULM_ICS_LABA_INH,rx_volume,140,,set to NULL; outside every treatment target-category window
DQ-001685,rx_claims_monthly.csv,missing_rx_volume,hcp_id=1293528836|month=2024-06|ndc_category=METABOLIC_GLP1_INJ,rx_volume,31,,set to NULL; outside every treatment target-category window
DQ-001686,rx_claims_monthly.csv,missing_rx_volume,hcp_id=1061387373|month=2024-02|ndc_category=METABOLIC_GLP1_INJ,rx_volume,93,,set to NULL; outside every treatment target-category window
DQ-001687,rx_claims_monthly.csv,missing_rx_volume,hcp_id=1178533166|month=2023-04|ndc_category=ENDO_BASAL_INSULIN,rx_volume,128,,set to NULL; outside every treatment target-category window
DQ-001688,rx_claims_monthly.csv,missing_rx_volume,hcp_id=1335670091|month=2025-07|ndc_category=PC_ANTIHYPERTENSIVE,rx_volume,336,,set to NULL; outside every treatment target-category window
DQ-001689,rx_claims_monthly.csv,missing_rx_volume,hcp_id=1451968915|month=2024-04|ndc_category=METABOLIC_GLP1_INJ,rx_volume,116,,set to NULL; outside every treatment target-category window
DQ-001690,rx_claims_monthly.csv,missing_rx_volume,hcp_id=1548652282|month=2023-07|ndc_category=CV_ANTICOAG_ORAL,rx_volume,166,,set to NULL; outside every treatment target-category window
DQ-001691,rx_claims_monthly.csv,missing_rx_volume,hcp_id=1394982015|month=2024-09|ndc_category=METABOLIC_GLP1_INJ,rx_volume,77,,set to NULL; outside every treatment target-category window
DQ-001692,rx_claims_monthly.csv,missing_rx_volume,hcp_id=1102089657|month=2023-06|ndc_category=CV_ANTICOAG_ORAL,rx_volume,194,,set to NULL; outside every treatment target-category window
DQ-001693,rx_claims_monthly.csv,missing_rx_volume,hcp_id=1020829465|month=2023-09|ndc_category=ONC_TARGETED_ORAL,rx_volume,109,,set to NULL; outside every treatment target-category window
DQ-001694,rx_claims_monthly.csv,missing_rx_volume,hcp_id=1773180629|month=2025-02|ndc_category=CV_ANTICOAG_ORAL,rx_volume,358,,set to NULL; outside every treatment target-category window
DQ-001695,rx_claims_monthly.csv,missing_rx_volume,hcp_id=1703230064|month=2023-09|ndc_category=CV_ANTICOAG_ORAL,rx_volume,56,,set to NULL; outside every treatment target-category window
DQ-001696,rx_claims_monthly.csv,missing_rx_volume,hcp_id=1371759725|month=2024-10|ndc_category=CV_ANTICOAG_ORAL,rx_volume,62,,set to NULL; outside every treatment target-category window
DQ-001697,rx_claims_monthly.csv,missing_rx_volume,hcp_id=1279507085|month=2024-09|ndc_category=RHEUM_JAK_ORAL,rx_volume,352,,set to NULL; outside every treatment target-category window
DQ-001698,rx_claims_monthly.csv,missing_rx_volume,hcp_id=1883526315|month=2024-12|ndc_category=PC_ANTIHYPERTENSIVE,rx_volume,1437,,set to NULL; outside every treatment target-category window
DQ-001699,rx_claims_monthly.csv,missing_rx_volume,hcp_id=1356707665|month=2024-02|ndc_category=CV_ANTICOAG_ORAL,rx_volume,172,,set to NULL; outside every treatment target-category window
DQ-001700,rx_claims_monthly.csv,missing_rx_volume,hcp_id=1144669185|month=2023-10|ndc_category=PC_ANTIHYPERTENSIVE,rx_volume,633,,set to NULL; outside every treatment target-category window
DQ-001701,rx_claims_monthly.csv,missing_rx_volume,hcp_id=1715246280|month=2024-03|ndc_category=CV_ANTICOAG_ORAL,rx_volume,46,,set to NULL; outside every treatment target-category window
DQ-001702,rx_claims_monthly.csv,missing_rx_volume,hcp_id=1486382629|month=2025-06|ndc_category=CV_ANTICOAG_ORAL,rx_volume,115,,set to NULL; outside every treatment target-category window
DQ-001703,rx_claims_monthly.csv,missing_rx_volume,hcp_id=1968209027|month=2023-02|ndc_category=METABOLIC_GLP1_INJ,rx_volume,43,,set to NULL; outside every treatment target-category window
DQ-001704,rx_claims_monthly.csv,missing_rx_volume,hcp_id=1020833996|month=2023-02|ndc_category=NEURO_MIGRAINE_CGRP,rx_volume,158,,set to NULL; outside every treatment target-category window
DQ-001705,rx_claims_monthly.csv,missing_rx_volume,hcp_id=1448589550|month=2023-12|ndc_category=CV_ANTICOAG_ORAL,rx_volume,81,,set to NULL; outside every treatment target-category window
DQ-001706,rx_claims_monthly.csv,missing_rx_volume,hcp_id=1486296159|month=2025-07|ndc_category=CV_ANTICOAG_ORAL,rx_volume,21,,set to NULL; outside every treatment target-category window
DQ-001707,rx_claims_monthly.csv,missing_rx_volume,hcp_id=1075689749|month=2025-03|ndc_category=RHEUM_JAK_ORAL,rx_volume,698,,set to NULL; outside every treatment target-category window
DQ-001708,rx_claims_monthly.csv,missing_rx_volume,hcp_id=1644815767|month=2025-02|ndc_category=PC_ANTIHYPERTENSIVE,rx_volume,489,,set to NULL; outside every treatment target-category window
DQ-001709,rx_claims_monthly.csv,missing_rx_volume,hcp_id=1275723975|month=2024-10|ndc_category=METABOLIC_GLP1_INJ,rx_volume,67,,set to NULL; outside every treatment target-category window
DQ-001710,rx_claims_monthly.csv,missing_rx_volume,hcp_id=1371002787|month=2025-02|ndc_category=CV_ANTICOAG_ORAL,rx_volume,59,,set to NULL; outside every treatment target-category window
DQ-001711,rx_claims_monthly.csv,missing_rx_volume,hcp_id=1875967568|month=2023-10|ndc_category=PULM_ICS_LABA_INH,rx_volume,369,,set to NULL; outside every treatment target-category window
DQ-001712,rx_claims_monthly.csv,missing_rx_volume,hcp_id=1058613039|month=2024-09|ndc_category=CV_ANTICOAG_ORAL,rx_volume,142,,set to NULL; outside every treatment target-category window
DQ-001713,rx_claims_monthly.csv,missing_rx_volume,hcp_id=1699200295|month=2025-10|ndc_category=METABOLIC_GLP1_INJ,rx_volume,33,,set to NULL; outside every treatment target-category window
DQ-001714,rx_claims_monthly.csv,missing_rx_volume,hcp_id=1566070763|month=2023-06|ndc_category=CV_ANTICOAG_ORAL,rx_volume,350,,set to NULL; outside every treatment target-category window
DQ-001715,rx_claims_monthly.csv,missing_rx_volume,hcp_id=1727463709|month=2025-08|ndc_category=CV_ANTICOAG_ORAL,rx_volume,204,,set to NULL; outside every treatment target-category window
DQ-001716,rx_claims_monthly.csv,missing_rx_volume,hcp_id=1567823350|month=2023-09|ndc_category=CARD_HF_ARNI,rx_volume,52,,set to NULL; outside every treatment target-category window
DQ-001717,rx_claims_monthly.csv,missing_rx_volume,hcp_id=1219172859|month=2022-12|ndc_category=METABOLIC_GLP1_INJ,rx_volume,60,,set to NULL; outside every treatment target-category window
DQ-001718,rx_claims_monthly.csv,missing_rx_volume,hcp_id=1765149178|month=2023-05|ndc_category=CV_ANTICOAG_ORAL,rx_volume,107,,set to NULL; outside every treatment target-category window
DQ-001719,rx_claims_monthly.csv,missing_rx_volume,hcp_id=1811081532|month=2024-11|ndc_category=METABOLIC_GLP1_INJ,rx_volume,153,,set to NULL; outside every treatment target-category window
DQ-001720,rx_claims_monthly.csv,missing_rx_volume,hcp_id=1570328496|month=2023-09|ndc_category=CV_ANTICOAG_ORAL,rx_volume,209,,set to NULL; outside every treatment target-category window
DQ-001721,rx_claims_monthly.csv,missing_rx_volume,hcp_id=1477499267|month=2025-01|ndc_category=METABOLIC_GLP1_INJ,rx_volume,85,,set to NULL; outside every treatment target-category window
DQ-001722,rx_claims_monthly.csv,missing_rx_volume,hcp_id=1043802820|month=2025-08|ndc_category=CV_ANTICOAG_ORAL,rx_volume,115,,set to NULL; outside every treatment target-category window
DQ-001723,rx_claims_monthly.csv,missing_rx_volume,hcp_id=1693350831|month=2024-11|ndc_category=ONC_TARGETED_ORAL,rx_volume,293,,set to NULL; outside every treatment target-category window
DQ-001724,rx_claims_monthly.csv,missing_rx_volume,hcp_id=1018861793|month=2025-07|ndc_category=ONC_TARGETED_ORAL,rx_volume,50,,set to NULL; outside every treatment target-category window
DQ-001725,rx_claims_monthly.csv,missing_rx_volume,hcp_id=1421582168|month=2023-09|ndc_category=METABOLIC_GLP1_INJ,rx_volume,157,,set to NULL; outside every treatment target-category window
DQ-001726,rx_claims_monthly.csv,missing_rx_volume,hcp_id=1704216484|month=2025-08|ndc_category=METABOLIC_GLP1_INJ,rx_volume,53,,set to NULL; outside every treatment target-category window
DQ-001727,rx_claims_monthly.csv,missing_rx_volume,hcp_id=1968340152|month=2024-02|ndc_category=CV_ANTICOAG_ORAL,rx_volume,475,,set to NULL; outside every treatment target-category window
DQ-001728,rx_claims_monthly.csv,missing_rx_volume,hcp_id=1334266743|month=2023-10|ndc_category=NEURO_MIGRAINE_CGRP,rx_volume,229,,set to NULL; outside every treatment target-category window
DQ-001729,rx_claims_monthly.csv,missing_rx_volume,hcp_id=1961509027|month=2024-05|ndc_category=CV_ANTICOAG_ORAL,rx_volume,52,,set to NULL; outside every treatment target-category window
DQ-001730,rx_claims_monthly.csv,missing_rx_volume,hcp_id=1536141264|month=2023-07|ndc_category=CV_ANTICOAG_ORAL,rx_volume,221,,set to NULL; outside every treatment target-category window
DQ-001731,rx_claims_monthly.csv,missing_rx_volume,hcp_id=1240393805|month=2025-07|ndc_category=METABOLIC_GLP1_INJ,rx_volume,205,,set to NULL; outside every treatment target-category window
DQ-001732,rx_claims_monthly.csv,missing_rx_volume,hcp_id=1805422742|month=2023-08|ndc_category=ENDO_BASAL_INSULIN,rx_volume,334,,set to NULL; outside every treatment target-category window
DQ-001733,rx_claims_monthly.csv,missing_rx_volume,hcp_id=1767249513|month=2023-05|ndc_category=METABOLIC_GLP1_INJ,rx_volume,30,,set to NULL; outside every treatment target-category window
DQ-001734,rx_claims_monthly.csv,missing_rx_volume,hcp_id=1321405205|month=2025-03|ndc_category=CV_ANTICOAG_ORAL,rx_volume,126,,set to NULL; outside every treatment target-category window
DQ-001735,rx_claims_monthly.csv,missing_rx_volume,hcp_id=1324237324|month=2025-07|ndc_category=CV_ANTICOAG_ORAL,rx_volume,107,,set to NULL; outside every treatment target-category window
DQ-001736,rx_claims_monthly.csv,missing_rx_volume,hcp_id=1001999733|month=2025-06|ndc_category=NEURO_MIGRAINE_CGRP,rx_volume,47,,set to NULL; outside every treatment target-category window
DQ-001737,rx_claims_monthly.csv,missing_rx_volume,hcp_id=1724088210|month=2023-07|ndc_category=METABOLIC_GLP1_INJ,rx_volume,226,,set to NULL; outside every treatment target-category window
DQ-001738,rx_claims_monthly.csv,missing_rx_volume,hcp_id=1590337907|month=2023-11|ndc_category=CV_ANTICOAG_ORAL,rx_volume,305,,set to NULL; outside every treatment target-category window
DQ-001739,rx_claims_monthly.csv,missing_rx_volume,hcp_id=1081498101|month=2025-06|ndc_category=ENDO_BASAL_INSULIN,rx_volume,65,,set to NULL; outside every treatment target-category window
DQ-001740,rx_claims_monthly.csv,missing_rx_volume,hcp_id=1769764832|month=2025-05|ndc_category=METABOLIC_GLP1_INJ,rx_volume,208,,set to NULL; outside every treatment target-category window
DQ-001741,rx_claims_monthly.csv,missing_rx_volume,hcp_id=1838809964|month=2023-04|ndc_category=METABOLIC_GLP1_INJ,rx_volume,104,,set to NULL; outside every treatment target-category window
DQ-001742,rx_claims_monthly.csv,missing_rx_volume,hcp_id=1567993435|month=2024-04|ndc_category=NEURO_MIGRAINE_CGRP,rx_volume,301,,set to NULL; outside every treatment target-category window
DQ-001743,rx_claims_monthly.csv,missing_rx_volume,hcp_id=1812815243|month=2025-05|ndc_category=METABOLIC_GLP1_INJ,rx_volume,570,,set to NULL; outside every treatment target-category window
DQ-001744,rx_claims_monthly.csv,missing_rx_volume,hcp_id=1209566128|month=2025-06|ndc_category=METABOLIC_GLP1_INJ,rx_volume,556,,set to NULL; outside every treatment target-category window
DQ-001745,rx_claims_monthly.csv,missing_rx_volume,hcp_id=1475115246|month=2023-05|ndc_category=CARD_HF_ARNI,rx_volume,467,,set to NULL; outside every treatment target-category window
DQ-001746,rx_claims_monthly.csv,missing_rx_volume,hcp_id=1971977354|month=2023-01|ndc_category=ENDO_BASAL_INSULIN,rx_volume,195,,set to NULL; outside every treatment target-category window
DQ-001747,rx_claims_monthly.csv,missing_rx_volume,hcp_id=1142840812|month=2025-02|ndc_category=RHEUM_JAK_ORAL,rx_volume,235,,set to NULL; outside every treatment target-category window
DQ-001748,rx_claims_monthly.csv,missing_rx_volume,hcp_id=1572650665|month=2024-12|ndc_category=METABOLIC_GLP1_INJ,rx_volume,297,,set to NULL; outside every treatment target-category window
DQ-001749,rx_claims_monthly.csv,missing_rx_volume,hcp_id=1377426493|month=2024-01|ndc_category=METABOLIC_GLP1_INJ,rx_volume,287,,set to NULL; outside every treatment target-category window
DQ-001750,rx_claims_monthly.csv,missing_rx_volume,hcp_id=1326905712|month=2025-08|ndc_category=METABOLIC_GLP1_INJ,rx_volume,153,,set to NULL; outside every treatment target-category window
DQ-001751,rx_claims_monthly.csv,missing_rx_volume,hcp_id=1305686507|month=2025-08|ndc_category=CV_ANTICOAG_ORAL,rx_volume,456,,set to NULL; outside every treatment target-category window
DQ-001752,rx_claims_monthly.csv,missing_rx_volume,hcp_id=1360698140|month=2023-10|ndc_category=ONC_TARGETED_ORAL,rx_volume,149,,set to NULL; outside every treatment target-category window
DQ-001753,rx_claims_monthly.csv,missing_rx_volume,hcp_id=1879804551|month=2025-08|ndc_category=PULM_ICS_LABA_INH,rx_volume,60,,set to NULL; outside every treatment target-category window
DQ-001754,rx_claims_monthly.csv,missing_rx_volume,hcp_id=1864283779|month=2025-07|ndc_category=ONC_TARGETED_ORAL,rx_volume,277,,set to NULL; outside every treatment target-category window
DQ-001755,rx_claims_monthly.csv,missing_rx_volume,hcp_id=1381937048|month=2024-09|ndc_category=METABOLIC_GLP1_INJ,rx_volume,146,,set to NULL; outside every treatment target-category window
DQ-001756,rx_claims_monthly.csv,missing_rx_volume,hcp_id=1912301342|month=2023-02|ndc_category=ENDO_BASAL_INSULIN,rx_volume,394,,set to NULL; outside every treatment target-category window
DQ-001757,rx_claims_monthly.csv,missing_rx_volume,hcp_id=1567993435|month=2025-06|ndc_category=NEURO_MIGRAINE_CGRP,rx_volume,269,,set to NULL; outside every treatment target-category window
DQ-001758,rx_claims_monthly.csv,missing_rx_volume,hcp_id=1205576824|month=2023-09|ndc_category=CV_ANTICOAG_ORAL,rx_volume,61,,set to NULL; outside every treatment target-category window
DQ-001759,rx_claims_monthly.csv,missing_rx_volume,hcp_id=1844625859|month=2024-07|ndc_category=CARD_HF_ARNI,rx_volume,91,,set to NULL; outside every treatment target-category window
DQ-001760,rx_claims_monthly.csv,missing_rx_volume,hcp_id=1821424144|month=2024-04|ndc_category=CV_ANTICOAG_ORAL,rx_volume,98,,set to NULL; outside every treatment target-category window
DQ-001761,rx_claims_monthly.csv,missing_rx_volume,hcp_id=1486849361|month=2025-08|ndc_category=CV_ANTICOAG_ORAL,rx_volume,37,,set to NULL; outside every treatment target-category window
DQ-001762,rx_claims_monthly.csv,missing_rx_volume,hcp_id=1636376422|month=2025-08|ndc_category=METABOLIC_GLP1_INJ,rx_volume,230,,set to NULL; outside every treatment target-category window
DQ-001763,rx_claims_monthly.csv,missing_rx_volume,hcp_id=1806103952|month=2023-06|ndc_category=CV_ANTICOAG_ORAL,rx_volume,83,,set to NULL; outside every treatment target-category window
DQ-001764,rx_claims_monthly.csv,missing_rx_volume,hcp_id=1828803407|month=2023-12|ndc_category=ONC_TARGETED_ORAL,rx_volume,180,,set to NULL; outside every treatment target-category window
DQ-001765,rx_claims_monthly.csv,missing_rx_volume,hcp_id=1455591119|month=2025-08|ndc_category=CV_ANTICOAG_ORAL,rx_volume,62,,set to NULL; outside every treatment target-category window
DQ-001766,rx_claims_monthly.csv,missing_rx_volume,hcp_id=1120080837|month=2024-10|ndc_category=CV_ANTICOAG_ORAL,rx_volume,224,,set to NULL; outside every treatment target-category window
DQ-001767,rx_claims_monthly.csv,missing_rx_volume,hcp_id=1712092349|month=2025-03|ndc_category=METABOLIC_GLP1_INJ,rx_volume,83,,set to NULL; outside every treatment target-category window
DQ-001768,rx_claims_monthly.csv,missing_rx_volume,hcp_id=1884938808|month=2024-04|ndc_category=RHEUM_JAK_ORAL,rx_volume,301,,set to NULL; outside every treatment target-category window
DQ-001769,rx_claims_monthly.csv,missing_rx_volume,hcp_id=1570328496|month=2025-04|ndc_category=CV_ANTICOAG_ORAL,rx_volume,322,,set to NULL; outside every treatment target-category window
DQ-001770,rx_claims_monthly.csv,missing_rx_volume,hcp_id=1450226943|month=2024-08|ndc_category=CV_ANTICOAG_ORAL,rx_volume,315,,set to NULL; outside every treatment target-category window
DQ-001771,rx_claims_monthly.csv,missing_rx_volume,hcp_id=1804484495|month=2025-03|ndc_category=PC_ANTIHYPERTENSIVE,rx_volume,172,,set to NULL; outside every treatment target-category window
DQ-001772,rx_claims_monthly.csv,missing_rx_volume,hcp_id=1685524518|month=2023-02|ndc_category=PC_ANTIHYPERTENSIVE,rx_volume,112,,set to NULL; outside every treatment target-category window
DQ-001773,rx_claims_monthly.csv,missing_rx_volume,hcp_id=1352578078|month=2023-08|ndc_category=METABOLIC_GLP1_INJ,rx_volume,162,,set to NULL; outside every treatment target-category window
DQ-001774,rx_claims_monthly.csv,missing_rx_volume,hcp_id=1987971524|month=2024-02|ndc_category=METABOLIC_GLP1_INJ,rx_volume,60,,set to NULL; outside every treatment target-category window
DQ-001775,rx_claims_monthly.csv,missing_rx_volume,hcp_id=1004478891|month=2025-01|ndc_category=METABOLIC_GLP1_INJ,rx_volume,28,,set to NULL; outside every treatment target-category window
DQ-001776,rx_claims_monthly.csv,missing_rx_volume,hcp_id=1282914906|month=2024-04|ndc_category=METABOLIC_GLP1_INJ,rx_volume,102,,set to NULL; outside every treatment target-category window
DQ-001777,rx_claims_monthly.csv,missing_rx_volume,hcp_id=1719574174|month=2023-06|ndc_category=METABOLIC_GLP1_INJ,rx_volume,82,,set to NULL; outside every treatment target-category window
DQ-001778,rx_claims_monthly.csv,missing_rx_volume,hcp_id=1075693709|month=2023-06|ndc_category=METABOLIC_GLP1_INJ,rx_volume,402,,set to NULL; outside every treatment target-category window
DQ-001779,rx_claims_monthly.csv,missing_rx_volume,hcp_id=1047406420|month=2024-10|ndc_category=RHEUM_JAK_ORAL,rx_volume,45,,set to NULL; outside every treatment target-category window
DQ-001780,rx_claims_monthly.csv,missing_rx_volume,hcp_id=1510477734|month=2023-01|ndc_category=METABOLIC_GLP1_INJ,rx_volume,37,,set to NULL; outside every treatment target-category window
DQ-001781,rx_claims_monthly.csv,missing_rx_volume,hcp_id=1477499267|month=2023-06|ndc_category=CV_ANTICOAG_ORAL,rx_volume,87,,set to NULL; outside every treatment target-category window
DQ-001782,rx_claims_monthly.csv,missing_rx_volume,hcp_id=1216532808|month=2024-03|ndc_category=CV_ANTICOAG_ORAL,rx_volume,80,,set to NULL; outside every treatment target-category window
DQ-001783,rx_claims_monthly.csv,missing_rx_volume,hcp_id=1657725655|month=2025-05|ndc_category=METABOLIC_GLP1_INJ,rx_volume,183,,set to NULL; outside every treatment target-category window
DQ-001784,rx_claims_monthly.csv,missing_rx_volume,hcp_id=1995404856|month=2024-01|ndc_category=METABOLIC_GLP1_INJ,rx_volume,259,,set to NULL; outside every treatment target-category window
DQ-001785,rx_claims_monthly.csv,missing_rx_volume,hcp_id=1752727945|month=2023-02|ndc_category=PC_ANTIHYPERTENSIVE,rx_volume,183,,set to NULL; outside every treatment target-category window
DQ-001786,rx_claims_monthly.csv,missing_rx_volume,hcp_id=1418704015|month=2023-09|ndc_category=RHEUM_JAK_ORAL,rx_volume,227,,set to NULL; outside every treatment target-category window
DQ-001787,rx_claims_monthly.csv,missing_rx_volume,hcp_id=1293643247|month=2024-12|ndc_category=CARD_HF_ARNI,rx_volume,239,,set to NULL; outside every treatment target-category window
DQ-001788,rx_claims_monthly.csv,missing_rx_volume,hcp_id=1964558476|month=2024-05|ndc_category=PULM_ICS_LABA_INH,rx_volume,697,,set to NULL; outside every treatment target-category window
DQ-001789,rx_claims_monthly.csv,missing_rx_volume,hcp_id=1679813331|month=2024-05|ndc_category=CV_ANTICOAG_ORAL,rx_volume,85,,set to NULL; outside every treatment target-category window
DQ-001790,rx_claims_monthly.csv,missing_rx_volume,hcp_id=1174785596|month=2025-05|ndc_category=ENDO_BASAL_INSULIN,rx_volume,227,,set to NULL; outside every treatment target-category window
DQ-001791,rx_claims_monthly.csv,missing_rx_volume,hcp_id=1190842652|month=2022-12|ndc_category=CV_ANTICOAG_ORAL,rx_volume,187,,set to NULL; outside every treatment target-category window
DQ-001792,rx_claims_monthly.csv,missing_rx_volume,hcp_id=1144669185|month=2024-08|ndc_category=METABOLIC_GLP1_INJ,rx_volume,308,,set to NULL; outside every treatment target-category window
DQ-001793,rx_claims_monthly.csv,missing_rx_volume,hcp_id=1275723975|month=2024-04|ndc_category=CV_ANTICOAG_ORAL,rx_volume,50,,set to NULL; outside every treatment target-category window
DQ-001794,rx_claims_monthly.csv,missing_rx_volume,hcp_id=1486382629|month=2023-05|ndc_category=CV_ANTICOAG_ORAL,rx_volume,169,,set to NULL; outside every treatment target-category window
DQ-001795,rx_claims_monthly.csv,missing_rx_volume,hcp_id=1512866082|month=2025-09|ndc_category=CV_ANTICOAG_ORAL,rx_volume,129,,set to NULL; outside every treatment target-category window
DQ-001796,rx_claims_monthly.csv,missing_rx_volume,hcp_id=1507378861|month=2025-10|ndc_category=CV_ANTICOAG_ORAL,rx_volume,54,,set to NULL; outside every treatment target-category window
DQ-001797,rx_claims_monthly.csv,missing_rx_volume,hcp_id=1599989245|month=2023-06|ndc_category=CV_ANTICOAG_ORAL,rx_volume,68,,set to NULL; outside every treatment target-category window
DQ-001798,rx_claims_monthly.csv,missing_rx_volume,hcp_id=1260279835|month=2025-04|ndc_category=CARD_HF_ARNI,rx_volume,50,,set to NULL; outside every treatment target-category window
DQ-001799,rx_claims_monthly.csv,missing_rx_volume,hcp_id=1659738110|month=2023-06|ndc_category=CV_ANTICOAG_ORAL,rx_volume,103,,set to NULL; outside every treatment target-category window
DQ-001800,rx_claims_monthly.csv,missing_rx_volume,hcp_id=1788421810|month=2023-07|ndc_category=METABOLIC_GLP1_INJ,rx_volume,51,,set to NULL; outside every treatment target-category window
DQ-001801,rx_claims_monthly.csv,missing_rx_volume,hcp_id=1438452850|month=2024-10|ndc_category=PULM_ICS_LABA_INH,rx_volume,41,,set to NULL; outside every treatment target-category window
DQ-001802,rx_claims_monthly.csv,missing_rx_volume,hcp_id=1072999711|month=2025-06|ndc_category=METABOLIC_GLP1_INJ,rx_volume,139,,set to NULL; outside every treatment target-category window
DQ-001803,rx_claims_monthly.csv,missing_rx_volume,hcp_id=1083149777|month=2024-11|ndc_category=METABOLIC_GLP1_INJ,rx_volume,117,,set to NULL; outside every treatment target-category window
DQ-001804,rx_claims_monthly.csv,missing_rx_volume,hcp_id=1718275724|month=2025-08|ndc_category=METABOLIC_GLP1_INJ,rx_volume,39,,set to NULL; outside every treatment target-category window
DQ-001805,rx_claims_monthly.csv,missing_rx_volume,hcp_id=1692444494|month=2024-07|ndc_category=METABOLIC_GLP1_INJ,rx_volume,729,,set to NULL; outside every treatment target-category window
DQ-001806,rx_claims_monthly.csv,missing_rx_volume,hcp_id=1042224778|month=2024-10|ndc_category=CARD_HF_ARNI,rx_volume,446,,set to NULL; outside every treatment target-category window
DQ-001807,rx_claims_monthly.csv,missing_rx_volume,hcp_id=1775551348|month=2023-06|ndc_category=CV_ANTICOAG_ORAL,rx_volume,77,,set to NULL; outside every treatment target-category window
DQ-001808,rx_claims_monthly.csv,missing_rx_volume,hcp_id=1370361275|month=2023-02|ndc_category=METABOLIC_GLP1_INJ,rx_volume,95,,set to NULL; outside every treatment target-category window
DQ-001809,rx_claims_monthly.csv,missing_rx_volume,hcp_id=1198262952|month=2022-12|ndc_category=CV_ANTICOAG_ORAL,rx_volume,178,,set to NULL; outside every treatment target-category window
DQ-001810,rx_claims_monthly.csv,missing_rx_volume,hcp_id=1025231352|month=2023-09|ndc_category=RHEUM_JAK_ORAL,rx_volume,248,,set to NULL; outside every treatment target-category window
DQ-001811,rx_claims_monthly.csv,missing_rx_volume,hcp_id=1214210316|month=2024-02|ndc_category=ONC_TARGETED_ORAL,rx_volume,53,,set to NULL; outside every treatment target-category window
DQ-001812,rx_claims_monthly.csv,missing_rx_volume,hcp_id=1416644254|month=2024-05|ndc_category=PULM_ICS_LABA_INH,rx_volume,134,,set to NULL; outside every treatment target-category window
DQ-001813,rx_claims_monthly.csv,missing_rx_volume,hcp_id=1524065749|month=2024-04|ndc_category=CV_ANTICOAG_ORAL,rx_volume,122,,set to NULL; outside every treatment target-category window
DQ-001814,rx_claims_monthly.csv,missing_rx_volume,hcp_id=1737156715|month=2023-07|ndc_category=CV_ANTICOAG_ORAL,rx_volume,231,,set to NULL; outside every treatment target-category window
DQ-001815,rx_claims_monthly.csv,missing_rx_volume,hcp_id=1704216484|month=2023-11|ndc_category=RHEUM_JAK_ORAL,rx_volume,126,,set to NULL; outside every treatment target-category window
DQ-001816,rx_claims_monthly.csv,missing_rx_volume,hcp_id=1075689749|month=2023-11|ndc_category=CV_ANTICOAG_ORAL,rx_volume,249,,set to NULL; outside every treatment target-category window
DQ-001817,rx_claims_monthly.csv,missing_rx_volume,hcp_id=1371759725|month=2025-01|ndc_category=CV_ANTICOAG_ORAL,rx_volume,68,,set to NULL; outside every treatment target-category window
DQ-001818,rx_claims_monthly.csv,missing_rx_volume,hcp_id=1038582841|month=2023-04|ndc_category=RHEUM_JAK_ORAL,rx_volume,177,,set to NULL; outside every treatment target-category window
DQ-001819,rx_claims_monthly.csv,missing_rx_volume,hcp_id=1293528836|month=2025-02|ndc_category=PULM_ICS_LABA_INH,rx_volume,270,,set to NULL; outside every treatment target-category window
DQ-001820,rx_claims_monthly.csv,missing_rx_volume,hcp_id=1831786672|month=2024-02|ndc_category=ONC_TARGETED_ORAL,rx_volume,167,,set to NULL; outside every treatment target-category window
DQ-001821,rx_claims_monthly.csv,missing_rx_volume,hcp_id=1484724632|month=2025-04|ndc_category=PC_ANTIHYPERTENSIVE,rx_volume,400,,set to NULL; outside every treatment target-category window
DQ-001822,rx_claims_monthly.csv,missing_rx_volume,hcp_id=1181360912|month=2024-08|ndc_category=CV_ANTICOAG_ORAL,rx_volume,100,,set to NULL; outside every treatment target-category window
DQ-001823,rx_claims_monthly.csv,missing_rx_volume,hcp_id=1009335344|month=2023-06|ndc_category=METABOLIC_GLP1_INJ,rx_volume,139,,set to NULL; outside every treatment target-category window
DQ-001824,rx_claims_monthly.csv,missing_rx_volume,hcp_id=1507378861|month=2025-09|ndc_category=METABOLIC_GLP1_INJ,rx_volume,56,,set to NULL; outside every treatment target-category window
DQ-001825,rx_claims_monthly.csv,missing_rx_volume,hcp_id=1413519731|month=2025-03|ndc_category=PC_ANTIHYPERTENSIVE,rx_volume,619,,set to NULL; outside every treatment target-category window
DQ-001826,rx_claims_monthly.csv,missing_rx_volume,hcp_id=1296624285|month=2024-05|ndc_category=PC_ANTIHYPERTENSIVE,rx_volume,184,,set to NULL; outside every treatment target-category window
DQ-001827,rx_claims_monthly.csv,missing_rx_volume,hcp_id=1656529157|month=2025-06|ndc_category=ENDO_BASAL_INSULIN,rx_volume,811,,set to NULL; outside every treatment target-category window
DQ-001828,rx_claims_monthly.csv,missing_rx_volume,hcp_id=1793579560|month=2023-08|ndc_category=METABOLIC_GLP1_INJ,rx_volume,232,,set to NULL; outside every treatment target-category window
DQ-001829,rx_claims_monthly.csv,missing_rx_volume,hcp_id=1501563039|month=2023-10|ndc_category=METABOLIC_GLP1_INJ,rx_volume,61,,set to NULL; outside every treatment target-category window
DQ-001830,rx_claims_monthly.csv,missing_rx_volume,hcp_id=1516379264|month=2024-04|ndc_category=METABOLIC_GLP1_INJ,rx_volume,546,,set to NULL; outside every treatment target-category window
DQ-001831,rx_claims_monthly.csv,missing_rx_volume,hcp_id=1506746308|month=2025-07|ndc_category=CV_ANTICOAG_ORAL,rx_volume,66,,set to NULL; outside every treatment target-category window
DQ-001832,rx_claims_monthly.csv,missing_rx_volume,hcp_id=1851932792|month=2023-02|ndc_category=PC_ANTIHYPERTENSIVE,rx_volume,184,,set to NULL; outside every treatment target-category window
DQ-001833,rx_claims_monthly.csv,missing_rx_volume,hcp_id=1721743411|month=2022-12|ndc_category=CV_ANTICOAG_ORAL,rx_volume,99,,set to NULL; outside every treatment target-category window
DQ-001834,rx_claims_monthly.csv,missing_rx_volume,hcp_id=1182422455|month=2024-01|ndc_category=METABOLIC_GLP1_INJ,rx_volume,351,,set to NULL; outside every treatment target-category window
DQ-001835,rx_claims_monthly.csv,missing_rx_volume,hcp_id=1877046932|month=2024-09|ndc_category=METABOLIC_GLP1_INJ,rx_volume,276,,set to NULL; outside every treatment target-category window
DQ-001836,rx_claims_monthly.csv,missing_rx_volume,hcp_id=1755292830|month=2023-06|ndc_category=CV_ANTICOAG_ORAL,rx_volume,56,,set to NULL; outside every treatment target-category window
DQ-001837,rx_claims_monthly.csv,missing_rx_volume,hcp_id=1981504099|month=2024-06|ndc_category=CV_ANTICOAG_ORAL,rx_volume,38,,set to NULL; outside every treatment target-category window
DQ-001838,rx_claims_monthly.csv,missing_rx_volume,hcp_id=1635476009|month=2025-02|ndc_category=NEURO_MIGRAINE_CGRP,rx_volume,309,,set to NULL; outside every treatment target-category window
DQ-001839,rx_claims_monthly.csv,missing_rx_volume,hcp_id=1062661164|month=2023-05|ndc_category=METABOLIC_GLP1_INJ,rx_volume,227,,set to NULL; outside every treatment target-category window
DQ-001840,rx_claims_monthly.csv,missing_rx_volume,hcp_id=1280087226|month=2023-04|ndc_category=PC_ANTIHYPERTENSIVE,rx_volume,739,,set to NULL; outside every treatment target-category window
DQ-001841,rx_claims_monthly.csv,missing_rx_volume,hcp_id=1507069536|month=2023-01|ndc_category=ENDO_BASAL_INSULIN,rx_volume,185,,set to NULL; outside every treatment target-category window
DQ-001842,rx_claims_monthly.csv,missing_rx_volume,hcp_id=1624547729|month=2023-09|ndc_category=CV_ANTICOAG_ORAL,rx_volume,132,,set to NULL; outside every treatment target-category window
DQ-001843,rx_claims_monthly.csv,missing_rx_volume,hcp_id=1811081532|month=2023-03|ndc_category=METABOLIC_GLP1_INJ,rx_volume,113,,set to NULL; outside every treatment target-category window
DQ-001844,rx_claims_monthly.csv,missing_rx_volume,hcp_id=1200437733|month=2022-12|ndc_category=ENDO_BASAL_INSULIN,rx_volume,150,,set to NULL; outside every treatment target-category window
DQ-001845,rx_claims_monthly.csv,missing_rx_volume,hcp_id=1718275724|month=2022-12|ndc_category=NEURO_MIGRAINE_CGRP,rx_volume,149,,set to NULL; outside every treatment target-category window
DQ-001846,rx_claims_monthly.csv,missing_rx_volume,hcp_id=1114926011|month=2022-12|ndc_category=CV_ANTICOAG_ORAL,rx_volume,261,,set to NULL; outside every treatment target-category window
DQ-001847,rx_claims_monthly.csv,missing_rx_volume,hcp_id=1656483868|month=2023-11|ndc_category=CV_ANTICOAG_ORAL,rx_volume,42,,set to NULL; outside every treatment target-category window
DQ-001848,rx_claims_monthly.csv,missing_rx_volume,hcp_id=1486849361|month=2023-10|ndc_category=CV_ANTICOAG_ORAL,rx_volume,44,,set to NULL; outside every treatment target-category window
DQ-001849,rx_claims_monthly.csv,missing_rx_volume,hcp_id=1524065749|month=2025-08|ndc_category=CV_ANTICOAG_ORAL,rx_volume,147,,set to NULL; outside every treatment target-category window
DQ-001850,rx_claims_monthly.csv,missing_rx_volume,hcp_id=1015191335|month=2023-12|ndc_category=CV_ANTICOAG_ORAL,rx_volume,121,,set to NULL; outside every treatment target-category window
DQ-001851,rx_claims_monthly.csv,missing_rx_volume,hcp_id=1526834563|month=2025-03|ndc_category=PULM_ICS_LABA_INH,rx_volume,255,,set to NULL; outside every treatment target-category window
DQ-001852,rx_claims_monthly.csv,missing_rx_volume,hcp_id=1020833996|month=2024-11|ndc_category=METABOLIC_GLP1_INJ,rx_volume,104,,set to NULL; outside every treatment target-category window
DQ-001853,rx_claims_monthly.csv,missing_rx_volume,hcp_id=1851932792|month=2024-08|ndc_category=METABOLIC_GLP1_INJ,rx_volume,186,,set to NULL; outside every treatment target-category window
DQ-001854,rx_claims_monthly.csv,missing_rx_volume,hcp_id=1188598183|month=2024-08|ndc_category=NEURO_MIGRAINE_CGRP,rx_volume,574,,set to NULL; outside every treatment target-category window
DQ-001855,rx_claims_monthly.csv,missing_rx_volume,hcp_id=1968864862|month=2025-05|ndc_category=CV_ANTICOAG_ORAL,rx_volume,40,,set to NULL; outside every treatment target-category window
DQ-001856,rx_claims_monthly.csv,missing_rx_volume,hcp_id=1428792083|month=2023-04|ndc_category=CV_ANTICOAG_ORAL,rx_volume,100,,set to NULL; outside every treatment target-category window
DQ-001857,rx_claims_monthly.csv,missing_rx_volume,hcp_id=1892897319|month=2025-05|ndc_category=METABOLIC_GLP1_INJ,rx_volume,542,,set to NULL; outside every treatment target-category window
DQ-001858,rx_claims_monthly.csv,missing_rx_volume,hcp_id=1374281198|month=2023-01|ndc_category=PULM_ICS_LABA_INH,rx_volume,139,,set to NULL; outside every treatment target-category window
DQ-001859,rx_claims_monthly.csv,missing_rx_volume,hcp_id=1699200295|month=2023-06|ndc_category=METABOLIC_GLP1_INJ,rx_volume,42,,set to NULL; outside every treatment target-category window
DQ-001860,rx_claims_monthly.csv,missing_rx_volume,hcp_id=1385532449|month=2025-01|ndc_category=METABOLIC_GLP1_INJ,rx_volume,331,,set to NULL; outside every treatment target-category window
DQ-001861,rx_claims_monthly.csv,missing_rx_volume,hcp_id=1745370779|month=2022-12|ndc_category=METABOLIC_GLP1_INJ,rx_volume,29,,set to NULL; outside every treatment target-category window
DQ-001862,rx_claims_monthly.csv,missing_rx_volume,hcp_id=1801662945|month=2025-04|ndc_category=METABOLIC_GLP1_INJ,rx_volume,106,,set to NULL; outside every treatment target-category window
DQ-001863,rx_claims_monthly.csv,missing_rx_volume,hcp_id=1883526315|month=2025-05|ndc_category=CV_ANTICOAG_ORAL,rx_volume,890,,set to NULL; outside every treatment target-category window
DQ-001864,rx_claims_monthly.csv,missing_rx_volume,hcp_id=1924221140|month=2023-09|ndc_category=METABOLIC_GLP1_INJ,rx_volume,109,,set to NULL; outside every treatment target-category window
DQ-001865,rx_claims_monthly.csv,missing_rx_volume,hcp_id=1448589550|month=2023-10|ndc_category=METABOLIC_GLP1_INJ,rx_volume,36,,set to NULL; outside every treatment target-category window
DQ-001866,rx_claims_monthly.csv,missing_rx_volume,hcp_id=1847082322|month=2023-04|ndc_category=METABOLIC_GLP1_INJ,rx_volume,87,,set to NULL; outside every treatment target-category window
DQ-001867,rx_claims_monthly.csv,missing_rx_volume,hcp_id=1907112910|month=2023-08|ndc_category=CV_ANTICOAG_ORAL,rx_volume,64,,set to NULL; outside every treatment target-category window
DQ-001868,rx_claims_monthly.csv,missing_rx_volume,hcp_id=1058325303|month=2024-05|ndc_category=CV_ANTICOAG_ORAL,rx_volume,132,,set to NULL; outside every treatment target-category window
DQ-001869,rx_claims_monthly.csv,missing_rx_volume,hcp_id=1501015600|month=2024-04|ndc_category=PULM_ICS_LABA_INH,rx_volume,140,,set to NULL; outside every treatment target-category window
DQ-001870,rx_claims_monthly.csv,missing_rx_volume,hcp_id=1220405058|month=2024-01|ndc_category=CARD_HF_ARNI,rx_volume,416,,set to NULL; outside every treatment target-category window
DQ-001871,rx_claims_monthly.csv,missing_rx_volume,hcp_id=1679813331|month=2025-05|ndc_category=CV_ANTICOAG_ORAL,rx_volume,76,,set to NULL; outside every treatment target-category window
DQ-001872,rx_claims_monthly.csv,missing_rx_volume,hcp_id=1851932792|month=2024-05|ndc_category=CV_ANTICOAG_ORAL,rx_volume,145,,set to NULL; outside every treatment target-category window
DQ-001873,rx_claims_monthly.csv,missing_rx_volume,hcp_id=1131525051|month=2023-04|ndc_category=METABOLIC_GLP1_INJ,rx_volume,72,,set to NULL; outside every treatment target-category window
DQ-001874,rx_claims_monthly.csv,missing_rx_volume,hcp_id=1624547729|month=2023-06|ndc_category=METABOLIC_GLP1_INJ,rx_volume,44,,set to NULL; outside every treatment target-category window
DQ-001875,rx_claims_monthly.csv,missing_rx_volume,hcp_id=1284061300|month=2023-10|ndc_category=CV_ANTICOAG_ORAL,rx_volume,179,,set to NULL; outside every treatment target-category window
DQ-001876,rx_claims_monthly.csv,missing_rx_volume,hcp_id=1480866635|month=2023-09|ndc_category=CV_ANTICOAG_ORAL,rx_volume,130,,set to NULL; outside every treatment target-category window
DQ-001877,rx_claims_monthly.csv,missing_rx_volume,hcp_id=1259584955|month=2023-02|ndc_category=CV_ANTICOAG_ORAL,rx_volume,103,,set to NULL; outside every treatment target-category window
DQ-001878,rx_claims_monthly.csv,missing_rx_volume,hcp_id=1695082515|month=2023-03|ndc_category=METABOLIC_GLP1_INJ,rx_volume,105,,set to NULL; outside every treatment target-category window
DQ-001879,rx_claims_monthly.csv,missing_rx_volume,hcp_id=1641859123|month=2023-04|ndc_category=METABOLIC_GLP1_INJ,rx_volume,83,,set to NULL; outside every treatment target-category window
DQ-001880,rx_claims_monthly.csv,missing_rx_volume,hcp_id=1364592786|month=2025-08|ndc_category=ENDO_BASAL_INSULIN,rx_volume,61,,set to NULL; outside every treatment target-category window
DQ-001881,rx_claims_monthly.csv,missing_rx_volume,hcp_id=1518550110|month=2023-12|ndc_category=NEURO_MIGRAINE_CGRP,rx_volume,411,,set to NULL; outside every treatment target-category window
DQ-001882,rx_claims_monthly.csv,missing_rx_volume,hcp_id=1195381896|month=2024-03|ndc_category=CV_ANTICOAG_ORAL,rx_volume,234,,set to NULL; outside every treatment target-category window
DQ-001883,rx_claims_monthly.csv,missing_rx_volume,hcp_id=1302899475|month=2023-02|ndc_category=METABOLIC_GLP1_INJ,rx_volume,60,,set to NULL; outside every treatment target-category window
DQ-001884,rx_claims_monthly.csv,missing_rx_volume,hcp_id=1644815767|month=2024-07|ndc_category=PC_ANTIHYPERTENSIVE,rx_volume,480,,set to NULL; outside every treatment target-category window
DQ-001885,rx_claims_monthly.csv,missing_rx_volume,hcp_id=1219591108|month=2023-09|ndc_category=CARD_HF_ARNI,rx_volume,99,,set to NULL; outside every treatment target-category window
DQ-001886,rx_claims_monthly.csv,missing_rx_volume,hcp_id=1190411649|month=2024-07|ndc_category=CV_ANTICOAG_ORAL,rx_volume,26,,set to NULL; outside every treatment target-category window
DQ-001887,rx_claims_monthly.csv,missing_rx_volume,hcp_id=1004543439|month=2023-04|ndc_category=METABOLIC_GLP1_INJ,rx_volume,130,,set to NULL; outside every treatment target-category window
DQ-001888,rx_claims_monthly.csv,missing_rx_volume,hcp_id=1123562633|month=2025-04|ndc_category=METABOLIC_GLP1_INJ,rx_volume,78,,set to NULL; outside every treatment target-category window
DQ-001889,rx_claims_monthly.csv,missing_rx_volume,hcp_id=1134089733|month=2023-09|ndc_category=CV_ANTICOAG_ORAL,rx_volume,41,,set to NULL; outside every treatment target-category window
DQ-001890,rx_claims_monthly.csv,missing_rx_volume,hcp_id=1655727265|month=2023-11|ndc_category=CV_ANTICOAG_ORAL,rx_volume,166,,set to NULL; outside every treatment target-category window
DQ-001891,rx_claims_monthly.csv,missing_rx_volume,hcp_id=1261377760|month=2023-05|ndc_category=CV_ANTICOAG_ORAL,rx_volume,135,,set to NULL; outside every treatment target-category window
DQ-001892,rx_claims_monthly.csv,missing_rx_volume,hcp_id=1742318383|month=2024-08|ndc_category=CV_ANTICOAG_ORAL,rx_volume,110,,set to NULL; outside every treatment target-category window
DQ-001893,rx_claims_monthly.csv,missing_rx_volume,hcp_id=1371002787|month=2024-03|ndc_category=METABOLIC_GLP1_INJ,rx_volume,177,,set to NULL; outside every treatment target-category window
DQ-001894,rx_claims_monthly.csv,missing_rx_volume,hcp_id=1334793308|month=2024-05|ndc_category=NEURO_MIGRAINE_CGRP,rx_volume,149,,set to NULL; outside every treatment target-category window
DQ-001895,rx_claims_monthly.csv,missing_rx_volume,hcp_id=1285520676|month=2023-02|ndc_category=METABOLIC_GLP1_INJ,rx_volume,150,,set to NULL; outside every treatment target-category window
DQ-001896,rx_claims_monthly.csv,missing_rx_volume,hcp_id=1425845660|month=2025-07|ndc_category=CV_ANTICOAG_ORAL,rx_volume,14,,set to NULL; outside every treatment target-category window
DQ-001897,rx_claims_monthly.csv,missing_rx_volume,hcp_id=1479680351|month=2024-06|ndc_category=CV_ANTICOAG_ORAL,rx_volume,145,,set to NULL; outside every treatment target-category window
DQ-001898,rx_claims_monthly.csv,missing_rx_volume,hcp_id=1749263335|month=2024-04|ndc_category=PC_ANTIHYPERTENSIVE,rx_volume,882,,set to NULL; outside every treatment target-category window
DQ-001899,rx_claims_monthly.csv,missing_rx_volume,hcp_id=1020829465|month=2023-03|ndc_category=METABOLIC_GLP1_INJ,rx_volume,79,,set to NULL; outside every treatment target-category window
DQ-001900,rx_claims_monthly.csv,missing_rx_volume,hcp_id=1135771313|month=2023-12|ndc_category=METABOLIC_GLP1_INJ,rx_volume,29,,set to NULL; outside every treatment target-category window
DQ-001901,rx_claims_monthly.csv,missing_rx_volume,hcp_id=1038582841|month=2023-04|ndc_category=METABOLIC_GLP1_INJ,rx_volume,151,,set to NULL; outside every treatment target-category window
DQ-001902,rx_claims_monthly.csv,missing_rx_volume,hcp_id=1065674784|month=2024-01|ndc_category=METABOLIC_GLP1_INJ,rx_volume,86,,set to NULL; outside every treatment target-category window
DQ-001903,rx_claims_monthly.csv,missing_rx_volume,hcp_id=1042455315|month=2025-04|ndc_category=ENDO_BASAL_INSULIN,rx_volume,606,,set to NULL; outside every treatment target-category window
DQ-001904,rx_claims_monthly.csv,missing_rx_volume,hcp_id=1715246280|month=2024-04|ndc_category=METABOLIC_GLP1_INJ,rx_volume,91,,set to NULL; outside every treatment target-category window
DQ-001905,rx_claims_monthly.csv,missing_rx_volume,hcp_id=1222151080|month=2025-04|ndc_category=CV_ANTICOAG_ORAL,rx_volume,380,,set to NULL; outside every treatment target-category window
DQ-001906,rx_claims_monthly.csv,missing_rx_volume,hcp_id=1699200295|month=2025-09|ndc_category=METABOLIC_GLP1_INJ,rx_volume,32,,set to NULL; outside every treatment target-category window
DQ-001907,rx_claims_monthly.csv,missing_rx_volume,hcp_id=1389159553|month=2024-01|ndc_category=PC_ANTIHYPERTENSIVE,rx_volume,209,,set to NULL; outside every treatment target-category window
DQ-001908,rx_claims_monthly.csv,missing_rx_volume,hcp_id=1715729269|month=2023-09|ndc_category=METABOLIC_GLP1_INJ,rx_volume,80,,set to NULL; outside every treatment target-category window
DQ-001909,rx_claims_monthly.csv,missing_rx_volume,hcp_id=1417682113|month=2023-05|ndc_category=METABOLIC_GLP1_INJ,rx_volume,75,,set to NULL; outside every treatment target-category window
DQ-001910,rx_claims_monthly.csv,missing_rx_volume,hcp_id=1616066910|month=2024-04|ndc_category=RHEUM_JAK_ORAL,rx_volume,247,,set to NULL; outside every treatment target-category window
DQ-001911,rx_claims_monthly.csv,missing_rx_volume,hcp_id=1324722952|month=2024-04|ndc_category=CV_ANTICOAG_ORAL,rx_volume,114,,set to NULL; outside every treatment target-category window
DQ-001912,rx_claims_monthly.csv,missing_rx_volume,hcp_id=1681501296|month=2023-02|ndc_category=METABOLIC_GLP1_INJ,rx_volume,67,,set to NULL; outside every treatment target-category window
DQ-001913,rx_claims_monthly.csv,missing_rx_volume,hcp_id=1573445784|month=2023-10|ndc_category=METABOLIC_GLP1_INJ,rx_volume,87,,set to NULL; outside every treatment target-category window
DQ-001914,rx_claims_monthly.csv,missing_rx_volume,hcp_id=1360698140|month=2025-03|ndc_category=CV_ANTICOAG_ORAL,rx_volume,104,,set to NULL; outside every treatment target-category window
DQ-001915,rx_claims_monthly.csv,missing_rx_volume,hcp_id=1255569448|month=2025-04|ndc_category=CV_ANTICOAG_ORAL,rx_volume,62,,set to NULL; outside every treatment target-category window
DQ-001916,rx_claims_monthly.csv,missing_rx_volume,hcp_id=1836939912|month=2022-12|ndc_category=NEURO_MIGRAINE_CGRP,rx_volume,161,,set to NULL; outside every treatment target-category window
DQ-001917,rx_claims_monthly.csv,missing_rx_volume,hcp_id=1473057747|month=2025-04|ndc_category=ENDO_BASAL_INSULIN,rx_volume,390,,set to NULL; outside every treatment target-category window
DQ-001918,rx_claims_monthly.csv,missing_rx_volume,hcp_id=1224230882|month=2025-06|ndc_category=CV_ANTICOAG_ORAL,rx_volume,152,,set to NULL; outside every treatment target-category window
DQ-001919,rx_claims_monthly.csv,missing_rx_volume,hcp_id=1137408567|month=2022-12|ndc_category=METABOLIC_GLP1_INJ,rx_volume,227,,set to NULL; outside every treatment target-category window
DQ-001920,rx_claims_monthly.csv,missing_rx_volume,hcp_id=1734447604|month=2024-06|ndc_category=PULM_ICS_LABA_INH,rx_volume,85,,set to NULL; outside every treatment target-category window
DQ-001921,rx_claims_monthly.csv,missing_rx_volume,hcp_id=1788668972|month=2025-07|ndc_category=ONC_TARGETED_ORAL,rx_volume,275,,set to NULL; outside every treatment target-category window
DQ-001922,rx_claims_monthly.csv,missing_rx_volume,hcp_id=1955070549|month=2024-03|ndc_category=METABOLIC_GLP1_INJ,rx_volume,93,,set to NULL; outside every treatment target-category window
DQ-001923,rx_claims_monthly.csv,missing_rx_volume,hcp_id=1870533357|month=2025-05|ndc_category=ONC_TARGETED_ORAL,rx_volume,226,,set to NULL; outside every treatment target-category window
DQ-001924,rx_claims_monthly.csv,missing_rx_volume,hcp_id=1442686543|month=2023-06|ndc_category=CV_ANTICOAG_ORAL,rx_volume,72,,set to NULL; outside every treatment target-category window
DQ-001925,rx_claims_monthly.csv,missing_rx_volume,hcp_id=1513803142|month=2023-07|ndc_category=PC_ANTIHYPERTENSIVE,rx_volume,312,,set to NULL; outside every treatment target-category window
DQ-001926,rx_claims_monthly.csv,missing_rx_volume,hcp_id=1041585906|month=2025-05|ndc_category=CV_ANTICOAG_ORAL,rx_volume,114,,set to NULL; outside every treatment target-category window
DQ-001927,rx_claims_monthly.csv,missing_rx_volume,hcp_id=1751172259|month=2024-01|ndc_category=CARD_HF_ARNI,rx_volume,298,,set to NULL; outside every treatment target-category window
DQ-001928,rx_claims_monthly.csv,missing_rx_volume,hcp_id=1702497342|month=2023-08|ndc_category=ENDO_BASAL_INSULIN,rx_volume,341,,set to NULL; outside every treatment target-category window
DQ-001929,rx_claims_monthly.csv,missing_rx_volume,hcp_id=1124890801|month=2024-01|ndc_category=METABOLIC_GLP1_INJ,rx_volume,95,,set to NULL; outside every treatment target-category window
DQ-001930,rx_claims_monthly.csv,missing_rx_volume,hcp_id=1897395806|month=2024-04|ndc_category=METABOLIC_GLP1_INJ,rx_volume,76,,set to NULL; outside every treatment target-category window
DQ-001931,rx_claims_monthly.csv,missing_rx_volume,hcp_id=1400951004|month=2025-04|ndc_category=ENDO_BASAL_INSULIN,rx_volume,470,,set to NULL; outside every treatment target-category window
DQ-001932,rx_claims_monthly.csv,missing_rx_volume,hcp_id=1707435529|month=2023-08|ndc_category=CV_ANTICOAG_ORAL,rx_volume,163,,set to NULL; outside every treatment target-category window
DQ-001933,rx_claims_monthly.csv,missing_rx_volume,hcp_id=1526834563|month=2024-08|ndc_category=PULM_ICS_LABA_INH,rx_volume,244,,set to NULL; outside every treatment target-category window
DQ-001934,rx_claims_monthly.csv,missing_rx_volume,hcp_id=1361512639|month=2023-04|ndc_category=CV_ANTICOAG_ORAL,rx_volume,165,,set to NULL; outside every treatment target-category window
DQ-001935,rx_claims_monthly.csv,missing_rx_volume,hcp_id=1541422121|month=2024-10|ndc_category=CV_ANTICOAG_ORAL,rx_volume,143,,set to NULL; outside every treatment target-category window
DQ-001936,rx_claims_monthly.csv,missing_rx_volume,hcp_id=1105435741|month=2023-11|ndc_category=METABOLIC_GLP1_INJ,rx_volume,82,,set to NULL; outside every treatment target-category window
DQ-001937,rx_claims_monthly.csv,missing_rx_volume,hcp_id=1630483653|month=2024-04|ndc_category=METABOLIC_GLP1_INJ,rx_volume,166,,set to NULL; outside every treatment target-category window
DQ-001938,rx_claims_monthly.csv,missing_rx_volume,hcp_id=1553755327|month=2025-01|ndc_category=METABOLIC_GLP1_INJ,rx_volume,133,,set to NULL; outside every treatment target-category window
DQ-001939,rx_claims_monthly.csv,missing_rx_volume,hcp_id=1357524945|month=2023-04|ndc_category=CV_ANTICOAG_ORAL,rx_volume,131,,set to NULL; outside every treatment target-category window
DQ-001940,rx_claims_monthly.csv,missing_rx_volume,hcp_id=1411375466|month=2023-01|ndc_category=METABOLIC_GLP1_INJ,rx_volume,69,,set to NULL; outside every treatment target-category window
DQ-001941,rx_claims_monthly.csv,missing_rx_volume,hcp_id=1821714619|month=2025-03|ndc_category=NEURO_MIGRAINE_CGRP,rx_volume,81,,set to NULL; outside every treatment target-category window
DQ-001942,rx_claims_monthly.csv,missing_rx_volume,hcp_id=1205576824|month=2024-02|ndc_category=CV_ANTICOAG_ORAL,rx_volume,64,,set to NULL; outside every treatment target-category window
DQ-001943,rx_claims_monthly.csv,missing_rx_volume,hcp_id=1701585576|month=2024-08|ndc_category=METABOLIC_GLP1_INJ,rx_volume,155,,set to NULL; outside every treatment target-category window
DQ-001944,rx_claims_monthly.csv,missing_rx_volume,hcp_id=1061387373|month=2023-11|ndc_category=ONC_TARGETED_ORAL,rx_volume,57,,set to NULL; outside every treatment target-category window
DQ-001945,rx_claims_monthly.csv,missing_rx_volume,hcp_id=1279507085|month=2022-12|ndc_category=METABOLIC_GLP1_INJ,rx_volume,132,,set to NULL; outside every treatment target-category window
DQ-001946,rx_claims_monthly.csv,missing_rx_volume,hcp_id=1922670785|month=2024-07|ndc_category=CV_ANTICOAG_ORAL,rx_volume,473,,set to NULL; outside every treatment target-category window
DQ-001947,rx_claims_monthly.csv,missing_rx_volume,hcp_id=1568842342|month=2023-04|ndc_category=ENDO_BASAL_INSULIN,rx_volume,187,,set to NULL; outside every treatment target-category window
DQ-001948,rx_claims_monthly.csv,missing_rx_volume,hcp_id=1897724641|month=2024-02|ndc_category=PC_ANTIHYPERTENSIVE,rx_volume,196,,set to NULL; outside every treatment target-category window
DQ-001949,rx_claims_monthly.csv,missing_rx_volume,hcp_id=1913683516|month=2023-10|ndc_category=CV_ANTICOAG_ORAL,rx_volume,139,,set to NULL; outside every treatment target-category window
DQ-001950,rx_claims_monthly.csv,missing_rx_volume,hcp_id=1299832539|month=2023-09|ndc_category=METABOLIC_GLP1_INJ,rx_volume,50,,set to NULL; outside every treatment target-category window
DQ-001951,rx_claims_monthly.csv,missing_rx_volume,hcp_id=1246818524|month=2023-06|ndc_category=METABOLIC_GLP1_INJ,rx_volume,55,,set to NULL; outside every treatment target-category window
DQ-001952,rx_claims_monthly.csv,missing_rx_volume,hcp_id=1149313383|month=2024-08|ndc_category=PULM_ICS_LABA_INH,rx_volume,92,,set to NULL; outside every treatment target-category window
DQ-001953,rx_claims_monthly.csv,missing_rx_volume,hcp_id=1221260676|month=2024-12|ndc_category=METABOLIC_GLP1_INJ,rx_volume,386,,set to NULL; outside every treatment target-category window
DQ-001954,rx_claims_monthly.csv,missing_rx_volume,hcp_id=1214210316|month=2025-02|ndc_category=CV_ANTICOAG_ORAL,rx_volume,63,,set to NULL; outside every treatment target-category window
DQ-001955,rx_claims_monthly.csv,missing_rx_volume,hcp_id=1234985764|month=2024-05|ndc_category=ENDO_BASAL_INSULIN,rx_volume,191,,set to NULL; outside every treatment target-category window
DQ-001956,rx_claims_monthly.csv,missing_rx_volume,hcp_id=1221582384|month=2025-10|ndc_category=METABOLIC_GLP1_INJ,rx_volume,710,,set to NULL; outside every treatment target-category window
DQ-001957,rx_claims_monthly.csv,missing_rx_volume,hcp_id=1599989245|month=2023-12|ndc_category=ONC_TARGETED_ORAL,rx_volume,268,,set to NULL; outside every treatment target-category window
DQ-001958,rx_claims_monthly.csv,missing_rx_volume,hcp_id=1250670316|month=2024-02|ndc_category=METABOLIC_GLP1_INJ,rx_volume,331,,set to NULL; outside every treatment target-category window
DQ-001959,rx_claims_monthly.csv,missing_rx_volume,hcp_id=1672904236|month=2023-09|ndc_category=METABOLIC_GLP1_INJ,rx_volume,134,,set to NULL; outside every treatment target-category window
DQ-001960,rx_claims_monthly.csv,missing_rx_volume,hcp_id=1479078465|month=2023-10|ndc_category=PC_ANTIHYPERTENSIVE,rx_volume,145,,set to NULL; outside every treatment target-category window
DQ-001961,rx_claims_monthly.csv,missing_rx_volume,hcp_id=1216532808|month=2024-06|ndc_category=CV_ANTICOAG_ORAL,rx_volume,65,,set to NULL; outside every treatment target-category window
DQ-001962,rx_claims_monthly.csv,missing_rx_volume,hcp_id=1332815285|month=2025-02|ndc_category=NEURO_MIGRAINE_CGRP,rx_volume,175,,set to NULL; outside every treatment target-category window
DQ-001963,rx_claims_monthly.csv,missing_rx_volume,hcp_id=1897724641|month=2023-05|ndc_category=CV_ANTICOAG_ORAL,rx_volume,157,,set to NULL; outside every treatment target-category window
DQ-001964,rx_claims_monthly.csv,missing_rx_volume,hcp_id=1922102391|month=2024-09|ndc_category=METABOLIC_GLP1_INJ,rx_volume,76,,set to NULL; outside every treatment target-category window
DQ-001965,rx_claims_monthly.csv,missing_rx_volume,hcp_id=1178533166|month=2023-06|ndc_category=CV_ANTICOAG_ORAL,rx_volume,125,,set to NULL; outside every treatment target-category window
DQ-001966,rx_claims_monthly.csv,missing_rx_volume,hcp_id=1455591119|month=2024-09|ndc_category=CV_ANTICOAG_ORAL,rx_volume,86,,set to NULL; outside every treatment target-category window
DQ-001967,rx_claims_monthly.csv,missing_rx_volume,hcp_id=1109634414|month=2025-06|ndc_category=CV_ANTICOAG_ORAL,rx_volume,170,,set to NULL; outside every treatment target-category window
DQ-001968,rx_claims_monthly.csv,missing_rx_volume,hcp_id=1249657408|month=2024-09|ndc_category=METABOLIC_GLP1_INJ,rx_volume,197,,set to NULL; outside every treatment target-category window
DQ-001969,rx_claims_monthly.csv,missing_rx_volume,hcp_id=1590337907|month=2025-03|ndc_category=CV_ANTICOAG_ORAL,rx_volume,362,,set to NULL; outside every treatment target-category window
DQ-001970,rx_claims_monthly.csv,missing_rx_volume,hcp_id=1489067862|month=2025-01|ndc_category=CV_ANTICOAG_ORAL,rx_volume,124,,set to NULL; outside every treatment target-category window
DQ-001971,rx_claims_monthly.csv,missing_rx_volume,hcp_id=1479078465|month=2025-04|ndc_category=PC_ANTIHYPERTENSIVE,rx_volume,151,,set to NULL; outside every treatment target-category window
DQ-001972,rx_claims_monthly.csv,missing_rx_volume,hcp_id=1765149178|month=2024-11|ndc_category=METABOLIC_GLP1_INJ,rx_volume,60,,set to NULL; outside every treatment target-category window
DQ-001973,rx_claims_monthly.csv,missing_rx_volume,hcp_id=1714292012|month=2025-02|ndc_category=CV_ANTICOAG_ORAL,rx_volume,301,,set to NULL; outside every treatment target-category window
DQ-001974,rx_claims_monthly.csv,missing_rx_volume,hcp_id=1124726435|month=2023-11|ndc_category=METABOLIC_GLP1_INJ,rx_volume,555,,set to NULL; outside every treatment target-category window
DQ-001975,rx_claims_monthly.csv,missing_rx_volume,hcp_id=1297391371|month=2024-01|ndc_category=CV_ANTICOAG_ORAL,rx_volume,116,,set to NULL; outside every treatment target-category window
DQ-001976,rx_claims_monthly.csv,missing_rx_volume,hcp_id=1389159553|month=2025-07|ndc_category=PC_ANTIHYPERTENSIVE,rx_volume,335,,set to NULL; outside every treatment target-category window
DQ-001977,rx_claims_monthly.csv,missing_rx_volume,hcp_id=1896554999|month=2024-01|ndc_category=PC_ANTIHYPERTENSIVE,rx_volume,575,,set to NULL; outside every treatment target-category window
DQ-001978,rx_claims_monthly.csv,missing_rx_volume,hcp_id=1812123887|month=2023-12|ndc_category=METABOLIC_GLP1_INJ,rx_volume,113,,set to NULL; outside every treatment target-category window
DQ-001979,rx_claims_monthly.csv,missing_rx_volume,hcp_id=1815807585|month=2025-08|ndc_category=METABOLIC_GLP1_INJ,rx_volume,566,,set to NULL; outside every treatment target-category window
DQ-001980,rx_claims_monthly.csv,missing_rx_volume,hcp_id=1109634414|month=2022-12|ndc_category=METABOLIC_GLP1_INJ,rx_volume,126,,set to NULL; outside every treatment target-category window
DQ-001981,rx_claims_monthly.csv,missing_rx_volume,hcp_id=1969914385|month=2025-02|ndc_category=METABOLIC_GLP1_INJ,rx_volume,34,,set to NULL; outside every treatment target-category window
DQ-001982,rx_claims_monthly.csv,missing_rx_volume,hcp_id=1087671156|month=2024-06|ndc_category=CV_ANTICOAG_ORAL,rx_volume,41,,set to NULL; outside every treatment target-category window
DQ-001983,rx_claims_monthly.csv,missing_rx_volume,hcp_id=1523681389|month=2025-05|ndc_category=METABOLIC_GLP1_INJ,rx_volume,397,,set to NULL; outside every treatment target-category window
DQ-001984,rx_claims_monthly.csv,missing_rx_volume,hcp_id=1533003293|month=2024-01|ndc_category=METABOLIC_GLP1_INJ,rx_volume,143,,set to NULL; outside every treatment target-category window
DQ-001985,rx_claims_monthly.csv,missing_rx_volume,hcp_id=1075693709|month=2024-10|ndc_category=METABOLIC_GLP1_INJ,rx_volume,520,,set to NULL; outside every treatment target-category window
DQ-001986,rx_claims_monthly.csv,missing_rx_volume,hcp_id=1727100020|month=2024-12|ndc_category=METABOLIC_GLP1_INJ,rx_volume,504,,set to NULL; outside every treatment target-category window
DQ-001987,rx_claims_monthly.csv,missing_rx_volume,hcp_id=1101142523|month=2023-01|ndc_category=PC_ANTIHYPERTENSIVE,rx_volume,91,,set to NULL; outside every treatment target-category window
DQ-001988,rx_claims_monthly.csv,missing_rx_volume,hcp_id=1309371148|month=2025-02|ndc_category=NEURO_MIGRAINE_CGRP,rx_volume,255,,set to NULL; outside every treatment target-category window
DQ-001989,rx_claims_monthly.csv,missing_rx_volume,hcp_id=1402958817|month=2023-01|ndc_category=RHEUM_JAK_ORAL,rx_volume,356,,set to NULL; outside every treatment target-category window
DQ-001990,rx_claims_monthly.csv,missing_rx_volume,hcp_id=1020833996|month=2024-06|ndc_category=NEURO_MIGRAINE_CGRP,rx_volume,234,,set to NULL; outside every treatment target-category window
DQ-001991,rx_claims_monthly.csv,missing_rx_volume,hcp_id=1134089733|month=2024-07|ndc_category=METABOLIC_GLP1_INJ,rx_volume,127,,set to NULL; outside every treatment target-category window
DQ-001992,rx_claims_monthly.csv,missing_rx_volume,hcp_id=1849328657|month=2025-09|ndc_category=CV_ANTICOAG_ORAL,rx_volume,78,,set to NULL; outside every treatment target-category window
DQ-001993,rx_claims_monthly.csv,missing_rx_volume,hcp_id=1713731663|month=2023-12|ndc_category=METABOLIC_GLP1_INJ,rx_volume,205,,set to NULL; outside every treatment target-category window
DQ-001994,rx_claims_monthly.csv,missing_rx_volume,hcp_id=1706645516|month=2023-02|ndc_category=METABOLIC_GLP1_INJ,rx_volume,74,,set to NULL; outside every treatment target-category window
DQ-001995,rx_claims_monthly.csv,missing_rx_volume,hcp_id=1706645516|month=2025-07|ndc_category=CV_ANTICOAG_ORAL,rx_volume,69,,set to NULL; outside every treatment target-category window
DQ-001996,rx_claims_monthly.csv,missing_rx_volume,hcp_id=1803461205|month=2025-03|ndc_category=METABOLIC_GLP1_INJ,rx_volume,26,,set to NULL; outside every treatment target-category window
DQ-001997,rx_claims_monthly.csv,missing_rx_volume,hcp_id=1356707665|month=2023-02|ndc_category=METABOLIC_GLP1_INJ,rx_volume,102,,set to NULL; outside every treatment target-category window
DQ-001998,rx_claims_monthly.csv,missing_rx_volume,hcp_id=1616066910|month=2024-09|ndc_category=RHEUM_JAK_ORAL,rx_volume,236,,set to NULL; outside every treatment target-category window
DQ-001999,rx_claims_monthly.csv,missing_rx_volume,hcp_id=1848624494|month=2023-02|ndc_category=PC_ANTIHYPERTENSIVE,rx_volume,281,,set to NULL; outside every treatment target-category window
DQ-002000,rx_claims_monthly.csv,missing_rx_volume,hcp_id=1708639657|month=2025-03|ndc_category=ENDO_BASAL_INSULIN,rx_volume,172,,set to NULL; outside every treatment target-category window
DQ-002001,rx_claims_monthly.csv,missing_rx_volume,hcp_id=1352702876|month=2023-07|ndc_category=METABOLIC_GLP1_INJ,rx_volume,85,,set to NULL; outside every treatment target-category window
DQ-002002,rx_claims_monthly.csv,missing_rx_volume,hcp_id=1924221140|month=2025-05|ndc_category=RHEUM_JAK_ORAL,rx_volume,88,,set to NULL; outside every treatment target-category window
DQ-002003,rx_claims_monthly.csv,missing_rx_volume,hcp_id=1036718538|month=2024-04|ndc_category=METABOLIC_GLP1_INJ,rx_volume,45,,set to NULL; outside every treatment target-category window
DQ-002004,rx_claims_monthly.csv,missing_rx_volume,hcp_id=1976509970|month=2023-12|ndc_category=CV_ANTICOAG_ORAL,rx_volume,61,,set to NULL; outside every treatment target-category window
DQ-002005,rx_claims_monthly.csv,missing_rx_volume,hcp_id=1484424456|month=2024-11|ndc_category=RHEUM_JAK_ORAL,rx_volume,151,,set to NULL; outside every treatment target-category window
DQ-002006,rx_claims_monthly.csv,missing_rx_volume,hcp_id=1897724641|month=2025-02|ndc_category=CV_ANTICOAG_ORAL,rx_volume,160,,set to NULL; outside every treatment target-category window
DQ-002007,rx_claims_monthly.csv,missing_rx_volume,hcp_id=1010957193|month=2024-04|ndc_category=NEURO_MIGRAINE_CGRP,rx_volume,669,,set to NULL; outside every treatment target-category window
DQ-002008,rx_claims_monthly.csv,missing_rx_volume,hcp_id=1368009035|month=2023-10|ndc_category=METABOLIC_GLP1_INJ,rx_volume,86,,set to NULL; outside every treatment target-category window
DQ-002009,rx_claims_monthly.csv,missing_rx_volume,hcp_id=1757283357|month=2024-12|ndc_category=CV_ANTICOAG_ORAL,rx_volume,145,,set to NULL; outside every treatment target-category window
DQ-002010,rx_claims_monthly.csv,missing_rx_volume,hcp_id=1577953643|month=2025-04|ndc_category=METABOLIC_GLP1_INJ,rx_volume,41,,set to NULL; outside every treatment target-category window
DQ-002011,rx_claims_monthly.csv,missing_rx_volume,hcp_id=1569475654|month=2022-12|ndc_category=CV_ANTICOAG_ORAL,rx_volume,111,,set to NULL; outside every treatment target-category window
DQ-002012,rx_claims_monthly.csv,missing_rx_volume,hcp_id=1300832031|month=2025-04|ndc_category=CARD_HF_ARNI,rx_volume,191,,set to NULL; outside every treatment target-category window
DQ-002013,rx_claims_monthly.csv,missing_rx_volume,hcp_id=1381314644|month=2023-02|ndc_category=CV_ANTICOAG_ORAL,rx_volume,111,,set to NULL; outside every treatment target-category window
DQ-002014,rx_claims_monthly.csv,missing_rx_volume,hcp_id=1219831884|month=2023-05|ndc_category=CV_ANTICOAG_ORAL,rx_volume,132,,set to NULL; outside every treatment target-category window
DQ-002015,rx_claims_monthly.csv,missing_rx_volume,hcp_id=1292975558|month=2023-03|ndc_category=METABOLIC_GLP1_INJ,rx_volume,226,,set to NULL; outside every treatment target-category window
DQ-002016,rx_claims_monthly.csv,missing_rx_volume,hcp_id=1223523766|month=2023-07|ndc_category=METABOLIC_GLP1_INJ,rx_volume,112,,set to NULL; outside every treatment target-category window
DQ-002017,rx_claims_monthly.csv,missing_rx_volume,hcp_id=1895078685|month=2025-01|ndc_category=CV_ANTICOAG_ORAL,rx_volume,457,,set to NULL; outside every treatment target-category window
DQ-002018,rx_claims_monthly.csv,missing_rx_volume,hcp_id=1804484495|month=2025-07|ndc_category=PC_ANTIHYPERTENSIVE,rx_volume,146,,set to NULL; outside every treatment target-category window
DQ-002019,rx_claims_monthly.csv,missing_rx_volume,hcp_id=1484162957|month=2025-01|ndc_category=METABOLIC_GLP1_INJ,rx_volume,123,,set to NULL; outside every treatment target-category window
DQ-002020,rx_claims_monthly.csv,missing_rx_volume,hcp_id=1355374483|month=2024-12|ndc_category=CV_ANTICOAG_ORAL,rx_volume,355,,set to NULL; outside every treatment target-category window
DQ-002021,rx_claims_monthly.csv,missing_rx_volume,hcp_id=1464676570|month=2025-03|ndc_category=CV_ANTICOAG_ORAL,rx_volume,129,,set to NULL; outside every treatment target-category window
DQ-002022,rx_claims_monthly.csv,missing_rx_volume,hcp_id=1993463169|month=2023-12|ndc_category=METABOLIC_GLP1_INJ,rx_volume,255,,set to NULL; outside every treatment target-category window
DQ-002023,rx_claims_monthly.csv,missing_rx_volume,hcp_id=1218757361|month=2023-07|ndc_category=METABOLIC_GLP1_INJ,rx_volume,311,,set to NULL; outside every treatment target-category window
DQ-002024,rx_claims_monthly.csv,missing_rx_volume,hcp_id=1976707814|month=2024-01|ndc_category=CV_ANTICOAG_ORAL,rx_volume,108,,set to NULL; outside every treatment target-category window
DQ-002025,rx_claims_monthly.csv,missing_rx_volume,hcp_id=1693013389|month=2024-11|ndc_category=CARD_HF_ARNI,rx_volume,550,,set to NULL; outside every treatment target-category window
DQ-002026,rx_claims_monthly.csv,missing_rx_volume,hcp_id=1908168895|month=2025-04|ndc_category=METABOLIC_GLP1_INJ,rx_volume,214,,set to NULL; outside every treatment target-category window
DQ-002027,rx_claims_monthly.csv,missing_rx_volume,hcp_id=1121962926|month=2023-01|ndc_category=CV_ANTICOAG_ORAL,rx_volume,230,,set to NULL; outside every treatment target-category window
DQ-002028,rx_claims_monthly.csv,missing_rx_volume,hcp_id=1880040971|month=2023-07|ndc_category=ONC_TARGETED_ORAL,rx_volume,141,,set to NULL; outside every treatment target-category window
DQ-002029,rx_claims_monthly.csv,missing_rx_volume,hcp_id=1175085277|month=2023-08|ndc_category=METABOLIC_GLP1_INJ,rx_volume,83,,set to NULL; outside every treatment target-category window
DQ-002030,rx_claims_monthly.csv,missing_rx_volume,hcp_id=1019230758|month=2023-06|ndc_category=CV_ANTICOAG_ORAL,rx_volume,112,,set to NULL; outside every treatment target-category window
DQ-002031,rx_claims_monthly.csv,missing_rx_volume,hcp_id=1408074957|month=2023-08|ndc_category=PULM_ICS_LABA_INH,rx_volume,520,,set to NULL; outside every treatment target-category window
DQ-002032,rx_claims_monthly.csv,missing_rx_volume,hcp_id=1362616959|month=2024-11|ndc_category=METABOLIC_GLP1_INJ,rx_volume,45,,set to NULL; outside every treatment target-category window
DQ-002033,rx_claims_monthly.csv,missing_rx_volume,hcp_id=1935314678|month=2025-10|ndc_category=METABOLIC_GLP1_INJ,rx_volume,179,,set to NULL; outside every treatment target-category window
DQ-002034,rx_claims_monthly.csv,missing_rx_volume,hcp_id=1407459696|month=2025-10|ndc_category=METABOLIC_GLP1_INJ,rx_volume,23,,set to NULL; outside every treatment target-category window
DQ-002035,rx_claims_monthly.csv,missing_rx_volume,hcp_id=1246448348|month=2025-06|ndc_category=METABOLIC_GLP1_INJ,rx_volume,345,,set to NULL; outside every treatment target-category window
DQ-002036,rx_claims_monthly.csv,missing_rx_volume,hcp_id=1224230882|month=2024-12|ndc_category=CV_ANTICOAG_ORAL,rx_volume,145,,set to NULL; outside every treatment target-category window
DQ-002037,rx_claims_monthly.csv,missing_rx_volume,hcp_id=1697855363|month=2023-09|ndc_category=CV_ANTICOAG_ORAL,rx_volume,260,,set to NULL; outside every treatment target-category window
DQ-002038,rx_claims_monthly.csv,missing_rx_volume,hcp_id=1388802401|month=2024-03|ndc_category=CV_ANTICOAG_ORAL,rx_volume,379,,set to NULL; outside every treatment target-category window
DQ-002039,rx_claims_monthly.csv,missing_rx_volume,hcp_id=1046736322|month=2023-04|ndc_category=PC_ANTIHYPERTENSIVE,rx_volume,199,,set to NULL; outside every treatment target-category window
DQ-002040,rx_claims_monthly.csv,missing_rx_volume,hcp_id=1124905880|month=2024-06|ndc_category=CV_ANTICOAG_ORAL,rx_volume,590,,set to NULL; outside every treatment target-category window
DQ-002041,rx_claims_monthly.csv,missing_rx_volume,hcp_id=1423753536|month=2024-04|ndc_category=METABOLIC_GLP1_INJ,rx_volume,103,,set to NULL; outside every treatment target-category window
DQ-002042,rx_claims_monthly.csv,missing_rx_volume,hcp_id=1761262934|month=2024-05|ndc_category=CV_ANTICOAG_ORAL,rx_volume,184,,set to NULL; outside every treatment target-category window
DQ-002043,rx_claims_monthly.csv,missing_rx_volume,hcp_id=1508064668|month=2024-04|ndc_category=CV_ANTICOAG_ORAL,rx_volume,79,,set to NULL; outside every treatment target-category window
DQ-002044,rx_claims_monthly.csv,missing_rx_volume,hcp_id=1854727892|month=2023-05|ndc_category=METABOLIC_GLP1_INJ,rx_volume,67,,set to NULL; outside every treatment target-category window
DQ-002045,rx_claims_monthly.csv,missing_rx_volume,hcp_id=1220405058|month=2023-03|ndc_category=CV_ANTICOAG_ORAL,rx_volume,515,,set to NULL; outside every treatment target-category window
DQ-002046,rx_claims_monthly.csv,missing_rx_volume,hcp_id=1148541752|month=2023-01|ndc_category=ENDO_BASAL_INSULIN,rx_volume,622,,set to NULL; outside every treatment target-category window
DQ-002047,rx_claims_monthly.csv,missing_rx_volume,hcp_id=1645233598|month=2023-02|ndc_category=METABOLIC_GLP1_INJ,rx_volume,269,,set to NULL; outside every treatment target-category window
DQ-002048,rx_claims_monthly.csv,missing_rx_volume,hcp_id=1766730505|month=2023-02|ndc_category=CV_ANTICOAG_ORAL,rx_volume,123,,set to NULL; outside every treatment target-category window
DQ-002049,rx_claims_monthly.csv,missing_rx_volume,hcp_id=1707917476|month=2025-09|ndc_category=METABOLIC_GLP1_INJ,rx_volume,34,,set to NULL; outside every treatment target-category window
DQ-002050,rx_claims_monthly.csv,missing_rx_volume,hcp_id=1735062055|month=2024-06|ndc_category=CV_ANTICOAG_ORAL,rx_volume,131,,set to NULL; outside every treatment target-category window
DQ-002051,rx_claims_monthly.csv,missing_rx_volume,hcp_id=1384158410|month=2024-07|ndc_category=ONC_TARGETED_ORAL,rx_volume,327,,set to NULL; outside every treatment target-category window
DQ-002052,rx_claims_monthly.csv,missing_rx_volume,hcp_id=1260690478|month=2023-05|ndc_category=METABOLIC_GLP1_INJ,rx_volume,73,,set to NULL; outside every treatment target-category window
DQ-002053,rx_claims_monthly.csv,missing_rx_volume,hcp_id=1740047711|month=2024-05|ndc_category=PC_ANTIHYPERTENSIVE,rx_volume,295,,set to NULL; outside every treatment target-category window
DQ-002054,rx_claims_monthly.csv,missing_rx_volume,hcp_id=1875967568|month=2023-03|ndc_category=CV_ANTICOAG_ORAL,rx_volume,148,,set to NULL; outside every treatment target-category window
DQ-002055,rx_claims_monthly.csv,missing_rx_volume,hcp_id=1080136264|month=2024-12|ndc_category=PC_ANTIHYPERTENSIVE,rx_volume,537,,set to NULL; outside every treatment target-category window
DQ-002056,rx_claims_monthly.csv,missing_rx_volume,hcp_id=1189769080|month=2023-09|ndc_category=PC_ANTIHYPERTENSIVE,rx_volume,379,,set to NULL; outside every treatment target-category window
DQ-002057,rx_claims_monthly.csv,missing_rx_volume,hcp_id=1693072195|month=2025-04|ndc_category=ENDO_BASAL_INSULIN,rx_volume,427,,set to NULL; outside every treatment target-category window
DQ-002058,rx_claims_monthly.csv,missing_rx_volume,hcp_id=1531018426|month=2025-10|ndc_category=PULM_ICS_LABA_INH,rx_volume,276,,set to NULL; outside every treatment target-category window
DQ-002059,rx_claims_monthly.csv,missing_rx_volume,hcp_id=1222151080|month=2023-09|ndc_category=RHEUM_JAK_ORAL,rx_volume,92,,set to NULL; outside every treatment target-category window
DQ-002060,rx_claims_monthly.csv,missing_rx_volume,hcp_id=1389574017|month=2023-12|ndc_category=PULM_ICS_LABA_INH,rx_volume,247,,set to NULL; outside every treatment target-category window
DQ-002061,rx_claims_monthly.csv,missing_rx_volume,hcp_id=1333393084|month=2023-11|ndc_category=CV_ANTICOAG_ORAL,rx_volume,97,,set to NULL; outside every treatment target-category window
DQ-002062,rx_claims_monthly.csv,missing_rx_volume,hcp_id=1971977354|month=2023-01|ndc_category=METABOLIC_GLP1_INJ,rx_volume,55,,set to NULL; outside every treatment target-category window
DQ-002063,rx_claims_monthly.csv,missing_rx_volume,hcp_id=1240190284|month=2024-08|ndc_category=CV_ANTICOAG_ORAL,rx_volume,158,,set to NULL; outside every treatment target-category window
DQ-002064,rx_claims_monthly.csv,missing_rx_volume,hcp_id=1025978341|month=2024-11|ndc_category=ENDO_BASAL_INSULIN,rx_volume,516,,set to NULL; outside every treatment target-category window
DQ-002065,rx_claims_monthly.csv,missing_rx_volume,hcp_id=1187084813|month=2025-03|ndc_category=RHEUM_JAK_ORAL,rx_volume,329,,set to NULL; outside every treatment target-category window
DQ-002066,rx_claims_monthly.csv,missing_rx_volume,hcp_id=1121962926|month=2024-03|ndc_category=CV_ANTICOAG_ORAL,rx_volume,305,,set to NULL; outside every treatment target-category window
DQ-002067,rx_claims_monthly.csv,missing_rx_volume,hcp_id=1630629040|month=2025-10|ndc_category=CV_ANTICOAG_ORAL,rx_volume,165,,set to NULL; outside every treatment target-category window
DQ-002068,rx_claims_monthly.csv,missing_rx_volume,hcp_id=1101185407|month=2024-02|ndc_category=PC_ANTIHYPERTENSIVE,rx_volume,659,,set to NULL; outside every treatment target-category window
DQ-002069,rx_claims_monthly.csv,missing_rx_volume,hcp_id=1251411553|month=2023-02|ndc_category=METABOLIC_GLP1_INJ,rx_volume,55,,set to NULL; outside every treatment target-category window
DQ-002070,rx_claims_monthly.csv,missing_rx_volume,hcp_id=1546151204|month=2024-03|ndc_category=METABOLIC_GLP1_INJ,rx_volume,298,,set to NULL; outside every treatment target-category window
DQ-002071,rx_claims_monthly.csv,missing_rx_volume,hcp_id=1407902521|month=2023-09|ndc_category=CV_ANTICOAG_ORAL,rx_volume,97,,set to NULL; outside every treatment target-category window
DQ-002072,rx_claims_monthly.csv,missing_rx_volume,hcp_id=1900401815|month=2024-11|ndc_category=ENDO_BASAL_INSULIN,rx_volume,260,,set to NULL; outside every treatment target-category window
DQ-002073,rx_claims_monthly.csv,missing_rx_volume,hcp_id=1987092370|month=2024-05|ndc_category=CV_ANTICOAG_ORAL,rx_volume,101,,set to NULL; outside every treatment target-category window
DQ-002074,rx_claims_monthly.csv,missing_rx_volume,hcp_id=1917761615|month=2024-07|ndc_category=NEURO_MIGRAINE_CGRP,rx_volume,413,,set to NULL; outside every treatment target-category window
DQ-002075,rx_claims_monthly.csv,missing_rx_volume,hcp_id=1219831884|month=2023-08|ndc_category=METABOLIC_GLP1_INJ,rx_volume,416,,set to NULL; outside every treatment target-category window
DQ-002076,rx_claims_monthly.csv,missing_rx_volume,hcp_id=1154629764|month=2025-03|ndc_category=METABOLIC_GLP1_INJ,rx_volume,39,,set to NULL; outside every treatment target-category window
DQ-002077,rx_claims_monthly.csv,missing_rx_volume,hcp_id=1261377760|month=2025-05|ndc_category=METABOLIC_GLP1_INJ,rx_volume,236,,set to NULL; outside every treatment target-category window
DQ-002078,rx_claims_monthly.csv,missing_rx_volume,hcp_id=1713519829|month=2024-02|ndc_category=METABOLIC_GLP1_INJ,rx_volume,109,,set to NULL; outside every treatment target-category window
DQ-002079,rx_claims_monthly.csv,missing_rx_volume,hcp_id=1645013610|month=2023-09|ndc_category=METABOLIC_GLP1_INJ,rx_volume,52,,set to NULL; outside every treatment target-category window
DQ-002080,rx_claims_monthly.csv,missing_rx_volume,hcp_id=1046736322|month=2024-01|ndc_category=METABOLIC_GLP1_INJ,rx_volume,354,,set to NULL; outside every treatment target-category window
DQ-002081,rx_claims_monthly.csv,missing_rx_volume,hcp_id=1041494554|month=2023-10|ndc_category=METABOLIC_GLP1_INJ,rx_volume,139,,set to NULL; outside every treatment target-category window
DQ-002082,rx_claims_monthly.csv,missing_rx_volume,hcp_id=1832506087|month=2025-07|ndc_category=METABOLIC_GLP1_INJ,rx_volume,1122,,set to NULL; outside every treatment target-category window
DQ-002083,rx_claims_monthly.csv,missing_rx_volume,hcp_id=1679813331|month=2023-11|ndc_category=PULM_ICS_LABA_INH,rx_volume,151,,set to NULL; outside every treatment target-category window
DQ-002084,rx_claims_monthly.csv,missing_rx_volume,hcp_id=1534502129|month=2025-02|ndc_category=PC_ANTIHYPERTENSIVE,rx_volume,191,,set to NULL; outside every treatment target-category window
DQ-002085,rx_claims_monthly.csv,missing_rx_volume,hcp_id=1111217703|month=2024-10|ndc_category=ONC_TARGETED_ORAL,rx_volume,47,,set to NULL; outside every treatment target-category window
DQ-002086,rx_claims_monthly.csv,missing_rx_volume,hcp_id=1724378447|month=2024-10|ndc_category=CV_ANTICOAG_ORAL,rx_volume,45,,set to NULL; outside every treatment target-category window
DQ-002087,rx_claims_monthly.csv,missing_rx_volume,hcp_id=1739712036|month=2025-05|ndc_category=RHEUM_JAK_ORAL,rx_volume,148,,set to NULL; outside every treatment target-category window
DQ-002088,rx_claims_monthly.csv,missing_rx_volume,hcp_id=1227780172|month=2024-11|ndc_category=METABOLIC_GLP1_INJ,rx_volume,207,,set to NULL; outside every treatment target-category window
DQ-002089,rx_claims_monthly.csv,missing_rx_volume,hcp_id=1534502129|month=2025-03|ndc_category=METABOLIC_GLP1_INJ,rx_volume,86,,set to NULL; outside every treatment target-category window
DQ-002090,rx_claims_monthly.csv,missing_rx_volume,hcp_id=1478412079|month=2024-11|ndc_category=METABOLIC_GLP1_INJ,rx_volume,227,,set to NULL; outside every treatment target-category window
DQ-002091,rx_claims_monthly.csv,missing_rx_volume,hcp_id=1917761615|month=2025-03|ndc_category=METABOLIC_GLP1_INJ,rx_volume,230,,set to NULL; outside every treatment target-category window
DQ-002092,rx_claims_monthly.csv,missing_rx_volume,hcp_id=1042224778|month=2023-06|ndc_category=METABOLIC_GLP1_INJ,rx_volume,308,,set to NULL; outside every treatment target-category window
DQ-002093,rx_claims_monthly.csv,missing_rx_volume,hcp_id=1892083019|month=2023-01|ndc_category=PC_ANTIHYPERTENSIVE,rx_volume,238,,set to NULL; outside every treatment target-category window
DQ-002094,rx_claims_monthly.csv,missing_rx_volume,hcp_id=1937526600|month=2025-05|ndc_category=ONC_TARGETED_ORAL,rx_volume,37,,set to NULL; outside every treatment target-category window
DQ-002095,rx_claims_monthly.csv,missing_rx_volume,hcp_id=1738916414|month=2023-03|ndc_category=CV_ANTICOAG_ORAL,rx_volume,222,,set to NULL; outside every treatment target-category window
DQ-002096,rx_claims_monthly.csv,missing_rx_volume,hcp_id=1377516020|month=2025-07|ndc_category=PC_ANTIHYPERTENSIVE,rx_volume,76,,set to NULL; outside every treatment target-category window
DQ-002097,rx_claims_monthly.csv,missing_rx_volume,hcp_id=1511022174|month=2024-12|ndc_category=METABOLIC_GLP1_INJ,rx_volume,154,,set to NULL; outside every treatment target-category window
DQ-002098,rx_claims_monthly.csv,missing_rx_volume,hcp_id=1295857761|month=2023-12|ndc_category=METABOLIC_GLP1_INJ,rx_volume,30,,set to NULL; outside every treatment target-category window
DQ-002099,rx_claims_monthly.csv,missing_rx_volume,hcp_id=1134509243|month=2025-01|ndc_category=METABOLIC_GLP1_INJ,rx_volume,400,,set to NULL; outside every treatment target-category window
DQ-002100,rx_claims_monthly.csv,missing_rx_volume,hcp_id=1761262934|month=2025-10|ndc_category=CV_ANTICOAG_ORAL,rx_volume,161,,set to NULL; outside every treatment target-category window
DQ-002101,rx_claims_monthly.csv,missing_rx_volume,hcp_id=1518550110|month=2025-02|ndc_category=METABOLIC_GLP1_INJ,rx_volume,377,,set to NULL; outside every treatment target-category window
DQ-002102,rx_claims_monthly.csv,missing_rx_volume,hcp_id=1404995171|month=2025-06|ndc_category=METABOLIC_GLP1_INJ,rx_volume,58,,set to NULL; outside every treatment target-category window
DQ-002103,rx_claims_monthly.csv,missing_rx_volume,hcp_id=1566070763|month=2023-01|ndc_category=PULM_ICS_LABA_INH,rx_volume,646,,set to NULL; outside every treatment target-category window
DQ-002104,rx_claims_monthly.csv,missing_rx_volume,hcp_id=1900401815|month=2023-03|ndc_category=CV_ANTICOAG_ORAL,rx_volume,213,,set to NULL; outside every treatment target-category window
DQ-002105,rx_claims_monthly.csv,missing_rx_volume,hcp_id=1546151204|month=2025-02|ndc_category=CV_ANTICOAG_ORAL,rx_volume,159,,set to NULL; outside every treatment target-category window
DQ-002106,rx_claims_monthly.csv,missing_rx_volume,hcp_id=1113023042|month=2023-02|ndc_category=METABOLIC_GLP1_INJ,rx_volume,54,,set to NULL; outside every treatment target-category window
DQ-002107,rx_claims_monthly.csv,missing_rx_volume,hcp_id=1429255973|month=2023-09|ndc_category=METABOLIC_GLP1_INJ,rx_volume,134,,set to NULL; outside every treatment target-category window
DQ-002108,rx_claims_monthly.csv,missing_rx_volume,hcp_id=1401670058|month=2025-01|ndc_category=METABOLIC_GLP1_INJ,rx_volume,54,,set to NULL; outside every treatment target-category window
DQ-002109,rx_claims_monthly.csv,missing_rx_volume,hcp_id=1516379264|month=2024-07|ndc_category=CV_ANTICOAG_ORAL,rx_volume,687,,set to NULL; outside every treatment target-category window
DQ-002110,rx_claims_monthly.csv,missing_rx_volume,hcp_id=1797940958|month=2024-10|ndc_category=METABOLIC_GLP1_INJ,rx_volume,128,,set to NULL; outside every treatment target-category window
DQ-002111,rx_claims_monthly.csv,missing_rx_volume,hcp_id=1237849298|month=2023-12|ndc_category=ONC_TARGETED_ORAL,rx_volume,73,,set to NULL; outside every treatment target-category window
DQ-002112,rx_claims_monthly.csv,missing_rx_volume,hcp_id=1830884742|month=2025-03|ndc_category=METABOLIC_GLP1_INJ,rx_volume,209,,set to NULL; outside every treatment target-category window
DQ-002113,rx_claims_monthly.csv,missing_rx_volume,hcp_id=1065674784|month=2023-03|ndc_category=CV_ANTICOAG_ORAL,rx_volume,185,,set to NULL; outside every treatment target-category window
DQ-002114,rx_claims_monthly.csv,missing_rx_volume,hcp_id=1150502551|month=2023-06|ndc_category=METABOLIC_GLP1_INJ,rx_volume,147,,set to NULL; outside every treatment target-category window
DQ-002115,rx_claims_monthly.csv,missing_rx_volume,hcp_id=1416644254|month=2024-01|ndc_category=METABOLIC_GLP1_INJ,rx_volume,57,,set to NULL; outside every treatment target-category window
DQ-002116,rx_claims_monthly.csv,missing_rx_volume,hcp_id=1834127445|month=2024-07|ndc_category=METABOLIC_GLP1_INJ,rx_volume,386,,set to NULL; outside every treatment target-category window
DQ-002117,rx_claims_monthly.csv,missing_rx_volume,hcp_id=1998699429|month=2023-12|ndc_category=RHEUM_JAK_ORAL,rx_volume,627,,set to NULL; outside every treatment target-category window
DQ-002118,rx_claims_monthly.csv,missing_rx_volume,hcp_id=1708639657|month=2023-05|ndc_category=CV_ANTICOAG_ORAL,rx_volume,111,,set to NULL; outside every treatment target-category window
DQ-002119,rx_claims_monthly.csv,missing_rx_volume,hcp_id=1237205202|month=2025-03|ndc_category=METABOLIC_GLP1_INJ,rx_volume,201,,set to NULL; outside every treatment target-category window
DQ-002120,rx_claims_monthly.csv,missing_rx_volume,hcp_id=1137408567|month=2024-01|ndc_category=METABOLIC_GLP1_INJ,rx_volume,327,,set to NULL; outside every treatment target-category window
DQ-002121,rx_claims_monthly.csv,missing_rx_volume,hcp_id=1773180629|month=2023-03|ndc_category=CV_ANTICOAG_ORAL,rx_volume,252,,set to NULL; outside every treatment target-category window
DQ-002122,rx_claims_monthly.csv,missing_rx_volume,hcp_id=1481179806|month=2024-07|ndc_category=METABOLIC_GLP1_INJ,rx_volume,212,,set to NULL; outside every treatment target-category window
DQ-002123,rx_claims_monthly.csv,missing_rx_volume,hcp_id=1909167417|month=2024-02|ndc_category=CV_ANTICOAG_ORAL,rx_volume,466,,set to NULL; outside every treatment target-category window
DQ-002124,rx_claims_monthly.csv,missing_rx_volume,hcp_id=1184426066|month=2025-09|ndc_category=CV_ANTICOAG_ORAL,rx_volume,27,,set to NULL; outside every treatment target-category window
DQ-002125,rx_claims_monthly.csv,missing_rx_volume,hcp_id=1075036339|month=2024-06|ndc_category=CV_ANTICOAG_ORAL,rx_volume,100,,set to NULL; outside every treatment target-category window
DQ-002126,rx_claims_monthly.csv,missing_rx_volume,hcp_id=1075693709|month=2025-02|ndc_category=CV_ANTICOAG_ORAL,rx_volume,531,,set to NULL; outside every treatment target-category window
DQ-002127,rx_claims_monthly.csv,missing_rx_volume,hcp_id=1980975555|month=2023-05|ndc_category=CV_ANTICOAG_ORAL,rx_volume,125,,set to NULL; outside every treatment target-category window
DQ-002128,rx_claims_monthly.csv,missing_rx_volume,hcp_id=1588179048|month=2025-04|ndc_category=METABOLIC_GLP1_INJ,rx_volume,53,,set to NULL; outside every treatment target-category window
DQ-002129,rx_claims_monthly.csv,missing_rx_volume,hcp_id=1814938340|month=2024-09|ndc_category=METABOLIC_GLP1_INJ,rx_volume,184,,set to NULL; outside every treatment target-category window
DQ-002130,rx_claims_monthly.csv,missing_rx_volume,hcp_id=1475353029|month=2025-07|ndc_category=CV_ANTICOAG_ORAL,rx_volume,164,,set to NULL; outside every treatment target-category window
DQ-002131,rx_claims_monthly.csv,missing_rx_volume,hcp_id=1200346587|month=2023-11|ndc_category=CV_ANTICOAG_ORAL,rx_volume,205,,set to NULL; outside every treatment target-category window
DQ-002132,rx_claims_monthly.csv,missing_rx_volume,hcp_id=1821424144|month=2023-12|ndc_category=METABOLIC_GLP1_INJ,rx_volume,152,,set to NULL; outside every treatment target-category window
DQ-002133,rx_claims_monthly.csv,missing_rx_volume,hcp_id=1624547729|month=2025-05|ndc_category=METABOLIC_GLP1_INJ,rx_volume,42,,set to NULL; outside every treatment target-category window
DQ-002134,rx_claims_monthly.csv,missing_rx_volume,hcp_id=1976038558|month=2024-11|ndc_category=CARD_HF_ARNI,rx_volume,331,,set to NULL; outside every treatment target-category window
DQ-002135,rx_claims_monthly.csv,missing_rx_volume,hcp_id=1897395806|month=2023-10|ndc_category=METABOLIC_GLP1_INJ,rx_volume,100,,set to NULL; outside every treatment target-category window
DQ-002136,rx_claims_monthly.csv,missing_rx_volume,hcp_id=1184426066|month=2025-07|ndc_category=CV_ANTICOAG_ORAL,rx_volume,22,,set to NULL; outside every treatment target-category window
DQ-002137,rx_claims_monthly.csv,missing_rx_volume,hcp_id=1390158669|month=2024-10|ndc_category=PULM_ICS_LABA_INH,rx_volume,77,,set to NULL; outside every treatment target-category window
DQ-002138,rx_claims_monthly.csv,missing_rx_volume,hcp_id=1429777182|month=2025-09|ndc_category=METABOLIC_GLP1_INJ,rx_volume,123,,set to NULL; outside every treatment target-category window
DQ-002139,rx_claims_monthly.csv,missing_rx_volume,hcp_id=1762971749|month=2023-12|ndc_category=CV_ANTICOAG_ORAL,rx_volume,158,,set to NULL; outside every treatment target-category window
DQ-002140,rx_claims_monthly.csv,missing_rx_volume,hcp_id=1879821175|month=2023-11|ndc_category=METABOLIC_GLP1_INJ,rx_volume,188,,set to NULL; outside every treatment target-category window
DQ-002141,rx_claims_monthly.csv,missing_rx_volume,hcp_id=1529873311|month=2024-06|ndc_category=NEURO_MIGRAINE_CGRP,rx_volume,135,,set to NULL; outside every treatment target-category window
DQ-002142,rx_claims_monthly.csv,missing_rx_volume,hcp_id=1885189138|month=2023-10|ndc_category=METABOLIC_GLP1_INJ,rx_volume,185,,set to NULL; outside every treatment target-category window
DQ-002143,rx_claims_monthly.csv,missing_rx_volume,hcp_id=1456937691|month=2025-07|ndc_category=CV_ANTICOAG_ORAL,rx_volume,68,,set to NULL; outside every treatment target-category window
DQ-002144,rx_claims_monthly.csv,missing_rx_volume,hcp_id=1147656700|month=2022-12|ndc_category=METABOLIC_GLP1_INJ,rx_volume,125,,set to NULL; outside every treatment target-category window
DQ-002145,rx_claims_monthly.csv,missing_rx_volume,hcp_id=1338119237|month=2025-09|ndc_category=PC_ANTIHYPERTENSIVE,rx_volume,709,,set to NULL; outside every treatment target-category window
DQ-002146,rx_claims_monthly.csv,missing_rx_volume,hcp_id=1050705288|month=2023-04|ndc_category=METABOLIC_GLP1_INJ,rx_volume,108,,set to NULL; outside every treatment target-category window
DQ-002147,rx_claims_monthly.csv,missing_rx_volume,hcp_id=1299832539|month=2025-02|ndc_category=METABOLIC_GLP1_INJ,rx_volume,43,,set to NULL; outside every treatment target-category window
DQ-002148,rx_claims_monthly.csv,missing_rx_volume,hcp_id=1901453930|month=2023-12|ndc_category=CV_ANTICOAG_ORAL,rx_volume,82,,set to NULL; outside every treatment target-category window
DQ-002149,rx_claims_monthly.csv,missing_rx_volume,hcp_id=1402934529|month=2024-01|ndc_category=METABOLIC_GLP1_INJ,rx_volume,111,,set to NULL; outside every treatment target-category window
DQ-002150,rx_claims_monthly.csv,missing_rx_volume,hcp_id=1548652282|month=2023-02|ndc_category=CV_ANTICOAG_ORAL,rx_volume,226,,set to NULL; outside every treatment target-category window
DQ-002151,rx_claims_monthly.csv,missing_rx_volume,hcp_id=1374281198|month=2023-04|ndc_category=METABOLIC_GLP1_INJ,rx_volume,36,,set to NULL; outside every treatment target-category window
DQ-002152,rx_claims_monthly.csv,missing_rx_volume,hcp_id=1732000645|month=2022-12|ndc_category=CARD_HF_ARNI,rx_volume,390,,set to NULL; outside every treatment target-category window
DQ-002153,rx_claims_monthly.csv,missing_rx_volume,hcp_id=1385532449|month=2025-07|ndc_category=METABOLIC_GLP1_INJ,rx_volume,444,,set to NULL; outside every treatment target-category window
DQ-002154,rx_claims_monthly.csv,missing_rx_volume,hcp_id=1723841155|month=2024-04|ndc_category=CV_ANTICOAG_ORAL,rx_volume,237,,set to NULL; outside every treatment target-category window
DQ-002155,rx_claims_monthly.csv,missing_rx_volume,hcp_id=1872102060|month=2023-01|ndc_category=METABOLIC_GLP1_INJ,rx_volume,77,,set to NULL; outside every treatment target-category window
DQ-002156,rx_claims_monthly.csv,missing_rx_volume,hcp_id=1614682395|month=2025-05|ndc_category=CV_ANTICOAG_ORAL,rx_volume,234,,set to NULL; outside every treatment target-category window
DQ-002157,rx_claims_monthly.csv,missing_rx_volume,hcp_id=1998699429|month=2023-05|ndc_category=RHEUM_JAK_ORAL,rx_volume,571,,set to NULL; outside every treatment target-category window
DQ-002158,rx_claims_monthly.csv,missing_rx_volume,hcp_id=1968340152|month=2025-02|ndc_category=METABOLIC_GLP1_INJ,rx_volume,298,,set to NULL; outside every treatment target-category window
DQ-002159,rx_claims_monthly.csv,missing_rx_volume,hcp_id=1220405058|month=2023-03|ndc_category=METABOLIC_GLP1_INJ,rx_volume,182,,set to NULL; outside every treatment target-category window
DQ-002160,rx_claims_monthly.csv,missing_rx_volume,hcp_id=1048976678|month=2025-03|ndc_category=CV_ANTICOAG_ORAL,rx_volume,439,,set to NULL; outside every treatment target-category window
DQ-002161,rx_claims_monthly.csv,missing_rx_volume,hcp_id=1912301342|month=2022-12|ndc_category=METABOLIC_GLP1_INJ,rx_volume,103,,set to NULL; outside every treatment target-category window
DQ-002162,rx_claims_monthly.csv,missing_rx_volume,hcp_id=1081031506|month=2024-03|ndc_category=CV_ANTICOAG_ORAL,rx_volume,124,,set to NULL; outside every treatment target-category window
DQ-002163,rx_claims_monthly.csv,missing_rx_volume,hcp_id=1827318308|month=2023-02|ndc_category=METABOLIC_GLP1_INJ,rx_volume,123,,set to NULL; outside every treatment target-category window
DQ-002164,rx_claims_monthly.csv,missing_rx_volume,hcp_id=1719186219|month=2024-08|ndc_category=CV_ANTICOAG_ORAL,rx_volume,143,,set to NULL; outside every treatment target-category window
DQ-002165,rx_claims_monthly.csv,missing_rx_volume,hcp_id=1058325303|month=2025-10|ndc_category=CV_ANTICOAG_ORAL,rx_volume,167,,set to NULL; outside every treatment target-category window
DQ-002166,rx_claims_monthly.csv,missing_rx_volume,hcp_id=1630483653|month=2024-07|ndc_category=CV_ANTICOAG_ORAL,rx_volume,667,,set to NULL; outside every treatment target-category window
DQ-002167,rx_claims_monthly.csv,missing_rx_volume,hcp_id=1138281740|month=2025-07|ndc_category=CV_ANTICOAG_ORAL,rx_volume,483,,set to NULL; outside every treatment target-category window
DQ-002168,rx_claims_monthly.csv,missing_rx_volume,hcp_id=1200437733|month=2023-10|ndc_category=METABOLIC_GLP1_INJ,rx_volume,67,,set to NULL; outside every treatment target-category window
DQ-002169,rx_claims_monthly.csv,missing_rx_volume,hcp_id=1767508967|month=2025-05|ndc_category=METABOLIC_GLP1_INJ,rx_volume,310,,set to NULL; outside every treatment target-category window
DQ-002170,rx_claims_monthly.csv,missing_rx_volume,hcp_id=1030235620|month=2025-05|ndc_category=PULM_ICS_LABA_INH,rx_volume,99,,set to NULL; outside every treatment target-category window
DQ-002171,rx_claims_monthly.csv,missing_rx_volume,hcp_id=1124726435|month=2025-07|ndc_category=METABOLIC_GLP1_INJ,rx_volume,1197,,set to NULL; outside every treatment target-category window
DQ-002172,rx_claims_monthly.csv,missing_rx_volume,hcp_id=1278315217|month=2023-02|ndc_category=CV_ANTICOAG_ORAL,rx_volume,94,,set to NULL; outside every treatment target-category window
DQ-002173,rx_claims_monthly.csv,missing_rx_volume,hcp_id=1138794031|month=2023-01|ndc_category=PULM_ICS_LABA_INH,rx_volume,222,,set to NULL; outside every treatment target-category window
DQ-002174,rx_claims_monthly.csv,missing_rx_volume,hcp_id=1491649715|month=2023-07|ndc_category=ENDO_BASAL_INSULIN,rx_volume,296,,set to NULL; outside every treatment target-category window
DQ-002175,rx_claims_monthly.csv,missing_rx_volume,hcp_id=1361512639|month=2024-04|ndc_category=CV_ANTICOAG_ORAL,rx_volume,242,,set to NULL; outside every treatment target-category window
DQ-002176,rx_claims_monthly.csv,missing_rx_volume,hcp_id=1795350721|month=2024-06|ndc_category=CV_ANTICOAG_ORAL,rx_volume,423,,set to NULL; outside every treatment target-category window
DQ-002177,rx_claims_monthly.csv,missing_rx_volume,hcp_id=1221582384|month=2024-10|ndc_category=CV_ANTICOAG_ORAL,rx_volume,447,,set to NULL; outside every treatment target-category window
DQ-002178,rx_claims_monthly.csv,missing_rx_volume,hcp_id=1995404856|month=2025-02|ndc_category=METABOLIC_GLP1_INJ,rx_volume,278,,set to NULL; outside every treatment target-category window
DQ-002179,rx_claims_monthly.csv,missing_rx_volume,hcp_id=1196400158|month=2025-05|ndc_category=CV_ANTICOAG_ORAL,rx_volume,64,,set to NULL; outside every treatment target-category window
DQ-002180,rx_claims_monthly.csv,missing_rx_volume,hcp_id=1847562299|month=2023-10|ndc_category=CV_ANTICOAG_ORAL,rx_volume,40,,set to NULL; outside every treatment target-category window
DQ-002181,rx_claims_monthly.csv,missing_rx_volume,hcp_id=1393791409|month=2025-07|ndc_category=METABOLIC_GLP1_INJ,rx_volume,137,,set to NULL; outside every treatment target-category window
DQ-002182,rx_claims_monthly.csv,missing_rx_volume,hcp_id=1449048093|month=2025-02|ndc_category=CV_ANTICOAG_ORAL,rx_volume,114,,set to NULL; outside every treatment target-category window
DQ-002183,rx_claims_monthly.csv,missing_rx_volume,hcp_id=1607660754|month=2023-02|ndc_category=METABOLIC_GLP1_INJ,rx_volume,71,,set to NULL; outside every treatment target-category window
DQ-002184,rx_claims_monthly.csv,missing_rx_volume,hcp_id=1971977354|month=2025-09|ndc_category=METABOLIC_GLP1_INJ,rx_volume,43,,set to NULL; outside every treatment target-category window
DQ-002185,rx_claims_monthly.csv,missing_rx_volume,hcp_id=1594466975|month=2023-08|ndc_category=CARD_HF_ARNI,rx_volume,320,,set to NULL; outside every treatment target-category window
DQ-002186,rx_claims_monthly.csv,missing_rx_volume,hcp_id=1475314641|month=2024-06|ndc_category=NEURO_MIGRAINE_CGRP,rx_volume,121,,set to NULL; outside every treatment target-category window
DQ-002187,rx_claims_monthly.csv,missing_rx_volume,hcp_id=1768225918|month=2023-12|ndc_category=ENDO_BASAL_INSULIN,rx_volume,366,,set to NULL; outside every treatment target-category window
DQ-002188,rx_claims_monthly.csv,missing_rx_volume,hcp_id=1028050239|month=2025-07|ndc_category=METABOLIC_GLP1_INJ,rx_volume,70,,set to NULL; outside every treatment target-category window
DQ-002189,rx_claims_monthly.csv,missing_rx_volume,hcp_id=1309748980|month=2024-11|ndc_category=METABOLIC_GLP1_INJ,rx_volume,52,,set to NULL; outside every treatment target-category window
DQ-002190,rx_claims_monthly.csv,missing_rx_volume,hcp_id=1772776476|month=2025-04|ndc_category=METABOLIC_GLP1_INJ,rx_volume,103,,set to NULL; outside every treatment target-category window
DQ-002191,rx_claims_monthly.csv,missing_rx_volume,hcp_id=1949931087|month=2025-05|ndc_category=RHEUM_JAK_ORAL,rx_volume,383,,set to NULL; outside every treatment target-category window
DQ-002192,rx_claims_monthly.csv,missing_rx_volume,hcp_id=1020829465|month=2025-06|ndc_category=ONC_TARGETED_ORAL,rx_volume,61,,set to NULL; outside every treatment target-category window
DQ-002193,rx_claims_monthly.csv,missing_rx_volume,hcp_id=1019230758|month=2023-01|ndc_category=NEURO_MIGRAINE_CGRP,rx_volume,216,,set to NULL; outside every treatment target-category window
DQ-002194,rx_claims_monthly.csv,missing_rx_volume,hcp_id=1867204764|month=2023-06|ndc_category=METABOLIC_GLP1_INJ,rx_volume,132,,set to NULL; outside every treatment target-category window
DQ-002195,rx_claims_monthly.csv,missing_rx_volume,hcp_id=1033490735|month=2024-11|ndc_category=PULM_ICS_LABA_INH,rx_volume,471,,set to NULL; outside every treatment target-category window
DQ-002196,rx_claims_monthly.csv,missing_rx_volume,hcp_id=1260690478|month=2023-07|ndc_category=RHEUM_JAK_ORAL,rx_volume,138,,set to NULL; outside every treatment target-category window
DQ-002197,rx_claims_monthly.csv,missing_rx_volume,hcp_id=1635581279|month=2024-12|ndc_category=CV_ANTICOAG_ORAL,rx_volume,499,,set to NULL; outside every treatment target-category window
DQ-002198,rx_claims_monthly.csv,missing_rx_volume,hcp_id=1767508967|month=2024-05|ndc_category=METABOLIC_GLP1_INJ,rx_volume,207,,set to NULL; outside every treatment target-category window
DQ-002199,rx_claims_monthly.csv,missing_rx_volume,hcp_id=1745601371|month=2023-01|ndc_category=CV_ANTICOAG_ORAL,rx_volume,64,,set to NULL; outside every treatment target-category window
DQ-002200,rx_claims_monthly.csv,missing_rx_volume,hcp_id=1058325303|month=2024-07|ndc_category=CV_ANTICOAG_ORAL,rx_volume,172,,set to NULL; outside every treatment target-category window
DQ-002201,rx_claims_monthly.csv,missing_rx_volume,hcp_id=1250474354|month=2025-05|ndc_category=METABOLIC_GLP1_INJ,rx_volume,42,,set to NULL; outside every treatment target-category window
DQ-002202,rx_claims_monthly.csv,missing_rx_volume,hcp_id=1213511599|month=2023-08|ndc_category=METABOLIC_GLP1_INJ,rx_volume,667,,set to NULL; outside every treatment target-category window
DQ-002203,rx_claims_monthly.csv,missing_rx_volume,hcp_id=1479680351|month=2023-09|ndc_category=PC_ANTIHYPERTENSIVE,rx_volume,215,,set to NULL; outside every treatment target-category window
DQ-002204,rx_claims_monthly.csv,missing_rx_volume,hcp_id=1848800052|month=2025-10|ndc_category=CARD_HF_ARNI,rx_volume,362,,set to NULL; outside every treatment target-category window
DQ-002205,rx_claims_monthly.csv,missing_rx_volume,hcp_id=1334793308|month=2024-09|ndc_category=NEURO_MIGRAINE_CGRP,rx_volume,120,,set to NULL; outside every treatment target-category window
DQ-002206,rx_claims_monthly.csv,missing_rx_volume,hcp_id=1875587127|month=2023-03|ndc_category=CV_ANTICOAG_ORAL,rx_volume,180,,set to NULL; outside every treatment target-category window
DQ-002207,rx_claims_monthly.csv,missing_rx_volume,hcp_id=1421582168|month=2025-02|ndc_category=CV_ANTICOAG_ORAL,rx_volume,178,,set to NULL; outside every treatment target-category window
DQ-002208,rx_claims_monthly.csv,missing_rx_volume,hcp_id=1857629178|month=2024-08|ndc_category=CV_ANTICOAG_ORAL,rx_volume,49,,set to NULL; outside every treatment target-category window
DQ-002209,rx_claims_monthly.csv,missing_rx_volume,hcp_id=1084471394|month=2024-10|ndc_category=METABOLIC_GLP1_INJ,rx_volume,261,,set to NULL; outside every treatment target-category window
DQ-002210,rx_claims_monthly.csv,missing_rx_volume,hcp_id=1457999534|month=2025-02|ndc_category=RHEUM_JAK_ORAL,rx_volume,107,,set to NULL; outside every treatment target-category window
DQ-002211,rx_claims_monthly.csv,missing_rx_volume,hcp_id=1456207657|month=2023-09|ndc_category=METABOLIC_GLP1_INJ,rx_volume,323,,set to NULL; outside every treatment target-category window
DQ-002212,rx_claims_monthly.csv,missing_rx_volume,hcp_id=1647700669|month=2023-08|ndc_category=METABOLIC_GLP1_INJ,rx_volume,72,,set to NULL; outside every treatment target-category window
DQ-002213,rx_claims_monthly.csv,missing_rx_volume,hcp_id=1189244753|month=2023-09|ndc_category=NEURO_MIGRAINE_CGRP,rx_volume,235,,set to NULL; outside every treatment target-category window
DQ-002214,rx_claims_monthly.csv,missing_rx_volume,hcp_id=1404995171|month=2023-01|ndc_category=METABOLIC_GLP1_INJ,rx_volume,72,,set to NULL; outside every treatment target-category window
DQ-002215,rx_claims_monthly.csv,missing_rx_volume,hcp_id=1766730505|month=2023-10|ndc_category=METABOLIC_GLP1_INJ,rx_volume,272,,set to NULL; outside every treatment target-category window
DQ-002216,rx_claims_monthly.csv,missing_rx_volume,hcp_id=1129206672|month=2023-08|ndc_category=PULM_ICS_LABA_INH,rx_volume,255,,set to NULL; outside every treatment target-category window
DQ-002217,rx_claims_monthly.csv,missing_rx_volume,hcp_id=1981504099|month=2023-06|ndc_category=METABOLIC_GLP1_INJ,rx_volume,56,,set to NULL; outside every treatment target-category window
DQ-002218,rx_claims_monthly.csv,missing_rx_volume,hcp_id=1342938887|month=2025-09|ndc_category=CV_ANTICOAG_ORAL,rx_volume,33,,set to NULL; outside every treatment target-category window
DQ-002219,rx_claims_monthly.csv,missing_rx_volume,hcp_id=1877986913|month=2024-03|ndc_category=CV_ANTICOAG_ORAL,rx_volume,111,,set to NULL; outside every treatment target-category window
DQ-002220,rx_claims_monthly.csv,missing_rx_volume,hcp_id=1916437647|month=2025-02|ndc_category=CV_ANTICOAG_ORAL,rx_volume,89,,set to NULL; outside every treatment target-category window
DQ-002221,rx_claims_monthly.csv,missing_rx_volume,hcp_id=1251154013|month=2025-06|ndc_category=CV_ANTICOAG_ORAL,rx_volume,29,,set to NULL; outside every treatment target-category window
DQ-002222,rx_claims_monthly.csv,missing_rx_volume,hcp_id=1889776344|month=2024-03|ndc_category=METABOLIC_GLP1_INJ,rx_volume,66,,set to NULL; outside every treatment target-category window
DQ-002223,rx_claims_monthly.csv,missing_rx_volume,hcp_id=1368009035|month=2023-05|ndc_category=CARD_HF_ARNI,rx_volume,184,,set to NULL; outside every treatment target-category window
DQ-002224,rx_claims_monthly.csv,missing_rx_volume,hcp_id=1041640354|month=2025-10|ndc_category=METABOLIC_GLP1_INJ,rx_volume,109,,set to NULL; outside every treatment target-category window
DQ-002225,rx_claims_monthly.csv,missing_rx_volume,hcp_id=1614978876|month=2024-04|ndc_category=METABOLIC_GLP1_INJ,rx_volume,62,,set to NULL; outside every treatment target-category window
DQ-002226,rx_claims_monthly.csv,missing_rx_volume,hcp_id=1737156715|month=2024-08|ndc_category=CV_ANTICOAG_ORAL,rx_volume,278,,set to NULL; outside every treatment target-category window
DQ-002227,rx_claims_monthly.csv,missing_rx_volume,hcp_id=1240393805|month=2024-03|ndc_category=PC_ANTIHYPERTENSIVE,rx_volume,207,,set to NULL; outside every treatment target-category window
DQ-002228,rx_claims_monthly.csv,missing_rx_volume,hcp_id=1714021262|month=2025-06|ndc_category=PC_ANTIHYPERTENSIVE,rx_volume,643,,set to NULL; outside every treatment target-category window
DQ-002229,rx_claims_monthly.csv,missing_rx_volume,hcp_id=1390158669|month=2024-09|ndc_category=PULM_ICS_LABA_INH,rx_volume,48,,set to NULL; outside every treatment target-category window
DQ-002230,rx_claims_monthly.csv,missing_rx_volume,hcp_id=1417682113|month=2024-12|ndc_category=CV_ANTICOAG_ORAL,rx_volume,29,,set to NULL; outside every treatment target-category window
DQ-002231,rx_claims_monthly.csv,missing_rx_volume,hcp_id=1228081653|month=2025-09|ndc_category=METABOLIC_GLP1_INJ,rx_volume,24,,set to NULL; outside every treatment target-category window
DQ-002232,rx_claims_monthly.csv,missing_rx_volume,hcp_id=1261377760|month=2023-06|ndc_category=METABOLIC_GLP1_INJ,rx_volume,161,,set to NULL; outside every treatment target-category window
DQ-002233,rx_claims_monthly.csv,missing_rx_volume,hcp_id=1334266743|month=2024-11|ndc_category=NEURO_MIGRAINE_CGRP,rx_volume,292,,set to NULL; outside every treatment target-category window
DQ-002234,rx_claims_monthly.csv,missing_rx_volume,hcp_id=1760628762|month=2025-06|ndc_category=CV_ANTICOAG_ORAL,rx_volume,114,,set to NULL; outside every treatment target-category window
DQ-002235,rx_claims_monthly.csv,missing_rx_volume,hcp_id=1598661571|month=2022-12|ndc_category=CV_ANTICOAG_ORAL,rx_volume,161,,set to NULL; outside every treatment target-category window
DQ-002236,rx_claims_monthly.csv,missing_rx_volume,hcp_id=1367956301|month=2024-11|ndc_category=PC_ANTIHYPERTENSIVE,rx_volume,157,,set to NULL; outside every treatment target-category window
DQ-002237,rx_claims_monthly.csv,missing_rx_volume,hcp_id=1724092733|month=2025-01|ndc_category=METABOLIC_GLP1_INJ,rx_volume,94,,set to NULL; outside every treatment target-category window
DQ-002238,rx_claims_monthly.csv,missing_rx_volume,hcp_id=1409867656|month=2025-08|ndc_category=CV_ANTICOAG_ORAL,rx_volume,72,,set to NULL; outside every treatment target-category window
DQ-002239,rx_claims_monthly.csv,missing_rx_volume,hcp_id=1872102060|month=2023-10|ndc_category=CV_ANTICOAG_ORAL,rx_volume,67,,set to NULL; outside every treatment target-category window
DQ-002240,rx_claims_monthly.csv,missing_rx_volume,hcp_id=1341720393|month=2023-07|ndc_category=METABOLIC_GLP1_INJ,rx_volume,66,,set to NULL; outside every treatment target-category window
DQ-002241,rx_claims_monthly.csv,missing_rx_volume,hcp_id=1438452850|month=2024-07|ndc_category=METABOLIC_GLP1_INJ,rx_volume,75,,set to NULL; outside every treatment target-category window
DQ-002242,rx_claims_monthly.csv,missing_rx_volume,hcp_id=1232787030|month=2023-08|ndc_category=METABOLIC_GLP1_INJ,rx_volume,72,,set to NULL; outside every treatment target-category window
DQ-002243,rx_claims_monthly.csv,missing_rx_volume,hcp_id=1742245693|month=2025-08|ndc_category=METABOLIC_GLP1_INJ,rx_volume,54,,set to NULL; outside every treatment target-category window
DQ-002244,rx_claims_monthly.csv,missing_rx_volume,hcp_id=1909167417|month=2025-10|ndc_category=CV_ANTICOAG_ORAL,rx_volume,740,,set to NULL; outside every treatment target-category window
DQ-002245,rx_claims_monthly.csv,missing_rx_volume,hcp_id=1194241117|month=2023-11|ndc_category=PC_ANTIHYPERTENSIVE,rx_volume,326,,set to NULL; outside every treatment target-category window
DQ-002246,rx_claims_monthly.csv,missing_rx_volume,hcp_id=1250017203|month=2025-06|ndc_category=METABOLIC_GLP1_INJ,rx_volume,79,,set to NULL; outside every treatment target-category window
DQ-002247,rx_claims_monthly.csv,missing_rx_volume,hcp_id=1937449878|month=2023-02|ndc_category=CV_ANTICOAG_ORAL,rx_volume,18,,set to NULL; outside every treatment target-category window
DQ-002248,rx_claims_monthly.csv,missing_rx_volume,hcp_id=1111217703|month=2025-04|ndc_category=METABOLIC_GLP1_INJ,rx_volume,124,,set to NULL; outside every treatment target-category window
DQ-002249,rx_claims_monthly.csv,missing_rx_volume,hcp_id=1831786672|month=2024-02|ndc_category=CV_ANTICOAG_ORAL,rx_volume,83,,set to NULL; outside every treatment target-category window
DQ-002250,rx_claims_monthly.csv,missing_rx_volume,hcp_id=1854727892|month=2025-09|ndc_category=CV_ANTICOAG_ORAL,rx_volume,144,,set to NULL; outside every treatment target-category window
DQ-002251,rx_claims_monthly.csv,missing_rx_volume,hcp_id=1535323178|month=2023-11|ndc_category=METABOLIC_GLP1_INJ,rx_volume,141,,set to NULL; outside every treatment target-category window
DQ-002252,rx_claims_monthly.csv,missing_rx_volume,hcp_id=1166368237|month=2023-01|ndc_category=PC_ANTIHYPERTENSIVE,rx_volume,207,,set to NULL; outside every treatment target-category window
DQ-002253,rx_claims_monthly.csv,missing_rx_volume,hcp_id=1847562299|month=2023-11|ndc_category=CV_ANTICOAG_ORAL,rx_volume,43,,set to NULL; outside every treatment target-category window
DQ-002254,rx_claims_monthly.csv,missing_rx_volume,hcp_id=1159833825|month=2024-05|ndc_category=CV_ANTICOAG_ORAL,rx_volume,188,,set to NULL; outside every treatment target-category window
DQ-002255,rx_claims_monthly.csv,missing_rx_volume,hcp_id=1637550512|month=2023-06|ndc_category=CV_ANTICOAG_ORAL,rx_volume,80,,set to NULL; outside every treatment target-category window
DQ-002256,rx_claims_monthly.csv,missing_rx_volume,hcp_id=1312630019|month=2023-05|ndc_category=ONC_TARGETED_ORAL,rx_volume,101,,set to NULL; outside every treatment target-category window
DQ-002257,rx_claims_monthly.csv,missing_rx_volume,hcp_id=1084471394|month=2023-08|ndc_category=METABOLIC_GLP1_INJ,rx_volume,235,,set to NULL; outside every treatment target-category window
DQ-002258,rx_claims_monthly.csv,missing_rx_volume,hcp_id=1134509243|month=2024-08|ndc_category=CV_ANTICOAG_ORAL,rx_volume,44,,set to NULL; outside every treatment target-category window
DQ-002259,rx_claims_monthly.csv,missing_rx_volume,hcp_id=1893020424|month=2025-09|ndc_category=NEURO_MIGRAINE_CGRP,rx_volume,173,,set to NULL; outside every treatment target-category window
DQ-002260,rx_claims_monthly.csv,missing_rx_volume,hcp_id=1699200295|month=2025-06|ndc_category=CV_ANTICOAG_ORAL,rx_volume,81,,set to NULL; outside every treatment target-category window
DQ-002261,rx_claims_monthly.csv,missing_rx_volume,hcp_id=1581992355|month=2022-12|ndc_category=CV_ANTICOAG_ORAL,rx_volume,221,,set to NULL; outside every treatment target-category window
DQ-002262,rx_claims_monthly.csv,missing_rx_volume,hcp_id=1205159704|month=2022-12|ndc_category=CV_ANTICOAG_ORAL,rx_volume,86,,set to NULL; outside every treatment target-category window
DQ-002263,rx_claims_monthly.csv,missing_rx_volume,hcp_id=1425171802|month=2023-12|ndc_category=METABOLIC_GLP1_INJ,rx_volume,86,,set to NULL; outside every treatment target-category window
DQ-002264,rx_claims_monthly.csv,missing_rx_volume,hcp_id=1050506165|month=2025-05|ndc_category=CV_ANTICOAG_ORAL,rx_volume,404,,set to NULL; outside every treatment target-category window
DQ-002265,rx_claims_monthly.csv,missing_rx_volume,hcp_id=1364592786|month=2023-08|ndc_category=METABOLIC_GLP1_INJ,rx_volume,44,,set to NULL; outside every treatment target-category window
DQ-002266,rx_claims_monthly.csv,missing_rx_volume,hcp_id=1335912683|month=2024-12|ndc_category=CV_ANTICOAG_ORAL,rx_volume,83,,set to NULL; outside every treatment target-category window
DQ-002267,rx_claims_monthly.csv,missing_rx_volume,hcp_id=1570328496|month=2025-08|ndc_category=CV_ANTICOAG_ORAL,rx_volume,369,,set to NULL; outside every treatment target-category window
DQ-002268,rx_claims_monthly.csv,missing_rx_volume,hcp_id=1976038558|month=2023-12|ndc_category=CARD_HF_ARNI,rx_volume,318,,set to NULL; outside every treatment target-category window
DQ-002269,rx_claims_monthly.csv,missing_rx_volume,hcp_id=1388802401|month=2023-11|ndc_category=NEURO_MIGRAINE_CGRP,rx_volume,344,,set to NULL; outside every treatment target-category window
DQ-002270,rx_claims_monthly.csv,missing_rx_volume,hcp_id=1903798589|month=2025-10|ndc_category=METABOLIC_GLP1_INJ,rx_volume,567,,set to NULL; outside every treatment target-category window
DQ-002271,rx_claims_monthly.csv,missing_rx_volume,hcp_id=1134089733|month=2023-09|ndc_category=PC_ANTIHYPERTENSIVE,rx_volume,105,,set to NULL; outside every treatment target-category window
DQ-002272,rx_claims_monthly.csv,missing_rx_volume,hcp_id=1352216182|month=2025-04|ndc_category=CV_ANTICOAG_ORAL,rx_volume,259,,set to NULL; outside every treatment target-category window
DQ-002273,rx_claims_monthly.csv,missing_rx_volume,hcp_id=1751172259|month=2023-11|ndc_category=CV_ANTICOAG_ORAL,rx_volume,44,,set to NULL; outside every treatment target-category window
DQ-002274,rx_claims_monthly.csv,missing_rx_volume,hcp_id=1844625859|month=2024-03|ndc_category=CV_ANTICOAG_ORAL,rx_volume,53,,set to NULL; outside every treatment target-category window
DQ-002275,rx_claims_monthly.csv,missing_rx_volume,hcp_id=1990401386|month=2022-12|ndc_category=METABOLIC_GLP1_INJ,rx_volume,87,,set to NULL; outside every treatment target-category window
DQ-002276,rx_claims_monthly.csv,missing_rx_volume,hcp_id=1305686507|month=2023-01|ndc_category=METABOLIC_GLP1_INJ,rx_volume,97,,set to NULL; outside every treatment target-category window
DQ-002277,rx_claims_monthly.csv,missing_rx_volume,hcp_id=1765233105|month=2023-06|ndc_category=CV_ANTICOAG_ORAL,rx_volume,63,,set to NULL; outside every treatment target-category window
DQ-002278,rx_claims_monthly.csv,missing_rx_volume,hcp_id=1402958817|month=2023-10|ndc_category=RHEUM_JAK_ORAL,rx_volume,299,,set to NULL; outside every treatment target-category window
DQ-002279,rx_claims_monthly.csv,missing_rx_volume,hcp_id=1547244776|month=2024-02|ndc_category=PULM_ICS_LABA_INH,rx_volume,207,,set to NULL; outside every treatment target-category window
DQ-002280,rx_claims_monthly.csv,missing_rx_volume,hcp_id=1081238747|month=2024-05|ndc_category=CV_ANTICOAG_ORAL,rx_volume,106,,set to NULL; outside every treatment target-category window
DQ-002281,rx_claims_monthly.csv,missing_rx_volume,hcp_id=1604279475|month=2023-11|ndc_category=CARD_HF_ARNI,rx_volume,680,,set to NULL; outside every treatment target-category window
DQ-002282,rx_claims_monthly.csv,missing_rx_volume,hcp_id=1824149854|month=2023-07|ndc_category=CV_ANTICOAG_ORAL,rx_volume,174,,set to NULL; outside every treatment target-category window
DQ-002283,rx_claims_monthly.csv,missing_rx_volume,hcp_id=1166978878|month=2024-03|ndc_category=CV_ANTICOAG_ORAL,rx_volume,50,,set to NULL; outside every treatment target-category window
DQ-002284,rx_claims_monthly.csv,missing_rx_volume,hcp_id=1100495849|month=2024-04|ndc_category=ENDO_BASAL_INSULIN,rx_volume,552,,set to NULL; outside every treatment target-category window
DQ-002285,rx_claims_monthly.csv,missing_rx_volume,hcp_id=1491649715|month=2023-05|ndc_category=CV_ANTICOAG_ORAL,rx_volume,261,,set to NULL; outside every treatment target-category window
DQ-002286,rx_claims_monthly.csv,missing_rx_volume,hcp_id=1841542198|month=2024-05|ndc_category=ONC_TARGETED_ORAL,rx_volume,98,,set to NULL; outside every treatment target-category window
DQ-002287,rx_claims_monthly.csv,missing_rx_volume,hcp_id=1878312481|month=2025-09|ndc_category=METABOLIC_GLP1_INJ,rx_volume,64,,set to NULL; outside every treatment target-category window
DQ-002288,rx_claims_monthly.csv,missing_rx_volume,hcp_id=1909167417|month=2025-01|ndc_category=CV_ANTICOAG_ORAL,rx_volume,542,,set to NULL; outside every treatment target-category window
DQ-002289,rx_claims_monthly.csv,missing_rx_volume,hcp_id=1614682395|month=2024-01|ndc_category=CV_ANTICOAG_ORAL,rx_volume,210,,set to NULL; outside every treatment target-category window
DQ-002290,rx_claims_monthly.csv,missing_rx_volume,hcp_id=1065674784|month=2024-02|ndc_category=CV_ANTICOAG_ORAL,rx_volume,178,,set to NULL; outside every treatment target-category window
DQ-002291,rx_claims_monthly.csv,missing_rx_volume,hcp_id=1300654963|month=2023-10|ndc_category=METABOLIC_GLP1_INJ,rx_volume,231,,set to NULL; outside every treatment target-category window
DQ-002292,rx_claims_monthly.csv,missing_rx_volume,hcp_id=1850313960|month=2023-09|ndc_category=CARD_HF_ARNI,rx_volume,236,,set to NULL; outside every treatment target-category window
DQ-002293,rx_claims_monthly.csv,missing_rx_volume,hcp_id=1991291398|month=2023-06|ndc_category=METABOLIC_GLP1_INJ,rx_volume,154,,set to NULL; outside every treatment target-category window
DQ-002294,rx_claims_monthly.csv,missing_rx_volume,hcp_id=1004478891|month=2025-07|ndc_category=CV_ANTICOAG_ORAL,rx_volume,25,,set to NULL; outside every treatment target-category window
DQ-002295,rx_claims_monthly.csv,missing_rx_volume,hcp_id=1844625859|month=2024-09|ndc_category=METABOLIC_GLP1_INJ,rx_volume,27,,set to NULL; outside every treatment target-category window
DQ-002296,rx_claims_monthly.csv,missing_rx_volume,hcp_id=1013443506|month=2024-06|ndc_category=RHEUM_JAK_ORAL,rx_volume,86,,set to NULL; outside every treatment target-category window
DQ-002297,rx_claims_monthly.csv,missing_rx_volume,hcp_id=1944079924|month=2022-12|ndc_category=RHEUM_JAK_ORAL,rx_volume,488,,set to NULL; outside every treatment target-category window
DQ-002298,rx_claims_monthly.csv,missing_rx_volume,hcp_id=1783823739|month=2025-01|ndc_category=PC_ANTIHYPERTENSIVE,rx_volume,1068,,set to NULL; outside every treatment target-category window
DQ-002299,rx_claims_monthly.csv,missing_rx_volume,hcp_id=1010852790|month=2023-09|ndc_category=CV_ANTICOAG_ORAL,rx_volume,102,,set to NULL; outside every treatment target-category window
DQ-002300,rx_claims_monthly.csv,missing_rx_volume,hcp_id=1855585794|month=2025-06|ndc_category=CV_ANTICOAG_ORAL,rx_volume,119,,set to NULL; outside every treatment target-category window
DQ-002301,rx_claims_monthly.csv,missing_rx_volume,hcp_id=1822345694|month=2024-05|ndc_category=CV_ANTICOAG_ORAL,rx_volume,508,,set to NULL; outside every treatment target-category window
DQ-002302,rx_claims_monthly.csv,missing_rx_volume,hcp_id=1219172859|month=2024-03|ndc_category=PC_ANTIHYPERTENSIVE,rx_volume,230,,set to NULL; outside every treatment target-category window
DQ-002303,rx_claims_monthly.csv,missing_rx_volume,hcp_id=1795350721|month=2024-11|ndc_category=RHEUM_JAK_ORAL,rx_volume,286,,set to NULL; outside every treatment target-category window
DQ-002304,rx_claims_monthly.csv,missing_rx_volume,hcp_id=1330067194|month=2024-10|ndc_category=CV_ANTICOAG_ORAL,rx_volume,166,,set to NULL; outside every treatment target-category window
DQ-002305,rx_claims_monthly.csv,missing_rx_volume,hcp_id=1892264320|month=2023-09|ndc_category=METABOLIC_GLP1_INJ,rx_volume,107,,set to NULL; outside every treatment target-category window
DQ-002306,rx_claims_monthly.csv,missing_rx_volume,hcp_id=1044379984|month=2024-04|ndc_category=CV_ANTICOAG_ORAL,rx_volume,108,,set to NULL; outside every treatment target-category window
DQ-002307,rx_claims_monthly.csv,missing_rx_volume,hcp_id=1335912683|month=2023-06|ndc_category=METABOLIC_GLP1_INJ,rx_volume,84,,set to NULL; outside every treatment target-category window
DQ-002308,rx_claims_monthly.csv,missing_rx_volume,hcp_id=1449331358|month=2024-02|ndc_category=CV_ANTICOAG_ORAL,rx_volume,86,,set to NULL; outside every treatment target-category window
DQ-002309,rx_claims_monthly.csv,missing_rx_volume,hcp_id=1154629764|month=2024-01|ndc_category=METABOLIC_GLP1_INJ,rx_volume,29,,set to NULL; outside every treatment target-category window
DQ-002310,rx_claims_monthly.csv,missing_rx_volume,hcp_id=1969108517|month=2024-08|ndc_category=METABOLIC_GLP1_INJ,rx_volume,225,,set to NULL; outside every treatment target-category window
DQ-002311,rx_claims_monthly.csv,missing_rx_volume,hcp_id=1584097178|month=2024-01|ndc_category=ONC_TARGETED_ORAL,rx_volume,178,,set to NULL; outside every treatment target-category window
DQ-002312,rx_claims_monthly.csv,missing_rx_volume,hcp_id=1443260538|month=2023-05|ndc_category=METABOLIC_GLP1_INJ,rx_volume,90,,set to NULL; outside every treatment target-category window
DQ-002313,rx_claims_monthly.csv,missing_rx_volume,hcp_id=1061035188|month=2023-09|ndc_category=METABOLIC_GLP1_INJ,rx_volume,100,,set to NULL; outside every treatment target-category window
DQ-002314,rx_claims_monthly.csv,missing_rx_volume,hcp_id=1743803979|month=2025-05|ndc_category=ONC_TARGETED_ORAL,rx_volume,111,,set to NULL; outside every treatment target-category window
DQ-002315,rx_claims_monthly.csv,missing_rx_volume,hcp_id=1031568581|month=2025-03|ndc_category=CV_ANTICOAG_ORAL,rx_volume,104,,set to NULL; outside every treatment target-category window
DQ-002316,rx_claims_monthly.csv,missing_rx_volume,hcp_id=1641859123|month=2024-10|ndc_category=CV_ANTICOAG_ORAL,rx_volume,279,,set to NULL; outside every treatment target-category window
DQ-002317,rx_claims_monthly.csv,missing_rx_volume,hcp_id=1041585906|month=2025-07|ndc_category=CV_ANTICOAG_ORAL,rx_volume,105,,set to NULL; outside every treatment target-category window
DQ-002318,rx_claims_monthly.csv,missing_rx_volume,hcp_id=1044303869|month=2025-10|ndc_category=ONC_TARGETED_ORAL,rx_volume,145,,set to NULL; outside every treatment target-category window
DQ-002319,rx_claims_monthly.csv,missing_rx_volume,hcp_id=1541422121|month=2024-11|ndc_category=METABOLIC_GLP1_INJ,rx_volume,61,,set to NULL; outside every treatment target-category window
DQ-002320,rx_claims_monthly.csv,missing_rx_volume,hcp_id=1961509027|month=2024-04|ndc_category=CV_ANTICOAG_ORAL,rx_volume,65,,set to NULL; outside every treatment target-category window
DQ-002321,rx_claims_monthly.csv,missing_rx_volume,hcp_id=1464676570|month=2024-02|ndc_category=CV_ANTICOAG_ORAL,rx_volume,114,,set to NULL; outside every treatment target-category window
DQ-002322,rx_claims_monthly.csv,missing_rx_volume,hcp_id=1925142923|month=2023-03|ndc_category=NEURO_MIGRAINE_CGRP,rx_volume,209,,set to NULL; outside every treatment target-category window
DQ-002323,rx_claims_monthly.csv,missing_rx_volume,hcp_id=1990401386|month=2023-11|ndc_category=ENDO_BASAL_INSULIN,rx_volume,102,,set to NULL; outside every treatment target-category window
DQ-002324,rx_claims_monthly.csv,missing_rx_volume,hcp_id=1912301342|month=2025-05|ndc_category=METABOLIC_GLP1_INJ,rx_volume,325,,set to NULL; outside every treatment target-category window
DQ-002325,rx_claims_monthly.csv,missing_rx_volume,hcp_id=1855585794|month=2024-04|ndc_category=ONC_TARGETED_ORAL,rx_volume,191,,set to NULL; outside every treatment target-category window
DQ-002326,rx_claims_monthly.csv,missing_rx_volume,hcp_id=1973275377|month=2024-03|ndc_category=METABOLIC_GLP1_INJ,rx_volume,80,,set to NULL; outside every treatment target-category window
DQ-002327,rx_claims_monthly.csv,missing_rx_volume,hcp_id=1798488478|month=2023-09|ndc_category=CV_ANTICOAG_ORAL,rx_volume,36,,set to NULL; outside every treatment target-category window
DQ-002328,rx_claims_monthly.csv,missing_rx_volume,hcp_id=1246818524|month=2023-05|ndc_category=CV_ANTICOAG_ORAL,rx_volume,72,,set to NULL; outside every treatment target-category window
DQ-002329,rx_claims_monthly.csv,missing_rx_volume,hcp_id=1910188758|month=2023-01|ndc_category=ENDO_BASAL_INSULIN,rx_volume,141,,set to NULL; outside every treatment target-category window
DQ-002330,rx_claims_monthly.csv,missing_rx_volume,hcp_id=1768225918|month=2023-06|ndc_category=ENDO_BASAL_INSULIN,rx_volume,296,,set to NULL; outside every treatment target-category window
DQ-002331,rx_claims_monthly.csv,missing_rx_volume,hcp_id=1376656900|month=2024-07|ndc_category=CV_ANTICOAG_ORAL,rx_volume,97,,set to NULL; outside every treatment target-category window
DQ-002332,rx_claims_monthly.csv,missing_rx_volume,hcp_id=1893638738|month=2024-02|ndc_category=PULM_ICS_LABA_INH,rx_volume,60,,set to NULL; outside every treatment target-category window
DQ-002333,rx_claims_monthly.csv,missing_rx_volume,hcp_id=1333896094|month=2025-01|ndc_category=CV_ANTICOAG_ORAL,rx_volume,112,,set to NULL; outside every treatment target-category window
DQ-002334,rx_claims_monthly.csv,missing_rx_volume,hcp_id=1600621852|month=2024-06|ndc_category=CV_ANTICOAG_ORAL,rx_volume,277,,set to NULL; outside every treatment target-category window
DQ-002335,rx_claims_monthly.csv,missing_rx_volume,hcp_id=1327009084|month=2022-12|ndc_category=METABOLIC_GLP1_INJ,rx_volume,106,,set to NULL; outside every treatment target-category window
DQ-002336,rx_claims_monthly.csv,missing_rx_volume,hcp_id=1249126917|month=2024-05|ndc_category=METABOLIC_GLP1_INJ,rx_volume,308,,set to NULL; outside every treatment target-category window
DQ-002337,rx_claims_monthly.csv,missing_rx_volume,hcp_id=1358245029|month=2023-03|ndc_category=METABOLIC_GLP1_INJ,rx_volume,133,,set to NULL; outside every treatment target-category window
DQ-002338,rx_claims_monthly.csv,missing_rx_volume,hcp_id=1325850802|month=2023-06|ndc_category=METABOLIC_GLP1_INJ,rx_volume,111,,set to NULL; outside every treatment target-category window
DQ-002339,rx_claims_monthly.csv,missing_rx_volume,hcp_id=1256419643|month=2023-10|ndc_category=CV_ANTICOAG_ORAL,rx_volume,856,,set to NULL; outside every treatment target-category window
DQ-002340,rx_claims_monthly.csv,missing_rx_volume,hcp_id=1721743411|month=2024-04|ndc_category=CV_ANTICOAG_ORAL,rx_volume,43,,set to NULL; outside every treatment target-category window
DQ-002341,rx_claims_monthly.csv,missing_rx_volume,hcp_id=1237849298|month=2024-09|ndc_category=CV_ANTICOAG_ORAL,rx_volume,68,,set to NULL; outside every treatment target-category window
DQ-002342,rx_claims_monthly.csv,missing_rx_volume,hcp_id=1947954388|month=2025-05|ndc_category=PC_ANTIHYPERTENSIVE,rx_volume,71,,set to NULL; outside every treatment target-category window
DQ-002343,rx_claims_monthly.csv,missing_rx_volume,hcp_id=1829206543|month=2025-07|ndc_category=ONC_TARGETED_ORAL,rx_volume,119,,set to NULL; outside every treatment target-category window
DQ-002344,rx_claims_monthly.csv,missing_rx_volume,hcp_id=1361512639|month=2024-05|ndc_category=CV_ANTICOAG_ORAL,rx_volume,272,,set to NULL; outside every treatment target-category window
DQ-002345,rx_claims_monthly.csv,missing_rx_volume,hcp_id=1428222503|month=2025-03|ndc_category=METABOLIC_GLP1_INJ,rx_volume,22,,set to NULL; outside every treatment target-category window
DQ-002346,rx_claims_monthly.csv,missing_rx_volume,hcp_id=1306006622|month=2025-02|ndc_category=CV_ANTICOAG_ORAL,rx_volume,93,,set to NULL; outside every treatment target-category window
DQ-002347,rx_claims_monthly.csv,missing_rx_volume,hcp_id=1877986913|month=2024-11|ndc_category=CV_ANTICOAG_ORAL,rx_volume,93,,set to NULL; outside every treatment target-category window
DQ-002348,rx_claims_monthly.csv,missing_rx_volume,hcp_id=1717519684|month=2023-05|ndc_category=ENDO_BASAL_INSULIN,rx_volume,402,,set to NULL; outside every treatment target-category window
DQ-002349,rx_claims_monthly.csv,missing_rx_volume,hcp_id=1752055289|month=2023-11|ndc_category=ONC_TARGETED_ORAL,rx_volume,112,,set to NULL; outside every treatment target-category window
DQ-002350,rx_claims_monthly.csv,missing_rx_volume,hcp_id=1512866082|month=2023-11|ndc_category=METABOLIC_GLP1_INJ,rx_volume,78,,set to NULL; outside every treatment target-category window
DQ-002351,rx_claims_monthly.csv,missing_rx_volume,hcp_id=1874547676|month=2025-06|ndc_category=METABOLIC_GLP1_INJ,rx_volume,41,,set to NULL; outside every treatment target-category window
DQ-002352,rx_claims_monthly.csv,missing_rx_volume,hcp_id=1299294599|month=2023-06|ndc_category=CV_ANTICOAG_ORAL,rx_volume,119,,set to NULL; outside every treatment target-category window
DQ-002353,rx_claims_monthly.csv,missing_rx_volume,hcp_id=1614978876|month=2025-05|ndc_category=CV_ANTICOAG_ORAL,rx_volume,60,,set to NULL; outside every treatment target-category window
DQ-002354,rx_claims_monthly.csv,missing_rx_volume,hcp_id=1242598583|month=2024-05|ndc_category=CV_ANTICOAG_ORAL,rx_volume,202,,set to NULL; outside every treatment target-category window
DQ-002355,rx_claims_monthly.csv,missing_rx_volume,hcp_id=1901417067|month=2023-05|ndc_category=METABOLIC_GLP1_INJ,rx_volume,130,,set to NULL; outside every treatment target-category window
DQ-002356,rx_claims_monthly.csv,missing_rx_volume,hcp_id=1618352078|month=2022-12|ndc_category=NEURO_MIGRAINE_CGRP,rx_volume,140,,set to NULL; outside every treatment target-category window
DQ-002357,rx_claims_monthly.csv,missing_rx_volume,hcp_id=1332821143|month=2024-11|ndc_category=METABOLIC_GLP1_INJ,rx_volume,325,,set to NULL; outside every treatment target-category window
DQ-002358,rx_claims_monthly.csv,missing_rx_volume,hcp_id=1131525051|month=2022-12|ndc_category=CV_ANTICOAG_ORAL,rx_volume,76,,set to NULL; outside every treatment target-category window
DQ-002359,rx_claims_monthly.csv,missing_rx_volume,hcp_id=1250524505|month=2022-12|ndc_category=NEURO_MIGRAINE_CGRP,rx_volume,65,,set to NULL; outside every treatment target-category window
DQ-002360,rx_claims_monthly.csv,missing_rx_volume,hcp_id=1064190048|month=2024-06|ndc_category=CV_ANTICOAG_ORAL,rx_volume,121,,set to NULL; outside every treatment target-category window
DQ-002361,rx_claims_monthly.csv,missing_rx_volume,hcp_id=1152018085|month=2023-06|ndc_category=CV_ANTICOAG_ORAL,rx_volume,148,,set to NULL; outside every treatment target-category window
DQ-002362,rx_claims_monthly.csv,missing_rx_volume,hcp_id=1884150503|month=2023-08|ndc_category=CARD_HF_ARNI,rx_volume,399,,set to NULL; outside every treatment target-category window
DQ-002363,rx_claims_monthly.csv,missing_rx_volume,hcp_id=1977228745|month=2024-04|ndc_category=CV_ANTICOAG_ORAL,rx_volume,69,,set to NULL; outside every treatment target-category window
DQ-002364,rx_claims_monthly.csv,missing_rx_volume,hcp_id=1832506087|month=2024-02|ndc_category=CV_ANTICOAG_ORAL,rx_volume,541,,set to NULL; outside every treatment target-category window
DQ-002365,rx_claims_monthly.csv,missing_rx_volume,hcp_id=1448589550|month=2023-09|ndc_category=CV_ANTICOAG_ORAL,rx_volume,91,,set to NULL; outside every treatment target-category window
DQ-002366,rx_claims_monthly.csv,missing_rx_volume,hcp_id=1223528765|month=2025-04|ndc_category=ENDO_BASAL_INSULIN,rx_volume,101,,set to NULL; outside every treatment target-category window
DQ-002367,rx_claims_monthly.csv,missing_rx_volume,hcp_id=1719574174|month=2023-07|ndc_category=METABOLIC_GLP1_INJ,rx_volume,80,,set to NULL; outside every treatment target-category window
DQ-002368,rx_claims_monthly.csv,missing_rx_volume,hcp_id=1661525075|month=2023-12|ndc_category=CV_ANTICOAG_ORAL,rx_volume,105,,set to NULL; outside every treatment target-category window
DQ-002369,rx_claims_monthly.csv,missing_rx_volume,hcp_id=1666152792|month=2023-10|ndc_category=NEURO_MIGRAINE_CGRP,rx_volume,136,,set to NULL; outside every treatment target-category window
DQ-002370,rx_claims_monthly.csv,missing_rx_volume,hcp_id=1510477734|month=2024-08|ndc_category=METABOLIC_GLP1_INJ,rx_volume,43,,set to NULL; outside every treatment target-category window
DQ-002371,rx_claims_monthly.csv,missing_rx_volume,hcp_id=1434523506|month=2025-03|ndc_category=CV_ANTICOAG_ORAL,rx_volume,92,,set to NULL; outside every treatment target-category window
DQ-002372,rx_claims_monthly.csv,missing_rx_volume,hcp_id=1529873311|month=2023-03|ndc_category=NEURO_MIGRAINE_CGRP,rx_volume,156,,set to NULL; outside every treatment target-category window
DQ-002373,rx_claims_monthly.csv,missing_rx_volume,hcp_id=1094274762|month=2023-02|ndc_category=CV_ANTICOAG_ORAL,rx_volume,127,,set to NULL; outside every treatment target-category window
DQ-002374,rx_claims_monthly.csv,missing_rx_volume,hcp_id=1501344612|month=2025-01|ndc_category=CV_ANTICOAG_ORAL,rx_volume,87,,set to NULL; outside every treatment target-category window
DQ-002375,rx_claims_monthly.csv,missing_rx_volume,hcp_id=1285330571|month=2023-06|ndc_category=CV_ANTICOAG_ORAL,rx_volume,124,,set to NULL; outside every treatment target-category window
DQ-002376,rx_claims_monthly.csv,missing_rx_volume,hcp_id=1095874958|month=2024-02|ndc_category=CV_ANTICOAG_ORAL,rx_volume,212,,set to NULL; outside every treatment target-category window
DQ-002377,rx_claims_monthly.csv,missing_rx_volume,hcp_id=1181360912|month=2025-08|ndc_category=CV_ANTICOAG_ORAL,rx_volume,95,,set to NULL; outside every treatment target-category window
DQ-002378,rx_claims_monthly.csv,missing_rx_volume,hcp_id=1001999733|month=2023-09|ndc_category=NEURO_MIGRAINE_CGRP,rx_volume,80,,set to NULL; outside every treatment target-category window
DQ-002379,rx_claims_monthly.csv,missing_rx_volume,hcp_id=1181360912|month=2025-08|ndc_category=METABOLIC_GLP1_INJ,rx_volume,109,,set to NULL; outside every treatment target-category window
DQ-002380,rx_claims_monthly.csv,missing_rx_volume,hcp_id=1475115246|month=2023-10|ndc_category=CARD_HF_ARNI,rx_volume,538,,set to NULL; outside every treatment target-category window
DQ-002381,rx_claims_monthly.csv,missing_rx_volume,hcp_id=1389159553|month=2025-01|ndc_category=PC_ANTIHYPERTENSIVE,rx_volume,283,,set to NULL; outside every treatment target-category window
DQ-002382,rx_claims_monthly.csv,missing_rx_volume,hcp_id=1529873311|month=2024-08|ndc_category=METABOLIC_GLP1_INJ,rx_volume,55,,set to NULL; outside every treatment target-category window
DQ-002383,rx_claims_monthly.csv,missing_rx_volume,hcp_id=1599978586|month=2023-05|ndc_category=CV_ANTICOAG_ORAL,rx_volume,247,,set to NULL; outside every treatment target-category window
DQ-002384,rx_claims_monthly.csv,missing_rx_volume,hcp_id=1440623548|month=2023-09|ndc_category=CARD_HF_ARNI,rx_volume,135,,set to NULL; outside every treatment target-category window
DQ-002385,rx_claims_monthly.csv,missing_rx_volume,hcp_id=1511742359|month=2024-05|ndc_category=ONC_TARGETED_ORAL,rx_volume,178,,set to NULL; outside every treatment target-category window
DQ-002386,rx_claims_monthly.csv,missing_rx_volume,hcp_id=1497664510|month=2024-02|ndc_category=CV_ANTICOAG_ORAL,rx_volume,47,,set to NULL; outside every treatment target-category window
DQ-002387,rx_claims_monthly.csv,missing_rx_volume,hcp_id=1202777359|month=2023-01|ndc_category=CV_ANTICOAG_ORAL,rx_volume,156,,set to NULL; outside every treatment target-category window
DQ-002388,rx_claims_monthly.csv,missing_rx_volume,hcp_id=1841791217|month=2023-02|ndc_category=NEURO_MIGRAINE_CGRP,rx_volume,219,,set to NULL; outside every treatment target-category window
DQ-002389,rx_claims_monthly.csv,missing_rx_volume,hcp_id=1189244753|month=2023-08|ndc_category=CV_ANTICOAG_ORAL,rx_volume,144,,set to NULL; outside every treatment target-category window
DQ-002390,rx_claims_monthly.csv,missing_rx_volume,hcp_id=1704216484|month=2023-09|ndc_category=METABOLIC_GLP1_INJ,rx_volume,72,,set to NULL; outside every treatment target-category window
DQ-002391,rx_claims_monthly.csv,missing_rx_volume,hcp_id=1178533166|month=2024-03|ndc_category=CV_ANTICOAG_ORAL,rx_volume,73,,set to NULL; outside every treatment target-category window
DQ-002392,rx_claims_monthly.csv,missing_rx_volume,hcp_id=1944636921|month=2024-12|ndc_category=CV_ANTICOAG_ORAL,rx_volume,77,,set to NULL; outside every treatment target-category window
DQ-002393,rx_claims_monthly.csv,missing_rx_volume,hcp_id=1073902250|month=2024-05|ndc_category=CV_ANTICOAG_ORAL,rx_volume,206,,set to NULL; outside every treatment target-category window
DQ-002394,rx_claims_monthly.csv,missing_rx_volume,hcp_id=1714021262|month=2025-01|ndc_category=PC_ANTIHYPERTENSIVE,rx_volume,703,,set to NULL; outside every treatment target-category window
DQ-002395,rx_claims_monthly.csv,missing_rx_volume,hcp_id=1026926489|month=2023-05|ndc_category=CV_ANTICOAG_ORAL,rx_volume,219,,set to NULL; outside every treatment target-category window
DQ-002396,rx_claims_monthly.csv,missing_rx_volume,hcp_id=1715246280|month=2024-02|ndc_category=CV_ANTICOAG_ORAL,rx_volume,40,,set to NULL; outside every treatment target-category window
DQ-002397,rx_claims_monthly.csv,missing_rx_volume,hcp_id=1706991829|month=2023-06|ndc_category=METABOLIC_GLP1_INJ,rx_volume,74,,set to NULL; outside every treatment target-category window
DQ-002398,rx_claims_monthly.csv,missing_rx_volume,hcp_id=1255569448|month=2023-03|ndc_category=CV_ANTICOAG_ORAL,rx_volume,73,,set to NULL; outside every treatment target-category window
DQ-002399,rx_claims_monthly.csv,missing_rx_volume,hcp_id=1914644640|month=2022-12|ndc_category=NEURO_MIGRAINE_CGRP,rx_volume,252,,set to NULL; outside every treatment target-category window
DQ-002400,rx_claims_monthly.csv,missing_rx_volume,hcp_id=1072999711|month=2023-05|ndc_category=CV_ANTICOAG_ORAL,rx_volume,135,,set to NULL; outside every treatment target-category window
DQ-002401,rx_claims_monthly.csv,missing_rx_volume,hcp_id=1706645516|month=2024-09|ndc_category=METABOLIC_GLP1_INJ,rx_volume,89,,set to NULL; outside every treatment target-category window
DQ-002402,rx_claims_monthly.csv,missing_rx_volume,hcp_id=1429255973|month=2024-02|ndc_category=CV_ANTICOAG_ORAL,rx_volume,103,,set to NULL; outside every treatment target-category window
DQ-002403,rx_claims_monthly.csv,missing_rx_volume,hcp_id=1718275724|month=2025-03|ndc_category=CV_ANTICOAG_ORAL,rx_volume,21,,set to NULL; outside every treatment target-category window
DQ-002404,rx_claims_monthly.csv,missing_rx_volume,hcp_id=1788668972|month=2023-10|ndc_category=ONC_TARGETED_ORAL,rx_volume,271,,set to NULL; outside every treatment target-category window
DQ-002405,rx_claims_monthly.csv,missing_rx_volume,hcp_id=1815549120|month=2023-10|ndc_category=NEURO_MIGRAINE_CGRP,rx_volume,129,,set to NULL; outside every treatment target-category window
DQ-002406,rx_claims_monthly.csv,missing_rx_volume,hcp_id=1362648127|month=2025-10|ndc_category=METABOLIC_GLP1_INJ,rx_volume,38,,set to NULL; outside every treatment target-category window
DQ-002407,rx_claims_monthly.csv,missing_rx_volume,hcp_id=1618352078|month=2024-11|ndc_category=CV_ANTICOAG_ORAL,rx_volume,164,,set to NULL; outside every treatment target-category window
DQ-002408,rx_claims_monthly.csv,missing_rx_volume,hcp_id=1721479586|month=2024-12|ndc_category=METABOLIC_GLP1_INJ,rx_volume,197,,set to NULL; outside every treatment target-category window
DQ-002409,rx_claims_monthly.csv,missing_rx_volume,hcp_id=1232787030|month=2023-01|ndc_category=RHEUM_JAK_ORAL,rx_volume,257,,set to NULL; outside every treatment target-category window
DQ-002410,rx_claims_monthly.csv,missing_rx_volume,hcp_id=1916437647|month=2024-08|ndc_category=PULM_ICS_LABA_INH,rx_volume,125,,set to NULL; outside every treatment target-category window
DQ-002411,rx_claims_monthly.csv,missing_rx_volume,hcp_id=1854852153|month=2025-05|ndc_category=CV_ANTICOAG_ORAL,rx_volume,133,,set to NULL; outside every treatment target-category window
DQ-002412,rx_claims_monthly.csv,missing_rx_volume,hcp_id=1512844550|month=2025-01|ndc_category=METABOLIC_GLP1_INJ,rx_volume,146,,set to NULL; outside every treatment target-category window
DQ-002413,rx_claims_monthly.csv,missing_rx_volume,hcp_id=1407902521|month=2024-12|ndc_category=METABOLIC_GLP1_INJ,rx_volume,35,,set to NULL; outside every treatment target-category window
DQ-002414,rx_claims_monthly.csv,missing_rx_volume,hcp_id=1448589550|month=2024-07|ndc_category=METABOLIC_GLP1_INJ,rx_volume,38,,set to NULL; outside every treatment target-category window
DQ-002415,rx_claims_monthly.csv,missing_rx_volume,hcp_id=1666152792|month=2024-08|ndc_category=CV_ANTICOAG_ORAL,rx_volume,46,,set to NULL; outside every treatment target-category window
DQ-002416,rx_claims_monthly.csv,missing_rx_volume,hcp_id=1028050239|month=2023-10|ndc_category=CV_ANTICOAG_ORAL,rx_volume,106,,set to NULL; outside every treatment target-category window
DQ-002417,rx_claims_monthly.csv,missing_rx_volume,hcp_id=1902607450|month=2024-02|ndc_category=METABOLIC_GLP1_INJ,rx_volume,143,,set to NULL; outside every treatment target-category window
DQ-002418,rx_claims_monthly.csv,missing_rx_volume,hcp_id=1993367014|month=2024-04|ndc_category=PULM_ICS_LABA_INH,rx_volume,211,,set to NULL; outside every treatment target-category window
DQ-002419,rx_claims_monthly.csv,missing_rx_volume,hcp_id=1349076541|month=2025-06|ndc_category=METABOLIC_GLP1_INJ,rx_volume,19,,set to NULL; outside every treatment target-category window
DQ-002420,rx_claims_monthly.csv,missing_rx_volume,hcp_id=1443551811|month=2023-08|ndc_category=METABOLIC_GLP1_INJ,rx_volume,117,,set to NULL; outside every treatment target-category window
DQ-002421,rx_claims_monthly.csv,missing_rx_volume,hcp_id=1666152792|month=2023-02|ndc_category=METABOLIC_GLP1_INJ,rx_volume,48,,set to NULL; outside every treatment target-category window
DQ-002422,rx_claims_monthly.csv,missing_rx_volume,hcp_id=1330156328|month=2024-08|ndc_category=CV_ANTICOAG_ORAL,rx_volume,28,,set to NULL; outside every treatment target-category window
DQ-002423,rx_claims_monthly.csv,missing_rx_volume,hcp_id=1346135829|month=2025-07|ndc_category=PC_ANTIHYPERTENSIVE,rx_volume,836,,set to NULL; outside every treatment target-category window
DQ-002424,rx_claims_monthly.csv,missing_rx_volume,hcp_id=1101142523|month=2025-01|ndc_category=CV_ANTICOAG_ORAL,rx_volume,39,,set to NULL; outside every treatment target-category window
DQ-002425,rx_claims_monthly.csv,missing_rx_volume,hcp_id=1901417067|month=2025-09|ndc_category=METABOLIC_GLP1_INJ,rx_volume,149,,set to NULL; outside every treatment target-category window
DQ-002426,rx_claims_monthly.csv,missing_rx_volume,hcp_id=1012264374|month=2022-12|ndc_category=CV_ANTICOAG_ORAL,rx_volume,236,,set to NULL; outside every treatment target-category window
DQ-002427,rx_claims_monthly.csv,missing_rx_volume,hcp_id=1573445784|month=2023-05|ndc_category=CV_ANTICOAG_ORAL,rx_volume,123,,set to NULL; outside every treatment target-category window
DQ-002428,rx_claims_monthly.csv,missing_rx_volume,hcp_id=1246818524|month=2023-08|ndc_category=PC_ANTIHYPERTENSIVE,rx_volume,91,,set to NULL; outside every treatment target-category window
DQ-002429,rx_claims_monthly.csv,missing_rx_volume,hcp_id=1028772501|month=2025-08|ndc_category=NEURO_MIGRAINE_CGRP,rx_volume,231,,set to NULL; outside every treatment target-category window
DQ-002430,rx_claims_monthly.csv,missing_rx_volume,hcp_id=1240190284|month=2025-07|ndc_category=CV_ANTICOAG_ORAL,rx_volume,215,,set to NULL; outside every treatment target-category window
DQ-002431,rx_claims_monthly.csv,missing_rx_volume,hcp_id=1742579091|month=2024-01|ndc_category=METABOLIC_GLP1_INJ,rx_volume,143,,set to NULL; outside every treatment target-category window
DQ-002432,rx_claims_monthly.csv,missing_rx_volume,hcp_id=1038582841|month=2023-05|ndc_category=CV_ANTICOAG_ORAL,rx_volume,81,,set to NULL; outside every treatment target-category window
DQ-002433,rx_claims_monthly.csv,missing_rx_volume,hcp_id=1506592454|month=2023-05|ndc_category=CV_ANTICOAG_ORAL,rx_volume,89,,set to NULL; outside every treatment target-category window
DQ-002434,rx_claims_monthly.csv,missing_rx_volume,hcp_id=1639269087|month=2023-01|ndc_category=PC_ANTIHYPERTENSIVE,rx_volume,206,,set to NULL; outside every treatment target-category window
DQ-002435,rx_claims_monthly.csv,missing_rx_volume,hcp_id=1001056401|month=2024-01|ndc_category=ONC_TARGETED_ORAL,rx_volume,317,,set to NULL; outside every treatment target-category window
DQ-002436,rx_claims_monthly.csv,missing_rx_volume,hcp_id=1275723975|month=2024-12|ndc_category=METABOLIC_GLP1_INJ,rx_volume,86,,set to NULL; outside every treatment target-category window
DQ-002437,rx_claims_monthly.csv,missing_rx_volume,hcp_id=1768225918|month=2022-12|ndc_category=METABOLIC_GLP1_INJ,rx_volume,109,,set to NULL; outside every treatment target-category window
DQ-002438,rx_claims_monthly.csv,missing_rx_volume,hcp_id=1903121188|month=2025-10|ndc_category=PULM_ICS_LABA_INH,rx_volume,116,,set to NULL; outside every treatment target-category window
DQ-002439,rx_claims_monthly.csv,missing_rx_volume,hcp_id=1299294599|month=2023-04|ndc_category=METABOLIC_GLP1_INJ,rx_volume,70,,set to NULL; outside every treatment target-category window
DQ-002440,rx_claims_monthly.csv,missing_rx_volume,hcp_id=1094061177|month=2023-11|ndc_category=CV_ANTICOAG_ORAL,rx_volume,289,,set to NULL; outside every treatment target-category window
DQ-002441,rx_claims_monthly.csv,missing_rx_volume,hcp_id=1166368237|month=2023-07|ndc_category=CV_ANTICOAG_ORAL,rx_volume,154,,set to NULL; outside every treatment target-category window
DQ-002442,rx_claims_monthly.csv,missing_rx_volume,hcp_id=1955620046|month=2024-10|ndc_category=METABOLIC_GLP1_INJ,rx_volume,694,,set to NULL; outside every treatment target-category window
DQ-002443,rx_claims_monthly.csv,missing_rx_volume,hcp_id=1397150222|month=2023-04|ndc_category=CV_ANTICOAG_ORAL,rx_volume,287,,set to NULL; outside every treatment target-category window
DQ-002444,rx_claims_monthly.csv,missing_rx_volume,hcp_id=1156551297|month=2023-03|ndc_category=RHEUM_JAK_ORAL,rx_volume,91,,set to NULL; outside every treatment target-category window
DQ-002445,rx_claims_monthly.csv,missing_rx_volume,hcp_id=1271463741|month=2023-10|ndc_category=METABOLIC_GLP1_INJ,rx_volume,123,,set to NULL; outside every treatment target-category window
DQ-002446,rx_claims_monthly.csv,missing_rx_volume,hcp_id=1280087226|month=2025-05|ndc_category=CV_ANTICOAG_ORAL,rx_volume,703,,set to NULL; outside every treatment target-category window
DQ-002447,rx_claims_monthly.csv,missing_rx_volume,hcp_id=1534502129|month=2025-01|ndc_category=PC_ANTIHYPERTENSIVE,rx_volume,139,,set to NULL; outside every treatment target-category window
DQ-002448,rx_claims_monthly.csv,missing_rx_volume,hcp_id=1623506957|month=2025-05|ndc_category=CARD_HF_ARNI,rx_volume,76,,set to NULL; outside every treatment target-category window
DQ-002449,rx_claims_monthly.csv,missing_rx_volume,hcp_id=1507069536|month=2025-10|ndc_category=CV_ANTICOAG_ORAL,rx_volume,31,,set to NULL; outside every treatment target-category window
DQ-002450,rx_claims_monthly.csv,missing_rx_volume,hcp_id=1305714580|month=2025-07|ndc_category=CV_ANTICOAG_ORAL,rx_volume,573,,set to NULL; outside every treatment target-category window
DQ-002451,rx_claims_monthly.csv,missing_rx_volume,hcp_id=1338304433|month=2024-10|ndc_category=CV_ANTICOAG_ORAL,rx_volume,180,,set to NULL; outside every treatment target-category window
DQ-002452,rx_claims_monthly.csv,missing_rx_volume,hcp_id=1324237324|month=2024-09|ndc_category=CV_ANTICOAG_ORAL,rx_volume,75,,set to NULL; outside every treatment target-category window
DQ-002453,rx_claims_monthly.csv,missing_rx_volume,hcp_id=1655727265|month=2023-08|ndc_category=CV_ANTICOAG_ORAL,rx_volume,175,,set to NULL; outside every treatment target-category window
DQ-002454,rx_claims_monthly.csv,missing_rx_volume,hcp_id=1872102060|month=2024-06|ndc_category=CV_ANTICOAG_ORAL,rx_volume,54,,set to NULL; outside every treatment target-category window
DQ-002455,rx_claims_monthly.csv,missing_rx_volume,hcp_id=1036718538|month=2024-03|ndc_category=METABOLIC_GLP1_INJ,rx_volume,79,,set to NULL; outside every treatment target-category window
DQ-002456,rx_claims_monthly.csv,missing_rx_volume,hcp_id=1783823739|month=2024-03|ndc_category=CV_ANTICOAG_ORAL,rx_volume,438,,set to NULL; outside every treatment target-category window
DQ-002457,rx_claims_monthly.csv,missing_rx_volume,hcp_id=1693072195|month=2025-09|ndc_category=ENDO_BASAL_INSULIN,rx_volume,342,,set to NULL; outside every treatment target-category window
DQ-002458,rx_claims_monthly.csv,missing_rx_volume,hcp_id=1762971749|month=2024-12|ndc_category=METABOLIC_GLP1_INJ,rx_volume,110,,set to NULL; outside every treatment target-category window
DQ-002459,rx_claims_monthly.csv,missing_rx_volume,hcp_id=1260690478|month=2024-05|ndc_category=RHEUM_JAK_ORAL,rx_volume,158,,set to NULL; outside every treatment target-category window
DQ-002460,rx_claims_monthly.csv,missing_rx_volume,hcp_id=1898803444|month=2024-08|ndc_category=ENDO_BASAL_INSULIN,rx_volume,196,,set to NULL; outside every treatment target-category window
DQ-002461,rx_claims_monthly.csv,missing_rx_volume,hcp_id=1987971524|month=2023-04|ndc_category=NEURO_MIGRAINE_CGRP,rx_volume,92,,set to NULL; outside every treatment target-category window
DQ-002462,rx_claims_monthly.csv,missing_rx_volume,hcp_id=1795350721|month=2023-04|ndc_category=CV_ANTICOAG_ORAL,rx_volume,277,,set to NULL; outside every treatment target-category window
DQ-002463,rx_claims_monthly.csv,missing_rx_volume,hcp_id=1013443506|month=2023-09|ndc_category=METABOLIC_GLP1_INJ,rx_volume,31,,set to NULL; outside every treatment target-category window
DQ-002464,rx_claims_monthly.csv,missing_rx_volume,hcp_id=1710487228|month=2023-09|ndc_category=CV_ANTICOAG_ORAL,rx_volume,80,,set to NULL; outside every treatment target-category window
DQ-002465,rx_claims_monthly.csv,missing_rx_volume,hcp_id=1693072195|month=2025-09|ndc_category=CV_ANTICOAG_ORAL,rx_volume,498,,set to NULL; outside every treatment target-category window
DQ-002466,rx_claims_monthly.csv,missing_rx_volume,hcp_id=1042285084|month=2023-04|ndc_category=CV_ANTICOAG_ORAL,rx_volume,296,,set to NULL; outside every treatment target-category window
DQ-002467,rx_claims_monthly.csv,missing_rx_volume,hcp_id=1527981900|month=2023-08|ndc_category=METABOLIC_GLP1_INJ,rx_volume,73,,set to NULL; outside every treatment target-category window
DQ-002468,rx_claims_monthly.csv,missing_rx_volume,hcp_id=1942292768|month=2025-07|ndc_category=ONC_TARGETED_ORAL,rx_volume,205,,set to NULL; outside every treatment target-category window
DQ-002469,rx_claims_monthly.csv,missing_rx_volume,hcp_id=1955620046|month=2023-08|ndc_category=METABOLIC_GLP1_INJ,rx_volume,369,,set to NULL; outside every treatment target-category window
DQ-002470,rx_claims_monthly.csv,missing_rx_volume,hcp_id=1268222167|month=2024-11|ndc_category=CV_ANTICOAG_ORAL,rx_volume,475,,set to NULL; outside every treatment target-category window
DQ-002471,rx_claims_monthly.csv,missing_rx_volume,hcp_id=1519182780|month=2024-04|ndc_category=CV_ANTICOAG_ORAL,rx_volume,178,,set to NULL; outside every treatment target-category window
DQ-002472,rx_claims_monthly.csv,missing_rx_volume,hcp_id=1221260676|month=2023-09|ndc_category=CV_ANTICOAG_ORAL,rx_volume,66,,set to NULL; outside every treatment target-category window
DQ-002473,rx_claims_monthly.csv,missing_rx_volume,hcp_id=1223528765|month=2023-04|ndc_category=CV_ANTICOAG_ORAL,rx_volume,92,,set to NULL; outside every treatment target-category window
DQ-002474,rx_claims_monthly.csv,missing_rx_volume,hcp_id=1848624494|month=2023-02|ndc_category=CV_ANTICOAG_ORAL,rx_volume,250,,set to NULL; outside every treatment target-category window
DQ-002475,rx_claims_monthly.csv,missing_rx_volume,hcp_id=1645750203|month=2024-11|ndc_category=CARD_HF_ARNI,rx_volume,168,,set to NULL; outside every treatment target-category window
DQ-002476,rx_claims_monthly.csv,missing_rx_volume,hcp_id=1828803407|month=2024-09|ndc_category=METABOLIC_GLP1_INJ,rx_volume,45,,set to NULL; outside every treatment target-category window
DQ-002477,rx_claims_monthly.csv,missing_rx_volume,hcp_id=1821714619|month=2023-01|ndc_category=CV_ANTICOAG_ORAL,rx_volume,129,,set to NULL; outside every treatment target-category window
DQ-002478,rx_claims_monthly.csv,missing_rx_volume,hcp_id=1601451010|month=2025-09|ndc_category=CV_ANTICOAG_ORAL,rx_volume,81,,set to NULL; outside every treatment target-category window
DQ-002479,rx_claims_monthly.csv,missing_rx_volume,hcp_id=1976509970|month=2025-09|ndc_category=NEURO_MIGRAINE_CGRP,rx_volume,57,,set to NULL; outside every treatment target-category window
DQ-002480,rx_claims_monthly.csv,missing_rx_volume,hcp_id=1377516020|month=2024-09|ndc_category=PC_ANTIHYPERTENSIVE,rx_volume,81,,set to NULL; outside every treatment target-category window
DQ-002481,rx_claims_monthly.csv,missing_rx_volume,hcp_id=1566276774|month=2024-11|ndc_category=METABOLIC_GLP1_INJ,rx_volume,541,,set to NULL; outside every treatment target-category window
DQ-002482,rx_claims_monthly.csv,missing_rx_volume,hcp_id=1410724201|month=2023-07|ndc_category=CV_ANTICOAG_ORAL,rx_volume,171,,set to NULL; outside every treatment target-category window
DQ-002483,rx_claims_monthly.csv,missing_rx_volume,hcp_id=1659738110|month=2025-05|ndc_category=METABOLIC_GLP1_INJ,rx_volume,30,,set to NULL; outside every treatment target-category window
DQ-002484,rx_claims_monthly.csv,missing_rx_volume,hcp_id=1196400158|month=2023-04|ndc_category=RHEUM_JAK_ORAL,rx_volume,253,,set to NULL; outside every treatment target-category window
DQ-002485,rx_claims_monthly.csv,missing_rx_volume,hcp_id=1492077734|month=2024-11|ndc_category=METABOLIC_GLP1_INJ,rx_volume,337,,set to NULL; outside every treatment target-category window
DQ-002486,rx_claims_monthly.csv,missing_rx_volume,hcp_id=1002145427|month=2023-12|ndc_category=METABOLIC_GLP1_INJ,rx_volume,276,,set to NULL; outside every treatment target-category window
DQ-002487,rx_claims_monthly.csv,missing_rx_volume,hcp_id=1968209027|month=2025-06|ndc_category=RHEUM_JAK_ORAL,rx_volume,187,,set to NULL; outside every treatment target-category window
DQ-002488,rx_claims_monthly.csv,missing_rx_volume,hcp_id=1386832996|month=2025-04|ndc_category=CV_ANTICOAG_ORAL,rx_volume,235,,set to NULL; outside every treatment target-category window
DQ-002489,rx_claims_monthly.csv,missing_rx_volume,hcp_id=1309185530|month=2025-10|ndc_category=ONC_TARGETED_ORAL,rx_volume,104,,set to NULL; outside every treatment target-category window
DQ-002490,rx_claims_monthly.csv,missing_rx_volume,hcp_id=1570328496|month=2025-07|ndc_category=METABOLIC_GLP1_INJ,rx_volume,565,,set to NULL; outside every treatment target-category window
DQ-002491,rx_claims_monthly.csv,missing_rx_volume,hcp_id=1976509970|month=2024-11|ndc_category=CV_ANTICOAG_ORAL,rx_volume,64,,set to NULL; outside every treatment target-category window
DQ-002492,rx_claims_monthly.csv,missing_rx_volume,hcp_id=1234567687|month=2025-01|ndc_category=CV_ANTICOAG_ORAL,rx_volume,122,,set to NULL; outside every treatment target-category window
DQ-002493,rx_claims_monthly.csv,missing_rx_volume,hcp_id=1246428209|month=2023-06|ndc_category=PULM_ICS_LABA_INH,rx_volume,279,,set to NULL; outside every treatment target-category window
DQ-002494,rx_claims_monthly.csv,missing_rx_volume,hcp_id=1693013389|month=2025-08|ndc_category=CV_ANTICOAG_ORAL,rx_volume,345,,set to NULL; outside every treatment target-category window
DQ-002495,rx_claims_monthly.csv,missing_rx_volume,hcp_id=1621842156|month=2024-07|ndc_category=CV_ANTICOAG_ORAL,rx_volume,114,,set to NULL; outside every treatment target-category window
DQ-002496,rx_claims_monthly.csv,missing_rx_volume,hcp_id=1751172259|month=2023-01|ndc_category=CARD_HF_ARNI,rx_volume,339,,set to NULL; outside every treatment target-category window
DQ-002497,rx_claims_monthly.csv,missing_rx_volume,hcp_id=1012597443|month=2024-02|ndc_category=CV_ANTICOAG_ORAL,rx_volume,32,,set to NULL; outside every treatment target-category window
DQ-002498,rx_claims_monthly.csv,missing_rx_volume,hcp_id=1917761615|month=2024-05|ndc_category=NEURO_MIGRAINE_CGRP,rx_volume,430,,set to NULL; outside every treatment target-category window
DQ-002499,rx_claims_monthly.csv,missing_rx_volume,hcp_id=1779411515|month=2023-12|ndc_category=METABOLIC_GLP1_INJ,rx_volume,234,,set to NULL; outside every treatment target-category window
DQ-002500,rx_claims_monthly.csv,missing_rx_volume,hcp_id=1535436392|month=2023-02|ndc_category=ONC_TARGETED_ORAL,rx_volume,95,,set to NULL; outside every treatment target-category window
DQ-002501,rx_claims_monthly.csv,missing_rx_volume,hcp_id=1028772501|month=2023-08|ndc_category=CV_ANTICOAG_ORAL,rx_volume,196,,set to NULL; outside every treatment target-category window
DQ-002502,rx_claims_monthly.csv,missing_rx_volume,hcp_id=1464805419|month=2025-07|ndc_category=CV_ANTICOAG_ORAL,rx_volume,76,,set to NULL; outside every treatment target-category window
DQ-002503,rx_claims_monthly.csv,missing_rx_volume,hcp_id=1332369119|month=2023-10|ndc_category=CV_ANTICOAG_ORAL,rx_volume,237,,set to NULL; outside every treatment target-category window
DQ-002504,rx_claims_monthly.csv,missing_rx_volume,hcp_id=1190842652|month=2024-09|ndc_category=METABOLIC_GLP1_INJ,rx_volume,214,,set to NULL; outside every treatment target-category window
DQ-002505,rx_claims_monthly.csv,missing_rx_volume,hcp_id=1847794991|month=2024-02|ndc_category=METABOLIC_GLP1_INJ,rx_volume,68,,set to NULL; outside every treatment target-category window
DQ-002506,rx_claims_monthly.csv,missing_rx_volume,hcp_id=1296624285|month=2023-12|ndc_category=CV_ANTICOAG_ORAL,rx_volume,150,,set to NULL; outside every treatment target-category window
DQ-002507,rx_claims_monthly.csv,missing_rx_volume,hcp_id=1693809661|month=2023-04|ndc_category=METABOLIC_GLP1_INJ,rx_volume,112,,set to NULL; outside every treatment target-category window
DQ-002508,rx_claims_monthly.csv,missing_rx_volume,hcp_id=1206870192|month=2024-07|ndc_category=CV_ANTICOAG_ORAL,rx_volume,234,,set to NULL; outside every treatment target-category window
DQ-002509,rx_claims_monthly.csv,missing_rx_volume,hcp_id=1178533166|month=2024-06|ndc_category=CV_ANTICOAG_ORAL,rx_volume,106,,set to NULL; outside every treatment target-category window
DQ-002510,rx_claims_monthly.csv,missing_rx_volume,hcp_id=1703230064|month=2023-12|ndc_category=CV_ANTICOAG_ORAL,rx_volume,54,,set to NULL; outside every treatment target-category window
DQ-002511,rx_claims_monthly.csv,missing_rx_volume,hcp_id=1158498141|month=2024-08|ndc_category=METABOLIC_GLP1_INJ,rx_volume,26,,set to NULL; outside every treatment target-category window
DQ-002512,rx_claims_monthly.csv,missing_rx_volume,hcp_id=1041494554|month=2025-01|ndc_category=PULM_ICS_LABA_INH,rx_volume,64,,set to NULL; outside every treatment target-category window
DQ-002513,rx_claims_monthly.csv,missing_rx_volume,hcp_id=1421582168|month=2023-08|ndc_category=CV_ANTICOAG_ORAL,rx_volume,143,,set to NULL; outside every treatment target-category window
DQ-002514,rx_claims_monthly.csv,missing_rx_volume,hcp_id=1997693654|month=2024-10|ndc_category=METABOLIC_GLP1_INJ,rx_volume,60,,set to NULL; outside every treatment target-category window
DQ-002515,rx_claims_monthly.csv,missing_rx_volume,hcp_id=1398789739|month=2023-08|ndc_category=NEURO_MIGRAINE_CGRP,rx_volume,225,,set to NULL; outside every treatment target-category window
DQ-002516,rx_claims_monthly.csv,missing_rx_volume,hcp_id=1752055289|month=2024-10|ndc_category=CV_ANTICOAG_ORAL,rx_volume,76,,set to NULL; outside every treatment target-category window
DQ-002517,rx_claims_monthly.csv,missing_rx_volume,hcp_id=1949931087|month=2025-03|ndc_category=METABOLIC_GLP1_INJ,rx_volume,87,,set to NULL; outside every treatment target-category window
DQ-002518,rx_claims_monthly.csv,missing_rx_volume,hcp_id=1356982086|month=2024-03|ndc_category=METABOLIC_GLP1_INJ,rx_volume,202,,set to NULL; outside every treatment target-category window
DQ-002519,rx_claims_monthly.csv,missing_rx_volume,hcp_id=1535323178|month=2023-02|ndc_category=CV_ANTICOAG_ORAL,rx_volume,147,,set to NULL; outside every treatment target-category window
DQ-002520,rx_claims_monthly.csv,missing_rx_volume,hcp_id=1081031506|month=2024-11|ndc_category=CV_ANTICOAG_ORAL,rx_volume,140,,set to NULL; outside every treatment target-category window
DQ-002521,rx_claims_monthly.csv,missing_rx_volume,hcp_id=1916437647|month=2024-05|ndc_category=CV_ANTICOAG_ORAL,rx_volume,106,,set to NULL; outside every treatment target-category window
DQ-002522,rx_claims_monthly.csv,missing_rx_volume,hcp_id=1443907526|month=2025-10|ndc_category=CARD_HF_ARNI,rx_volume,310,,set to NULL; outside every treatment target-category window
DQ-002523,rx_claims_monthly.csv,missing_rx_volume,hcp_id=1356707665|month=2025-05|ndc_category=ONC_TARGETED_ORAL,rx_volume,144,,set to NULL; outside every treatment target-category window
DQ-002524,rx_claims_monthly.csv,missing_rx_volume,hcp_id=1908127628|month=2022-12|ndc_category=CARD_HF_ARNI,rx_volume,151,,set to NULL; outside every treatment target-category window
DQ-002525,rx_claims_monthly.csv,missing_rx_volume,hcp_id=1289174306|month=2024-03|ndc_category=METABOLIC_GLP1_INJ,rx_volume,114,,set to NULL; outside every treatment target-category window
DQ-002526,rx_claims_monthly.csv,missing_rx_volume,hcp_id=1330017819|month=2023-10|ndc_category=CV_ANTICOAG_ORAL,rx_volume,174,,set to NULL; outside every treatment target-category window
DQ-002527,rx_claims_monthly.csv,missing_rx_volume,hcp_id=1004478891|month=2024-08|ndc_category=CV_ANTICOAG_ORAL,rx_volume,27,,set to NULL; outside every treatment target-category window
DQ-002528,rx_claims_monthly.csv,missing_rx_volume,hcp_id=1101495749|month=2024-07|ndc_category=METABOLIC_GLP1_INJ,rx_volume,53,,set to NULL; outside every treatment target-category window
DQ-002529,rx_claims_monthly.csv,missing_rx_volume,hcp_id=1099946885|month=2023-04|ndc_category=CV_ANTICOAG_ORAL,rx_volume,160,,set to NULL; outside every treatment target-category window
DQ-002530,rx_claims_monthly.csv,missing_rx_volume,hcp_id=1738266356|month=2024-07|ndc_category=METABOLIC_GLP1_INJ,rx_volume,27,,set to NULL; outside every treatment target-category window
DQ-002531,rx_claims_monthly.csv,missing_rx_volume,hcp_id=1917761615|month=2025-02|ndc_category=CV_ANTICOAG_ORAL,rx_volume,337,,set to NULL; outside every treatment target-category window
DQ-002532,rx_claims_monthly.csv,missing_rx_volume,hcp_id=1713731663|month=2025-06|ndc_category=CV_ANTICOAG_ORAL,rx_volume,779,,set to NULL; outside every treatment target-category window
DQ-002533,rx_claims_monthly.csv,missing_rx_volume,hcp_id=1611741350|month=2024-08|ndc_category=CARD_HF_ARNI,rx_volume,385,,set to NULL; outside every treatment target-category window
DQ-002534,rx_claims_monthly.csv,missing_rx_volume,hcp_id=1987092370|month=2023-11|ndc_category=METABOLIC_GLP1_INJ,rx_volume,43,,set to NULL; outside every treatment target-category window
DQ-002535,rx_claims_monthly.csv,missing_rx_volume,hcp_id=1714292012|month=2024-09|ndc_category=METABOLIC_GLP1_INJ,rx_volume,178,,set to NULL; outside every treatment target-category window
DQ-002536,rx_claims_monthly.csv,missing_rx_volume,hcp_id=1903798589|month=2023-07|ndc_category=CV_ANTICOAG_ORAL,rx_volume,243,,set to NULL; outside every treatment target-category window
DQ-002537,rx_claims_monthly.csv,missing_rx_volume,hcp_id=1875967568|month=2023-05|ndc_category=PULM_ICS_LABA_INH,rx_volume,250,,set to NULL; outside every treatment target-category window
DQ-002538,rx_claims_monthly.csv,missing_rx_volume,hcp_id=1595774286|month=2024-10|ndc_category=CV_ANTICOAG_ORAL,rx_volume,249,,set to NULL; outside every treatment target-category window
DQ-002539,rx_claims_monthly.csv,missing_rx_volume,hcp_id=1803233885|month=2023-11|ndc_category=CV_ANTICOAG_ORAL,rx_volume,149,,set to NULL; outside every treatment target-category window
DQ-002540,rx_claims_monthly.csv,missing_rx_volume,hcp_id=1182422455|month=2025-04|ndc_category=METABOLIC_GLP1_INJ,rx_volume,1088,,set to NULL; outside every treatment target-category window
DQ-002541,rx_claims_monthly.csv,missing_rx_volume,hcp_id=1838576308|month=2024-10|ndc_category=CV_ANTICOAG_ORAL,rx_volume,89,,set to NULL; outside every treatment target-category window
DQ-002542,rx_claims_monthly.csv,missing_rx_volume,hcp_id=1602648309|month=2024-05|ndc_category=RHEUM_JAK_ORAL,rx_volume,721,,set to NULL; outside every treatment target-category window
DQ-002543,rx_claims_monthly.csv,missing_rx_volume,hcp_id=1762664088|month=2024-08|ndc_category=CARD_HF_ARNI,rx_volume,184,,set to NULL; outside every treatment target-category window
DQ-002544,rx_claims_monthly.csv,missing_rx_volume,hcp_id=1590602128|month=2023-11|ndc_category=CV_ANTICOAG_ORAL,rx_volume,240,,set to NULL; outside every treatment target-category window
DQ-002545,rx_claims_monthly.csv,missing_rx_volume,hcp_id=1731313338|month=2023-01|ndc_category=METABOLIC_GLP1_INJ,rx_volume,62,,set to NULL; outside every treatment target-category window
DQ-002546,rx_claims_monthly.csv,missing_rx_volume,hcp_id=1214210316|month=2023-12|ndc_category=ONC_TARGETED_ORAL,rx_volume,68,,set to NULL; outside every treatment target-category window
DQ-002547,rx_claims_monthly.csv,missing_rx_volume,hcp_id=1282948292|month=2024-12|ndc_category=RHEUM_JAK_ORAL,rx_volume,101,,set to NULL; outside every treatment target-category window
DQ-002548,rx_claims_monthly.csv,missing_rx_volume,hcp_id=1506356074|month=2024-04|ndc_category=CV_ANTICOAG_ORAL,rx_volume,237,,set to NULL; outside every treatment target-category window
DQ-002549,rx_claims_monthly.csv,missing_rx_volume,hcp_id=1309185530|month=2025-08|ndc_category=METABOLIC_GLP1_INJ,rx_volume,57,,set to NULL; outside every treatment target-category window
DQ-002550,rx_claims_monthly.csv,missing_rx_volume,hcp_id=1742318383|month=2025-10|ndc_category=METABOLIC_GLP1_INJ,rx_volume,166,,set to NULL; outside every treatment target-category window
DQ-002551,rx_claims_monthly.csv,missing_rx_volume,hcp_id=1019230758|month=2023-05|ndc_category=NEURO_MIGRAINE_CGRP,rx_volume,170,,set to NULL; outside every treatment target-category window
DQ-002552,rx_claims_monthly.csv,missing_rx_volume,hcp_id=1117854327|month=2023-08|ndc_category=NEURO_MIGRAINE_CGRP,rx_volume,91,,set to NULL; outside every treatment target-category window
DQ-002553,rx_claims_monthly.csv,missing_rx_volume,hcp_id=1762971749|month=2023-01|ndc_category=CV_ANTICOAG_ORAL,rx_volume,183,,set to NULL; outside every treatment target-category window
DQ-002554,rx_claims_monthly.csv,missing_rx_volume,hcp_id=1801662945|month=2023-04|ndc_category=ENDO_BASAL_INSULIN,rx_volume,235,,set to NULL; outside every treatment target-category window
DQ-002555,rx_claims_monthly.csv,missing_rx_volume,hcp_id=1348428750|month=2025-02|ndc_category=RHEUM_JAK_ORAL,rx_volume,104,,set to NULL; outside every treatment target-category window
DQ-002556,rx_claims_monthly.csv,missing_rx_volume,hcp_id=1065674784|month=2025-02|ndc_category=CV_ANTICOAG_ORAL,rx_volume,180,,set to NULL; outside every treatment target-category window
DQ-002557,rx_claims_monthly.csv,missing_rx_volume,hcp_id=1181854898|month=2025-06|ndc_category=CV_ANTICOAG_ORAL,rx_volume,375,,set to NULL; outside every treatment target-category window
DQ-002558,rx_claims_monthly.csv,missing_rx_volume,hcp_id=1705644676|month=2024-02|ndc_category=METABOLIC_GLP1_INJ,rx_volume,62,,set to NULL; outside every treatment target-category window
DQ-002559,rx_claims_monthly.csv,missing_rx_volume,hcp_id=1374281198|month=2023-05|ndc_category=CV_ANTICOAG_ORAL,rx_volume,87,,set to NULL; outside every treatment target-category window
DQ-002560,rx_claims_monthly.csv,missing_rx_volume,hcp_id=1144669185|month=2025-07|ndc_category=METABOLIC_GLP1_INJ,rx_volume,601,,set to NULL; outside every treatment target-category window
DQ-002561,rx_claims_monthly.csv,missing_rx_volume,hcp_id=1228081653|month=2024-06|ndc_category=METABOLIC_GLP1_INJ,rx_volume,34,,set to NULL; outside every treatment target-category window
DQ-002562,rx_claims_monthly.csv,missing_rx_volume,hcp_id=1481247389|month=2024-02|ndc_category=CV_ANTICOAG_ORAL,rx_volume,230,,set to NULL; outside every treatment target-category window
DQ-002563,rx_claims_monthly.csv,missing_rx_volume,hcp_id=1234567687|month=2025-08|ndc_category=CV_ANTICOAG_ORAL,rx_volume,133,,set to NULL; outside every treatment target-category window
DQ-002564,rx_claims_monthly.csv,missing_rx_volume,hcp_id=1618352078|month=2024-10|ndc_category=METABOLIC_GLP1_INJ,rx_volume,188,,set to NULL; outside every treatment target-category window
DQ-002565,rx_claims_monthly.csv,missing_rx_volume,hcp_id=1547244776|month=2023-01|ndc_category=PULM_ICS_LABA_INH,rx_volume,142,,set to NULL; outside every treatment target-category window
DQ-002566,rx_claims_monthly.csv,missing_rx_volume,hcp_id=1604279475|month=2025-04|ndc_category=METABOLIC_GLP1_INJ,rx_volume,816,,set to NULL; outside every treatment target-category window
DQ-002567,rx_claims_monthly.csv,missing_rx_volume,hcp_id=1418295824|month=2024-10|ndc_category=CV_ANTICOAG_ORAL,rx_volume,62,,set to NULL; outside every treatment target-category window
DQ-002568,rx_claims_monthly.csv,missing_rx_volume,hcp_id=1696606064|month=2024-10|ndc_category=METABOLIC_GLP1_INJ,rx_volume,159,,set to NULL; outside every treatment target-category window
DQ-002569,rx_claims_monthly.csv,missing_rx_volume,hcp_id=1245726108|month=2023-09|ndc_category=PC_ANTIHYPERTENSIVE,rx_volume,350,,set to NULL; outside every treatment target-category window
DQ-002570,rx_claims_monthly.csv,missing_rx_volume,hcp_id=1413202163|month=2024-05|ndc_category=METABOLIC_GLP1_INJ,rx_volume,72,,set to NULL; outside every treatment target-category window
DQ-002571,rx_claims_monthly.csv,missing_rx_volume,hcp_id=1829206543|month=2025-01|ndc_category=ONC_TARGETED_ORAL,rx_volume,128,,set to NULL; outside every treatment target-category window
DQ-002572,rx_claims_monthly.csv,missing_rx_volume,hcp_id=1715246280|month=2023-12|ndc_category=METABOLIC_GLP1_INJ,rx_volume,86,,set to NULL; outside every treatment target-category window
DQ-002573,rx_claims_monthly.csv,missing_rx_volume,hcp_id=1775788783|month=2024-12|ndc_category=ONC_TARGETED_ORAL,rx_volume,532,,set to NULL; outside every treatment target-category window
DQ-002574,rx_claims_monthly.csv,missing_rx_volume,hcp_id=1934829601|month=2024-02|ndc_category=METABOLIC_GLP1_INJ,rx_volume,188,,set to NULL; outside every treatment target-category window
DQ-002575,rx_claims_monthly.csv,missing_rx_volume,hcp_id=1743613295|month=2025-10|ndc_category=CV_ANTICOAG_ORAL,rx_volume,83,,set to NULL; outside every treatment target-category window
DQ-002576,rx_claims_monthly.csv,missing_rx_volume,hcp_id=1404995171|month=2024-10|ndc_category=METABOLIC_GLP1_INJ,rx_volume,78,,set to NULL; outside every treatment target-category window
DQ-002577,rx_claims_monthly.csv,missing_rx_volume,hcp_id=1742974847|month=2024-06|ndc_category=CV_ANTICOAG_ORAL,rx_volume,46,,set to NULL; outside every treatment target-category window
DQ-002578,rx_claims_monthly.csv,missing_rx_volume,hcp_id=1884938808|month=2024-02|ndc_category=METABOLIC_GLP1_INJ,rx_volume,151,,set to NULL; outside every treatment target-category window
DQ-002579,rx_claims_monthly.csv,missing_rx_volume,hcp_id=1900401815|month=2025-09|ndc_category=ENDO_BASAL_INSULIN,rx_volume,274,,set to NULL; outside every treatment target-category window
DQ-002580,rx_claims_monthly.csv,missing_rx_volume,hcp_id=1534239003|month=2023-10|ndc_category=NEURO_MIGRAINE_CGRP,rx_volume,134,,set to NULL; outside every treatment target-category window
DQ-002581,rx_claims_monthly.csv,missing_rx_volume,hcp_id=1840863041|month=2025-07|ndc_category=CV_ANTICOAG_ORAL,rx_volume,335,,set to NULL; outside every treatment target-category window
DQ-002582,rx_claims_monthly.csv,missing_rx_volume,hcp_id=1232787030|month=2025-10|ndc_category=CV_ANTICOAG_ORAL,rx_volume,17,,set to NULL; outside every treatment target-category window
DQ-002583,rx_claims_monthly.csv,missing_rx_volume,hcp_id=1742974847|month=2023-10|ndc_category=CV_ANTICOAG_ORAL,rx_volume,50,,set to NULL; outside every treatment target-category window
DQ-002584,rx_claims_monthly.csv,missing_rx_volume,hcp_id=1535436392|month=2022-12|ndc_category=METABOLIC_GLP1_INJ,rx_volume,72,,set to NULL; outside every treatment target-category window
DQ-002585,rx_claims_monthly.csv,missing_rx_volume,hcp_id=1969914385|month=2025-05|ndc_category=METABOLIC_GLP1_INJ,rx_volume,49,,set to NULL; outside every treatment target-category window
DQ-002586,rx_claims_monthly.csv,missing_rx_volume,hcp_id=1889776344|month=2024-06|ndc_category=CV_ANTICOAG_ORAL,rx_volume,287,,set to NULL; outside every treatment target-category window
DQ-002587,rx_claims_monthly.csv,missing_rx_volume,hcp_id=1064190048|month=2025-04|ndc_category=NEURO_MIGRAINE_CGRP,rx_volume,213,,set to NULL; outside every treatment target-category window
DQ-002588,rx_claims_monthly.csv,missing_rx_volume,hcp_id=1566070763|month=2025-03|ndc_category=CV_ANTICOAG_ORAL,rx_volume,885,,set to NULL; outside every treatment target-category window
DQ-002589,rx_claims_monthly.csv,missing_rx_volume,hcp_id=1015191335|month=2023-09|ndc_category=CARD_HF_ARNI,rx_volume,248,,set to NULL; outside every treatment target-category window
DQ-002590,rx_claims_monthly.csv,missing_rx_volume,hcp_id=1285907337|month=2023-02|ndc_category=METABOLIC_GLP1_INJ,rx_volume,103,,set to NULL; outside every treatment target-category window
DQ-002591,rx_claims_monthly.csv,missing_rx_volume,hcp_id=1282914906|month=2023-12|ndc_category=CV_ANTICOAG_ORAL,rx_volume,29,,set to NULL; outside every treatment target-category window
DQ-002592,rx_claims_monthly.csv,missing_rx_volume,hcp_id=1595301304|month=2024-10|ndc_category=CV_ANTICOAG_ORAL,rx_volume,114,,set to NULL; outside every treatment target-category window
DQ-002593,rx_claims_monthly.csv,missing_rx_volume,hcp_id=1279684447|month=2025-02|ndc_category=CV_ANTICOAG_ORAL,rx_volume,119,,set to NULL; outside every treatment target-category window
DQ-002594,rx_claims_monthly.csv,missing_rx_volume,hcp_id=1412773438|month=2024-07|ndc_category=CV_ANTICOAG_ORAL,rx_volume,507,,set to NULL; outside every treatment target-category window
DQ-002595,rx_claims_monthly.csv,missing_rx_volume,hcp_id=1918398995|month=2025-06|ndc_category=ONC_TARGETED_ORAL,rx_volume,117,,set to NULL; outside every treatment target-category window
DQ-002596,rx_claims_monthly.csv,missing_rx_volume,hcp_id=1085110611|month=2022-12|ndc_category=CV_ANTICOAG_ORAL,rx_volume,140,,set to NULL; outside every treatment target-category window
DQ-002597,rx_claims_monthly.csv,missing_rx_volume,hcp_id=1892083019|month=2024-03|ndc_category=PC_ANTIHYPERTENSIVE,rx_volume,368,,set to NULL; outside every treatment target-category window
DQ-002598,rx_claims_monthly.csv,missing_rx_volume,hcp_id=1842420535|month=2024-11|ndc_category=METABOLIC_GLP1_INJ,rx_volume,85,,set to NULL; outside every treatment target-category window
DQ-002599,rx_claims_monthly.csv,missing_rx_volume,hcp_id=1266109689|month=2025-08|ndc_category=CV_ANTICOAG_ORAL,rx_volume,459,,set to NULL; outside every treatment target-category window
DQ-002600,rx_claims_monthly.csv,missing_rx_volume,hcp_id=1955070549|month=2023-05|ndc_category=RHEUM_JAK_ORAL,rx_volume,92,,set to NULL; outside every treatment target-category window
DQ-002601,rx_claims_monthly.csv,missing_rx_volume,hcp_id=1031568581|month=2023-12|ndc_category=CV_ANTICOAG_ORAL,rx_volume,81,,set to NULL; outside every treatment target-category window
DQ-002602,rx_claims_monthly.csv,missing_rx_volume,hcp_id=1364592786|month=2023-08|ndc_category=CV_ANTICOAG_ORAL,rx_volume,58,,set to NULL; outside every treatment target-category window
DQ-002603,rx_claims_monthly.csv,missing_rx_volume,hcp_id=1814938340|month=2023-02|ndc_category=CV_ANTICOAG_ORAL,rx_volume,123,,set to NULL; outside every treatment target-category window
DQ-002604,rx_claims_monthly.csv,missing_rx_volume,hcp_id=1595774286|month=2023-07|ndc_category=CV_ANTICOAG_ORAL,rx_volume,194,,set to NULL; outside every treatment target-category window
DQ-002605,rx_claims_monthly.csv,missing_rx_volume,hcp_id=1724092733|month=2024-10|ndc_category=CV_ANTICOAG_ORAL,rx_volume,329,,set to NULL; outside every treatment target-category window
DQ-002606,rx_claims_monthly.csv,missing_rx_volume,hcp_id=1371759725|month=2023-09|ndc_category=CV_ANTICOAG_ORAL,rx_volume,74,,set to NULL; outside every treatment target-category window
DQ-002607,rx_claims_monthly.csv,missing_rx_volume,hcp_id=1707917476|month=2024-04|ndc_category=ENDO_BASAL_INSULIN,rx_volume,112,,set to NULL; outside every treatment target-category window
DQ-002608,rx_claims_monthly.csv,missing_rx_volume,hcp_id=1338689064|month=2025-04|ndc_category=ENDO_BASAL_INSULIN,rx_volume,552,,set to NULL; outside every treatment target-category window
DQ-002609,rx_claims_monthly.csv,missing_rx_volume,hcp_id=1061387373|month=2024-03|ndc_category=METABOLIC_GLP1_INJ,rx_volume,84,,set to NULL; outside every treatment target-category window
DQ-002610,rx_claims_monthly.csv,missing_rx_volume,hcp_id=1892897319|month=2023-06|ndc_category=METABOLIC_GLP1_INJ,rx_volume,265,,set to NULL; outside every treatment target-category window
DQ-002611,rx_claims_monthly.csv,missing_rx_volume,hcp_id=1429777182|month=2024-04|ndc_category=METABOLIC_GLP1_INJ,rx_volume,141,,set to NULL; outside every treatment target-category window
DQ-002612,rx_claims_monthly.csv,missing_rx_volume,hcp_id=1947954388|month=2024-01|ndc_category=PC_ANTIHYPERTENSIVE,rx_volume,89,,set to NULL; outside every treatment target-category window
DQ-002613,rx_claims_monthly.csv,missing_rx_volume,hcp_id=1423152481|month=2023-01|ndc_category=CV_ANTICOAG_ORAL,rx_volume,238,,set to NULL; outside every treatment target-category window
DQ-002614,rx_claims_monthly.csv,missing_rx_volume,hcp_id=1797940958|month=2024-10|ndc_category=PULM_ICS_LABA_INH,rx_volume,73,,set to NULL; outside every treatment target-category window
DQ-002615,rx_claims_monthly.csv,missing_rx_volume,hcp_id=1847562299|month=2024-02|ndc_category=CV_ANTICOAG_ORAL,rx_volume,56,,set to NULL; outside every treatment target-category window
DQ-002616,rx_claims_monthly.csv,missing_rx_volume,hcp_id=1416978082|month=2025-08|ndc_category=CV_ANTICOAG_ORAL,rx_volume,125,,set to NULL; outside every treatment target-category window
DQ-002617,rx_claims_monthly.csv,missing_rx_volume,hcp_id=1338304433|month=2023-05|ndc_category=METABOLIC_GLP1_INJ,rx_volume,178,,set to NULL; outside every treatment target-category window
DQ-002618,rx_claims_monthly.csv,missing_rx_volume,hcp_id=1722038985|month=2023-05|ndc_category=CV_ANTICOAG_ORAL,rx_volume,182,,set to NULL; outside every treatment target-category window
DQ-002619,rx_claims_monthly.csv,missing_rx_volume,hcp_id=1423152481|month=2023-10|ndc_category=PC_ANTIHYPERTENSIVE,rx_volume,507,,set to NULL; outside every treatment target-category window
DQ-002620,rx_claims_monthly.csv,missing_rx_volume,hcp_id=1724092733|month=2023-03|ndc_category=CV_ANTICOAG_ORAL,rx_volume,216,,set to NULL; outside every treatment target-category window
DQ-002621,rx_claims_monthly.csv,missing_rx_volume,hcp_id=1903521262|month=2024-12|ndc_category=CV_ANTICOAG_ORAL,rx_volume,32,,set to NULL; outside every treatment target-category window
DQ-002622,rx_claims_monthly.csv,missing_rx_volume,hcp_id=1340455504|month=2024-07|ndc_category=PULM_ICS_LABA_INH,rx_volume,102,,set to NULL; outside every treatment target-category window
DQ-002623,rx_claims_monthly.csv,missing_rx_volume,hcp_id=1967802350|month=2024-06|ndc_category=PULM_ICS_LABA_INH,rx_volume,144,,set to NULL; outside every treatment target-category window
DQ-002624,rx_claims_monthly.csv,missing_rx_volume,hcp_id=1722898792|month=2024-09|ndc_category=METABOLIC_GLP1_INJ,rx_volume,145,,set to NULL; outside every treatment target-category window
DQ-002625,rx_claims_monthly.csv,missing_rx_volume,hcp_id=1630629040|month=2024-08|ndc_category=CV_ANTICOAG_ORAL,rx_volume,181,,set to NULL; outside every treatment target-category window
DQ-002626,rx_claims_monthly.csv,missing_rx_volume,hcp_id=1712092349|month=2025-10|ndc_category=METABOLIC_GLP1_INJ,rx_volume,57,,set to NULL; outside every treatment target-category window
DQ-002627,rx_claims_monthly.csv,missing_rx_volume,hcp_id=1389574017|month=2024-12|ndc_category=PULM_ICS_LABA_INH,rx_volume,378,,set to NULL; outside every treatment target-category window
DQ-002628,rx_claims_monthly.csv,missing_rx_volume,hcp_id=1773180629|month=2024-11|ndc_category=CV_ANTICOAG_ORAL,rx_volume,348,,set to NULL; outside every treatment target-category window
DQ-002629,rx_claims_monthly.csv,missing_rx_volume,hcp_id=1227780172|month=2025-05|ndc_category=METABOLIC_GLP1_INJ,rx_volume,296,,set to NULL; outside every treatment target-category window
DQ-002630,rx_claims_monthly.csv,missing_rx_volume,hcp_id=1875587127|month=2024-03|ndc_category=NEURO_MIGRAINE_CGRP,rx_volume,126,,set to NULL; outside every treatment target-category window
DQ-002631,rx_claims_monthly.csv,missing_rx_volume,hcp_id=1720146327|month=2024-12|ndc_category=NEURO_MIGRAINE_CGRP,rx_volume,528,,set to NULL; outside every treatment target-category window
DQ-002632,rx_claims_monthly.csv,missing_rx_volume,hcp_id=1296624285|month=2023-01|ndc_category=METABOLIC_GLP1_INJ,rx_volume,66,,set to NULL; outside every treatment target-category window
DQ-002633,rx_claims_monthly.csv,missing_rx_volume,hcp_id=1799582725|month=2023-02|ndc_category=CV_ANTICOAG_ORAL,rx_volume,157,,set to NULL; outside every treatment target-category window
DQ-002634,rx_claims_monthly.csv,missing_rx_volume,hcp_id=1187084813|month=2024-05|ndc_category=CV_ANTICOAG_ORAL,rx_volume,248,,set to NULL; outside every treatment target-category window
DQ-002635,rx_claims_monthly.csv,missing_rx_volume,hcp_id=1036176265|month=2023-09|ndc_category=METABOLIC_GLP1_INJ,rx_volume,176,,set to NULL; outside every treatment target-category window
DQ-002636,rx_claims_monthly.csv,missing_rx_volume,hcp_id=1099946885|month=2023-02|ndc_category=CV_ANTICOAG_ORAL,rx_volume,180,,set to NULL; outside every treatment target-category window
DQ-002637,rx_claims_monthly.csv,missing_rx_volume,hcp_id=1592062677|month=2025-10|ndc_category=NEURO_MIGRAINE_CGRP,rx_volume,873,,set to NULL; outside every treatment target-category window
DQ-002638,rx_claims_monthly.csv,missing_rx_volume,hcp_id=1824172013|month=2024-03|ndc_category=CV_ANTICOAG_ORAL,rx_volume,279,,set to NULL; outside every treatment target-category window
DQ-002639,rx_claims_monthly.csv,missing_rx_volume,hcp_id=1535436392|month=2022-12|ndc_category=ONC_TARGETED_ORAL,rx_volume,66,,set to NULL; outside every treatment target-category window
DQ-002640,rx_claims_monthly.csv,missing_rx_volume,hcp_id=1541379537|month=2023-06|ndc_category=METABOLIC_GLP1_INJ,rx_volume,142,,set to NULL; outside every treatment target-category window
DQ-002641,rx_claims_monthly.csv,missing_rx_volume,hcp_id=1518121706|month=2023-06|ndc_category=CV_ANTICOAG_ORAL,rx_volume,186,,set to NULL; outside every treatment target-category window
DQ-002642,rx_claims_monthly.csv,missing_rx_volume,hcp_id=1338304433|month=2023-07|ndc_category=ONC_TARGETED_ORAL,rx_volume,448,,set to NULL; outside every treatment target-category window
DQ-002643,rx_claims_monthly.csv,missing_rx_volume,hcp_id=1854852153|month=2025-04|ndc_category=CV_ANTICOAG_ORAL,rx_volume,176,,set to NULL; outside every treatment target-category window
DQ-002644,rx_claims_monthly.csv,missing_rx_volume,hcp_id=1510477734|month=2025-05|ndc_category=METABOLIC_GLP1_INJ,rx_volume,31,,set to NULL; outside every treatment target-category window
DQ-002645,rx_claims_monthly.csv,missing_rx_volume,hcp_id=1555285877|month=2024-02|ndc_category=CV_ANTICOAG_ORAL,rx_volume,108,,set to NULL; outside every treatment target-category window
DQ-002646,rx_claims_monthly.csv,missing_rx_volume,hcp_id=1085047243|month=2025-10|ndc_category=CV_ANTICOAG_ORAL,rx_volume,16,,set to NULL; outside every treatment target-category window
DQ-002647,rx_claims_monthly.csv,missing_rx_volume,hcp_id=1501344612|month=2025-09|ndc_category=CV_ANTICOAG_ORAL,rx_volume,80,,set to NULL; outside every treatment target-category window
DQ-002648,rx_claims_monthly.csv,missing_rx_volume,hcp_id=1019230758|month=2023-01|ndc_category=CV_ANTICOAG_ORAL,rx_volume,154,,set to NULL; outside every treatment target-category window
DQ-002649,rx_claims_monthly.csv,missing_rx_volume,hcp_id=1589965130|month=2023-09|ndc_category=METABOLIC_GLP1_INJ,rx_volume,197,,set to NULL; outside every treatment target-category window
DQ-002650,rx_claims_monthly.csv,missing_rx_volume,hcp_id=1855585794|month=2023-03|ndc_category=ONC_TARGETED_ORAL,rx_volume,216,,set to NULL; outside every treatment target-category window
DQ-002651,rx_claims_monthly.csv,missing_rx_volume,hcp_id=1821714619|month=2023-08|ndc_category=CV_ANTICOAG_ORAL,rx_volume,106,,set to NULL; outside every treatment target-category window
DQ-002652,rx_claims_monthly.csv,missing_rx_volume,hcp_id=1486382629|month=2024-06|ndc_category=ONC_TARGETED_ORAL,rx_volume,88,,set to NULL; outside every treatment target-category window
DQ-002653,rx_claims_monthly.csv,missing_rx_volume,hcp_id=1694658844|month=2025-03|ndc_category=CV_ANTICOAG_ORAL,rx_volume,261,,set to NULL; outside every treatment target-category window
DQ-002654,rx_claims_monthly.csv,missing_rx_volume,hcp_id=1577953643|month=2024-08|ndc_category=METABOLIC_GLP1_INJ,rx_volume,29,,set to NULL; outside every treatment target-category window
DQ-002655,rx_claims_monthly.csv,missing_rx_volume,hcp_id=1849988823|month=2025-08|ndc_category=PC_ANTIHYPERTENSIVE,rx_volume,34,,set to NULL; outside every treatment target-category window
DQ-002656,rx_claims_monthly.csv,missing_rx_volume,hcp_id=1732000645|month=2024-11|ndc_category=METABOLIC_GLP1_INJ,rx_volume,178,,set to NULL; outside every treatment target-category window
DQ-002657,rx_claims_monthly.csv,missing_rx_volume,hcp_id=1995404856|month=2023-02|ndc_category=METABOLIC_GLP1_INJ,rx_volume,198,,set to NULL; outside every treatment target-category window
DQ-002658,rx_claims_monthly.csv,missing_rx_volume,hcp_id=1064190048|month=2024-11|ndc_category=CV_ANTICOAG_ORAL,rx_volume,116,,set to NULL; outside every treatment target-category window
DQ-002659,rx_claims_monthly.csv,missing_rx_volume,hcp_id=1870533357|month=2025-09|ndc_category=CV_ANTICOAG_ORAL,rx_volume,85,,set to NULL; outside every treatment target-category window
DQ-002660,rx_claims_monthly.csv,missing_rx_volume,hcp_id=1693350831|month=2025-02|ndc_category=METABOLIC_GLP1_INJ,rx_volume,137,,set to NULL; outside every treatment target-category window
DQ-002661,rx_claims_monthly.csv,missing_rx_volume,hcp_id=1732000645|month=2025-07|ndc_category=CV_ANTICOAG_ORAL,rx_volume,361,,set to NULL; outside every treatment target-category window
DQ-002662,rx_claims_monthly.csv,missing_rx_volume,hcp_id=1838439200|month=2025-09|ndc_category=METABOLIC_GLP1_INJ,rx_volume,371,,set to NULL; outside every treatment target-category window
DQ-002663,rx_claims_monthly.csv,missing_rx_volume,hcp_id=1134195944|month=2023-07|ndc_category=CV_ANTICOAG_ORAL,rx_volume,200,,set to NULL; outside every treatment target-category window
DQ-002664,rx_claims_monthly.csv,missing_rx_volume,hcp_id=1134089733|month=2023-10|ndc_category=CV_ANTICOAG_ORAL,rx_volume,55,,set to NULL; outside every treatment target-category window
DQ-002665,rx_claims_monthly.csv,missing_rx_volume,hcp_id=1742859469|month=2024-08|ndc_category=METABOLIC_GLP1_INJ,rx_volume,270,,set to NULL; outside every treatment target-category window
DQ-002666,rx_claims_monthly.csv,missing_rx_volume,hcp_id=1299832539|month=2024-07|ndc_category=ENDO_BASAL_INSULIN,rx_volume,219,,set to NULL; outside every treatment target-category window
DQ-002667,rx_claims_monthly.csv,missing_rx_volume,hcp_id=1016162897|month=2023-08|ndc_category=METABOLIC_GLP1_INJ,rx_volume,41,,set to NULL; outside every treatment target-category window
DQ-002668,rx_claims_monthly.csv,missing_rx_volume,hcp_id=1875587127|month=2024-12|ndc_category=NEURO_MIGRAINE_CGRP,rx_volume,197,,set to NULL; outside every treatment target-category window
DQ-002669,rx_claims_monthly.csv,missing_rx_volume,hcp_id=1732527431|month=2022-12|ndc_category=METABOLIC_GLP1_INJ,rx_volume,365,,set to NULL; outside every treatment target-category window
DQ-002670,rx_claims_monthly.csv,missing_rx_volume,hcp_id=1194203331|month=2025-04|ndc_category=METABOLIC_GLP1_INJ,rx_volume,494,,set to NULL; outside every treatment target-category window
DQ-002671,rx_claims_monthly.csv,missing_rx_volume,hcp_id=1123562633|month=2025-08|ndc_category=ONC_TARGETED_ORAL,rx_volume,66,,set to NULL; outside every treatment target-category window
DQ-002672,rx_claims_monthly.csv,missing_rx_volume,hcp_id=1511742359|month=2024-05|ndc_category=CV_ANTICOAG_ORAL,rx_volume,193,,set to NULL; outside every treatment target-category window
DQ-002673,rx_claims_monthly.csv,missing_rx_volume,hcp_id=1451721462|month=2023-10|ndc_category=METABOLIC_GLP1_INJ,rx_volume,279,,set to NULL; outside every treatment target-category window
DQ-002674,rx_claims_monthly.csv,missing_rx_volume,hcp_id=1566070763|month=2024-07|ndc_category=METABOLIC_GLP1_INJ,rx_volume,183,,set to NULL; outside every treatment target-category window
DQ-002675,rx_claims_monthly.csv,missing_rx_volume,hcp_id=1335601583|month=2025-02|ndc_category=CV_ANTICOAG_ORAL,rx_volume,82,,set to NULL; outside every treatment target-category window
DQ-002676,rx_claims_monthly.csv,missing_rx_volume,hcp_id=1707268052|month=2023-09|ndc_category=METABOLIC_GLP1_INJ,rx_volume,177,,set to NULL; outside every treatment target-category window
DQ-002677,rx_claims_monthly.csv,missing_rx_volume,hcp_id=1221260676|month=2024-05|ndc_category=ENDO_BASAL_INSULIN,rx_volume,305,,set to NULL; outside every treatment target-category window
DQ-002678,rx_claims_monthly.csv,missing_rx_volume,hcp_id=1610429726|month=2025-10|ndc_category=RHEUM_JAK_ORAL,rx_volume,98,,set to NULL; outside every treatment target-category window
DQ-002679,rx_claims_monthly.csv,missing_rx_volume,hcp_id=1580871600|month=2023-08|ndc_category=CV_ANTICOAG_ORAL,rx_volume,83,,set to NULL; outside every treatment target-category window
DQ-002680,rx_claims_monthly.csv,missing_rx_volume,hcp_id=1968209027|month=2023-07|ndc_category=RHEUM_JAK_ORAL,rx_volume,154,,set to NULL; outside every treatment target-category window
DQ-002681,rx_claims_monthly.csv,missing_rx_volume,hcp_id=1025231352|month=2024-01|ndc_category=RHEUM_JAK_ORAL,rx_volume,321,,set to NULL; outside every treatment target-category window
DQ-002682,rx_claims_monthly.csv,missing_rx_volume,hcp_id=1074076039|month=2023-01|ndc_category=CARD_HF_ARNI,rx_volume,300,,set to NULL; outside every treatment target-category window
DQ-002683,rx_claims_monthly.csv,missing_rx_volume,hcp_id=1036718538|month=2023-12|ndc_category=ENDO_BASAL_INSULIN,rx_volume,178,,set to NULL; outside every treatment target-category window
DQ-002684,rx_claims_monthly.csv,missing_rx_volume,hcp_id=1854727892|month=2024-06|ndc_category=CV_ANTICOAG_ORAL,rx_volume,197,,set to NULL; outside every treatment target-category window
DQ-002685,rx_claims_monthly.csv,missing_rx_volume,hcp_id=1377956168|month=2023-01|ndc_category=PULM_ICS_LABA_INH,rx_volume,134,,set to NULL; outside every treatment target-category window
DQ-002686,rx_claims_monthly.csv,missing_rx_volume,hcp_id=1992928436|month=2024-08|ndc_category=ONC_TARGETED_ORAL,rx_volume,58,,set to NULL; outside every treatment target-category window
DQ-002687,rx_claims_monthly.csv,missing_rx_volume,hcp_id=1020829465|month=2023-06|ndc_category=ONC_TARGETED_ORAL,rx_volume,69,,set to NULL; outside every treatment target-category window
DQ-002688,rx_claims_monthly.csv,missing_rx_volume,hcp_id=1075689749|month=2025-03|ndc_category=CV_ANTICOAG_ORAL,rx_volume,342,,set to NULL; outside every treatment target-category window
DQ-002689,rx_claims_monthly.csv,missing_rx_volume,hcp_id=1769198304|month=2023-05|ndc_category=METABOLIC_GLP1_INJ,rx_volume,34,,set to NULL; outside every treatment target-category window
DQ-002690,rx_claims_monthly.csv,missing_rx_volume,hcp_id=1275177768|month=2023-03|ndc_category=CV_ANTICOAG_ORAL,rx_volume,88,,set to NULL; outside every treatment target-category window
DQ-002691,rx_claims_monthly.csv,missing_rx_volume,hcp_id=1056679651|month=2023-02|ndc_category=METABOLIC_GLP1_INJ,rx_volume,87,,set to NULL; outside every treatment target-category window
DQ-002692,rx_claims_monthly.csv,missing_rx_volume,hcp_id=1808826295|month=2025-10|ndc_category=METABOLIC_GLP1_INJ,rx_volume,424,,set to NULL; outside every treatment target-category window
DQ-002693,rx_claims_monthly.csv,missing_rx_volume,hcp_id=1174238463|month=2023-03|ndc_category=PC_ANTIHYPERTENSIVE,rx_volume,215,,set to NULL; outside every treatment target-category window
DQ-002694,rx_claims_monthly.csv,missing_rx_volume,hcp_id=1410724201|month=2023-09|ndc_category=NEURO_MIGRAINE_CGRP,rx_volume,253,,set to NULL; outside every treatment target-category window
DQ-002695,rx_claims_monthly.csv,missing_rx_volume,hcp_id=1942374996|month=2023-08|ndc_category=ONC_TARGETED_ORAL,rx_volume,505,,set to NULL; outside every treatment target-category window
DQ-002696,rx_claims_monthly.csv,missing_rx_volume,hcp_id=1594466975|month=2025-02|ndc_category=CARD_HF_ARNI,rx_volume,318,,set to NULL; outside every treatment target-category window
DQ-002697,rx_claims_monthly.csv,missing_rx_volume,hcp_id=1758206720|month=2024-09|ndc_category=CV_ANTICOAG_ORAL,rx_volume,101,,set to NULL; outside every treatment target-category window
DQ-002698,rx_claims_monthly.csv,missing_rx_volume,hcp_id=1457999534|month=2024-06|ndc_category=CV_ANTICOAG_ORAL,rx_volume,133,,set to NULL; outside every treatment target-category window
DQ-002699,rx_claims_monthly.csv,missing_rx_volume,hcp_id=1237849298|month=2025-09|ndc_category=METABOLIC_GLP1_INJ,rx_volume,66,,set to NULL; outside every treatment target-category window
DQ-002700,rx_claims_monthly.csv,missing_rx_volume,hcp_id=1643297637|month=2023-12|ndc_category=PC_ANTIHYPERTENSIVE,rx_volume,275,,set to NULL; outside every treatment target-category window
DQ-002701,rx_claims_monthly.csv,missing_rx_volume,hcp_id=1809220084|month=2025-08|ndc_category=METABOLIC_GLP1_INJ,rx_volume,40,,set to NULL; outside every treatment target-category window
DQ-002702,rx_claims_monthly.csv,missing_rx_volume,hcp_id=1403453024|month=2025-10|ndc_category=CARD_HF_ARNI,rx_volume,223,,set to NULL; outside every treatment target-category window
DQ-002703,rx_claims_monthly.csv,missing_rx_volume,hcp_id=1736538384|month=2023-11|ndc_category=METABOLIC_GLP1_INJ,rx_volume,255,,set to NULL; outside every treatment target-category window
DQ-002704,rx_claims_monthly.csv,missing_rx_volume,hcp_id=1210894345|month=2025-04|ndc_category=CV_ANTICOAG_ORAL,rx_volume,73,,set to NULL; outside every treatment target-category window
DQ-002705,rx_claims_monthly.csv,missing_rx_volume,hcp_id=1080672524|month=2025-06|ndc_category=METABOLIC_GLP1_INJ,rx_volume,193,,set to NULL; outside every treatment target-category window
DQ-002706,rx_claims_monthly.csv,missing_rx_volume,hcp_id=1331020234|month=2023-08|ndc_category=METABOLIC_GLP1_INJ,rx_volume,195,,set to NULL; outside every treatment target-category window
DQ-002707,rx_claims_monthly.csv,missing_rx_volume,hcp_id=1081051991|month=2025-07|ndc_category=CV_ANTICOAG_ORAL,rx_volume,125,,set to NULL; outside every treatment target-category window
DQ-002708,rx_claims_monthly.csv,missing_rx_volume,hcp_id=1357524945|month=2023-02|ndc_category=METABOLIC_GLP1_INJ,rx_volume,162,,set to NULL; outside every treatment target-category window
DQ-002709,rx_claims_monthly.csv,missing_rx_volume,hcp_id=1645233598|month=2024-03|ndc_category=METABOLIC_GLP1_INJ,rx_volume,349,,set to NULL; outside every treatment target-category window
DQ-002710,rx_claims_monthly.csv,missing_rx_volume,hcp_id=1422258099|month=2022-12|ndc_category=PULM_ICS_LABA_INH,rx_volume,110,,set to NULL; outside every treatment target-category window
DQ-002711,rx_claims_monthly.csv,missing_rx_volume,hcp_id=1769352273|month=2022-12|ndc_category=PC_ANTIHYPERTENSIVE,rx_volume,349,,set to NULL; outside every treatment target-category window
DQ-002712,rx_claims_monthly.csv,missing_rx_volume,hcp_id=1088938448|month=2024-04|ndc_category=CV_ANTICOAG_ORAL,rx_volume,93,,set to NULL; outside every treatment target-category window
DQ-002713,rx_claims_monthly.csv,missing_rx_volume,hcp_id=1131525051|month=2023-08|ndc_category=CARD_HF_ARNI,rx_volume,273,,set to NULL; outside every treatment target-category window
DQ-002714,rx_claims_monthly.csv,missing_rx_volume,hcp_id=1618334340|month=2023-04|ndc_category=CV_ANTICOAG_ORAL,rx_volume,55,,set to NULL; outside every treatment target-category window
DQ-002715,rx_claims_monthly.csv,missing_rx_volume,hcp_id=1105435741|month=2024-05|ndc_category=RHEUM_JAK_ORAL,rx_volume,150,,set to NULL; outside every treatment target-category window
DQ-002716,rx_claims_monthly.csv,missing_rx_volume,hcp_id=1836894604|month=2025-03|ndc_category=CV_ANTICOAG_ORAL,rx_volume,238,,set to NULL; outside every treatment target-category window
DQ-002717,rx_claims_monthly.csv,missing_rx_volume,hcp_id=1722502113|month=2023-10|ndc_category=METABOLIC_GLP1_INJ,rx_volume,82,,set to NULL; outside every treatment target-category window
DQ-002718,rx_claims_monthly.csv,missing_rx_volume,hcp_id=1703230064|month=2023-12|ndc_category=NEURO_MIGRAINE_CGRP,rx_volume,162,,set to NULL; outside every treatment target-category window
DQ-002719,rx_claims_monthly.csv,missing_rx_volume,hcp_id=1266109689|month=2023-02|ndc_category=CV_ANTICOAG_ORAL,rx_volume,205,,set to NULL; outside every treatment target-category window
DQ-002720,rx_claims_monthly.csv,missing_rx_volume,hcp_id=1341556789|month=2025-02|ndc_category=METABOLIC_GLP1_INJ,rx_volume,638,,set to NULL; outside every treatment target-category window
DQ-002721,rx_claims_monthly.csv,missing_rx_volume,hcp_id=1087671156|month=2023-08|ndc_category=PULM_ICS_LABA_INH,rx_volume,39,,set to NULL; outside every treatment target-category window
DQ-002722,rx_claims_monthly.csv,missing_rx_volume,hcp_id=1855585794|month=2024-11|ndc_category=METABOLIC_GLP1_INJ,rx_volume,28,,set to NULL; outside every treatment target-category window
DQ-002723,rx_claims_monthly.csv,missing_rx_volume,hcp_id=1883526315|month=2024-04|ndc_category=CV_ANTICOAG_ORAL,rx_volume,500,,set to NULL; outside every treatment target-category window
DQ-002724,rx_claims_monthly.csv,missing_rx_volume,hcp_id=1166978878|month=2023-04|ndc_category=PC_ANTIHYPERTENSIVE,rx_volume,97,,set to NULL; outside every treatment target-category window
DQ-002725,rx_claims_monthly.csv,missing_rx_volume,hcp_id=1149313383|month=2024-08|ndc_category=CV_ANTICOAG_ORAL,rx_volume,138,,set to NULL; outside every treatment target-category window
DQ-002726,rx_claims_monthly.csv,missing_rx_volume,hcp_id=1196385359|month=2023-02|ndc_category=CV_ANTICOAG_ORAL,rx_volume,41,,set to NULL; outside every treatment target-category window
DQ-002727,rx_claims_monthly.csv,missing_rx_volume,hcp_id=1580871600|month=2025-10|ndc_category=METABOLIC_GLP1_INJ,rx_volume,43,,set to NULL; outside every treatment target-category window
DQ-002728,rx_claims_monthly.csv,missing_rx_volume,hcp_id=1954580399|month=2025-09|ndc_category=CV_ANTICOAG_ORAL,rx_volume,599,,set to NULL; outside every treatment target-category window
DQ-002729,rx_claims_monthly.csv,missing_rx_volume,hcp_id=1401677194|month=2024-05|ndc_category=CV_ANTICOAG_ORAL,rx_volume,168,,set to NULL; outside every treatment target-category window
DQ-002730,rx_claims_monthly.csv,missing_rx_volume,hcp_id=1449657976|month=2023-04|ndc_category=ONC_TARGETED_ORAL,rx_volume,84,,set to NULL; outside every treatment target-category window
DQ-002731,rx_claims_monthly.csv,missing_rx_volume,hcp_id=1362560363|month=2025-10|ndc_category=METABOLIC_GLP1_INJ,rx_volume,208,,set to NULL; outside every treatment target-category window
DQ-002732,rx_claims_monthly.csv,missing_rx_volume,hcp_id=1103232447|month=2023-10|ndc_category=METABOLIC_GLP1_INJ,rx_volume,226,,set to NULL; outside every treatment target-category window
DQ-002733,rx_claims_monthly.csv,missing_rx_volume,hcp_id=1742100898|month=2025-01|ndc_category=PC_ANTIHYPERTENSIVE,rx_volume,74,,set to NULL; outside every treatment target-category window
DQ-002734,rx_claims_monthly.csv,missing_rx_volume,hcp_id=1109634414|month=2024-12|ndc_category=RHEUM_JAK_ORAL,rx_volume,543,,set to NULL; outside every treatment target-category window
DQ-002735,rx_claims_monthly.csv,missing_rx_volume,hcp_id=1273912869|month=2025-01|ndc_category=RHEUM_JAK_ORAL,rx_volume,374,,set to NULL; outside every treatment target-category window
DQ-002736,rx_claims_monthly.csv,missing_rx_volume,hcp_id=1150502551|month=2024-06|ndc_category=METABOLIC_GLP1_INJ,rx_volume,218,,set to NULL; outside every treatment target-category window
DQ-002737,rx_claims_monthly.csv,missing_rx_volume,hcp_id=1759630787|month=2023-10|ndc_category=METABOLIC_GLP1_INJ,rx_volume,70,,set to NULL; outside every treatment target-category window
DQ-002738,rx_claims_monthly.csv,missing_rx_volume,hcp_id=1260690478|month=2024-07|ndc_category=METABOLIC_GLP1_INJ,rx_volume,79,,set to NULL; outside every treatment target-category window
DQ-002739,rx_claims_monthly.csv,missing_rx_volume,hcp_id=1154629764|month=2024-07|ndc_category=METABOLIC_GLP1_INJ,rx_volume,39,,set to NULL; outside every treatment target-category window
DQ-002740,rx_claims_monthly.csv,missing_rx_volume,hcp_id=1075689749|month=2023-04|ndc_category=RHEUM_JAK_ORAL,rx_volume,380,,set to NULL; outside every treatment target-category window
DQ-002741,rx_claims_monthly.csv,missing_rx_volume,hcp_id=1356707665|month=2023-10|ndc_category=CV_ANTICOAG_ORAL,rx_volume,144,,set to NULL; outside every treatment target-category window
DQ-002742,rx_claims_monthly.csv,missing_rx_volume,hcp_id=1429255973|month=2023-04|ndc_category=PC_ANTIHYPERTENSIVE,rx_volume,100,,set to NULL; outside every treatment target-category window
DQ-002743,rx_claims_monthly.csv,missing_rx_volume,hcp_id=1968864862|month=2024-05|ndc_category=CV_ANTICOAG_ORAL,rx_volume,48,,set to NULL; outside every treatment target-category window
DQ-002744,rx_claims_monthly.csv,missing_rx_volume,hcp_id=1972351286|month=2023-07|ndc_category=METABOLIC_GLP1_INJ,rx_volume,87,,set to NULL; outside every treatment target-category window
DQ-002745,rx_claims_monthly.csv,missing_rx_volume,hcp_id=1635476009|month=2023-03|ndc_category=CV_ANTICOAG_ORAL,rx_volume,163,,set to NULL; outside every treatment target-category window
DQ-002746,rx_claims_monthly.csv,missing_rx_volume,hcp_id=1713731663|month=2023-08|ndc_category=PULM_ICS_LABA_INH,rx_volume,239,,set to NULL; outside every treatment target-category window
DQ-002747,rx_claims_monthly.csv,missing_rx_volume,hcp_id=1111217703|month=2024-07|ndc_category=METABOLIC_GLP1_INJ,rx_volume,117,,set to NULL; outside every treatment target-category window
DQ-002748,rx_claims_monthly.csv,missing_rx_volume,hcp_id=1209566128|month=2023-01|ndc_category=PC_ANTIHYPERTENSIVE,rx_volume,455,,set to NULL; outside every treatment target-category window
DQ-002749,rx_claims_monthly.csv,missing_rx_volume,hcp_id=1798488478|month=2023-11|ndc_category=METABOLIC_GLP1_INJ,rx_volume,104,,set to NULL; outside every treatment target-category window
DQ-002750,rx_claims_monthly.csv,missing_rx_volume,hcp_id=1458345984|month=2024-12|ndc_category=METABOLIC_GLP1_INJ,rx_volume,94,,set to NULL; outside every treatment target-category window
DQ-002751,rx_claims_monthly.csv,missing_rx_volume,hcp_id=1361512639|month=2024-09|ndc_category=METABOLIC_GLP1_INJ,rx_volume,375,,set to NULL; outside every treatment target-category window
DQ-002752,rx_claims_monthly.csv,missing_rx_volume,hcp_id=1330017819|month=2024-12|ndc_category=CV_ANTICOAG_ORAL,rx_volume,390,,set to NULL; outside every treatment target-category window
DQ-002753,rx_claims_monthly.csv,missing_rx_volume,hcp_id=1026804116|month=2025-02|ndc_category=ONC_TARGETED_ORAL,rx_volume,460,,set to NULL; outside every treatment target-category window
DQ-002754,rx_claims_monthly.csv,missing_rx_volume,hcp_id=1715246280|month=2024-12|ndc_category=METABOLIC_GLP1_INJ,rx_volume,86,,set to NULL; outside every treatment target-category window
DQ-002755,rx_claims_monthly.csv,missing_rx_volume,hcp_id=1250113473|month=2023-01|ndc_category=METABOLIC_GLP1_INJ,rx_volume,110,,set to NULL; outside every treatment target-category window
DQ-002756,rx_claims_monthly.csv,missing_rx_volume,hcp_id=1787619711|month=2023-02|ndc_category=METABOLIC_GLP1_INJ,rx_volume,185,,set to NULL; outside every treatment target-category window
DQ-002757,rx_claims_monthly.csv,missing_rx_volume,hcp_id=1867204764|month=2025-01|ndc_category=CV_ANTICOAG_ORAL,rx_volume,267,,set to NULL; outside every treatment target-category window
DQ-002758,rx_claims_monthly.csv,missing_rx_volume,hcp_id=1854852153|month=2024-06|ndc_category=METABOLIC_GLP1_INJ,rx_volume,268,,set to NULL; outside every treatment target-category window
DQ-002759,rx_claims_monthly.csv,missing_rx_volume,hcp_id=1176062549|month=2025-07|ndc_category=METABOLIC_GLP1_INJ,rx_volume,522,,set to NULL; outside every treatment target-category window
DQ-002760,rx_claims_monthly.csv,missing_rx_volume,hcp_id=1413202163|month=2024-05|ndc_category=CV_ANTICOAG_ORAL,rx_volume,74,,set to NULL; outside every treatment target-category window
DQ-002761,rx_claims_monthly.csv,missing_rx_volume,hcp_id=1181599923|month=2025-03|ndc_category=CV_ANTICOAG_ORAL,rx_volume,71,,set to NULL; outside every treatment target-category window
DQ-002762,rx_claims_monthly.csv,missing_rx_volume,hcp_id=1013443506|month=2023-02|ndc_category=CV_ANTICOAG_ORAL,rx_volume,47,,set to NULL; outside every treatment target-category window
DQ-002763,rx_claims_monthly.csv,missing_rx_volume,hcp_id=1823835685|month=2023-11|ndc_category=ONC_TARGETED_ORAL,rx_volume,138,,set to NULL; outside every treatment target-category window
DQ-002764,rx_claims_monthly.csv,missing_rx_volume,hcp_id=1291534000|month=2025-01|ndc_category=METABOLIC_GLP1_INJ,rx_volume,207,,set to NULL; outside every treatment target-category window
DQ-002765,rx_claims_monthly.csv,missing_rx_volume,hcp_id=1506356074|month=2024-08|ndc_category=CV_ANTICOAG_ORAL,rx_volume,223,,set to NULL; outside every treatment target-category window
DQ-002766,rx_claims_monthly.csv,missing_rx_volume,hcp_id=1912301342|month=2023-09|ndc_category=ENDO_BASAL_INSULIN,rx_volume,427,,set to NULL; outside every treatment target-category window
DQ-002767,rx_claims_monthly.csv,missing_rx_volume,hcp_id=1922185990|month=2023-10|ndc_category=CV_ANTICOAG_ORAL,rx_volume,115,,set to NULL; outside every treatment target-category window
DQ-002768,rx_claims_monthly.csv,missing_rx_volume,hcp_id=1665478461|month=2023-02|ndc_category=METABOLIC_GLP1_INJ,rx_volume,125,,set to NULL; outside every treatment target-category window
DQ-002769,rx_claims_monthly.csv,missing_rx_volume,hcp_id=1310164813|month=2025-06|ndc_category=CV_ANTICOAG_ORAL,rx_volume,57,,set to NULL; outside every treatment target-category window
DQ-002770,rx_claims_monthly.csv,missing_rx_volume,hcp_id=1888770710|month=2025-06|ndc_category=CV_ANTICOAG_ORAL,rx_volume,38,,set to NULL; outside every treatment target-category window
DQ-002771,rx_claims_monthly.csv,missing_rx_volume,hcp_id=1309371148|month=2024-07|ndc_category=NEURO_MIGRAINE_CGRP,rx_volume,217,,set to NULL; outside every treatment target-category window
DQ-002772,rx_claims_monthly.csv,missing_rx_volume,hcp_id=1134632102|month=2023-05|ndc_category=CV_ANTICOAG_ORAL,rx_volume,347,,set to NULL; outside every treatment target-category window
DQ-002773,rx_claims_monthly.csv,missing_rx_volume,hcp_id=1600833937|month=2023-08|ndc_category=CV_ANTICOAG_ORAL,rx_volume,185,,set to NULL; outside every treatment target-category window
DQ-002774,rx_claims_monthly.csv,missing_rx_volume,hcp_id=1065674784|month=2024-08|ndc_category=ONC_TARGETED_ORAL,rx_volume,84,,set to NULL; outside every treatment target-category window
DQ-002775,rx_claims_monthly.csv,missing_rx_volume,hcp_id=1163769114|month=2023-12|ndc_category=ONC_TARGETED_ORAL,rx_volume,331,,set to NULL; outside every treatment target-category window
DQ-002776,rx_claims_monthly.csv,missing_rx_volume,hcp_id=1398789739|month=2025-09|ndc_category=NEURO_MIGRAINE_CGRP,rx_volume,273,,set to NULL; outside every treatment target-category window
DQ-002777,rx_claims_monthly.csv,missing_rx_volume,hcp_id=1123148250|month=2023-01|ndc_category=CV_ANTICOAG_ORAL,rx_volume,236,,set to NULL; outside every treatment target-category window
DQ-002778,rx_claims_monthly.csv,missing_rx_volume,hcp_id=1486382629|month=2024-04|ndc_category=METABOLIC_GLP1_INJ,rx_volume,25,,set to NULL; outside every treatment target-category window
DQ-002779,rx_claims_monthly.csv,missing_rx_volume,hcp_id=1036176265|month=2025-08|ndc_category=CARD_HF_ARNI,rx_volume,536,,set to NULL; outside every treatment target-category window
DQ-002780,rx_claims_monthly.csv,missing_rx_volume,hcp_id=1099946885|month=2023-05|ndc_category=METABOLIC_GLP1_INJ,rx_volume,163,,set to NULL; outside every treatment target-category window
DQ-002781,rx_claims_monthly.csv,missing_rx_volume,hcp_id=1088938448|month=2023-08|ndc_category=CV_ANTICOAG_ORAL,rx_volume,110,,set to NULL; outside every treatment target-category window
DQ-002782,rx_claims_monthly.csv,missing_rx_volume,hcp_id=1144669185|month=2023-11|ndc_category=PC_ANTIHYPERTENSIVE,rx_volume,862,,set to NULL; outside every treatment target-category window
DQ-002783,rx_claims_monthly.csv,missing_rx_volume,hcp_id=1999506508|month=2025-09|ndc_category=ENDO_BASAL_INSULIN,rx_volume,201,,set to NULL; outside every treatment target-category window
DQ-002784,rx_claims_monthly.csv,missing_rx_volume,hcp_id=1475353029|month=2025-05|ndc_category=PULM_ICS_LABA_INH,rx_volume,197,,set to NULL; outside every treatment target-category window
DQ-002785,rx_claims_monthly.csv,missing_rx_volume,hcp_id=1964558476|month=2024-10|ndc_category=CV_ANTICOAG_ORAL,rx_volume,240,,set to NULL; outside every treatment target-category window
DQ-002786,rx_claims_monthly.csv,missing_rx_volume,hcp_id=1849328657|month=2023-11|ndc_category=METABOLIC_GLP1_INJ,rx_volume,74,,set to NULL; outside every treatment target-category window
DQ-002787,rx_claims_monthly.csv,missing_rx_volume,hcp_id=1210894345|month=2024-12|ndc_category=CARD_HF_ARNI,rx_volume,128,,set to NULL; outside every treatment target-category window
DQ-002788,rx_claims_monthly.csv,missing_rx_volume,hcp_id=1163769114|month=2023-11|ndc_category=ONC_TARGETED_ORAL,rx_volume,363,,set to NULL; outside every treatment target-category window
DQ-002789,rx_claims_monthly.csv,missing_rx_volume,hcp_id=1977922420|month=2023-02|ndc_category=CV_ANTICOAG_ORAL,rx_volume,166,,set to NULL; outside every treatment target-category window
DQ-002790,rx_claims_monthly.csv,missing_rx_volume,hcp_id=1083149777|month=2023-06|ndc_category=CARD_HF_ARNI,rx_volume,311,,set to NULL; outside every treatment target-category window
DQ-002791,rx_claims_monthly.csv,missing_rx_volume,hcp_id=1657025858|month=2023-12|ndc_category=METABOLIC_GLP1_INJ,rx_volume,152,,set to NULL; outside every treatment target-category window
DQ-002792,rx_claims_monthly.csv,missing_rx_volume,hcp_id=1972351286|month=2024-07|ndc_category=METABOLIC_GLP1_INJ,rx_volume,79,,set to NULL; outside every treatment target-category window
DQ-002793,rx_claims_monthly.csv,missing_rx_volume,hcp_id=1643343233|month=2024-03|ndc_category=CV_ANTICOAG_ORAL,rx_volume,369,,set to NULL; outside every treatment target-category window
DQ-002794,rx_claims_monthly.csv,missing_rx_volume,hcp_id=1409867656|month=2024-03|ndc_category=CV_ANTICOAG_ORAL,rx_volume,118,,set to NULL; outside every treatment target-category window
DQ-002795,rx_claims_monthly.csv,missing_rx_volume,hcp_id=1371759725|month=2023-08|ndc_category=METABOLIC_GLP1_INJ,rx_volume,115,,set to NULL; outside every treatment target-category window
DQ-002796,rx_claims_monthly.csv,missing_rx_volume,hcp_id=1518550110|month=2025-05|ndc_category=METABOLIC_GLP1_INJ,rx_volume,378,,set to NULL; outside every treatment target-category window
DQ-002797,rx_claims_monthly.csv,missing_rx_volume,hcp_id=1704331150|month=2024-07|ndc_category=CV_ANTICOAG_ORAL,rx_volume,303,,set to NULL; outside every treatment target-category window
DQ-002798,rx_claims_monthly.csv,missing_rx_volume,hcp_id=1094061177|month=2025-05|ndc_category=METABOLIC_GLP1_INJ,rx_volume,523,,set to NULL; outside every treatment target-category window
DQ-002799,rx_claims_monthly.csv,missing_rx_volume,hcp_id=1065455036|month=2025-04|ndc_category=RHEUM_JAK_ORAL,rx_volume,276,,set to NULL; outside every treatment target-category window
DQ-002800,rx_claims_monthly.csv,missing_rx_volume,hcp_id=1444774099|month=2024-07|ndc_category=CV_ANTICOAG_ORAL,rx_volume,101,,set to NULL; outside every treatment target-category window
DQ-002801,rx_claims_monthly.csv,missing_rx_volume,hcp_id=1880265578|month=2025-06|ndc_category=CV_ANTICOAG_ORAL,rx_volume,133,,set to NULL; outside every treatment target-category window
DQ-002802,rx_claims_monthly.csv,missing_rx_volume,hcp_id=1501344612|month=2024-05|ndc_category=METABOLIC_GLP1_INJ,rx_volume,61,,set to NULL; outside every treatment target-category window
DQ-002803,rx_claims_monthly.csv,missing_rx_volume,hcp_id=1954971234|month=2025-08|ndc_category=ONC_TARGETED_ORAL,rx_volume,85,,set to NULL; outside every treatment target-category window
DQ-002804,rx_claims_monthly.csv,missing_rx_volume,hcp_id=1806479196|month=2023-10|ndc_category=CV_ANTICOAG_ORAL,rx_volume,196,,set to NULL; outside every treatment target-category window
DQ-002805,rx_claims_monthly.csv,missing_rx_volume,hcp_id=1844747141|month=2024-11|ndc_category=METABOLIC_GLP1_INJ,rx_volume,537,,set to NULL; outside every treatment target-category window
DQ-002806,rx_claims_monthly.csv,missing_rx_volume,hcp_id=1168681900|month=2024-09|ndc_category=METABOLIC_GLP1_INJ,rx_volume,202,,set to NULL; outside every treatment target-category window
DQ-002807,rx_claims_monthly.csv,missing_rx_volume,hcp_id=1693072195|month=2023-06|ndc_category=CV_ANTICOAG_ORAL,rx_volume,357,,set to NULL; outside every treatment target-category window
DQ-002808,rx_claims_monthly.csv,missing_rx_volume,hcp_id=1851932792|month=2024-09|ndc_category=METABOLIC_GLP1_INJ,rx_volume,217,,set to NULL; outside every treatment target-category window
DQ-002809,rx_claims_monthly.csv,missing_rx_volume,hcp_id=1101338055|month=2025-06|ndc_category=PC_ANTIHYPERTENSIVE,rx_volume,337,,set to NULL; outside every treatment target-category window
DQ-002810,rx_claims_monthly.csv,missing_rx_volume,hcp_id=1473494189|month=2023-03|ndc_category=METABOLIC_GLP1_INJ,rx_volume,183,,set to NULL; outside every treatment target-category window
DQ-002811,rx_claims_monthly.csv,missing_rx_volume,hcp_id=1260690478|month=2024-11|ndc_category=CV_ANTICOAG_ORAL,rx_volume,61,,set to NULL; outside every treatment target-category window
DQ-002812,rx_claims_monthly.csv,missing_rx_volume,hcp_id=1694658844|month=2025-07|ndc_category=CV_ANTICOAG_ORAL,rx_volume,264,,set to NULL; outside every treatment target-category window
DQ-002813,rx_claims_monthly.csv,missing_rx_volume,hcp_id=1742245693|month=2025-03|ndc_category=CV_ANTICOAG_ORAL,rx_volume,146,,set to NULL; outside every treatment target-category window
DQ-002814,rx_claims_monthly.csv,missing_rx_volume,hcp_id=1367956301|month=2024-03|ndc_category=CV_ANTICOAG_ORAL,rx_volume,170,,set to NULL; outside every treatment target-category window
DQ-002815,rx_claims_monthly.csv,missing_rx_volume,hcp_id=1942374996|month=2024-07|ndc_category=CV_ANTICOAG_ORAL,rx_volume,235,,set to NULL; outside every treatment target-category window
DQ-002816,rx_claims_monthly.csv,missing_rx_volume,hcp_id=1246066447|month=2024-08|ndc_category=METABOLIC_GLP1_INJ,rx_volume,518,,set to NULL; outside every treatment target-category window
DQ-002817,rx_claims_monthly.csv,missing_rx_volume,hcp_id=1249126917|month=2024-11|ndc_category=METABOLIC_GLP1_INJ,rx_volume,260,,set to NULL; outside every treatment target-category window
DQ-002818,rx_claims_monthly.csv,missing_rx_volume,hcp_id=1358340028|month=2025-10|ndc_category=ONC_TARGETED_ORAL,rx_volume,91,,set to NULL; outside every treatment target-category window
DQ-002819,rx_claims_monthly.csv,missing_rx_volume,hcp_id=1418295824|month=2024-04|ndc_category=RHEUM_JAK_ORAL,rx_volume,137,,set to NULL; outside every treatment target-category window
DQ-002820,rx_claims_monthly.csv,missing_rx_volume,hcp_id=1841791217|month=2023-10|ndc_category=NEURO_MIGRAINE_CGRP,rx_volume,213,,set to NULL; outside every treatment target-category window
DQ-002821,rx_claims_monthly.csv,missing_rx_volume,hcp_id=1246448348|month=2024-05|ndc_category=CV_ANTICOAG_ORAL,rx_volume,113,,set to NULL; outside every treatment target-category window
DQ-002822,rx_claims_monthly.csv,missing_rx_volume,hcp_id=1302899475|month=2023-02|ndc_category=CV_ANTICOAG_ORAL,rx_volume,97,,set to NULL; outside every treatment target-category window
DQ-002823,rx_claims_monthly.csv,missing_rx_volume,hcp_id=1433980129|month=2023-02|ndc_category=METABOLIC_GLP1_INJ,rx_volume,161,,set to NULL; outside every treatment target-category window
DQ-002824,rx_claims_monthly.csv,missing_rx_volume,hcp_id=1511022174|month=2023-12|ndc_category=PC_ANTIHYPERTENSIVE,rx_volume,333,,set to NULL; outside every treatment target-category window
DQ-002825,rx_claims_monthly.csv,missing_rx_volume,hcp_id=1209464480|month=2024-07|ndc_category=CV_ANTICOAG_ORAL,rx_volume,176,,set to NULL; outside every treatment target-category window
DQ-002826,rx_claims_monthly.csv,missing_rx_volume,hcp_id=1812123887|month=2024-02|ndc_category=CV_ANTICOAG_ORAL,rx_volume,261,,set to NULL; outside every treatment target-category window
DQ-002827,rx_claims_monthly.csv,missing_rx_volume,hcp_id=1808826295|month=2024-10|ndc_category=METABOLIC_GLP1_INJ,rx_volume,292,,set to NULL; outside every treatment target-category window
DQ-002828,rx_claims_monthly.csv,missing_rx_volume,hcp_id=1647196991|month=2025-01|ndc_category=RHEUM_JAK_ORAL,rx_volume,904,,set to NULL; outside every treatment target-category window
DQ-002829,rx_claims_monthly.csv,missing_rx_volume,hcp_id=1674708775|month=2025-03|ndc_category=METABOLIC_GLP1_INJ,rx_volume,189,,set to NULL; outside every treatment target-category window
DQ-002830,rx_claims_monthly.csv,missing_rx_volume,hcp_id=1042455315|month=2024-11|ndc_category=CV_ANTICOAG_ORAL,rx_volume,417,,set to NULL; outside every treatment target-category window
DQ-002831,rx_claims_monthly.csv,missing_rx_volume,hcp_id=1806479196|month=2024-09|ndc_category=METABOLIC_GLP1_INJ,rx_volume,509,,set to NULL; outside every treatment target-category window
DQ-002832,rx_claims_monthly.csv,missing_rx_volume,hcp_id=1413519731|month=2024-06|ndc_category=METABOLIC_GLP1_INJ,rx_volume,393,,set to NULL; outside every treatment target-category window
DQ-002833,rx_claims_monthly.csv,missing_rx_volume,hcp_id=1280087226|month=2024-10|ndc_category=CV_ANTICOAG_ORAL,rx_volume,553,,set to NULL; outside every treatment target-category window
DQ-002834,rx_claims_monthly.csv,missing_rx_volume,hcp_id=1508064668|month=2023-07|ndc_category=METABOLIC_GLP1_INJ,rx_volume,104,,set to NULL; outside every treatment target-category window
DQ-002835,rx_claims_monthly.csv,missing_rx_volume,hcp_id=1599978586|month=2025-01|ndc_category=METABOLIC_GLP1_INJ,rx_volume,173,,set to NULL; outside every treatment target-category window
DQ-002836,rx_claims_monthly.csv,missing_rx_volume,hcp_id=1274985831|month=2023-06|ndc_category=RHEUM_JAK_ORAL,rx_volume,244,,set to NULL; outside every treatment target-category window
DQ-002837,rx_claims_monthly.csv,missing_rx_volume,hcp_id=1166368237|month=2022-12|ndc_category=METABOLIC_GLP1_INJ,rx_volume,165,,set to NULL; outside every treatment target-category window
DQ-002838,rx_claims_monthly.csv,missing_rx_volume,hcp_id=1085394942|month=2023-12|ndc_category=CV_ANTICOAG_ORAL,rx_volume,159,,set to NULL; outside every treatment target-category window
DQ-002839,rx_claims_monthly.csv,missing_rx_volume,hcp_id=1149018644|month=2023-01|ndc_category=METABOLIC_GLP1_INJ,rx_volume,146,,set to NULL; outside every treatment target-category window
DQ-002840,rx_claims_monthly.csv,missing_rx_volume,hcp_id=1581992355|month=2023-08|ndc_category=METABOLIC_GLP1_INJ,rx_volume,260,,set to NULL; outside every treatment target-category window
DQ-002841,rx_claims_monthly.csv,missing_rx_volume,hcp_id=1769234364|month=2024-04|ndc_category=METABOLIC_GLP1_INJ,rx_volume,149,,set to NULL; outside every treatment target-category window
DQ-002842,rx_claims_monthly.csv,missing_rx_volume,hcp_id=1371002787|month=2025-04|ndc_category=CV_ANTICOAG_ORAL,rx_volume,57,,set to NULL; outside every treatment target-category window
DQ-002843,rx_claims_monthly.csv,missing_rx_volume,hcp_id=1531018426|month=2023-11|ndc_category=CV_ANTICOAG_ORAL,rx_volume,172,,set to NULL; outside every treatment target-category window
DQ-002844,rx_claims_monthly.csv,missing_rx_volume,hcp_id=1674708775|month=2025-01|ndc_category=METABOLIC_GLP1_INJ,rx_volume,153,,set to NULL; outside every treatment target-category window
DQ-002845,rx_claims_monthly.csv,missing_rx_volume,hcp_id=1475353029|month=2023-07|ndc_category=METABOLIC_GLP1_INJ,rx_volume,181,,set to NULL; outside every treatment target-category window
DQ-002846,rx_claims_monthly.csv,missing_rx_volume,hcp_id=1783823739|month=2023-04|ndc_category=PC_ANTIHYPERTENSIVE,rx_volume,550,,set to NULL; outside every treatment target-category window
DQ-002847,rx_claims_monthly.csv,missing_rx_volume,hcp_id=1892264320|month=2024-06|ndc_category=RHEUM_JAK_ORAL,rx_volume,78,,set to NULL; outside every treatment target-category window
DQ-002848,rx_claims_monthly.csv,missing_rx_volume,hcp_id=1134632102|month=2025-10|ndc_category=PC_ANTIHYPERTENSIVE,rx_volume,722,,set to NULL; outside every treatment target-category window
DQ-002849,rx_claims_monthly.csv,missing_rx_volume,hcp_id=1874547676|month=2023-04|ndc_category=CV_ANTICOAG_ORAL,rx_volume,87,,set to NULL; outside every treatment target-category window
DQ-002850,rx_claims_monthly.csv,missing_rx_volume,hcp_id=1154629764|month=2024-10|ndc_category=METABOLIC_GLP1_INJ,rx_volume,29,,set to NULL; outside every treatment target-category window
DQ-002851,rx_claims_monthly.csv,missing_rx_volume,hcp_id=1088938448|month=2024-10|ndc_category=METABOLIC_GLP1_INJ,rx_volume,117,,set to NULL; outside every treatment target-category window
DQ-002852,rx_claims_monthly.csv,missing_rx_volume,hcp_id=1506356074|month=2023-02|ndc_category=PC_ANTIHYPERTENSIVE,rx_volume,155,,set to NULL; outside every treatment target-category window
DQ-002853,rx_claims_monthly.csv,missing_rx_volume,hcp_id=1216575070|month=2025-09|ndc_category=METABOLIC_GLP1_INJ,rx_volume,351,,set to NULL; outside every treatment target-category window
DQ-002854,rx_claims_monthly.csv,missing_rx_volume,hcp_id=1424541534|month=2024-03|ndc_category=CV_ANTICOAG_ORAL,rx_volume,27,,set to NULL; outside every treatment target-category window
DQ-002855,rx_claims_monthly.csv,missing_rx_volume,hcp_id=1221582384|month=2024-04|ndc_category=PULM_ICS_LABA_INH,rx_volume,797,,set to NULL; outside every treatment target-category window
DQ-002856,rx_claims_monthly.csv,missing_rx_volume,hcp_id=1573445784|month=2024-09|ndc_category=METABOLIC_GLP1_INJ,rx_volume,93,,set to NULL; outside every treatment target-category window
DQ-002857,rx_claims_monthly.csv,missing_rx_volume,hcp_id=1358245029|month=2024-11|ndc_category=METABOLIC_GLP1_INJ,rx_volume,138,,set to NULL; outside every treatment target-category window
DQ-002858,rx_claims_monthly.csv,missing_rx_volume,hcp_id=1408074957|month=2025-06|ndc_category=CV_ANTICOAG_ORAL,rx_volume,352,,set to NULL; outside every treatment target-category window
DQ-002859,rx_claims_monthly.csv,missing_rx_volume,hcp_id=1050705288|month=2024-08|ndc_category=CV_ANTICOAG_ORAL,rx_volume,708,,set to NULL; outside every treatment target-category window
DQ-002860,rx_claims_monthly.csv,missing_rx_volume,hcp_id=1871372714|month=2024-08|ndc_category=METABOLIC_GLP1_INJ,rx_volume,129,,set to NULL; outside every treatment target-category window
DQ-002861,rx_claims_monthly.csv,missing_rx_volume,hcp_id=1273912869|month=2023-01|ndc_category=METABOLIC_GLP1_INJ,rx_volume,105,,set to NULL; outside every treatment target-category window
DQ-002862,rx_claims_monthly.csv,missing_rx_volume,hcp_id=1710163217|month=2024-06|ndc_category=METABOLIC_GLP1_INJ,rx_volume,131,,set to NULL; outside every treatment target-category window
DQ-002863,rx_claims_monthly.csv,missing_rx_volume,hcp_id=1890080918|month=2025-06|ndc_category=METABOLIC_GLP1_INJ,rx_volume,558,,set to NULL; outside every treatment target-category window
DQ-002864,rx_claims_monthly.csv,missing_rx_volume,hcp_id=1829206543|month=2025-10|ndc_category=CV_ANTICOAG_ORAL,rx_volume,91,,set to NULL; outside every treatment target-category window
DQ-002865,rx_claims_monthly.csv,missing_rx_volume,hcp_id=1457999534|month=2024-05|ndc_category=METABOLIC_GLP1_INJ,rx_volume,87,,set to NULL; outside every treatment target-category window
DQ-002866,rx_claims_monthly.csv,missing_rx_volume,hcp_id=1289174306|month=2025-06|ndc_category=PC_ANTIHYPERTENSIVE,rx_volume,160,,set to NULL; outside every treatment target-category window
DQ-002867,rx_claims_monthly.csv,missing_rx_volume,hcp_id=1199976907|month=2024-07|ndc_category=CV_ANTICOAG_ORAL,rx_volume,102,,set to NULL; outside every treatment target-category window
DQ-002868,rx_claims_monthly.csv,missing_rx_volume,hcp_id=1356707665|month=2023-07|ndc_category=CV_ANTICOAG_ORAL,rx_volume,145,,set to NULL; outside every treatment target-category window
DQ-002869,rx_claims_monthly.csv,missing_rx_volume,hcp_id=1245433184|month=2025-09|ndc_category=METABOLIC_GLP1_INJ,rx_volume,154,,set to NULL; outside every treatment target-category window
DQ-002870,rx_claims_monthly.csv,missing_rx_volume,hcp_id=1534502129|month=2023-05|ndc_category=METABOLIC_GLP1_INJ,rx_volume,71,,set to NULL; outside every treatment target-category window
DQ-002871,rx_claims_monthly.csv,missing_rx_volume,hcp_id=1028772501|month=2023-12|ndc_category=CV_ANTICOAG_ORAL,rx_volume,222,,set to NULL; outside every treatment target-category window
DQ-002872,rx_claims_monthly.csv,missing_rx_volume,hcp_id=1987971524|month=2023-04|ndc_category=METABOLIC_GLP1_INJ,rx_volume,74,,set to NULL; outside every treatment target-category window
DQ-002873,rx_claims_monthly.csv,missing_rx_volume,hcp_id=1765149178|month=2023-02|ndc_category=NEURO_MIGRAINE_CGRP,rx_volume,92,,set to NULL; outside every treatment target-category window
DQ-002874,rx_claims_monthly.csv,missing_rx_volume,hcp_id=1135650855|month=2025-06|ndc_category=CV_ANTICOAG_ORAL,rx_volume,85,,set to NULL; outside every treatment target-category window
DQ-002875,rx_claims_monthly.csv,missing_rx_volume,hcp_id=1762664088|month=2022-12|ndc_category=METABOLIC_GLP1_INJ,rx_volume,95,,set to NULL; outside every treatment target-category window
DQ-002876,rx_claims_monthly.csv,missing_rx_volume,hcp_id=1088938448|month=2025-04|ndc_category=CV_ANTICOAG_ORAL,rx_volume,82,,set to NULL; outside every treatment target-category window
DQ-002877,rx_claims_monthly.csv,missing_rx_volume,hcp_id=1124905880|month=2023-07|ndc_category=CV_ANTICOAG_ORAL,rx_volume,454,,set to NULL; outside every treatment target-category window
DQ-002878,rx_claims_monthly.csv,missing_rx_volume,hcp_id=1618334340|month=2024-11|ndc_category=CV_ANTICOAG_ORAL,rx_volume,41,,set to NULL; outside every treatment target-category window
DQ-002879,rx_claims_monthly.csv,missing_rx_volume,hcp_id=1749355669|month=2023-09|ndc_category=CV_ANTICOAG_ORAL,rx_volume,160,,set to NULL; outside every treatment target-category window
DQ-002880,rx_claims_monthly.csv,missing_rx_volume,hcp_id=1949335115|month=2023-05|ndc_category=METABOLIC_GLP1_INJ,rx_volume,132,,set to NULL; outside every treatment target-category window
DQ-002881,rx_claims_monthly.csv,missing_rx_volume,hcp_id=1405644208|month=2024-06|ndc_category=METABOLIC_GLP1_INJ,rx_volume,107,,set to NULL; outside every treatment target-category window
DQ-002882,rx_claims_monthly.csv,missing_rx_volume,hcp_id=1221260676|month=2025-09|ndc_category=METABOLIC_GLP1_INJ,rx_volume,434,,set to NULL; outside every treatment target-category window
DQ-002883,rx_claims_monthly.csv,missing_rx_volume,hcp_id=1707435529|month=2024-05|ndc_category=CV_ANTICOAG_ORAL,rx_volume,206,,set to NULL; outside every treatment target-category window
DQ-002884,rx_claims_monthly.csv,missing_rx_volume,hcp_id=1377516020|month=2024-05|ndc_category=CV_ANTICOAG_ORAL,rx_volume,137,,set to NULL; outside every treatment target-category window
DQ-002885,rx_claims_monthly.csv,missing_rx_volume,hcp_id=1084919582|month=2025-06|ndc_category=CV_ANTICOAG_ORAL,rx_volume,224,,set to NULL; outside every treatment target-category window
DQ-002886,rx_claims_monthly.csv,missing_rx_volume,hcp_id=1225504491|month=2023-08|ndc_category=ENDO_BASAL_INSULIN,rx_volume,115,,set to NULL; outside every treatment target-category window
DQ-002887,rx_claims_monthly.csv,missing_rx_volume,hcp_id=1738916414|month=2025-10|ndc_category=METABOLIC_GLP1_INJ,rx_volume,110,,set to NULL; outside every treatment target-category window
DQ-002888,rx_claims_monthly.csv,missing_rx_volume,hcp_id=1282914906|month=2023-04|ndc_category=METABOLIC_GLP1_INJ,rx_volume,115,,set to NULL; outside every treatment target-category window
DQ-002889,rx_claims_monthly.csv,missing_rx_volume,hcp_id=1333896094|month=2024-04|ndc_category=NEURO_MIGRAINE_CGRP,rx_volume,92,,set to NULL; outside every treatment target-category window
DQ-002890,rx_claims_monthly.csv,missing_rx_volume,hcp_id=1590337907|month=2023-02|ndc_category=RHEUM_JAK_ORAL,rx_volume,365,,set to NULL; outside every treatment target-category window
DQ-002891,rx_claims_monthly.csv,missing_rx_volume,hcp_id=1423946593|month=2025-02|ndc_category=CV_ANTICOAG_ORAL,rx_volume,157,,set to NULL; outside every treatment target-category window
DQ-002892,rx_claims_monthly.csv,missing_rx_volume,hcp_id=1223528765|month=2023-02|ndc_category=METABOLIC_GLP1_INJ,rx_volume,108,,set to NULL; outside every treatment target-category window
DQ-002893,rx_claims_monthly.csv,missing_rx_volume,hcp_id=1512844550|month=2025-09|ndc_category=METABOLIC_GLP1_INJ,rx_volume,162,,set to NULL; outside every treatment target-category window
DQ-002894,rx_claims_monthly.csv,missing_rx_volume,hcp_id=1341720393|month=2023-11|ndc_category=PULM_ICS_LABA_INH,rx_volume,132,,set to NULL; outside every treatment target-category window
DQ-002895,rx_claims_monthly.csv,missing_rx_volume,hcp_id=1194241117|month=2024-03|ndc_category=CV_ANTICOAG_ORAL,rx_volume,507,,set to NULL; outside every treatment target-category window
DQ-002896,rx_claims_monthly.csv,missing_rx_volume,hcp_id=1401670058|month=2025-09|ndc_category=METABOLIC_GLP1_INJ,rx_volume,36,,set to NULL; outside every treatment target-category window
DQ-002897,rx_claims_monthly.csv,missing_rx_volume,hcp_id=1389574017|month=2023-11|ndc_category=CV_ANTICOAG_ORAL,rx_volume,332,,set to NULL; outside every treatment target-category window
DQ-002898,rx_claims_monthly.csv,missing_rx_volume,hcp_id=1623506957|month=2024-03|ndc_category=METABOLIC_GLP1_INJ,rx_volume,67,,set to NULL; outside every treatment target-category window
DQ-002899,rx_claims_monthly.csv,missing_rx_volume,hcp_id=1064190048|month=2024-09|ndc_category=CV_ANTICOAG_ORAL,rx_volume,159,,set to NULL; outside every treatment target-category window
DQ-002900,rx_claims_monthly.csv,missing_rx_volume,hcp_id=1742245693|month=2023-02|ndc_category=CV_ANTICOAG_ORAL,rx_volume,149,,set to NULL; outside every treatment target-category window
DQ-002901,rx_claims_monthly.csv,missing_rx_volume,hcp_id=1712092349|month=2024-03|ndc_category=ONC_TARGETED_ORAL,rx_volume,142,,set to NULL; outside every treatment target-category window
DQ-002902,rx_claims_monthly.csv,missing_rx_volume,hcp_id=1715729269|month=2024-01|ndc_category=CV_ANTICOAG_ORAL,rx_volume,185,,set to NULL; outside every treatment target-category window
DQ-002903,rx_claims_monthly.csv,missing_rx_volume,hcp_id=1214210316|month=2025-02|ndc_category=METABOLIC_GLP1_INJ,rx_volume,21,,set to NULL; outside every treatment target-category window
DQ-002904,rx_claims_monthly.csv,missing_rx_volume,hcp_id=1206870192|month=2024-11|ndc_category=METABOLIC_GLP1_INJ,rx_volume,349,,set to NULL; outside every treatment target-category window
DQ-002905,rx_claims_monthly.csv,missing_rx_volume,hcp_id=1407902521|month=2024-04|ndc_category=CV_ANTICOAG_ORAL,rx_volume,92,,set to NULL; outside every treatment target-category window
DQ-002906,rx_claims_monthly.csv,missing_rx_volume,hcp_id=1572180861|month=2023-11|ndc_category=CV_ANTICOAG_ORAL,rx_volume,106,,set to NULL; outside every treatment target-category window
DQ-002907,rx_claims_monthly.csv,missing_rx_volume,hcp_id=1044303869|month=2023-12|ndc_category=ONC_TARGETED_ORAL,rx_volume,176,,set to NULL; outside every treatment target-category window
DQ-002908,rx_claims_monthly.csv,missing_rx_volume,hcp_id=1334793308|month=2025-04|ndc_category=METABOLIC_GLP1_INJ,rx_volume,81,,set to NULL; outside every treatment target-category window
DQ-002909,rx_claims_monthly.csv,missing_rx_volume,hcp_id=1598998692|month=2024-03|ndc_category=CV_ANTICOAG_ORAL,rx_volume,112,,set to NULL; outside every treatment target-category window
DQ-002910,rx_claims_monthly.csv,missing_rx_volume,hcp_id=1737256036|month=2024-10|ndc_category=METABOLIC_GLP1_INJ,rx_volume,140,,set to NULL; outside every treatment target-category window
DQ-002911,rx_claims_monthly.csv,missing_rx_volume,hcp_id=1222151080|month=2022-12|ndc_category=CV_ANTICOAG_ORAL,rx_volume,259,,set to NULL; outside every treatment target-category window
DQ-002912,rx_claims_monthly.csv,missing_rx_volume,hcp_id=1036718538|month=2022-12|ndc_category=ENDO_BASAL_INSULIN,rx_volume,208,,set to NULL; outside every treatment target-category window
DQ-002913,rx_claims_monthly.csv,missing_rx_volume,hcp_id=1209566128|month=2024-03|ndc_category=METABOLIC_GLP1_INJ,rx_volume,405,,set to NULL; outside every treatment target-category window
DQ-002914,rx_claims_monthly.csv,missing_rx_volume,hcp_id=1719722377|month=2023-04|ndc_category=METABOLIC_GLP1_INJ,rx_volume,203,,set to NULL; outside every treatment target-category window
DQ-002915,rx_claims_monthly.csv,missing_rx_volume,hcp_id=1434523506|month=2023-02|ndc_category=PC_ANTIHYPERTENSIVE,rx_volume,295,,set to NULL; outside every treatment target-category window
DQ-002916,rx_claims_monthly.csv,missing_rx_volume,hcp_id=1022312734|month=2024-01|ndc_category=CV_ANTICOAG_ORAL,rx_volume,120,,set to NULL; outside every treatment target-category window
DQ-002917,rx_claims_monthly.csv,missing_rx_volume,hcp_id=1849988823|month=2025-03|ndc_category=CV_ANTICOAG_ORAL,rx_volume,29,,set to NULL; outside every treatment target-category window
DQ-002918,rx_claims_monthly.csv,missing_rx_volume,hcp_id=1082909627|month=2024-01|ndc_category=METABOLIC_GLP1_INJ,rx_volume,190,,set to NULL; outside every treatment target-category window
DQ-002919,rx_claims_monthly.csv,missing_rx_volume,hcp_id=1798488478|month=2024-02|ndc_category=METABOLIC_GLP1_INJ,rx_volume,95,,set to NULL; outside every treatment target-category window
DQ-002920,rx_claims_monthly.csv,missing_rx_volume,hcp_id=1429255973|month=2025-02|ndc_category=CV_ANTICOAG_ORAL,rx_volume,171,,set to NULL; outside every treatment target-category window
DQ-002921,rx_claims_monthly.csv,missing_rx_volume,hcp_id=1934277181|month=2023-12|ndc_category=METABOLIC_GLP1_INJ,rx_volume,85,,set to NULL; outside every treatment target-category window
DQ-002922,rx_claims_monthly.csv,missing_rx_volume,hcp_id=1213108081|month=2024-04|ndc_category=METABOLIC_GLP1_INJ,rx_volume,120,,set to NULL; outside every treatment target-category window
DQ-002923,rx_claims_monthly.csv,missing_rx_volume,hcp_id=1998699429|month=2023-08|ndc_category=METABOLIC_GLP1_INJ,rx_volume,239,,set to NULL; outside every treatment target-category window
DQ-002924,rx_claims_monthly.csv,missing_rx_volume,hcp_id=1704492101|month=2023-08|ndc_category=ONC_TARGETED_ORAL,rx_volume,202,,set to NULL; outside every treatment target-category window
DQ-002925,rx_claims_monthly.csv,missing_rx_volume,hcp_id=1422258099|month=2023-01|ndc_category=METABOLIC_GLP1_INJ,rx_volume,131,,set to NULL; outside every treatment target-category window
DQ-002926,rx_claims_monthly.csv,missing_rx_volume,hcp_id=1257768279|month=2024-09|ndc_category=METABOLIC_GLP1_INJ,rx_volume,277,,set to NULL; outside every treatment target-category window
DQ-002927,rx_claims_monthly.csv,missing_rx_volume,hcp_id=1443907526|month=2024-02|ndc_category=CV_ANTICOAG_ORAL,rx_volume,132,,set to NULL; outside every treatment target-category window
DQ-002928,rx_claims_monthly.csv,missing_rx_volume,hcp_id=1913683516|month=2025-01|ndc_category=METABOLIC_GLP1_INJ,rx_volume,91,,set to NULL; outside every treatment target-category window
DQ-002929,rx_claims_monthly.csv,missing_rx_volume,hcp_id=1129206672|month=2022-12|ndc_category=PULM_ICS_LABA_INH,rx_volume,268,,set to NULL; outside every treatment target-category window
DQ-002930,rx_claims_monthly.csv,missing_rx_volume,hcp_id=1016162897|month=2024-03|ndc_category=METABOLIC_GLP1_INJ,rx_volume,32,,set to NULL; outside every treatment target-category window
DQ-002931,rx_claims_monthly.csv,missing_rx_volume,hcp_id=1362560363|month=2023-05|ndc_category=METABOLIC_GLP1_INJ,rx_volume,109,,set to NULL; outside every treatment target-category window
DQ-002932,rx_claims_monthly.csv,missing_rx_volume,hcp_id=1903865289|month=2025-05|ndc_category=METABOLIC_GLP1_INJ,rx_volume,132,,set to NULL; outside every treatment target-category window
DQ-002933,rx_claims_monthly.csv,missing_rx_volume,hcp_id=1907112910|month=2023-01|ndc_category=NEURO_MIGRAINE_CGRP,rx_volume,277,,set to NULL; outside every treatment target-category window
DQ-002934,rx_claims_monthly.csv,missing_rx_volume,hcp_id=1892897319|month=2023-07|ndc_category=RHEUM_JAK_ORAL,rx_volume,137,,set to NULL; outside every treatment target-category window
DQ-002935,rx_claims_monthly.csv,missing_rx_volume,hcp_id=1422258099|month=2022-12|ndc_category=METABOLIC_GLP1_INJ,rx_volume,110,,set to NULL; outside every treatment target-category window
DQ-002936,rx_claims_monthly.csv,missing_rx_volume,hcp_id=1905395731|month=2024-09|ndc_category=METABOLIC_GLP1_INJ,rx_volume,73,,set to NULL; outside every treatment target-category window
DQ-002937,rx_claims_monthly.csv,rx_volume_comma_string,hcp_id=1315385710|month=2025-08|ndc_category=CV_ANTICOAG_ORAL,rx_volume,1147,"1,147","stored as thousands-separated text; strip ',' then cast"
DQ-002938,rx_claims_monthly.csv,rx_volume_comma_string,hcp_id=1929302226|month=2025-02|ndc_category=METABOLIC_GLP1_INJ,rx_volume,1359,"1,359","stored as thousands-separated text; strip ',' then cast"
DQ-002939,rx_claims_monthly.csv,rx_volume_comma_string,hcp_id=1256419643|month=2024-11|ndc_category=CV_ANTICOAG_ORAL,rx_volume,1254,"1,254","stored as thousands-separated text; strip ',' then cast"
DQ-002940,rx_claims_monthly.csv,rx_volume_comma_string,hcp_id=1415915762|month=2025-06|ndc_category=CV_ANTICOAG_ORAL,rx_volume,1378,"1,378","stored as thousands-separated text; strip ',' then cast"
DQ-002941,rx_claims_monthly.csv,rx_volume_comma_string,hcp_id=1783823739|month=2025-02|ndc_category=PC_ANTIHYPERTENSIVE,rx_volume,1246,"1,246","stored as thousands-separated text; strip ',' then cast"
DQ-002942,rx_claims_monthly.csv,rx_volume_comma_string,hcp_id=1412773438|month=2024-08|ndc_category=PC_ANTIHYPERTENSIVE,rx_volume,1015,"1,015","stored as thousands-separated text; strip ',' then cast"
DQ-002943,rx_claims_monthly.csv,rx_volume_comma_string,hcp_id=1901019392|month=2025-09|ndc_category=CARD_HF_ARNI,rx_volume,1525,"1,525","stored as thousands-separated text; strip ',' then cast"
DQ-002944,rx_claims_monthly.csv,rx_volume_comma_string,hcp_id=1984924732|month=2025-08|ndc_category=PC_ANTIHYPERTENSIVE,rx_volume,1010,"1,010","stored as thousands-separated text; strip ',' then cast"
DQ-002945,rx_claims_monthly.csv,rx_volume_comma_string,hcp_id=1332821143|month=2025-05|ndc_category=CV_ANTICOAG_ORAL,rx_volume,1376,"1,376","stored as thousands-separated text; strip ',' then cast"
DQ-002946,rx_claims_monthly.csv,rx_volume_comma_string,hcp_id=1883526315|month=2024-12|ndc_category=METABOLIC_GLP1_INJ,rx_volume,1151,"1,151","stored as thousands-separated text; strip ',' then cast"
DQ-002947,rx_claims_monthly.csv,rx_volume_comma_string,hcp_id=1883526315|month=2025-06|ndc_category=METABOLIC_GLP1_INJ,rx_volume,1466,"1,466","stored as thousands-separated text; strip ',' then cast"
DQ-002948,rx_claims_monthly.csv,rx_volume_comma_string,hcp_id=1767320793|month=2025-07|ndc_category=CV_ANTICOAG_ORAL,rx_volume,1003,"1,003","stored as thousands-separated text; strip ',' then cast"
DQ-002949,rx_claims_monthly.csv,rx_volume_comma_string,hcp_id=1725724532|month=2024-11|ndc_category=PC_ANTIHYPERTENSIVE,rx_volume,1445,"1,445","stored as thousands-separated text; strip ',' then cast"
DQ-002950,rx_claims_monthly.csv,rx_volume_comma_string,hcp_id=1630483653|month=2025-05|ndc_category=CV_ANTICOAG_ORAL,rx_volume,1266,"1,266","stored as thousands-separated text; strip ',' then cast"
DQ-002951,rx_claims_monthly.csv,rx_volume_comma_string,hcp_id=1393729789|month=2025-08|ndc_category=PC_ANTIHYPERTENSIVE,rx_volume,1328,"1,328","stored as thousands-separated text; strip ',' then cast"
DQ-002952,rx_claims_monthly.csv,rx_volume_comma_string,hcp_id=1572650665|month=2025-09|ndc_category=ENDO_BASAL_INSULIN,rx_volume,1014,"1,014","stored as thousands-separated text; strip ',' then cast"
DQ-002953,rx_claims_monthly.csv,rx_volume_comma_string,hcp_id=1411293156|month=2025-03|ndc_category=NEURO_MIGRAINE_CGRP,rx_volume,1136,"1,136","stored as thousands-separated text; strip ',' then cast"
DQ-002954,rx_claims_monthly.csv,rx_volume_comma_string,hcp_id=1397150222|month=2025-08|ndc_category=CARD_HF_ARNI,rx_volume,1662,"1,662","stored as thousands-separated text; strip ',' then cast"
DQ-002955,rx_claims_monthly.csv,rx_volume_comma_string,hcp_id=1812815243|month=2025-04|ndc_category=PC_ANTIHYPERTENSIVE,rx_volume,1089,"1,089","stored as thousands-separated text; strip ',' then cast"
DQ-002956,rx_claims_monthly.csv,rx_volume_comma_string,hcp_id=1148541752|month=2024-05|ndc_category=ENDO_BASAL_INSULIN,rx_volume,1004,"1,004","stored as thousands-separated text; strip ',' then cast"
DQ-002957,rx_claims_monthly.csv,rx_volume_comma_string,hcp_id=1415915762|month=2024-04|ndc_category=NEURO_MIGRAINE_CGRP,rx_volume,1114,"1,114","stored as thousands-separated text; strip ',' then cast"
DQ-002958,rx_claims_monthly.csv,rx_volume_comma_string,hcp_id=1909167417|month=2024-10|ndc_category=PC_ANTIHYPERTENSIVE,rx_volume,1180,"1,180","stored as thousands-separated text; strip ',' then cast"
DQ-002959,rx_claims_monthly.csv,rx_volume_comma_string,hcp_id=1124726435|month=2025-10|ndc_category=METABOLIC_GLP1_INJ,rx_volume,1707,"1,707","stored as thousands-separated text; strip ',' then cast"
DQ-002960,rx_claims_monthly.csv,rx_volume_comma_string,hcp_id=1075693709|month=2025-03|ndc_category=NEURO_MIGRAINE_CGRP,rx_volume,1179,"1,179","stored as thousands-separated text; strip ',' then cast"
DQ-002961,rx_claims_monthly.csv,rx_volume_comma_string,hcp_id=1909167417|month=2025-03|ndc_category=PC_ANTIHYPERTENSIVE,rx_volume,1253,"1,253","stored as thousands-separated text; strip ',' then cast"
DQ-002962,rx_claims_monthly.csv,rx_volume_comma_string,hcp_id=1783823739|month=2025-04|ndc_category=PC_ANTIHYPERTENSIVE,rx_volume,1118,"1,118","stored as thousands-separated text; strip ',' then cast"
DQ-002963,rx_claims_monthly.csv,rx_volume_comma_string,hcp_id=1869092142|month=2025-03|ndc_category=PC_ANTIHYPERTENSIVE,rx_volume,1569,"1,569","stored as thousands-separated text; strip ',' then cast"
DQ-002964,rx_claims_monthly.csv,rx_volume_comma_string,hcp_id=1218757361|month=2025-09|ndc_category=ONC_TARGETED_ORAL,rx_volume,1403,"1,403","stored as thousands-separated text; strip ',' then cast"
DQ-002965,rx_claims_monthly.csv,rx_volume_comma_string,hcp_id=1042285084|month=2025-03|ndc_category=METABOLIC_GLP1_INJ,rx_volume,1210,"1,210","stored as thousands-separated text; strip ',' then cast"
DQ-002966,rx_claims_monthly.csv,rx_volume_comma_string,hcp_id=1042455315|month=2025-03|ndc_category=METABOLIC_GLP1_INJ,rx_volume,1081,"1,081","stored as thousands-separated text; strip ',' then cast"
DQ-002967,rx_claims_monthly.csv,rx_volume_comma_string,hcp_id=1415915762|month=2024-10|ndc_category=NEURO_MIGRAINE_CGRP,rx_volume,1302,"1,302","stored as thousands-separated text; strip ',' then cast"
DQ-002968,rx_claims_monthly.csv,rx_volume_comma_string,hcp_id=1220405058|month=2025-10|ndc_category=CV_ANTICOAG_ORAL,rx_volume,1023,"1,023","stored as thousands-separated text; strip ',' then cast"
DQ-002969,rx_claims_monthly.csv,rx_volume_comma_string,hcp_id=1213511599|month=2025-03|ndc_category=CV_ANTICOAG_ORAL,rx_volume,1415,"1,415","stored as thousands-separated text; strip ',' then cast"
DQ-002970,rx_claims_monthly.csv,rx_volume_comma_string,hcp_id=1075693709|month=2025-06|ndc_category=NEURO_MIGRAINE_CGRP,rx_volume,1136,"1,136","stored as thousands-separated text; strip ',' then cast"
DQ-002971,rx_claims_monthly.csv,rx_volume_comma_string,hcp_id=1788800922|month=2024-06|ndc_category=CV_ANTICOAG_ORAL,rx_volume,1426,"1,426","stored as thousands-separated text; strip ',' then cast"
DQ-002972,rx_claims_monthly.csv,rx_volume_comma_string,hcp_id=1749263335|month=2025-01|ndc_category=CV_ANTICOAG_ORAL,rx_volume,1127,"1,127","stored as thousands-separated text; strip ',' then cast"
DQ-002973,rx_claims_monthly.csv,rx_volume_comma_string,hcp_id=1415915762|month=2024-09|ndc_category=CV_ANTICOAG_ORAL,rx_volume,1207,"1,207","stored as thousands-separated text; strip ',' then cast"
DQ-002974,rx_claims_monthly.csv,rx_volume_comma_string,hcp_id=1397150222|month=2024-11|ndc_category=CARD_HF_ARNI,rx_volume,1374,"1,374","stored as thousands-separated text; strip ',' then cast"
DQ-002975,rx_claims_monthly.csv,rx_volume_comma_string,hcp_id=1822345694|month=2025-06|ndc_category=CARD_HF_ARNI,rx_volume,1408,"1,408","stored as thousands-separated text; strip ',' then cast"
DQ-002976,rx_claims_monthly.csv,rx_volume_comma_string,hcp_id=1042285084|month=2024-12|ndc_category=METABOLIC_GLP1_INJ,rx_volume,1012,"1,012","stored as thousands-separated text; strip ',' then cast"
DQ-002977,rx_claims_monthly.csv,rx_volume_comma_string,hcp_id=1516379264|month=2025-07|ndc_category=CV_ANTICOAG_ORAL,rx_volume,1470,"1,470","stored as thousands-separated text; strip ',' then cast"
DQ-002978,rx_claims_monthly.csv,rx_volume_comma_string,hcp_id=1725724532|month=2025-02|ndc_category=PC_ANTIHYPERTENSIVE,rx_volume,1536,"1,536","stored as thousands-separated text; strip ',' then cast"
DQ-002979,rx_claims_monthly.csv,rx_volume_comma_string,hcp_id=1176062549|month=2025-03|ndc_category=ENDO_BASAL_INSULIN,rx_volume,1029,"1,029","stored as thousands-separated text; strip ',' then cast"
DQ-002980,rx_claims_monthly.csv,rx_volume_comma_string,hcp_id=1725623817|month=2025-01|ndc_category=PC_ANTIHYPERTENSIVE,rx_volume,1049,"1,049","stored as thousands-separated text; strip ',' then cast"
DQ-002981,rx_claims_monthly.csv,rx_volume_comma_string,hcp_id=1901019392|month=2024-06|ndc_category=CARD_HF_ARNI,rx_volume,1024,"1,024","stored as thousands-separated text; strip ',' then cast"
DQ-002982,rx_claims_monthly.csv,rx_volume_comma_string,hcp_id=1592123891|month=2025-06|ndc_category=PC_ANTIHYPERTENSIVE,rx_volume,1055,"1,055","stored as thousands-separated text; strip ',' then cast"
DQ-002983,rx_claims_monthly.csv,rx_volume_comma_string,hcp_id=1346135829|month=2025-09|ndc_category=CV_ANTICOAG_ORAL,rx_volume,1457,"1,457","stored as thousands-separated text; strip ',' then cast"
DQ-002984,rx_claims_monthly.csv,rx_volume_comma_string,hcp_id=1346135829|month=2025-10|ndc_category=CV_ANTICOAG_ORAL,rx_volume,1664,"1,664","stored as thousands-separated text; strip ',' then cast"
DQ-002985,rx_claims_monthly.csv,rx_volume_comma_string,hcp_id=1393729789|month=2024-08|ndc_category=PC_ANTIHYPERTENSIVE,rx_volume,1202,"1,202","stored as thousands-separated text; strip ',' then cast"
DQ-002986,rx_claims_monthly.csv,rx_volume_comma_string,hcp_id=1221582384|month=2024-11|ndc_category=PULM_ICS_LABA_INH,rx_volume,1079,"1,079","stored as thousands-separated text; strip ',' then cast"
DQ-002987,rx_claims_monthly.csv,rx_volume_comma_string,hcp_id=1393729789|month=2024-09|ndc_category=PC_ANTIHYPERTENSIVE,rx_volume,1045,"1,045","stored as thousands-separated text; strip ',' then cast"
DQ-002988,rx_claims_monthly.csv,rx_volume_comma_string,hcp_id=1264333323|month=2025-03|ndc_category=PC_ANTIHYPERTENSIVE,rx_volume,1243,"1,243","stored as thousands-separated text; strip ',' then cast"
DQ-002989,rx_claims_monthly.csv,rx_volume_comma_string,hcp_id=1101185407|month=2025-06|ndc_category=PC_ANTIHYPERTENSIVE,rx_volume,1138,"1,138","stored as thousands-separated text; strip ',' then cast"
DQ-002990,rx_claims_monthly.csv,rx_volume_comma_string,hcp_id=1646133078|month=2024-11|ndc_category=ENDO_BASAL_INSULIN,rx_volume,1328,"1,328","stored as thousands-separated text; strip ',' then cast"
DQ-002991,rx_claims_monthly.csv,rx_volume_comma_string,hcp_id=1566070763|month=2025-08|ndc_category=PULM_ICS_LABA_INH,rx_volume,1704,"1,704","stored as thousands-separated text; strip ',' then cast"
DQ-002992,rx_claims_monthly.csv,rx_volume_comma_string,hcp_id=1042285084|month=2024-11|ndc_category=PC_ANTIHYPERTENSIVE,rx_volume,1429,"1,429","stored as thousands-separated text; strip ',' then cast"
DQ-002993,rx_claims_monthly.csv,rx_volume_comma_string,hcp_id=1000748156|month=2025-04|ndc_category=PC_ANTIHYPERTENSIVE,rx_volume,1268,"1,268","stored as thousands-separated text; strip ',' then cast"
DQ-002994,rx_claims_monthly.csv,rx_volume_comma_string,hcp_id=1788800922|month=2024-08|ndc_category=CV_ANTICOAG_ORAL,rx_volume,1240,"1,240","stored as thousands-separated text; strip ',' then cast"
DQ-002995,rx_claims_monthly.csv,rx_volume_comma_string,hcp_id=1412773438|month=2025-04|ndc_category=PC_ANTIHYPERTENSIVE,rx_volume,1282,"1,282","stored as thousands-separated text; strip ',' then cast"
DQ-002996,rx_claims_monthly.csv,rx_volume_comma_string,hcp_id=1042285084|month=2025-10|ndc_category=METABOLIC_GLP1_INJ,rx_volume,1615,"1,615","stored as thousands-separated text; strip ',' then cast"
DQ-002997,rx_claims_monthly.csv,rx_volume_comma_string,hcp_id=1263807582|month=2025-08|ndc_category=PC_ANTIHYPERTENSIVE,rx_volume,1721,"1,721","stored as thousands-separated text; strip ',' then cast"
DQ-002998,rx_claims_monthly.csv,rx_volume_comma_string,hcp_id=1869092142|month=2024-12|ndc_category=PC_ANTIHYPERTENSIVE,rx_volume,1363,"1,363","stored as thousands-separated text; strip ',' then cast"
DQ-002999,rx_claims_monthly.csv,rx_volume_comma_string,hcp_id=1415915762|month=2024-12|ndc_category=NEURO_MIGRAINE_CGRP,rx_volume,1602,"1,602","stored as thousands-separated text; strip ',' then cast"
DQ-003000,rx_claims_monthly.csv,rx_volume_comma_string,hcp_id=1332821143|month=2025-06|ndc_category=CV_ANTICOAG_ORAL,rx_volume,1241,"1,241","stored as thousands-separated text; strip ',' then cast"
DQ-003001,rx_claims_monthly.csv,rx_volume_comma_string,hcp_id=1209566128|month=2025-10|ndc_category=PC_ANTIHYPERTENSIVE,rx_volume,1113,"1,113","stored as thousands-separated text; strip ',' then cast"
DQ-003002,rx_claims_monthly.csv,rx_volume_comma_string,hcp_id=1415915762|month=2024-07|ndc_category=NEURO_MIGRAINE_CGRP,rx_volume,1127,"1,127","stored as thousands-separated text; strip ',' then cast"
DQ-003003,rx_claims_monthly.csv,rx_volume_comma_string,hcp_id=1332821143|month=2024-10|ndc_category=CV_ANTICOAG_ORAL,rx_volume,1063,"1,063","stored as thousands-separated text; strip ',' then cast"
DQ-003004,rx_claims_monthly.csv,rx_volume_comma_string,hcp_id=1832506087|month=2025-09|ndc_category=METABOLIC_GLP1_INJ,rx_volume,1231,"1,231","stored as thousands-separated text; strip ',' then cast"
DQ-003005,rx_claims_monthly.csv,rx_volume_comma_string,hcp_id=1075693709|month=2025-08|ndc_category=NEURO_MIGRAINE_CGRP,rx_volume,1012,"1,012","stored as thousands-separated text; strip ',' then cast"
DQ-003006,rx_claims_monthly.csv,rx_volume_comma_string,hcp_id=1869092142|month=2024-09|ndc_category=PC_ANTIHYPERTENSIVE,rx_volume,1346,"1,346","stored as thousands-separated text; strip ',' then cast"
DQ-003007,rx_claims_monthly.csv,rx_volume_comma_string,hcp_id=1509977165|month=2024-10|ndc_category=PC_ANTIHYPERTENSIVE,rx_volume,1000,"1,000","stored as thousands-separated text; strip ',' then cast"
DQ-003008,rx_claims_monthly.csv,rx_volume_comma_string,hcp_id=1412773438|month=2025-01|ndc_category=PC_ANTIHYPERTENSIVE,rx_volume,1089,"1,089","stored as thousands-separated text; strip ',' then cast"
DQ-003009,rx_claims_monthly.csv,rx_volume_comma_string,hcp_id=1901019392|month=2025-08|ndc_category=METABOLIC_GLP1_INJ,rx_volume,1053,"1,053","stored as thousands-separated text; strip ',' then cast"
DQ-003010,rx_claims_monthly.csv,rx_volume_comma_string,hcp_id=1393729789|month=2025-04|ndc_category=PC_ANTIHYPERTENSIVE,rx_volume,1311,"1,311","stored as thousands-separated text; strip ',' then cast"
DQ-003011,rx_claims_monthly.csv,rx_volume_comma_string,hcp_id=1042285084|month=2025-01|ndc_category=METABOLIC_GLP1_INJ,rx_volume,1032,"1,032","stored as thousands-separated text; strip ',' then cast"
DQ-003012,rx_claims_monthly.csv,rx_volume_comma_string,hcp_id=1415915762|month=2025-01|ndc_category=NEURO_MIGRAINE_CGRP,rx_volume,1819,"1,819","stored as thousands-separated text; strip ',' then cast"
DQ-003013,rx_claims_monthly.csv,rx_volume_comma_string,hcp_id=1835339551|month=2024-12|ndc_category=METABOLIC_GLP1_INJ,rx_volume,1276,"1,276","stored as thousands-separated text; strip ',' then cast"
DQ-003014,rx_claims_monthly.csv,rx_volume_comma_string,hcp_id=1883526315|month=2024-08|ndc_category=METABOLIC_GLP1_INJ,rx_volume,1026,"1,026","stored as thousands-separated text; strip ',' then cast"
DQ-003015,rx_claims_monthly.csv,rx_volume_comma_string,hcp_id=1646133078|month=2025-04|ndc_category=ENDO_BASAL_INSULIN,rx_volume,1334,"1,334","stored as thousands-separated text; strip ',' then cast"
DQ-003016,rx_claims_monthly.csv,rx_volume_comma_string,hcp_id=1042285084|month=2025-04|ndc_category=PC_ANTIHYPERTENSIVE,rx_volume,1802,"1,802","stored as thousands-separated text; strip ',' then cast"
DQ-003017,rx_claims_monthly.csv,rx_volume_comma_string,hcp_id=1332821143|month=2025-02|ndc_category=CV_ANTICOAG_ORAL,rx_volume,1224,"1,224","stored as thousands-separated text; strip ',' then cast"
DQ-003018,rx_claims_monthly.csv,rx_volume_comma_string,hcp_id=1767320793|month=2025-04|ndc_category=CV_ANTICOAG_ORAL,rx_volume,1080,"1,080","stored as thousands-separated text; strip ',' then cast"
DQ-003019,rx_claims_monthly.csv,rx_volume_comma_string,hcp_id=1749263335|month=2024-10|ndc_category=PC_ANTIHYPERTENSIVE,rx_volume,1190,"1,190","stored as thousands-separated text; strip ',' then cast"
DQ-003020,rx_claims_monthly.csv,rx_volume_comma_string,hcp_id=1749263335|month=2025-07|ndc_category=METABOLIC_GLP1_INJ,rx_volume,1474,"1,474","stored as thousands-separated text; strip ',' then cast"
DQ-003021,rx_claims_monthly.csv,rx_volume_comma_string,hcp_id=1394609428|month=2025-08|ndc_category=ENDO_BASAL_INSULIN,rx_volume,1239,"1,239","stored as thousands-separated text; strip ',' then cast"
DQ-003022,rx_claims_monthly.csv,rx_volume_comma_string,hcp_id=1264333323|month=2025-02|ndc_category=PC_ANTIHYPERTENSIVE,rx_volume,1006,"1,006","stored as thousands-separated text; strip ',' then cast"
DQ-003023,rx_claims_monthly.csv,rx_volume_comma_string,hcp_id=1256419643|month=2024-03|ndc_category=RHEUM_JAK_ORAL,rx_volume,1106,"1,106","stored as thousands-separated text; strip ',' then cast"
DQ-003024,rx_claims_monthly.csv,rx_volume_comma_string,hcp_id=1929302226|month=2024-10|ndc_category=METABOLIC_GLP1_INJ,rx_volume,1137,"1,137","stored as thousands-separated text; strip ',' then cast"
DQ-003025,rx_claims_monthly.csv,rx_volume_comma_string,hcp_id=1516379264|month=2025-04|ndc_category=PC_ANTIHYPERTENSIVE,rx_volume,1176,"1,176","stored as thousands-separated text; strip ',' then cast"
DQ-003026,rx_claims_monthly.csv,rx_volume_comma_string,hcp_id=1929302226|month=2025-02|ndc_category=PC_ANTIHYPERTENSIVE,rx_volume,1026,"1,026","stored as thousands-separated text; strip ',' then cast"
DQ-003027,rx_claims_monthly.csv,rx_volume_comma_string,hcp_id=1929302226|month=2025-07|ndc_category=CV_ANTICOAG_ORAL,rx_volume,1166,"1,166","stored as thousands-separated text; strip ',' then cast"
DQ-003028,rx_claims_monthly.csv,rx_volume_comma_string,hcp_id=1566276774|month=2025-05|ndc_category=PC_ANTIHYPERTENSIVE,rx_volume,1425,"1,425","stored as thousands-separated text; strip ',' then cast"
DQ-003029,rx_claims_monthly.csv,rx_volume_comma_string,hcp_id=1397150222|month=2024-08|ndc_category=CARD_HF_ARNI,rx_volume,1199,"1,199","stored as thousands-separated text; strip ',' then cast"
DQ-003030,rx_claims_monthly.csv,rx_volume_comma_string,hcp_id=1148541752|month=2025-06|ndc_category=ENDO_BASAL_INSULIN,rx_volume,1133,"1,133","stored as thousands-separated text; strip ',' then cast"
DQ-003031,rx_claims_monthly.csv,rx_volume_comma_string,hcp_id=1394609428|month=2025-09|ndc_category=ENDO_BASAL_INSULIN,rx_volume,1511,"1,511","stored as thousands-separated text; strip ',' then cast"
DQ-003032,rx_claims_monthly.csv,rx_volume_comma_string,hcp_id=1357524945|month=2024-10|ndc_category=RHEUM_JAK_ORAL,rx_volume,1254,"1,254","stored as thousands-separated text; strip ',' then cast"
DQ-003033,rx_claims_monthly.csv,rx_volume_comma_string,hcp_id=1075693709|month=2025-07|ndc_category=NEURO_MIGRAINE_CGRP,rx_volume,1189,"1,189","stored as thousands-separated text; strip ',' then cast"
DQ-003034,rx_claims_monthly.csv,rx_volume_comma_string,hcp_id=1134195944|month=2024-05|ndc_category=CARD_HF_ARNI,rx_volume,1037,"1,037","stored as thousands-separated text; strip ',' then cast"
DQ-003035,rx_claims_monthly.csv,rx_volume_comma_string,hcp_id=1725724532|month=2025-03|ndc_category=CV_ANTICOAG_ORAL,rx_volume,1065,"1,065","stored as thousands-separated text; strip ',' then cast"
DQ-003036,rx_claims_monthly.csv,rx_volume_comma_string,hcp_id=1000748156|month=2025-03|ndc_category=PC_ANTIHYPERTENSIVE,rx_volume,1241,"1,241","stored as thousands-separated text; strip ',' then cast"
DQ-003037,rx_claims_monthly.csv,rx_volume_comma_string,hcp_id=1000748156|month=2025-05|ndc_category=PC_ANTIHYPERTENSIVE,rx_volume,1379,"1,379","stored as thousands-separated text; strip ',' then cast"
DQ-003038,rx_claims_monthly.csv,rx_volume_comma_string,hcp_id=1256419643|month=2023-12|ndc_category=RHEUM_JAK_ORAL,rx_volume,1050,"1,050","stored as thousands-separated text; strip ',' then cast"
DQ-003039,rx_claims_monthly.csv,rx_volume_comma_string,hcp_id=1415915762|month=2024-12|ndc_category=CV_ANTICOAG_ORAL,rx_volume,1270,"1,270","stored as thousands-separated text; strip ',' then cast"
DQ-003040,rx_claims_monthly.csv,rx_volume_comma_string,hcp_id=1834127445|month=2025-10|ndc_category=CV_ANTICOAG_ORAL,rx_volume,1103,"1,103","stored as thousands-separated text; strip ',' then cast"
DQ-003041,rx_claims_monthly.csv,rx_volume_comma_string,hcp_id=1250670316|month=2025-06|ndc_category=PC_ANTIHYPERTENSIVE,rx_volume,1281,"1,281","stored as thousands-separated text; strip ',' then cast"
DQ-003042,rx_claims_monthly.csv,rx_volume_comma_string,hcp_id=1929302226|month=2025-07|ndc_category=PC_ANTIHYPERTENSIVE,rx_volume,1496,"1,496","stored as thousands-separated text; strip ',' then cast"
DQ-003043,rx_claims_monthly.csv,rx_volume_comma_string,hcp_id=1213511599|month=2025-07|ndc_category=CV_ANTICOAG_ORAL,rx_volume,1354,"1,354","stored as thousands-separated text; strip ',' then cast"
DQ-003044,rx_claims_monthly.csv,rx_volume_comma_string,hcp_id=1552813903|month=2025-01|ndc_category=PC_ANTIHYPERTENSIVE,rx_volume,1211,"1,211","stored as thousands-separated text; strip ',' then cast"
DQ-003045,rx_claims_monthly.csv,rx_volume_comma_string,hcp_id=1415915762|month=2024-05|ndc_category=NEURO_MIGRAINE_CGRP,rx_volume,1204,"1,204","stored as thousands-separated text; strip ',' then cast"
DQ-003046,rx_claims_monthly.csv,rx_volume_comma_string,hcp_id=1262170503|month=2025-02|ndc_category=METABOLIC_GLP1_INJ,rx_volume,1000,"1,000","stored as thousands-separated text; strip ',' then cast"
DQ-003047,rx_claims_monthly.csv,rx_volume_comma_string,hcp_id=1883526315|month=2025-04|ndc_category=PC_ANTIHYPERTENSIVE,rx_volume,1246,"1,246","stored as thousands-separated text; strip ',' then cast"
DQ-003048,rx_claims_monthly.csv,rx_volume_comma_string,hcp_id=1725724532|month=2025-03|ndc_category=PC_ANTIHYPERTENSIVE,rx_volume,1338,"1,338","stored as thousands-separated text; strip ',' then cast"
DQ-003049,rx_claims_monthly.csv,rx_volume_comma_string,hcp_id=1912301342|month=2025-09|ndc_category=ENDO_BASAL_INSULIN,rx_volume,1271,"1,271","stored as thousands-separated text; strip ',' then cast"
DQ-003050,rx_claims_monthly.csv,rx_volume_comma_string,hcp_id=1075693709|month=2025-04|ndc_category=NEURO_MIGRAINE_CGRP,rx_volume,1028,"1,028","stored as thousands-separated text; strip ',' then cast"
DQ-003051,rx_claims_monthly.csv,rx_volume_comma_string,hcp_id=1832506087|month=2025-10|ndc_category=METABOLIC_GLP1_INJ,rx_volume,1526,"1,526","stored as thousands-separated text; strip ',' then cast"
DQ-003052,rx_claims_monthly.csv,rx_volume_comma_string,hcp_id=1929302226|month=2025-06|ndc_category=PC_ANTIHYPERTENSIVE,rx_volume,1514,"1,514","stored as thousands-separated text; strip ',' then cast"
DQ-003053,rx_claims_monthly.csv,rx_volume_comma_string,hcp_id=1144669185|month=2024-07|ndc_category=PC_ANTIHYPERTENSIVE,rx_volume,1141,"1,141","stored as thousands-separated text; strip ',' then cast"
DQ-003054,rx_claims_monthly.csv,rx_volume_comma_string,hcp_id=1280087226|month=2025-01|ndc_category=PC_ANTIHYPERTENSIVE,rx_volume,1586,"1,586","stored as thousands-separated text; strip ',' then cast"
DQ-003055,rx_claims_monthly.csv,rx_volume_comma_string,hcp_id=1869092142|month=2025-01|ndc_category=CV_ANTICOAG_ORAL,rx_volume,1187,"1,187","stored as thousands-separated text; strip ',' then cast"
DQ-003056,rx_claims_monthly.csv,rx_volume_comma_string,hcp_id=1211781301|month=2025-09|ndc_category=METABOLIC_GLP1_INJ,rx_volume,1282,"1,282","stored as thousands-separated text; strip ',' then cast"
DQ-003057,rx_claims_monthly.csv,rx_volume_comma_string,hcp_id=1713444978|month=2025-09|ndc_category=CV_ANTICOAG_ORAL,rx_volume,1189,"1,189","stored as thousands-separated text; strip ',' then cast"
DQ-003058,rx_claims_monthly.csv,rx_volume_comma_string,hcp_id=1869092142|month=2025-10|ndc_category=METABOLIC_GLP1_INJ,rx_volume,1131,"1,131","stored as thousands-separated text; strip ',' then cast"
DQ-003059,rx_claims_monthly.csv,rx_volume_comma_string,hcp_id=1552813903|month=2025-05|ndc_category=PC_ANTIHYPERTENSIVE,rx_volume,1128,"1,128","stored as thousands-separated text; strip ',' then cast"
DQ-003060,rx_claims_monthly.csv,rx_volume_comma_string,hcp_id=1924355757|month=2025-10|ndc_category=CV_ANTICOAG_ORAL,rx_volume,1027,"1,027","stored as thousands-separated text; strip ',' then cast"
DQ-003061,rx_claims_monthly.csv,rx_volume_comma_string,hcp_id=1767320793|month=2025-06|ndc_category=CV_ANTICOAG_ORAL,rx_volume,1095,"1,095","stored as thousands-separated text; strip ',' then cast"
DQ-003062,rx_claims_monthly.csv,rx_volume_comma_string,hcp_id=1200480071|month=2025-01|ndc_category=CV_ANTICOAG_ORAL,rx_volume,1219,"1,219","stored as thousands-separated text; strip ',' then cast"
DQ-003063,rx_claims_monthly.csv,rx_volume_comma_string,hcp_id=1909167417|month=2024-06|ndc_category=PC_ANTIHYPERTENSIVE,rx_volume,1177,"1,177","stored as thousands-separated text; strip ',' then cast"
DQ-003064,rx_claims_monthly.csv,rx_volume_comma_string,hcp_id=1415915762|month=2025-03|ndc_category=CV_ANTICOAG_ORAL,rx_volume,1535,"1,535","stored as thousands-separated text; strip ',' then cast"
DQ-003065,rx_claims_monthly.csv,rx_volume_comma_string,hcp_id=1566070763|month=2025-07|ndc_category=PULM_ICS_LABA_INH,rx_volume,1628,"1,628","stored as thousands-separated text; strip ',' then cast"
DQ-003066,rx_claims_monthly.csv,rx_volume_comma_string,hcp_id=1509977165|month=2024-12|ndc_category=PC_ANTIHYPERTENSIVE,rx_volume,1218,"1,218","stored as thousands-separated text; strip ',' then cast"
DQ-003067,rx_claims_monthly.csv,rx_volume_comma_string,hcp_id=1000748156|month=2025-06|ndc_category=PC_ANTIHYPERTENSIVE,rx_volume,1396,"1,396","stored as thousands-separated text; strip ',' then cast"
DQ-003068,rx_claims_monthly.csv,rx_volume_comma_string,hcp_id=1280087226|month=2025-05|ndc_category=PC_ANTIHYPERTENSIVE,rx_volume,1531,"1,531","stored as thousands-separated text; strip ',' then cast"
DQ-003069,rx_claims_monthly.csv,rx_volume_comma_string,hcp_id=1292975558|month=2025-09|ndc_category=CV_ANTICOAG_ORAL,rx_volume,1223,"1,223","stored as thousands-separated text; strip ',' then cast"
DQ-003070,rx_claims_monthly.csv,rx_volume_comma_string,hcp_id=1869092142|month=2025-09|ndc_category=METABOLIC_GLP1_INJ,rx_volume,1210,"1,210","stored as thousands-separated text; strip ',' then cast"
DQ-003071,rx_claims_monthly.csv,rx_volume_comma_string,hcp_id=1213511599|month=2025-08|ndc_category=METABOLIC_GLP1_INJ,rx_volume,1878,"1,878","stored as thousands-separated text; strip ',' then cast"
DQ-003072,rx_claims_monthly.csv,rx_volume_comma_string,hcp_id=1213511599|month=2025-10|ndc_category=METABOLIC_GLP1_INJ,rx_volume,1740,"1,740","stored as thousands-separated text; strip ',' then cast"
DQ-003073,rx_claims_monthly.csv,rx_volume_comma_string,hcp_id=1075693709|month=2024-10|ndc_category=NEURO_MIGRAINE_CGRP,rx_volume,1075,"1,075","stored as thousands-separated text; strip ',' then cast"
DQ-003074,rx_claims_monthly.csv,rx_volume_comma_string,hcp_id=1566070763|month=2025-05|ndc_category=PULM_ICS_LABA_INH,rx_volume,1509,"1,509","stored as thousands-separated text; strip ',' then cast"
DQ-003075,rx_claims_monthly.csv,rx_volume_comma_string,hcp_id=1738903891|month=2025-08|ndc_category=ENDO_BASAL_INSULIN,rx_volume,1041,"1,041","stored as thousands-separated text; strip ',' then cast"
DQ-003076,rx_claims_monthly.csv,rx_volume_comma_string,hcp_id=1835339551|month=2025-05|ndc_category=METABOLIC_GLP1_INJ,rx_volume,1554,"1,554","stored as thousands-separated text; strip ',' then cast"
DQ-003077,rx_claims_monthly.csv,rx_volume_comma_string,hcp_id=1221582384|month=2025-06|ndc_category=PULM_ICS_LABA_INH,rx_volume,1139,"1,139","stored as thousands-separated text; strip ',' then cast"
DQ-003078,rx_claims_monthly.csv,rx_volume_comma_string,hcp_id=1835339551|month=2024-11|ndc_category=RHEUM_JAK_ORAL,rx_volume,1350,"1,350","stored as thousands-separated text; strip ',' then cast"
DQ-003079,rx_claims_monthly.csv,rx_volume_comma_string,hcp_id=1713444978|month=2025-08|ndc_category=CV_ANTICOAG_ORAL,rx_volume,1245,"1,245","stored as thousands-separated text; strip ',' then cast"
DQ-003080,rx_claims_monthly.csv,rx_volume_comma_string,hcp_id=1042285084|month=2025-05|ndc_category=PC_ANTIHYPERTENSIVE,rx_volume,1651,"1,651","stored as thousands-separated text; strip ',' then cast"
DQ-003081,rx_claims_monthly.csv,rx_volume_comma_string,hcp_id=1929302226|month=2024-07|ndc_category=METABOLIC_GLP1_INJ,rx_volume,1108,"1,108","stored as thousands-separated text; strip ',' then cast"
DQ-003082,rx_claims_monthly.csv,rx_volume_comma_string,hcp_id=1635581279|month=2025-08|ndc_category=PC_ANTIHYPERTENSIVE,rx_volume,1157,"1,157","stored as thousands-separated text; strip ',' then cast"
DQ-003083,rx_claims_monthly.csv,rx_volume_comma_string,hcp_id=1415915762|month=2024-03|ndc_category=NEURO_MIGRAINE_CGRP,rx_volume,1313,"1,313","stored as thousands-separated text; strip ',' then cast"
DQ-003084,rx_claims_monthly.csv,rx_volume_comma_string,hcp_id=1397150222|month=2025-05|ndc_category=CARD_HF_ARNI,rx_volume,1154,"1,154","stored as thousands-separated text; strip ',' then cast"
DQ-003085,rx_claims_monthly.csv,rx_volume_comma_string,hcp_id=1725623817|month=2025-08|ndc_category=PC_ANTIHYPERTENSIVE,rx_volume,1225,"1,225","stored as thousands-separated text; strip ',' then cast"
DQ-003086,rx_claims_monthly.csv,rx_volume_comma_string,hcp_id=1120344282|month=2025-08|ndc_category=PC_ANTIHYPERTENSIVE,rx_volume,2148,"2,148","stored as thousands-separated text; strip ',' then cast"
DQ-003087,rx_claims_monthly.csv,rx_volume_comma_string,hcp_id=1213511599|month=2024-10|ndc_category=METABOLIC_GLP1_INJ,rx_volume,1152,"1,152","stored as thousands-separated text; strip ',' then cast"
DQ-003088,rx_claims_monthly.csv,rx_volume_comma_string,hcp_id=1646133078|month=2025-09|ndc_category=ENDO_BASAL_INSULIN,rx_volume,1641,"1,641","stored as thousands-separated text; strip ',' then cast"
DQ-003089,rx_claims_monthly.csv,rx_volume_comma_string,hcp_id=1357524945|month=2025-02|ndc_category=RHEUM_JAK_ORAL,rx_volume,1459,"1,459","stored as thousands-separated text; strip ',' then cast"
DQ-003090,rx_claims_monthly.csv,rx_volume_comma_string,hcp_id=1363342464|month=2025-06|ndc_category=PC_ANTIHYPERTENSIVE,rx_volume,1024,"1,024","stored as thousands-separated text; strip ',' then cast"
DQ-003091,rx_claims_monthly.csv,rx_volume_comma_string,hcp_id=1738903891|month=2025-10|ndc_category=CV_ANTICOAG_ORAL,rx_volume,1185,"1,185","stored as thousands-separated text; strip ',' then cast"
DQ-003092,rx_claims_monthly.csv,rx_volume_comma_string,hcp_id=1144669185|month=2024-11|ndc_category=PC_ANTIHYPERTENSIVE,rx_volume,1061,"1,061","stored as thousands-separated text; strip ',' then cast"
DQ-003093,rx_claims_monthly.csv,rx_volume_comma_string,hcp_id=1250670316|month=2024-11|ndc_category=PC_ANTIHYPERTENSIVE,rx_volume,1139,"1,139","stored as thousands-separated text; strip ',' then cast"
DQ-003094,rx_claims_monthly.csv,rx_volume_comma_string,hcp_id=1927430854|month=2025-10|ndc_category=PC_ANTIHYPERTENSIVE,rx_volume,1163,"1,163","stored as thousands-separated text; strip ',' then cast"
DQ-003095,rx_claims_monthly.csv,rx_volume_comma_string,hcp_id=1357524945|month=2025-05|ndc_category=RHEUM_JAK_ORAL,rx_volume,1472,"1,472","stored as thousands-separated text; strip ',' then cast"
DQ-003096,rx_claims_monthly.csv,rx_volume_comma_string,hcp_id=1397955463|month=2025-07|ndc_category=METABOLIC_GLP1_INJ,rx_volume,1047,"1,047","stored as thousands-separated text; strip ',' then cast"
DQ-003097,rx_claims_monthly.csv,rx_volume_comma_string,hcp_id=1263807582|month=2025-07|ndc_category=PC_ANTIHYPERTENSIVE,rx_volume,1439,"1,439","stored as thousands-separated text; strip ',' then cast"
DQ-003098,rx_claims_monthly.csv,rx_volume_comma_string,hcp_id=1346135829|month=2025-07|ndc_category=CV_ANTICOAG_ORAL,rx_volume,1525,"1,525","stored as thousands-separated text; strip ',' then cast"
DQ-003099,rx_claims_monthly.csv,rx_volume_comma_string,hcp_id=1188411270|month=2024-08|ndc_category=ENDO_BASAL_INSULIN,rx_volume,1028,"1,028","stored as thousands-separated text; strip ',' then cast"
DQ-003100,rx_claims_monthly.csv,rx_volume_comma_string,hcp_id=1346135829|month=2025-02|ndc_category=CV_ANTICOAG_ORAL,rx_volume,1321,"1,321","stored as thousands-separated text; strip ',' then cast"
DQ-003101,rx_claims_monthly.csv,rx_volume_comma_string,hcp_id=1134966757|month=2025-10|ndc_category=PC_ANTIHYPERTENSIVE,rx_volume,1379,"1,379","stored as thousands-separated text; strip ',' then cast"
DQ-003102,rx_claims_monthly.csv,rx_volume_comma_string,hcp_id=1832506087|month=2025-09|ndc_category=CV_ANTICOAG_ORAL,rx_volume,1168,"1,168","stored as thousands-separated text; strip ',' then cast"
DQ-003103,rx_claims_monthly.csv,rx_volume_comma_string,hcp_id=1292975558|month=2025-01|ndc_category=CV_ANTICOAG_ORAL,rx_volume,1184,"1,184","stored as thousands-separated text; strip ',' then cast"
DQ-003104,rx_claims_monthly.csv,rx_volume_comma_string,hcp_id=1968340152|month=2025-10|ndc_category=CARD_HF_ARNI,rx_volume,1095,"1,095","stored as thousands-separated text; strip ',' then cast"
DQ-003105,rx_claims_monthly.csv,rx_volume_comma_string,hcp_id=1883526315|month=2025-02|ndc_category=METABOLIC_GLP1_INJ,rx_volume,1392,"1,392","stored as thousands-separated text; strip ',' then cast"
DQ-003106,rx_claims_monthly.csv,rx_volume_comma_string,hcp_id=1346135829|month=2025-08|ndc_category=CV_ANTICOAG_ORAL,rx_volume,1367,"1,367","stored as thousands-separated text; strip ',' then cast"
DQ-003107,rx_claims_monthly.csv,rx_volume_comma_string,hcp_id=1211781301|month=2025-03|ndc_category=CARD_HF_ARNI,rx_volume,1539,"1,539","stored as thousands-separated text; strip ',' then cast"
DQ-003108,rx_claims_monthly.csv,rx_volume_comma_string,hcp_id=1042285084|month=2025-02|ndc_category=PC_ANTIHYPERTENSIVE,rx_volume,1510,"1,510","stored as thousands-separated text; strip ',' then cast"
DQ-003109,rx_claims_monthly.csv,rx_volume_comma_string,hcp_id=1124726435|month=2024-12|ndc_category=METABOLIC_GLP1_INJ,rx_volume,1261,"1,261","stored as thousands-separated text; strip ',' then cast"
DQ-003110,rx_claims_monthly.csv,rx_volume_comma_string,hcp_id=1635581279|month=2025-01|ndc_category=PC_ANTIHYPERTENSIVE,rx_volume,1206,"1,206","stored as thousands-separated text; strip ',' then cast"
DQ-003111,rx_claims_monthly.csv,rx_volume_comma_string,hcp_id=1000748156|month=2025-10|ndc_category=PC_ANTIHYPERTENSIVE,rx_volume,1639,"1,639","stored as thousands-separated text; strip ',' then cast"
DQ-003112,rx_claims_monthly.csv,rx_volume_comma_string,hcp_id=1929302226|month=2024-12|ndc_category=METABOLIC_GLP1_INJ,rx_volume,1373,"1,373","stored as thousands-separated text; strip ',' then cast"
DQ-003113,rx_claims_monthly.csv,rx_volume_comma_string,hcp_id=1148541752|month=2025-02|ndc_category=ENDO_BASAL_INSULIN,rx_volume,1220,"1,220","stored as thousands-separated text; strip ',' then cast"
DQ-003114,rx_claims_monthly.csv,rx_volume_comma_string,hcp_id=1394609428|month=2025-05|ndc_category=ENDO_BASAL_INSULIN,rx_volume,1127,"1,127","stored as thousands-separated text; strip ',' then cast"
DQ-003115,rx_claims_monthly.csv,rx_volume_comma_string,hcp_id=1080136264|month=2025-10|ndc_category=CV_ANTICOAG_ORAL,rx_volume,1315,"1,315","stored as thousands-separated text; strip ',' then cast"
DQ-003116,rx_claims_monthly.csv,rx_volume_comma_string,hcp_id=1250670316|month=2025-03|ndc_category=PC_ANTIHYPERTENSIVE,rx_volume,1377,"1,377","stored as thousands-separated text; strip ',' then cast"
DQ-003117,rx_claims_monthly.csv,rx_volume_comma_string,hcp_id=1929302226|month=2024-11|ndc_category=METABOLIC_GLP1_INJ,rx_volume,1349,"1,349","stored as thousands-separated text; strip ',' then cast"
DQ-003118,rx_claims_monthly.csv,rx_volume_comma_string,hcp_id=1749263335|month=2025-05|ndc_category=CV_ANTICOAG_ORAL,rx_volume,1269,"1,269","stored as thousands-separated text; strip ',' then cast"
DQ-003119,rx_claims_monthly.csv,rx_volume_comma_string,hcp_id=1912301342|month=2025-05|ndc_category=ENDO_BASAL_INSULIN,rx_volume,1030,"1,030","stored as thousands-separated text; strip ',' then cast"
DQ-003120,rx_claims_monthly.csv,rx_volume_comma_string,hcp_id=1211781301|month=2025-02|ndc_category=CARD_HF_ARNI,rx_volume,1457,"1,457","stored as thousands-separated text; strip ',' then cast"
DQ-003121,rx_claims_monthly.csv,rx_volume_comma_string,hcp_id=1646133078|month=2025-06|ndc_category=METABOLIC_GLP1_INJ,rx_volume,1172,"1,172","stored as thousands-separated text; strip ',' then cast"
DQ-003122,rx_claims_monthly.csv,rx_volume_comma_string,hcp_id=1042455315|month=2025-06|ndc_category=METABOLIC_GLP1_INJ,rx_volume,1196,"1,196","stored as thousands-separated text; strip ',' then cast"
DQ-003123,rx_claims_monthly.csv,rx_volume_comma_string,hcp_id=1822345694|month=2024-09|ndc_category=CARD_HF_ARNI,rx_volume,1012,"1,012","stored as thousands-separated text; strip ',' then cast"
DQ-003124,rx_claims_monthly.csv,rx_volume_comma_string,hcp_id=1883526315|month=2025-10|ndc_category=METABOLIC_GLP1_INJ,rx_volume,1610,"1,610","stored as thousands-separated text; strip ',' then cast"
DQ-003125,rx_claims_monthly.csv,rx_volume_comma_string,hcp_id=1332821143|month=2025-08|ndc_category=ONC_TARGETED_ORAL,rx_volume,1488,"1,488","stored as thousands-separated text; strip ',' then cast"
DQ-003126,rx_claims_monthly.csv,rx_volume_comma_string,hcp_id=1883526315|month=2025-04|ndc_category=METABOLIC_GLP1_INJ,rx_volume,1371,"1,371","stored as thousands-separated text; strip ',' then cast"
DQ-003127,rx_claims_monthly.csv,rx_volume_comma_string,hcp_id=1456207657|month=2025-09|ndc_category=PC_ANTIHYPERTENSIVE,rx_volume,1028,"1,028","stored as thousands-separated text; strip ',' then cast"
DQ-003128,rx_claims_monthly.csv,rx_volume_comma_string,hcp_id=1256419643|month=2024-12|ndc_category=RHEUM_JAK_ORAL,rx_volume,1480,"1,480","stored as thousands-separated text; strip ',' then cast"
DQ-003129,rx_claims_monthly.csv,rx_volume_comma_string,hcp_id=1912301342|month=2025-07|ndc_category=CV_ANTICOAG_ORAL,rx_volume,1017,"1,017","stored as thousands-separated text; strip ',' then cast"
DQ-003130,rx_claims_monthly.csv,rx_volume_comma_string,hcp_id=1869092142|month=2025-03|ndc_category=CV_ANTICOAG_ORAL,rx_volume,1379,"1,379","stored as thousands-separated text; strip ',' then cast"
DQ-003131,rx_claims_monthly.csv,rx_volume_comma_string,hcp_id=1280087226|month=2024-09|ndc_category=PC_ANTIHYPERTENSIVE,rx_volume,1386,"1,386","stored as thousands-separated text; strip ',' then cast"
DQ-003132,rx_claims_monthly.csv,rx_volume_comma_string,hcp_id=1213511599|month=2024-07|ndc_category=CV_ANTICOAG_ORAL,rx_volume,1154,"1,154","stored as thousands-separated text; strip ',' then cast"
DQ-003133,rx_claims_monthly.csv,rx_volume_comma_string,hcp_id=1250670316|month=2024-06|ndc_category=PC_ANTIHYPERTENSIVE,rx_volume,1091,"1,091","stored as thousands-separated text; strip ',' then cast"
DQ-003134,rx_claims_monthly.csv,rx_volume_comma_string,hcp_id=1788800922|month=2024-11|ndc_category=CV_ANTICOAG_ORAL,rx_volume,1290,"1,290","stored as thousands-separated text; strip ',' then cast"
DQ-003135,rx_claims_monthly.csv,rx_volume_comma_string,hcp_id=1262170503|month=2024-11|ndc_category=CV_ANTICOAG_ORAL,rx_volume,1005,"1,005","stored as thousands-separated text; strip ',' then cast"
DQ-003136,rx_claims_monthly.csv,rx_volume_comma_string,hcp_id=1264333323|month=2025-08|ndc_category=PC_ANTIHYPERTENSIVE,rx_volume,1222,"1,222","stored as thousands-separated text; strip ',' then cast"
DQ-003137,rx_claims_monthly.csv,rx_volume_comma_string,hcp_id=1211781301|month=2025-07|ndc_category=CARD_HF_ARNI,rx_volume,1876,"1,876","stored as thousands-separated text; strip ',' then cast"
DQ-003138,rx_claims_monthly.csv,rx_volume_comma_string,hcp_id=1749263335|month=2024-05|ndc_category=PC_ANTIHYPERTENSIVE,rx_volume,1035,"1,035","stored as thousands-separated text; strip ',' then cast"
DQ-003139,rx_claims_monthly.csv,rx_volume_comma_string,hcp_id=1749263335|month=2024-07|ndc_category=PC_ANTIHYPERTENSIVE,rx_volume,1217,"1,217","stored as thousands-separated text; strip ',' then cast"
DQ-003140,rx_claims_monthly.csv,rx_volume_comma_string,hcp_id=1788800922|month=2025-03|ndc_category=CV_ANTICOAG_ORAL,rx_volume,1482,"1,482","stored as thousands-separated text; strip ',' then cast"
DQ-003141,rx_claims_monthly.csv,rx_volume_comma_string,hcp_id=1415915762|month=2025-08|ndc_category=NEURO_MIGRAINE_CGRP,rx_volume,2355,"2,355","stored as thousands-separated text; strip ',' then cast"
DQ-003142,rx_claims_monthly.csv,rx_volume_comma_string,hcp_id=1901019392|month=2025-06|ndc_category=METABOLIC_GLP1_INJ,rx_volume,1033,"1,033","stored as thousands-separated text; strip ',' then cast"
DQ-003143,rx_claims_monthly.csv,rx_volume_comma_string,hcp_id=1042285084|month=2025-05|ndc_category=METABOLIC_GLP1_INJ,rx_volume,1428,"1,428","stored as thousands-separated text; strip ',' then cast"
DQ-003144,rx_claims_monthly.csv,rx_volume_comma_string,hcp_id=1929302226|month=2024-09|ndc_category=METABOLIC_GLP1_INJ,rx_volume,1032,"1,032","stored as thousands-separated text; strip ',' then cast"
DQ-003145,rx_claims_monthly.csv,rx_volume_comma_string,hcp_id=1411293156|month=2025-05|ndc_category=NEURO_MIGRAINE_CGRP,rx_volume,1093,"1,093","stored as thousands-separated text; strip ',' then cast"
DQ-003146,rx_claims_monthly.csv,rx_volume_comma_string,hcp_id=1788800922|month=2025-02|ndc_category=CV_ANTICOAG_ORAL,rx_volume,1746,"1,746","stored as thousands-separated text; strip ',' then cast"
DQ-003147,rx_claims_monthly.csv,rx_volume_comma_string,hcp_id=1566070763|month=2025-03|ndc_category=PULM_ICS_LABA_INH,rx_volume,1487,"1,487","stored as thousands-separated text; strip ',' then cast"
DQ-003148,rx_claims_monthly.csv,rx_volume_comma_string,hcp_id=1280087226|month=2024-11|ndc_category=PC_ANTIHYPERTENSIVE,rx_volume,1354,"1,354","stored as thousands-separated text; strip ',' then cast"
DQ-003149,rx_claims_monthly.csv,rx_volume_comma_string,hcp_id=1630483653|month=2025-09|ndc_category=CV_ANTICOAG_ORAL,rx_volume,1154,"1,154","stored as thousands-separated text; strip ',' then cast"
DQ-003150,rx_claims_monthly.csv,rx_volume_comma_string,hcp_id=1909167417|month=2024-12|ndc_category=PC_ANTIHYPERTENSIVE,rx_volume,1133,"1,133","stored as thousands-separated text; strip ',' then cast"
DQ-003151,rx_claims_monthly.csv,rx_volume_comma_string,hcp_id=1869092142|month=2024-09|ndc_category=CV_ANTICOAG_ORAL,rx_volume,1081,"1,081","stored as thousands-separated text; strip ',' then cast"
DQ-003152,rx_claims_monthly.csv,rx_volume_comma_string,hcp_id=1341556789|month=2025-06|ndc_category=CARD_HF_ARNI,rx_volume,1930,"1,930","stored as thousands-separated text; strip ',' then cast"
DQ-003153,rx_claims_monthly.csv,rx_volume_comma_string,hcp_id=1927430854|month=2025-07|ndc_category=PC_ANTIHYPERTENSIVE,rx_volume,1017,"1,017","stored as thousands-separated text; strip ',' then cast"
DQ-003154,rx_claims_monthly.csv,rx_volume_comma_string,hcp_id=1330017819|month=2025-02|ndc_category=METABOLIC_GLP1_INJ,rx_volume,1052,"1,052","stored as thousands-separated text; strip ',' then cast"
DQ-003155,rx_claims_monthly.csv,rx_volume_comma_string,hcp_id=1042285084|month=2025-07|ndc_category=PC_ANTIHYPERTENSIVE,rx_volume,1620,"1,620","stored as thousands-separated text; strip ',' then cast"
DQ-003156,rx_claims_monthly.csv,rx_volume_comma_string,hcp_id=1901019392|month=2025-07|ndc_category=METABOLIC_GLP1_INJ,rx_volume,1076,"1,076","stored as thousands-separated text; strip ',' then cast"
DQ-003157,rx_claims_monthly.csv,rx_volume_comma_string,hcp_id=1263807582|month=2025-05|ndc_category=PC_ANTIHYPERTENSIVE,rx_volume,1589,"1,589","stored as thousands-separated text; strip ',' then cast"
DQ-003158,rx_claims_monthly.csv,rx_volume_comma_string,hcp_id=1566276774|month=2025-10|ndc_category=PC_ANTIHYPERTENSIVE,rx_volume,1485,"1,485","stored as thousands-separated text; strip ',' then cast"
DQ-003159,rx_claims_monthly.csv,rx_volume_comma_string,hcp_id=1211781301|month=2024-08|ndc_category=CARD_HF_ARNI,rx_volume,1195,"1,195","stored as thousands-separated text; strip ',' then cast"
DQ-003160,rx_claims_monthly.csv,rx_volume_comma_string,hcp_id=1393729789|month=2025-03|ndc_category=PC_ANTIHYPERTENSIVE,rx_volume,1128,"1,128","stored as thousands-separated text; strip ',' then cast"
DQ-003161,rx_claims_monthly.csv,rx_volume_comma_string,hcp_id=1332821143|month=2025-03|ndc_category=CV_ANTICOAG_ORAL,rx_volume,1181,"1,181","stored as thousands-separated text; strip ',' then cast"
DQ-003162,rx_claims_monthly.csv,rx_volume_comma_string,hcp_id=1869092142|month=2024-04|ndc_category=PC_ANTIHYPERTENSIVE,rx_volume,1161,"1,161","stored as thousands-separated text; strip ',' then cast"
DQ-003163,rx_claims_monthly.csv,rx_volume_comma_string,hcp_id=1594083903|month=2025-10|ndc_category=NEURO_MIGRAINE_CGRP,rx_volume,1236,"1,236","stored as thousands-separated text; strip ',' then cast"
DQ-003164,rx_claims_monthly.csv,rx_volume_comma_string,hcp_id=1566070763|month=2024-04|ndc_category=PULM_ICS_LABA_INH,rx_volume,1119,"1,119","stored as thousands-separated text; strip ',' then cast"
DQ-003165,rx_claims_monthly.csv,rx_volume_comma_string,hcp_id=1832506087|month=2025-08|ndc_category=CV_ANTICOAG_ORAL,rx_volume,1158,"1,158","stored as thousands-separated text; strip ',' then cast"
DQ-003166,rx_claims_monthly.csv,rx_volume_comma_string,hcp_id=1264333323|month=2025-04|ndc_category=PC_ANTIHYPERTENSIVE,rx_volume,1107,"1,107","stored as thousands-separated text; strip ',' then cast"
DQ-003167,rx_claims_monthly.csv,rx_volume_comma_string,hcp_id=1188411270|month=2025-05|ndc_category=ENDO_BASAL_INSULIN,rx_volume,1451,"1,451","stored as thousands-separated text; strip ',' then cast"
DQ-003168,rx_claims_monthly.csv,rx_volume_comma_string,hcp_id=1292975558|month=2024-11|ndc_category=CV_ANTICOAG_ORAL,rx_volume,1128,"1,128","stored as thousands-separated text; strip ',' then cast"
DQ-003169,rx_claims_monthly.csv,rx_volume_comma_string,hcp_id=1955620046|month=2025-10|ndc_category=METABOLIC_GLP1_INJ,rx_volume,1140,"1,140","stored as thousands-separated text; strip ',' then cast"
DQ-003170,rx_claims_monthly.csv,rx_volume_comma_string,hcp_id=1144669185|month=2025-08|ndc_category=PC_ANTIHYPERTENSIVE,rx_volume,1103,"1,103","stored as thousands-separated text; strip ',' then cast"
DQ-003171,rx_claims_monthly.csv,rx_volume_comma_string,hcp_id=1912301342|month=2025-06|ndc_category=ENDO_BASAL_INSULIN,rx_volume,1190,"1,190","stored as thousands-separated text; strip ',' then cast"
DQ-003172,rx_claims_monthly.csv,rx_volume_comma_string,hcp_id=1211781301|month=2024-06|ndc_category=CARD_HF_ARNI,rx_volume,1024,"1,024","stored as thousands-separated text; strip ',' then cast"
DQ-003173,rx_claims_monthly.csv,rx_volume_comma_string,hcp_id=1200480071|month=2025-02|ndc_category=CV_ANTICOAG_ORAL,rx_volume,1238,"1,238","stored as thousands-separated text; strip ',' then cast"
DQ-003174,rx_claims_monthly.csv,rx_volume_comma_string,hcp_id=1749263335|month=2025-09|ndc_category=PC_ANTIHYPERTENSIVE,rx_volume,1807,"1,807","stored as thousands-separated text; strip ',' then cast"
DQ-003175,rx_claims_monthly.csv,rx_volume_comma_string,hcp_id=1042285084|month=2025-08|ndc_category=METABOLIC_GLP1_INJ,rx_volume,1487,"1,487","stored as thousands-separated text; strip ',' then cast"
DQ-003176,rx_claims_monthly.csv,rx_volume_comma_string,hcp_id=1188411270|month=2025-07|ndc_category=ENDO_BASAL_INSULIN,rx_volume,1061,"1,061","stored as thousands-separated text; strip ',' then cast"
DQ-003177,rx_claims_monthly.csv,rx_volume_comma_string,hcp_id=1749263335|month=2025-03|ndc_category=METABOLIC_GLP1_INJ,rx_volume,1182,"1,182","stored as thousands-separated text; strip ',' then cast"
DQ-003178,rx_claims_monthly.csv,rx_volume_comma_string,hcp_id=1912301342|month=2025-05|ndc_category=CV_ANTICOAG_ORAL,rx_volume,1157,"1,157","stored as thousands-separated text; strip ',' then cast"
DQ-003179,rx_claims_monthly.csv,rx_volume_comma_string,hcp_id=1134966757|month=2025-08|ndc_category=PC_ANTIHYPERTENSIVE,rx_volume,1160,"1,160","stored as thousands-separated text; strip ',' then cast"
DQ-003180,rx_claims_monthly.csv,rx_volume_comma_string,hcp_id=1256419643|month=2024-03|ndc_category=CV_ANTICOAG_ORAL,rx_volume,1038,"1,038","stored as thousands-separated text; strip ',' then cast"
DQ-003181,rx_claims_monthly.csv,rx_volume_comma_string,hcp_id=1341556789|month=2024-05|ndc_category=CARD_HF_ARNI,rx_volume,1242,"1,242","stored as thousands-separated text; strip ',' then cast"
DQ-003182,rx_claims_monthly.csv,rx_volume_comma_string,hcp_id=1346135829|month=2024-10|ndc_category=CV_ANTICOAG_ORAL,rx_volume,1412,"1,412","stored as thousands-separated text; strip ',' then cast"
DQ-003183,rx_claims_monthly.csv,rx_volume_comma_string,hcp_id=1280087226|month=2025-03|ndc_category=PC_ANTIHYPERTENSIVE,rx_volume,1205,"1,205","stored as thousands-separated text; strip ',' then cast"
DQ-003184,rx_claims_monthly.csv,rx_volume_comma_string,hcp_id=1330017819|month=2025-10|ndc_category=METABOLIC_GLP1_INJ,rx_volume,1177,"1,177","stored as thousands-separated text; strip ',' then cast"
DQ-003185,rx_claims_monthly.csv,rx_volume_comma_string,hcp_id=1835339551|month=2025-09|ndc_category=RHEUM_JAK_ORAL,rx_volume,1798,"1,798","stored as thousands-separated text; strip ',' then cast"
DQ-003186,rx_claims_monthly.csv,rx_volume_comma_string,hcp_id=1341556789|month=2024-09|ndc_category=CARD_HF_ARNI,rx_volume,1465,"1,465","stored as thousands-separated text; strip ',' then cast"
DQ-003187,rx_claims_monthly.csv,rx_volume_comma_string,hcp_id=1604279475|month=2025-10|ndc_category=CARD_HF_ARNI,rx_volume,1159,"1,159","stored as thousands-separated text; strip ',' then cast"
DQ-003188,rx_claims_monthly.csv,rx_volume_comma_string,hcp_id=1393729789|month=2024-01|ndc_category=PC_ANTIHYPERTENSIVE,rx_volume,1033,"1,033","stored as thousands-separated text; strip ',' then cast"
DQ-003189,rx_claims_monthly.csv,rx_volume_comma_string,hcp_id=1707268052|month=2025-09|ndc_category=CV_ANTICOAG_ORAL,rx_volume,1052,"1,052","stored as thousands-separated text; strip ',' then cast"
DQ-003190,rx_claims_monthly.csv,rx_volume_comma_string,hcp_id=1646133078|month=2025-08|ndc_category=METABOLIC_GLP1_INJ,rx_volume,1276,"1,276","stored as thousands-separated text; strip ',' then cast"
DQ-003191,rx_claims_monthly.csv,rx_volume_comma_string,hcp_id=1218757361|month=2025-04|ndc_category=ONC_TARGETED_ORAL,rx_volume,1158,"1,158","stored as thousands-separated text; strip ',' then cast"
DQ-003192,rx_claims_monthly.csv,rx_volume_comma_string,hcp_id=1835339551|month=2025-06|ndc_category=RHEUM_JAK_ORAL,rx_volume,1977,"1,977","stored as thousands-separated text; strip ',' then cast"
DQ-003193,rx_claims_monthly.csv,rx_volume_comma_string,hcp_id=1042285084|month=2024-09|ndc_category=PC_ANTIHYPERTENSIVE,rx_volume,1183,"1,183","stored as thousands-separated text; strip ',' then cast"
DQ-003194,rx_claims_monthly.csv,rx_volume_comma_string,hcp_id=1883526315|month=2025-07|ndc_category=METABOLIC_GLP1_INJ,rx_volume,1343,"1,343","stored as thousands-separated text; strip ',' then cast"
DQ-003195,rx_claims_monthly.csv,rx_volume_comma_string,hcp_id=1134966757|month=2025-09|ndc_category=PC_ANTIHYPERTENSIVE,rx_volume,1148,"1,148","stored as thousands-separated text; strip ',' then cast"
DQ-003196,rx_claims_monthly.csv,rx_volume_comma_string,hcp_id=1332821143|month=2025-04|ndc_category=CV_ANTICOAG_ORAL,rx_volume,1385,"1,385","stored as thousands-separated text; strip ',' then cast"
DQ-003197,rx_claims_monthly.csv,rx_volume_comma_string,hcp_id=1341556789|month=2025-07|ndc_category=CARD_HF_ARNI,rx_volume,2005,"2,005","stored as thousands-separated text; strip ',' then cast"
DQ-003198,rx_claims_monthly.csv,rx_volume_comma_string,hcp_id=1646133078|month=2025-08|ndc_category=CV_ANTICOAG_ORAL,rx_volume,1114,"1,114","stored as thousands-separated text; strip ',' then cast"
DQ-003199,rx_claims_monthly.csv,rx_volume_comma_string,hcp_id=1250670316|month=2025-01|ndc_category=PC_ANTIHYPERTENSIVE,rx_volume,1201,"1,201","stored as thousands-separated text; strip ',' then cast"
DQ-003200,rx_claims_monthly.csv,rx_volume_comma_string,hcp_id=1256419643|month=2024-10|ndc_category=CV_ANTICOAG_ORAL,rx_volume,1615,"1,615","stored as thousands-separated text; strip ',' then cast"
DQ-003201,rx_claims_monthly.csv,rx_volume_comma_string,hcp_id=1869092142|month=2025-08|ndc_category=CV_ANTICOAG_ORAL,rx_volume,1831,"1,831","stored as thousands-separated text; strip ',' then cast"
DQ-003202,rx_claims_monthly.csv,rx_volume_comma_string,hcp_id=1635581279|month=2025-10|ndc_category=PC_ANTIHYPERTENSIVE,rx_volume,1288,"1,288","stored as thousands-separated text; strip ',' then cast"
DQ-003203,rx_claims_monthly.csv,rx_volume_comma_string,hcp_id=1124726435|month=2025-03|ndc_category=METABOLIC_GLP1_INJ,rx_volume,1067,"1,067","stored as thousands-separated text; strip ',' then cast"
DQ-003204,rx_claims_monthly.csv,rx_volume_comma_string,hcp_id=1042285084|month=2024-03|ndc_category=PC_ANTIHYPERTENSIVE,rx_volume,1263,"1,263","stored as thousands-separated text; strip ',' then cast"
DQ-003205,rx_claims_monthly.csv,rx_volume_comma_string,hcp_id=1509977165|month=2025-09|ndc_category=PC_ANTIHYPERTENSIVE,rx_volume,1264,"1,264","stored as thousands-separated text; strip ',' then cast"
DQ-003206,rx_claims_monthly.csv,rx_volume_comma_string,hcp_id=1397150222|month=2024-07|ndc_category=CARD_HF_ARNI,rx_volume,1007,"1,007","stored as thousands-separated text; strip ',' then cast"
DQ-003207,rx_claims_monthly.csv,rx_volume_comma_string,hcp_id=1148541752|month=2024-10|ndc_category=ENDO_BASAL_INSULIN,rx_volume,1135,"1,135","stored as thousands-separated text; strip ',' then cast"
DQ-003208,rx_claims_monthly.csv,rx_volume_comma_string,hcp_id=1263807582|month=2025-09|ndc_category=PC_ANTIHYPERTENSIVE,rx_volume,1723,"1,723","stored as thousands-separated text; strip ',' then cast"
DQ-003209,rx_claims_monthly.csv,rx_volume_comma_string,hcp_id=1929302226|month=2025-05|ndc_category=CV_ANTICOAG_ORAL,rx_volume,1100,"1,100","stored as thousands-separated text; strip ',' then cast"
DQ-003210,rx_claims_monthly.csv,rx_volume_comma_string,hcp_id=1412773438|month=2025-09|ndc_category=PC_ANTIHYPERTENSIVE,rx_volume,1438,"1,438","stored as thousands-separated text; strip ',' then cast"
DQ-003211,rx_claims_monthly.csv,rx_volume_comma_string,hcp_id=1912301342|month=2025-03|ndc_category=ENDO_BASAL_INSULIN,rx_volume,1038,"1,038","stored as thousands-separated text; strip ',' then cast"
DQ-003212,rx_claims_monthly.csv,rx_volume_comma_string,hcp_id=1188411270|month=2025-09|ndc_category=ENDO_BASAL_INSULIN,rx_volume,1069,"1,069","stored as thousands-separated text; strip ',' then cast"
DQ-003213,rx_claims_monthly.csv,rx_volume_comma_string,hcp_id=1725724532|month=2025-09|ndc_category=PC_ANTIHYPERTENSIVE,rx_volume,1952,"1,952","stored as thousands-separated text; strip ',' then cast"
DQ-003214,rx_claims_monthly.csv,rx_volume_comma_string,hcp_id=1692444494|month=2025-02|ndc_category=METABOLIC_GLP1_INJ,rx_volume,1075,"1,075","stored as thousands-separated text; strip ',' then cast"
DQ-003215,rx_claims_monthly.csv,rx_volume_comma_string,hcp_id=1256419643|month=2025-06|ndc_category=CV_ANTICOAG_ORAL,rx_volume,1897,"1,897","stored as thousands-separated text; strip ',' then cast"
DQ-003216,rx_claims_monthly.csv,rx_volume_comma_string,hcp_id=1357524945|month=2024-11|ndc_category=RHEUM_JAK_ORAL,rx_volume,1327,"1,327","stored as thousands-separated text; strip ',' then cast"
DQ-003217,rx_claims_monthly.csv,rx_volume_comma_string,hcp_id=1256419643|month=2024-10|ndc_category=RHEUM_JAK_ORAL,rx_volume,1399,"1,399","stored as thousands-separated text; strip ',' then cast"
DQ-003218,rx_claims_monthly.csv,rx_volume_comma_string,hcp_id=1788800922|month=2024-12|ndc_category=CV_ANTICOAG_ORAL,rx_volume,1549,"1,549","stored as thousands-separated text; strip ',' then cast"
DQ-003219,rx_claims_monthly.csv,rx_volume_comma_string,hcp_id=1516379264|month=2025-08|ndc_category=METABOLIC_GLP1_INJ,rx_volume,1182,"1,182","stored as thousands-separated text; strip ',' then cast"
DQ-003220,rx_claims_monthly.csv,rx_volume_comma_string,hcp_id=1341556789|month=2024-08|ndc_category=CARD_HF_ARNI,rx_volume,1727,"1,727","stored as thousands-separated text; strip ',' then cast"
DQ-003221,rx_claims_monthly.csv,rx_volume_comma_string,hcp_id=1516379264|month=2025-05|ndc_category=METABOLIC_GLP1_INJ,rx_volume,1161,"1,161","stored as thousands-separated text; strip ',' then cast"
DQ-003222,rx_claims_monthly.csv,rx_volume_comma_string,hcp_id=1646133078|month=2024-12|ndc_category=METABOLIC_GLP1_INJ,rx_volume,1037,"1,037","stored as thousands-separated text; strip ',' then cast"
DQ-003223,rx_claims_monthly.csv,rx_volume_comma_string,hcp_id=1909167417|month=2025-01|ndc_category=PC_ANTIHYPERTENSIVE,rx_volume,1296,"1,296","stored as thousands-separated text; strip ',' then cast"
DQ-003224,rx_claims_monthly.csv,rx_volume_comma_string,hcp_id=1393729789|month=2025-05|ndc_category=PC_ANTIHYPERTENSIVE,rx_volume,1241,"1,241","stored as thousands-separated text; strip ',' then cast"
DQ-003225,rx_claims_monthly.csv,rx_volume_comma_string,hcp_id=1263807582|month=2024-07|ndc_category=PC_ANTIHYPERTENSIVE,rx_volume,1060,"1,060","stored as thousands-separated text; strip ',' then cast"
DQ-003226,rx_claims_monthly.csv,rx_volume_comma_string,hcp_id=1176062549|month=2025-07|ndc_category=ENDO_BASAL_INSULIN,rx_volume,1036,"1,036","stored as thousands-separated text; strip ',' then cast"
DQ-003227,rx_claims_monthly.csv,rx_volume_comma_string,hcp_id=1280087226|month=2025-10|ndc_category=PC_ANTIHYPERTENSIVE,rx_volume,2253,"2,253","stored as thousands-separated text; strip ',' then cast"
DQ-003228,rx_claims_monthly.csv,rx_volume_comma_string,hcp_id=1749263335|month=2024-11|ndc_category=METABOLIC_GLP1_INJ,rx_volume,1261,"1,261","stored as thousands-separated text; strip ',' then cast"
DQ-003229,rx_claims_monthly.csv,rx_volume_comma_string,hcp_id=1012264374|month=2025-10|ndc_category=ENDO_BASAL_INSULIN,rx_volume,1003,"1,003","stored as thousands-separated text; strip ',' then cast"
DQ-003230,rx_claims_monthly.csv,rx_volume_comma_string,hcp_id=1883526315|month=2025-06|ndc_category=PC_ANTIHYPERTENSIVE,rx_volume,1254,"1,254","stored as thousands-separated text; strip ',' then cast"
DQ-003231,rx_claims_monthly.csv,rx_volume_comma_string,hcp_id=1218757361|month=2025-06|ndc_category=ONC_TARGETED_ORAL,rx_volume,1256,"1,256","stored as thousands-separated text; strip ',' then cast"
DQ-003232,rx_claims_monthly.csv,rx_volume_comma_string,hcp_id=1594083903|month=2024-12|ndc_category=NEURO_MIGRAINE_CGRP,rx_volume,1244,"1,244","stored as thousands-separated text; strip ',' then cast"
DQ-003233,rx_claims_monthly.csv,rx_volume_comma_string,hcp_id=1909167417|month=2024-01|ndc_category=PC_ANTIHYPERTENSIVE,rx_volume,1010,"1,010","stored as thousands-separated text; strip ',' then cast"
DQ-003234,rx_claims_monthly.csv,rx_volume_comma_string,hcp_id=1648553570|month=2025-03|ndc_category=METABOLIC_GLP1_INJ,rx_volume,1026,"1,026","stored as thousands-separated text; strip ',' then cast"
DQ-003235,rx_claims_monthly.csv,rx_volume_comma_string,hcp_id=1315385710|month=2025-05|ndc_category=METABOLIC_GLP1_INJ,rx_volume,1052,"1,052","stored as thousands-separated text; strip ',' then cast"
DQ-003236,rx_claims_monthly.csv,rx_volume_comma_string,hcp_id=1822345694|month=2025-07|ndc_category=CARD_HF_ARNI,rx_volume,1510,"1,510","stored as thousands-separated text; strip ',' then cast"
DQ-003237,rx_claims_monthly.csv,rx_volume_comma_string,hcp_id=1713444978|month=2024-12|ndc_category=CV_ANTICOAG_ORAL,rx_volume,1173,"1,173","stored as thousands-separated text; strip ',' then cast"
DQ-003238,rx_claims_monthly.csv,rx_volume_comma_string,hcp_id=1357524945|month=2025-01|ndc_category=RHEUM_JAK_ORAL,rx_volume,1535,"1,535","stored as thousands-separated text; strip ',' then cast"
DQ-003239,rx_claims_monthly.csv,rx_volume_comma_string,hcp_id=1124726435|month=2025-09|ndc_category=METABOLIC_GLP1_INJ,rx_volume,1250,"1,250","stored as thousands-separated text; strip ',' then cast"
DQ-003240,rx_claims_monthly.csv,rx_volume_comma_string,hcp_id=1901019392|month=2025-04|ndc_category=CARD_HF_ARNI,rx_volume,1487,"1,487","stored as thousands-separated text; strip ',' then cast"
DQ-003241,rx_claims_monthly.csv,rx_volume_comma_string,hcp_id=1332821143|month=2025-05|ndc_category=ONC_TARGETED_ORAL,rx_volume,1303,"1,303","stored as thousands-separated text; strip ',' then cast"
DQ-003242,rx_claims_monthly.csv,rx_volume_comma_string,hcp_id=1927430854|month=2025-04|ndc_category=PC_ANTIHYPERTENSIVE,rx_volume,1013,"1,013","stored as thousands-separated text; strip ',' then cast"
DQ-003243,rx_claims_monthly.csv,rx_volume_comma_string,hcp_id=1213511599|month=2024-10|ndc_category=CV_ANTICOAG_ORAL,rx_volume,1229,"1,229","stored as thousands-separated text; strip ',' then cast"
DQ-003244,rx_claims_monthly.csv,rx_volume_comma_string,hcp_id=1262170503|month=2025-10|ndc_category=PC_ANTIHYPERTENSIVE,rx_volume,1076,"1,076","stored as thousands-separated text; strip ',' then cast"
DQ-003245,rx_claims_monthly.csv,rx_volume_comma_string,hcp_id=1332821143|month=2025-10|ndc_category=ONC_TARGETED_ORAL,rx_volume,1428,"1,428","stored as thousands-separated text; strip ',' then cast"
DQ-003246,rx_claims_monthly.csv,rx_volume_comma_string,hcp_id=1134966757|month=2025-06|ndc_category=PC_ANTIHYPERTENSIVE,rx_volume,1063,"1,063","stored as thousands-separated text; strip ',' then cast"
DQ-003247,rx_claims_monthly.csv,rx_volume_comma_string,hcp_id=1393729789|month=2024-11|ndc_category=PC_ANTIHYPERTENSIVE,rx_volume,1261,"1,261","stored as thousands-separated text; strip ',' then cast"
DQ-003248,rx_claims_monthly.csv,rx_volume_comma_string,hcp_id=1211781301|month=2025-08|ndc_category=CARD_HF_ARNI,rx_volume,1901,"1,901","stored as thousands-separated text; strip ',' then cast"
DQ-003249,rx_claims_monthly.csv,rx_volume_comma_string,hcp_id=1332821143|month=2025-08|ndc_category=CV_ANTICOAG_ORAL,rx_volume,1567,"1,567","stored as thousands-separated text; strip ',' then cast"
DQ-003250,rx_claims_monthly.csv,rx_volume_comma_string,hcp_id=1566070763|month=2024-09|ndc_category=PULM_ICS_LABA_INH,rx_volume,1124,"1,124","stored as thousands-separated text; strip ',' then cast"
DQ-003251,rx_claims_monthly.csv,rx_volume_comma_string,hcp_id=1256419643|month=2024-07|ndc_category=CV_ANTICOAG_ORAL,rx_volume,1364,"1,364","stored as thousands-separated text; strip ',' then cast"
DQ-003252,rx_claims_monthly.csv,rx_volume_comma_string,hcp_id=1394609428|month=2025-10|ndc_category=ENDO_BASAL_INSULIN,rx_volume,1361,"1,361","stored as thousands-separated text; strip ',' then cast"
DQ-003253,rx_claims_monthly.csv,rx_volume_comma_string,hcp_id=1346135829|month=2025-04|ndc_category=CV_ANTICOAG_ORAL,rx_volume,1467,"1,467","stored as thousands-separated text; strip ',' then cast"
DQ-003254,rx_claims_monthly.csv,rx_volume_comma_string,hcp_id=1393729789|month=2025-10|ndc_category=PC_ANTIHYPERTENSIVE,rx_volume,1358,"1,358","stored as thousands-separated text; strip ',' then cast"
DQ-003255,rx_claims_monthly.csv,rx_volume_comma_string,hcp_id=1292975558|month=2025-06|ndc_category=CV_ANTICOAG_ORAL,rx_volume,1069,"1,069","stored as thousands-separated text; strip ',' then cast"
DQ-003256,rx_claims_monthly.csv,rx_volume_comma_string,hcp_id=1783823739|month=2025-08|ndc_category=PC_ANTIHYPERTENSIVE,rx_volume,1090,"1,090","stored as thousands-separated text; strip ',' then cast"
DQ-003257,rx_claims_monthly.csv,rx_volume_comma_string,hcp_id=1256419643|month=2024-09|ndc_category=CV_ANTICOAG_ORAL,rx_volume,1447,"1,447","stored as thousands-separated text; strip ',' then cast"
DQ-003258,rx_claims_monthly.csv,rx_volume_comma_string,hcp_id=1148541752|month=2025-04|ndc_category=ENDO_BASAL_INSULIN,rx_volume,1094,"1,094","stored as thousands-separated text; strip ',' then cast"
DQ-003259,rx_claims_monthly.csv,rx_volume_comma_string,hcp_id=1883526315|month=2024-10|ndc_category=METABOLIC_GLP1_INJ,rx_volume,1029,"1,029","stored as thousands-separated text; strip ',' then cast"
DQ-003260,rx_claims_monthly.csv,rx_volume_comma_string,hcp_id=1341556789|month=2024-03|ndc_category=CARD_HF_ARNI,rx_volume,1510,"1,510","stored as thousands-separated text; strip ',' then cast"
DQ-003261,rx_claims_monthly.csv,rx_volume_comma_string,hcp_id=1566070763|month=2024-10|ndc_category=PULM_ICS_LABA_INH,rx_volume,1137,"1,137","stored as thousands-separated text; strip ',' then cast"
DQ-003262,rx_claims_monthly.csv,rx_volume_comma_string,hcp_id=1552813903|month=2025-04|ndc_category=PC_ANTIHYPERTENSIVE,rx_volume,1317,"1,317","stored as thousands-separated text; strip ',' then cast"
DQ-003263,rx_claims_monthly.csv,rx_volume_comma_string,hcp_id=1749263335|month=2024-10|ndc_category=METABOLIC_GLP1_INJ,rx_volume,1089,"1,089","stored as thousands-separated text; strip ',' then cast"
DQ-003264,rx_claims_monthly.csv,rx_volume_comma_string,hcp_id=1783823739|month=2025-07|ndc_category=PC_ANTIHYPERTENSIVE,rx_volume,1509,"1,509","stored as thousands-separated text; strip ',' then cast"
DQ-003265,rx_claims_monthly.csv,rx_volume_comma_string,hcp_id=1256419643|month=2025-09|ndc_category=CV_ANTICOAG_ORAL,rx_volume,2211,"2,211","stored as thousands-separated text; strip ',' then cast"
DQ-003266,rx_claims_monthly.csv,rx_volume_comma_string,hcp_id=1256419643|month=2024-01|ndc_category=RHEUM_JAK_ORAL,rx_volume,1156,"1,156","stored as thousands-separated text; strip ',' then cast"
DQ-003267,rx_claims_monthly.csv,rx_volume_comma_string,hcp_id=1929302226|month=2025-03|ndc_category=PC_ANTIHYPERTENSIVE,rx_volume,1313,"1,313","stored as thousands-separated text; strip ',' then cast"
DQ-003268,rx_claims_monthly.csv,rx_volume_comma_string,hcp_id=1566070763|month=2025-09|ndc_category=CV_ANTICOAG_ORAL,rx_volume,1029,"1,029","stored as thousands-separated text; strip ',' then cast"
DQ-003269,rx_claims_monthly.csv,rx_volume_comma_string,hcp_id=1000748156|month=2025-10|ndc_category=CV_ANTICOAG_ORAL,rx_volume,1010,"1,010","stored as thousands-separated text; strip ',' then cast"
DQ-003270,rx_claims_monthly.csv,rx_volume_comma_string,hcp_id=1176062549|month=2025-04|ndc_category=ENDO_BASAL_INSULIN,rx_volume,1074,"1,074","stored as thousands-separated text; strip ',' then cast"
DQ-003271,rx_claims_monthly.csv,rx_volume_comma_string,hcp_id=1262170503|month=2025-04|ndc_category=CV_ANTICOAG_ORAL,rx_volume,1017,"1,017","stored as thousands-separated text; strip ',' then cast"
DQ-003272,rx_claims_monthly.csv,rx_volume_comma_string,hcp_id=1630483653|month=2025-04|ndc_category=CV_ANTICOAG_ORAL,rx_volume,1077,"1,077","stored as thousands-separated text; strip ',' then cast"
DQ-003273,rx_claims_monthly.csv,rx_volume_comma_string,hcp_id=1955620046|month=2025-01|ndc_category=METABOLIC_GLP1_INJ,rx_volume,1005,"1,005","stored as thousands-separated text; strip ',' then cast"
DQ-003274,rx_claims_monthly.csv,rx_volume_comma_string,hcp_id=1357524945|month=2024-03|ndc_category=RHEUM_JAK_ORAL,rx_volume,1026,"1,026","stored as thousands-separated text; strip ',' then cast"
DQ-003275,rx_claims_monthly.csv,rx_volume_comma_string,hcp_id=1749263335|month=2025-03|ndc_category=PC_ANTIHYPERTENSIVE,rx_volume,1391,"1,391","stored as thousands-separated text; strip ',' then cast"
DQ-003276,rx_claims_monthly.csv,rx_volume_comma_string,hcp_id=1415915762|month=2025-09|ndc_category=NEURO_MIGRAINE_CGRP,rx_volume,2024,"2,024","stored as thousands-separated text; strip ',' then cast"
DQ-003277,rx_claims_monthly.csv,rx_volume_comma_string,hcp_id=1749263335|month=2025-10|ndc_category=CV_ANTICOAG_ORAL,rx_volume,1339,"1,339","stored as thousands-separated text; strip ',' then cast"
DQ-003278,rx_claims_monthly.csv,rx_volume_comma_string,hcp_id=1346135829|month=2025-03|ndc_category=CV_ANTICOAG_ORAL,rx_volume,1508,"1,508","stored as thousands-separated text; strip ',' then cast"
DQ-003279,rx_claims_monthly.csv,rx_volume_comma_string,hcp_id=1357524945|month=2024-01|ndc_category=RHEUM_JAK_ORAL,rx_volume,1017,"1,017","stored as thousands-separated text; strip ',' then cast"
DQ-003280,rx_claims_monthly.csv,rx_volume_comma_string,hcp_id=1869092142|month=2025-10|ndc_category=PC_ANTIHYPERTENSIVE,rx_volume,1718,"1,718","stored as thousands-separated text; strip ',' then cast"
DQ-003281,rx_claims_monthly.csv,rx_volume_comma_string,hcp_id=1516379264|month=2025-08|ndc_category=CV_ANTICOAG_ORAL,rx_volume,1283,"1,283","stored as thousands-separated text; strip ',' then cast"
DQ-003282,rx_claims_monthly.csv,rx_volume_comma_string,hcp_id=1630483653|month=2025-07|ndc_category=CV_ANTICOAG_ORAL,rx_volume,1162,"1,162","stored as thousands-separated text; strip ',' then cast"
DQ-003283,rx_claims_monthly.csv,rx_volume_comma_string,hcp_id=1822345694|month=2025-09|ndc_category=CARD_HF_ARNI,rx_volume,1658,"1,658","stored as thousands-separated text; strip ',' then cast"
DQ-003284,rx_claims_monthly.csv,rx_volume_comma_string,hcp_id=1256419643|month=2024-02|ndc_category=RHEUM_JAK_ORAL,rx_volume,1054,"1,054","stored as thousands-separated text; strip ',' then cast"
DQ-003285,rx_claims_monthly.csv,rx_volume_comma_string,hcp_id=1397955463|month=2025-08|ndc_category=METABOLIC_GLP1_INJ,rx_volume,1232,"1,232","stored as thousands-separated text; strip ',' then cast"
DQ-003286,rx_claims_monthly.csv,rx_volume_comma_string,hcp_id=1042285084|month=2025-02|ndc_category=METABOLIC_GLP1_INJ,rx_volume,1361,"1,361","stored as thousands-separated text; strip ',' then cast"
DQ-003287,rx_claims_monthly.csv,rx_volume_comma_string,hcp_id=1909167417|month=2024-07|ndc_category=PC_ANTIHYPERTENSIVE,rx_volume,1103,"1,103","stored as thousands-separated text; strip ',' then cast"
DQ-003288,rx_claims_monthly.csv,rx_volume_comma_string,hcp_id=1332821143|month=2024-12|ndc_category=ONC_TARGETED_ORAL,rx_volume,1277,"1,277","stored as thousands-separated text; strip ',' then cast"
DQ-003289,rx_claims_monthly.csv,rx_volume_comma_string,hcp_id=1412773438|month=2025-02|ndc_category=PC_ANTIHYPERTENSIVE,rx_volume,1217,"1,217","stored as thousands-separated text; strip ',' then cast"
DQ-003290,rx_claims_monthly.csv,rx_volume_comma_string,hcp_id=1509977165|month=2025-01|ndc_category=PC_ANTIHYPERTENSIVE,rx_volume,1043,"1,043","stored as thousands-separated text; strip ',' then cast"
DQ-003291,rx_claims_monthly.csv,rx_volume_comma_string,hcp_id=1509977165|month=2023-01|ndc_category=CV_ANTICOAG_ORAL,rx_volume,1033,"1,033","stored as thousands-separated text; strip ',' then cast"
DQ-003292,rx_claims_monthly.csv,rx_volume_comma_string,hcp_id=1552813903|month=2025-10|ndc_category=PC_ANTIHYPERTENSIVE,rx_volume,1554,"1,554","stored as thousands-separated text; strip ',' then cast"
DQ-003293,rx_claims_monthly.csv,rx_volume_comma_string,hcp_id=1890080918|month=2025-04|ndc_category=CARD_HF_ARNI,rx_volume,1343,"1,343","stored as thousands-separated text; strip ',' then cast"
DQ-003294,rx_claims_monthly.csv,rx_volume_comma_string,hcp_id=1869092142|month=2024-03|ndc_category=PC_ANTIHYPERTENSIVE,rx_volume,1011,"1,011","stored as thousands-separated text; strip ',' then cast"
DQ-003295,rx_claims_monthly.csv,rx_volume_comma_string,hcp_id=1101185407|month=2025-07|ndc_category=PC_ANTIHYPERTENSIVE,rx_volume,1106,"1,106","stored as thousands-separated text; strip ',' then cast"
DQ-003296,rx_claims_monthly.csv,rx_volume_comma_string,hcp_id=1835339551|month=2025-01|ndc_category=RHEUM_JAK_ORAL,rx_volume,1670,"1,670","stored as thousands-separated text; strip ',' then cast"
DQ-003297,rx_claims_monthly.csv,rx_volume_comma_string,hcp_id=1211781301|month=2025-01|ndc_category=CARD_HF_ARNI,rx_volume,1689,"1,689","stored as thousands-separated text; strip ',' then cast"
DQ-003298,rx_claims_monthly.csv,rx_volume_comma_string,hcp_id=1042285084|month=2025-04|ndc_category=METABOLIC_GLP1_INJ,rx_volume,1314,"1,314","stored as thousands-separated text; strip ',' then cast"
DQ-003299,rx_claims_monthly.csv,rx_volume_comma_string,hcp_id=1000748156|month=2024-12|ndc_category=PC_ANTIHYPERTENSIVE,rx_volume,1197,"1,197","stored as thousands-separated text; strip ',' then cast"
DQ-003300,rx_claims_monthly.csv,rx_volume_comma_string,hcp_id=1646133078|month=2025-07|ndc_category=METABOLIC_GLP1_INJ,rx_volume,1076,"1,076","stored as thousands-separated text; strip ',' then cast"
DQ-003301,rx_claims_monthly.csv,rx_volume_comma_string,hcp_id=1909167417|month=2024-09|ndc_category=PC_ANTIHYPERTENSIVE,rx_volume,1056,"1,056","stored as thousands-separated text; strip ',' then cast"
DQ-003302,rx_claims_monthly.csv,rx_volume_comma_string,hcp_id=1912301342|month=2025-08|ndc_category=CV_ANTICOAG_ORAL,rx_volume,1052,"1,052","stored as thousands-separated text; strip ',' then cast"
DQ-003303,rx_claims_monthly.csv,rx_volume_comma_string,hcp_id=1890080918|month=2025-08|ndc_category=CARD_HF_ARNI,rx_volume,1470,"1,470","stored as thousands-separated text; strip ',' then cast"
DQ-003304,rx_claims_monthly.csv,rx_volume_comma_string,hcp_id=1332821143|month=2024-08|ndc_category=CV_ANTICOAG_ORAL,rx_volume,1053,"1,053","stored as thousands-separated text; strip ',' then cast"
DQ-003305,rx_claims_monthly.csv,rx_volume_comma_string,hcp_id=1042455315|month=2025-07|ndc_category=METABOLIC_GLP1_INJ,rx_volume,1258,"1,258","stored as thousands-separated text; strip ',' then cast"
DQ-003306,rx_claims_monthly.csv,rx_volume_comma_string,hcp_id=1929302226|month=2025-09|ndc_category=METABOLIC_GLP1_INJ,rx_volume,1865,"1,865","stored as thousands-separated text; strip ',' then cast"
DQ-003307,rx_claims_monthly.csv,rx_volume_comma_string,hcp_id=1929302226|month=2025-05|ndc_category=METABOLIC_GLP1_INJ,rx_volume,1687,"1,687","stored as thousands-separated text; strip ',' then cast"
DQ-003308,rx_claims_monthly.csv,rx_volume_comma_string,hcp_id=1929302226|month=2025-04|ndc_category=PC_ANTIHYPERTENSIVE,rx_volume,1328,"1,328","stored as thousands-separated text; strip ',' then cast"
DQ-003309,rx_claims_monthly.csv,rx_volume_comma_string,hcp_id=1315385710|month=2025-09|ndc_category=CV_ANTICOAG_ORAL,rx_volume,1136,"1,136","stored as thousands-separated text; strip ',' then cast"
DQ-003310,rx_claims_monthly.csv,rx_volume_comma_string,hcp_id=1411293156|month=2025-07|ndc_category=NEURO_MIGRAINE_CGRP,rx_volume,1078,"1,078","stored as thousands-separated text; strip ',' then cast"
DQ-003311,rx_claims_monthly.csv,rx_volume_comma_string,hcp_id=1124726435|month=2025-04|ndc_category=METABOLIC_GLP1_INJ,rx_volume,1264,"1,264","stored as thousands-separated text; strip ',' then cast"
DQ-003312,rx_claims_monthly.csv,rx_volume_comma_string,hcp_id=1929302226|month=2024-11|ndc_category=PC_ANTIHYPERTENSIVE,rx_volume,1215,"1,215","stored as thousands-separated text; strip ',' then cast"
DQ-003313,rx_claims_monthly.csv,rx_volume_comma_string,hcp_id=1042285084|month=2025-09|ndc_category=METABOLIC_GLP1_INJ,rx_volume,1731,"1,731","stored as thousands-separated text; strip ',' then cast"
DQ-003314,rx_claims_monthly.csv,rx_volume_comma_string,hcp_id=1822345694|month=2025-10|ndc_category=CARD_HF_ARNI,rx_volume,1915,"1,915","stored as thousands-separated text; strip ',' then cast"
DQ-003315,rx_claims_monthly.csv,rx_volume_comma_string,hcp_id=1397150222|month=2025-10|ndc_category=CARD_HF_ARNI,rx_volume,1731,"1,731","stored as thousands-separated text; strip ',' then cast"
DQ-003316,rx_claims_monthly.csv,rx_volume_comma_string,hcp_id=1363342464|month=2025-10|ndc_category=METABOLIC_GLP1_INJ,rx_volume,1260,"1,260","stored as thousands-separated text; strip ',' then cast"
DQ-003317,rx_claims_monthly.csv,rx_volume_comma_string,hcp_id=1749263335|month=2025-08|ndc_category=PC_ANTIHYPERTENSIVE,rx_volume,1723,"1,723","stored as thousands-separated text; strip ',' then cast"
DQ-003318,rx_claims_monthly.csv,rx_volume_comma_string,hcp_id=1292975558|month=2025-08|ndc_category=CV_ANTICOAG_ORAL,rx_volume,1042,"1,042","stored as thousands-separated text; strip ',' then cast"
DQ-003319,rx_claims_monthly.csv,rx_volume_comma_string,hcp_id=1646133078|month=2024-01|ndc_category=ENDO_BASAL_INSULIN,rx_volume,1109,"1,109","stored as thousands-separated text; strip ',' then cast"
DQ-003320,rx_claims_monthly.csv,rx_volume_comma_string,hcp_id=1411293156|month=2025-06|ndc_category=NEURO_MIGRAINE_CGRP,rx_volume,1001,"1,001","stored as thousands-separated text; strip ',' then cast"
DQ-003321,rx_claims_monthly.csv,rx_volume_comma_string,hcp_id=1256419643|month=2024-04|ndc_category=RHEUM_JAK_ORAL,rx_volume,1042,"1,042","stored as thousands-separated text; strip ',' then cast"
DQ-003322,rx_claims_monthly.csv,rx_volume_comma_string,hcp_id=1725724532|month=2023-12|ndc_category=PC_ANTIHYPERTENSIVE,rx_volume,1002,"1,002","stored as thousands-separated text; strip ',' then cast"
DQ-003323,rx_claims_monthly.csv,rx_volume_comma_string,hcp_id=1835339551|month=2025-04|ndc_category=RHEUM_JAK_ORAL,rx_volume,1997,"1,997","stored as thousands-separated text; strip ',' then cast"
DQ-003324,rx_claims_monthly.csv,rx_volume_comma_string,hcp_id=1901019392|month=2025-10|ndc_category=METABOLIC_GLP1_INJ,rx_volume,1060,"1,060","stored as thousands-separated text; strip ',' then cast"
DQ-003325,rx_claims_monthly.csv,rx_volume_comma_string,hcp_id=1557944620|month=2025-10|ndc_category=CV_ANTICOAG_ORAL,rx_volume,1016,"1,016","stored as thousands-separated text; strip ',' then cast"
DQ-003326,rx_claims_monthly.csv,rx_volume_comma_string,hcp_id=1725724532|month=2024-08|ndc_category=PC_ANTIHYPERTENSIVE,rx_volume,1144,"1,144","stored as thousands-separated text; strip ',' then cast"
DQ-003327,rx_claims_monthly.csv,rx_volume_comma_string,hcp_id=1630483653|month=2025-02|ndc_category=CV_ANTICOAG_ORAL,rx_volume,1029,"1,029","stored as thousands-separated text; strip ',' then cast"
DQ-003328,rx_claims_monthly.csv,rx_volume_comma_string,hcp_id=1188598183|month=2025-10|ndc_category=NEURO_MIGRAINE_CGRP,rx_volume,1105,"1,105","stored as thousands-separated text; strip ',' then cast"
DQ-003329,rx_claims_monthly.csv,rx_volume_comma_string,hcp_id=1749263335|month=2025-02|ndc_category=PC_ANTIHYPERTENSIVE,rx_volume,1546,"1,546","stored as thousands-separated text; strip ',' then cast"
DQ-003330,rx_claims_monthly.csv,rx_volume_comma_string,hcp_id=1869092142|month=2025-02|ndc_category=CV_ANTICOAG_ORAL,rx_volume,1264,"1,264","stored as thousands-separated text; strip ',' then cast"
DQ-003331,rx_claims_monthly.csv,rx_volume_comma_string,hcp_id=1411293156|month=2025-04|ndc_category=NEURO_MIGRAINE_CGRP,rx_volume,1079,"1,079","stored as thousands-separated text; strip ',' then cast"
DQ-003332,rx_claims_monthly.csv,rx_volume_comma_string,hcp_id=1415915762|month=2025-06|ndc_category=NEURO_MIGRAINE_CGRP,rx_volume,2200,"2,200","stored as thousands-separated text; strip ',' then cast"
DQ-003333,rx_claims_monthly.csv,rx_volume_comma_string,hcp_id=1330017819|month=2025-08|ndc_category=METABOLIC_GLP1_INJ,rx_volume,1047,"1,047","stored as thousands-separated text; strip ',' then cast"
DQ-003334,rx_claims_monthly.csv,rx_volume_comma_string,hcp_id=1635581279|month=2025-02|ndc_category=PC_ANTIHYPERTENSIVE,rx_volume,1412,"1,412","stored as thousands-separated text; strip ',' then cast"
DQ-003335,rx_claims_monthly.csv,rx_volume_comma_string,hcp_id=1124905880|month=2025-06|ndc_category=METABOLIC_GLP1_INJ,rx_volume,1033,"1,033","stored as thousands-separated text; strip ',' then cast"
DQ-003336,rx_claims_monthly.csv,rx_volume_comma_string,hcp_id=1213511599|month=2024-06|ndc_category=CV_ANTICOAG_ORAL,rx_volume,1029,"1,029","stored as thousands-separated text; strip ',' then cast"
DQ-003337,rx_claims_monthly.csv,rx_volume_comma_string,hcp_id=1332821143|month=2025-01|ndc_category=CV_ANTICOAG_ORAL,rx_volume,1402,"1,402","stored as thousands-separated text; strip ',' then cast"
DQ-003338,rx_claims_monthly.csv,rx_volume_comma_string,hcp_id=1413519731|month=2025-09|ndc_category=PC_ANTIHYPERTENSIVE,rx_volume,1106,"1,106","stored as thousands-separated text; strip ',' then cast"
DQ-003339,rx_claims_monthly.csv,rx_volume_comma_string,hcp_id=1213511599|month=2025-02|ndc_category=CV_ANTICOAG_ORAL,rx_volume,1648,"1,648","stored as thousands-separated text; strip ',' then cast"
DQ-003340,rx_claims_monthly.csv,rx_volume_comma_string,hcp_id=1630483653|month=2025-08|ndc_category=CV_ANTICOAG_ORAL,rx_volume,1243,"1,243","stored as thousands-separated text; strip ',' then cast"
DQ-003341,rx_claims_monthly.csv,rx_volume_comma_string,hcp_id=1042285084|month=2025-06|ndc_category=METABOLIC_GLP1_INJ,rx_volume,1527,"1,527","stored as thousands-separated text; strip ',' then cast"
DQ-003342,rx_claims_monthly.csv,rx_volume_comma_string,hcp_id=1516379264|month=2025-10|ndc_category=CV_ANTICOAG_ORAL,rx_volume,1577,"1,577","stored as thousands-separated text; strip ',' then cast"
DQ-003343,rx_claims_monthly.csv,rx_volume_comma_string,hcp_id=1647196991|month=2025-04|ndc_category=RHEUM_JAK_ORAL,rx_volume,1012,"1,012","stored as thousands-separated text; strip ',' then cast"
DQ-003344,rx_claims_monthly.csv,rx_volume_comma_string,hcp_id=1363342464|month=2025-09|ndc_category=PC_ANTIHYPERTENSIVE,rx_volume,1109,"1,109","stored as thousands-separated text; strip ',' then cast"
DQ-003345,rx_claims_monthly.csv,rx_volume_comma_string,hcp_id=1250670316|month=2024-02|ndc_category=PC_ANTIHYPERTENSIVE,rx_volume,1162,"1,162","stored as thousands-separated text; strip ',' then cast"
DQ-003346,rx_claims_monthly.csv,rx_volume_comma_string,hcp_id=1788800922|month=2025-09|ndc_category=CV_ANTICOAG_ORAL,rx_volume,1777,"1,777","stored as thousands-separated text; strip ',' then cast"
DQ-003347,rx_claims_monthly.csv,rx_volume_comma_string,hcp_id=1883526315|month=2025-09|ndc_category=CV_ANTICOAG_ORAL,rx_volume,1010,"1,010","stored as thousands-separated text; strip ',' then cast"
DQ-003348,rx_claims_monthly.csv,rx_volume_comma_string,hcp_id=1767320793|month=2025-10|ndc_category=CV_ANTICOAG_ORAL,rx_volume,1037,"1,037","stored as thousands-separated text; strip ',' then cast"
DQ-003349,rx_claims_monthly.csv,rx_volume_comma_string,hcp_id=1144669185|month=2024-12|ndc_category=PC_ANTIHYPERTENSIVE,rx_volume,1270,"1,270","stored as thousands-separated text; strip ',' then cast"
DQ-003350,rx_claims_monthly.csv,rx_volume_comma_string,hcp_id=1707268052|month=2025-10|ndc_category=PULM_ICS_LABA_INH,rx_volume,1079,"1,079","stored as thousands-separated text; strip ',' then cast"
DQ-003351,rx_claims_monthly.csv,rx_volume_comma_string,hcp_id=1075693709|month=2024-11|ndc_category=NEURO_MIGRAINE_CGRP,rx_volume,1002,"1,002","stored as thousands-separated text; strip ',' then cast"
DQ-003352,rx_claims_monthly.csv,rx_volume_comma_string,hcp_id=1263807582|month=2025-03|ndc_category=PC_ANTIHYPERTENSIVE,rx_volume,1545,"1,545","stored as thousands-separated text; strip ',' then cast"
DQ-003353,rx_claims_monthly.csv,rx_volume_comma_string,hcp_id=1188411270|month=2025-04|ndc_category=ENDO_BASAL_INSULIN,rx_volume,1159,"1,159","stored as thousands-separated text; strip ',' then cast"
DQ-003354,rx_claims_monthly.csv,rx_volume_comma_string,hcp_id=1594083903|month=2025-03|ndc_category=NEURO_MIGRAINE_CGRP,rx_volume,1118,"1,118","stored as thousands-separated text; strip ',' then cast"
DQ-003355,rx_claims_monthly.csv,rx_volume_comma_string,hcp_id=1211781301|month=2024-05|ndc_category=CARD_HF_ARNI,rx_volume,1332,"1,332","stored as thousands-separated text; strip ',' then cast"
DQ-003356,rx_claims_monthly.csv,rx_volume_comma_string,hcp_id=1120344282|month=2024-07|ndc_category=PC_ANTIHYPERTENSIVE,rx_volume,1252,"1,252","stored as thousands-separated text; strip ',' then cast"
DQ-003357,rx_claims_monthly.csv,rx_volume_comma_string,hcp_id=1357524945|month=2025-07|ndc_category=RHEUM_JAK_ORAL,rx_volume,1461,"1,461","stored as thousands-separated text; strip ',' then cast"
DQ-003358,rx_claims_monthly.csv,rx_volume_comma_string,hcp_id=1415915762|month=2024-02|ndc_category=NEURO_MIGRAINE_CGRP,rx_volume,1146,"1,146","stored as thousands-separated text; strip ',' then cast"
DQ-003359,rx_claims_monthly.csv,rx_volume_comma_string,hcp_id=1927430854|month=2025-09|ndc_category=PC_ANTIHYPERTENSIVE,rx_volume,1121,"1,121","stored as thousands-separated text; strip ',' then cast"
DQ-003360,rx_claims_monthly.csv,rx_volume_comma_string,hcp_id=1929302226|month=2024-08|ndc_category=METABOLIC_GLP1_INJ,rx_volume,1016,"1,016","stored as thousands-separated text; strip ',' then cast"
DQ-003361,rx_claims_monthly.csv,rx_volume_comma_string,hcp_id=1592123891|month=2025-03|ndc_category=PC_ANTIHYPERTENSIVE,rx_volume,1220,"1,220","stored as thousands-separated text; strip ',' then cast"
DQ-003362,rx_claims_monthly.csv,rx_volume_comma_string,hcp_id=1509977165|month=2025-08|ndc_category=PC_ANTIHYPERTENSIVE,rx_volume,1423,"1,423","stored as thousands-separated text; strip ',' then cast"
DQ-003363,rx_claims_monthly.csv,rx_volume_comma_string,hcp_id=1042285084|month=2025-03|ndc_category=PC_ANTIHYPERTENSIVE,rx_volume,1507,"1,507","stored as thousands-separated text; strip ',' then cast"
DQ-003364,rx_claims_monthly.csv,rx_volume_comma_string,hcp_id=1725724532|month=2024-09|ndc_category=PC_ANTIHYPERTENSIVE,rx_volume,1243,"1,243","stored as thousands-separated text; strip ',' then cast"
DQ-003365,rx_claims_monthly.csv,rx_volume_comma_string,hcp_id=1835339551|month=2024-12|ndc_category=RHEUM_JAK_ORAL,rx_volume,1630,"1,630","stored as thousands-separated text; strip ',' then cast"
DQ-003366,rx_claims_monthly.csv,rx_volume_comma_string,hcp_id=1725623817|month=2025-07|ndc_category=PC_ANTIHYPERTENSIVE,rx_volume,1142,"1,142","stored as thousands-separated text; strip ',' then cast"
DQ-003367,rx_claims_monthly.csv,rx_volume_comma_string,hcp_id=1209566128|month=2025-08|ndc_category=PC_ANTIHYPERTENSIVE,rx_volume,1201,"1,201","stored as thousands-separated text; strip ',' then cast"
DQ-003368,rx_claims_monthly.csv,rx_volume_comma_string,hcp_id=1042285084|month=2024-10|ndc_category=METABOLIC_GLP1_INJ,rx_volume,1045,"1,045","stored as thousands-separated text; strip ',' then cast"
DQ-003369,rx_claims_monthly.csv,rx_volume_comma_string,hcp_id=1909167417|month=2025-05|ndc_category=PC_ANTIHYPERTENSIVE,rx_volume,1432,"1,432","stored as thousands-separated text; strip ',' then cast"
DQ-003370,rx_claims_monthly.csv,rx_volume_comma_string,hcp_id=1211781301|month=2025-06|ndc_category=CARD_HF_ARNI,rx_volume,1487,"1,487","stored as thousands-separated text; strip ',' then cast"
DQ-003371,rx_claims_monthly.csv,rx_volume_comma_string,hcp_id=1200480071|month=2025-10|ndc_category=CV_ANTICOAG_ORAL,rx_volume,1510,"1,510","stored as thousands-separated text; strip ',' then cast"
DQ-003372,rx_claims_monthly.csv,rx_volume_comma_string,hcp_id=1648553570|month=2025-06|ndc_category=CV_ANTICOAG_ORAL,rx_volume,1048,"1,048","stored as thousands-separated text; strip ',' then cast"
DQ-003373,rx_claims_monthly.csv,rx_volume_comma_string,hcp_id=1332821143|month=2024-11|ndc_category=CV_ANTICOAG_ORAL,rx_volume,1248,"1,248","stored as thousands-separated text; strip ',' then cast"
DQ-003374,rx_claims_monthly.csv,rx_volume_comma_string,hcp_id=1221582384|month=2025-10|ndc_category=PULM_ICS_LABA_INH,rx_volume,1328,"1,328","stored as thousands-separated text; strip ',' then cast"
DQ-003375,rx_claims_monthly.csv,rx_volume_comma_string,hcp_id=1415915762|month=2025-05|ndc_category=CV_ANTICOAG_ORAL,rx_volume,1458,"1,458","stored as thousands-separated text; strip ',' then cast"
DQ-003376,rx_claims_monthly.csv,rx_volume_comma_string,hcp_id=1332821143|month=2025-09|ndc_category=CV_ANTICOAG_ORAL,rx_volume,1350,"1,350","stored as thousands-separated text; strip ',' then cast"
DQ-003377,rx_claims_monthly.csv,rx_volume_comma_string,hcp_id=1647196991|month=2025-08|ndc_category=RHEUM_JAK_ORAL,rx_volume,1040,"1,040","stored as thousands-separated text; strip ',' then cast"
DQ-003378,rx_claims_monthly.csv,rx_volume_comma_string,hcp_id=1200480071|month=2024-12|ndc_category=CV_ANTICOAG_ORAL,rx_volume,1438,"1,438","stored as thousands-separated text; strip ',' then cast"
DQ-003379,rx_claims_monthly.csv,rx_volume_comma_string,hcp_id=1749263335|month=2025-08|ndc_category=METABOLIC_GLP1_INJ,rx_volume,1600,"1,600","stored as thousands-separated text; strip ',' then cast"
DQ-003380,rx_claims_monthly.csv,rx_volume_comma_string,hcp_id=1648553570|month=2025-02|ndc_category=CV_ANTICOAG_ORAL,rx_volume,1004,"1,004","stored as thousands-separated text; strip ',' then cast"
DQ-003381,rx_claims_monthly.csv,rx_volume_comma_string,hcp_id=1213511599|month=2024-08|ndc_category=METABOLIC_GLP1_INJ,rx_volume,1075,"1,075","stored as thousands-separated text; strip ',' then cast"
DQ-003382,rx_claims_monthly.csv,rx_volume_comma_string,hcp_id=1822345694|month=2025-02|ndc_category=CARD_HF_ARNI,rx_volume,1295,"1,295","stored as thousands-separated text; strip ',' then cast"
DQ-003383,rx_claims_monthly.csv,rx_volume_comma_string,hcp_id=1645233598|month=2025-10|ndc_category=CV_ANTICOAG_ORAL,rx_volume,1048,"1,048","stored as thousands-separated text; strip ',' then cast"
DQ-003384,rx_claims_monthly.csv,rx_volume_comma_string,hcp_id=1221582384|month=2025-03|ndc_category=PULM_ICS_LABA_INH,rx_volume,1049,"1,049","stored as thousands-separated text; strip ',' then cast"
DQ-003385,rx_claims_monthly.csv,rx_volume_comma_string,hcp_id=1250670316|month=2025-08|ndc_category=PC_ANTIHYPERTENSIVE,rx_volume,1846,"1,846","stored as thousands-separated text; strip ',' then cast"
DQ-003386,rx_claims_monthly.csv,rx_volume_comma_string,hcp_id=1220405058|month=2025-02|ndc_category=CV_ANTICOAG_ORAL,rx_volume,1005,"1,005","stored as thousands-separated text; strip ',' then cast"
DQ-003387,rx_claims_monthly.csv,rx_volume_comma_string,hcp_id=1749263335|month=2025-04|ndc_category=METABOLIC_GLP1_INJ,rx_volume,1483,"1,483","stored as thousands-separated text; strip ',' then cast"
DQ-003388,rx_claims_monthly.csv,rx_volume_comma_string,hcp_id=1120344282|month=2023-11|ndc_category=PC_ANTIHYPERTENSIVE,rx_volume,1168,"1,168","stored as thousands-separated text; strip ',' then cast"
DQ-003389,rx_claims_monthly.csv,rx_volume_comma_string,hcp_id=1692444494|month=2025-09|ndc_category=METABOLIC_GLP1_INJ,rx_volume,1063,"1,063","stored as thousands-separated text; strip ',' then cast"
DQ-003390,rx_claims_monthly.csv,rx_volume_comma_string,hcp_id=1120344282|month=2025-02|ndc_category=PC_ANTIHYPERTENSIVE,rx_volume,1166,"1,166","stored as thousands-separated text; strip ',' then cast"
DQ-003391,rx_claims_monthly.csv,rx_volume_comma_string,hcp_id=1822345694|month=2025-01|ndc_category=CARD_HF_ARNI,rx_volume,1412,"1,412","stored as thousands-separated text; strip ',' then cast"
DQ-003392,rx_claims_monthly.csv,rx_volume_comma_string,hcp_id=1648553570|month=2025-05|ndc_category=METABOLIC_GLP1_INJ,rx_volume,1212,"1,212","stored as thousands-separated text; strip ',' then cast"
DQ-003393,rx_claims_monthly.csv,rx_volume_comma_string,hcp_id=1869092142|month=2024-06|ndc_category=PC_ANTIHYPERTENSIVE,rx_volume,1066,"1,066","stored as thousands-separated text; strip ',' then cast"
DQ-003394,rx_claims_monthly.csv,rx_volume_comma_string,hcp_id=1211781301|month=2025-05|ndc_category=METABOLIC_GLP1_INJ,rx_volume,1018,"1,018","stored as thousands-separated text; strip ',' then cast"
DQ-003395,rx_claims_monthly.csv,rx_volume_comma_string,hcp_id=1256419643|month=2024-06|ndc_category=CV_ANTICOAG_ORAL,rx_volume,1276,"1,276","stored as thousands-separated text; strip ',' then cast"
DQ-003396,rx_claims_monthly.csv,rx_volume_comma_string,hcp_id=1393729789|month=2025-06|ndc_category=PC_ANTIHYPERTENSIVE,rx_volume,1351,"1,351","stored as thousands-separated text; strip ',' then cast"
DQ-003397,rx_claims_monthly.csv,rx_volume_comma_string,hcp_id=1927430854|month=2025-05|ndc_category=PC_ANTIHYPERTENSIVE,rx_volume,1280,"1,280","stored as thousands-separated text; strip ',' then cast"
DQ-003398,rx_claims_monthly.csv,rx_volume_comma_string,hcp_id=1315385710|month=2025-10|ndc_category=METABOLIC_GLP1_INJ,rx_volume,1256,"1,256","stored as thousands-separated text; strip ',' then cast"
DQ-003399,rx_claims_monthly.csv,rx_volume_comma_string,hcp_id=1646133078|month=2024-07|ndc_category=ENDO_BASAL_INSULIN,rx_volume,1012,"1,012","stored as thousands-separated text; strip ',' then cast"
DQ-003400,rx_claims_monthly.csv,rx_volume_comma_string,hcp_id=1264333323|month=2025-06|ndc_category=PC_ANTIHYPERTENSIVE,rx_volume,1086,"1,086","stored as thousands-separated text; strip ',' then cast"
DQ-003401,rx_claims_monthly.csv,rx_volume_comma_string,hcp_id=1646133078|month=2024-10|ndc_category=ENDO_BASAL_INSULIN,rx_volume,1335,"1,335","stored as thousands-separated text; strip ',' then cast"
DQ-003402,rx_claims_monthly.csv,rx_volume_comma_string,hcp_id=1256419643|month=2024-01|ndc_category=CV_ANTICOAG_ORAL,rx_volume,1199,"1,199","stored as thousands-separated text; strip ',' then cast"
DQ-003403,rx_claims_monthly.csv,rx_volume_comma_string,hcp_id=1213511599|month=2024-11|ndc_category=CV_ANTICOAG_ORAL,rx_volume,1399,"1,399","stored as thousands-separated text; strip ',' then cast"
DQ-003404,rx_claims_monthly.csv,rx_volume_comma_string,hcp_id=1566276774|month=2025-06|ndc_category=PC_ANTIHYPERTENSIVE,rx_volume,1390,"1,390","stored as thousands-separated text; strip ',' then cast"
DQ-003405,rx_claims_monthly.csv,rx_volume_comma_string,hcp_id=1788800922|month=2025-04|ndc_category=CV_ANTICOAG_ORAL,rx_volume,1872,"1,872","stored as thousands-separated text; strip ',' then cast"
DQ-003406,rx_claims_monthly.csv,rx_volume_comma_string,hcp_id=1000748156|month=2024-08|ndc_category=PC_ANTIHYPERTENSIVE,rx_volume,1047,"1,047","stored as thousands-separated text; strip ',' then cast"
DQ-003407,rx_claims_monthly.csv,rx_volume_comma_string,hcp_id=1869092142|month=2025-02|ndc_category=METABOLIC_GLP1_INJ,rx_volume,1054,"1,054","stored as thousands-separated text; strip ',' then cast"
DQ-003408,rx_claims_monthly.csv,rx_volume_comma_string,hcp_id=1749263335|month=2024-09|ndc_category=METABOLIC_GLP1_INJ,rx_volume,1110,"1,110","stored as thousands-separated text; strip ',' then cast"
DQ-003409,rx_claims_monthly.csv,rx_volume_comma_string,hcp_id=1602648309|month=2025-10|ndc_category=RHEUM_JAK_ORAL,rx_volume,1005,"1,005","stored as thousands-separated text; strip ',' then cast"
DQ-003410,rx_claims_monthly.csv,rx_volume_comma_string,hcp_id=1397150222|month=2024-05|ndc_category=CARD_HF_ARNI,rx_volume,1008,"1,008","stored as thousands-separated text; strip ',' then cast"
DQ-003411,rx_claims_monthly.csv,rx_volume_comma_string,hcp_id=1869092142|month=2025-08|ndc_category=PC_ANTIHYPERTENSIVE,rx_volume,1789,"1,789","stored as thousands-separated text; strip ',' then cast"
DQ-003412,rx_claims_monthly.csv,rx_volume_comma_string,hcp_id=1341556789|month=2024-10|ndc_category=CARD_HF_ARNI,rx_volume,1447,"1,447","stored as thousands-separated text; strip ',' then cast"
DQ-003413,rx_claims_monthly.csv,rx_volume_comma_string,hcp_id=1707268052|month=2025-06|ndc_category=PULM_ICS_LABA_INH,rx_volume,1009,"1,009","stored as thousands-separated text; strip ',' then cast"
DQ-003414,rx_claims_monthly.csv,rx_volume_comma_string,hcp_id=1648553570|month=2025-04|ndc_category=CV_ANTICOAG_ORAL,rx_volume,1103,"1,103","stored as thousands-separated text; strip ',' then cast"
DQ-003415,rx_claims_monthly.csv,rx_volume_comma_string,hcp_id=1725724532|month=2025-09|ndc_category=CV_ANTICOAG_ORAL,rx_volume,1257,"1,257","stored as thousands-separated text; strip ',' then cast"
DQ-003416,rx_claims_monthly.csv,rx_volume_comma_string,hcp_id=1901019392|month=2025-03|ndc_category=METABOLIC_GLP1_INJ,rx_volume,1014,"1,014","stored as thousands-separated text; strip ',' then cast"
DQ-003417,rx_claims_monthly.csv,rx_volume_comma_string,hcp_id=1124905880|month=2025-10|ndc_category=RHEUM_JAK_ORAL,rx_volume,1039,"1,039","stored as thousands-separated text; strip ',' then cast"
DQ-003418,rx_claims_monthly.csv,rx_volume_comma_string,hcp_id=1456207657|month=2025-08|ndc_category=PC_ANTIHYPERTENSIVE,rx_volume,1153,"1,153","stored as thousands-separated text; strip ',' then cast"
DQ-003419,rx_claims_monthly.csv,rx_volume_comma_string,hcp_id=1341556789|month=2024-11|ndc_category=CARD_HF_ARNI,rx_volume,1867,"1,867","stored as thousands-separated text; strip ',' then cast"
DQ-003420,rx_claims_monthly.csv,rx_volume_comma_string,hcp_id=1101185407|month=2025-10|ndc_category=PC_ANTIHYPERTENSIVE,rx_volume,1149,"1,149","stored as thousands-separated text; strip ',' then cast"
DQ-003421,rx_claims_monthly.csv,rx_volume_comma_string,hcp_id=1124726435|month=2025-05|ndc_category=METABOLIC_GLP1_INJ,rx_volume,1102,"1,102","stored as thousands-separated text; strip ',' then cast"
DQ-003422,rx_claims_monthly.csv,rx_volume_comma_string,hcp_id=1883526315|month=2024-04|ndc_category=PC_ANTIHYPERTENSIVE,rx_volume,1021,"1,021","stored as thousands-separated text; strip ',' then cast"
DQ-003423,rx_claims_monthly.csv,rx_volume_comma_string,hcp_id=1412773438|month=2024-12|ndc_category=PC_ANTIHYPERTENSIVE,rx_volume,1129,"1,129","stored as thousands-separated text; strip ',' then cast"
DQ-003424,rx_claims_monthly.csv,rx_volume_comma_string,hcp_id=1646133078|month=2025-10|ndc_category=METABOLIC_GLP1_INJ,rx_volume,1719,"1,719","stored as thousands-separated text; strip ',' then cast"
DQ-003425,rx_claims_monthly.csv,rx_volume_comma_string,hcp_id=1250670316|month=2025-07|ndc_category=PC_ANTIHYPERTENSIVE,rx_volume,1376,"1,376","stored as thousands-separated text; strip ',' then cast"
DQ-003426,rx_claims_monthly.csv,rx_volume_comma_string,hcp_id=1250670316|month=2025-10|ndc_category=PC_ANTIHYPERTENSIVE,rx_volume,1834,"1,834","stored as thousands-separated text; strip ',' then cast"
DQ-003427,rx_claims_monthly.csv,rx_volume_comma_string,hcp_id=1749263335|month=2025-04|ndc_category=PC_ANTIHYPERTENSIVE,rx_volume,1453,"1,453","stored as thousands-separated text; strip ',' then cast"
DQ-003428,rx_claims_monthly.csv,rx_volume_comma_string,hcp_id=1415915762|month=2024-01|ndc_category=NEURO_MIGRAINE_CGRP,rx_volume,1321,"1,321","stored as thousands-separated text; strip ',' then cast"
DQ-003429,rx_claims_monthly.csv,rx_volume_comma_string,hcp_id=1263807582|month=2025-04|ndc_category=PC_ANTIHYPERTENSIVE,rx_volume,1099,"1,099","stored as thousands-separated text; strip ',' then cast"
DQ-003430,rx_claims_monthly.csv,rx_volume_comma_string,hcp_id=1927430854|month=2025-08|ndc_category=PC_ANTIHYPERTENSIVE,rx_volume,1158,"1,158","stored as thousands-separated text; strip ',' then cast"
DQ-003431,rx_claims_monthly.csv,rx_volume_comma_string,hcp_id=1412773438|month=2025-05|ndc_category=PC_ANTIHYPERTENSIVE,rx_volume,1237,"1,237","stored as thousands-separated text; strip ',' then cast"
DQ-003432,rx_claims_monthly.csv,rx_volume_comma_string,hcp_id=1213511599|month=2025-09|ndc_category=CV_ANTICOAG_ORAL,rx_volume,1605,"1,605","stored as thousands-separated text; strip ',' then cast"
DQ-003433,rx_claims_monthly.csv,rx_volume_comma_string,hcp_id=1725724532|month=2024-12|ndc_category=PC_ANTIHYPERTENSIVE,rx_volume,1419,"1,419","stored as thousands-separated text; strip ',' then cast"
DQ-003434,rx_claims_monthly.csv,rx_volume_comma_string,hcp_id=1749263335|month=2024-12|ndc_category=PC_ANTIHYPERTENSIVE,rx_volume,1409,"1,409","stored as thousands-separated text; strip ',' then cast"
DQ-003435,rx_claims_monthly.csv,rx_volume_comma_string,hcp_id=1509977165|month=2025-03|ndc_category=PC_ANTIHYPERTENSIVE,rx_volume,1102,"1,102","stored as thousands-separated text; strip ',' then cast"
DQ-003436,rx_claims_monthly.csv,rx_volume_comma_string,hcp_id=1159841240|month=2025-09|ndc_category=CV_ANTICOAG_ORAL,rx_volume,1323,"1,323","stored as thousands-separated text; strip ',' then cast"
DQ-003437,rx_claims_monthly.csv,rx_volume_comma_string,hcp_id=1263807582|month=2025-10|ndc_category=PC_ANTIHYPERTENSIVE,rx_volume,1715,"1,715","stored as thousands-separated text; strip ',' then cast"
DQ-003438,rx_claims_monthly.csv,rx_volume_comma_string,hcp_id=1415915762|month=2025-08|ndc_category=CV_ANTICOAG_ORAL,rx_volume,1528,"1,528","stored as thousands-separated text; strip ',' then cast"
DQ-003439,rx_claims_monthly.csv,rx_volume_comma_string,hcp_id=1646133078|month=2025-06|ndc_category=ENDO_BASAL_INSULIN,rx_volume,1772,"1,772","stored as thousands-separated text; strip ',' then cast"
DQ-003440,rx_claims_monthly.csv,rx_volume_comma_string,hcp_id=1646133078|month=2025-07|ndc_category=CV_ANTICOAG_ORAL,rx_volume,1134,"1,134","stored as thousands-separated text; strip ',' then cast"
DQ-003441,rx_claims_monthly.csv,rx_volume_comma_string,hcp_id=1869092142|month=2024-10|ndc_category=PC_ANTIHYPERTENSIVE,rx_volume,1337,"1,337","stored as thousands-separated text; strip ',' then cast"
DQ-003442,rx_claims_monthly.csv,rx_volume_comma_string,hcp_id=1415915762|month=2024-11|ndc_category=CV_ANTICOAG_ORAL,rx_volume,1052,"1,052","stored as thousands-separated text; strip ',' then cast"
DQ-003443,rx_claims_monthly.csv,rx_volume_comma_string,hcp_id=1315385710|month=2025-03|ndc_category=METABOLIC_GLP1_INJ,rx_volume,1014,"1,014","stored as thousands-separated text; strip ',' then cast"
DQ-003444,rx_claims_monthly.csv,rx_volume_comma_string,hcp_id=1749263335|month=2025-06|ndc_category=METABOLIC_GLP1_INJ,rx_volume,1495,"1,495","stored as thousands-separated text; strip ',' then cast"
DQ-003445,rx_claims_monthly.csv,rx_volume_comma_string,hcp_id=1256419643|month=2024-02|ndc_category=CV_ANTICOAG_ORAL,rx_volume,1002,"1,002","stored as thousands-separated text; strip ',' then cast"
DQ-003446,rx_claims_monthly.csv,rx_volume_comma_string,hcp_id=1635581279|month=2025-05|ndc_category=PC_ANTIHYPERTENSIVE,rx_volume,1064,"1,064","stored as thousands-separated text; strip ',' then cast"
DQ-003447,rx_claims_monthly.csv,rx_volume_comma_string,hcp_id=1134966757|month=2025-02|ndc_category=PC_ANTIHYPERTENSIVE,rx_volume,1143,"1,143","stored as thousands-separated text; strip ',' then cast"
DQ-003448,rx_claims_monthly.csv,rx_volume_comma_string,hcp_id=1176062549|month=2025-01|ndc_category=ENDO_BASAL_INSULIN,rx_volume,1039,"1,039","stored as thousands-separated text; strip ',' then cast"
DQ-003449,rx_claims_monthly.csv,rx_volume_comma_string,hcp_id=1200480071|month=2025-08|ndc_category=CV_ANTICOAG_ORAL,rx_volume,1572,"1,572","stored as thousands-separated text; strip ',' then cast"
DQ-003450,rx_claims_monthly.csv,rx_volume_comma_string,hcp_id=1707268052|month=2025-07|ndc_category=CV_ANTICOAG_ORAL,rx_volume,1103,"1,103","stored as thousands-separated text; strip ',' then cast"
DQ-003451,rx_claims_monthly.csv,rx_volume_comma_string,hcp_id=1552813903|month=2024-09|ndc_category=PC_ANTIHYPERTENSIVE,rx_volume,1079,"1,079","stored as thousands-separated text; strip ',' then cast"
DQ-003452,rx_claims_monthly.csv,rx_volume_comma_string,hcp_id=1635581279|month=2025-09|ndc_category=PC_ANTIHYPERTENSIVE,rx_volume,1264,"1,264","stored as thousands-separated text; strip ',' then cast"
DQ-003453,rx_claims_monthly.csv,rx_volume_comma_string,hcp_id=1594083903|month=2025-06|ndc_category=NEURO_MIGRAINE_CGRP,rx_volume,1155,"1,155","stored as thousands-separated text; strip ',' then cast"
DQ-003454,rx_claims_monthly.csv,rx_volume_comma_string,hcp_id=1256419643|month=2025-05|ndc_category=RHEUM_JAK_ORAL,rx_volume,1589,"1,589","stored as thousands-separated text; strip ',' then cast"
DQ-003455,rx_claims_monthly.csv,rx_volume_comma_string,hcp_id=1822345694|month=2025-06|ndc_category=CV_ANTICOAG_ORAL,rx_volume,1119,"1,119","stored as thousands-separated text; strip ',' then cast"
DQ-003456,rx_claims_monthly.csv,rx_volume_comma_string,hcp_id=1566070763|month=2024-06|ndc_category=PULM_ICS_LABA_INH,rx_volume,1067,"1,067","stored as thousands-separated text; strip ',' then cast"
DQ-003457,rx_claims_monthly.csv,rx_volume_comma_string,hcp_id=1394609428|month=2024-11|ndc_category=ENDO_BASAL_INSULIN,rx_volume,1057,"1,057","stored as thousands-separated text; strip ',' then cast"
DQ-003458,rx_claims_monthly.csv,rx_volume_comma_string,hcp_id=1869092142|month=2025-07|ndc_category=PC_ANTIHYPERTENSIVE,rx_volume,2344,"2,344","stored as thousands-separated text; strip ',' then cast"
DQ-003459,rx_claims_monthly.csv,rx_volume_comma_string,hcp_id=1592123891|month=2025-05|ndc_category=PC_ANTIHYPERTENSIVE,rx_volume,1318,"1,318","stored as thousands-separated text; strip ',' then cast"
DQ-003460,rx_claims_monthly.csv,rx_volume_comma_string,hcp_id=1415915762|month=2025-05|ndc_category=NEURO_MIGRAINE_CGRP,rx_volume,1934,"1,934","stored as thousands-separated text; strip ',' then cast"
DQ-003461,rx_claims_monthly.csv,rx_volume_comma_string,hcp_id=1120344282|month=2025-04|ndc_category=PC_ANTIHYPERTENSIVE,rx_volume,1684,"1,684","stored as thousands-separated text; strip ',' then cast"
DQ-003462,rx_claims_monthly.csv,rx_volume_comma_string,hcp_id=1681526517|month=2025-09|ndc_category=METABOLIC_GLP1_INJ,rx_volume,1074,"1,074","stored as thousands-separated text; strip ',' then cast"
DQ-003463,rx_claims_monthly.csv,rx_volume_comma_string,hcp_id=1330017819|month=2025-06|ndc_category=METABOLIC_GLP1_INJ,rx_volume,1031,"1,031","stored as thousands-separated text; strip ',' then cast"
DQ-003464,rx_claims_monthly.csv,rx_volume_comma_string,hcp_id=1341556789|month=2024-06|ndc_category=CARD_HF_ARNI,rx_volume,1243,"1,243","stored as thousands-separated text; strip ',' then cast"
DQ-003465,rx_claims_monthly.csv,rx_volume_comma_string,hcp_id=1783823739|month=2025-05|ndc_category=PC_ANTIHYPERTENSIVE,rx_volume,1386,"1,386","stored as thousands-separated text; strip ',' then cast"
DQ-003466,rx_claims_monthly.csv,rx_volume_comma_string,hcp_id=1869092142|month=2024-10|ndc_category=CV_ANTICOAG_ORAL,rx_volume,1125,"1,125","stored as thousands-separated text; strip ',' then cast"
DQ-003467,rx_claims_monthly.csv,rx_volume_comma_string,hcp_id=1929302226|month=2024-01|ndc_category=PC_ANTIHYPERTENSIVE,rx_volume,1057,"1,057","stored as thousands-separated text; strip ',' then cast"
DQ-003468,rx_claims_monthly.csv,rx_volume_comma_string,hcp_id=1968340152|month=2025-06|ndc_category=CARD_HF_ARNI,rx_volume,1033,"1,033","stored as thousands-separated text; strip ',' then cast"
DQ-003469,rx_claims_monthly.csv,rx_volume_comma_string,hcp_id=1218757361|month=2024-12|ndc_category=ONC_TARGETED_ORAL,rx_volume,1005,"1,005","stored as thousands-separated text; strip ',' then cast"
DQ-003470,rx_claims_monthly.csv,rx_volume_comma_string,hcp_id=1835339551|month=2025-02|ndc_category=RHEUM_JAK_ORAL,rx_volume,1637,"1,637","stored as thousands-separated text; strip ',' then cast"
DQ-003471,rx_claims_monthly.csv,rx_volume_comma_string,hcp_id=1211781301|month=2023-12|ndc_category=CARD_HF_ARNI,rx_volume,1106,"1,106","stored as thousands-separated text; strip ',' then cast"
DQ-003472,rx_claims_monthly.csv,rx_volume_comma_string,hcp_id=1869092142|month=2025-09|ndc_category=CV_ANTICOAG_ORAL,rx_volume,1590,"1,590","stored as thousands-separated text; strip ',' then cast"
DQ-003473,rx_claims_monthly.csv,rx_volume_comma_string,hcp_id=1592123891|month=2025-02|ndc_category=PC_ANTIHYPERTENSIVE,rx_volume,1171,"1,171","stored as thousands-separated text; strip ',' then cast"
DQ-003474,rx_claims_monthly.csv,rx_volume_comma_string,hcp_id=1256419643|month=2025-08|ndc_category=RHEUM_JAK_ORAL,rx_volume,2273,"2,273","stored as thousands-separated text; strip ',' then cast"
DQ-003475,rx_claims_monthly.csv,rx_volume_comma_string,hcp_id=1292975558|month=2024-12|ndc_category=CV_ANTICOAG_ORAL,rx_volume,1230,"1,230","stored as thousands-separated text; strip ',' then cast"
DQ-003476,rx_claims_monthly.csv,rx_volume_comma_string,hcp_id=1901019392|month=2025-01|ndc_category=CARD_HF_ARNI,rx_volume,1660,"1,660","stored as thousands-separated text; strip ',' then cast"
DQ-003477,rx_claims_monthly.csv,rx_volume_comma_string,hcp_id=1220405058|month=2025-03|ndc_category=CV_ANTICOAG_ORAL,rx_volume,1022,"1,022","stored as thousands-separated text; strip ',' then cast"
DQ-003478,rx_claims_monthly.csv,rx_volume_comma_string,hcp_id=1646133078|month=2025-03|ndc_category=ENDO_BASAL_INSULIN,rx_volume,1483,"1,483","stored as thousands-separated text; strip ',' then cast"
DQ-003479,rx_claims_monthly.csv,rx_volume_comma_string,hcp_id=1883526315|month=2024-06|ndc_category=PC_ANTIHYPERTENSIVE,rx_volume,1013,"1,013","stored as thousands-separated text; strip ',' then cast"
DQ-003480,rx_claims_monthly.csv,rx_volume_comma_string,hcp_id=1411293156|month=2024-12|ndc_category=NEURO_MIGRAINE_CGRP,rx_volume,1064,"1,064","stored as thousands-separated text; strip ',' then cast"
DQ-003481,rx_claims_monthly.csv,rx_volume_comma_string,hcp_id=1412773438|month=2025-10|ndc_category=PC_ANTIHYPERTENSIVE,rx_volume,1542,"1,542","stored as thousands-separated text; strip ',' then cast"
DQ-003482,rx_claims_monthly.csv,rx_volume_comma_string,hcp_id=1357524945|month=2025-04|ndc_category=RHEUM_JAK_ORAL,rx_volume,1243,"1,243","stored as thousands-separated text; strip ',' then cast"
DQ-003483,rx_claims_monthly.csv,rx_volume_comma_string,hcp_id=1869092142|month=2025-07|ndc_category=CV_ANTICOAG_ORAL,rx_volume,1319,"1,319","stored as thousands-separated text; strip ',' then cast"
DQ-003484,rx_claims_monthly.csv,rx_volume_comma_string,hcp_id=1134966757|month=2025-03|ndc_category=PC_ANTIHYPERTENSIVE,rx_volume,1169,"1,169","stored as thousands-separated text; strip ',' then cast"
DQ-003485,rx_claims_monthly.csv,rx_volume_comma_string,hcp_id=1263807582|month=2024-12|ndc_category=PC_ANTIHYPERTENSIVE,rx_volume,1111,"1,111","stored as thousands-separated text; strip ',' then cast"
DQ-003486,rx_claims_monthly.csv,rx_volume_comma_string,hcp_id=1648553570|month=2025-10|ndc_category=CV_ANTICOAG_ORAL,rx_volume,1450,"1,450","stored as thousands-separated text; strip ',' then cast"
DQ-003487,rx_claims_monthly.csv,rx_volume_comma_string,hcp_id=1648553570|month=2025-10|ndc_category=METABOLIC_GLP1_INJ,rx_volume,1373,"1,373","stored as thousands-separated text; strip ',' then cast"
DQ-003488,rx_claims_monthly.csv,rx_volume_comma_string,hcp_id=1213511599|month=2025-06|ndc_category=CV_ANTICOAG_ORAL,rx_volume,1462,"1,462","stored as thousands-separated text; strip ',' then cast"
DQ-003489,rx_claims_monthly.csv,rx_volume_comma_string,hcp_id=1832506087|month=2025-06|ndc_category=METABOLIC_GLP1_INJ,rx_volume,1025,"1,025","stored as thousands-separated text; strip ',' then cast"
DQ-003490,rx_claims_monthly.csv,rx_volume_comma_string,hcp_id=1250670316|month=2024-10|ndc_category=PC_ANTIHYPERTENSIVE,rx_volume,1187,"1,187","stored as thousands-separated text; strip ',' then cast"
DQ-003491,rx_claims_monthly.csv,rx_volume_comma_string,hcp_id=1812815243|month=2025-02|ndc_category=PC_ANTIHYPERTENSIVE,rx_volume,1098,"1,098","stored as thousands-separated text; strip ',' then cast"
DQ-003492,rx_claims_monthly.csv,rx_volume_comma_string,hcp_id=1832506087|month=2025-05|ndc_category=CV_ANTICOAG_ORAL,rx_volume,1082,"1,082","stored as thousands-separated text; strip ',' then cast"
DQ-003493,rx_claims_monthly.csv,rx_volume_comma_string,hcp_id=1648553570|month=2025-01|ndc_category=METABOLIC_GLP1_INJ,rx_volume,1000,"1,000","stored as thousands-separated text; strip ',' then cast"
DQ-003494,rx_claims_monthly.csv,rx_volume_comma_string,hcp_id=1835339551|month=2025-10|ndc_category=METABOLIC_GLP1_INJ,rx_volume,1822,"1,822","stored as thousands-separated text; strip ',' then cast"
DQ-003495,rx_claims_monthly.csv,rx_volume_comma_string,hcp_id=1137408567|month=2025-09|ndc_category=ENDO_BASAL_INSULIN,rx_volume,1015,"1,015","stored as thousands-separated text; strip ',' then cast"
DQ-003496,rx_claims_monthly.csv,rx_volume_comma_string,hcp_id=1516379264|month=2025-09|ndc_category=METABOLIC_GLP1_INJ,rx_volume,1115,"1,115","stored as thousands-separated text; strip ',' then cast"
DQ-003497,rx_claims_monthly.csv,rx_volume_comma_string,hcp_id=1144669185|month=2025-05|ndc_category=PC_ANTIHYPERTENSIVE,rx_volume,1560,"1,560","stored as thousands-separated text; strip ',' then cast"
DQ-003498,rx_claims_monthly.csv,rx_volume_comma_string,hcp_id=1869092142|month=2024-07|ndc_category=PC_ANTIHYPERTENSIVE,rx_volume,1142,"1,142","stored as thousands-separated text; strip ',' then cast"
DQ-003499,rx_claims_monthly.csv,rx_volume_comma_string,hcp_id=1144669185|month=2025-02|ndc_category=PC_ANTIHYPERTENSIVE,rx_volume,1178,"1,178","stored as thousands-separated text; strip ',' then cast"
DQ-003500,rx_claims_monthly.csv,rx_volume_comma_string,hcp_id=1788800922|month=2025-05|ndc_category=CV_ANTICOAG_ORAL,rx_volume,1717,"1,717","stored as thousands-separated text; strip ',' then cast"
DQ-003501,rx_claims_monthly.csv,rx_volume_comma_string,hcp_id=1835339551|month=2025-06|ndc_category=METABOLIC_GLP1_INJ,rx_volume,1590,"1,590","stored as thousands-separated text; strip ',' then cast"
DQ-003502,rx_claims_monthly.csv,rx_volume_comma_string,hcp_id=1120344282|month=2024-10|ndc_category=PC_ANTIHYPERTENSIVE,rx_volume,1322,"1,322","stored as thousands-separated text; strip ',' then cast"
DQ-003503,rx_claims_monthly.csv,rx_volume_comma_string,hcp_id=1042455315|month=2025-01|ndc_category=METABOLIC_GLP1_INJ,rx_volume,1150,"1,150","stored as thousands-separated text; strip ',' then cast"
DQ-003504,rx_claims_monthly.csv,rx_volume_comma_string,hcp_id=1749263335|month=2024-09|ndc_category=PC_ANTIHYPERTENSIVE,rx_volume,1180,"1,180","stored as thousands-separated text; strip ',' then cast"
DQ-003505,rx_claims_monthly.csv,rx_volume_comma_string,hcp_id=1394609428|month=2025-07|ndc_category=ENDO_BASAL_INSULIN,rx_volume,1339,"1,339","stored as thousands-separated text; strip ',' then cast"
DQ-003506,rx_claims_monthly.csv,rx_volume_comma_string,hcp_id=1883526315|month=2025-03|ndc_category=PC_ANTIHYPERTENSIVE,rx_volume,1551,"1,551","stored as thousands-separated text; strip ',' then cast"
DQ-003507,rx_claims_monthly.csv,rx_volume_comma_string,hcp_id=1346135829|month=2024-09|ndc_category=CV_ANTICOAG_ORAL,rx_volume,1281,"1,281","stored as thousands-separated text; strip ',' then cast"
DQ-003508,rx_claims_monthly.csv,rx_volume_comma_string,hcp_id=1262170503|month=2025-06|ndc_category=CV_ANTICOAG_ORAL,rx_volume,1132,"1,132","stored as thousands-separated text; strip ',' then cast"
DQ-003509,rx_claims_monthly.csv,rx_volume_comma_string,hcp_id=1648553570|month=2025-05|ndc_category=CV_ANTICOAG_ORAL,rx_volume,1281,"1,281","stored as thousands-separated text; strip ',' then cast"
DQ-003510,rx_claims_monthly.csv,rx_volume_comma_string,hcp_id=1182422455|month=2025-09|ndc_category=METABOLIC_GLP1_INJ,rx_volume,1160,"1,160","stored as thousands-separated text; strip ',' then cast"
DQ-003511,rx_claims_monthly.csv,rx_volume_comma_string,hcp_id=1200480071|month=2024-08|ndc_category=CV_ANTICOAG_ORAL,rx_volume,1110,"1,110","stored as thousands-separated text; strip ',' then cast"
DQ-003512,rx_claims_monthly.csv,rx_volume_comma_string,hcp_id=1835339551|month=2025-08|ndc_category=RHEUM_JAK_ORAL,rx_volume,2028,"2,028","stored as thousands-separated text; strip ',' then cast"
DQ-003513,rx_claims_monthly.csv,rx_volume_comma_string,hcp_id=1262170503|month=2025-04|ndc_category=PC_ANTIHYPERTENSIVE,rx_volume,1039,"1,039","stored as thousands-separated text; strip ',' then cast"
DQ-003514,rx_claims_monthly.csv,rx_volume_comma_string,hcp_id=1647196991|month=2024-12|ndc_category=RHEUM_JAK_ORAL,rx_volume,1007,"1,007","stored as thousands-separated text; strip ',' then cast"
DQ-003515,rx_claims_monthly.csv,rx_volume_comma_string,hcp_id=1397955463|month=2025-10|ndc_category=METABOLIC_GLP1_INJ,rx_volume,1540,"1,540","stored as thousands-separated text; strip ',' then cast"
DQ-003516,rx_claims_monthly.csv,rx_volume_comma_string,hcp_id=1646133078|month=2025-02|ndc_category=METABOLIC_GLP1_INJ,rx_volume,1136,"1,136","stored as thousands-separated text; strip ',' then cast"
DQ-003517,rx_claims_monthly.csv,rx_volume_comma_string,hcp_id=1648553570|month=2025-07|ndc_category=METABOLIC_GLP1_INJ,rx_volume,1314,"1,314","stored as thousands-separated text; strip ',' then cast"
DQ-003518,rx_claims_monthly.csv,rx_volume_comma_string,hcp_id=1646133078|month=2025-07|ndc_category=ENDO_BASAL_INSULIN,rx_volume,1331,"1,331","stored as thousands-separated text; strip ',' then cast"
DQ-003519,rx_claims_monthly.csv,rx_volume_comma_string,hcp_id=1725623817|month=2025-09|ndc_category=PC_ANTIHYPERTENSIVE,rx_volume,1075,"1,075","stored as thousands-separated text; strip ',' then cast"
DQ-003520,rx_claims_monthly.csv,rx_volume_comma_string,hcp_id=1341556789|month=2025-01|ndc_category=CARD_HF_ARNI,rx_volume,1692,"1,692","stored as thousands-separated text; strip ',' then cast"
DQ-003521,rx_claims_monthly.csv,rx_volume_comma_string,hcp_id=1415915762|month=2024-06|ndc_category=NEURO_MIGRAINE_CGRP,rx_volume,1195,"1,195","stored as thousands-separated text; strip ',' then cast"
DQ-003522,rx_claims_monthly.csv,rx_volume_comma_string,hcp_id=1869092142|month=2025-10|ndc_category=CV_ANTICOAG_ORAL,rx_volume,1884,"1,884","stored as thousands-separated text; strip ',' then cast"
DQ-003523,rx_claims_monthly.csv,rx_volume_comma_string,hcp_id=1363342464|month=2025-03|ndc_category=METABOLIC_GLP1_INJ,rx_volume,1031,"1,031","stored as thousands-separated text; strip ',' then cast"
DQ-003524,rx_claims_monthly.csv,rx_volume_comma_string,hcp_id=1835339551|month=2025-10|ndc_category=RHEUM_JAK_ORAL,rx_volume,2051,"2,051","stored as thousands-separated text; strip ',' then cast"
DQ-003525,rx_claims_monthly.csv,rx_volume_comma_string,hcp_id=1909167417|month=2025-08|ndc_category=PC_ANTIHYPERTENSIVE,rx_volume,1443,"1,443","stored as thousands-separated text; strip ',' then cast"
DQ-003526,rx_claims_monthly.csv,rx_volume_comma_string,hcp_id=1211781301|month=2024-09|ndc_category=CARD_HF_ARNI,rx_volume,1395,"1,395","stored as thousands-separated text; strip ',' then cast"
DQ-003527,rx_claims_monthly.csv,rx_volume_comma_string,hcp_id=1292975558|month=2025-05|ndc_category=CV_ANTICOAG_ORAL,rx_volume,1319,"1,319","stored as thousands-separated text; strip ',' then cast"
DQ-003528,rx_claims_monthly.csv,rx_volume_comma_string,hcp_id=1144669185|month=2024-10|ndc_category=PC_ANTIHYPERTENSIVE,rx_volume,1080,"1,080","stored as thousands-separated text; strip ',' then cast"
DQ-003529,rx_claims_monthly.csv,rx_volume_comma_string,hcp_id=1566070763|month=2024-08|ndc_category=PULM_ICS_LABA_INH,rx_volume,1011,"1,011","stored as thousands-separated text; strip ',' then cast"
DQ-003530,rx_claims_monthly.csv,rx_volume_comma_string,hcp_id=1566276774|month=2025-02|ndc_category=PC_ANTIHYPERTENSIVE,rx_volume,1105,"1,105","stored as thousands-separated text; strip ',' then cast"
DQ-003531,rx_claims_monthly.csv,rx_volume_comma_string,hcp_id=1812815243|month=2025-03|ndc_category=PC_ANTIHYPERTENSIVE,rx_volume,1158,"1,158","stored as thousands-separated text; strip ',' then cast"
DQ-003532,rx_claims_monthly.csv,rx_volume_comma_string,hcp_id=1516379264|month=2024-12|ndc_category=CV_ANTICOAG_ORAL,rx_volume,1240,"1,240","stored as thousands-separated text; strip ',' then cast"
DQ-003533,rx_claims_monthly.csv,rx_volume_comma_string,hcp_id=1415915762|month=2025-04|ndc_category=NEURO_MIGRAINE_CGRP,rx_volume,2202,"2,202","stored as thousands-separated text; strip ',' then cast"
DQ-003534,rx_claims_monthly.csv,rx_volume_comma_string,hcp_id=1209566128|month=2025-09|ndc_category=PC_ANTIHYPERTENSIVE,rx_volume,1133,"1,133","stored as thousands-separated text; strip ',' then cast"
DQ-003535,rx_claims_monthly.csv,rx_volume_comma_string,hcp_id=1213511599|month=2024-12|ndc_category=METABOLIC_GLP1_INJ,rx_volume,1176,"1,176","stored as thousands-separated text; strip ',' then cast"
DQ-003536,rx_claims_monthly.csv,rx_volume_comma_string,hcp_id=1883526315|month=2025-10|ndc_category=CV_ANTICOAG_ORAL,rx_volume,1035,"1,035","stored as thousands-separated text; strip ',' then cast"
DQ-003537,rx_claims_monthly.csv,rx_volume_comma_string,hcp_id=1788800922|month=2024-01|ndc_category=CV_ANTICOAG_ORAL,rx_volume,1023,"1,023","stored as thousands-separated text; strip ',' then cast"
DQ-003538,rx_claims_monthly.csv,rx_volume_comma_string,hcp_id=1120344282|month=2025-07|ndc_category=PC_ANTIHYPERTENSIVE,rx_volume,1691,"1,691","stored as thousands-separated text; strip ',' then cast"
DQ-003539,rx_claims_monthly.csv,rx_volume_comma_string,hcp_id=1134966757|month=2024-12|ndc_category=PC_ANTIHYPERTENSIVE,rx_volume,1032,"1,032","stored as thousands-separated text; strip ',' then cast"
DQ-003540,rx_claims_monthly.csv,rx_volume_comma_string,hcp_id=1783823739|month=2025-03|ndc_category=PC_ANTIHYPERTENSIVE,rx_volume,1435,"1,435","stored as thousands-separated text; strip ',' then cast"
DQ-003541,rx_claims_monthly.csv,rx_volume_comma_string,hcp_id=1415915762|month=2023-10|ndc_category=NEURO_MIGRAINE_CGRP,rx_volume,1065,"1,065","stored as thousands-separated text; strip ',' then cast"
DQ-003542,rx_claims_monthly.csv,rx_volume_comma_string,hcp_id=1835339551|month=2025-09|ndc_category=METABOLIC_GLP1_INJ,rx_volume,1415,"1,415","stored as thousands-separated text; strip ',' then cast"
DQ-003543,rx_claims_monthly.csv,rx_volume_comma_string,hcp_id=1929302226|month=2024-12|ndc_category=PC_ANTIHYPERTENSIVE,rx_volume,1313,"1,313","stored as thousands-separated text; strip ',' then cast"
DQ-003544,rx_claims_monthly.csv,rx_volume_comma_string,hcp_id=1315385710|month=2025-09|ndc_category=METABOLIC_GLP1_INJ,rx_volume,1287,"1,287","stored as thousands-separated text; strip ',' then cast"
DQ-003545,rx_claims_monthly.csv,rx_volume_comma_string,hcp_id=1749263335|month=2025-04|ndc_category=CV_ANTICOAG_ORAL,rx_volume,1241,"1,241","stored as thousands-separated text; strip ',' then cast"
DQ-003546,rx_claims_monthly.csv,rx_volume_comma_string,hcp_id=1200480071|month=2025-05|ndc_category=CV_ANTICOAG_ORAL,rx_volume,1337,"1,337","stored as thousands-separated text; strip ',' then cast"
DQ-003547,rx_claims_monthly.csv,rx_volume_comma_string,hcp_id=1042285084|month=2024-01|ndc_category=PC_ANTIHYPERTENSIVE,rx_volume,1026,"1,026","stored as thousands-separated text; strip ',' then cast"
DQ-003548,rx_claims_monthly.csv,rx_volume_comma_string,hcp_id=1148541752|month=2025-05|ndc_category=ENDO_BASAL_INSULIN,rx_volume,1274,"1,274","stored as thousands-separated text; strip ',' then cast"
DQ-003549,rx_claims_monthly.csv,rx_volume_comma_string,hcp_id=1869092142|month=2024-12|ndc_category=CV_ANTICOAG_ORAL,rx_volume,1163,"1,163","stored as thousands-separated text; strip ',' then cast"
DQ-003550,rx_claims_monthly.csv,rx_volume_comma_string,hcp_id=1256419643|month=2025-01|ndc_category=RHEUM_JAK_ORAL,rx_volume,1591,"1,591","stored as thousands-separated text; strip ',' then cast"
DQ-003551,rx_claims_monthly.csv,rx_volume_comma_string,hcp_id=1120344282|month=2024-02|ndc_category=PC_ANTIHYPERTENSIVE,rx_volume,1072,"1,072","stored as thousands-separated text; strip ',' then cast"
DQ-003552,rx_claims_monthly.csv,rx_volume_comma_string,hcp_id=1411293156|month=2025-02|ndc_category=NEURO_MIGRAINE_CGRP,rx_volume,1062,"1,062","stored as thousands-separated text; strip ',' then cast"
DQ-003553,rx_claims_monthly.csv,rx_volume_comma_string,hcp_id=1869092142|month=2025-02|ndc_category=PC_ANTIHYPERTENSIVE,rx_volume,1673,"1,673","stored as thousands-separated text; strip ',' then cast"
DQ-003554,rx_claims_monthly.csv,rx_volume_comma_string,hcp_id=1901019392|month=2024-09|ndc_category=CARD_HF_ARNI,rx_volume,1010,"1,010","stored as thousands-separated text; strip ',' then cast"
DQ-003555,rx_claims_monthly.csv,rx_volume_comma_string,hcp_id=1144669185|month=2025-10|ndc_category=PC_ANTIHYPERTENSIVE,rx_volume,1746,"1,746","stored as thousands-separated text; strip ',' then cast"
DQ-003556,rx_claims_monthly.csv,rx_volume_comma_string,hcp_id=1080136264|month=2024-12|ndc_category=CV_ANTICOAG_ORAL,rx_volume,1061,"1,061","stored as thousands-separated text; strip ',' then cast"
DQ-003557,rx_claims_monthly.csv,rx_volume_comma_string,hcp_id=1929302226|month=2025-08|ndc_category=METABOLIC_GLP1_INJ,rx_volume,2018,"2,018","stored as thousands-separated text; strip ',' then cast"
DQ-003558,rx_claims_monthly.csv,rx_volume_comma_string,hcp_id=1725724532|month=2025-05|ndc_category=CV_ANTICOAG_ORAL,rx_volume,1040,"1,040","stored as thousands-separated text; strip ',' then cast"
DQ-003559,rx_claims_monthly.csv,rx_volume_comma_string,hcp_id=1725724532|month=2025-06|ndc_category=PC_ANTIHYPERTENSIVE,rx_volume,1152,"1,152","stored as thousands-separated text; strip ',' then cast"
DQ-003560,rx_claims_monthly.csv,rx_volume_comma_string,hcp_id=1357524945|month=2025-08|ndc_category=RHEUM_JAK_ORAL,rx_volume,2034,"2,034","stored as thousands-separated text; strip ',' then cast"
DQ-003561,rx_claims_monthly.csv,rx_volume_comma_string,hcp_id=1262170503|month=2025-07|ndc_category=PC_ANTIHYPERTENSIVE,rx_volume,1100,"1,100","stored as thousands-separated text; strip ',' then cast"
DQ-003562,rx_claims_monthly.csv,rx_volume_comma_string,hcp_id=1594083903|month=2025-05|ndc_category=NEURO_MIGRAINE_CGRP,rx_volume,1182,"1,182","stored as thousands-separated text; strip ',' then cast"
DQ-003563,rx_claims_monthly.csv,rx_volume_comma_string,hcp_id=1363342464|month=2025-10|ndc_category=CV_ANTICOAG_ORAL,rx_volume,1073,"1,073","stored as thousands-separated text; strip ',' then cast"
DQ-003564,rx_claims_monthly.csv,rx_volume_comma_string,hcp_id=1901019392|month=2025-07|ndc_category=CARD_HF_ARNI,rx_volume,1274,"1,274","stored as thousands-separated text; strip ',' then cast"
DQ-003565,rx_claims_monthly.csv,rx_volume_comma_string,hcp_id=1346135829|month=2025-01|ndc_category=CV_ANTICOAG_ORAL,rx_volume,1348,"1,348","stored as thousands-separated text; strip ',' then cast"
DQ-003566,rx_claims_monthly.csv,rx_volume_comma_string,hcp_id=1346135829|month=2025-05|ndc_category=CV_ANTICOAG_ORAL,rx_volume,1498,"1,498","stored as thousands-separated text; strip ',' then cast"
DQ-003567,rx_claims_monthly.csv,rx_volume_comma_string,hcp_id=1393729789|month=2024-10|ndc_category=PC_ANTIHYPERTENSIVE,rx_volume,1021,"1,021","stored as thousands-separated text; strip ',' then cast"
DQ-003568,rx_claims_monthly.csv,rx_volume_comma_string,hcp_id=1280087226|month=2024-12|ndc_category=PC_ANTIHYPERTENSIVE,rx_volume,1298,"1,298","stored as thousands-separated text; strip ',' then cast"
DQ-003569,rx_claims_monthly.csv,rx_volume_comma_string,hcp_id=1397955463|month=2025-05|ndc_category=METABOLIC_GLP1_INJ,rx_volume,1052,"1,052","stored as thousands-separated text; strip ',' then cast"
DQ-003570,rx_claims_monthly.csv,rx_volume_comma_string,hcp_id=1256419643|month=2024-11|ndc_category=RHEUM_JAK_ORAL,rx_volume,1445,"1,445","stored as thousands-separated text; strip ',' then cast"
DQ-003571,rx_claims_monthly.csv,rx_volume_comma_string,hcp_id=1220405058|month=2025-09|ndc_category=CV_ANTICOAG_ORAL,rx_volume,1142,"1,142","stored as thousands-separated text; strip ',' then cast"
DQ-003572,rx_claims_monthly.csv,rx_volume_comma_string,hcp_id=1213511599|month=2025-04|ndc_category=CV_ANTICOAG_ORAL,rx_volume,1295,"1,295","stored as thousands-separated text; strip ',' then cast"
DQ-003573,rx_claims_monthly.csv,rx_volume_comma_string,hcp_id=1264333323|month=2025-05|ndc_category=PC_ANTIHYPERTENSIVE,rx_volume,1063,"1,063","stored as thousands-separated text; strip ',' then cast"
DQ-003574,rx_claims_monthly.csv,rx_volume_comma_string,hcp_id=1901019392|month=2024-12|ndc_category=CARD_HF_ARNI,rx_volume,1021,"1,021","stored as thousands-separated text; strip ',' then cast"
DQ-003575,rx_claims_monthly.csv,rx_volume_comma_string,hcp_id=1213511599|month=2024-09|ndc_category=CV_ANTICOAG_ORAL,rx_volume,1262,"1,262","stored as thousands-separated text; strip ',' then cast"
DQ-003576,rx_claims_monthly.csv,rx_volume_comma_string,hcp_id=1200480071|month=2024-11|ndc_category=CV_ANTICOAG_ORAL,rx_volume,1372,"1,372","stored as thousands-separated text; strip ',' then cast"
DQ-003577,rx_claims_monthly.csv,rx_volume_comma_string,hcp_id=1262170503|month=2025-08|ndc_category=PC_ANTIHYPERTENSIVE,rx_volume,1016,"1,016","stored as thousands-separated text; strip ',' then cast"
DQ-003578,rx_claims_monthly.csv,rx_volume_comma_string,hcp_id=1832506087|month=2025-08|ndc_category=METABOLIC_GLP1_INJ,rx_volume,1334,"1,334","stored as thousands-separated text; strip ',' then cast"
DQ-003579,rx_claims_monthly.csv,rx_volume_comma_string,hcp_id=1080136264|month=2025-09|ndc_category=CV_ANTICOAG_ORAL,rx_volume,1082,"1,082","stored as thousands-separated text; strip ',' then cast"
DQ-003580,rx_claims_monthly.csv,rx_volume_comma_string,hcp_id=1262170503|month=2025-10|ndc_category=METABOLIC_GLP1_INJ,rx_volume,1309,"1,309","stored as thousands-separated text; strip ',' then cast"
DQ-003581,rx_claims_monthly.csv,rx_volume_comma_string,hcp_id=1767320793|month=2025-08|ndc_category=CV_ANTICOAG_ORAL,rx_volume,1025,"1,025","stored as thousands-separated text; strip ',' then cast"
DQ-003582,rx_claims_monthly.csv,rx_volume_comma_string,hcp_id=1566070763|month=2024-11|ndc_category=PULM_ICS_LABA_INH,rx_volume,1468,"1,468","stored as thousands-separated text; strip ',' then cast"
DQ-003583,rx_claims_monthly.csv,rx_volume_comma_string,hcp_id=1516379264|month=2025-09|ndc_category=PC_ANTIHYPERTENSIVE,rx_volume,1158,"1,158","stored as thousands-separated text; strip ',' then cast"
DQ-003584,rx_claims_monthly.csv,rx_volume_comma_string,hcp_id=1725623817|month=2025-04|ndc_category=PC_ANTIHYPERTENSIVE,rx_volume,1097,"1,097","stored as thousands-separated text; strip ',' then cast"
DQ-003585,rx_claims_monthly.csv,rx_volume_comma_string,hcp_id=1832506087|month=2025-05|ndc_category=METABOLIC_GLP1_INJ,rx_volume,1219,"1,219","stored as thousands-separated text; strip ',' then cast"
DQ-003586,rx_claims_monthly.csv,rx_volume_comma_string,hcp_id=1256419643|month=2024-05|ndc_category=RHEUM_JAK_ORAL,rx_volume,1431,"1,431","stored as thousands-separated text; strip ',' then cast"
DQ-003587,rx_claims_monthly.csv,rx_volume_comma_string,hcp_id=1397150222|month=2024-09|ndc_category=CARD_HF_ARNI,rx_volume,1081,"1,081","stored as thousands-separated text; strip ',' then cast"
DQ-003588,rx_claims_monthly.csv,rx_volume_comma_string,hcp_id=1592123891|month=2025-08|ndc_category=PC_ANTIHYPERTENSIVE,rx_volume,1462,"1,462","stored as thousands-separated text; strip ',' then cast"
DQ-003589,rx_claims_monthly.csv,rx_volume_comma_string,hcp_id=1630483653|month=2024-12|ndc_category=CV_ANTICOAG_ORAL,rx_volume,1065,"1,065","stored as thousands-separated text; strip ',' then cast"
DQ-003590,rx_claims_monthly.csv,rx_volume_comma_string,hcp_id=1557944620|month=2025-07|ndc_category=CV_ANTICOAG_ORAL,rx_volume,1033,"1,033","stored as thousands-separated text; strip ',' then cast"
DQ-003591,rx_claims_monthly.csv,rx_volume_comma_string,hcp_id=1292975558|month=2025-10|ndc_category=CV_ANTICOAG_ORAL,rx_volume,1419,"1,419","stored as thousands-separated text; strip ',' then cast"
DQ-003592,rx_claims_monthly.csv,rx_volume_comma_string,hcp_id=1890080918|month=2025-10|ndc_category=CARD_HF_ARNI,rx_volume,1413,"1,413","stored as thousands-separated text; strip ',' then cast"
DQ-003593,rx_claims_monthly.csv,rx_volume_comma_string,hcp_id=1869092142|month=2024-05|ndc_category=PC_ANTIHYPERTENSIVE,rx_volume,1195,"1,195","stored as thousands-separated text; strip ',' then cast"
DQ-003594,rx_claims_monthly.csv,rx_volume_comma_string,hcp_id=1788800922|month=2025-08|ndc_category=CV_ANTICOAG_ORAL,rx_volume,1663,"1,663","stored as thousands-separated text; strip ',' then cast"
DQ-003595,rx_claims_monthly.csv,rx_volume_comma_string,hcp_id=1552813903|month=2025-03|ndc_category=PC_ANTIHYPERTENSIVE,rx_volume,1169,"1,169","stored as thousands-separated text; strip ',' then cast"
DQ-003596,rx_claims_monthly.csv,rx_volume_comma_string,hcp_id=1890080918|month=2025-01|ndc_category=CARD_HF_ARNI,rx_volume,1042,"1,042","stored as thousands-separated text; strip ',' then cast"
DQ-003597,rx_claims_monthly.csv,rx_volume_comma_string,hcp_id=1332821143|month=2025-06|ndc_category=ONC_TARGETED_ORAL,rx_volume,1278,"1,278","stored as thousands-separated text; strip ',' then cast"
DQ-003598,rx_claims_monthly.csv,rx_volume_comma_string,hcp_id=1901019392|month=2024-11|ndc_category=CARD_HF_ARNI,rx_volume,1295,"1,295","stored as thousands-separated text; strip ',' then cast"
DQ-003599,rx_claims_monthly.csv,rx_volume_comma_string,hcp_id=1209566128|month=2025-07|ndc_category=PC_ANTIHYPERTENSIVE,rx_volume,1078,"1,078","stored as thousands-separated text; strip ',' then cast"
DQ-003600,rx_claims_monthly.csv,rx_volume_comma_string,hcp_id=1646133078|month=2025-09|ndc_category=CV_ANTICOAG_ORAL,rx_volume,1133,"1,133","stored as thousands-separated text; strip ',' then cast"
DQ-003601,rx_claims_monthly.csv,rx_volume_comma_string,hcp_id=1120344282|month=2024-09|ndc_category=PC_ANTIHYPERTENSIVE,rx_volume,1545,"1,545","stored as thousands-separated text; strip ',' then cast"
DQ-003602,rx_claims_monthly.csv,rx_volume_comma_string,hcp_id=1725724532|month=2025-10|ndc_category=PC_ANTIHYPERTENSIVE,rx_volume,1849,"1,849","stored as thousands-separated text; strip ',' then cast"
DQ-003603,rx_claims_monthly.csv,rx_volume_comma_string,hcp_id=1566070763|month=2025-10|ndc_category=PULM_ICS_LABA_INH,rx_volume,1863,"1,863","stored as thousands-separated text; strip ',' then cast"
DQ-003604,rx_claims_monthly.csv,rx_volume_comma_string,hcp_id=1725623817|month=2025-10|ndc_category=PC_ANTIHYPERTENSIVE,rx_volume,1147,"1,147","stored as thousands-separated text; strip ',' then cast"
DQ-003605,rx_claims_monthly.csv,rx_volume_comma_string,hcp_id=1211781301|month=2025-06|ndc_category=METABOLIC_GLP1_INJ,rx_volume,1048,"1,048","stored as thousands-separated text; strip ',' then cast"
DQ-003606,rx_claims_monthly.csv,rx_volume_comma_string,hcp_id=1393729789|month=2025-02|ndc_category=PC_ANTIHYPERTENSIVE,rx_volume,1341,"1,341","stored as thousands-separated text; strip ',' then cast"
DQ-003607,rx_claims_monthly.csv,rx_volume_comma_string,hcp_id=1912301342|month=2025-10|ndc_category=CV_ANTICOAG_ORAL,rx_volume,1072,"1,072","stored as thousands-separated text; strip ',' then cast"
DQ-003608,rx_claims_monthly.csv,rx_volume_comma_string,hcp_id=1221582384|month=2025-08|ndc_category=PULM_ICS_LABA_INH,rx_volume,1363,"1,363","stored as thousands-separated text; strip ',' then cast"
DQ-003609,rx_claims_monthly.csv,rx_volume_comma_string,hcp_id=1516379264|month=2025-03|ndc_category=CV_ANTICOAG_ORAL,rx_volume,1205,"1,205","stored as thousands-separated text; strip ',' then cast"
DQ-003610,rx_claims_monthly.csv,rx_volume_comma_string,hcp_id=1144669185|month=2025-03|ndc_category=PC_ANTIHYPERTENSIVE,rx_volume,1268,"1,268","stored as thousands-separated text; strip ',' then cast"
DQ-003611,rx_claims_monthly.csv,rx_volume_comma_string,hcp_id=1929302226|month=2025-06|ndc_category=METABOLIC_GLP1_INJ,rx_volume,1855,"1,855","stored as thousands-separated text; strip ',' then cast"
DQ-003612,rx_claims_monthly.csv,rx_volume_comma_string,hcp_id=1901019392|month=2025-08|ndc_category=CARD_HF_ARNI,rx_volume,1530,"1,530","stored as thousands-separated text; strip ',' then cast"
DQ-003613,rx_claims_monthly.csv,rx_volume_comma_string,hcp_id=1890080918|month=2025-06|ndc_category=CARD_HF_ARNI,rx_volume,1454,"1,454","stored as thousands-separated text; strip ',' then cast"
DQ-003614,rx_claims_monthly.csv,rx_volume_comma_string,hcp_id=1456207657|month=2025-08|ndc_category=METABOLIC_GLP1_INJ,rx_volume,1010,"1,010","stored as thousands-separated text; strip ',' then cast"
DQ-003615,rx_claims_monthly.csv,rx_volume_comma_string,hcp_id=1635581279|month=2025-07|ndc_category=PC_ANTIHYPERTENSIVE,rx_volume,1257,"1,257","stored as thousands-separated text; strip ',' then cast"
DQ-003616,rx_claims_monthly.csv,rx_volume_comma_string,hcp_id=1869092142|month=2025-09|ndc_category=PC_ANTIHYPERTENSIVE,rx_volume,2008,"2,008","stored as thousands-separated text; strip ',' then cast"
DQ-003617,rx_claims_monthly.csv,rx_volume_comma_string,hcp_id=1783823739|month=2025-06|ndc_category=PC_ANTIHYPERTENSIVE,rx_volume,1219,"1,219","stored as thousands-separated text; strip ',' then cast"
DQ-003618,rx_claims_monthly.csv,rx_volume_comma_string,hcp_id=1566276774|month=2025-03|ndc_category=PC_ANTIHYPERTENSIVE,rx_volume,1266,"1,266","stored as thousands-separated text; strip ',' then cast"
DQ-003619,rx_claims_monthly.csv,rx_volume_comma_string,hcp_id=1124905880|month=2025-04|ndc_category=METABOLIC_GLP1_INJ,rx_volume,1047,"1,047","stored as thousands-separated text; strip ',' then cast"
DQ-003620,rx_claims_monthly.csv,rx_volume_comma_string,hcp_id=1788800922|month=2025-10|ndc_category=CV_ANTICOAG_ORAL,rx_volume,2301,"2,301","stored as thousands-separated text; strip ',' then cast"
DQ-003621,rx_claims_monthly.csv,rx_volume_comma_string,hcp_id=1120344282|month=2024-11|ndc_category=PC_ANTIHYPERTENSIVE,rx_volume,1296,"1,296","stored as thousands-separated text; strip ',' then cast"
DQ-003622,rx_claims_monthly.csv,rx_volume_comma_string,hcp_id=1397150222|month=2024-12|ndc_category=CARD_HF_ARNI,rx_volume,1258,"1,258","stored as thousands-separated text; strip ',' then cast"
DQ-003623,rx_claims_monthly.csv,rx_volume_comma_string,hcp_id=1929302226|month=2024-10|ndc_category=PC_ANTIHYPERTENSIVE,rx_volume,1142,"1,142","stored as thousands-separated text; strip ',' then cast"
DQ-003624,rx_claims_monthly.csv,rx_volume_comma_string,hcp_id=1835339551|month=2024-03|ndc_category=RHEUM_JAK_ORAL,rx_volume,1029,"1,029","stored as thousands-separated text; strip ',' then cast"
DQ-003625,rx_claims_monthly.csv,rx_volume_comma_string,hcp_id=1516379264|month=2025-06|ndc_category=CV_ANTICOAG_ORAL,rx_volume,1235,"1,235","stored as thousands-separated text; strip ',' then cast"
DQ-003626,rx_claims_monthly.csv,rx_volume_comma_string,hcp_id=1182422455|month=2025-10|ndc_category=CARD_HF_ARNI,rx_volume,1074,"1,074","stored as thousands-separated text; strip ',' then cast"
DQ-003627,rx_claims_monthly.csv,rx_volume_comma_string,hcp_id=1749263335|month=2025-06|ndc_category=CV_ANTICOAG_ORAL,rx_volume,1332,"1,332","stored as thousands-separated text; strip ',' then cast"
DQ-003628,rx_claims_monthly.csv,rx_volume_comma_string,hcp_id=1397955463|month=2025-04|ndc_category=METABOLIC_GLP1_INJ,rx_volume,1138,"1,138","stored as thousands-separated text; strip ',' then cast"
DQ-003629,rx_claims_monthly.csv,rx_volume_comma_string,hcp_id=1144669185|month=2025-06|ndc_category=PC_ANTIHYPERTENSIVE,rx_volume,1221,"1,221","stored as thousands-separated text; strip ',' then cast"
DQ-003630,rx_claims_monthly.csv,rx_volume_comma_string,hcp_id=1929302226|month=2025-10|ndc_category=CV_ANTICOAG_ORAL,rx_volume,1190,"1,190","stored as thousands-separated text; strip ',' then cast"
DQ-003631,rx_claims_monthly.csv,rx_volume_comma_string,hcp_id=1411293156|month=2025-10|ndc_category=NEURO_MIGRAINE_CGRP,rx_volume,1317,"1,317","stored as thousands-separated text; strip ',' then cast"
DQ-003632,rx_claims_monthly.csv,rx_volume_comma_string,hcp_id=1648553570|month=2025-04|ndc_category=METABOLIC_GLP1_INJ,rx_volume,1090,"1,090","stored as thousands-separated text; strip ',' then cast"
DQ-003633,rx_claims_monthly.csv,rx_volume_comma_string,hcp_id=1566070763|month=2025-06|ndc_category=PULM_ICS_LABA_INH,rx_volume,1644,"1,644","stored as thousands-separated text; strip ',' then cast"
DQ-003634,rx_claims_monthly.csv,rx_volume_comma_string,hcp_id=1357524945|month=2024-08|ndc_category=RHEUM_JAK_ORAL,rx_volume,1042,"1,042","stored as thousands-separated text; strip ',' then cast"
DQ-003635,rx_claims_monthly.csv,rx_volume_comma_string,hcp_id=1835339551|month=2025-04|ndc_category=METABOLIC_GLP1_INJ,rx_volume,1245,"1,245","stored as thousands-separated text; strip ',' then cast"
DQ-003636,rx_claims_monthly.csv,rx_volume_comma_string,hcp_id=1280087226|month=2025-02|ndc_category=PC_ANTIHYPERTENSIVE,rx_volume,1695,"1,695","stored as thousands-separated text; strip ',' then cast"
DQ-003637,rx_claims_monthly.csv,rx_volume_comma_string,hcp_id=1749263335|month=2025-08|ndc_category=CV_ANTICOAG_ORAL,rx_volume,1340,"1,340","stored as thousands-separated text; strip ',' then cast"
DQ-003638,rx_claims_monthly.csv,rx_volume_comma_string,hcp_id=1912301342|month=2025-07|ndc_category=ENDO_BASAL_INSULIN,rx_volume,1141,"1,141","stored as thousands-separated text; strip ',' then cast"
DQ-003639,rx_claims_monthly.csv,rx_volume_comma_string,hcp_id=1592123891|month=2025-01|ndc_category=PC_ANTIHYPERTENSIVE,rx_volume,1178,"1,178","stored as thousands-separated text; strip ',' then cast"
DQ-003640,rx_claims_monthly.csv,rx_volume_comma_string,hcp_id=1749263335|month=2024-03|ndc_category=PC_ANTIHYPERTENSIVE,rx_volume,1145,"1,145","stored as thousands-separated text; strip ',' then cast"
DQ-003641,rx_claims_monthly.csv,rx_volume_comma_string,hcp_id=1646133078|month=2025-09|ndc_category=METABOLIC_GLP1_INJ,rx_volume,1388,"1,388","stored as thousands-separated text; strip ',' then cast"
DQ-003642,rx_claims_monthly.csv,rx_volume_comma_string,hcp_id=1725724532|month=2024-10|ndc_category=PC_ANTIHYPERTENSIVE,rx_volume,1324,"1,324","stored as thousands-separated text; strip ',' then cast"
DQ-003643,rx_claims_monthly.csv,rx_volume_comma_string,hcp_id=1725724532|month=2025-01|ndc_category=PC_ANTIHYPERTENSIVE,rx_volume,1401,"1,401","stored as thousands-separated text; strip ',' then cast"
DQ-003644,rx_claims_monthly.csv,rx_volume_comma_string,hcp_id=1509977165|month=2025-07|ndc_category=PC_ANTIHYPERTENSIVE,rx_volume,1322,"1,322","stored as thousands-separated text; strip ',' then cast"
DQ-003645,rx_claims_monthly.csv,rx_volume_comma_string,hcp_id=1901019392|month=2025-02|ndc_category=CARD_HF_ARNI,rx_volume,1303,"1,303","stored as thousands-separated text; strip ',' then cast"
DQ-003646,rx_claims_monthly.csv,rx_volume_comma_string,hcp_id=1341556789|month=2023-09|ndc_category=CARD_HF_ARNI,rx_volume,1032,"1,032","stored as thousands-separated text; strip ',' then cast"
DQ-003647,rx_claims_monthly.csv,rx_volume_comma_string,hcp_id=1646133078|month=2024-02|ndc_category=ENDO_BASAL_INSULIN,rx_volume,1092,"1,092","stored as thousands-separated text; strip ',' then cast"
DQ-003648,rx_claims_monthly.csv,rx_volume_comma_string,hcp_id=1415915762|month=2025-10|ndc_category=CV_ANTICOAG_ORAL,rx_volume,1641,"1,641","stored as thousands-separated text; strip ',' then cast"
DQ-003649,rx_claims_monthly.csv,rx_volume_comma_string,hcp_id=1357524945|month=2024-07|ndc_category=RHEUM_JAK_ORAL,rx_volume,1032,"1,032","stored as thousands-separated text; strip ',' then cast"
DQ-003650,rx_claims_monthly.csv,rx_volume_comma_string,hcp_id=1144669185|month=2025-01|ndc_category=PC_ANTIHYPERTENSIVE,rx_volume,1123,"1,123","stored as thousands-separated text; strip ',' then cast"
DQ-003651,rx_claims_monthly.csv,rx_volume_comma_string,hcp_id=1221582384|month=2025-02|ndc_category=PULM_ICS_LABA_INH,rx_volume,1095,"1,095","stored as thousands-separated text; strip ',' then cast"
DQ-003652,rx_claims_monthly.csv,rx_volume_comma_string,hcp_id=1749263335|month=2025-10|ndc_category=PC_ANTIHYPERTENSIVE,rx_volume,1942,"1,942","stored as thousands-separated text; strip ',' then cast"
DQ-003653,rx_claims_monthly.csv,rx_volume_comma_string,hcp_id=1835339551|month=2024-09|ndc_category=RHEUM_JAK_ORAL,rx_volume,1290,"1,290","stored as thousands-separated text; strip ',' then cast"
DQ-003654,rx_claims_monthly.csv,rx_volume_comma_string,hcp_id=1000748156|month=2024-11|ndc_category=PC_ANTIHYPERTENSIVE,rx_volume,1140,"1,140","stored as thousands-separated text; strip ',' then cast"
DQ-003655,rx_claims_monthly.csv,rx_volume_comma_string,hcp_id=1909167417|month=2024-03|ndc_category=PC_ANTIHYPERTENSIVE,rx_volume,1100,"1,100","stored as thousands-separated text; strip ',' then cast"
DQ-003656,rx_claims_monthly.csv,rx_volume_comma_string,hcp_id=1646133078|month=2025-06|ndc_category=CV_ANTICOAG_ORAL,rx_volume,1136,"1,136","stored as thousands-separated text; strip ',' then cast"
DQ-003657,rx_claims_monthly.csv,rx_volume_comma_string,hcp_id=1332821143|month=2025-07|ndc_category=CV_ANTICOAG_ORAL,rx_volume,1412,"1,412","stored as thousands-separated text; strip ',' then cast"
DQ-003658,rx_claims_monthly.csv,rx_volume_comma_string,hcp_id=1566276774|month=2025-04|ndc_category=PC_ANTIHYPERTENSIVE,rx_volume,1382,"1,382","stored as thousands-separated text; strip ',' then cast"
DQ-003659,rx_claims_monthly.csv,rx_volume_comma_string,hcp_id=1394609428|month=2025-03|ndc_category=ENDO_BASAL_INSULIN,rx_volume,1083,"1,083","stored as thousands-separated text; strip ',' then cast"
DQ-003660,rx_claims_monthly.csv,rx_volume_comma_string,hcp_id=1413519731|month=2025-08|ndc_category=PC_ANTIHYPERTENSIVE,rx_volume,1014,"1,014","stored as thousands-separated text; strip ',' then cast"
DQ-003661,rx_claims_monthly.csv,rx_volume_comma_string,hcp_id=1822345694|month=2025-05|ndc_category=CARD_HF_ARNI,rx_volume,1617,"1,617","stored as thousands-separated text; strip ',' then cast"
DQ-003662,rx_claims_monthly.csv,rx_volume_comma_string,hcp_id=1220405058|month=2025-07|ndc_category=CV_ANTICOAG_ORAL,rx_volume,1022,"1,022","stored as thousands-separated text; strip ',' then cast"
DQ-003663,rx_claims_monthly.csv,rx_volume_comma_string,hcp_id=1280087226|month=2024-08|ndc_category=PC_ANTIHYPERTENSIVE,rx_volume,1381,"1,381","stored as thousands-separated text; strip ',' then cast"
DQ-003664,rx_claims_monthly.csv,rx_volume_comma_string,hcp_id=1357524945|month=2025-09|ndc_category=RHEUM_JAK_ORAL,rx_volume,1606,"1,606","stored as thousands-separated text; strip ',' then cast"
DQ-003665,rx_claims_monthly.csv,rx_volume_comma_string,hcp_id=1218757361|month=2025-05|ndc_category=ONC_TARGETED_ORAL,rx_volume,1254,"1,254","stored as thousands-separated text; strip ',' then cast"
DQ-003666,rx_claims_monthly.csv,rx_volume_comma_string,hcp_id=1213511599|month=2025-07|ndc_category=METABOLIC_GLP1_INJ,rx_volume,1605,"1,605","stored as thousands-separated text; strip ',' then cast"
DQ-003667,rx_claims_monthly.csv,rx_volume_comma_string,hcp_id=1909167417|month=2025-04|ndc_category=PC_ANTIHYPERTENSIVE,rx_volume,1124,"1,124","stored as thousands-separated text; strip ',' then cast"
DQ-003668,rx_claims_monthly.csv,rx_volume_comma_string,hcp_id=1594083903|month=2025-09|ndc_category=NEURO_MIGRAINE_CGRP,rx_volume,1601,"1,601","stored as thousands-separated text; strip ',' then cast"
DQ-003669,rx_claims_monthly.csv,rx_volume_comma_string,hcp_id=1120344282|month=2024-04|ndc_category=PC_ANTIHYPERTENSIVE,rx_volume,1210,"1,210","stored as thousands-separated text; strip ',' then cast"
DQ-003670,rx_claims_monthly.csv,rx_volume_comma_string,hcp_id=1120344282|month=2023-09|ndc_category=PC_ANTIHYPERTENSIVE,rx_volume,1178,"1,178","stored as thousands-separated text; strip ',' then cast"
DQ-003671,rx_claims_monthly.csv,rx_volume_comma_string,hcp_id=1134966757|month=2024-08|ndc_category=PC_ANTIHYPERTENSIVE,rx_volume,1007,"1,007","stored as thousands-separated text; strip ',' then cast"
DQ-003672,rx_claims_monthly.csv,rx_volume_comma_string,hcp_id=1869092142|month=2024-11|ndc_category=CV_ANTICOAG_ORAL,rx_volume,1143,"1,143","stored as thousands-separated text; strip ',' then cast"
DQ-003673,rx_claims_monthly.csv,rx_volume_comma_string,hcp_id=1415915762|month=2025-02|ndc_category=NEURO_MIGRAINE_CGRP,rx_volume,1872,"1,872","stored as thousands-separated text; strip ',' then cast"
DQ-003674,rx_claims_monthly.csv,rx_volume_comma_string,hcp_id=1042455315|month=2025-10|ndc_category=METABOLIC_GLP1_INJ,rx_volume,1002,"1,002","stored as thousands-separated text; strip ',' then cast"
DQ-003675,rx_claims_monthly.csv,rx_volume_comma_string,hcp_id=1415915762|month=2025-03|ndc_category=NEURO_MIGRAINE_CGRP,rx_volume,1899,"1,899","stored as thousands-separated text; strip ',' then cast"
DQ-003676,rx_claims_monthly.csv,rx_volume_comma_string,hcp_id=1822345694|month=2024-10|ndc_category=CARD_HF_ARNI,rx_volume,1237,"1,237","stored as thousands-separated text; strip ',' then cast"
DQ-003677,rx_claims_monthly.csv,rx_volume_comma_string,hcp_id=1332821143|month=2025-07|ndc_category=ONC_TARGETED_ORAL,rx_volume,1167,"1,167","stored as thousands-separated text; strip ',' then cast"
DQ-003678,rx_claims_monthly.csv,rx_volume_comma_string,hcp_id=1516379264|month=2025-04|ndc_category=METABOLIC_GLP1_INJ,rx_volume,1025,"1,025","stored as thousands-separated text; strip ',' then cast"
DQ-003679,rx_claims_monthly.csv,rx_volume_comma_string,hcp_id=1713444978|month=2025-10|ndc_category=CV_ANTICOAG_ORAL,rx_volume,1135,"1,135","stored as thousands-separated text; strip ',' then cast"
DQ-003680,rx_claims_monthly.csv,rx_volume_comma_string,hcp_id=1883526315|month=2025-10|ndc_category=PC_ANTIHYPERTENSIVE,rx_volume,1755,"1,755","stored as thousands-separated text; strip ',' then cast"
DQ-003681,rx_claims_monthly.csv,rx_volume_comma_string,hcp_id=1834127445|month=2025-07|ndc_category=CV_ANTICOAG_ORAL,rx_volume,1074,"1,074","stored as thousands-separated text; strip ',' then cast"
DQ-003682,rx_claims_monthly.csv,rx_volume_comma_string,hcp_id=1415915762|month=2025-10|ndc_category=NEURO_MIGRAINE_CGRP,rx_volume,2418,"2,418","stored as thousands-separated text; strip ',' then cast"
DQ-003683,rx_claims_monthly.csv,rx_volume_comma_string,hcp_id=1456207657|month=2025-07|ndc_category=PC_ANTIHYPERTENSIVE,rx_volume,1075,"1,075","stored as thousands-separated text; strip ',' then cast"
DQ-003684,rx_claims_monthly.csv,rx_volume_comma_string,hcp_id=1042285084|month=2024-10|ndc_category=PC_ANTIHYPERTENSIVE,rx_volume,1342,"1,342","stored as thousands-separated text; strip ',' then cast"
DQ-003685,rx_claims_monthly.csv,rx_volume_comma_string,hcp_id=1280087226|month=2025-08|ndc_category=PC_ANTIHYPERTENSIVE,rx_volume,1678,"1,678","stored as thousands-separated text; strip ',' then cast"
DQ-003686,rx_claims_monthly.csv,rx_volume_comma_string,hcp_id=1646133078|month=2025-08|ndc_category=ENDO_BASAL_INSULIN,rx_volume,1741,"1,741","stored as thousands-separated text; strip ',' then cast"
DQ-003687,rx_claims_monthly.csv,rx_volume_comma_string,hcp_id=1345219731|month=2025-06|ndc_category=ONC_TARGETED_ORAL,rx_volume,1009,"1,009","stored as thousands-separated text; strip ',' then cast"
DQ-003688,rx_claims_monthly.csv,rx_volume_comma_string,hcp_id=1144669185|month=2025-07|ndc_category=PC_ANTIHYPERTENSIVE,rx_volume,1467,"1,467","stored as thousands-separated text; strip ',' then cast"
DQ-003689,rx_claims_monthly.csv,rx_volume_comma_string,hcp_id=1221582384|month=2025-07|ndc_category=PULM_ICS_LABA_INH,rx_volume,1053,"1,053","stored as thousands-separated text; strip ',' then cast"
DQ-003690,rx_claims_monthly.csv,rx_volume_comma_string,hcp_id=1330017819|month=2025-09|ndc_category=METABOLIC_GLP1_INJ,rx_volume,1147,"1,147","stored as thousands-separated text; strip ',' then cast"
DQ-003691,rx_claims_monthly.csv,rx_volume_comma_string,hcp_id=1788800922|month=2025-07|ndc_category=CV_ANTICOAG_ORAL,rx_volume,1771,"1,771","stored as thousands-separated text; strip ',' then cast"
DQ-003692,rx_claims_monthly.csv,rx_volume_comma_string,hcp_id=1566276774|month=2024-11|ndc_category=PC_ANTIHYPERTENSIVE,rx_volume,1281,"1,281","stored as thousands-separated text; strip ',' then cast"
DQ-003693,rx_claims_monthly.csv,rx_volume_comma_string,hcp_id=1594083903|month=2025-01|ndc_category=NEURO_MIGRAINE_CGRP,rx_volume,1192,"1,192","stored as thousands-separated text; strip ',' then cast"
DQ-003694,rx_claims_monthly.csv,rx_volume_comma_string,hcp_id=1264333323|month=2025-10|ndc_category=PC_ANTIHYPERTENSIVE,rx_volume,1274,"1,274","stored as thousands-separated text; strip ',' then cast"
DQ-003695,rx_claims_monthly.csv,rx_volume_comma_string,hcp_id=1749263335|month=2024-11|ndc_category=PC_ANTIHYPERTENSIVE,rx_volume,1472,"1,472","stored as thousands-separated text; strip ',' then cast"
DQ-003696,rx_claims_monthly.csv,rx_volume_comma_string,hcp_id=1955620046|month=2025-08|ndc_category=METABOLIC_GLP1_INJ,rx_volume,1025,"1,025","stored as thousands-separated text; strip ',' then cast"
DQ-003697,rx_claims_monthly.csv,rx_volume_comma_string,hcp_id=1592123891|month=2024-11|ndc_category=PC_ANTIHYPERTENSIVE,rx_volume,1202,"1,202","stored as thousands-separated text; strip ',' then cast"
DQ-003698,rx_claims_monthly.csv,rx_volume_comma_string,hcp_id=1256419643|month=2024-12|ndc_category=CV_ANTICOAG_ORAL,rx_volume,1707,"1,707","stored as thousands-separated text; strip ',' then cast"
DQ-003699,rx_claims_monthly.csv,rx_volume_comma_string,hcp_id=1788800922|month=2024-09|ndc_category=CV_ANTICOAG_ORAL,rx_volume,1197,"1,197","stored as thousands-separated text; strip ',' then cast"
DQ-003700,rx_claims_monthly.csv,rx_volume_comma_string,hcp_id=1042285084|month=2024-07|ndc_category=PC_ANTIHYPERTENSIVE,rx_volume,1044,"1,044","stored as thousands-separated text; strip ',' then cast"
DQ-003701,rx_claims_monthly.csv,rx_volume_comma_string,hcp_id=1509977165|month=2025-05|ndc_category=PC_ANTIHYPERTENSIVE,rx_volume,1161,"1,161","stored as thousands-separated text; strip ',' then cast"
DQ-003702,rx_claims_monthly.csv,rx_volume_comma_string,hcp_id=1315385710|month=2025-05|ndc_category=CV_ANTICOAG_ORAL,rx_volume,1002,"1,002","stored as thousands-separated text; strip ',' then cast"
DQ-003703,rx_claims_monthly.csv,rx_volume_comma_string,hcp_id=1120344282|month=2024-12|ndc_category=PC_ANTIHYPERTENSIVE,rx_volume,1531,"1,531","stored as thousands-separated text; strip ',' then cast"
DQ-003704,rx_claims_monthly.csv,rx_volume_comma_string,hcp_id=1000748156|month=2024-10|ndc_category=PC_ANTIHYPERTENSIVE,rx_volume,1012,"1,012","stored as thousands-separated text; strip ',' then cast"
DQ-003705,rx_claims_monthly.csv,rx_volume_comma_string,hcp_id=1124905880|month=2025-10|ndc_category=METABOLIC_GLP1_INJ,rx_volume,1026,"1,026","stored as thousands-separated text; strip ',' then cast"
DQ-003706,rx_claims_monthly.csv,rx_volume_comma_string,hcp_id=1648553570|month=2025-07|ndc_category=CV_ANTICOAG_ORAL,rx_volume,1263,"1,263","stored as thousands-separated text; strip ',' then cast"
DQ-003707,rx_claims_monthly.csv,rx_volume_comma_string,hcp_id=1075693709|month=2025-10|ndc_category=NEURO_MIGRAINE_CGRP,rx_volume,1174,"1,174","stored as thousands-separated text; strip ',' then cast"
DQ-003708,rx_claims_monthly.csv,rx_volume_comma_string,hcp_id=1042285084|month=2025-06|ndc_category=PC_ANTIHYPERTENSIVE,rx_volume,1648,"1,648","stored as thousands-separated text; strip ',' then cast"
DQ-003709,rx_claims_monthly.csv,rx_volume_comma_string,hcp_id=1200480071|month=2024-10|ndc_category=CV_ANTICOAG_ORAL,rx_volume,1167,"1,167","stored as thousands-separated text; strip ',' then cast"
DQ-003710,rx_claims_monthly.csv,rx_volume_comma_string,hcp_id=1075693709|month=2025-09|ndc_category=NEURO_MIGRAINE_CGRP,rx_volume,1330,"1,330","stored as thousands-separated text; strip ',' then cast"
DQ-003711,rx_claims_monthly.csv,rx_volume_comma_string,hcp_id=1346135829|month=2025-06|ndc_category=CV_ANTICOAG_ORAL,rx_volume,1415,"1,415","stored as thousands-separated text; strip ',' then cast"
DQ-003712,rx_claims_monthly.csv,rx_volume_comma_string,hcp_id=1411293156|month=2025-09|ndc_category=NEURO_MIGRAINE_CGRP,rx_volume,1252,"1,252","stored as thousands-separated text; strip ',' then cast"
DQ-003713,rx_claims_monthly.csv,rx_volume_comma_string,hcp_id=1042285084|month=2025-07|ndc_category=METABOLIC_GLP1_INJ,rx_volume,1277,"1,277","stored as thousands-separated text; strip ',' then cast"
DQ-003714,rx_claims_monthly.csv,rx_volume_comma_string,hcp_id=1869092142|month=2023-12|ndc_category=PC_ANTIHYPERTENSIVE,rx_volume,1063,"1,063","stored as thousands-separated text; strip ',' then cast"
DQ-003715,rx_claims_monthly.csv,rx_volume_comma_string,hcp_id=1176062549|month=2025-10|ndc_category=ENDO_BASAL_INSULIN,rx_volume,1234,"1,234","stored as thousands-separated text; strip ',' then cast"
DQ-003716,rx_claims_monthly.csv,rx_volume_comma_string,hcp_id=1594083903|month=2024-04|ndc_category=NEURO_MIGRAINE_CGRP,rx_volume,1028,"1,028","stored as thousands-separated text; strip ',' then cast"
DQ-003717,rx_claims_monthly.csv,rx_volume_comma_string,hcp_id=1883526315|month=2025-07|ndc_category=PC_ANTIHYPERTENSIVE,rx_volume,1607,"1,607","stored as thousands-separated text; strip ',' then cast"
DQ-003718,rx_claims_monthly.csv,rx_volume_comma_string,hcp_id=1516379264|month=2025-05|ndc_category=CV_ANTICOAG_ORAL,rx_volume,1277,"1,277","stored as thousands-separated text; strip ',' then cast"
DQ-003719,rx_claims_monthly.csv,rx_volume_comma_string,hcp_id=1211781301|month=2025-04|ndc_category=CARD_HF_ARNI,rx_volume,1582,"1,582","stored as thousands-separated text; strip ',' then cast"
DQ-003720,rx_claims_monthly.csv,rx_volume_comma_string,hcp_id=1516379264|month=2025-04|ndc_category=CV_ANTICOAG_ORAL,rx_volume,1022,"1,022","stored as thousands-separated text; strip ',' then cast"
DQ-003721,rx_claims_monthly.csv,rx_volume_comma_string,hcp_id=1042285084|month=2024-02|ndc_category=PC_ANTIHYPERTENSIVE,rx_volume,1174,"1,174","stored as thousands-separated text; strip ',' then cast"
DQ-003722,rx_claims_monthly.csv,rx_volume_comma_string,hcp_id=1101185407|month=2025-05|ndc_category=PC_ANTIHYPERTENSIVE,rx_volume,1199,"1,199","stored as thousands-separated text; strip ',' then cast"
DQ-003723,rx_claims_monthly.csv,rx_volume_comma_string,hcp_id=1646133078|month=2024-09|ndc_category=ENDO_BASAL_INSULIN,rx_volume,1255,"1,255","stored as thousands-separated text; strip ',' then cast"
DQ-003724,rx_claims_monthly.csv,rx_volume_comma_string,hcp_id=1411293156|month=2025-01|ndc_category=NEURO_MIGRAINE_CGRP,rx_volume,1081,"1,081","stored as thousands-separated text; strip ',' then cast"
DQ-003725,rx_claims_monthly.csv,rx_volume_comma_string,hcp_id=1869092142|month=2024-08|ndc_category=PC_ANTIHYPERTENSIVE,rx_volume,1518,"1,518","stored as thousands-separated text; strip ',' then cast"
DQ-003726,rx_claims_monthly.csv,rx_volume_comma_string,hcp_id=1909167417|month=2025-02|ndc_category=PC_ANTIHYPERTENSIVE,rx_volume,1045,"1,045","stored as thousands-separated text; strip ',' then cast"
DQ-003727,rx_claims_monthly.csv,rx_volume_comma_string,hcp_id=1883526315|month=2025-01|ndc_category=METABOLIC_GLP1_INJ,rx_volume,1092,"1,092","stored as thousands-separated text; strip ',' then cast"
DQ-003728,rx_claims_monthly.csv,rx_volume_comma_string,hcp_id=1188598183|month=2025-10|ndc_category=METABOLIC_GLP1_INJ,rx_volume,1036,"1,036","stored as thousands-separated text; strip ',' then cast"
DQ-003729,rx_claims_monthly.csv,rx_volume_comma_string,hcp_id=1211781301|month=2024-03|ndc_category=CARD_HF_ARNI,rx_volume,1056,"1,056","stored as thousands-separated text; strip ',' then cast"
DQ-003730,rx_claims_monthly.csv,rx_volume_comma_string,hcp_id=1315385710|month=2025-08|ndc_category=METABOLIC_GLP1_INJ,rx_volume,1082,"1,082","stored as thousands-separated text; strip ',' then cast"
DQ-003731,rx_claims_monthly.csv,rx_volume_comma_string,hcp_id=1869092142|month=2025-04|ndc_category=CV_ANTICOAG_ORAL,rx_volume,1222,"1,222","stored as thousands-separated text; strip ',' then cast"
DQ-003732,rx_claims_monthly.csv,rx_volume_comma_string,hcp_id=1397150222|month=2024-10|ndc_category=CARD_HF_ARNI,rx_volume,1141,"1,141","stored as thousands-separated text; strip ',' then cast"
DQ-003733,rx_claims_monthly.csv,rx_volume_comma_string,hcp_id=1749263335|month=2025-01|ndc_category=METABOLIC_GLP1_INJ,rx_volume,1218,"1,218","stored as thousands-separated text; strip ',' then cast"
DQ-003734,rx_claims_monthly.csv,rx_volume_comma_string,hcp_id=1901019392|month=2024-10|ndc_category=CARD_HF_ARNI,rx_volume,1135,"1,135","stored as thousands-separated text; strip ',' then cast"
DQ-003735,rx_claims_monthly.csv,rx_volume_comma_string,hcp_id=1292975558|month=2024-10|ndc_category=CV_ANTICOAG_ORAL,rx_volume,1075,"1,075","stored as thousands-separated text; strip ',' then cast"
DQ-003736,rx_claims_monthly.csv,rx_volume_comma_string,hcp_id=1749263335|month=2025-09|ndc_category=CV_ANTICOAG_ORAL,rx_volume,1754,"1,754","stored as thousands-separated text; strip ',' then cast"
DQ-003737,rx_claims_monthly.csv,rx_volume_comma_string,hcp_id=1592123891|month=2025-07|ndc_category=PC_ANTIHYPERTENSIVE,rx_volume,1233,"1,233","stored as thousands-separated text; strip ',' then cast"
DQ-003738,rx_claims_monthly.csv,rx_volume_comma_string,hcp_id=1415915762|month=2025-02|ndc_category=CV_ANTICOAG_ORAL,rx_volume,1454,"1,454","stored as thousands-separated text; strip ',' then cast"
DQ-003739,rx_claims_monthly.csv,rx_volume_comma_string,hcp_id=1124726435|month=2025-02|ndc_category=METABOLIC_GLP1_INJ,rx_volume,1024,"1,024","stored as thousands-separated text; strip ',' then cast"
DQ-003740,rx_claims_monthly.csv,rx_volume_comma_string,hcp_id=1262170503|month=2024-10|ndc_category=CV_ANTICOAG_ORAL,rx_volume,1029,"1,029","stored as thousands-separated text; strip ',' then cast"
DQ-003741,rx_claims_monthly.csv,rx_volume_comma_string,hcp_id=1176062549|month=2025-09|ndc_category=ENDO_BASAL_INSULIN,rx_volume,1156,"1,156","stored as thousands-separated text; strip ',' then cast"
DQ-003742,rx_claims_monthly.csv,rx_volume_comma_string,hcp_id=1890080918|month=2025-07|ndc_category=CARD_HF_ARNI,rx_volume,1514,"1,514","stored as thousands-separated text; strip ',' then cast"
DQ-003743,rx_claims_monthly.csv,rx_volume_comma_string,hcp_id=1144669185|month=2025-04|ndc_category=PC_ANTIHYPERTENSIVE,rx_volume,1313,"1,313","stored as thousands-separated text; strip ',' then cast"
DQ-003744,rx_claims_monthly.csv,rx_volume_comma_string,hcp_id=1509977165|month=2025-06|ndc_category=PC_ANTIHYPERTENSIVE,rx_volume,1209,"1,209","stored as thousands-separated text; strip ',' then cast"
DQ-003745,rx_claims_monthly.csv,rx_volume_comma_string,hcp_id=1159841240|month=2025-08|ndc_category=CV_ANTICOAG_ORAL,rx_volume,1078,"1,078","stored as thousands-separated text; strip ',' then cast"
DQ-003746,rx_claims_monthly.csv,rx_volume_comma_string,hcp_id=1415915762|month=2025-09|ndc_category=CV_ANTICOAG_ORAL,rx_volume,1805,"1,805","stored as thousands-separated text; strip ',' then cast"
DQ-003747,rx_claims_monthly.csv,rx_volume_comma_string,hcp_id=1415915762|month=2025-07|ndc_category=CV_ANTICOAG_ORAL,rx_volume,1413,"1,413","stored as thousands-separated text; strip ',' then cast"
DQ-003748,rx_claims_monthly.csv,rx_volume_comma_string,hcp_id=1124726435|month=2025-06|ndc_category=METABOLIC_GLP1_INJ,rx_volume,1318,"1,318","stored as thousands-separated text; strip ',' then cast"
DQ-003749,rx_claims_monthly.csv,rx_volume_comma_string,hcp_id=1218757361|month=2025-07|ndc_category=ONC_TARGETED_ORAL,rx_volume,1299,"1,299","stored as thousands-separated text; strip ',' then cast"
DQ-003750,rx_claims_monthly.csv,rx_volume_comma_string,hcp_id=1725724532|month=2025-07|ndc_category=PC_ANTIHYPERTENSIVE,rx_volume,1351,"1,351","stored as thousands-separated text; strip ',' then cast"
DQ-003751,rx_claims_monthly.csv,rx_volume_comma_string,hcp_id=1929302226|month=2025-09|ndc_category=CV_ANTICOAG_ORAL,rx_volume,1154,"1,154","stored as thousands-separated text; strip ',' then cast"
DQ-003752,rx_claims_monthly.csv,rx_volume_comma_string,hcp_id=1393729789|month=2025-07|ndc_category=PC_ANTIHYPERTENSIVE,rx_volume,1230,"1,230","stored as thousands-separated text; strip ',' then cast"
DQ-003753,rx_claims_monthly.csv,rx_volume_comma_string,hcp_id=1964558476|month=2025-10|ndc_category=PULM_ICS_LABA_INH,rx_volume,1020,"1,020","stored as thousands-separated text; strip ',' then cast"
DQ-003754,rx_claims_monthly.csv,rx_volume_comma_string,hcp_id=1120344282|month=2024-03|ndc_category=PC_ANTIHYPERTENSIVE,rx_volume,1260,"1,260","stored as thousands-separated text; strip ',' then cast"
DQ-003755,rx_claims_monthly.csv,rx_volume_comma_string,hcp_id=1213511599|month=2025-01|ndc_category=METABOLIC_GLP1_INJ,rx_volume,1083,"1,083","stored as thousands-separated text; strip ',' then cast"
DQ-003756,rx_claims_monthly.csv,rx_volume_comma_string,hcp_id=1120344282|month=2025-06|ndc_category=PC_ANTIHYPERTENSIVE,rx_volume,1780,"1,780","stored as thousands-separated text; strip ',' then cast"
DQ-003757,rx_claims_monthly.csv,rx_volume_comma_string,hcp_id=1648553570|month=2025-08|ndc_category=METABOLIC_GLP1_INJ,rx_volume,1544,"1,544","stored as thousands-separated text; strip ',' then cast"
DQ-003758,rx_claims_monthly.csv,rx_volume_comma_string,hcp_id=1000748156|month=2025-09|ndc_category=PC_ANTIHYPERTENSIVE,rx_volume,1783,"1,783","stored as thousands-separated text; strip ',' then cast"
DQ-003759,rx_claims_monthly.csv,rx_volume_comma_string,hcp_id=1213511599|month=2025-01|ndc_category=CV_ANTICOAG_ORAL,rx_volume,1439,"1,439","stored as thousands-separated text; strip ',' then cast"
DQ-003760,rx_claims_monthly.csv,rx_volume_comma_string,hcp_id=1213511599|month=2025-09|ndc_category=METABOLIC_GLP1_INJ,rx_volume,1785,"1,785","stored as thousands-separated text; strip ',' then cast"
DQ-003761,rx_claims_monthly.csv,rx_volume_comma_string,hcp_id=1341556789|month=2025-02|ndc_category=CARD_HF_ARNI,rx_volume,2000,"2,000","stored as thousands-separated text; strip ',' then cast"
DQ-003762,rx_claims_monthly.csv,rx_volume_comma_string,hcp_id=1256419643|month=2024-08|ndc_category=CV_ANTICOAG_ORAL,rx_volume,1290,"1,290","stored as thousands-separated text; strip ',' then cast"
DQ-003763,rx_claims_monthly.csv,outlier_rx_volume,hcp_id=1408782450|month=2025-03|ndc_category=CV_ANTICOAG_ORAL,rx_volume,210,1920,9.1x genuine outlier; flagged internally via is_injected_outlier (column not exported)
DQ-003764,rx_claims_monthly.csv,outlier_rx_volume,hcp_id=1860037419|month=2024-02|ndc_category=CARD_HF_ARNI,rx_volume,247,1519,6.2x genuine outlier; flagged internally via is_injected_outlier (column not exported)
DQ-003765,rx_claims_monthly.csv,outlier_rx_volume,hcp_id=1860037419|month=2023-01|ndc_category=CV_ANTICOAG_ORAL,rx_volume,71,452,6.4x genuine outlier; flagged internally via is_injected_outlier (column not exported)
DQ-003766,rx_claims_monthly.csv,outlier_rx_volume,hcp_id=1600833937|month=2023-01|ndc_category=CV_ANTICOAG_ORAL,rx_volume,168,936,5.6x genuine outlier; flagged internally via is_injected_outlier (column not exported)
DQ-003767,rx_claims_monthly.csv,outlier_rx_volume,hcp_id=1132120993|month=2022-12|ndc_category=CARD_HF_ARNI,rx_volume,166,1535,9.2x genuine outlier; flagged internally via is_injected_outlier (column not exported)
DQ-003768,rx_claims_monthly.csv,outlier_rx_volume,hcp_id=1646792071|month=2023-08|ndc_category=METABOLIC_GLP1_INJ,rx_volume,366,2092,5.7x genuine outlier; flagged internally via is_injected_outlier (column not exported)
DQ-003769,rx_claims_monthly.csv,outlier_rx_volume,hcp_id=1980850634|month=2023-02|ndc_category=ONC_TARGETED_ORAL,rx_volume,78,484,6.2x genuine outlier; flagged internally via is_injected_outlier (column not exported)
DQ-003770,rx_claims_monthly.csv,outlier_rx_volume,hcp_id=1848624494|month=2024-05|ndc_category=CV_ANTICOAG_ORAL,rx_volume,294,2450,8.3x genuine outlier; flagged internally via is_injected_outlier (column not exported)
DQ-003771,rx_claims_monthly.csv,outlier_rx_volume,hcp_id=1804484495|month=2023-05|ndc_category=METABOLIC_GLP1_INJ,rx_volume,66,404,6.1x genuine outlier; flagged internally via is_injected_outlier (column not exported)
DQ-003772,rx_claims_monthly.csv,outlier_rx_volume,hcp_id=1019230758|month=2023-09|ndc_category=METABOLIC_GLP1_INJ,rx_volume,64,488,7.6x genuine outlier; flagged internally via is_injected_outlier (column not exported)
DQ-003773,rx_claims_monthly.csv,outlier_rx_volume,hcp_id=1925142923|month=2025-01|ndc_category=NEURO_MIGRAINE_CGRP,rx_volume,240,2227,9.3x genuine outlier; flagged internally via is_injected_outlier (column not exported)
DQ-003774,rx_claims_monthly.csv,outlier_rx_volume,hcp_id=1598998692|month=2025-10|ndc_category=CV_ANTICOAG_ORAL,rx_volume,99,733,7.4x genuine outlier; flagged internally via is_injected_outlier (column not exported)
DQ-003775,rx_claims_monthly.csv,outlier_rx_volume,hcp_id=1552813903|month=2023-07|ndc_category=PC_ANTIHYPERTENSIVE,rx_volume,603,5435,9.0x genuine outlier; flagged internally via is_injected_outlier (column not exported)
