treatment_hcp_id,control_hcp_id,method,event_id,event_date,target_ndc_category,specialty,region,pre_period_rx_baseline,control_pre_period_rx_baseline,is_matched,match_rank,propensity_score,control_propensity_score,propensity_distance
1040239976,1435949049,psm,EVT-0001,2023-07-06,RHEUM_JAK_ORAL,rheumatology,Northeast,357.0,362.1666666666667,True,1,0.11673572596363498,0.12501505063712198,0.008279324673487007
1194203331,1643343233,psm,EVT-0001,2023-07-06,RHEUM_JAK_ORAL,rheumatology,Southeast,287.3333333333333,261.6666666666667,True,1,0.14075364801085022,0.10439809387333536,0.03635555413751486
1246066447,,psm,EVT-0001,2023-07-06,RHEUM_JAK_ORAL,rheumatology,Southwest,369.6666666666667,,False,,,,
1282327174,1775551348,psm,EVT-0001,2023-07-06,RHEUM_JAK_ORAL,rheumatology,Northeast,449.3333333333333,446.0,True,1,0.3473151855944472,0.336005786018465,0.011309399575982204
1393791409,1187084813,psm,EVT-0001,2023-07-06,RHEUM_JAK_ORAL,rheumatology,Midwest,283.0,295.1666666666667,True,1,0.26292806695213045,0.26960131730629394,0.006673250354163496
1519182780,1337606333,psm,EVT-0001,2023-07-06,RHEUM_JAK_ORAL,rheumatology,Midwest,171.5,172.16666666666666,True,1,0.20687783081382782,0.20718510868234974,0.00030727786852191574
1595774286,,psm,EVT-0001,2023-07-06,RHEUM_JAK_ORAL,rheumatology,Midwest,386.8333333333333,,False,,,,
1616839134,,psm,EVT-0001,2023-07-06,RHEUM_JAK_ORAL,rheumatology,Northeast,616.0,,False,,,,
1690348028,1390939977,psm,EVT-0001,2023-07-06,RHEUM_JAK_ORAL,rheumatology,Midwest,233.66666666666666,239.16666666666666,True,1,0.2369794213439336,0.23978290908616076,0.002803487742227162
1944079924,,psm,EVT-0001,2023-07-06,RHEUM_JAK_ORAL,rheumatology,Southeast,444.6666666666667,,False,,,,
1993874985,,psm,EVT-0001,2023-07-06,RHEUM_JAK_ORAL,rheumatology,Northeast,420.3333333333333,,False,,,,
1040239976,1602648309,psm,EVT-0002,2023-07-09,CV_ANTICOAG_ORAL,rheumatology,Northeast,123.0,125.33333333333333,True,1,0.07032786696832649,0.07019911657483999,0.0001287503934865042
1163199601,1081031506,psm,EVT-0002,2023-07-09,CV_ANTICOAG_ORAL,neurology,Southwest,135.83333333333334,134.66666666666666,True,1,0.05285737387662902,0.05248789757981836,0.0003694762968106599
1246066447,1892897319,psm,EVT-0002,2023-07-09,CV_ANTICOAG_ORAL,rheumatology,Southwest,192.33333333333334,210.83333333333334,True,1,0.07488523345238862,0.07929445769411406,0.004409224241725435
1264333323,1099946885,psm,EVT-0002,2023-07-09,CV_ANTICOAG_ORAL,primary care,Northeast,179.33333333333334,184.83333333333334,True,1,0.02443074532897059,0.024511752528173288,8.1007199202697e-05
1334266016,1812123887,psm,EVT-0002,2023-07-09,CV_ANTICOAG_ORAL,primary care,Southwest,222.66666666666666,225.0,True,1,0.08489969623949142,0.08670229202711173,0.0018025957876203064
1335670091,1566888198,psm,EVT-0002,2023-07-09,CV_ANTICOAG_ORAL,primary care,Midwest,254.33333333333334,252.5,True,1,0.09615882325453605,0.096059709916808,9.911333772805175e-05
1352578078,1132792726,psm,EVT-0002,2023-07-09,CV_ANTICOAG_ORAL,pulmonology,Southeast,125.83333333333333,128.33333333333334,True,1,0.03223229706366081,0.031716604600170804,0.0005156924634900084
1361521440,1413202163,psm,EVT-0002,2023-07-09,CV_ANTICOAG_ORAL,endocrinology,Midwest,98.16666666666667,92.83333333333333,True,1,0.13328298496367955,0.13387293622340116,0.0005899512597216106
1394609428,1305686507,psm,EVT-0002,2023-07-09,CV_ANTICOAG_ORAL,endocrinology,Southwest,300.8333333333333,300.3333333333333,True,1,0.18640166417182313,0.1846798039970779,0.0017218601747452378
1413519731,,psm,EVT-0002,2023-07-09,CV_ANTICOAG_ORAL,primary care,Southwest,428.6666666666667,,False,,,,
1425610817,1240393805,psm,EVT-0002,2023-07-09,CV_ANTICOAG_ORAL,primary care,Southeast,53.333333333333336,55.0,True,1,0.09551116133759169,0.09435951463816171,0.0011516466994299784
1456207657,1862986803,psm,EVT-0002,2023-07-09,CV_ANTICOAG_ORAL,primary care,Midwest,170.0,172.33333333333334,True,1,0.0916931797810689,0.09181418758706401,0.0001210078059951103
1511022174,1812815243,psm,EVT-0002,2023-07-09,CV_ANTICOAG_ORAL,primary care,Midwest,150.5,152.0,True,1,0.09068749501908212,0.09076450149854243,7.700647946030925e-05
1520551320,1025231352,psm,EVT-0002,2023-07-09,CV_ANTICOAG_ORAL,rheumatology,Northeast,169.16666666666666,182.16666666666666,True,1,0.06782061743039967,0.06712969957706297,0.0006909178533367061
1592062677,1464676570,psm,EVT-0002,2023-07-09,CV_ANTICOAG_ORAL,neurology,Southeast,167.33333333333334,162.16666666666666,True,1,0.06117274140257384,0.0562483409190919,0.004924400483481937
1706991829,1551107307,psm,EVT-0002,2023-07-09,CV_ANTICOAG_ORAL,endocrinology,Midwest,256.1666666666667,254.0,True,1,0.11678338011473521,0.11699714616033612,0.00021376604560090218
1710163217,1885189138,psm,EVT-0002,2023-07-09,CV_ANTICOAG_ORAL,cardiology,Northeast,165.16666666666666,168.5,True,1,0.03574486780753803,0.03633004386950408,0.0005851760619660501
1717519684,1801662945,psm,EVT-0002,2023-07-09,CV_ANTICOAG_ORAL,endocrinology,Midwest,158.16666666666666,156.16666666666666,True,1,0.12679661043007348,0.12700840585420722,0.00021179542413374275
1725623817,1289174306,psm,EVT-0002,2023-07-09,CV_ANTICOAG_ORAL,primary care,Southwest,179.5,186.83333333333334,True,1,0.05717723888797485,0.06119774124262763,0.0040205023546527816
1742100898,1381937048,psm,EVT-0002,2023-07-09,CV_ANTICOAG_ORAL,primary care,Midwest,50.833333333333336,61.5,True,1,0.08570098868525929,0.08622255161942717,0.0005215629341678851
1785764022,1486382629,psm,EVT-0002,2023-07-09,CV_ANTICOAG_ORAL,oncology,Northeast,192.66666666666666,188.0,True,1,0.25302432014443743,0.20348003122208674,0.04954428892235069
1811081532,1242598583,psm,EVT-0002,2023-07-09,CV_ANTICOAG_ORAL,oncology,Northeast,209.66666666666666,211.66666666666666,True,1,0.4863131447585978,0.5165326929742928,0.030219548215695002
1927430854,1489598965,psm,EVT-0002,2023-07-09,CV_ANTICOAG_ORAL,primary care,Southeast,230.5,229.66666666666666,True,1,0.024773057392870258,0.024935483420521314,0.0001624260276510553
1993367014,1341720393,psm,EVT-0002,2023-07-09,CV_ANTICOAG_ORAL,pulmonology,Midwest,150.33333333333334,126.83333333333333,True,1,0.059425120306216946,0.05012064520198908,0.009304475104227869
1050506165,1782341873,psm,EVT-0003,2023-07-10,PULM_ICS_LABA_INH,pulmonology,Southeast,226.83333333333334,235.83333333333334,True,1,0.12022765858606424,0.12208723164169251,0.0018595730556282691
1139166684,1341720393,psm,EVT-0003,2023-07-10,PULM_ICS_LABA_INH,pulmonology,Midwest,206.16666666666666,212.5,True,1,0.23271855444952544,0.25460446494254657,0.021885910493021132
1198262952,,psm,EVT-0003,2023-07-10,PULM_ICS_LABA_INH,pulmonology,Northeast,515.3333333333334,,False,,,,
1229022169,1731313338,psm,EVT-0003,2023-07-10,PULM_ICS_LABA_INH,pulmonology,West,124.16666666666667,120.83333333333333,True,1,0.03750117960703507,0.03857900115450121,0.0010778215474661415
1352578078,1293528836,psm,EVT-0003,2023-07-10,PULM_ICS_LABA_INH,pulmonology,Southeast,326.1666666666667,318.3333333333333,True,1,0.1421534388160237,0.1403098401412179,0.0018435986748057964
1449331358,1474100561,psm,EVT-0003,2023-07-10,PULM_ICS_LABA_INH,pulmonology,Midwest,132.66666666666666,140.5,True,1,0.07096481553774689,0.08128602662667285,0.01032121108892596
1555906795,,psm,EVT-0003,2023-07-10,PULM_ICS_LABA_INH,pulmonology,Midwest,375.6666666666667,,False,,,,
1648626962,,psm,EVT-0003,2023-07-10,PULM_ICS_LABA_INH,pulmonology,Southwest,299.6666666666667,,False,,,,
1761262934,1632734848,psm,EVT-0003,2023-07-10,PULM_ICS_LABA_INH,pulmonology,Northeast,234.16666666666666,226.66666666666666,True,1,0.19697120047151648,0.187545573552155,0.009425626919361468
1782077311,1501015600,psm,EVT-0003,2023-07-10,PULM_ICS_LABA_INH,pulmonology,Southeast,148.83333333333334,149.16666666666666,True,1,0.1051153732654533,0.10517623439694197,6.0861131488676445e-05
1867204764,1349686455,psm,EVT-0003,2023-07-10,PULM_ICS_LABA_INH,pulmonology,Southeast,273.6666666666667,269.5,True,1,0.13017693288909607,0.12926414108934417,0.0009127917997518997
1880717263,1058647219,psm,EVT-0003,2023-07-10,PULM_ICS_LABA_INH,pulmonology,Northeast,296.5,293.0,True,1,0.28888449993767673,0.28309985936624066,0.005784640571436073
1964572899,1134509243,psm,EVT-0003,2023-07-10,PULM_ICS_LABA_INH,pulmonology,Northeast,134.0,132.83333333333334,True,1,0.09831570526101352,0.09748175675684084,0.0008339485041726769
1011940271,1708639657,psm,EVT-0004,2023-07-14,ENDO_BASAL_INSULIN,endocrinology,Northeast,191.5,194.16666666666666,True,1,0.34505939224060417,0.3450119197425051,4.747249809905485e-05
1076376403,1025978341,psm,EVT-0004,2023-07-14,ENDO_BASAL_INSULIN,endocrinology,Northeast,433.0,393.6666666666667,True,1,0.3407727888227104,0.34146920119341745,0.0006964123707070558
1107038659,1758794279,psm,EVT-0004,2023-07-14,ENDO_BASAL_INSULIN,endocrinology,Northeast,350.1666666666667,347.8333333333333,True,1,0.3422401830753228,0.3422815620223302,4.137894700739775e-05
1324722952,1333043895,psm,EVT-0004,2023-07-14,ENDO_BASAL_INSULIN,endocrinology,Northeast,216.0,220.5,True,1,0.34462335499280244,0.3445432949210758,8.006007172661755e-05
1330156328,1598998692,psm,EVT-0004,2023-07-14,ENDO_BASAL_INSULIN,endocrinology,Southwest,187.5,192.33333333333334,True,1,0.06885882805613498,0.06738630178398156,0.0014725262721534266
1364458855,1541422121,psm,EVT-0004,2023-07-14,ENDO_BASAL_INSULIN,endocrinology,Southeast,257.0,249.33333333333334,True,1,0.04014693411488009,0.03989148131941986,0.0002554527954602287
1423753536,1677860136,psm,EVT-0004,2023-07-14,ENDO_BASAL_INSULIN,endocrinology,Northeast,281.8333333333333,283.1666666666667,True,1,0.3434529869683016,0.3434293028925404,2.368407576119891e-05
1497642888,1995404856,psm,EVT-0004,2023-07-14,ENDO_BASAL_INSULIN,endocrinology,Northeast,205.66666666666666,210.5,True,1,0.34480723001296754,0.34472121816875706,8.601184421047625e-05
1645233598,1174145494,psm,EVT-0004,2023-07-14,ENDO_BASAL_INSULIN,endocrinology,Northeast,316.0,314.3333333333333,True,1,0.3428463285266456,0.3428759097322764,2.958120563079092e-05
1704331150,1702446943,psm,EVT-0004,2023-07-14,ENDO_BASAL_INSULIN,endocrinology,West,298.3333333333333,298.8333333333333,True,1,0.06969195092304983,0.06976178456933807,6.983364628823652e-05
1746046261,1297391371,psm,EVT-0004,2023-07-14,ENDO_BASAL_INSULIN,endocrinology,Northeast,157.5,163.0,True,1,0.34566493722623376,0.3455669474234563,9.798980277747615e-05
1749652321,1081498101,psm,EVT-0004,2023-07-14,ENDO_BASAL_INSULIN,endocrinology,West,114.83333333333333,122.0,True,1,0.04803753584776278,0.04874814814686235,0.0007106122990995639
1803502636,1657655308,psm,EVT-0004,2023-07-14,ENDO_BASAL_INSULIN,endocrinology,Northeast,200.16666666666666,179.33333333333334,True,1,0.3449051179248468,0.34527602471717533,0.0003709067923285403
1880426881,1453128708,psm,EVT-0004,2023-07-14,ENDO_BASAL_INSULIN,endocrinology,Northeast,303.8333333333333,295.8333333333333,True,1,0.34306229938587435,0.3432043430369196,0.00014204365104525385
1964945871,1249657408,psm,EVT-0004,2023-07-14,ENDO_BASAL_INSULIN,endocrinology,Northeast,257.0,243.0,True,1,0.34389424512609407,0.3441431269847474,0.0002488818586533492
1044379984,1765233105,psm,EVT-0005,2023-07-17,METABOLIC_GLP1_INJ,neurology,Midwest,127.0,128.16666666666666,True,1,0.07902837475555705,0.0801700831404715,0.0011417083849144527
1058647219,,psm,EVT-0005,2023-07-17,METABOLIC_GLP1_INJ,pulmonology,Northeast,182.66666666666666,,False,,,,
1094274762,1905395731,psm,EVT-0005,2023-07-17,METABOLIC_GLP1_INJ,primary care,West,96.5,92.16666666666667,True,1,0.06851176290287118,0.06543685242685453,0.003074910476016657
1145899849,1806707737,psm,EVT-0005,2023-07-17,METABOLIC_GLP1_INJ,primary care,West,87.5,91.83333333333333,True,1,0.06226926330791728,0.06520571240943213,0.002936449101514846
1194203331,1647196991,psm,EVT-0005,2023-07-17,METABOLIC_GLP1_INJ,rheumatology,Southeast,275.5,276.1666666666667,True,1,0.4907031698144139,0.5035080662983582,0.012804896483944284
1251567115,1268222167,psm,EVT-0005,2023-07-17,METABOLIC_GLP1_INJ,primary care,Midwest,136.0,134.83333333333334,True,1,0.025222792174232646,0.025268383387552683,4.559121332003632e-05
1355374483,,psm,EVT-0005,2023-07-17,METABOLIC_GLP1_INJ,primary care,West,319.5,,False,,,,
1376656900,1732000645,psm,EVT-0005,2023-07-17,METABOLIC_GLP1_INJ,cardiology,Southwest,118.66666666666667,115.66666666666667,True,1,0.05085942356697437,0.051268450530488514,0.0004090269635141433
1413519731,1783823739,psm,EVT-0005,2023-07-17,METABOLIC_GLP1_INJ,primary care,Southwest,223.83333333333334,223.66666666666666,True,1,0.139057427022673,0.1389249955136344,0.00013243150903860523
1425340662,1595301304,psm,EVT-0005,2023-07-17,METABOLIC_GLP1_INJ,primary care,Southwest,115.66666666666667,116.5,True,1,0.07301085359908696,0.07338621936595804,0.00037536576687108303
1475115246,1282914906,psm,EVT-0005,2023-07-17,METABOLIC_GLP1_INJ,cardiology,Southeast,118.0,112.0,True,1,0.042057862644466655,0.042677063106445354,0.0006192004619786987
1567742360,1873780039,psm,EVT-0005,2023-07-17,METABOLIC_GLP1_INJ,primary care,West,204.0,208.33333333333334,True,1,0.19959057365397956,0.2075693081639958,0.007978734510016239
1639269087,1084471394,psm,EVT-0005,2023-07-17,METABOLIC_GLP1_INJ,primary care,Northeast,263.6666666666667,259.5,True,1,0.03889116335275482,0.037637563653571085,0.0012535996991837328
1676855970,1644815767,psm,EVT-0005,2023-07-17,METABOLIC_GLP1_INJ,primary care,West,190.33333333333334,190.0,True,1,0.17594391041561075,0.17539568832423436,0.0005482220913763935
1683943777,1138208594,psm,EVT-0005,2023-07-17,METABOLIC_GLP1_INJ,cardiology,West,214.5,214.0,True,1,0.20151461147353103,0.19609112449500032,0.005423486978530706
1719186219,1088938448,psm,EVT-0005,2023-07-17,METABOLIC_GLP1_INJ,oncology,West,114.5,109.16666666666667,True,1,0.05985771892040483,0.053052737897041076,0.006804981023363757
1738903891,1061035188,psm,EVT-0005,2023-07-17,METABOLIC_GLP1_INJ,endocrinology,Southeast,140.5,136.0,True,1,0.043555104294323826,0.04280473751629699,0.0007503667780268397
1828766265,1877986913,psm,EVT-0005,2023-07-17,METABOLIC_GLP1_INJ,oncology,Southwest,53.333333333333336,72.5,True,1,0.09080167872635125,0.054873483809567636,0.03592819491678362
1880426881,1657025858,psm,EVT-0005,2023-07-17,METABOLIC_GLP1_INJ,endocrinology,Northeast,137.66666666666666,139.66666666666666,True,1,0.04551296309317612,0.04544108598860659,7.187710456953156e-05
1989798412,1166368237,psm,EVT-0005,2023-07-17,METABOLIC_GLP1_INJ,primary care,Southwest,196.83333333333334,188.0,True,1,0.11894986887370591,0.11293929353676117,0.00601057533694474
1326516303,1852326267,psm,EVT-0006,2023-07-18,ONC_TARGETED_ORAL,oncology,Southwest,188.5,187.66666666666666,True,1,0.0689445657016546,0.06860660821047845,0.00033795749117614127
1362648127,1828803407,psm,EVT-0006,2023-07-18,ONC_TARGETED_ORAL,oncology,Northeast,181.5,173.33333333333334,True,1,0.09659558145355908,0.0978160916431493,0.0012205101895902265
1785764022,1580871600,psm,EVT-0006,2023-07-18,ONC_TARGETED_ORAL,oncology,Northeast,129.33333333333334,127.66666666666667,True,1,0.1046309808810574,0.10489718766031217,0.0002662067792547629
1811081532,1789149345,psm,EVT-0006,2023-07-18,ONC_TARGETED_ORAL,oncology,Northeast,154.83333333333334,157.5,True,1,0.10063187713165389,0.10022160242616913,0.0004102747054847561
1969914385,,psm,EVT-0006,2023-07-18,ONC_TARGETED_ORAL,oncology,West,222.66666666666666,,False,,,,
1120080837,1746587884,psm,EVT-0007,2023-07-28,CARD_HF_ARNI,cardiology,Northeast,179.33333333333334,186.66666666666666,True,1,0.22425040506196298,0.22532515871695022,0.0010747536549872427
1265952337,1350739367,psm,EVT-0007,2023-07-28,CARD_HF_ARNI,cardiology,Northeast,368.3333333333333,332.3333333333333,True,1,0.2531068181419864,0.24742598059319595,0.005680837548790424
1299418347,1848800052,psm,EVT-0007,2023-07-28,CARD_HF_ARNI,cardiology,Northeast,286.1666666666667,286.5,True,1,0.2402670932724573,0.2403182709353685,5.117766291121151e-05
1332369119,1451721462,psm,EVT-0007,2023-07-28,CARD_HF_ARNI,cardiology,Southeast,232.5,237.16666666666666,True,1,0.16847120557108364,0.1705909417769097,0.0021197362058260616
1444774099,1614978876,psm,EVT-0007,2023-07-28,CARD_HF_ARNI,cardiology,West,154.66666666666666,150.83333333333334,True,1,0.04325160106724294,0.04205353271379516,0.0011980683534477815
1460081361,1132120993,psm,EVT-0007,2023-07-28,CARD_HF_ARNI,cardiology,Northeast,136.16666666666666,130.0,True,1,0.2179980328860854,0.2171151765272808,0.0008828563588046123
1492077734,1880265578,psm,EVT-0007,2023-07-28,CARD_HF_ARNI,cardiology,Midwest,382.6666666666667,370.3333333333333,True,1,0.15436149760717413,0.11325991544693788,0.04110158216023625
1610177150,1722898792,psm,EVT-0007,2023-07-28,CARD_HF_ARNI,cardiology,Southeast,284.6666666666667,285.1666666666667,True,1,0.19338010173422207,0.19363185352507936,0.0002517517908572908
1657725655,,psm,EVT-0007,2023-07-28,CARD_HF_ARNI,cardiology,West,479.1666666666667,,False,,,,
1672904236,1440538092,psm,EVT-0007,2023-07-28,CARD_HF_ARNI,cardiology,Northeast,204.33333333333334,199.16666666666666,True,1,0.22792931264849908,0.2271655318817043,0.000763780766794786
1710163217,1368009035,psm,EVT-0007,2023-07-28,CARD_HF_ARNI,cardiology,Northeast,243.5,240.5,True,1,0.23377800600543153,0.23332635548146324,0.0004516505239682833
1714292012,1836894604,psm,EVT-0007,2023-07-28,CARD_HF_ARNI,cardiology,Southeast,210.5,217.0,True,1,0.15876044156926744,0.16158132694734711,0.002820885378079674
1714986282,1361620622,psm,EVT-0007,2023-07-28,CARD_HF_ARNI,cardiology,West,167.33333333333334,165.83333333333334,True,1,0.047446250824978775,0.046930019084695844,0.0005162317402829311
1724092733,1042224778,psm,EVT-0007,2023-07-28,CARD_HF_ARNI,cardiology,Northeast,280.8333333333333,278.0,True,1,0.23944926445838657,0.23901556941871296,0.00043369503967360945
1732000645,,psm,EVT-0007,2023-07-28,CARD_HF_ARNI,cardiology,Southwest,365.8333333333333,,False,,,,
1814938340,1107378550,psm,EVT-0007,2023-07-28,CARD_HF_ARNI,cardiology,Southeast,225.0,238.33333333333334,True,1,0.16510856670016769,0.17112417464668228,0.006015607946514595
1133616429,1154629764,psm,EVT-0008,2023-07-30,NEURO_MIGRAINE_CGRP,neurology,Midwest,172.5,168.83333333333334,True,1,0.19247824834879879,0.19020931507282013,0.0022689332759786573
1159841240,,psm,EVT-0008,2023-07-30,NEURO_MIGRAINE_CGRP,neurology,Southeast,372.8333333333333,,False,,,,
1228081653,1937449878,psm,EVT-0008,2023-07-30,NEURO_MIGRAINE_CGRP,neurology,Southeast,82.5,88.83333333333333,True,1,0.06536069309405505,0.06721595072997237,0.0018552576359173178
1327009084,1925142923,psm,EVT-0008,2023-07-30,NEURO_MIGRAINE_CGRP,neurology,Southwest,207.83333333333334,205.66666666666666,True,1,0.10181215422454046,0.10136417068591091,0.00044798353862954277
1592062677,1413495239,psm,EVT-0008,2023-07-30,NEURO_MIGRAINE_CGRP,neurology,Southeast,328.5,287.8333333333333,True,1,0.18303941392101883,0.15599031917981934,0.027049094741199486
1636376422,1103232447,psm,EVT-0008,2023-07-30,NEURO_MIGRAINE_CGRP,neurology,Southwest,208.5,200.66666666666666,True,1,0.10195034807900942,0.10033703222490273,0.0016133158541066922
1674345776,1844748057,psm,EVT-0008,2023-07-30,NEURO_MIGRAINE_CGRP,neurology,Midwest,227.0,227.16666666666666,True,1,0.22863604425292586,0.2287536172292729,0.00011757297634704122
1719574174,1655374878,psm,EVT-0008,2023-07-30,NEURO_MIGRAINE_CGRP,neurology,Midwest,115.66666666666667,91.16666666666667,True,1,0.15959074240365687,0.1468833701251257,0.012707372278531165
1788421810,1309371148,psm,EVT-0008,2023-07-30,NEURO_MIGRAINE_CGRP,neurology,Northeast,211.0,209.83333333333334,True,1,0.0382268993358449,0.038060452949558836,0.00016644638628606628
1022312734,1275443434,psm,EVT-0009,2023-08-01,METABOLIC_GLP1_INJ,primary care,Midwest,40.666666666666664,47.166666666666664,True,1,0.03412888539718242,0.035959303068471435,0.0018304176712890183
1048976678,1501344612,psm,EVT-0009,2023-08-01,METABOLIC_GLP1_INJ,primary care,Southeast,84.33333333333333,84.16666666666667,True,1,0.060410384876707426,0.06037196512347149,3.841975323593677e-05
1050506165,1250017203,psm,EVT-0009,2023-08-01,METABOLIC_GLP1_INJ,pulmonology,Southeast,56.5,55.333333333333336,True,1,0.13601261946854473,0.14645063340248998,0.01043801393394525
1065870788,1769352273,psm,EVT-0009,2023-08-01,METABOLIC_GLP1_INJ,primary care,Southwest,136.5,139.5,True,1,0.117596997063072,0.11978023286770596,0.0021832358046339623
1081051991,1870532862,psm,EVT-0009,2023-08-01,METABOLIC_GLP1_INJ,pulmonology,Southwest,75.0,73.83333333333333,True,1,0.13973551243134147,0.1418190266856055,0.002083514254264035
1098995024,1742974847,psm,EVT-0009,2023-08-01,METABOLIC_GLP1_INJ,primary care,Northeast,89.33333333333333,86.5,True,1,0.2374392707815726,0.23644839188870567,0.0009908788928669199
1101185407,1356982086,psm,EVT-0009,2023-08-01,METABOLIC_GLP1_INJ,primary care,Midwest,185.83333333333334,182.0,True,1,0.1058599094258088,0.10287551794317533,0.0029843914826334778
1123148250,,psm,EVT-0009,2023-08-01,METABOLIC_GLP1_INJ,cardiology,Southwest,257.0,,False,,,,
1133130363,1300654963,psm,EVT-0009,2023-08-01,METABOLIC_GLP1_INJ,primary care,Northeast,244.66666666666666,245.83333333333334,True,1,0.2960225657128304,0.296493057024191,0.00047049131136056577
1189244753,1635476009,psm,EVT-0009,2023-08-01,METABOLIC_GLP1_INJ,neurology,Northeast,215.16666666666666,214.66666666666666,True,1,0.2245830320393806,0.22045702895134728,0.00412600308803332
1263807582,1689916181,psm,EVT-0009,2023-08-01,METABOLIC_GLP1_INJ,primary care,Northeast,233.5,213.33333333333334,True,1,0.29154128070166796,0.28355033149168,0.007990949209987941
1280087226,1124726435,psm,EVT-0009,2023-08-01,METABOLIC_GLP1_INJ,primary care,Northeast,489.0,450.3333333333333,True,1,0.4028271123248595,0.3849732935975039,0.01785381872735564
1296552940,1762971749,psm,EVT-0009,2023-08-01,METABOLIC_GLP1_INJ,primary care,Northeast,75.5,72.66666666666667,True,1,0.23262856149223188,0.2316516598852871,0.0009769016069447745
1332369119,1494868502,psm,EVT-0009,2023-08-01,METABOLIC_GLP1_INJ,cardiology,Southeast,56.666666666666664,58.166666666666664,True,1,0.12745032376876167,0.12025574690132801,0.007194576867433661
1413519731,1783823739,psm,EVT-0009,2023-08-01,METABOLIC_GLP1_INJ,primary care,Southwest,234.0,227.0,True,1,0.20799867048032297,0.20008971760785507,0.0079089528724679
1456299035,1423152481,psm,EVT-0009,2023-08-01,METABOLIC_GLP1_INJ,primary care,Southeast,259.3333333333333,265.1666666666667,True,1,0.1157447997796036,0.1181923601395884,0.0024475603599848073
1481247389,1084919582,psm,EVT-0009,2023-08-01,METABOLIC_GLP1_INJ,primary care,Southeast,314.0,308.3333333333333,True,1,0.14048364766313112,0.13772691715823504,0.002756730504896082
1484724632,1747032997,psm,EVT-0009,2023-08-01,METABOLIC_GLP1_INJ,primary care,Northeast,136.83333333333334,137.16666666666666,True,1,0.25447396830763913,0.254596310188082,0.00012234188044285554
1547244776,1655727265,psm,EVT-0009,2023-08-01,METABOLIC_GLP1_INJ,pulmonology,Northeast,71.66666666666667,73.66666666666667,True,1,0.08252877406768298,0.08025608955072461,0.002272684516958376
1552813903,1665478461,psm,EVT-0009,2023-08-01,METABOLIC_GLP1_INJ,primary care,Northeast,109.5,117.5,True,1,0.24457433598209907,0.24744462322583657,0.0028702872437375015
1567742360,1873780039,psm,EVT-0009,2023-08-01,METABOLIC_GLP1_INJ,primary care,West,211.16666666666666,209.5,True,1,0.18276868084473963,0.1783130622309712,0.0044556186137684195
1592123891,1124890801,psm,EVT-0009,2023-08-01,METABOLIC_GLP1_INJ,primary care,Northeast,78.5,65.66666666666667,True,1,0.2336660529511249,0.2292504431152355,0.0044156098358893725
1595301304,1352216182,psm,EVT-0009,2023-08-01,METABOLIC_GLP1_INJ,primary care,Southwest,127.16666666666667,112.5,True,1,0.11102419967316562,0.10134535054332836,0.00967884912983727
1639269087,1084471394,psm,EVT-0009,2023-08-01,METABOLIC_GLP1_INJ,primary care,Northeast,253.33333333333334,255.66666666666666,True,1,0.29952794103849245,0.3004757456594044,0.0009478046209119295
1644815767,1138281740,psm,EVT-0009,2023-08-01,METABOLIC_GLP1_INJ,primary care,West,192.0,185.5,True,1,0.13657233486878687,0.1233031621294426,0.013269172739344262
1674102136,1134089733,psm,EVT-0009,2023-08-01,METABOLIC_GLP1_INJ,primary care,Northeast,104.16666666666667,125.83333333333333,True,1,0.24267336222097202,0.25045845418887647,0.007785091967904445
1724092733,,psm,EVT-0009,2023-08-01,METABOLIC_GLP1_INJ,cardiology,Northeast,53.0,,False,,,,
1725724532,1018018261,psm,EVT-0009,2023-08-01,METABOLIC_GLP1_INJ,primary care,Northeast,201.5,197.16666666666666,True,1,0.27892354735578884,0.2772408596563963,0.00168268769939256
1740047711,1838439200,psm,EVT-0009,2023-08-01,METABOLIC_GLP1_INJ,primary care,Southeast,164.33333333333334,164.0,True,1,0.08171364751898688,0.08161209498807678,0.00010155253091009842
1824172013,,psm,EVT-0009,2023-08-01,METABOLIC_GLP1_INJ,primary care,Midwest,507.8333333333333,,False,,,,
1862986803,1488515010,psm,EVT-0009,2023-08-01,METABOLIC_GLP1_INJ,primary care,Midwest,256.1666666666667,223.16666666666666,True,1,0.17538737771468144,0.13910010707894577,0.03628727063573567
1896554999,1657035808,psm,EVT-0009,2023-08-01,METABOLIC_GLP1_INJ,primary care,West,197.33333333333334,205.16666666666666,True,1,0.1483402182310203,0.16712730158819328,0.018787083357172968
1924355757,1412773438,psm,EVT-0009,2023-08-01,METABOLIC_GLP1_INJ,primary care,Southwest,223.16666666666666,223.5,True,1,0.19585515175248164,0.1962206674587251,0.0003655157062434633
1124726435,,psm,EVT-0010,2023-08-06,CV_ANTICOAG_ORAL,primary care,Northeast,366.6666666666667,,False,,,,
1124890801,,psm,EVT-0010,2023-08-06,CV_ANTICOAG_ORAL,primary care,Northeast,218.66666666666666,,False,,,,
1132120993,1167711153,psm,EVT-0010,2023-08-06,CV_ANTICOAG_ORAL,cardiology,Northeast,112.5,110.66666666666667,True,1,0.1442480931695105,0.14613833401877138,0.0018902408492608713
1144669185,,psm,EVT-0010,2023-08-06,CV_ANTICOAG_ORAL,primary care,Northeast,474.5,,False,,,,
1189769080,1418997171,psm,EVT-0010,2023-08-06,CV_ANTICOAG_ORAL,primary care,Northeast,222.5,223.5,True,1,0.23875901695386614,0.24296039673657036,0.004201379782704212
1198262952,1536141264,psm,EVT-0010,2023-08-06,CV_ANTICOAG_ORAL,pulmonology,Northeast,186.0,182.33333333333334,True,1,0.1292053759473237,0.1190446341318904,0.010160741815433305
1202669523,1286477181,psm,EVT-0010,2023-08-06,CV_ANTICOAG_ORAL,cardiology,Midwest,264.5,269.3333333333333,True,1,0.18943176113919116,0.19811821011763492,0.008686448978443756
1299418347,1350739367,psm,EVT-0010,2023-08-06,CV_ANTICOAG_ORAL,cardiology,Northeast,95.0,92.0,True,1,0.16313757987620747,0.1665686913402096,0.003431111464002129
1300654963,,psm,EVT-0010,2023-08-06,CV_ANTICOAG_ORAL,primary care,Northeast,289.6666666666667,,False,,,,
1341556789,,psm,EVT-0010,2023-08-06,CV_ANTICOAG_ORAL,cardiology,West,511.0,,False,,,,
1423152481,1621199177,psm,EVT-0010,2023-08-06,CV_ANTICOAG_ORAL,primary care,Southeast,281.5,278.0,True,1,0.08324928327242621,0.07573607059710118,0.007513212675325037
1478412079,1762664088,psm,EVT-0010,2023-08-06,CV_ANTICOAG_ORAL,cardiology,Midwest,166.33333333333334,167.16666666666666,True,1,0.07023065953912151,0.07085931344116844,0.0006286539020469301
1552813903,1747032997,psm,EVT-0010,2023-08-06,CV_ANTICOAG_ORAL,primary care,Northeast,252.16666666666666,251.16666666666666,True,1,0.38276911328886076,0.3773551968862414,0.005413916402619345
1594466975,1028050239,psm,EVT-0010,2023-08-06,CV_ANTICOAG_ORAL,cardiology,West,106.16666666666667,104.0,True,1,0.03357177244652863,0.03280656637935519,0.0007652060671734448
1710163217,1133042691,psm,EVT-0010,2023-08-06,CV_ANTICOAG_ORAL,cardiology,Northeast,174.66666666666666,175.0,True,1,0.09138076944422616,0.09115110658615826,0.0002296628580679
1714986282,1185877283,psm,EVT-0010,2023-08-06,CV_ANTICOAG_ORAL,cardiology,West,167.5,163.16666666666666,True,1,0.06387455171224814,0.06108117851033638,0.00279337320191176
1768831921,1199976907,psm,EVT-0010,2023-08-06,CV_ANTICOAG_ORAL,rheumatology,Northeast,87.83333333333333,86.0,True,1,0.0761149437979934,0.08072759818969576,0.004612654391702359
1812815243,1529045985,psm,EVT-0010,2023-08-06,CV_ANTICOAG_ORAL,primary care,Midwest,163.16666666666666,161.16666666666666,True,1,0.028733455137876833,0.02865507700346973,7.837813440710398e-05
1828803407,1580871600,psm,EVT-0010,2023-08-06,CV_ANTICOAG_ORAL,oncology,Northeast,69.66666666666667,77.66666666666667,True,1,0.05092375593825595,0.04300676325166937,0.007916992686586584
1901019392,,psm,EVT-0010,2023-08-06,CV_ANTICOAG_ORAL,cardiology,West,491.5,,False,,,,
1969108517,1169238601,psm,EVT-0010,2023-08-06,CV_ANTICOAG_ORAL,cardiology,Midwest,217.0,213.33333333333334,True,1,0.11918063695988294,0.11482271001764287,0.004357926942240076
1107378550,1169149543,psm,EVT-0011,2023-08-08,CV_ANTICOAG_ORAL,cardiology,Southeast,67.16666666666667,73.0,True,1,0.11850859217125924,0.12069281064615757,0.0021842184748983307
1124726435,,psm,EVT-0011,2023-08-08,CV_ANTICOAG_ORAL,primary care,Northeast,366.6666666666667,,False,,,,
1137408567,,psm,EVT-0011,2023-08-08,CV_ANTICOAG_ORAL,endocrinology,Northeast,402.3333333333333,,False,,,,
1267903205,,psm,EVT-0011,2023-08-08,CV_ANTICOAG_ORAL,endocrinology,Midwest,63.0,,False,,,,
1279507085,1213108081,psm,EVT-0011,2023-08-08,CV_ANTICOAG_ORAL,rheumatology,Southwest,150.0,123.0,True,1,0.0777982622910987,0.08109474837265897,0.0032964860815602737
1362560363,1950588461,psm,EVT-0011,2023-08-08,CV_ANTICOAG_ORAL,cardiology,West,187.66666666666666,181.66666666666666,True,1,0.10676774551531468,0.10193842823056615,0.00482931728474853
1368009035,1624547729,psm,EVT-0011,2023-08-08,CV_ANTICOAG_ORAL,cardiology,Northeast,144.66666666666666,146.66666666666666,True,1,0.16733422440346496,0.1670333955123106,0.00030082889115434774
1433980129,1417682113,psm,EVT-0011,2023-08-08,CV_ANTICOAG_ORAL,pulmonology,Northeast,49.5,51.666666666666664,True,1,0.22614221135724966,0.21129982944696177,0.014842381910287888
1435949049,1590337907,psm,EVT-0011,2023-08-08,CV_ANTICOAG_ORAL,rheumatology,Northeast,236.0,213.33333333333334,True,1,0.08837316613460451,0.0841349065227801,0.004238259611824405
1475115246,1743431961,psm,EVT-0011,2023-08-08,CV_ANTICOAG_ORAL,cardiology,Southeast,119.83333333333333,111.0,True,1,0.1395129961767269,0.1357844922833597,0.0037285038933672077
1552813903,1747032997,psm,EVT-0011,2023-08-08,CV_ANTICOAG_ORAL,primary care,Northeast,252.16666666666666,251.16666666666666,True,1,0.13845680788212616,0.13552958448850377,0.0029272233936223913
1567742360,,psm,EVT-0011,2023-08-08,CV_ANTICOAG_ORAL,primary care,West,312.8333333333333,,False,,,,
1595774286,1390939977,psm,EVT-0011,2023-08-08,CV_ANTICOAG_ORAL,rheumatology,Midwest,199.5,214.33333333333334,True,1,0.14518747474966737,0.18207963237969932,0.03689215763003195
1616418756,1635476009,psm,EVT-0011,2023-08-08,CV_ANTICOAG_ORAL,neurology,Northeast,179.33333333333334,184.16666666666666,True,1,0.04925760138244582,0.05149097019757809,0.0022333688151322667
1670701188,1451721462,psm,EVT-0011,2023-08-08,CV_ANTICOAG_ORAL,cardiology,Southeast,216.33333333333334,189.5,True,1,0.18600584568789616,0.1719887517471025,0.014017093940793673
1672904236,1167711153,psm,EVT-0011,2023-08-08,CV_ANTICOAG_ORAL,cardiology,Northeast,117.0,110.66666666666667,True,1,0.17154018966264054,0.1725147109611924,0.0009745212985518559
1683943777,1577953643,psm,EVT-0011,2023-08-08,CV_ANTICOAG_ORAL,cardiology,West,116.5,125.5,True,1,0.06081592679109902,0.06539724464696016,0.00458131785586114
1714986282,1185877283,psm,EVT-0011,2023-08-08,CV_ANTICOAG_ORAL,cardiology,West,167.5,163.16666666666666,True,1,0.09129792415659958,0.08824833064991044,0.0030495935066891383
1724092733,1056679651,psm,EVT-0011,2023-08-08,CV_ANTICOAG_ORAL,cardiology,Northeast,193.16666666666666,184.16666666666666,True,1,0.1601605552431267,0.16147267821350073,0.00131212297037403
1725623817,1289174306,psm,EVT-0011,2023-08-08,CV_ANTICOAG_ORAL,primary care,Southwest,189.5,189.5,True,1,0.0392419883194525,0.0392419883194525,0.0
1738903891,,psm,EVT-0011,2023-08-08,CV_ANTICOAG_ORAL,endocrinology,Southeast,346.8333333333333,,False,,,,
1745601371,1847562299,psm,EVT-0011,2023-08-08,CV_ANTICOAG_ORAL,cardiology,Midwest,58.666666666666664,57.5,True,1,0.07575843645442423,0.07879315601794795,0.003034719563523719
1746046261,1174785596,psm,EVT-0011,2023-08-08,CV_ANTICOAG_ORAL,endocrinology,Northeast,173.5,173.83333333333334,True,1,0.10173921506053102,0.10211025122172601,0.00037103616119499305
1768831921,1199976907,psm,EVT-0011,2023-08-08,CV_ANTICOAG_ORAL,rheumatology,Northeast,87.83333333333333,86.0,True,1,0.06384974542120005,0.06359020967913788,0.0002595357420621669
1856406925,1746587884,psm,EVT-0011,2023-08-08,CV_ANTICOAG_ORAL,cardiology,Northeast,135.0,137.5,True,1,0.16879433553121648,0.16841574994995842,0.0003785855812580563
1901019392,,psm,EVT-0011,2023-08-08,CV_ANTICOAG_ORAL,cardiology,West,491.5,,False,,,,
1939785840,1172835138,psm,EVT-0011,2023-08-08,CV_ANTICOAG_ORAL,endocrinology,Southwest,286.6666666666667,290.0,True,1,0.13193353924053464,0.13791866042187179,0.00598512118133715
1964945871,1730655531,psm,EVT-0011,2023-08-08,CV_ANTICOAG_ORAL,endocrinology,Northeast,182.66666666666666,171.33333333333334,True,1,0.11238796871879804,0.0993565099242474,0.013031458794550643
1074076039,1494868502,psm,EVT-0012,2023-08-10,CARD_HF_ARNI,cardiology,Southeast,315.0,314.1666666666667,True,1,0.565213111840384,0.5611367719707179,0.004076339869666157
1123148250,1760628762,psm,EVT-0012,2023-08-10,CARD_HF_ARNI,cardiology,Southwest,193.16666666666666,181.33333333333334,True,1,0.10473145216049058,0.1040467207968628,0.0006847313636277885
1246448348,,psm,EVT-0012,2023-08-10,CARD_HF_ARNI,cardiology,Southeast,322.6666666666667,,False,,,,
1265952337,1350739367,psm,EVT-0012,2023-08-10,CARD_HF_ARNI,cardiology,Northeast,367.6666666666667,332.3333333333333,True,1,0.19453043505941822,0.17489208420394728,0.019638350855470943
1332369119,,psm,EVT-0012,2023-08-10,CARD_HF_ARNI,cardiology,Southeast,224.5,,False,,,,
1341556789,,psm,EVT-0012,2023-08-10,CARD_HF_ARNI,cardiology,West,777.0,,False,,,,
1460081361,1897723296,psm,EVT-0012,2023-08-10,CARD_HF_ARNI,cardiology,Northeast,144.83333333333334,115.0,True,1,0.09587687256466566,0.08674090361421417,0.00913596895045149
1475115246,,psm,EVT-0012,2023-08-10,CARD_HF_ARNI,cardiology,Southeast,510.5,,False,,,,
1551962891,1789632894,psm,EVT-0012,2023-08-10,CARD_HF_ARNI,cardiology,Midwest,81.0,86.5,True,1,0.0913023106934606,0.07715500670367333,0.01414730398978728
1648553570,1750236147,psm,EVT-0012,2023-08-10,CARD_HF_ARNI,cardiology,Southwest,216.33333333333334,216.0,True,1,0.10608350901671859,0.10606394633802334,1.956267869525352e-05
1655321622,1042224778,psm,EVT-0012,2023-08-10,CARD_HF_ARNI,cardiology,Northeast,277.1666666666667,273.0,True,1,0.1474037934360222,0.14548010206366307,0.001923691372359121
1657725655,,psm,EVT-0012,2023-08-10,CARD_HF_ARNI,cardiology,West,497.6666666666667,,False,,,,
1670701188,,psm,EVT-0012,2023-08-10,CARD_HF_ARNI,cardiology,Southeast,374.5,,False,,,,
1683943777,1009179924,psm,EVT-0012,2023-08-10,CARD_HF_ARNI,cardiology,West,298.6666666666667,288.5,True,1,0.17852613552509788,0.1549503654536999,0.023575770071397995
1722038985,1850313960,psm,EVT-0012,2023-08-10,CARD_HF_ARNI,cardiology,West,182.66666666666666,186.83333333333334,True,1,0.030319188634722275,0.032434997593282625,0.0021158089585603494
1836894604,1451721462,psm,EVT-0012,2023-08-10,CARD_HF_ARNI,cardiology,Southeast,230.5,238.83333333333334,True,1,0.19499891030034622,0.22232821870375963,0.02732930840341341
1169614082,1381937048,psm,EVT-0013,2023-08-11,PC_ANTIHYPERTENSIVE,primary care,Midwest,193.83333333333334,192.66666666666666,True,1,0.1710604215183324,0.16966100587484806,0.0013994156434843363
1191545544,1848624494,psm,EVT-0013,2023-08-11,PC_ANTIHYPERTENSIVE,primary care,Midwest,278.5,281.8333333333333,True,1,0.29742655890518366,0.3033716739259072,0.005945115020723535
1268222167,1849328657,psm,EVT-0013,2023-08-11,PC_ANTIHYPERTENSIVE,primary care,Midwest,251.83333333333334,254.66666666666666,True,1,0.25239170966032043,0.2569558872511743,0.004564177590853868
1271768685,1488515010,psm,EVT-0013,2023-08-11,PC_ANTIHYPERTENSIVE,primary care,Midwest,260.6666666666667,264.5,True,1,0.26679783357831727,0.27320985062094066,0.006412017042623397
1300654963,1473494189,psm,EVT-0013,2023-08-11,PC_ANTIHYPERTENSIVE,primary care,Northeast,166.16666666666666,162.0,True,1,0.13130260110061265,0.1306772917623384,0.0006253093382742603
1311764207,1297280590,psm,EVT-0013,2023-08-11,PC_ANTIHYPERTENSIVE,primary care,Midwest,295.5,283.0,True,1,0.3284271935215826,0.3054682419020912,0.022958951619491408
1385532449,1815807585,psm,EVT-0013,2023-08-11,PC_ANTIHYPERTENSIVE,primary care,Southeast,400.5,410.6666666666667,True,1,0.14341405790910297,0.1457834812826541,0.002369423373551116
1418997171,1714021262,psm,EVT-0013,2023-08-11,PC_ANTIHYPERTENSIVE,primary care,Northeast,410.8333333333333,409.3333333333333,True,1,0.17265534020896112,0.1723730338500933,0.00028230635886780653
1425340662,1812123887,psm,EVT-0013,2023-08-11,PC_ANTIHYPERTENSIVE,primary care,Southwest,336.3333333333333,337.5,True,1,0.03878434223600658,0.03881610552115835,3.1763285151767406e-05
1436505063,1548652282,psm,EVT-0013,2023-08-11,PC_ANTIHYPERTENSIVE,primary care,Midwest,372.6666666666667,378.3333333333333,True,1,0.4849020120671172,0.496920405652615,0.012018393585497833
1456207657,,psm,EVT-0013,2023-08-11,PC_ANTIHYPERTENSIVE,primary care,Midwest,425.8333333333333,,False,,,,
1456299035,1364720148,psm,EVT-0013,2023-08-11,PC_ANTIHYPERTENSIVE,primary care,Southeast,218.5,220.5,True,1,0.10620058555372747,0.10655882995487281,0.0003582444011453467
1481247389,1080672524,psm,EVT-0013,2023-08-11,PC_ANTIHYPERTENSIVE,primary care,Southeast,339.3333333333333,334.3333333333333,True,1,0.12982896636769714,0.12876832383278342,0.001060642534913725
1567742360,1036327983,psm,EVT-0013,2023-08-11,PC_ANTIHYPERTENSIVE,primary care,West,131.83333333333334,135.5,True,1,0.035831717359928385,0.03441435087809081,0.001417366481837573
1610820601,1135650855,psm,EVT-0013,2023-08-11,PC_ANTIHYPERTENSIVE,primary care,Midwest,258.5,267.5,True,1,0.2632162850124743,0.2782945024096163,0.01507821739714199
1639269087,1747032997,psm,EVT-0013,2023-08-11,PC_ANTIHYPERTENSIVE,primary care,Northeast,184.83333333333334,183.16666666666666,True,1,0.13413522703441672,0.13388022913291153,0.00025499790150518287
1689916181,1665478461,psm,EVT-0013,2023-08-11,PC_ANTIHYPERTENSIVE,primary care,Northeast,366.3333333333333,382.0,True,1,0.1644350537136432,0.16729264667368923,0.002857592960046035
1707435529,1808826295,psm,EVT-0013,2023-08-11,PC_ANTIHYPERTENSIVE,primary care,Southeast,308.0,307.1666666666667,True,1,0.12330355090593233,0.12313391231402168,0.00016963859191064523
1776723276,,psm,EVT-0013,2023-08-11,PC_ANTIHYPERTENSIVE,primary care,Midwest,362.3333333333333,,False,,,,
1803233885,1512866082,psm,EVT-0013,2023-08-11,PC_ANTIHYPERTENSIVE,primary care,Southeast,236.5,236.16666666666666,True,1,0.10946326872292593,0.10940205758763479,6.121113529114486e-05
1812815243,,psm,EVT-0013,2023-08-11,PC_ANTIHYPERTENSIVE,primary care,Midwest,475.3333333333333,,False,,,,
1123148250,1631526641,psm,EVT-0014,2023-09-01,CARD_HF_ARNI,cardiology,Southwest,203.16666666666666,204.66666666666666,True,1,0.1033191049830671,0.10375119602531381,0.0004320910422467156
1138208594,1120914548,psm,EVT-0014,2023-09-01,CARD_HF_ARNI,cardiology,West,271.8333333333333,272.5,True,1,0.17319439263352188,0.17454628779316467,0.0013518951596427908
1167711153,1015191335,psm,EVT-0014,2023-09-01,CARD_HF_ARNI,cardiology,Northeast,209.0,205.33333333333334,True,1,0.1861786856204233,0.1858143785541306,0.0003643070662927017
1169238601,1656483868,psm,EVT-0014,2023-09-01,CARD_HF_ARNI,cardiology,Midwest,236.33333333333334,231.33333333333334,True,1,0.1347353044040405,0.13012198766296573,0.004613316741074763
1265952337,1541379537,psm,EVT-0014,2023-09-01,CARD_HF_ARNI,cardiology,Northeast,394.6666666666667,415.0,True,1,0.2053491149005962,0.2075351009219594,0.00218598602136319
1299418347,1848800052,psm,EVT-0014,2023-09-01,CARD_HF_ARNI,cardiology,Northeast,301.8333333333333,292.1666666666667,True,1,0.19558619470008168,0.19459005483910474,0.0009961398609769356
1376656900,1234567687,psm,EVT-0014,2023-09-01,CARD_HF_ARNI,cardiology,Southwest,240.5,246.83333333333334,True,1,0.11455750247390581,0.1165664495747157,0.0020089471008098853
1475115246,,psm,EVT-0014,2023-09-01,CARD_HF_ARNI,cardiology,Southeast,506.0,,False,,,,
1551962891,1057623450,psm,EVT-0014,2023-09-01,CARD_HF_ARNI,cardiology,Midwest,85.5,84.0,True,1,0.044313742072407215,0.04380633498274525,0.0005074070896619667
1599978586,1131525051,psm,EVT-0014,2023-09-01,CARD_HF_ARNI,cardiology,West,270.8333333333333,270.8333333333333,True,1,0.17118208983760963,0.17118208983760963,0.0
1670701188,,psm,EVT-0014,2023-09-01,CARD_HF_ARNI,cardiology,Southeast,385.1666666666667,,False,,,,
1722038985,1371759725,psm,EVT-0014,2023-09-01,CARD_HF_ARNI,cardiology,West,189.5,187.83333333333334,True,1,0.061484856381372605,0.06014103158223652,0.001343824799136084
1722898792,1923786978,psm,EVT-0014,2023-09-01,CARD_HF_ARNI,cardiology,Southeast,284.1666666666667,277.3333333333333,True,1,0.19066261651162564,0.15441071159529285,0.03625190491633279
1787619711,,psm,EVT-0014,2023-09-01,CARD_HF_ARNI,cardiology,Midwest,423.8333333333333,,False,,,,
1897723296,1464805419,psm,EVT-0014,2023-09-01,CARD_HF_ARNI,cardiology,Northeast,109.83333333333333,88.5,True,1,0.1765190748021858,0.17449326029698822,0.002025814505197565
1934829601,1409960642,psm,EVT-0014,2023-09-01,CARD_HF_ARNI,cardiology,Midwest,280.1666666666667,246.16666666666666,True,1,0.18128320365094905,0.14421087959405876,0.03707232405689029
1048976678,,psm,EVT-0015,2023-09-02,PC_ANTIHYPERTENSIVE,primary care,Southeast,334.8333333333333,,False,,,,
1084919582,1363342464,psm,EVT-0015,2023-09-02,PC_ANTIHYPERTENSIVE,primary care,Southeast,341.1666666666667,377.6666666666667,True,1,0.3847717821704676,0.42331685849732664,0.03854507632685905
1124890801,1316743925,psm,EVT-0015,2023-09-02,PC_ANTIHYPERTENSIVE,primary care,Northeast,509.6666666666667,494.5,True,1,0.36695956293714616,0.3543617547050903,0.012597808232055863
1133130363,1058325303,psm,EVT-0015,2023-09-02,PC_ANTIHYPERTENSIVE,primary care,Northeast,297.3333333333333,282.6666666666667,True,1,0.21244995592627625,0.20374381048252935,0.008706145443746899
1144669185,,psm,EVT-0015,2023-09-02,PC_ANTIHYPERTENSIVE,primary care,Northeast,609.0,,False,,,,
1166368237,1689059347,psm,EVT-0015,2023-09-02,PC_ANTIHYPERTENSIVE,primary care,Southwest,207.66666666666666,207.83333333333334,True,1,0.16957236861226588,0.16953222888796385,4.013972430202961e-05
1169614082,1381937048,psm,EVT-0015,2023-09-02,PC_ANTIHYPERTENSIVE,primary care,Midwest,189.33333333333334,197.33333333333334,True,1,0.19786154167559622,0.20591966547914914,0.008058123803552919
1170846871,1892083019,psm,EVT-0015,2023-09-02,PC_ANTIHYPERTENSIVE,primary care,Southeast,306.8333333333333,309.1666666666667,True,1,0.3497800996755086,0.3521124169265206,0.002332317251012017
1200480071,1762971749,psm,EVT-0015,2023-09-02,PC_ANTIHYPERTENSIVE,primary care,Northeast,219.5,236.16666666666666,True,1,0.16929702265504085,0.17790951561648585,0.008612492961445006
1241711534,1295857761,psm,EVT-0015,2023-09-02,PC_ANTIHYPERTENSIVE,primary care,Southeast,146.83333333333334,147.33333333333334,True,1,0.21046496920197055,0.21082979690145695,0.0003648276994863975
1287287258,,psm,EVT-0015,2023-09-02,PC_ANTIHYPERTENSIVE,primary care,Midwest,319.8333333333333,,False,,,,
1335670091,1849328657,psm,EVT-0015,2023-09-02,PC_ANTIHYPERTENSIVE,primary care,Midwest,246.66666666666666,248.16666666666666,True,1,0.2609047642939434,0.26271717883018086,0.0018124145362374833
1385532449,1815807585,psm,EVT-0015,2023-09-02,PC_ANTIHYPERTENSIVE,primary care,Southeast,426.1666666666667,426.6666666666667,True,1,0.475933072253542,0.4764803605595518,0.0005472883060098077
1397955463,1080672524,psm,EVT-0015,2023-09-02,PC_ANTIHYPERTENSIVE,primary care,Southeast,355.5,349.5,True,1,0.39976491232706346,0.39346407315533677,0.006300839171726691
1413519731,1812123887,psm,EVT-0015,2023-09-02,PC_ANTIHYPERTENSIVE,primary care,Southwest,349.3333333333333,346.8333333333333,True,1,0.13812224148193825,0.1386320779143252,0.0005098364323869453
1423152481,1838439200,psm,EVT-0015,2023-09-02,PC_ANTIHYPERTENSIVE,primary care,Southeast,417.5,453.8333333333333,True,1,0.46645705428503903,0.506266152568852,0.03980909828381296
1425340662,1769352273,psm,EVT-0015,2023-09-02,PC_ANTIHYPERTENSIVE,primary care,Southwest,350.8333333333333,342.6666666666667,True,1,0.13781709600121833,0.13948531346748472,0.0016682174662663862
1456299035,1174238463,psm,EVT-0015,2023-09-02,PC_ANTIHYPERTENSIVE,primary care,Southeast,222.66666666666666,223.16666666666666,True,1,0.2710405210060181,0.2714742479844672,0.00043372697844906716
1481247389,,psm,EVT-0015,2023-09-02,PC_ANTIHYPERTENSIVE,primary care,Southeast,333.1666666666667,,False,,,,
1489598965,1180932224,psm,EVT-0015,2023-09-02,PC_ANTIHYPERTENSIVE,primary care,Southeast,415.6666666666667,396.0,True,1,0.4644553785459105,0.44306776264526365,0.02138761590064686
1523681389,1275443434,psm,EVT-0015,2023-09-02,PC_ANTIHYPERTENSIVE,primary care,Midwest,222.5,222.0,True,1,0.2328373011740439,0.2322793973625575,0.0005579038114863766
1526669415,1769234364,psm,EVT-0015,2023-09-02,PC_ANTIHYPERTENSIVE,primary care,Southwest,216.16666666666666,220.0,True,1,0.16753487388534827,0.16662242132527993,0.0009124525600683331
1567742360,1534502129,psm,EVT-0015,2023-09-02,PC_ANTIHYPERTENSIVE,primary care,West,140.5,140.83333333333334,True,1,0.04000938328122148,0.0400498767896395,4.0493508418018576e-05
1613561947,1181854898,psm,EVT-0015,2023-09-02,PC_ANTIHYPERTENSIVE,primary care,Southeast,279.6666666666667,288.5,True,1,0.32317475257975453,0.3317108943848368,0.008536141805082276
1639269087,1102089657,psm,EVT-0015,2023-09-02,PC_ANTIHYPERTENSIVE,primary care,Northeast,191.0,175.0,True,1,0.1553436908550359,0.1479298967367251,0.007413794118310807
1644815767,1159833825,psm,EVT-0015,2023-09-02,PC_ANTIHYPERTENSIVE,primary care,West,351.3333333333333,368.1666666666667,True,1,0.07506981864592158,0.07884937006644897,0.0037795514205273967
1747032997,1099946885,psm,EVT-0015,2023-09-02,PC_ANTIHYPERTENSIVE,primary care,Northeast,187.66666666666666,188.33333333333334,True,1,0.15377455188318725,0.15408733860924362,0.00031278672605636326
1747637738,1429255973,psm,EVT-0015,2023-09-02,PC_ANTIHYPERTENSIVE,primary care,Midwest,116.33333333333333,104.16666666666667,True,1,0.13515797217422343,0.12651087387435614,0.00864709829986729
1808826295,1732527431,psm,EVT-0015,2023-09-02,PC_ANTIHYPERTENSIVE,primary care,Southeast,320.3333333333333,293.6666666666667,True,1,0.3633705530091843,0.33675596086919585,0.026614592139988458
1832506087,,psm,EVT-0015,2023-09-02,PC_ANTIHYPERTENSIVE,primary care,Midwest,572.3333333333334,,False,,,,
1848624494,1297280590,psm,EVT-0015,2023-09-02,PC_ANTIHYPERTENSIVE,primary care,Midwest,281.0,293.1666666666667,True,1,0.3043596592872117,0.32069975567535997,0.016340096388148262
1922670785,1997693654,psm,EVT-0015,2023-09-02,PC_ANTIHYPERTENSIVE,primary care,Southeast,275.5,273.3333333333333,True,1,0.31918836452600385,0.31712579947437586,0.002062565051627996
1927430854,1635581279,psm,EVT-0015,2023-09-02,PC_ANTIHYPERTENSIVE,primary care,Southeast,515.6666666666666,508.6666666666667,True,1,0.5735636201649716,0.5660340026619297,0.00752961750304193
1955620046,1523498065,psm,EVT-0015,2023-09-02,PC_ANTIHYPERTENSIVE,primary care,Southeast,277.1666666666667,262.5,True,1,0.3207797899565343,0.30692146318241303,0.013858326774121243
1018018261,1665478461,psm,EVT-0016,2023-09-02,PC_ANTIHYPERTENSIVE,primary care,Northeast,359.5,365.3333333333333,True,1,0.21663666992018774,0.22480881314307322,0.00817214322288548
1084471394,1546151204,psm,EVT-0016,2023-09-02,PC_ANTIHYPERTENSIVE,primary care,Northeast,243.83333333333334,244.5,True,1,0.09730433540849072,0.09778236150077488,0.00047802609228415893
1094274762,1479078465,psm,EVT-0016,2023-09-02,PC_ANTIHYPERTENSIVE,primary care,West,200.5,181.66666666666666,True,1,0.19233273961893094,0.18814639160166718,0.004186348017263752
1101185407,,psm,EVT-0016,2023-09-02,PC_ANTIHYPERTENSIVE,primary care,Midwest,522.5,,False,,,,
1145899849,1721479586,psm,EVT-0016,2023-09-02,PC_ANTIHYPERTENSIVE,primary care,West,344.1666666666667,322.3333333333333,True,1,0.22659950458731135,0.22112571462348055,0.0054737899638308
1180932224,1363342464,psm,EVT-0016,2023-09-02,PC_ANTIHYPERTENSIVE,primary care,Southeast,396.0,377.6666666666667,True,1,0.1829096091188999,0.1707865884868625,0.012123020632037379
1189769080,1251202242,psm,EVT-0016,2023-09-02,PC_ANTIHYPERTENSIVE,primary care,Northeast,318.3333333333333,316.8333333333333,True,1,0.16510841835331772,0.16343103862226394,0.0016773797310537797
1191545544,1297280590,psm,EVT-0016,2023-09-02,PC_ANTIHYPERTENSIVE,primary care,Midwest,291.6666666666667,293.1666666666667,True,1,0.1904475254450016,0.1925548857030472,0.0021073602580456152
1216575070,1548652282,psm,EVT-0016,2023-09-02,PC_ANTIHYPERTENSIVE,primary care,Midwest,399.3333333333333,384.1666666666667,True,1,0.3845844588322496,0.35257100643518874,0.03201345239706088
1271463741,1939052563,psm,EVT-0016,2023-09-02,PC_ANTIHYPERTENSIVE,primary care,West,149.0,154.66666666666666,True,1,0.1810518130213622,0.18226739370878778,0.0012155806874255826
1315385710,,psm,EVT-0016,2023-09-02,PC_ANTIHYPERTENSIVE,primary care,Northeast,707.1666666666666,,False,,,,
1335670091,1849328657,psm,EVT-0016,2023-09-02,PC_ANTIHYPERTENSIVE,primary care,Midwest,246.66666666666666,248.16666666666666,True,1,0.13523588024247082,0.13683557052862969,0.0015996902861588613
1423152481,1489598965,psm,EVT-0016,2023-09-02,PC_ANTIHYPERTENSIVE,primary care,Southeast,417.5,415.6666666666667,True,1,0.19796477812201543,0.19664542994029283,0.0013193481817226071
1456299035,1174238463,psm,EVT-0016,2023-09-02,PC_ANTIHYPERTENSIVE,primary care,Southeast,222.66666666666666,223.16666666666666,True,1,0.09242572269967612,0.09261647846614063,0.00019075576646450376
1523498065,1997693654,psm,EVT-0016,2023-09-02,PC_ANTIHYPERTENSIVE,primary care,Southeast,262.5,273.3333333333333,True,1,0.10876963968816862,0.11363423085010738,0.0048645911619387555
1557944620,1812123887,psm,EVT-0016,2023-09-02,PC_ANTIHYPERTENSIVE,primary care,Southwest,367.5,346.8333333333333,True,1,0.039985211437182734,0.03881889537092072,0.0011663160662620173
1567742360,1534502129,psm,EVT-0016,2023-09-02,PC_ANTIHYPERTENSIVE,primary care,West,140.5,140.83333333333334,True,1,0.1792402966900415,0.179311068864732,7.077217469050878e-05
1592123891,,psm,EVT-0016,2023-09-02,PC_ANTIHYPERTENSIVE,primary care,Northeast,552.5,,False,,,,
1644815767,1159833825,psm,EVT-0016,2023-09-02,PC_ANTIHYPERTENSIVE,primary care,West,351.3333333333333,368.1666666666667,True,1,0.2284169923142059,0.23272621840896957,0.0043092260947636685
1686880901,1138281740,psm,EVT-0016,2023-09-02,PC_ANTIHYPERTENSIVE,primary care,West,206.0,203.83333333333334,True,1,0.19356861012837026,0.19308103298432058,0.0004875771440496779
1752727945,1233281843,psm,EVT-0016,2023-09-02,PC_ANTIHYPERTENSIVE,primary care,West,174.33333333333334,176.5,True,1,0.18653535541308794,0.18701023394772756,0.00047487853463962226
1815807585,1838439200,psm,EVT-0016,2023-09-02,PC_ANTIHYPERTENSIVE,primary care,Southeast,426.6666666666667,453.8333333333333,True,1,0.20466143474123843,0.22548773810509623,0.020826303363857795
1824172013,1848624494,psm,EVT-0016,2023-09-02,PC_ANTIHYPERTENSIVE,primary care,Midwest,285.0,281.0,True,1,0.18129497837364983,0.17596983456135246,0.005325143812297373
1844747141,1223523766,psm,EVT-0016,2023-09-02,PC_ANTIHYPERTENSIVE,primary care,West,209.5,216.5,True,1,0.1943582103034857,0.19594473628566358,0.001586525982177872
1009179924,1069143851,psm,EVT-0017,2023-09-09,METABOLIC_GLP1_INJ,cardiology,West,163.5,164.0,True,1,0.4713715735682407,0.47448712868032633,0.0031155551120856106
1044303869,,psm,EVT-0017,2023-09-09,METABOLIC_GLP1_INJ,oncology,Northeast,249.66666666666666,,False,,,,
1048976678,1200096471,psm,EVT-0017,2023-09-09,METABOLIC_GLP1_INJ,primary care,Southeast,90.83333333333333,91.33333333333333,True,1,0.09407591404469547,0.09362696664372423,0.00044894740097123353
1107038659,1400951004,psm,EVT-0017,2023-09-09,METABOLIC_GLP1_INJ,endocrinology,Northeast,125.66666666666667,120.33333333333333,True,1,0.04888300573204253,0.049818269021107725,0.0009352632890651941
1117854327,1703230064,psm,EVT-0017,2023-09-09,METABOLIC_GLP1_INJ,neurology,West,43.5,44.5,True,1,0.03884675461565404,0.03788892208195069,0.0009578325337033511
1123148250,,psm,EVT-0017,2023-09-09,METABOLIC_GLP1_INJ,cardiology,Southwest,266.1666666666667,,False,,,,
1138208594,,psm,EVT-0017,2023-09-09,METABOLIC_GLP1_INJ,cardiology,West,213.33333333333334,,False,,,,
1138281740,1937514325,psm,EVT-0017,2023-09-09,METABOLIC_GLP1_INJ,primary care,West,176.66666666666666,177.83333333333334,True,1,0.1050909104973461,0.10548439572736354,0.00039348523001743463
1198262952,1417682113,psm,EVT-0017,2023-09-09,METABOLIC_GLP1_INJ,pulmonology,Northeast,79.0,80.0,True,1,0.07999442929109203,0.07946444956117348,0.000529979729918556
1251567115,1529045985,psm,EVT-0017,2023-09-09,METABOLIC_GLP1_INJ,primary care,Midwest,144.5,145.33333333333334,True,1,0.06742700079360996,0.06896283878189419,0.0015358379882842305
1271463741,1223523766,psm,EVT-0017,2023-09-09,METABOLIC_GLP1_INJ,primary care,West,110.33333333333333,111.66666666666667,True,1,0.08475782986547875,0.08512888352928365,0.00037105366380489613
1299418347,1848800052,psm,EVT-0017,2023-09-09,METABOLIC_GLP1_INJ,cardiology,Northeast,131.5,134.5,True,1,0.09813420100867168,0.09353653454385137,0.0045976664648203075
1341556789,1361620622,psm,EVT-0017,2023-09-09,METABOLIC_GLP1_INJ,cardiology,West,230.33333333333334,222.33333333333334,True,1,0.8257854047648987,0.7951193651571364,0.030666039607762263
1364458855,1508064668,psm,EVT-0017,2023-09-09,METABOLIC_GLP1_INJ,endocrinology,Southeast,107.5,108.5,True,1,0.04221847407723918,0.04211005235613766,0.00010842172110151621
1375349903,1249126917,psm,EVT-0017,2023-09-09,METABOLIC_GLP1_INJ,endocrinology,West,177.66666666666666,172.66666666666666,True,1,0.09927260355889453,0.0984140209106659,0.0008585826482286341
1386514024,1383406257,psm,EVT-0017,2023-09-09,METABOLIC_GLP1_INJ,cardiology,West,88.16666666666667,87.16666666666667,True,1,0.11943341143243277,0.11682932532013919,0.0026040861122935827
1409867656,1980975555,psm,EVT-0017,2023-09-09,METABOLIC_GLP1_INJ,neurology,Northeast,64.66666666666667,66.66666666666667,True,1,0.10750742840083255,0.10532339909923781,0.0021840293015947393
1435662964,1875708707,psm,EVT-0017,2023-09-09,METABOLIC_GLP1_INJ,endocrinology,West,66.0,67.66666666666667,True,1,0.08161478506088957,0.08185593839796901,0.00024115333707944164
1443520683,1057623450,psm,EVT-0017,2023-09-09,METABOLIC_GLP1_INJ,cardiology,Midwest,112.83333333333333,114.33333333333333,True,1,0.15593440123797964,0.15923859005229973,0.003304188814320097
1478412079,1279255164,psm,EVT-0017,2023-09-09,METABOLIC_GLP1_INJ,cardiology,Midwest,137.5,142.0,True,1,0.2176380759746942,0.23062022375294455,0.012982147778250352
1486849361,1306006622,psm,EVT-0017,2023-09-09,METABOLIC_GLP1_INJ,cardiology,West,85.33333333333333,84.83333333333333,True,1,0.11218305156325063,0.11094420718502811,0.0012388443782225256
1492077734,1721743411,psm,EVT-0017,2023-09-09,METABOLIC_GLP1_INJ,cardiology,Midwest,148.83333333333334,156.66666666666666,True,1,0.25135055636299386,0.2765902970886772,0.025239740725683357
1520551320,1524065749,psm,EVT-0017,2023-09-09,METABOLIC_GLP1_INJ,rheumatology,Northeast,96.66666666666667,96.0,True,1,0.0769001057888569,0.07756060819928493,0.0006605024104280183
1567993435,1914644640,psm,EVT-0017,2023-09-09,METABOLIC_GLP1_INJ,neurology,Northeast,101.33333333333333,100.33333333333333,True,1,0.07326757690089054,0.07405118130896947,0.0007836044080789251
1598661571,1352702876,psm,EVT-0017,2023-09-09,METABOLIC_GLP1_INJ,rheumatology,Northeast,77.66666666666667,77.5,True,1,0.09787283691886618,0.09807760869753242,0.00020477177866623508
1631526641,1830884742,psm,EVT-0017,2023-09-09,METABOLIC_GLP1_INJ,cardiology,Southwest,186.16666666666666,199.5,True,1,0.2271452515636636,0.25659291495573266,0.029447663392069057
1648626962,1976707814,psm,EVT-0017,2023-09-09,METABOLIC_GLP1_INJ,pulmonology,Southwest,61.166666666666664,56.333333333333336,True,1,0.17535648437026763,0.19696231457006494,0.02160583019979731
1655321622,1779918477,psm,EVT-0017,2023-09-09,METABOLIC_GLP1_INJ,cardiology,Northeast,83.5,80.33333333333333,True,1,0.20277686478452286,0.21198337788092045,0.009206513096397584
1657725655,1120914548,psm,EVT-0017,2023-09-09,METABOLIC_GLP1_INJ,cardiology,West,117.33333333333333,119.16666666666667,True,1,0.21947916752158966,0.2274309323115005,0.007951764789910831
1683943777,,psm,EVT-0017,2023-09-09,METABOLIC_GLP1_INJ,cardiology,West,209.0,,False,,,,
1686880901,1643297637,psm,EVT-0017,2023-09-09,METABOLIC_GLP1_INJ,primary care,West,75.16666666666667,73.5,True,1,0.075487582693962,0.07507219061264457,0.00041539208131742555
1707435529,1080672524,psm,EVT-0017,2023-09-09,METABOLIC_GLP1_INJ,primary care,Southeast,106.33333333333333,105.33333333333333,True,1,0.08102478597009033,0.08181442553361583,0.0007896395635254988
1719186219,1088938448,psm,EVT-0017,2023-09-09,METABOLIC_GLP1_INJ,oncology,West,119.5,109.0,True,1,0.07597421975831364,0.056726927685396056,0.019247292072917588
1722038985,,psm,EVT-0017,2023-09-09,METABOLIC_GLP1_INJ,cardiology,West,206.33333333333334,,False,,,,
1724092733,1624547729,psm,EVT-0017,2023-09-09,METABOLIC_GLP1_INJ,cardiology,Northeast,52.333333333333336,42.0,True,1,0.30625163904597996,0.34639815098616855,0.04014651194018859
1732914373,1300832031,psm,EVT-0017,2023-09-09,METABOLIC_GLP1_INJ,cardiology,West,164.66666666666666,158.5,True,1,0.4786442522068436,0.44037800601048094,0.03826624619636265
1760628762,1750236147,psm,EVT-0017,2023-09-09,METABOLIC_GLP1_INJ,cardiology,Southwest,140.16666666666666,150.33333333333334,True,1,0.14441631238905997,0.16023064048863533,0.015814328099575364
1762664088,1977228745,psm,EVT-0017,2023-09-09,METABOLIC_GLP1_INJ,cardiology,Midwest,101.16666666666667,101.16666666666667,True,1,0.13211485097406003,0.13211485097406003,0.0
1806103952,1185877283,psm,EVT-0017,2023-09-09,METABOLIC_GLP1_INJ,cardiology,West,180.33333333333334,186.0,True,1,0.5759469963031211,0.6101187417912887,0.03417174548816759
1824172013,,psm,EVT-0017,2023-09-09,METABOLIC_GLP1_INJ,primary care,Midwest,528.6666666666666,,False,,,,
1841791217,1765233105,psm,EVT-0017,2023-09-09,METABOLIC_GLP1_INJ,neurology,Midwest,121.5,127.33333333333333,True,1,0.09185608781073752,0.09622554807514308,0.004369460264405559
1862986803,,psm,EVT-0017,2023-09-09,METABOLIC_GLP1_INJ,primary care,Midwest,257.0,,False,,,,
1898803444,1295389203,psm,EVT-0017,2023-09-09,METABOLIC_GLP1_INJ,endocrinology,West,152.16666666666666,141.83333333333334,True,1,0.09496265639355184,0.09326432518021598,0.0016983312133358602
1934829601,1742318383,psm,EVT-0017,2023-09-09,METABOLIC_GLP1_INJ,cardiology,Midwest,130.66666666666666,130.16666666666666,True,1,0.19894931422910947,0.1976303612335036,0.0013189529956058599
1050705288,,psm,EVT-0018,2023-09-11,ENDO_BASAL_INSULIN,endocrinology,Southeast,623.0,,False,,,,
1065091666,1827318308,psm,EVT-0018,2023-09-11,ENDO_BASAL_INSULIN,endocrinology,West,189.5,192.16666666666666,True,1,0.0661207398649896,0.06658889819610733,0.00046815833111772676
1076376403,,psm,EVT-0018,2023-09-11,ENDO_BASAL_INSULIN,endocrinology,Northeast,470.0,,False,,,,
1136500869,1541422121,psm,EVT-0018,2023-09-11,ENDO_BASAL_INSULIN,endocrinology,Southeast,247.16666666666666,238.0,True,1,0.1544117554130986,0.14708979513677525,0.0073219602763233416
1137408567,1657025858,psm,EVT-0018,2023-09-11,ENDO_BASAL_INSULIN,endocrinology,Northeast,414.1666666666667,411.5,True,1,0.33396782697398675,0.3269134116505403,0.007054415323446472
1257723886,,psm,EVT-0018,2023-09-11,ENDO_BASAL_INSULIN,endocrinology,Southwest,441.8333333333333,,False,,,,
1330156328,1999506508,psm,EVT-0018,2023-09-11,ENDO_BASAL_INSULIN,endocrinology,Southwest,199.16666666666666,200.83333333333334,True,1,0.08557993405298395,0.08644434368519222,0.0008644096322082684
1361521440,1713444978,psm,EVT-0018,2023-09-11,ENDO_BASAL_INSULIN,endocrinology,Midwest,270.0,271.0,True,1,0.07801514669867761,0.07773757966203144,0.00027756703664616467
1364458855,1890077344,psm,EVT-0018,2023-09-11,ENDO_BASAL_INSULIN,endocrinology,Southeast,275.5,286.0,True,1,0.1789311501596841,0.18876048163822656,0.009829331478542452
1497642888,1708639657,psm,EVT-0018,2023-09-11,ENDO_BASAL_INSULIN,endocrinology,Northeast,199.83333333333334,187.16666666666666,True,1,0.03721649683654665,0.032154136217811914,0.005062360618734739
1666389063,1225504491,psm,EVT-0018,2023-09-11,ENDO_BASAL_INSULIN,endocrinology,Midwest,113.83333333333333,122.5,True,1,0.1340042740041773,0.13016430551367172,0.0038399684905055798
1706645516,1971977354,psm,EVT-0018,2023-09-11,ENDO_BASAL_INSULIN,endocrinology,Southeast,170.33333333333334,176.0,True,1,0.10157367455433439,0.10484634059958839,0.0032726660452540024
1738903891,,psm,EVT-0018,2023-09-11,ENDO_BASAL_INSULIN,endocrinology,Southeast,407.0,,False,,,,
1993463169,1583696442,psm,EVT-0018,2023-09-11,ENDO_BASAL_INSULIN,endocrinology,West,214.66666666666666,227.66666666666666,True,1,0.07066315062253203,0.07312099817927847,0.0024578475567464397
1002145427,1714021262,psm,EVT-0019,2023-09-11,PC_ANTIHYPERTENSIVE,primary care,Northeast,412.8333333333333,400.3333333333333,True,1,0.6439778606356,0.6268512960591582,0.017126564576441794
1018018261,1665478461,psm,EVT-0019,2023-09-11,PC_ANTIHYPERTENSIVE,primary care,Northeast,359.5,365.3333333333333,True,1,0.5688591328375392,0.5773008578516241,0.008441725014084911
1048976678,1080672524,psm,EVT-0019,2023-09-11,PC_ANTIHYPERTENSIVE,primary care,Southeast,334.8333333333333,349.5,True,1,0.15510190588604367,0.16168162184533008,0.006579715959286414
1101185407,,psm,EVT-0019,2023-09-11,PC_ANTIHYPERTENSIVE,primary care,Midwest,522.5,,False,,,,
1102089657,1060922949,psm,EVT-0019,2023-09-11,PC_ANTIHYPERTENSIVE,primary care,Northeast,175.0,140.0,True,1,0.3070083344001125,0.264799066424636,0.04220926797547647
1124890801,1209566128,psm,EVT-0019,2023-09-11,PC_ANTIHYPERTENSIVE,primary care,Northeast,509.6666666666667,471.0,True,1,0.7623221317148607,0.7184396069849318,0.04388252472992893
1133130363,1058325303,psm,EVT-0019,2023-09-11,PC_ANTIHYPERTENSIVE,primary care,Northeast,297.3333333333333,282.6666666666667,True,1,0.47738399139204185,0.45579546085101436,0.021588530541027495
1144669185,,psm,EVT-0019,2023-09-11,PC_ANTIHYPERTENSIVE,primary care,Northeast,609.0,,False,,,,
1189769080,1251202242,psm,EVT-0019,2023-09-11,PC_ANTIHYPERTENSIVE,primary care,Northeast,318.3333333333333,316.8333333333333,True,1,0.5084221718579064,0.5062044772122982,0.0022176946456081703
1200480071,1762971749,psm,EVT-0019,2023-09-11,PC_ANTIHYPERTENSIVE,primary care,Northeast,219.5,236.16666666666666,True,1,0.3656510113601294,0.38880587532488614,0.023154863964756744
1213511599,,psm,EVT-0019,2023-09-11,PC_ANTIHYPERTENSIVE,primary care,Northeast,574.1666666666666,,False,,,,
1227780172,,psm,EVT-0019,2023-09-11,PC_ANTIHYPERTENSIVE,primary care,Southwest,818.8333333333334,,False,,,,
1251567115,1451968915,psm,EVT-0019,2023-09-11,PC_ANTIHYPERTENSIVE,primary care,Midwest,214.33333333333334,210.5,True,1,0.0831599084010781,0.07941959460559643,0.0037403137954816756
1264333323,1316743925,psm,EVT-0019,2023-09-11,PC_ANTIHYPERTENSIVE,primary care,Northeast,491.3333333333333,494.5,True,1,0.7421185357575065,0.7456870060138272,0.003568470256320677
1271768685,1356982086,psm,EVT-0019,2023-09-11,PC_ANTIHYPERTENSIVE,primary care,Midwest,273.1666666666667,266.8333333333333,True,1,0.16364251124914006,0.15262857129852955,0.011013939950610507
1280087226,,psm,EVT-0019,2023-09-11,PC_ANTIHYPERTENSIVE,primary care,Northeast,755.3333333333334,,False,,,,
1300654963,1473494189,psm,EVT-0019,2023-09-11,PC_ANTIHYPERTENSIVE,primary care,Northeast,170.83333333333334,162.66666666666666,True,1,0.30178980267093025,0.2917094088282191,0.010080393842711144
1413519731,1812123887,psm,EVT-0019,2023-09-11,PC_ANTIHYPERTENSIVE,primary care,Southwest,349.3333333333333,346.8333333333333,True,1,0.21201262737590754,0.21025745563673623,0.0017551717391713073
1418997171,,psm,EVT-0019,2023-09-11,PC_ANTIHYPERTENSIVE,primary care,Northeast,427.0,,False,,,,
1425340662,1769352273,psm,EVT-0019,2023-09-11,PC_ANTIHYPERTENSIVE,primary care,Southwest,350.8333333333333,342.6666666666667,True,1,0.2130708595341316,0.20735591423577138,0.0057149452983602245
1484724632,1767508967,psm,EVT-0019,2023-09-11,PC_ANTIHYPERTENSIVE,primary care,Northeast,344.8333333333333,339.8333333333333,True,1,0.5474673115432918,0.540130274824049,0.0073370367192427954
1546151204,1261377760,psm,EVT-0019,2023-09-11,PC_ANTIHYPERTENSIVE,primary care,Northeast,244.5,251.0,True,1,0.40058175591106193,0.409848094185298,0.009266338274236063
1552813903,,psm,EVT-0019,2023-09-11,PC_ANTIHYPERTENSIVE,primary care,Northeast,1349.3333333333333,,False,,,,
1592123891,,psm,EVT-0019,2023-09-11,PC_ANTIHYPERTENSIVE,primary care,Northeast,552.5,,False,,,,
1595301304,1352216182,psm,EVT-0019,2023-09-11,PC_ANTIHYPERTENSIVE,primary care,Southwest,357.5,322.0,True,1,0.21782064731772435,0.1934024154501146,0.024418231867609747
1621199177,1501344612,psm,EVT-0019,2023-09-11,PC_ANTIHYPERTENSIVE,primary care,Southeast,157.0,153.16666666666666,True,1,0.0916475668651524,0.09057912755402371,0.0010684393111286827
1639269087,1099946885,psm,EVT-0019,2023-09-11,PC_ANTIHYPERTENSIVE,primary care,Northeast,191.0,188.33333333333334,True,1,0.32750286759059105,0.32403829760790437,0.0034645699826866827
1644815767,1159833825,psm,EVT-0019,2023-09-11,PC_ANTIHYPERTENSIVE,primary care,West,351.3333333333333,368.1666666666667,True,1,0.05662268866474861,0.06459014904983959,0.007967460385090983
1689916181,1877046932,psm,EVT-0019,2023-09-11,PC_ANTIHYPERTENSIVE,primary care,Northeast,391.0,397.0,True,1,0.6138499464125918,0.6222278817488665,0.008377935336274622
1725623817,1806479196,psm,EVT-0019,2023-09-11,PC_ANTIHYPERTENSIVE,primary care,Southwest,474.6666666666667,425.0,True,1,0.3133442574803522,0.27014524997989264,0.043199007500459574
1808826295,1892083019,psm,EVT-0019,2023-09-11,PC_ANTIHYPERTENSIVE,primary care,Southeast,320.3333333333333,309.1666666666667,True,1,0.14881348759911706,0.14411528907131274,0.004698198527804315
1903798589,1046736322,psm,EVT-0019,2023-09-11,PC_ANTIHYPERTENSIVE,primary care,Southwest,259.1666666666667,231.5,True,1,0.15539390314408932,0.1406952036432816,0.01469869950080771
1927430854,1635581279,psm,EVT-0019,2023-09-11,PC_ANTIHYPERTENSIVE,primary care,Southeast,515.6666666666666,508.6666666666667,True,1,0.2522801954199701,0.24786185842959735,0.004418336990372751
1057676243,1804484495,psm,EVT-0020,2023-09-12,PC_ANTIHYPERTENSIVE,primary care,Southeast,164.5,167.5,True,1,0.14061521394079482,0.14082398270900548,0.00020876876821065982
1060922949,1134089733,psm,EVT-0020,2023-09-12,PC_ANTIHYPERTENSIVE,primary care,Northeast,140.0,137.5,True,1,0.31376964583686295,0.31577723644099176,0.002007590604128806
1101185407,,psm,EVT-0020,2023-09-12,PC_ANTIHYPERTENSIVE,primary care,Midwest,522.5,,False,,,,
1133130363,1251202242,psm,EVT-0020,2023-09-12,PC_ANTIHYPERTENSIVE,primary care,Northeast,297.3333333333333,316.8333333333333,True,1,0.20289124563943323,0.1914027121106898,0.011488533528743433
1181854898,1732527431,psm,EVT-0020,2023-09-12,PC_ANTIHYPERTENSIVE,primary care,Southeast,288.5,293.6666666666667,True,1,0.14946211284125288,0.14984050546592811,0.0003783926246752334
1251567115,1540759788,psm,EVT-0020,2023-09-12,PC_ANTIHYPERTENSIVE,primary care,Midwest,214.33333333333334,228.5,True,1,0.3174387650846422,0.3594231082823035,0.04198434319766131
1287287258,,psm,EVT-0020,2023-09-12,PC_ANTIHYPERTENSIVE,primary care,Midwest,319.8333333333333,,False,,,,
1296552940,1058325303,psm,EVT-0020,2023-09-12,PC_ANTIHYPERTENSIVE,primary care,Northeast,289.6666666666667,282.6666666666667,True,1,0.20754668306264965,0.21186574598197477,0.004319062919325128
1300654963,1473494189,psm,EVT-0020,2023-09-12,PC_ANTIHYPERTENSIVE,primary care,Northeast,170.83333333333334,162.66666666666666,True,1,0.28959544877914584,0.29589050904039016,0.006295060261244323
1321405205,1184426066,psm,EVT-0020,2023-09-12,PC_ANTIHYPERTENSIVE,primary care,West,161.66666666666666,158.5,True,1,0.06447699969524531,0.06304021679327419,0.0014367829019711204
1356982086,1135650855,psm,EVT-0020,2023-09-12,PC_ANTIHYPERTENSIVE,primary care,Midwest,266.8333333333333,265.8333333333333,True,1,0.4825123702658783,0.479204911856935,0.003307458408943309
1425340662,1812123887,psm,EVT-0020,2023-09-12,PC_ANTIHYPERTENSIVE,primary care,Southwest,350.8333333333333,346.8333333333333,True,1,0.08952466479891466,0.08924120356869532,0.00028346123021934233
1451968915,1181360912,psm,EVT-0020,2023-09-12,PC_ANTIHYPERTENSIVE,primary care,Midwest,210.5,205.0,True,1,0.3065376645105496,0.29126928167012006,0.015268382840429529
1456207657,,psm,EVT-0020,2023-09-12,PC_ANTIHYPERTENSIVE,primary care,Midwest,446.3333333333333,,False,,,,
1456299035,1174238463,psm,EVT-0020,2023-09-12,PC_ANTIHYPERTENSIVE,primary care,Southeast,222.66666666666666,223.16666666666666,True,1,0.14470937077441734,0.14474498960222362,3.5618827806283004e-05
1523681389,1275443434,psm,EVT-0020,2023-09-12,PC_ANTIHYPERTENSIVE,primary care,Midwest,222.5,222.0,True,1,0.34133184463455507,0.3398440308816656,0.0014878137528894775
1536278926,,psm,EVT-0020,2023-09-12,PC_ANTIHYPERTENSIVE,primary care,West,529.1666666666666,,False,,,,
1566888198,1381937048,psm,EVT-0020,2023-09-12,PC_ANTIHYPERTENSIVE,primary care,Midwest,198.5,197.33333333333334,True,1,0.2738158379204125,0.27075302344653185,0.0030628144738806262
1644815767,1159833825,psm,EVT-0020,2023-09-12,PC_ANTIHYPERTENSIVE,primary care,West,351.3333333333333,368.1666666666667,True,1,0.22563717625699276,0.2487744028748297,0.02313722661783693
1747032997,1099946885,psm,EVT-0020,2023-09-12,PC_ANTIHYPERTENSIVE,primary care,Northeast,187.66666666666666,188.33333333333334,True,1,0.27687384357800826,0.2763771734388042,0.0004966701392040695
1776723276,1548652282,psm,EVT-0020,2023-09-12,PC_ANTIHYPERTENSIVE,primary care,Midwest,379.0,384.1666666666667,True,1,0.8047342660846054,0.8152672016094759,0.010532935524870446
1815807585,1838439200,psm,EVT-0020,2023-09-12,PC_ANTIHYPERTENSIVE,primary care,Southeast,426.6666666666667,453.8333333333333,True,1,0.1598547285435682,0.16196567862950367,0.0021109500859354813
1832506087,,psm,EVT-0020,2023-09-12,PC_ANTIHYPERTENSIVE,primary care,Midwest,572.3333333333334,,False,,,,
1844747141,1223523766,psm,EVT-0020,2023-09-12,PC_ANTIHYPERTENSIVE,primary care,West,209.5,216.5,True,1,0.09019889886131047,0.09466156904424201,0.004462670182931547
1849328657,1488515010,psm,EVT-0020,2023-09-12,PC_ANTIHYPERTENSIVE,primary care,Midwest,248.16666666666666,258.3333333333333,True,1,0.42133406279369096,0.4544768879196062,0.033142825125915265
1924355757,1352216182,psm,EVT-0020,2023-09-12,PC_ANTIHYPERTENSIVE,primary care,Southwest,297.8333333333333,322.0,True,1,0.08583399111477051,0.08749943406262191,0.0016654429478513977
1009179924,1069143851,psm,EVT-0021,2023-09-13,METABOLIC_GLP1_INJ,cardiology,West,163.5,164.0,True,1,0.12001975431589613,0.12201282151333757,0.0019930671974414393
1169614082,1529045985,psm,EVT-0021,2023-09-13,METABOLIC_GLP1_INJ,primary care,Midwest,135.33333333333334,145.33333333333334,True,1,0.0683194696572949,0.0843473517244462,0.01602788206715129
1202669523,,psm,EVT-0021,2023-09-13,METABOLIC_GLP1_INJ,cardiology,Midwest,226.33333333333334,,False,,,,
1204261733,,psm,EVT-0021,2023-09-13,METABOLIC_GLP1_INJ,neurology,Southeast,195.16666666666666,,False,,,,
1243754490,1467704312,psm,EVT-0021,2023-09-13,METABOLIC_GLP1_INJ,neurology,Northeast,130.83333333333334,130.0,True,1,0.08406063600904776,0.08414839408025254,8.77580712047854e-05
1287287258,,psm,EVT-0021,2023-09-13,METABOLIC_GLP1_INJ,primary care,Midwest,305.1666666666667,,False,,,,
1341556789,,psm,EVT-0021,2023-09-13,METABOLIC_GLP1_INJ,cardiology,West,230.33333333333334,,False,,,,
1398789739,1334793308,psm,EVT-0021,2023-09-13,METABOLIC_GLP1_INJ,neurology,Northeast,73.16666666666667,71.83333333333333,True,1,0.09033304942130001,0.0904829472200505,0.00014989779875049236
1413495239,,psm,EVT-0021,2023-09-13,METABOLIC_GLP1_INJ,neurology,Southeast,191.66666666666666,,False,,,,
1492077734,1279255164,psm,EVT-0021,2023-09-13,METABOLIC_GLP1_INJ,cardiology,Midwest,148.83333333333334,142.0,True,1,0.0851940964907385,0.06666427700155543,0.018529819489183072
1523987174,1085110611,psm,EVT-0021,2023-09-13,METABOLIC_GLP1_INJ,neurology,West,91.5,97.16666666666667,True,1,0.06270330481601603,0.07467713494653745,0.011973830130521418
1536278926,1101142523,psm,EVT-0021,2023-09-13,METABOLIC_GLP1_INJ,primary care,West,116.83333333333333,117.16666666666667,True,1,0.06359336520383706,0.06356129078593876,3.207441789829235e-05
1596580633,1806707737,psm,EVT-0021,2023-09-13,METABOLIC_GLP1_INJ,primary care,West,92.33333333333333,95.83333333333333,True,1,0.0659925352904713,0.06564471655618262,0.00034781873428868515
1645233598,,psm,EVT-0021,2023-09-13,METABOLIC_GLP1_INJ,endocrinology,Northeast,281.6666666666667,,False,,,,
1670560261,1190842652,psm,EVT-0021,2023-09-13,METABOLIC_GLP1_INJ,primary care,Southwest,145.5,147.5,True,1,0.04759567430887204,0.04759329965343734,2.3746554346990023e-06
1704492101,1245433184,psm,EVT-0021,2023-09-13,METABOLIC_GLP1_INJ,oncology,Southeast,136.16666666666666,135.33333333333334,True,1,0.061882456405096535,0.06037309761640695,0.0015093587886895882
1841791217,1765233105,psm,EVT-0021,2023-09-13,METABOLIC_GLP1_INJ,neurology,Midwest,121.5,127.33333333333333,True,1,0.09185608781073752,0.09622554807514308,0.004369460264405559
1025978341,,psm,EVT-0022,2023-09-19,CV_ANTICOAG_ORAL,endocrinology,Northeast,349.5,,False,,,,
1058647219,,psm,EVT-0022,2023-09-19,CV_ANTICOAG_ORAL,pulmonology,Northeast,194.0,,False,,,,
1098995024,,psm,EVT-0022,2023-09-19,CV_ANTICOAG_ORAL,primary care,Northeast,245.5,,False,,,,
1107038659,1449048093,psm,EVT-0022,2023-09-19,CV_ANTICOAG_ORAL,endocrinology,Northeast,145.83333333333334,149.33333333333334,True,1,0.07349221689958323,0.07829833629006733,0.004806119390484101
1198262952,1536141264,psm,EVT-0022,2023-09-19,CV_ANTICOAG_ORAL,pulmonology,Northeast,181.5,179.83333333333334,True,1,0.21848379918192612,0.20999801850993935,0.00848578067198677
1204787067,1071299832,psm,EVT-0022,2023-09-19,CV_ANTICOAG_ORAL,neurology,Northeast,62.833333333333336,65.16666666666667,True,1,0.14433106579686067,0.14839858951899013,0.004067523722129457
1243754490,,psm,EVT-0022,2023-09-19,CV_ANTICOAG_ORAL,neurology,Northeast,298.1666666666667,,False,,,,
1244876920,1250524505,psm,EVT-0022,2023-09-19,CV_ANTICOAG_ORAL,neurology,West,55.166666666666664,55.833333333333336,True,1,0.043594099893604604,0.042963199423083215,0.0006309004705213894
1263807582,1316743925,psm,EVT-0022,2023-09-19,CV_ANTICOAG_ORAL,primary care,Northeast,348.1666666666667,358.8333333333333,True,1,0.7955659855331454,0.8301374747890383,0.03457148925589293
1280087226,,psm,EVT-0022,2023-09-19,CV_ANTICOAG_ORAL,primary care,Northeast,294.1666666666667,,False,,,,
1309371148,1635476009,psm,EVT-0022,2023-09-19,CV_ANTICOAG_ORAL,neurology,Northeast,184.0,182.66666666666666,True,1,0.4777315647457491,0.47309183897287393,0.004639725772875192
1334793308,1410468163,psm,EVT-0022,2023-09-19,CV_ANTICOAG_ORAL,neurology,Northeast,99.33333333333333,98.33333333333333,True,1,0.21917363568854098,0.21679512217817642,0.002378513510364555
1455101661,1702497342,psm,EVT-0022,2023-09-19,CV_ANTICOAG_ORAL,endocrinology,Southeast,232.16666666666666,226.5,True,1,0.1777989184258906,0.1445858558665676,0.03321306255932299
1467704312,,psm,EVT-0022,2023-09-19,CV_ANTICOAG_ORAL,neurology,Northeast,258.6666666666667,,False,,,,
1486877065,1980975555,psm,EVT-0022,2023-09-19,CV_ANTICOAG_ORAL,neurology,Northeast,138.0,121.0,True,1,0.3249815318403005,0.2752447996066776,0.049736732233622905
1536278926,1036327983,psm,EVT-0022,2023-09-19,CV_ANTICOAG_ORAL,primary care,West,104.16666666666667,104.33333333333333,True,1,0.03531391649977942,0.035281415701443344,3.250079833607561e-05
1548035017,1333896094,psm,EVT-0022,2023-09-19,CV_ANTICOAG_ORAL,neurology,Northeast,134.16666666666666,121.83333333333333,True,1,0.31335982149790753,0.2775703674950545,0.03578945400285305
1592062677,1824149854,psm,EVT-0022,2023-09-19,CV_ANTICOAG_ORAL,neurology,Southeast,180.33333333333334,157.33333333333334,True,1,0.11923507298852727,0.10949150741741466,0.009743565571112611
1616418756,1769764832,psm,EVT-0022,2023-09-19,CV_ANTICOAG_ORAL,neurology,Northeast,184.5,176.0,True,1,0.47947249630534733,0.44997867015980625,0.02949382614554108
1707435529,1389159553,psm,EVT-0022,2023-09-19,CV_ANTICOAG_ORAL,primary care,Southeast,139.83333333333334,149.0,True,1,0.10817463009623059,0.1104422627818998,0.0022676326856692075
1710163217,1056679651,psm,EVT-0022,2023-09-19,CV_ANTICOAG_ORAL,cardiology,Northeast,185.16666666666666,192.83333333333334,True,1,0.06466114117660983,0.0691465940156639,0.004485452839054077
1779411515,1835878442,psm,EVT-0022,2023-09-19,CV_ANTICOAG_ORAL,endocrinology,Midwest,86.16666666666667,86.33333333333333,True,1,0.14825860350948772,0.14731124239644014,0.000947361113047579
1803233885,1200096471,psm,EVT-0022,2023-09-19,CV_ANTICOAG_ORAL,primary care,Southeast,134.16666666666666,120.5,True,1,0.10679336746730593,0.10352583503813109,0.003267532429174838
1836939912,1728890785,psm,EVT-0022,2023-09-19,CV_ANTICOAG_ORAL,neurology,Southeast,74.66666666666667,76.0,True,1,0.08003332977606763,0.08044512438414121,0.0004117946080735846
1927430854,1773180629,psm,EVT-0022,2023-09-19,CV_ANTICOAG_ORAL,primary care,Southeast,249.5,243.83333333333334,True,1,0.1381349921484098,0.1364296940346062,0.0017052981138035994
1964945871,1805422742,psm,EVT-0022,2023-09-19,CV_ANTICOAG_ORAL,endocrinology,Northeast,193.0,193.33333333333334,True,1,0.16652182752652772,0.16742988626005118,0.0009080587335234536
1050705288,,psm,EVT-0023,2023-09-20,ENDO_BASAL_INSULIN,endocrinology,Southeast,623.0,,False,,,,
1136500869,1541422121,psm,EVT-0023,2023-09-20,ENDO_BASAL_INSULIN,endocrinology,Southeast,247.16666666666666,238.0,True,1,0.08554028672912531,0.07713004764915755,0.008410239079967755
1172835138,1895078685,psm,EVT-0023,2023-09-20,ENDO_BASAL_INSULIN,endocrinology,Southwest,345.0,301.3333333333333,True,1,0.13102930184729142,0.0940373078827496,0.03699199396454182
1249657408,1453128708,psm,EVT-0023,2023-09-20,ENDO_BASAL_INSULIN,endocrinology,Northeast,258.1666666666667,265.5,True,1,0.14965671534129338,0.14933308612202614,0.0003236292192672352
1506746308,1374898744,psm,EVT-0023,2023-09-20,ENDO_BASAL_INSULIN,endocrinology,West,149.0,149.5,True,1,0.0757471877789845,0.07566911610535311,7.807167363138579e-05
1666389063,1225504491,psm,EVT-0023,2023-09-20,ENDO_BASAL_INSULIN,endocrinology,Midwest,113.83333333333333,122.5,True,1,0.13620452634032243,0.13316497117057047,0.003039555169751962
1713444978,1551107307,psm,EVT-0023,2023-09-20,ENDO_BASAL_INSULIN,endocrinology,Midwest,271.0,287.0,True,1,0.08946725861435718,0.08562154034097937,0.0038457182733778184
1738903891,,psm,EVT-0023,2023-09-20,ENDO_BASAL_INSULIN,endocrinology,Southeast,407.0,,False,,,,
1827318308,1257768279,psm,EVT-0023,2023-09-20,ENDO_BASAL_INSULIN,endocrinology,West,192.16666666666666,183.66666666666666,True,1,0.06927336223528084,0.0705062640128271,0.001232901777546258
1836314447,1285330571,psm,EVT-0023,2023-09-20,ENDO_BASAL_INSULIN,endocrinology,Southeast,367.5,359.1666666666667,True,1,0.29099303470691296,0.2703249385008836,0.02066809620602933
1964945871,1677860136,psm,EVT-0023,2023-09-20,ENDO_BASAL_INSULIN,endocrinology,Northeast,277.6666666666667,274.5,True,1,0.14879742880258143,0.14893669364114445,0.00013926483856302463
1995404856,1333043895,psm,EVT-0023,2023-09-20,ENDO_BASAL_INSULIN,endocrinology,Northeast,211.0,221.0,True,1,0.15175206806119682,0.15130582086009767,0.00044624720109914806
1137408567,1657025858,psm,EVT-0024,2023-09-27,ENDO_BASAL_INSULIN,endocrinology,Northeast,414.1666666666667,411.5,True,1,0.6189513137221505,0.595396564441102,0.023554749281048504
1172835138,,psm,EVT-0024,2023-09-27,ENDO_BASAL_INSULIN,endocrinology,Southwest,345.0,,False,,,,
1330156328,1999506508,psm,EVT-0024,2023-09-27,ENDO_BASAL_INSULIN,endocrinology,Southwest,199.16666666666666,200.83333333333334,True,1,0.1658333446978934,0.1675731571350148,0.0017398124371214019
1364458855,1890077344,psm,EVT-0024,2023-09-27,ENDO_BASAL_INSULIN,endocrinology,Southeast,275.5,286.0,True,1,0.23865448440261502,0.2469283620942164,0.008273877691601372
1394609428,1012264374,psm,EVT-0024,2023-09-27,ENDO_BASAL_INSULIN,endocrinology,Southwest,524.1666666666666,511.8333333333333,True,1,0.6956856220238632,0.6757163784926888,0.019969243531174352
1541422121,1518121706,psm,EVT-0024,2023-09-27,ENDO_BASAL_INSULIN,endocrinology,Southeast,238.0,210.16666666666666,True,1,0.21068280335834558,0.191526392427986,0.01915641093035958
1645233598,1805422742,psm,EVT-0024,2023-09-27,ENDO_BASAL_INSULIN,endocrinology,Northeast,358.8333333333333,361.1666666666667,True,1,0.1729920070855101,0.18570895411513536,0.012716947029625253
1704331150,1432188427,psm,EVT-0024,2023-09-27,ENDO_BASAL_INSULIN,endocrinology,West,313.8333333333333,306.8333333333333,True,1,0.16813892315035225,0.15785545844981752,0.010283464700534733
1738903891,,psm,EVT-0024,2023-09-27,ENDO_BASAL_INSULIN,endocrinology,Southeast,407.0,,False,,,,
1836314447,1285330571,psm,EVT-0024,2023-09-27,ENDO_BASAL_INSULIN,endocrinology,Southeast,367.5,359.1666666666667,True,1,0.3174075118656274,0.30971918283111843,0.007688329034508945
1885387740,,psm,EVT-0024,2023-09-27,ENDO_BASAL_INSULIN,endocrinology,Northeast,573.0,,False,,,,
1910188758,1456937691,psm,EVT-0024,2023-09-27,ENDO_BASAL_INSULIN,endocrinology,Southeast,140.16666666666666,148.33333333333334,True,1,0.1492903145562458,0.15379103084024623,0.004500716284000422
1939785840,1028436479,psm,EVT-0024,2023-09-27,ENDO_BASAL_INSULIN,endocrinology,Southwest,238.5,241.33333333333334,True,1,0.2108398245183787,0.21440428907054127,0.003564464552162555
1993463169,1583696442,psm,EVT-0024,2023-09-27,ENDO_BASAL_INSULIN,endocrinology,West,214.66666666666666,227.66666666666666,True,1,0.06494899803803415,0.07398858082732625,0.009039582789292094
1002145427,1714021262,psm,EVT-0025,2023-10-08,PC_ANTIHYPERTENSIVE,primary care,Northeast,417.6666666666667,408.5,True,1,0.33474283963995805,0.3011628682742163,0.033579971365741756
1018018261,1665478461,psm,EVT-0025,2023-10-08,PC_ANTIHYPERTENSIVE,primary care,Northeast,378.6666666666667,382.1666666666667,True,1,0.20651264168206718,0.21637608446092851,0.009863442778861337
1022312734,1529045985,psm,EVT-0025,2023-10-08,PC_ANTIHYPERTENSIVE,primary care,Midwest,171.83333333333334,154.0,True,1,0.1680632230142208,0.1372046676050634,0.030858555409157412
1065870788,1352216182,psm,EVT-0025,2023-10-08,PC_ANTIHYPERTENSIVE,primary care,Southwest,301.1666666666667,326.6666666666667,True,1,0.16192790842503485,0.1679421627721562,0.006014254347121356
1101185407,,psm,EVT-0025,2023-10-08,PC_ANTIHYPERTENSIVE,primary care,Midwest,532.3333333333334,,False,,,,
1166368237,1769234364,psm,EVT-0025,2023-10-08,PC_ANTIHYPERTENSIVE,primary care,Southwest,221.0,221.16666666666666,True,1,0.14414957899180414,0.14418479604686985,3.521705506570605e-05
1170846871,1997693654,psm,EVT-0025,2023-10-08,PC_ANTIHYPERTENSIVE,primary care,Southeast,322.5,260.1666666666667,True,1,0.28006421049153507,0.2454051918602971,0.034659018631237964
1190842652,1289174306,psm,EVT-0025,2023-10-08,PC_ANTIHYPERTENSIVE,primary care,Southwest,157.33333333333334,189.16666666666666,True,1,0.13121278797140748,0.13755340312535425,0.006340615153946766
1227780172,,psm,EVT-0025,2023-10-08,PC_ANTIHYPERTENSIVE,primary care,Southwest,871.1666666666666,,False,,,,
1251567115,1540759788,psm,EVT-0025,2023-10-08,PC_ANTIHYPERTENSIVE,primary care,Midwest,226.0,218.33333333333334,True,1,0.29471187712741936,0.27378967014546385,0.020922206981955516
1271768685,1297280590,psm,EVT-0025,2023-10-08,PC_ANTIHYPERTENSIVE,primary care,Midwest,290.8333333333333,285.3333333333333,True,1,0.49933126403392575,0.4808908341409721,0.018440429892953636
1279684447,1547660377,psm,EVT-0025,2023-10-08,PC_ANTIHYPERTENSIVE,primary care,West,155.66666666666666,159.0,True,1,0.10694616562976883,0.1081203472436209,0.0011741816138520766
1284061300,1535820066,psm,EVT-0025,2023-10-08,PC_ANTIHYPERTENSIVE,primary care,West,414.6666666666667,437.8333333333333,True,1,0.23655486750645413,0.25225382353010667,0.01569895602365254
1316743925,1209566128,psm,EVT-0025,2023-10-08,PC_ANTIHYPERTENSIVE,primary care,Northeast,495.8333333333333,496.3333333333333,True,1,0.6535172946010913,0.6554286359911182,0.0019113413900269105
1397955463,1080672524,psm,EVT-0025,2023-10-08,PC_ANTIHYPERTENSIVE,primary care,Southeast,376.5,352.5,True,1,0.31239127156486457,0.2977715456746349,0.014619725890229696
1436505063,1548652282,psm,EVT-0025,2023-10-08,PC_ANTIHYPERTENSIVE,primary care,Midwest,378.6666666666667,387.1666666666667,True,1,0.7642047992650446,0.78413451604302,0.019929716777975393
1456207657,,psm,EVT-0025,2023-10-08,PC_ANTIHYPERTENSIVE,primary care,Midwest,466.8333333333333,,False,,,,
1456299035,1572180861,psm,EVT-0025,2023-10-08,PC_ANTIHYPERTENSIVE,primary care,Southeast,231.0,227.66666666666666,True,1,0.23021698479716032,0.22852381226966892,0.0016931725274914045
1523681389,,psm,EVT-0025,2023-10-08,PC_ANTIHYPERTENSIVE,primary care,Midwest,234.66666666666666,,False,,,,
1552813903,,psm,EVT-0025,2023-10-08,PC_ANTIHYPERTENSIVE,primary care,Northeast,1370.8333333333333,,False,,,,
1657035808,1922185990,psm,EVT-0025,2023-10-08,PC_ANTIHYPERTENSIVE,primary care,West,78.66666666666667,69.16666666666667,True,1,0.08279601303196556,0.08018620463779243,0.00260980839417313
1685524518,1773180629,psm,EVT-0025,2023-10-08,PC_ANTIHYPERTENSIVE,primary care,Southeast,111.83333333333333,117.0,True,1,0.17515339680344708,0.17730883156581329,0.0021554347623662096
1721479586,1937514325,psm,EVT-0025,2023-10-08,PC_ANTIHYPERTENSIVE,primary care,West,348.1666666666667,330.0,True,1,0.19532879125136385,0.18506061605877344,0.010268175192590406
1812815243,,psm,EVT-0025,2023-10-08,PC_ANTIHYPERTENSIVE,primary care,Midwest,486.3333333333333,,False,,,,
1815807585,1838439200,psm,EVT-0025,2023-10-08,PC_ANTIHYPERTENSIVE,primary care,Southeast,453.3333333333333,459.1666666666667,True,1,0.3616597093147863,0.36553860651284664,0.003878897198060338
1862986803,1488515010,psm,EVT-0025,2023-10-08,PC_ANTIHYPERTENSIVE,primary care,Midwest,245.16666666666666,256.0,True,1,0.35082153933795335,0.38460005493658794,0.033778515598634595
1922670785,1732527431,psm,EVT-0025,2023-10-08,PC_ANTIHYPERTENSIVE,primary care,Southeast,286.3333333333333,289.3333333333333,True,1,0.25959489275946523,0.2612553439483688,0.0016604511889035667
1927430854,1635581279,psm,EVT-0025,2023-10-08,PC_ANTIHYPERTENSIVE,primary care,Southeast,536.1666666666666,511.6666666666667,True,1,0.41820902360227624,0.40118369952081867,0.01702532408145757
1955620046,1892083019,psm,EVT-0025,2023-10-08,PC_ANTIHYPERTENSIVE,primary care,Southeast,310.6666666666667,315.8333333333333,True,1,0.2732593080283487,0.2762177453917164,0.0029584373633677052
1094274762,1463019459,psm,EVT-0026,2023-10-08,PC_ANTIHYPERTENSIVE,primary care,West,205.0,187.66666666666666,True,1,0.22148137274492136,0.19807524924202574,0.023406123502895615
1133130363,1058325303,psm,EVT-0026,2023-10-08,PC_ANTIHYPERTENSIVE,primary care,Northeast,298.5,283.6666666666667,True,1,0.1552823368549645,0.14394333926224184,0.011338997592722666
1170846871,,psm,EVT-0026,2023-10-08,PC_ANTIHYPERTENSIVE,primary care,Southeast,322.5,,False,,,,
1180932224,1363342464,psm,EVT-0026,2023-10-08,PC_ANTIHYPERTENSIVE,primary care,Southeast,422.1666666666667,407.8333333333333,True,1,0.375704063845788,0.36354231894736055,0.012161744898427473
1264333323,1209566128,psm,EVT-0026,2023-10-08,PC_ANTIHYPERTENSIVE,primary care,Northeast,500.1666666666667,496.3333333333333,True,1,0.3818765478698014,0.37645275086532526,0.00542379700447615
1266945785,1535820066,psm,EVT-0026,2023-10-08,PC_ANTIHYPERTENSIVE,primary care,West,454.1666666666667,437.8333333333333,True,1,0.6844557087865932,0.6550165889635928,0.029439119823000404
1271768685,1297280590,psm,EVT-0026,2023-10-08,PC_ANTIHYPERTENSIVE,primary care,Midwest,290.8333333333333,285.3333333333333,True,1,0.1271598933564298,0.11730562881228139,0.009854264544148408
1279684447,1547660377,psm,EVT-0026,2023-10-08,PC_ANTIHYPERTENSIVE,primary care,West,155.66666666666666,159.0,True,1,0.15986217159290272,0.16354585377644268,0.0036836821835399547
1284061300,,psm,EVT-0026,2023-10-08,PC_ANTIHYPERTENSIVE,primary care,West,414.6666666666667,,False,,,,
1315385710,,psm,EVT-0026,2023-10-08,PC_ANTIHYPERTENSIVE,primary care,Northeast,758.3333333333334,,False,,,,
1355374483,1873780039,psm,EVT-0026,2023-10-08,PC_ANTIHYPERTENSIVE,primary care,West,307.6666666666667,295.0,True,1,0.3965060715545788,0.3720780878537146,0.024427983700864186
1377426493,1643297637,psm,EVT-0026,2023-10-08,PC_ANTIHYPERTENSIVE,primary care,West,223.66666666666666,223.83333333333334,True,1,0.2488283609355023,0.2490824213901091,0.00025406045460679705
1397955463,1080672524,psm,EVT-0026,2023-10-08,PC_ANTIHYPERTENSIVE,primary care,Southeast,376.5,352.5,True,1,0.3375720793303335,0.3183127752943535,0.01925930403598003
1413519731,1769352273,psm,EVT-0026,2023-10-08,PC_ANTIHYPERTENSIVE,primary care,Southwest,364.8333333333333,337.1666666666667,True,1,0.20923394803221873,0.20197081065259018,0.007263137379628554
1425340662,1812123887,psm,EVT-0026,2023-10-08,PC_ANTIHYPERTENSIVE,primary care,Southwest,359.8333333333333,347.5,True,1,0.2079072504164379,0.20466129766596686,0.003245952750471043
1526669415,1769234364,psm,EVT-0026,2023-10-08,PC_ANTIHYPERTENSIVE,primary care,Southwest,220.83333333333334,221.16666666666666,True,1,0.17350002103952888,0.17357686946137618,7.684842184729757e-05
1536278926,,psm,EVT-0026,2023-10-08,PC_ANTIHYPERTENSIVE,primary care,West,554.5,,False,,,,
1567742360,1184426066,psm,EVT-0026,2023-10-08,PC_ANTIHYPERTENSIVE,primary care,West,144.66666666666666,143.0,True,1,0.14818175714234877,0.14647483510546247,0.0017069220368862992
1615059528,1364720148,psm,EVT-0026,2023-10-08,PC_ANTIHYPERTENSIVE,primary care,Southeast,239.16666666666666,241.33333333333334,True,1,0.23608285697888154,0.2375088743975229,0.0014260174186413732
1644815767,1159833825,psm,EVT-0026,2023-10-08,PC_ANTIHYPERTENSIVE,primary care,West,365.5,371.3333333333333,True,1,0.5128603575852246,0.524732337455493,0.011871979870268334
1686880901,1223523766,psm,EVT-0026,2023-10-08,PC_ANTIHYPERTENSIVE,primary care,West,221.16666666666666,222.5,True,1,0.2450382879189735,0.24705479487618665,0.0020165069572131433
1725623817,1412773438,psm,EVT-0026,2023-10-08,PC_ANTIHYPERTENSIVE,primary care,Southwest,507.8333333333333,565.8333333333334,True,1,0.24979918020321842,0.26767488514519855,0.017875704941980125
1732527431,1997693654,psm,EVT-0026,2023-10-08,PC_ANTIHYPERTENSIVE,primary care,Southeast,289.3333333333333,260.1666666666667,True,1,0.27060043896760655,0.2501526727714377,0.020447766196168837
1747032997,1099946885,psm,EVT-0026,2023-10-08,PC_ANTIHYPERTENSIVE,primary care,Northeast,208.66666666666666,188.66666666666666,True,1,0.0967627981127152,0.08675330971233615,0.010009488400379046
1803233885,1512866082,psm,EVT-0026,2023-10-08,PC_ANTIHYPERTENSIVE,primary care,Southeast,244.5,248.83333333333334,True,1,0.23960369946485524,0.24249074642531007,0.002887046960454831
1815807585,1838439200,psm,EVT-0026,2023-10-08,PC_ANTIHYPERTENSIVE,primary care,Southeast,453.3333333333333,459.1666666666667,True,1,0.4026779666981195,0.40779813923006775,0.005120172531948242
1832506087,,psm,EVT-0026,2023-10-08,PC_ANTIHYPERTENSIVE,primary care,Midwest,596.8333333333334,,False,,,,
1924355757,1352216182,psm,EVT-0026,2023-10-08,PC_ANTIHYPERTENSIVE,primary care,Southwest,292.3333333333333,326.6666666666667,True,1,0.1906041416674341,0.19926407921903783,0.008659937551603714
1955620046,1892083019,psm,EVT-0026,2023-10-08,PC_ANTIHYPERTENSIVE,primary care,Southeast,310.6666666666667,315.8333333333333,True,1,0.28620528019172575,0.29006466494288835,0.003859384751162598
1228081653,1765149178,psm,EVT-0027,2023-10-08,NEURO_MIGRAINE_CGRP,neurology,Southeast,90.33333333333333,95.0,True,1,0.08581036963402262,0.07932558990985124,0.006484779724171386
1243754490,1071299832,psm,EVT-0027,2023-10-08,NEURO_MIGRAINE_CGRP,neurology,Northeast,122.33333333333333,133.83333333333334,True,1,0.1682283065380764,0.16586561370797487,0.0023626928301015426
1616418756,1527981900,psm,EVT-0027,2023-10-08,NEURO_MIGRAINE_CGRP,neurology,Northeast,165.5,165.66666666666666,True,1,0.1594970649460188,0.15946407658835607,3.298835766274433e-05
1636376422,1925142923,psm,EVT-0027,2023-10-08,NEURO_MIGRAINE_CGRP,neurology,Southwest,203.83333333333334,193.16666666666666,True,1,0.07436170761551751,0.06479354536154272,0.00956816225397479
1788421810,1879821175,psm,EVT-0027,2023-10-08,NEURO_MIGRAINE_CGRP,neurology,Northeast,216.83333333333334,225.16666666666666,True,1,0.14959607707361897,0.14803743404066308,0.0015586430329558865
1921646299,,psm,EVT-0027,2023-10-08,NEURO_MIGRAINE_CGRP,neurology,Southwest,377.5,,False,,,,
1044666919,1724378447,psm,EVT-0028,2023-10-08,NEURO_MIGRAINE_CGRP,neurology,Southeast,124.83333333333333,129.16666666666666,True,1,0.13812873043413418,0.13891362306677849,0.0007848926326443073
1163199601,1697719783,psm,EVT-0028,2023-10-08,NEURO_MIGRAINE_CGRP,neurology,Southwest,243.0,237.5,True,1,0.2278100548434381,0.22037505692998002,0.007434997913458086
1204261733,1334266743,psm,EVT-0028,2023-10-08,NEURO_MIGRAINE_CGRP,neurology,Southeast,242.16666666666666,239.0,True,1,0.16072742257094821,0.16008010816087048,0.0006473144100777317
1204787067,1527981900,psm,EVT-0028,2023-10-08,NEURO_MIGRAINE_CGRP,neurology,Northeast,166.16666666666666,165.66666666666666,True,1,0.11179324855540045,0.11182557357634833,3.232502094788203e-05
1330017819,1196385359,psm,EVT-0028,2023-10-08,NEURO_MIGRAINE_CGRP,neurology,Southwest,309.0,326.0,True,1,0.3301395185139339,0.3599973998031447,0.029857881289210797
1467704312,1635476009,psm,EVT-0028,2023-10-08,NEURO_MIGRAINE_CGRP,neurology,Northeast,182.16666666666666,185.5,True,1,0.11076315318408078,0.11054959857466987,0.0002135546094109153
1512844550,1388802401,psm,EVT-0028,2023-10-08,NEURO_MIGRAINE_CGRP,neurology,Southwest,231.66666666666666,258.8333333333333,True,1,0.21268143904418296,0.2501878291030448,0.03750639005886186
1636376422,1925142923,psm,EVT-0028,2023-10-08,NEURO_MIGRAINE_CGRP,neurology,Southwest,203.83333333333334,193.16666666666666,True,1,0.1786900721033929,0.166840989384457,0.011849082718935922
1824149854,1095874958,psm,EVT-0028,2023-10-08,NEURO_MIGRAINE_CGRP,neurology,Southeast,227.83333333333334,219.83333333333334,True,1,0.15781430662908458,0.15620711932663398,0.0016071873024506023
1011940271,1174785596,psm,EVT-0029,2023-10-09,CV_ANTICOAG_ORAL,endocrinology,Northeast,143.5,159.16666666666666,True,1,0.15732633857213937,0.17888812889800254,0.021561790325863167
1107038659,1449048093,psm,EVT-0029,2023-10-09,CV_ANTICOAG_ORAL,endocrinology,Northeast,146.5,153.33333333333334,True,1,0.16128479853665392,0.1706011548433085,0.009316356306654588
1124726435,,psm,EVT-0029,2023-10-09,CV_ANTICOAG_ORAL,primary care,Northeast,399.0,,False,,,,
1129206672,,psm,EVT-0029,2023-10-09,CV_ANTICOAG_ORAL,pulmonology,Northeast,307.5,,False,,,,
1133042691,1885189138,psm,EVT-0029,2023-10-09,CV_ANTICOAG_ORAL,cardiology,Northeast,160.83333333333334,165.16666666666666,True,1,0.1599614805369563,0.16130595520915708,0.0013444746722007794
1144669185,,psm,EVT-0029,2023-10-09,CV_ANTICOAG_ORAL,primary care,Northeast,532.0,,False,,,,
1213511599,,psm,EVT-0029,2023-10-09,CV_ANTICOAG_ORAL,primary care,Northeast,644.3333333333334,,False,,,,
1257723886,1004543439,psm,EVT-0029,2023-10-09,CV_ANTICOAG_ORAL,endocrinology,Southwest,192.66666666666666,174.33333333333334,True,1,0.2671045185349069,0.25428709671014244,0.012817421824764474
1315385710,,psm,EVT-0029,2023-10-09,CV_ANTICOAG_ORAL,primary care,Northeast,379.3333333333333,,False,,,,
1324722952,1297391371,psm,EVT-0029,2023-10-09,CV_ANTICOAG_ORAL,endocrinology,Northeast,123.16666666666667,118.33333333333333,True,1,0.13255027530140337,0.1271699060968162,0.0053803692045871765
1326516303,,psm,EVT-0029,2023-10-09,CV_ANTICOAG_ORAL,oncology,Southwest,338.1666666666667,,False,,,,
1327009084,1697719783,psm,EVT-0029,2023-10-09,CV_ANTICOAG_ORAL,neurology,Southwest,93.83333333333333,96.66666666666667,True,1,0.05925095143935715,0.05892664446623896,0.00032430697311819356
1330156328,1605645914,psm,EVT-0029,2023-10-09,CV_ANTICOAG_ORAL,endocrinology,Southwest,37.333333333333336,28.833333333333332,True,1,0.17180118154312937,0.16745766233781822,0.004343519205311147
1398789739,1527981900,psm,EVT-0029,2023-10-09,CV_ANTICOAG_ORAL,neurology,Northeast,109.5,108.33333333333333,True,1,0.05948475359261896,0.05971304027260049,0.00022828667998153057
1425340662,1412773438,psm,EVT-0029,2023-10-09,CV_ANTICOAG_ORAL,primary care,Southwest,346.0,346.1666666666667,True,1,0.18094965173354147,0.18098417766946337,3.4525935921903006e-05
1435662964,1257768279,psm,EVT-0029,2023-10-09,CV_ANTICOAG_ORAL,endocrinology,West,225.33333333333334,186.33333333333334,True,1,0.05603695574808108,0.041222624412148565,0.014814331335932518
1475115246,1443907526,psm,EVT-0029,2023-10-09,CV_ANTICOAG_ORAL,cardiology,Southeast,130.0,128.0,True,1,0.06958545499503675,0.06899730423023988,0.0005881507647968742
1523987174,1712965692,psm,EVT-0029,2023-10-09,CV_ANTICOAG_ORAL,neurology,West,93.33333333333333,92.83333333333333,True,1,0.04039895917123519,0.0401479036214804,0.00025105554975479033
1645233598,,psm,EVT-0029,2023-10-09,CV_ANTICOAG_ORAL,endocrinology,Northeast,377.3333333333333,,False,,,,
1648553570,,psm,EVT-0029,2023-10-09,CV_ANTICOAG_ORAL,cardiology,Southwest,538.1666666666666,,False,,,,
1666389063,1223528765,psm,EVT-0029,2023-10-09,CV_ANTICOAG_ORAL,endocrinology,Midwest,118.0,109.33333333333333,True,1,0.07617976128282465,0.08450818981063413,0.008328428527809476
1681501296,1330067194,psm,EVT-0029,2023-10-09,CV_ANTICOAG_ORAL,pulmonology,West,133.66666666666666,128.5,True,1,0.03630365896052872,0.035403485855220226,0.0009001731053084952
1689059347,1046736322,psm,EVT-0029,2023-10-09,CV_ANTICOAG_ORAL,primary care,Southwest,111.5,121.33333333333333,True,1,0.13732663016955418,0.13896292379435743,0.0016362936248032478
1702497342,1890077344,psm,EVT-0029,2023-10-09,CV_ANTICOAG_ORAL,endocrinology,Southeast,232.5,243.66666666666666,True,1,0.2859950770708768,0.31977529470029725,0.03378021762942046
1710163217,1042224778,psm,EVT-0029,2023-10-09,CV_ANTICOAG_ORAL,cardiology,Northeast,186.33333333333334,173.5,True,1,0.1680046144296643,0.16391711618964533,0.004087498240018972
1738903891,,psm,EVT-0029,2023-10-09,CV_ANTICOAG_ORAL,endocrinology,Southeast,393.0,,False,,,,
1740626134,1012264374,psm,EVT-0029,2023-10-09,CV_ANTICOAG_ORAL,endocrinology,Southwest,214.83333333333334,267.6666666666667,True,1,0.28313941400257725,0.3236032386363234,0.04046382463374615
1856406925,1464805419,psm,EVT-0029,2023-10-09,CV_ANTICOAG_ORAL,cardiology,Northeast,127.83333333333333,116.16666666666667,True,1,0.1500189325915712,0.1466276873287289,0.0033912452628422907
1908168895,1650044724,psm,EVT-0029,2023-10-09,CV_ANTICOAG_ORAL,primary care,Southwest,114.0,117.33333333333333,True,1,0.13774109482450028,0.13829534882556882,0.0005542540010685382
1910188758,1971977354,psm,EVT-0029,2023-10-09,CV_ANTICOAG_ORAL,endocrinology,Southeast,102.66666666666667,101.66666666666667,True,1,0.058607370276997285,0.0578212802308254,0.000786090046171882
1922670785,1363342464,psm,EVT-0029,2023-10-09,CV_ANTICOAG_ORAL,primary care,Southeast,339.0,346.5,True,1,0.5710450091241838,0.6179258302480295,0.04688082112384573
1927430854,1080672524,psm,EVT-0029,2023-10-09,CV_ANTICOAG_ORAL,primary care,Southeast,261.5,257.3333333333333,True,1,0.15121032605333107,0.13784898251619043,0.013361343537140635
1939785840,1305686507,psm,EVT-0029,2023-10-09,CV_ANTICOAG_ORAL,endocrinology,Southwest,306.1666666666667,307.8333333333333,True,1,0.3548968821591178,0.3562824555175013,0.0013855733583835184
1965727443,,psm,EVT-0029,2023-10-09,CV_ANTICOAG_ORAL,primary care,West,207.16666666666666,,False,,,,
1967802350,1679813331,psm,EVT-0029,2023-10-09,CV_ANTICOAG_ORAL,pulmonology,Midwest,110.66666666666667,111.5,True,1,0.06369106901962367,0.06382624650984983,0.00013517749022616543
1050705288,,psm,EVT-0030,2023-10-10,ENDO_BASAL_INSULIN,endocrinology,Southeast,624.0,,False,,,,
1076376403,,psm,EVT-0030,2023-10-10,ENDO_BASAL_INSULIN,endocrinology,Northeast,466.8333333333333,,False,,,,
1137408567,,psm,EVT-0030,2023-10-10,ENDO_BASAL_INSULIN,endocrinology,Northeast,419.0,,False,,,,
1174145494,1174785596,psm,EVT-0030,2023-10-10,ENDO_BASAL_INSULIN,endocrinology,Northeast,307.8333333333333,324.0,True,1,0.6184706849837476,0.6468158395347907,0.02834515455104314
1237205202,1297391371,psm,EVT-0030,2023-10-10,ENDO_BASAL_INSULIN,endocrinology,Northeast,150.66666666666666,154.0,True,1,0.3311307516899571,0.33672600735935404,0.005595255669396948
1249657408,,psm,EVT-0030,2023-10-10,ENDO_BASAL_INSULIN,endocrinology,Northeast,255.0,,False,,,,
1305686507,1028436479,psm,EVT-0030,2023-10-10,ENDO_BASAL_INSULIN,endocrinology,Southwest,231.83333333333334,234.33333333333334,True,1,0.08549512194653278,0.08586125114091069,0.00036612919437790936
1423753536,1400951004,psm,EVT-0030,2023-10-10,ENDO_BASAL_INSULIN,endocrinology,Northeast,305.0,327.0,True,1,0.613412388858425,0.6519707123519813,0.03855832349355637
1453128708,1299832539,psm,EVT-0030,2023-10-10,ENDO_BASAL_INSULIN,endocrinology,Northeast,265.6666666666667,268.5,True,1,0.5411144864352919,0.5464192685710936,0.005304782135801656
1497642888,,psm,EVT-0030,2023-10-10,ENDO_BASAL_INSULIN,endocrinology,Northeast,202.0,,False,,,,
1645233598,1730655531,psm,EVT-0030,2023-10-10,ENDO_BASAL_INSULIN,endocrinology,Northeast,395.5,362.8333333333333,True,1,0.7585383589322959,0.7105686229215875,0.04796973601070842
1657025858,,psm,EVT-0030,2023-10-10,ENDO_BASAL_INSULIN,endocrinology,Northeast,400.3333333333333,,False,,,,
1706645516,1971977354,psm,EVT-0030,2023-10-10,ENDO_BASAL_INSULIN,endocrinology,Southeast,168.33333333333334,171.5,True,1,0.043141432098171846,0.04481398692042347,0.0016725548222516207
1738903891,,psm,EVT-0030,2023-10-10,ENDO_BASAL_INSULIN,endocrinology,Southeast,414.8333333333333,,False,,,,
1746046261,1657655308,psm,EVT-0030,2023-10-10,ENDO_BASAL_INSULIN,endocrinology,Northeast,170.0,168.83333333333334,True,1,0.3642033195557636,0.36216692590945515,0.0020363936463084764
1758794279,1805422742,psm,EVT-0030,2023-10-10,ENDO_BASAL_INSULIN,endocrinology,Northeast,351.3333333333333,359.0,True,1,0.692398545627192,0.7045827702825469,0.012184224655354847
1803502636,1333043895,psm,EVT-0030,2023-10-10,ENDO_BASAL_INSULIN,endocrinology,Northeast,215.16666666666666,219.16666666666666,True,1,0.44613643914470635,0.4536074394121515,0.007471000267445127
1885387740,,psm,EVT-0030,2023-10-10,ENDO_BASAL_INSULIN,endocrinology,Northeast,598.5,,False,,,,
1949335115,,psm,EVT-0030,2023-10-10,ENDO_BASAL_INSULIN,endocrinology,Southeast,484.3333333333333,,False,,,,
1964945871,1677860136,psm,EVT-0030,2023-10-10,ENDO_BASAL_INSULIN,endocrinology,Northeast,290.0,276.0,True,1,0.5862474488027051,0.5604074482599699,0.025840000542735164
1040239976,1892307210,psm,EVT-0031,2023-10-16,CV_ANTICOAG_ORAL,rheumatology,Northeast,119.16666666666667,119.33333333333333,True,1,0.07572201639041587,0.07572841946794781,6.403077531941248e-06
1050705288,,psm,EVT-0031,2023-10-16,CV_ANTICOAG_ORAL,endocrinology,Southeast,500.5,,False,,,,
1078096579,,psm,EVT-0031,2023-10-16,CV_ANTICOAG_ORAL,cardiology,Midwest,294.6666666666667,,False,,,,
1123148250,1369949932,psm,EVT-0031,2023-10-16,CV_ANTICOAG_ORAL,cardiology,Southwest,230.66666666666666,233.0,True,1,0.22668607305122862,0.23065993714261457,0.003973864091385948
1133130363,1261377760,psm,EVT-0031,2023-10-16,CV_ANTICOAG_ORAL,primary care,Northeast,171.66666666666666,160.33333333333334,True,1,0.23816801367567086,0.2094572804968973,0.028710733178773568
1163199601,1081031506,psm,EVT-0031,2023-10-16,CV_ANTICOAG_ORAL,neurology,Southwest,154.83333333333334,139.66666666666666,True,1,0.07331141674345076,0.06579916408431997,0.007512252659130789
1169238601,1304105269,psm,EVT-0031,2023-10-16,CV_ANTICOAG_ORAL,cardiology,Midwest,204.16666666666666,198.66666666666666,True,1,0.17046497469980998,0.1559338505554949,0.014531124144315066
1204787067,1774691384,psm,EVT-0031,2023-10-16,CV_ANTICOAG_ORAL,neurology,Northeast,66.16666666666667,65.66666666666667,True,1,0.09057813112516767,0.09034818857119702,0.00022994255397065788
1265952337,1746587884,psm,EVT-0031,2023-10-16,CV_ANTICOAG_ORAL,cardiology,Northeast,138.0,140.5,True,1,0.2854191304871789,0.2880265821450177,0.002607451657838822
1280087226,,psm,EVT-0031,2023-10-16,CV_ANTICOAG_ORAL,primary care,Northeast,312.8333333333333,,False,,,,
1296552940,1742974847,psm,EVT-0031,2023-10-16,CV_ANTICOAG_ORAL,primary care,Northeast,57.5,59.833333333333336,True,1,0.0557550690563076,0.05757575485638412,0.0018206858000765214
1299418347,1331020234,psm,EVT-0031,2023-10-16,CV_ANTICOAG_ORAL,cardiology,Northeast,96.83333333333333,101.5,True,1,0.2445892236822337,0.24901319722092827,0.004423973538694559
1352578078,1782341873,psm,EVT-0031,2023-10-16,CV_ANTICOAG_ORAL,pulmonology,Southeast,144.0,145.16666666666666,True,1,0.03333363767251061,0.033330470883825083,3.166788685525501e-06
1393791409,,psm,EVT-0031,2023-10-16,CV_ANTICOAG_ORAL,rheumatology,Midwest,193.0,,False,,,,
1443520683,1789632894,psm,EVT-0031,2023-10-16,CV_ANTICOAG_ORAL,cardiology,Midwest,179.66666666666666,183.5,True,1,0.11338899570732691,0.12106534077133216,0.007676345064005247
1481247389,1364720148,psm,EVT-0031,2023-10-16,CV_ANTICOAG_ORAL,primary care,Southeast,180.16666666666666,168.5,True,1,0.048605618546464675,0.04716883101001707,0.0014367875364476035
1598661571,1025231352,psm,EVT-0031,2023-10-16,CV_ANTICOAG_ORAL,rheumatology,Northeast,184.33333333333334,188.83333333333334,True,1,0.07826382755230231,0.0784422013392808,0.00017837378697849182
1635476009,1769764832,psm,EVT-0031,2023-10-16,CV_ANTICOAG_ORAL,neurology,Northeast,184.16666666666666,170.5,True,1,0.16150686489780033,0.1514278472206518,0.010079017677148527
1645233598,,psm,EVT-0031,2023-10-16,CV_ANTICOAG_ORAL,endocrinology,Northeast,377.3333333333333,,False,,,,
1648553570,,psm,EVT-0031,2023-10-16,CV_ANTICOAG_ORAL,cardiology,Southwest,538.1666666666666,,False,,,,
1704331150,1257768279,psm,EVT-0031,2023-10-16,CV_ANTICOAG_ORAL,endocrinology,West,239.83333333333334,186.33333333333334,True,1,0.06325984908024258,0.03941118974652697,0.023848659333715612
1724092733,1056679651,psm,EVT-0031,2023-10-16,CV_ANTICOAG_ORAL,cardiology,Northeast,202.5,200.33333333333334,True,1,0.35691098719636755,0.3543788310121353,0.002532156184232248
1742859469,1960543621,psm,EVT-0031,2023-10-16,CV_ANTICOAG_ORAL,pulmonology,West,186.83333333333334,187.33333333333334,True,1,0.06659561523949932,0.06709658874838534,0.0005009735088860184
1760628762,1555285877,psm,EVT-0031,2023-10-16,CV_ANTICOAG_ORAL,cardiology,Southwest,89.5,77.5,True,1,0.0697714084159694,0.06261574656001336,0.00715566185595605
1768225918,1785926670,psm,EVT-0031,2023-10-16,CV_ANTICOAG_ORAL,endocrinology,Midwest,167.0,156.66666666666666,True,1,0.05943171017201908,0.060510615868198676,0.0010789056961795981
1808310134,1892897319,psm,EVT-0031,2023-10-16,CV_ANTICOAG_ORAL,rheumatology,Southwest,228.83333333333334,212.83333333333334,True,1,0.17347087215437837,0.13689233486276278,0.03657853729161559
1824172013,,psm,EVT-0031,2023-10-16,CV_ANTICOAG_ORAL,primary care,Midwest,236.5,,False,,,,
1856406925,1464805419,psm,EVT-0031,2023-10-16,CV_ANTICOAG_ORAL,cardiology,Northeast,127.83333333333333,116.16666666666667,True,1,0.2749630335761927,0.26326167105104287,0.011701362525149805
1885189138,1042224778,psm,EVT-0031,2023-10-16,CV_ANTICOAG_ORAL,cardiology,Northeast,165.16666666666666,173.5,True,1,0.31449419377890275,0.32372781382718735,0.009233620048284596
1897395806,1541379537,psm,EVT-0031,2023-10-16,CV_ANTICOAG_ORAL,cardiology,Northeast,237.66666666666666,241.66666666666666,True,1,0.39904357666277307,0.40394544278140176,0.004901866118628695
1991291398,,psm,EVT-0031,2023-10-16,CV_ANTICOAG_ORAL,rheumatology,Southwest,385.1666666666667,,False,,,,
1075036339,1738916414,psm,EVT-0032,2023-10-16,PULM_ICS_LABA_INH,pulmonology,West,180.66666666666666,180.33333333333334,True,1,0.09175725212286134,0.09182719111514144,6.993899228009692e-05
1139166684,,psm,EVT-0032,2023-10-16,PULM_ICS_LABA_INH,pulmonology,Midwest,223.66666666666666,,False,,,,
1198262952,,psm,EVT-0032,2023-10-16,PULM_ICS_LABA_INH,pulmonology,Northeast,551.3333333333334,,False,,,,
1229022169,1072999711,psm,EVT-0032,2023-10-16,PULM_ICS_LABA_INH,pulmonology,West,135.33333333333334,135.5,True,1,0.10171889229504497,0.10168057104851473,3.832124653023461e-05
1533003293,,psm,EVT-0032,2023-10-16,PULM_ICS_LABA_INH,pulmonology,Midwest,232.83333333333334,,False,,,,
1655727265,,psm,EVT-0032,2023-10-16,PULM_ICS_LABA_INH,pulmonology,Northeast,381.3333333333333,,False,,,,
1681501296,1895795452,psm,EVT-0032,2023-10-16,PULM_ICS_LABA_INH,pulmonology,West,97.0,102.33333333333333,True,1,0.11087913127693494,0.10956272506698952,0.0013164062099454144
1704308638,1031568581,psm,EVT-0032,2023-10-16,PULM_ICS_LABA_INH,pulmonology,Southeast,395.0,428.0,True,1,0.07221713007720755,0.09182576126004297,0.019608631182835415
1710487228,1370467684,psm,EVT-0032,2023-10-16,PULM_ICS_LABA_INH,pulmonology,Midwest,105.5,101.83333333333333,True,1,0.05945291025638112,0.05462999165736694,0.004822918599014181
1854852153,1870532862,psm,EVT-0032,2023-10-16,PULM_ICS_LABA_INH,pulmonology,Southwest,176.5,194.83333333333334,True,1,0.12690623852893812,0.12128479975874762,0.005621438770190501
1889776344,1320611266,psm,EVT-0032,2023-10-16,PULM_ICS_LABA_INH,pulmonology,Northeast,193.0,188.16666666666666,True,1,0.10218636615894858,0.09600053037321228,0.006185835785736296
1025231352,,psm,EVT-0033,2023-10-20,METABOLIC_GLP1_INJ,rheumatology,Northeast,301.6666666666667,,False,,,,
1044666919,,psm,EVT-0033,2023-10-20,METABOLIC_GLP1_INJ,neurology,Southeast,221.33333333333334,,False,,,,
1050705288,1630629040,psm,EVT-0033,2023-10-20,METABOLIC_GLP1_INJ,endocrinology,Southeast,134.16666666666666,133.5,True,1,0.06296947911815289,0.06291063186668813,5.884725146475256e-05
1098995024,1742974847,psm,EVT-0033,2023-10-20,METABOLIC_GLP1_INJ,primary care,Northeast,100.16666666666667,84.5,True,1,0.14663168893537276,0.1284276050900672,0.018204083845305558
1198262952,1320611266,psm,EVT-0033,2023-10-20,METABOLIC_GLP1_INJ,pulmonology,Northeast,81.0,61.5,True,1,0.17252908518901172,0.1954217158941726,0.02289263070516087
1202669523,,psm,EVT-0033,2023-10-20,METABOLIC_GLP1_INJ,cardiology,Midwest,234.16666666666666,,False,,,,
1243754490,1769764832,psm,EVT-0033,2023-10-20,METABOLIC_GLP1_INJ,neurology,Northeast,125.0,122.0,True,1,0.19530037197801972,0.1862281985633015,0.009072173414718221
1274985831,1795350721,psm,EVT-0033,2023-10-20,METABOLIC_GLP1_INJ,rheumatology,Southwest,155.16666666666666,159.16666666666666,True,1,0.21778603736270255,0.22536112332180616,0.007575085959103611
1300654963,,psm,EVT-0033,2023-10-20,METABOLIC_GLP1_INJ,primary care,Northeast,255.66666666666666,,False,,,,
1309371148,1527981900,psm,EVT-0033,2023-10-20,METABOLIC_GLP1_INJ,neurology,Northeast,83.16666666666667,85.83333333333333,True,1,0.09660399180952209,0.1012606797592883,0.004656687949766217
1330156328,1028436479,psm,EVT-0033,2023-10-20,METABOLIC_GLP1_INJ,endocrinology,Southwest,172.66666666666666,154.33333333333334,True,1,0.14206638037123892,0.10217380038210695,0.03989257998913197
1341556789,,psm,EVT-0033,2023-10-20,METABOLIC_GLP1_INJ,cardiology,West,252.16666666666666,,False,,,,
1394609428,1012264374,psm,EVT-0033,2023-10-20,METABOLIC_GLP1_INJ,endocrinology,Southwest,290.5,280.5,True,1,0.6484967032986239,0.60057338657203,0.04792331672659389
1418997171,,psm,EVT-0033,2023-10-20,METABOLIC_GLP1_INJ,primary care,Northeast,269.3333333333333,,False,,,,
1494868502,1793685516,psm,EVT-0033,2023-10-20,METABOLIC_GLP1_INJ,cardiology,Southeast,59.5,68.16666666666667,True,1,0.17350373352465054,0.16587298329817013,0.0076307502264804095
1546151204,1473494189,psm,EVT-0033,2023-10-20,METABOLIC_GLP1_INJ,primary care,Northeast,197.66666666666666,198.5,True,1,0.3089697826968317,0.31071765596424106,0.0017478732674093833
1552813903,1665478461,psm,EVT-0033,2023-10-20,METABOLIC_GLP1_INJ,primary care,Northeast,127.0,128.16666666666666,True,1,0.18271310828068404,0.18442812312783044,0.0017150148471463955
1561159348,,psm,EVT-0033,2023-10-20,METABOLIC_GLP1_INJ,neurology,Northeast,235.83333333333334,,False,,,,
1583696442,1756884833,psm,EVT-0033,2023-10-20,METABOLIC_GLP1_INJ,endocrinology,West,114.16666666666667,113.33333333333333,True,1,0.03848643561682208,0.038502687543892036,1.6251927069957373e-05
1598661571,1352702876,psm,EVT-0033,2023-10-20,METABOLIC_GLP1_INJ,rheumatology,Northeast,79.16666666666667,77.83333333333333,True,1,0.029863089214568195,0.029037724320643696,0.000825364893924499
1599989245,1535436392,psm,EVT-0033,2023-10-20,METABOLIC_GLP1_INJ,oncology,Northeast,65.16666666666667,65.83333333333333,True,1,0.04030911220440141,0.04010514574322368,0.00020396646117772782
1610177150,1751172259,psm,EVT-0033,2023-10-20,METABOLIC_GLP1_INJ,cardiology,Southeast,138.5,150.0,True,1,0.11357330136667373,0.10653576849505754,0.007037532871616195
1636376422,,psm,EVT-0033,2023-10-20,METABOLIC_GLP1_INJ,neurology,Southwest,202.33333333333334,,False,,,,
1647196991,,psm,EVT-0033,2023-10-20,METABOLIC_GLP1_INJ,rheumatology,Southeast,296.0,,False,,,,
1655727265,1417682113,psm,EVT-0033,2023-10-20,METABOLIC_GLP1_INJ,pulmonology,Northeast,77.83333333333333,70.16666666666667,True,1,0.1760968506120469,0.1849743040580479,0.008877453446000994
1745601371,1880265578,psm,EVT-0033,2023-10-20,METABOLIC_GLP1_INJ,cardiology,Midwest,103.33333333333333,103.5,True,1,0.03827300580887349,0.03842583721679533,0.00015283140792184124
1768831921,1199976907,psm,EVT-0033,2023-10-20,METABOLIC_GLP1_INJ,rheumatology,Northeast,227.5,232.83333333333334,True,1,0.43336000253808904,0.46191290941932006,0.02855290688123102
1808310134,,psm,EVT-0033,2023-10-20,METABOLIC_GLP1_INJ,rheumatology,Southwest,322.3333333333333,,False,,,,
1841791217,1765233105,psm,EVT-0033,2023-10-20,METABOLIC_GLP1_INJ,neurology,Midwest,124.33333333333333,130.5,True,1,0.09483026994531767,0.1000856976929804,0.00525542774766273
1944079924,1715246280,psm,EVT-0033,2023-10-20,METABOLIC_GLP1_INJ,rheumatology,Southeast,99.16666666666667,106.33333333333333,True,1,0.06752472886746086,0.07665537181169564,0.009130642944234782
1991291398,,psm,EVT-0033,2023-10-20,METABOLIC_GLP1_INJ,rheumatology,Southwest,148.5,,False,,,,
1022312734,1529045985,psm,EVT-0034,2023-10-23,PC_ANTIHYPERTENSIVE,primary care,Midwest,171.83333333333334,154.0,True,1,0.11999689827721977,0.09709278529630674,0.02290411298091302
1060922949,1134089733,psm,EVT-0034,2023-10-23,PC_ANTIHYPERTENSIVE,primary care,Northeast,140.83333333333334,128.83333333333334,True,1,0.10440924476133925,0.0977235086014799,0.0066857361598593595
1084471394,1261377760,psm,EVT-0034,2023-10-23,PC_ANTIHYPERTENSIVE,primary care,Northeast,258.0,244.5,True,1,0.1930346288394684,0.18046113828262833,0.012573490556840067
1180932224,1838439200,psm,EVT-0034,2023-10-23,PC_ANTIHYPERTENSIVE,primary care,Southeast,422.1666666666667,459.1666666666667,True,1,0.35588139231691984,0.3919653836820856,0.03608399136516577
1190842652,1289174306,psm,EVT-0034,2023-10-23,PC_ANTIHYPERTENSIVE,primary care,Southwest,157.33333333333334,189.16666666666666,True,1,0.2737353517227841,0.25242572519892803,0.021309626523856096
1263807582,,psm,EVT-0034,2023-10-23,PC_ANTIHYPERTENSIVE,primary care,Northeast,597.3333333333334,,False,,,,
1280087226,,psm,EVT-0034,2023-10-23,PC_ANTIHYPERTENSIVE,primary care,Northeast,778.5,,False,,,,
1315385710,,psm,EVT-0034,2023-10-23,PC_ANTIHYPERTENSIVE,primary care,Northeast,758.3333333333334,,False,,,,
1355374483,1873780039,psm,EVT-0034,2023-10-23,PC_ANTIHYPERTENSIVE,primary care,West,307.6666666666667,295.0,True,1,0.4088372997236505,0.38725146319861464,0.021585836525035873
1377426493,1643297637,psm,EVT-0034,2023-10-23,PC_ANTIHYPERTENSIVE,primary care,West,223.66666666666666,223.83333333333334,True,1,0.2756143012232016,0.2758510725214235,0.00023677129822191612
1423152481,1363342464,psm,EVT-0034,2023-10-23,PC_ANTIHYPERTENSIVE,primary care,Southeast,420.3333333333333,407.8333333333333,True,1,0.3541315804996799,0.3423068329560653,0.011824747543614622
1425340662,1812123887,psm,EVT-0034,2023-10-23,PC_ANTIHYPERTENSIVE,primary care,Southwest,359.8333333333333,347.5,True,1,0.15772396510140307,0.1634666319778608,0.005742666876457719
1425610817,1082909627,psm,EVT-0034,2023-10-23,PC_ANTIHYPERTENSIVE,primary care,Southeast,189.0,177.0,True,1,0.1729026160629481,0.16586604294787638,0.00703657311507172
1455779946,1046736322,psm,EVT-0034,2023-10-23,PC_ANTIHYPERTENSIVE,primary care,Southwest,264.6666666666667,212.5,True,1,0.20643971606823702,0.2375210890158995,0.031081372947662472
1456207657,,psm,EVT-0034,2023-10-23,PC_ANTIHYPERTENSIVE,primary care,Midwest,466.8333333333333,,False,,,,
1488515010,1135650855,psm,EVT-0034,2023-10-23,PC_ANTIHYPERTENSIVE,primary care,Midwest,256.0,263.8333333333333,True,1,0.29492554473116417,0.317071896735415,0.022146352004250858
1546151204,1058325303,psm,EVT-0034,2023-10-23,PC_ANTIHYPERTENSIVE,primary care,Northeast,258.3333333333333,283.6666666666667,True,1,0.19335335500142875,0.2187509646925439,0.025397609691115153
1567742360,1184426066,psm,EVT-0034,2023-10-23,PC_ANTIHYPERTENSIVE,primary care,West,144.66666666666666,143.0,True,1,0.17824243462676653,0.1765124665238359,0.0017299681029306346
1613561947,1997693654,psm,EVT-0034,2023-10-23,PC_ANTIHYPERTENSIVE,primary care,Southeast,296.8333333333333,260.1666666666667,True,1,0.2468074792816972,0.21950558195570563,0.02730189732599156
1644815767,1159833825,psm,EVT-0034,2023-10-23,PC_ANTIHYPERTENSIVE,primary care,West,365.5,371.3333333333333,True,1,0.5106565734671457,0.5210198807409648,0.010363307273819178
1721479586,,psm,EVT-0034,2023-10-23,PC_ANTIHYPERTENSIVE,primary care,West,348.1666666666667,,False,,,,
1742579091,,psm,EVT-0034,2023-10-23,PC_ANTIHYPERTENSIVE,primary care,Northeast,788.8333333333334,,False,,,,
1752727945,1851932792,psm,EVT-0034,2023-10-23,PC_ANTIHYPERTENSIVE,primary care,West,177.33333333333334,177.16666666666666,True,1,0.21485227291649053,0.2146523390255475,0.00019993389094302705
1776723276,1548652282,psm,EVT-0034,2023-10-23,PC_ANTIHYPERTENSIVE,primary care,Midwest,384.6666666666667,387.1666666666667,True,1,0.6988698101926507,0.7058297158767635,0.006959905684112755
1806707737,1961509027,psm,EVT-0034,2023-10-23,PC_ANTIHYPERTENSIVE,primary care,West,127.5,130.5,True,1,0.1610523749738847,0.16395675002965615,0.0029043750557714576
1808826295,1080672524,psm,EVT-0034,2023-10-23,PC_ANTIHYPERTENSIVE,primary care,Southeast,332.8333333333333,352.5,True,1,0.2757477028099557,0.29241641052216033,0.016668707712204633
1824172013,1297280590,psm,EVT-0034,2023-10-23,PC_ANTIHYPERTENSIVE,primary care,Midwest,277.6666666666667,285.3333333333333,True,1,0.35823399967395675,0.3820307789826167,0.023796779308659977
1903798589,1769234364,psm,EVT-0034,2023-10-23,PC_ANTIHYPERTENSIVE,primary care,Southwest,260.3333333333333,221.16666666666666,True,1,0.20890273527676653,0.23214187765786812,0.023239142381101585
1927430854,1635581279,psm,EVT-0034,2023-10-23,PC_ANTIHYPERTENSIVE,primary care,Southeast,536.1666666666666,511.6666666666667,True,1,0.47050946606798766,0.4451657953706991,0.025343670697288545
1937514325,,psm,EVT-0034,2023-10-23,PC_ANTIHYPERTENSIVE,primary care,West,330.0,,False,,,,
1955620046,1892083019,psm,EVT-0034,2023-10-23,PC_ANTIHYPERTENSIVE,primary care,Southeast,310.6666666666667,315.8333333333333,True,1,0.25768212724739925,0.261823068496578,0.004140941249178742
1002145427,1714021262,psm,EVT-0035,2023-10-26,PC_ANTIHYPERTENSIVE,primary care,Northeast,417.6666666666667,408.5,True,1,0.5683724151901136,0.5461893711067143,0.022183044083399328
1018018261,1665478461,psm,EVT-0035,2023-10-26,PC_ANTIHYPERTENSIVE,primary care,Northeast,378.6666666666667,382.1666666666667,True,1,0.4731785475791863,0.48174492708350186,0.008566379504315547
1022312734,1529045985,psm,EVT-0035,2023-10-26,PC_ANTIHYPERTENSIVE,primary care,Midwest,171.83333333333334,154.0,True,1,0.1870116282929205,0.14279116826659044,0.044220460026330066
1048976678,1512866082,psm,EVT-0035,2023-10-26,PC_ANTIHYPERTENSIVE,primary care,Southeast,341.6666666666667,248.83333333333334,True,1,0.26153102941651235,0.22389677166479294,0.03763425775171941
1057676243,1082909627,psm,EVT-0035,2023-10-26,PC_ANTIHYPERTENSIVE,primary care,Southeast,173.66666666666666,177.0,True,1,0.1963684718758342,0.1975330934951426,0.001164621619308387
1080672524,1364720148,psm,EVT-0035,2023-10-26,PC_ANTIHYPERTENSIVE,primary care,Southeast,352.5,241.33333333333334,True,1,0.26617928045709294,0.2210309852328082,0.045148295224284735
1101185407,,psm,EVT-0035,2023-10-26,PC_ANTIHYPERTENSIVE,primary care,Midwest,532.3333333333334,,False,,,,
1133130363,1058325303,psm,EVT-0035,2023-10-26,PC_ANTIHYPERTENSIVE,primary care,Northeast,298.5,283.6666666666667,True,1,0.29031599789881396,0.2612716437291484,0.029044354169665554
1138281740,1463019459,psm,EVT-0035,2023-10-26,PC_ANTIHYPERTENSIVE,primary care,West,198.0,187.66666666666666,True,1,0.05952327952036885,0.045328980388622035,0.014194299131746815
1144669185,,psm,EVT-0035,2023-10-26,PC_ANTIHYPERTENSIVE,primary care,Northeast,646.0,,False,,,,
1145899849,,psm,EVT-0035,2023-10-26,PC_ANTIHYPERTENSIVE,primary care,West,345.8333333333333,,False,,,,
1159833825,,psm,EVT-0035,2023-10-26,PC_ANTIHYPERTENSIVE,primary care,West,371.3333333333333,,False,,,,
1166368237,1769234364,psm,EVT-0035,2023-10-26,PC_ANTIHYPERTENSIVE,primary care,Southwest,221.0,221.16666666666666,True,1,0.24045017165381033,0.24049010869960147,3.993704579113855e-05
1180932224,1363342464,psm,EVT-0035,2023-10-26,PC_ANTIHYPERTENSIVE,primary care,Southeast,422.1666666666667,407.8333333333333,True,1,0.29729820469657886,0.2907261179737002,0.006572086722878678
1190842652,1289174306,psm,EVT-0035,2023-10-26,PC_ANTIHYPERTENSIVE,primary care,Southwest,157.33333333333334,189.16666666666666,True,1,0.22552728555530988,0.23290550856163278,0.007378223006322904
1191545544,,psm,EVT-0035,2023-10-26,PC_ANTIHYPERTENSIVE,primary care,Midwest,313.0,,False,,,,
1227780172,,psm,EVT-0035,2023-10-26,PC_ANTIHYPERTENSIVE,primary care,Southwest,871.1666666666666,,False,,,,
1263807582,,psm,EVT-0035,2023-10-26,PC_ANTIHYPERTENSIVE,primary care,Northeast,597.3333333333334,,False,,,,
1297280590,,psm,EVT-0035,2023-10-26,PC_ANTIHYPERTENSIVE,primary care,Midwest,285.3333333333333,,False,,,,
1316743925,1209566128,psm,EVT-0035,2023-10-26,PC_ANTIHYPERTENSIVE,primary care,Northeast,495.8333333333333,496.3333333333333,True,1,0.7392461330988953,0.7401905481876992,0.0009444150888039404
1413519731,1812123887,psm,EVT-0035,2023-10-26,PC_ANTIHYPERTENSIVE,primary care,Southwest,364.8333333333333,347.5,True,1,0.2765761274499314,0.2720493286305466,0.004526798819384781
1418997171,,psm,EVT-0035,2023-10-26,PC_ANTIHYPERTENSIVE,primary care,Northeast,441.5,,False,,,,
1436505063,1548652282,psm,EVT-0035,2023-10-26,PC_ANTIHYPERTENSIVE,primary care,Midwest,378.6666666666667,387.1666666666667,True,1,0.9066819402067879,0.9189088643842499,0.012226924177461962
1456207657,,psm,EVT-0035,2023-10-26,PC_ANTIHYPERTENSIVE,primary care,Midwest,466.8333333333333,,False,,,,
1484724632,1767508967,psm,EVT-0035,2023-10-26,PC_ANTIHYPERTENSIVE,primary care,Northeast,353.1666666666667,357.3333333333333,True,1,0.41155225193324924,0.4214860949133972,0.009933842980147989
1511022174,,psm,EVT-0035,2023-10-26,PC_ANTIHYPERTENSIVE,primary care,Midwest,279.5,,False,,,,
1523681389,,psm,EVT-0035,2023-10-26,PC_ANTIHYPERTENSIVE,primary care,Midwest,234.66666666666666,,False,,,,
1535820066,,psm,EVT-0035,2023-10-26,PC_ANTIHYPERTENSIVE,primary care,West,437.8333333333333,,False,,,,
1592123891,,psm,EVT-0035,2023-10-26,PC_ANTIHYPERTENSIVE,primary care,Northeast,563.1666666666666,,False,,,,
1613561947,1892083019,psm,EVT-0035,2023-10-26,PC_ANTIHYPERTENSIVE,primary care,Southeast,296.8333333333333,315.8333333333333,True,1,0.24285952503862127,0.2506603533565648,0.0078008283179435145
1639269087,1099946885,psm,EVT-0035,2023-10-26,PC_ANTIHYPERTENSIVE,primary care,Northeast,187.83333333333334,188.66666666666666,True,1,0.12136941590361591,0.12224391957305433,0.0008745036694384201
1806479196,1134632102,psm,EVT-0035,2023-10-26,PC_ANTIHYPERTENSIVE,primary care,Southwest,436.3333333333333,398.6666666666667,True,1,0.2957322878193855,0.2855448384370144,0.010187449382371094
1812815243,,psm,EVT-0035,2023-10-26,PC_ANTIHYPERTENSIVE,primary care,Midwest,486.3333333333333,,False,,,,
1832506087,,psm,EVT-0035,2023-10-26,PC_ANTIHYPERTENSIVE,primary care,Midwest,596.8333333333334,,False,,,,
1848624494,,psm,EVT-0035,2023-10-26,PC_ANTIHYPERTENSIVE,primary care,Midwest,290.6666666666667,,False,,,,
1862986803,,psm,EVT-0035,2023-10-26,PC_ANTIHYPERTENSIVE,primary care,Midwest,245.16666666666666,,False,,,,
1908168895,1590869917,psm,EVT-0035,2023-10-26,PC_ANTIHYPERTENSIVE,primary care,Southwest,209.66666666666666,208.66666666666666,True,1,0.2377450959756955,0.23750742097185085,0.00023767500384463958
1922670785,1997693654,psm,EVT-0035,2023-10-26,PC_ANTIHYPERTENSIVE,primary care,Southeast,286.3333333333333,260.1666666666667,True,1,0.23861991223880222,0.2282772536137904,0.010342658625011825
1937514325,,psm,EVT-0035,2023-10-26,PC_ANTIHYPERTENSIVE,primary care,West,330.0,,False,,,,
1002145427,1714021262,psm,EVT-0036,2023-10-28,PC_ANTIHYPERTENSIVE,primary care,Northeast,417.6666666666667,408.5,True,1,0.5212479134793616,0.5037018429525391,0.017546070526822555
1018018261,,psm,EVT-0036,2023-10-28,PC_ANTIHYPERTENSIVE,primary care,Northeast,378.6666666666667,,False,,,,
1065870788,1352216182,psm,EVT-0036,2023-10-28,PC_ANTIHYPERTENSIVE,primary care,Southwest,301.1666666666667,326.6666666666667,True,1,0.11398634109621508,0.10526895268282606,0.008717388413389024
1133130363,1058325303,psm,EVT-0036,2023-10-28,PC_ANTIHYPERTENSIVE,primary care,Northeast,298.5,283.6666666666667,True,1,0.3040649289947436,0.2805634412328722,0.023501487761871387
1180932224,1363342464,psm,EVT-0036,2023-10-28,PC_ANTIHYPERTENSIVE,primary care,Southeast,422.1666666666667,407.8333333333333,True,1,0.538653124678205,0.5222111757881636,0.01644194889004147
1268222167,,psm,EVT-0036,2023-10-28,PC_ANTIHYPERTENSIVE,primary care,Midwest,256.5,,False,,,,
1280087226,,psm,EVT-0036,2023-10-28,PC_ANTIHYPERTENSIVE,primary care,Northeast,778.5,,False,,,,
1284061300,,psm,EVT-0036,2023-10-28,PC_ANTIHYPERTENSIVE,primary care,West,414.6666666666667,,False,,,,
1385532449,,psm,EVT-0036,2023-10-28,PC_ANTIHYPERTENSIVE,primary care,Southeast,425.6666666666667,,False,,,,
1397955463,,psm,EVT-0036,2023-10-28,PC_ANTIHYPERTENSIVE,primary care,Southeast,376.5,,False,,,,
1425610817,1082909627,psm,EVT-0036,2023-10-28,PC_ANTIHYPERTENSIVE,primary care,Southeast,189.0,177.0,True,1,0.28515582139923773,0.27402424525197,0.01113157614726773
1456207657,,psm,EVT-0036,2023-10-28,PC_ANTIHYPERTENSIVE,primary care,Midwest,466.8333333333333,,False,,,,
1456299035,1572180861,psm,EVT-0036,2023-10-28,PC_ANTIHYPERTENSIVE,primary care,Southeast,231.0,227.66666666666666,True,1,0.3261655110988316,0.32280022699536753,0.003365284103464039
1484724632,1767508967,psm,EVT-0036,2023-10-28,PC_ANTIHYPERTENSIVE,primary care,Northeast,353.1666666666667,357.3333333333333,True,1,0.39911409640458156,0.4067945245726394,0.007680428168057862
1489598965,,psm,EVT-0036,2023-10-28,PC_ANTIHYPERTENSIVE,primary care,Southeast,433.0,,False,,,,
1506356074,1333393084,psm,EVT-0036,2023-10-28,PC_ANTIHYPERTENSIVE,primary care,Midwest,142.66666666666666,143.0,True,1,0.12707713791047934,0.1275389091411676,0.00046177123068827375
1535820066,,psm,EVT-0036,2023-10-28,PC_ANTIHYPERTENSIVE,primary care,West,437.8333333333333,,False,,,,
1590869917,1046736322,psm,EVT-0036,2023-10-28,PC_ANTIHYPERTENSIVE,primary care,Southwest,208.66666666666666,212.5,True,1,0.15103097667583015,0.14931679917636984,0.0017141774994603176
1610820601,1135650855,psm,EVT-0036,2023-10-28,PC_ANTIHYPERTENSIVE,primary care,Midwest,263.1666666666667,263.8333333333333,True,1,0.39543139345438083,0.39742038268568797,0.0019889892313071367
1615059528,1364720148,psm,EVT-0036,2023-10-28,PC_ANTIHYPERTENSIVE,primary care,Southeast,239.16666666666666,241.33333333333334,True,1,0.3344860494140849,0.33671119982693387,0.0022251504128489863
1665478461,1877046932,psm,EVT-0036,2023-10-28,PC_ANTIHYPERTENSIVE,primary care,Northeast,382.1666666666667,399.1666666666667,True,1,0.4533959157307004,0.48582764957661817,0.03243173384591774
1707435529,1892083019,psm,EVT-0036,2023-10-28,PC_ANTIHYPERTENSIVE,primary care,Southeast,319.1666666666667,315.8333333333333,True,1,0.42080012732472855,0.4170627706339484,0.0037373566907801248
1732527431,1512866082,psm,EVT-0036,2023-10-28,PC_ANTIHYPERTENSIVE,primary care,Southeast,289.3333333333333,248.83333333333334,True,1,0.3877214776238131,0.3444692485614469,0.0432522290623662
1747032997,1099946885,psm,EVT-0036,2023-10-28,PC_ANTIHYPERTENSIVE,primary care,Northeast,208.66666666666666,188.66666666666666,True,1,0.18000400563007046,0.1584827375944616,0.02152126803560886
1808826295,,psm,EVT-0036,2023-10-28,PC_ANTIHYPERTENSIVE,primary care,Southeast,332.8333333333333,,False,,,,
1812815243,,psm,EVT-0036,2023-10-28,PC_ANTIHYPERTENSIVE,primary care,Midwest,486.3333333333333,,False,,,,
1815807585,1838439200,psm,EVT-0036,2023-10-28,PC_ANTIHYPERTENSIVE,primary care,Southeast,453.3333333333333,459.1666666666667,True,1,0.5740692448776494,0.5806253867897897,0.0065561419121402675
1848624494,,psm,EVT-0036,2023-10-28,PC_ANTIHYPERTENSIVE,primary care,Midwest,290.6666666666667,,False,,,,
1922670785,1997693654,psm,EVT-0036,2023-10-28,PC_ANTIHYPERTENSIVE,primary care,Southeast,286.3333333333333,260.1666666666667,True,1,0.3844463536148512,0.3563504371742138,0.028095916440637414
1927430854,1635581279,psm,EVT-0036,2023-10-28,PC_ANTIHYPERTENSIVE,primary care,Southeast,536.1666666666666,511.6666666666667,True,1,0.6637382859438867,0.6381059297186858,0.02563235622520088
1075036339,1738916414,psm,EVT-0037,2023-10-30,PULM_ICS_LABA_INH,pulmonology,West,180.66666666666666,180.33333333333334,True,1,0.2445226769310534,0.24371045569584382,0.0008122212352095759
1113023042,1113190601,psm,EVT-0037,2023-10-30,PULM_ICS_LABA_INH,pulmonology,West,142.0,137.66666666666666,True,1,0.16265000946996208,0.15500624874116564,0.007643760728796439
1134509243,1416644254,psm,EVT-0037,2023-10-30,PULM_ICS_LABA_INH,pulmonology,Northeast,147.66666666666666,119.0,True,1,0.20102838198881032,0.23917157733986918,0.03814319535105887
1139166684,,psm,EVT-0037,2023-10-30,PULM_ICS_LABA_INH,pulmonology,Midwest,223.66666666666666,,False,,,,
1229022169,1072999711,psm,EVT-0037,2023-10-30,PULM_ICS_LABA_INH,pulmonology,West,135.33333333333334,135.5,True,1,0.15101326860706482,0.1512956539230294,0.00028238531596458394
1238983617,,psm,EVT-0037,2023-10-30,PULM_ICS_LABA_INH,pulmonology,Southeast,617.3333333333334,,False,,,,
1533003293,,psm,EVT-0037,2023-10-30,PULM_ICS_LABA_INH,pulmonology,Midwest,232.83333333333334,,False,,,,
1547244776,1903121188,psm,EVT-0037,2023-10-30,PULM_ICS_LABA_INH,pulmonology,Northeast,142.66666666666666,141.83333333333334,True,1,0.20733833387281572,0.2084040923404141,0.0010657584675983767
1626268928,1330067194,psm,EVT-0037,2023-10-30,PULM_ICS_LABA_INH,pulmonology,West,321.0,318.8333333333333,True,1,0.673725364486301,0.66740508320371,0.0063202812825911
1696606064,1960543621,psm,EVT-0037,2023-10-30,PULM_ICS_LABA_INH,pulmonology,West,145.66666666666666,151.66666666666666,True,1,0.16935259745206716,0.18079190031808196,0.0114393028660148
1704308638,,psm,EVT-0037,2023-10-30,PULM_ICS_LABA_INH,pulmonology,Southeast,395.0,,False,,,,
1710487228,1370467684,psm,EVT-0037,2023-10-30,PULM_ICS_LABA_INH,pulmonology,Midwest,105.5,101.83333333333333,True,1,0.05945291025638112,0.05462999165736694,0.004822918599014181
1742859469,,psm,EVT-0037,2023-10-30,PULM_ICS_LABA_INH,pulmonology,West,291.6666666666667,,False,,,,
1407931751,1841542198,psm,EVT-0038,2023-11-02,ONC_TARGETED_ORAL,oncology,Midwest,130.5,130.5,True,1,0.0680456824448881,0.0680456824448881,0.0
1659738110,1486382629,psm,EVT-0038,2023-11-02,ONC_TARGETED_ORAL,oncology,Northeast,112.33333333333333,111.5,True,1,0.04889740851276346,0.04930981064331147,0.0004124021305480091
1704492101,1775891033,psm,EVT-0038,2023-11-02,ONC_TARGETED_ORAL,oncology,Southeast,188.83333333333334,193.0,True,1,0.029841516575404424,0.030061198616860536,0.00021968204145611167
1737256036,1480599715,psm,EVT-0038,2023-11-02,ONC_TARGETED_ORAL,oncology,Midwest,142.16666666666666,143.83333333333334,True,1,0.06513183323906463,0.06472516647849419,0.00040666676057043993
1893606271,1788668972,psm,EVT-0038,2023-11-02,ONC_TARGETED_ORAL,oncology,Southwest,263.1666666666667,251.0,True,1,0.2041794959369138,0.16232231055223817,0.041857185384675644
1025231352,,psm,EVT-0039,2023-11-03,METABOLIC_GLP1_INJ,rheumatology,Northeast,308.3333333333333,,False,,,,
1025978341,,psm,EVT-0039,2023-11-03,METABOLIC_GLP1_INJ,endocrinology,Northeast,221.33333333333334,,False,,,,
1031568581,1152018085,psm,EVT-0039,2023-11-03,METABOLIC_GLP1_INJ,pulmonology,Southeast,86.5,87.16666666666667,True,1,0.04767661458961394,0.04699721020664316,0.0006794043829707816
1159841240,1838809964,psm,EVT-0039,2023-11-03,METABOLIC_GLP1_INJ,neurology,Southeast,116.5,113.0,True,1,0.09067797672800573,0.08336956762752237,0.0073084091004833596
1198262952,1417682113,psm,EVT-0039,2023-11-03,METABOLIC_GLP1_INJ,pulmonology,Northeast,80.83333333333333,65.33333333333333,True,1,0.10015015941071807,0.09719480881567141,0.00295535059504666
1199976907,,psm,EVT-0039,2023-11-03,METABOLIC_GLP1_INJ,rheumatology,Northeast,226.33333333333334,,False,,,,
1229022169,,psm,EVT-0039,2023-11-03,METABOLIC_GLP1_INJ,pulmonology,West,230.5,,False,,,,
1241711534,1804484495,psm,EVT-0039,2023-11-03,METABOLIC_GLP1_INJ,primary care,Southeast,125.66666666666667,129.5,True,1,0.18360563303473487,0.18321471806130255,0.00039091497343232695
1246066447,,psm,EVT-0039,2023-11-03,METABOLIC_GLP1_INJ,rheumatology,Southwest,323.5,,False,,,,
1274985831,1795350721,psm,EVT-0039,2023-11-03,METABOLIC_GLP1_INJ,rheumatology,Southwest,156.66666666666666,169.66666666666666,True,1,0.12211936810777939,0.1428500536005814,0.020730685492802006
1286477181,1304105269,psm,EVT-0039,2023-11-03,METABOLIC_GLP1_INJ,cardiology,Midwest,166.33333333333334,166.33333333333334,True,1,0.11018091782881369,0.11018091782881369,0.0
1321405205,1922185990,psm,EVT-0039,2023-11-03,METABOLIC_GLP1_INJ,primary care,West,26.833333333333332,39.333333333333336,True,1,0.17284938580630427,0.16359653946015376,0.009252846346150506
1341556789,,psm,EVT-0039,2023-11-03,METABOLIC_GLP1_INJ,cardiology,West,264.0,,False,,,,
1389159553,1635581279,psm,EVT-0039,2023-11-03,METABOLIC_GLP1_INJ,primary care,Southeast,228.5,244.0,True,1,0.17334181957178568,0.17183472393690635,0.0015070956348793296
1435949049,1222151080,psm,EVT-0039,2023-11-03,METABOLIC_GLP1_INJ,rheumatology,Northeast,152.5,148.66666666666666,True,1,0.11879318844127609,0.09508143290431571,0.02371175553696038
1453128708,1449048093,psm,EVT-0039,2023-11-03,METABOLIC_GLP1_INJ,endocrinology,Northeast,80.83333333333333,79.0,True,1,0.09534705902866841,0.09358135129451935,0.0017657077341490662
1467704312,1901417067,psm,EVT-0039,2023-11-03,METABOLIC_GLP1_INJ,neurology,Northeast,125.5,125.5,True,1,0.08406653816955656,0.08406653816955656,0.0
1523498065,1200096471,psm,EVT-0039,2023-11-03,METABOLIC_GLP1_INJ,primary care,Southeast,108.16666666666667,87.66666666666667,True,1,0.18539845744230554,0.18751578429834664,0.002117326856041102
1583696442,1332504376,psm,EVT-0039,2023-11-03,METABOLIC_GLP1_INJ,endocrinology,West,118.66666666666667,114.5,True,1,0.0718722493748821,0.07088054479359551,0.0009917045812865843
1590869917,1209829039,psm,EVT-0039,2023-11-03,METABOLIC_GLP1_INJ,primary care,Southwest,165.0,178.5,True,1,0.06477473300959123,0.067904828272288,0.0031300952626967665
1595774286,1925493359,psm,EVT-0039,2023-11-03,METABOLIC_GLP1_INJ,rheumatology,Midwest,137.16666666666666,106.5,True,1,0.08106291675704895,0.06250519658113203,0.01855772017591692
1610177150,1751172259,psm,EVT-0039,2023-11-03,METABOLIC_GLP1_INJ,cardiology,Southeast,144.33333333333334,144.16666666666666,True,1,0.1519018586014965,0.15166011722286016,0.00024174137863633427
1626268928,,psm,EVT-0039,2023-11-03,METABOLIC_GLP1_INJ,pulmonology,West,253.0,,False,,,,
1648626962,1976707814,psm,EVT-0039,2023-11-03,METABOLIC_GLP1_INJ,pulmonology,Southwest,59.0,54.666666666666664,True,1,0.17204452150600386,0.18834723930778477,0.016302717801780914
1685524518,1393729789,psm,EVT-0039,2023-11-03,METABOLIC_GLP1_INJ,primary care,Southeast,101.0,90.5,True,1,0.18613655434069423,0.18722204163201542,0.0010854872913211855
1703413967,1156754057,psm,EVT-0039,2023-11-03,METABOLIC_GLP1_INJ,endocrinology,West,159.66666666666666,157.33333333333334,True,1,0.08233384149298417,0.08170299182317212,0.0006308496698120558
1721479586,1434523506,psm,EVT-0039,2023-11-03,METABOLIC_GLP1_INJ,primary care,West,126.16666666666667,132.83333333333334,True,1,0.10995784054089058,0.1065527286175853,0.003405111923305282
1738903891,1769333869,psm,EVT-0039,2023-11-03,METABOLIC_GLP1_INJ,endocrinology,Southeast,175.16666666666666,143.66666666666666,True,1,0.07302399110234448,0.061506263007216365,0.011517728095128112
1750236147,1440623548,psm,EVT-0039,2023-11-03,METABOLIC_GLP1_INJ,cardiology,Southwest,174.83333333333334,169.5,True,1,0.08002426801378096,0.077583790832275,0.0024404771815059595
1758794279,,psm,EVT-0039,2023-11-03,METABOLIC_GLP1_INJ,endocrinology,Northeast,269.0,,False,,,,
1768831921,,psm,EVT-0039,2023-11-03,METABOLIC_GLP1_INJ,rheumatology,Northeast,236.0,,False,,,,
1806707737,1961509027,psm,EVT-0039,2023-11-03,METABOLIC_GLP1_INJ,primary care,West,99.83333333333333,93.16666666666667,True,1,0.12435358166750382,0.12824590162653066,0.0038923199590268354
1901019392,,psm,EVT-0039,2023-11-03,METABOLIC_GLP1_INJ,cardiology,West,476.5,,False,,,,
1944079924,1715246280,psm,EVT-0039,2023-11-03,METABOLIC_GLP1_INJ,rheumatology,Southeast,107.83333333333333,104.83333333333333,True,1,0.07089138425821102,0.06949309549448326,0.0013982887637277591
1955222058,1923786978,psm,EVT-0039,2023-11-03,METABOLIC_GLP1_INJ,cardiology,Southeast,176.83333333333334,176.16666666666666,True,1,0.2052807019643599,0.20405809954341375,0.0012226024209461561
1094274762,,psm,EVT-0040,2023-11-05,PC_ANTIHYPERTENSIVE,primary care,West,201.83333333333334,,False,,,,
1101185407,,psm,EVT-0040,2023-11-05,PC_ANTIHYPERTENSIVE,primary care,Midwest,537.8333333333334,,False,,,,
1124890801,1209566128,psm,EVT-0040,2023-11-05,PC_ANTIHYPERTENSIVE,primary care,Northeast,527.3333333333334,508.0,True,1,0.6376113776536401,0.5972764381400748,0.04033493951356526
1200480071,1261377760,psm,EVT-0040,2023-11-05,PC_ANTIHYPERTENSIVE,primary care,Northeast,245.83333333333334,253.5,True,1,0.12751730226250102,0.1352486391658374,0.007731336903336383
1227780172,,psm,EVT-0040,2023-11-05,PC_ANTIHYPERTENSIVE,primary care,Southwest,951.1666666666666,,False,,,,
1266945785,,psm,EVT-0040,2023-11-05,PC_ANTIHYPERTENSIVE,primary care,West,467.5,,False,,,,
1271768685,,psm,EVT-0040,2023-11-05,PC_ANTIHYPERTENSIVE,primary care,Midwest,308.6666666666667,,False,,,,
1284061300,,psm,EVT-0040,2023-11-05,PC_ANTIHYPERTENSIVE,primary care,West,426.3333333333333,,False,,,,
1315385710,,psm,EVT-0040,2023-11-05,PC_ANTIHYPERTENSIVE,primary care,Northeast,838.8333333333334,,False,,,,
1355374483,,psm,EVT-0040,2023-11-05,PC_ANTIHYPERTENSIVE,primary care,West,307.8333333333333,,False,,,,
1377426493,1296624285,psm,EVT-0040,2023-11-05,PC_ANTIHYPERTENSIVE,primary care,West,229.83333333333334,229.33333333333334,True,1,0.38243057437602856,0.37995400569494525,0.002476568681083313
1385532449,1363342464,psm,EVT-0040,2023-11-05,PC_ANTIHYPERTENSIVE,primary care,Southeast,440.8333333333333,416.0,True,1,0.3334805127153655,0.29956012853371317,0.03392038418165233
1436505063,1548652282,psm,EVT-0040,2023-11-05,PC_ANTIHYPERTENSIVE,primary care,Midwest,383.3333333333333,393.3333333333333,True,1,0.6858171463420789,0.7326707494224227,0.04685360308034381
1484724632,1767508967,psm,EVT-0040,2023-11-05,PC_ANTIHYPERTENSIVE,primary care,Northeast,350.5,355.6666666666667,True,1,0.26934066502476345,0.27842179326460037,0.009081128239836922
1536278926,,psm,EVT-0040,2023-11-05,PC_ANTIHYPERTENSIVE,primary care,West,576.8333333333334,,False,,,,
1552813903,,psm,EVT-0040,2023-11-05,PC_ANTIHYPERTENSIVE,primary care,Northeast,1384.1666666666667,,False,,,,
1686880901,1643297637,psm,EVT-0040,2023-11-05,PC_ANTIHYPERTENSIVE,primary care,West,222.83333333333334,231.0,True,1,0.3483654920968565,0.38823284225191523,0.03986735015505871
1689916181,1714021262,psm,EVT-0040,2023-11-05,PC_ANTIHYPERTENSIVE,primary care,Northeast,424.3333333333333,415.0,True,1,0.4145038318642677,0.3946345365607734,0.019869295303494294
1752727945,1851932792,psm,EVT-0040,2023-11-05,PC_ANTIHYPERTENSIVE,primary care,West,176.83333333333334,177.16666666666666,True,1,0.16908189533908285,0.17006754165442242,0.0009856463153395667
1808826295,,psm,EVT-0040,2023-11-05,PC_ANTIHYPERTENSIVE,primary care,Southeast,360.0,,False,,,,
1812815243,,psm,EVT-0040,2023-11-05,PC_ANTIHYPERTENSIVE,primary care,Midwest,492.6666666666667,,False,,,,
1815807585,1838439200,psm,EVT-0040,2023-11-05,PC_ANTIHYPERTENSIVE,primary care,Southeast,480.0,493.1666666666667,True,1,0.3905473750803113,0.4105193370750301,0.01997196199471879
1844747141,1223523766,psm,EVT-0040,2023-11-05,PC_ANTIHYPERTENSIVE,primary care,West,233.5,232.66666666666666,True,1,0.4007716277360355,0.3965766920109818,0.0041949357250536945
1896554999,,psm,EVT-0040,2023-11-05,PC_ANTIHYPERTENSIVE,primary care,West,409.5,,False,,,,
1927430854,,psm,EVT-0040,2023-11-05,PC_ANTIHYPERTENSIVE,primary care,Southeast,546.8333333333334,,False,,,,
1937514325,,psm,EVT-0040,2023-11-05,PC_ANTIHYPERTENSIVE,primary care,West,347.3333333333333,,False,,,,
1955620046,1892083019,psm,EVT-0040,2023-11-05,PC_ANTIHYPERTENSIVE,primary care,Southeast,331.6666666666667,305.8333333333333,True,1,0.20064786013990246,0.17574048718176877,0.024907372958133694
1026722938,,psm,EVT-0041,2023-11-10,ENDO_BASAL_INSULIN,endocrinology,Midwest,612.5,,False,,,,
1050705288,,psm,EVT-0041,2023-11-10,ENDO_BASAL_INSULIN,endocrinology,Southeast,669.1666666666666,,False,,,,
1065091666,1756884833,psm,EVT-0041,2023-11-10,ENDO_BASAL_INSULIN,endocrinology,West,195.66666666666666,167.66666666666666,True,1,0.13104771230994747,0.10686089882663555,0.02418681348331192
1219516501,,psm,EVT-0041,2023-11-10,ENDO_BASAL_INSULIN,endocrinology,Midwest,397.1666666666667,,False,,,,
1324237324,1702446943,psm,EVT-0041,2023-11-10,ENDO_BASAL_INSULIN,endocrinology,West,259.1666666666667,263.6666666666667,True,1,0.20314610270850544,0.2092350442356639,0.006088941527158442
1330156328,1999506508,psm,EVT-0041,2023-11-10,ENDO_BASAL_INSULIN,endocrinology,Southwest,217.83333333333334,214.16666666666666,True,1,0.1728198878107337,0.1695834202996294,0.0032364675111043184
1361521440,,psm,EVT-0041,2023-11-10,ENDO_BASAL_INSULIN,endocrinology,Midwest,280.8333333333333,,False,,,,
1365873573,1028436479,psm,EVT-0041,2023-11-10,ENDO_BASAL_INSULIN,endocrinology,Southwest,258.0,237.33333333333334,True,1,0.21150134090484404,0.19085489967285438,0.020646441231989665
1394609428,1012264374,psm,EVT-0041,2023-11-10,ENDO_BASAL_INSULIN,endocrinology,Southwest,521.0,531.3333333333334,True,1,0.5793728787697375,0.5949537109759553,0.015580832206217754
1435662964,1257768279,psm,EVT-0041,2023-11-10,ENDO_BASAL_INSULIN,endocrinology,West,192.5,182.16666666666666,True,1,0.12809515683129577,0.11885301960537907,0.0092421372259167
1449048093,1736538384,psm,EVT-0041,2023-11-10,ENDO_BASAL_INSULIN,endocrinology,Northeast,74.66666666666667,73.5,True,1,0.5402210569003195,0.5419676952801348,0.0017466383798152574
1497642888,1333043895,psm,EVT-0041,2023-11-10,ENDO_BASAL_INSULIN,endocrinology,Northeast,202.5,210.5,True,1,0.35217300082900027,0.3412486376815557,0.010924363147444549
1518121706,1630629040,psm,EVT-0041,2023-11-10,ENDO_BASAL_INSULIN,endocrinology,Southeast,203.5,164.16666666666666,True,1,0.056245164200154636,0.040441317619331126,0.01580384658082351
1677860136,1299832539,psm,EVT-0041,2023-11-10,ENDO_BASAL_INSULIN,endocrinology,Northeast,279.0,273.6666666666667,True,1,0.2552632260232978,0.2614241183338427,0.0061608923105448965
1704331150,1432188427,psm,EVT-0041,2023-11-10,ENDO_BASAL_INSULIN,endocrinology,West,324.3333333333333,326.0,True,1,0.3040710784983115,0.30699473024682794,0.0029236517485164426
1706991829,,psm,EVT-0041,2023-11-10,ENDO_BASAL_INSULIN,endocrinology,Midwest,281.1666666666667,,False,,,,
1746046261,1708639657,psm,EVT-0041,2023-11-10,ENDO_BASAL_INSULIN,endocrinology,Northeast,174.83333333333334,165.0,True,1,0.39109945392177065,0.40530571078752037,0.014206256865749722
1768225918,,psm,EVT-0041,2023-11-10,ENDO_BASAL_INSULIN,endocrinology,Midwest,325.6666666666667,,False,,,,
1779411515,,psm,EVT-0041,2023-11-10,ENDO_BASAL_INSULIN,endocrinology,Midwest,296.0,,False,,,,
1803502636,,psm,EVT-0041,2023-11-10,ENDO_BASAL_INSULIN,endocrinology,Northeast,230.83333333333334,,False,,,,
1009179924,,psm,EVT-0042,2023-11-12,METABOLIC_GLP1_INJ,cardiology,West,190.16666666666666,,False,,,,
1025978341,1805422742,psm,EVT-0042,2023-11-12,METABOLIC_GLP1_INJ,endocrinology,Northeast,221.33333333333334,247.5,True,1,0.2710648194390917,0.3195020198811559,0.04843720044206418
1026722938,,psm,EVT-0042,2023-11-12,METABOLIC_GLP1_INJ,endocrinology,Midwest,339.5,,False,,,,
1048976678,1393729789,psm,EVT-0042,2023-11-12,METABOLIC_GLP1_INJ,primary care,Southeast,106.5,90.5,True,1,0.10073269590302979,0.10103796017641763,0.0003052642733878397
1065455036,1642024693,psm,EVT-0042,2023-11-12,METABOLIC_GLP1_INJ,rheumatology,Northeast,63.0,68.0,True,1,0.21910619690507113,0.18003384203394118,0.03907235487112995
1074076039,1443907526,psm,EVT-0042,2023-11-12,METABOLIC_GLP1_INJ,cardiology,Southeast,212.5,203.66666666666666,True,1,0.41678368060542215,0.403136745094215,0.013646935511207159
1078096579,1742318383,psm,EVT-0042,2023-11-12,METABOLIC_GLP1_INJ,cardiology,Midwest,121.0,119.0,True,1,0.1562882471809203,0.14939011289089127,0.006898134290029029
1107038659,1400951004,psm,EVT-0042,2023-11-12,METABOLIC_GLP1_INJ,endocrinology,Northeast,130.0,119.5,True,1,0.14147671547845747,0.13048901614888497,0.010987699329572498
1123148250,,psm,EVT-0042,2023-11-12,METABOLIC_GLP1_INJ,cardiology,Southwest,292.8333333333333,,False,,,,
1139166684,,psm,EVT-0042,2023-11-12,METABOLIC_GLP1_INJ,pulmonology,Midwest,119.33333333333333,,False,,,,
1180932224,1838439200,psm,EVT-0042,2023-11-12,METABOLIC_GLP1_INJ,primary care,Southeast,182.0,178.33333333333334,True,1,0.09930325768472348,0.09937225956538463,6.90018806611542e-05
1194203331,,psm,EVT-0042,2023-11-12,METABOLIC_GLP1_INJ,rheumatology,Southeast,293.8333333333333,,False,,,,
1202669523,,psm,EVT-0042,2023-11-12,METABOLIC_GLP1_INJ,cardiology,Midwest,237.83333333333334,,False,,,,
1265952337,1056679651,psm,EVT-0042,2023-11-12,METABOLIC_GLP1_INJ,cardiology,Northeast,79.33333333333333,81.33333333333333,True,1,0.17303395793742632,0.17041814875734834,0.002615809180077977
1271768685,,psm,EVT-0042,2023-11-12,METABOLIC_GLP1_INJ,primary care,Midwest,225.66666666666666,,False,,,,
1286477181,1304105269,psm,EVT-0042,2023-11-12,METABOLIC_GLP1_INJ,cardiology,Midwest,166.33333333333334,166.33333333333334,True,1,0.38264270555326635,0.38264270555326635,0.0
1299418347,1541379537,psm,EVT-0042,2023-11-12,METABOLIC_GLP1_INJ,cardiology,Northeast,140.0,140.16666666666666,True,1,0.10696415460968939,0.1068178469076572,0.00014630770203219456
1341556789,,psm,EVT-0042,2023-11-12,METABOLIC_GLP1_INJ,cardiology,West,264.0,,False,,,,
1386514024,1383406257,psm,EVT-0042,2023-11-12,METABOLIC_GLP1_INJ,cardiology,West,91.5,89.66666666666667,True,1,0.09710900986086711,0.09394293424477368,0.0031660756160934306
1394609428,,psm,EVT-0042,2023-11-12,METABOLIC_GLP1_INJ,endocrinology,Southwest,298.3333333333333,,False,,,,
1455779946,1352216182,psm,EVT-0042,2023-11-12,METABOLIC_GLP1_INJ,primary care,Southwest,127.33333333333333,132.83333333333334,True,1,0.11985777038381673,0.11897545048661777,0.0008823198971989604
1475115246,1282914906,psm,EVT-0042,2023-11-12,METABOLIC_GLP1_INJ,cardiology,Southeast,136.5,112.16666666666667,True,1,0.3054606955086266,0.2735167457832816,0.03194394972534498
1492077734,,psm,EVT-0042,2023-11-12,METABOLIC_GLP1_INJ,cardiology,Midwest,173.16666666666666,,False,,,,
1494868502,1793685516,psm,EVT-0042,2023-11-12,METABOLIC_GLP1_INJ,cardiology,Southeast,61.166666666666664,69.83333333333333,True,1,0.2137267184441716,0.22317664286759067,0.009449924423419076
1533003293,1262874856,psm,EVT-0042,2023-11-12,METABOLIC_GLP1_INJ,pulmonology,Midwest,113.33333333333333,113.66666666666667,True,1,0.22594791600168235,0.22915724624437833,0.0032093302426959847
1557944620,1769234364,psm,EVT-0042,2023-11-12,METABOLIC_GLP1_INJ,primary care,Southwest,147.83333333333334,143.83333333333334,True,1,0.11659763871279372,0.11722765840391813,0.0006300196911244171
1595774286,1925493359,psm,EVT-0042,2023-11-12,METABOLIC_GLP1_INJ,rheumatology,Midwest,137.16666666666666,106.5,True,1,0.08106291675704895,0.06250519658113203,0.01855772017591692
1598661571,1892307210,psm,EVT-0042,2023-11-12,METABOLIC_GLP1_INJ,rheumatology,Northeast,83.0,81.66666666666667,True,1,0.0951921611968313,0.10097582137216425,0.0057836601753329525
1648553570,,psm,EVT-0042,2023-11-12,METABOLIC_GLP1_INJ,cardiology,Southwest,477.3333333333333,,False,,,,
1670701188,1923786978,psm,EVT-0042,2023-11-12,METABOLIC_GLP1_INJ,cardiology,Southeast,154.16666666666666,176.16666666666666,True,1,0.32991160701483585,0.36168373829822437,0.031772131283388516
1683943777,1361620622,psm,EVT-0042,2023-11-12,METABOLIC_GLP1_INJ,cardiology,West,233.0,222.66666666666666,True,1,0.6453640601627739,0.5968041110687641,0.04855994909400985
1713444978,,psm,EVT-0042,2023-11-12,METABOLIC_GLP1_INJ,endocrinology,Midwest,211.16666666666666,,False,,,,
1714986282,1185877283,psm,EVT-0042,2023-11-12,METABOLIC_GLP1_INJ,cardiology,West,177.83333333333334,177.83333333333334,True,1,0.37659595514297556,0.37659595514297556,0.0
1719186219,1088938448,psm,EVT-0042,2023-11-12,METABOLIC_GLP1_INJ,oncology,West,120.5,112.83333333333333,True,1,0.08173517799334164,0.06532596368719992,0.016409214306141715
1727463709,1850313960,psm,EVT-0042,2023-11-12,METABOLIC_GLP1_INJ,cardiology,West,61.333333333333336,59.166666666666664,True,1,0.055578339668957706,0.053348285402041416,0.00223005426691629
1747637738,1377516020,psm,EVT-0042,2023-11-12,METABOLIC_GLP1_INJ,primary care,Midwest,67.16666666666667,69.83333333333333,True,1,0.11357685987900673,0.11689283370494985,0.0033159738259431193
1814938340,1751172259,psm,EVT-0042,2023-11-12,METABOLIC_GLP1_INJ,cardiology,Southeast,137.83333333333334,144.16666666666666,True,1,0.30727048272012897,0.3159476018263555,0.008677119106226538
1824149854,1838809964,psm,EVT-0042,2023-11-12,METABOLIC_GLP1_INJ,neurology,Southeast,110.33333333333333,113.0,True,1,0.07915678741418773,0.08354197647207871,0.004385189057890981
1840863041,1775891033,psm,EVT-0042,2023-11-12,METABOLIC_GLP1_INJ,oncology,Southeast,55.166666666666664,55.166666666666664,True,1,0.03961099361114584,0.03961099361114584,0.0
1848624494,1540759788,psm,EVT-0042,2023-11-12,METABOLIC_GLP1_INJ,primary care,Midwest,107.0,110.66666666666667,True,1,0.1723785535565161,0.17885266934509858,0.00647411578858248
1880265578,1200346587,psm,EVT-0042,2023-11-12,METABOLIC_GLP1_INJ,cardiology,Midwest,107.16666666666667,108.5,True,1,0.11358295683967168,0.11720881033194482,0.0036258534922731372
1880717263,,psm,EVT-0042,2023-11-12,METABOLIC_GLP1_INJ,pulmonology,Northeast,128.83333333333334,,False,,,,
1025978341,,psm,EVT-0043,2023-11-12,ENDO_BASAL_INSULIN,endocrinology,Northeast,420.8333333333333,,False,,,,
1137408567,,psm,EVT-0043,2023-11-12,ENDO_BASAL_INSULIN,endocrinology,Northeast,434.6666666666667,,False,,,,
1257723886,,psm,EVT-0043,2023-11-12,ENDO_BASAL_INSULIN,endocrinology,Southwest,479.1666666666667,,False,,,,
1324722952,1333043895,psm,EVT-0043,2023-11-12,ENDO_BASAL_INSULIN,endocrinology,Northeast,231.5,210.5,True,1,0.0929807271991026,0.0710210253540701,0.0219597018450325
1361521440,,psm,EVT-0043,2023-11-12,ENDO_BASAL_INSULIN,endocrinology,Midwest,280.8333333333333,,False,,,,
1394609428,1012264374,psm,EVT-0043,2023-11-12,ENDO_BASAL_INSULIN,endocrinology,Southwest,521.0,531.3333333333334,True,1,0.6768159473930805,0.7144177994675521,0.03760185207447164
1583696442,1257768279,psm,EVT-0043,2023-11-12,ENDO_BASAL_INSULIN,endocrinology,West,209.16666666666666,182.16666666666666,True,1,0.18301097612737738,0.1623752647906408,0.020635711336736584
1703413967,1295389203,psm,EVT-0043,2023-11-12,ENDO_BASAL_INSULIN,endocrinology,West,226.16666666666666,240.16666666666666,True,1,0.19701639793040748,0.20914619301870008,0.012129795088292594
1704331150,1432188427,psm,EVT-0043,2023-11-12,ENDO_BASAL_INSULIN,endocrinology,West,324.3333333333333,326.0,True,1,0.29330606871467785,0.295159371039568,0.0018533023248901714
1749652321,1939526327,psm,EVT-0043,2023-11-12,ENDO_BASAL_INSULIN,endocrinology,West,116.83333333333333,118.33333333333333,True,1,0.1202029885854273,0.12105502799131493,0.0008520394058876279
1779411515,,psm,EVT-0043,2023-11-12,ENDO_BASAL_INSULIN,endocrinology,Midwest,296.0,,False,,,,
1836314447,,psm,EVT-0043,2023-11-12,ENDO_BASAL_INSULIN,endocrinology,Southeast,383.1666666666667,,False,,,,
1993463169,1756884833,psm,EVT-0043,2023-11-12,ENDO_BASAL_INSULIN,endocrinology,West,213.33333333333334,167.66666666666666,True,1,0.1863706150109919,0.15208959381870998,0.03428102119228191
1041585906,1051073538,psm,EVT-0044,2023-11-13,ONC_TARGETED_ORAL,oncology,West,134.0,129.5,True,1,0.049310375500192224,0.045307636739621814,0.004002738760570411
1209464480,,psm,EVT-0044,2023-11-13,ONC_TARGETED_ORAL,oncology,Southeast,395.6666666666667,,False,,,,
1292975558,,psm,EVT-0044,2023-11-13,ONC_TARGETED_ORAL,oncology,Northeast,567.5,,False,,,,
1358245029,1743613295,psm,EVT-0044,2023-11-13,ONC_TARGETED_ORAL,oncology,Midwest,168.5,161.66666666666666,True,1,0.03517388822636983,0.03456724688569096,0.000606641340678872
1758206720,1852326267,psm,EVT-0044,2023-11-13,ONC_TARGETED_ORAL,oncology,Southwest,185.83333333333334,171.0,True,1,0.08589739115193858,0.077289535046521,0.008607856105417575
1811081532,1511742359,psm,EVT-0044,2023-11-13,ONC_TARGETED_ORAL,oncology,Northeast,168.16666666666666,163.66666666666666,True,1,0.037132258141840506,0.03549692120828291,0.0016353369335575935
1044666919,1724378447,psm,EVT-0045,2023-11-14,NEURO_MIGRAINE_CGRP,neurology,Southeast,122.5,132.66666666666666,True,1,0.18186056707518106,0.18993210898429613,0.008071541909115076
1159841240,,psm,EVT-0045,2023-11-14,NEURO_MIGRAINE_CGRP,neurology,Southeast,479.3333333333333,,False,,,,
1196385359,,psm,EVT-0045,2023-11-14,NEURO_MIGRAINE_CGRP,neurology,Southwest,335.3333333333333,,False,,,,
1398789739,1914644640,psm,EVT-0045,2023-11-14,NEURO_MIGRAINE_CGRP,neurology,Northeast,236.66666666666666,230.66666666666666,True,1,0.2029524895775041,0.20072592900935668,0.0022265605681474343
1413495239,1026926489,psm,EVT-0045,2023-11-14,NEURO_MIGRAINE_CGRP,neurology,Southeast,328.6666666666667,295.3333333333333,True,1,0.3960132928941483,0.3550318687445176,0.04098142414963074
1592062677,,psm,EVT-0045,2023-11-14,NEURO_MIGRAINE_CGRP,neurology,Southeast,357.0,,False,,,,
1616418756,1527981900,psm,EVT-0045,2023-11-14,NEURO_MIGRAINE_CGRP,neurology,Northeast,178.83333333333334,169.5,True,1,0.1822522366782485,0.17906989688915936,0.0031823397890891336
1697719783,1388802401,psm,EVT-0045,2023-11-14,NEURO_MIGRAINE_CGRP,neurology,Southwest,244.33333333333334,262.1666666666667,True,1,0.17649058747367835,0.2255731316776678,0.04908254420398944
1728890785,1974446365,psm,EVT-0045,2023-11-14,NEURO_MIGRAINE_CGRP,neurology,Southeast,154.16666666666666,141.33333333333334,True,1,0.2078971089830132,0.19702701034800413,0.010870098635009068
1836939912,1464676570,psm,EVT-0045,2023-11-14,NEURO_MIGRAINE_CGRP,neurology,Southeast,179.16666666666666,176.16666666666666,True,1,0.23032423591930715,0.2275457779738754,0.002778457945431745
1980975555,1769764832,psm,EVT-0045,2023-11-14,NEURO_MIGRAINE_CGRP,neurology,Northeast,204.83333333333334,211.66666666666666,True,1,0.1913486170155016,0.19379608081963845,0.0024474638041368513
1022312734,1275443434,psm,EVT-0046,2023-11-15,METABOLIC_GLP1_INJ,primary care,Midwest,46.333333333333336,45.166666666666664,True,1,0.2808212316587477,0.2778209962556414,0.003000235403106344
1036327983,1922185990,psm,EVT-0046,2023-11-15,METABOLIC_GLP1_INJ,primary care,West,40.0,39.333333333333336,True,1,0.06422633706114836,0.06366939591677782,0.0005569411443705347
1044666919,,psm,EVT-0046,2023-11-15,METABOLIC_GLP1_INJ,neurology,Southeast,217.5,,False,,,,
1050506165,1250017203,psm,EVT-0046,2023-11-15,METABOLIC_GLP1_INJ,pulmonology,Southeast,58.833333333333336,58.5,True,1,0.1339651982303425,0.13675036936746254,0.0027851711371200405
1075036339,,psm,EVT-0046,2023-11-15,METABOLIC_GLP1_INJ,pulmonology,West,31.333333333333332,,False,,,,
1075683551,,psm,EVT-0046,2023-11-15,METABOLIC_GLP1_INJ,rheumatology,Southeast,200.33333333333334,,False,,,,
1084471394,,psm,EVT-0046,2023-11-15,METABOLIC_GLP1_INJ,primary care,Northeast,253.83333333333334,,False,,,,
1098995024,1742974847,psm,EVT-0046,2023-11-15,METABOLIC_GLP1_INJ,primary care,Northeast,107.5,81.5,True,1,0.23505439117150884,0.19410400195641453,0.04095038921509431
1101185407,,psm,EVT-0046,2023-11-15,METABOLIC_GLP1_INJ,primary care,Midwest,231.0,,False,,,,
1133130363,1209566128,psm,EVT-0046,2023-11-15,METABOLIC_GLP1_INJ,primary care,Northeast,306.5,298.5,True,1,0.6646934876523435,0.6477891969069237,0.01690429074541977
1133616429,1020833996,psm,EVT-0046,2023-11-15,METABOLIC_GLP1_INJ,neurology,Midwest,63.833333333333336,66.0,True,1,0.07440013786671838,0.07790006019566013,0.0034999223289417514
1170846871,1295857761,psm,EVT-0046,2023-11-15,METABOLIC_GLP1_INJ,primary care,Southeast,40.333333333333336,40.0,True,1,0.09821997628049027,0.09794766690587828,0.00027230937461199256
1180932224,1838439200,psm,EVT-0046,2023-11-15,METABOLIC_GLP1_INJ,primary care,Southeast,182.0,178.33333333333334,True,1,0.2872211760377967,0.2803393411543968,0.006881834883399884
1246066447,,psm,EVT-0046,2023-11-15,METABOLIC_GLP1_INJ,rheumatology,Southwest,323.5,,False,,,,
1263807582,,psm,EVT-0046,2023-11-15,METABOLIC_GLP1_INJ,primary care,Northeast,285.5,,False,,,,
1264333323,,psm,EVT-0046,2023-11-15,METABOLIC_GLP1_INJ,primary care,Northeast,108.66666666666667,,False,,,,
1271768685,,psm,EVT-0046,2023-11-15,METABOLIC_GLP1_INJ,primary care,Midwest,225.66666666666666,,False,,,,
1274985831,1795350721,psm,EVT-0046,2023-11-15,METABOLIC_GLP1_INJ,rheumatology,Southwest,156.66666666666666,169.66666666666666,True,1,0.12211936810777939,0.1428500536005814,0.020730685492802006
1300832031,1069143851,psm,EVT-0046,2023-11-15,METABOLIC_GLP1_INJ,cardiology,West,160.5,163.33333333333334,True,1,0.21829430492957935,0.22780925369645452,0.00951494876687517
1330017819,,psm,EVT-0046,2023-11-15,METABOLIC_GLP1_INJ,neurology,Southwest,574.5,,False,,,,
1333393084,1135650855,psm,EVT-0046,2023-11-15,METABOLIC_GLP1_INJ,primary care,Midwest,172.16666666666666,159.5,True,1,0.6608643888930769,0.6237110748980594,0.03715331399501742
1334266016,1566276774,psm,EVT-0046,2023-11-15,METABOLIC_GLP1_INJ,primary care,Southwest,262.5,257.1666666666667,True,1,0.38764863983771686,0.3677300035408495,0.019918636296867354
1335670091,1166978878,psm,EVT-0046,2023-11-15,METABOLIC_GLP1_INJ,primary care,Midwest,47.166666666666664,52.166666666666664,True,1,0.2829763055014945,0.2961144064002242,0.013138100898729688
1377426493,1873780039,psm,EVT-0046,2023-11-15,METABOLIC_GLP1_INJ,primary care,West,224.5,223.5,True,1,0.47402765608531017,0.4705492588120219,0.0034783972732882473
1385532449,1174238463,psm,EVT-0046,2023-11-15,METABOLIC_GLP1_INJ,primary care,Southeast,200.33333333333334,188.33333333333334,True,1,0.32308797899956376,0.299342145006341,0.023745833993222776
1386514024,1383406257,psm,EVT-0046,2023-11-15,METABOLIC_GLP1_INJ,cardiology,West,91.5,89.66666666666667,True,1,0.0683138296055316,0.06608679266984202,0.002227036935689583
1418997171,,psm,EVT-0046,2023-11-15,METABOLIC_GLP1_INJ,primary care,Northeast,271.0,,False,,,,
1423152481,1364720148,psm,EVT-0046,2023-11-15,METABOLIC_GLP1_INJ,primary care,Southeast,310.5,298.3333333333333,True,1,0.5689906473389913,0.5412508422707016,0.027739805068289658
1453128708,1657655308,psm,EVT-0046,2023-11-15,METABOLIC_GLP1_INJ,endocrinology,Northeast,80.83333333333333,68.5,True,1,0.1118162891605372,0.12651146113999923,0.014695171979462032
1475115246,1751172259,psm,EVT-0046,2023-11-15,METABOLIC_GLP1_INJ,cardiology,Southeast,136.5,144.16666666666666,True,1,0.14859380082052276,0.15600595481172402,0.007412153991201265
1506356074,,psm,EVT-0046,2023-11-15,METABOLIC_GLP1_INJ,primary care,Midwest,184.16666666666666,,False,,,,
1540759788,1381937048,psm,EVT-0046,2023-11-15,METABOLIC_GLP1_INJ,primary care,Midwest,110.66666666666667,112.5,True,1,0.4704037872438839,0.4762423312603639,0.005838544016480041
1595301304,1769234364,psm,EVT-0046,2023-11-15,METABOLIC_GLP1_INJ,primary care,Southwest,147.66666666666666,143.83333333333334,True,1,0.09260709867795283,0.0876132706826202,0.004993827995332628
1610820601,1181360912,psm,EVT-0046,2023-11-15,METABOLIC_GLP1_INJ,primary care,Midwest,78.16666666666667,86.5,True,1,0.36965062457761777,0.3947816900686487,0.025131065491030946
1616418756,,psm,EVT-0046,2023-11-15,METABOLIC_GLP1_INJ,neurology,Northeast,204.5,,False,,,,
1635581279,,psm,EVT-0046,2023-11-15,METABOLIC_GLP1_INJ,primary care,Southeast,244.0,,False,,,,
1648553570,,psm,EVT-0046,2023-11-15,METABOLIC_GLP1_INJ,cardiology,Southwest,477.3333333333333,,False,,,,
1670701188,1923786978,psm,EVT-0046,2023-11-15,METABOLIC_GLP1_INJ,cardiology,Southeast,154.16666666666666,176.16666666666666,True,1,0.16612355241757198,0.19022047168146503,0.02409691926389304
1714986282,1185877283,psm,EVT-0046,2023-11-15,METABOLIC_GLP1_INJ,cardiology,West,177.83333333333334,177.83333333333334,True,1,0.28095959243772495,0.28095959243772495,0.0
1721479586,1434523506,psm,EVT-0046,2023-11-15,METABOLIC_GLP1_INJ,primary care,West,126.16666666666667,132.83333333333334,True,1,0.1859757659555723,0.20047466852162932,0.014498902566057015
1732527431,,psm,EVT-0046,2023-11-15,METABOLIC_GLP1_INJ,primary care,Southeast,329.1666666666667,,False,,,,
1742579091,1134089733,psm,EVT-0046,2023-11-15,METABOLIC_GLP1_INJ,primary care,Northeast,119.5,120.83333333333333,True,1,0.25586555799606103,0.25825105093366363,0.0023854929376025957
1747032997,1261377760,psm,EVT-0046,2023-11-15,METABOLIC_GLP1_INJ,primary care,Northeast,151.5,145.0,True,1,0.3169578715816835,0.30392406528843763,0.013033806293245853
1747637738,1377516020,psm,EVT-0046,2023-11-15,METABOLIC_GLP1_INJ,primary care,Midwest,67.16666666666667,69.83333333333333,True,1,0.3375474973060027,0.34520685730960277,0.007659360003600069
1768225918,1835878442,psm,EVT-0046,2023-11-15,METABOLIC_GLP1_INJ,endocrinology,Midwest,110.16666666666667,107.0,True,1,0.11813261956259752,0.11750911606128601,0.0006235035013115037
1779411515,1225504491,psm,EVT-0046,2023-11-15,METABOLIC_GLP1_INJ,endocrinology,Midwest,193.0,167.5,True,1,0.13548366605696482,0.1299246851677129,0.005558980889251913
1812815243,,psm,EVT-0046,2023-11-15,METABOLIC_GLP1_INJ,primary care,Midwest,202.33333333333334,,False,,,,
1824172013,,psm,EVT-0046,2023-11-15,METABOLIC_GLP1_INJ,primary care,Midwest,627.6666666666666,,False,,,,
1880717263,,psm,EVT-0046,2023-11-15,METABOLIC_GLP1_INJ,pulmonology,Northeast,128.83333333333334,,False,,,,
1893020424,,psm,EVT-0046,2023-11-15,METABOLIC_GLP1_INJ,neurology,Midwest,249.5,,False,,,,
1903798589,1783823739,psm,EVT-0046,2023-11-15,METABOLIC_GLP1_INJ,primary care,Southwest,278.3333333333333,271.1666666666667,True,1,0.44878681201048903,0.4208047214208181,0.027982090589670938
1922670785,,psm,EVT-0046,2023-11-15,METABOLIC_GLP1_INJ,primary care,Southeast,329.0,,False,,,,
1937514325,1547660377,psm,EVT-0046,2023-11-15,METABOLIC_GLP1_INJ,primary care,West,192.16666666666666,192.16666666666666,True,1,0.36464869550904955,0.36464869550904955,0.0
1018018261,,psm,EVT-0047,2023-11-23,CV_ANTICOAG_ORAL,primary care,Northeast,280.3333333333333,,False,,,,
1025231352,1739712036,psm,EVT-0047,2023-11-23,CV_ANTICOAG_ORAL,rheumatology,Northeast,186.33333333333334,197.5,True,1,0.04979027842900241,0.05244386239420481,0.002653583965202398
1101185407,1428222503,psm,EVT-0047,2023-11-23,CV_ANTICOAG_ORAL,primary care,Midwest,116.5,108.83333333333333,True,1,0.12685920819799534,0.11368709741437491,0.013172110783620433
1123148250,1369949932,psm,EVT-0047,2023-11-23,CV_ANTICOAG_ORAL,cardiology,Southwest,243.66666666666666,236.0,True,1,0.1705000314412173,0.16637276300602868,0.004127268435188625
1139166684,1341720393,psm,EVT-0047,2023-11-23,CV_ANTICOAG_ORAL,pulmonology,Midwest,116.83333333333333,112.66666666666667,True,1,0.2169700554703936,0.2030281930255417,0.013941862444851905
1216575070,,psm,EVT-0047,2023-11-23,CV_ANTICOAG_ORAL,primary care,Midwest,176.83333333333334,,False,,,,
1268222167,,psm,EVT-0047,2023-11-23,CV_ANTICOAG_ORAL,primary care,Midwest,318.3333333333333,,False,,,,
1357524945,1757283357,psm,EVT-0047,2023-11-23,CV_ANTICOAG_ORAL,rheumatology,Midwest,148.5,133.66666666666666,True,1,0.0917340218553868,0.08206765518905966,0.009666366666327142
1358245029,1943531446,psm,EVT-0047,2023-11-23,CV_ANTICOAG_ORAL,oncology,Midwest,124.83333333333333,121.16666666666667,True,1,0.03677118126672191,0.036140334143487655,0.000630847123234253
1376656900,1555285877,psm,EVT-0047,2023-11-23,CV_ANTICOAG_ORAL,cardiology,Southwest,79.33333333333333,81.83333333333333,True,1,0.09852463412257717,0.09938138973515634,0.0008567556125791687
1394609428,,psm,EVT-0047,2023-11-23,CV_ANTICOAG_ORAL,endocrinology,Southwest,341.0,,False,,,,
1460081361,1746587884,psm,EVT-0047,2023-11-23,CV_ANTICOAG_ORAL,cardiology,Northeast,141.83333333333334,143.83333333333334,True,1,0.12453193401639705,0.12410518308077331,0.0004267509356237348
1467704312,,psm,EVT-0047,2023-11-23,CV_ANTICOAG_ORAL,neurology,Northeast,289.6666666666667,,False,,,,
1474100561,1588179048,psm,EVT-0047,2023-11-23,CV_ANTICOAG_ORAL,pulmonology,Midwest,93.16666666666667,82.83333333333333,True,1,0.14667907612433043,0.12245715493097747,0.024221921193352952
1512844550,1081031506,psm,EVT-0047,2023-11-23,CV_ANTICOAG_ORAL,neurology,Southwest,153.66666666666666,140.0,True,1,0.07705305902454228,0.0715968731123406,0.005456185912201678
1688976343,,psm,EVT-0047,2023-11-23,CV_ANTICOAG_ORAL,pulmonology,Southeast,297.6666666666667,,False,,,,
1704492101,1981504099,psm,EVT-0047,2023-11-23,CV_ANTICOAG_ORAL,oncology,Southeast,42.666666666666664,40.333333333333336,True,1,0.023242918727387894,0.02253631874088074,0.0007065999865071559
1719186219,1015632783,psm,EVT-0047,2023-11-23,CV_ANTICOAG_ORAL,oncology,West,133.5,134.66666666666666,True,1,0.19313418048432543,0.20972129438198242,0.01658711389765699
1719574174,,psm,EVT-0047,2023-11-23,CV_ANTICOAG_ORAL,neurology,Midwest,164.0,,False,,,,
1732527431,1393729789,psm,EVT-0047,2023-11-23,CV_ANTICOAG_ORAL,primary care,Southeast,208.33333333333334,206.0,True,1,0.06557531439272844,0.06462006868900977,0.000955245703718674
1811081532,,psm,EVT-0047,2023-11-23,CV_ANTICOAG_ORAL,oncology,Northeast,216.0,,False,,,,
1840863041,,psm,EVT-0047,2023-11-23,CV_ANTICOAG_ORAL,oncology,Southeast,223.66666666666666,,False,,,,
1856406925,1624547729,psm,EVT-0047,2023-11-23,CV_ANTICOAG_ORAL,cardiology,Northeast,130.16666666666666,139.5,True,1,0.12704646142325554,0.1250314003446978,0.0020150610785577283
1880717263,1320611266,psm,EVT-0047,2023-11-23,CV_ANTICOAG_ORAL,pulmonology,Northeast,152.33333333333334,149.0,True,1,0.10990679335928784,0.10696093087661221,0.002945862482675629
1934829601,1304105269,psm,EVT-0047,2023-11-23,CV_ANTICOAG_ORAL,cardiology,Midwest,207.0,199.33333333333334,True,1,0.09178782691468382,0.07970733425115102,0.012080492663532796
1050705288,,psm,EVT-0048,2023-11-23,CV_ANTICOAG_ORAL,endocrinology,Southeast,510.5,,False,,,,
1139166684,1341720393,psm,EVT-0048,2023-11-23,CV_ANTICOAG_ORAL,pulmonology,Midwest,116.83333333333333,112.66666666666667,True,1,0.3445232254370257,0.3307808334437443,0.013742391993281367
1202669523,,psm,EVT-0048,2023-11-23,CV_ANTICOAG_ORAL,cardiology,Midwest,292.6666666666667,,False,,,,
1246066447,1892897319,psm,EVT-0048,2023-11-23,CV_ANTICOAG_ORAL,rheumatology,Southwest,214.83333333333334,218.66666666666666,True,1,0.12606635151385134,0.12920016217658942,0.0031338106627380735
1271768685,,psm,EVT-0048,2023-11-23,CV_ANTICOAG_ORAL,primary care,Midwest,192.83333333333334,,False,,,,
1352578078,1782341873,psm,EVT-0048,2023-11-23,CV_ANTICOAG_ORAL,pulmonology,Southeast,143.66666666666666,142.5,True,1,0.03730580104004134,0.03846477891514142,0.0011589778751000812
1369172659,,psm,EVT-0048,2023-11-23,CV_ANTICOAG_ORAL,pulmonology,Southeast,50.833333333333336,,False,,,,
1370467684,1160075531,psm,EVT-0048,2023-11-23,CV_ANTICOAG_ORAL,pulmonology,Midwest,65.66666666666667,64.83333333333333,True,1,0.19815603955059607,0.19621038719756945,0.0019456523530266279
1433980129,,psm,EVT-0048,2023-11-23,CV_ANTICOAG_ORAL,pulmonology,Northeast,50.0,,False,,,,
1436505063,1548652282,psm,EVT-0048,2023-11-23,CV_ANTICOAG_ORAL,primary care,Midwest,209.16666666666666,208.0,True,1,0.42712111695862054,0.4176312003261486,0.00948991663247195
1478412079,1293643247,psm,EVT-0048,2023-11-23,CV_ANTICOAG_ORAL,cardiology,Midwest,174.83333333333334,163.66666666666666,True,1,0.1031097121181384,0.07408081709226064,0.029028895025877757
1492077734,,psm,EVT-0048,2023-11-23,CV_ANTICOAG_ORAL,cardiology,Midwest,470.3333333333333,,False,,,,
1533003293,,psm,EVT-0048,2023-11-23,CV_ANTICOAG_ORAL,pulmonology,Midwest,327.8333333333333,,False,,,,
1547112395,1250113473,psm,EVT-0048,2023-11-23,CV_ANTICOAG_ORAL,pulmonology,Midwest,54.833333333333336,53.166666666666664,True,1,0.17398552268087514,0.17048103736684492,0.00350448531403022
1592062677,1095874958,psm,EVT-0048,2023-11-23,CV_ANTICOAG_ORAL,neurology,Southeast,200.33333333333334,215.16666666666666,True,1,0.13383884742571503,0.1778011284174607,0.04396228099174568
1598661571,1105435741,psm,EVT-0048,2023-11-23,CV_ANTICOAG_ORAL,rheumatology,Northeast,178.83333333333334,164.0,True,1,0.048204074967922284,0.045532429694949174,0.0026716452729731097
1616418756,1769764832,psm,EVT-0048,2023-11-23,CV_ANTICOAG_ORAL,neurology,Northeast,184.33333333333334,179.33333333333334,True,1,0.20348131407899714,0.17386134248700913,0.02961997159198801
1767249513,,psm,EVT-0048,2023-11-23,CV_ANTICOAG_ORAL,pulmonology,West,273.3333333333333,,False,,,,
1785764022,,psm,EVT-0048,2023-11-23,CV_ANTICOAG_ORAL,oncology,Northeast,201.5,,False,,,,
1787619711,,psm,EVT-0048,2023-11-23,CV_ANTICOAG_ORAL,cardiology,Midwest,351.0,,False,,,,
1903798589,1219172859,psm,EVT-0048,2023-11-23,CV_ANTICOAG_ORAL,primary care,Southwest,216.5,204.33333333333334,True,1,0.06508437226795201,0.062496963776258095,0.002587408491693914
1934763735,1041640354,psm,EVT-0048,2023-11-23,CV_ANTICOAG_ORAL,cardiology,Midwest,260.8333333333333,260.6666666666667,True,1,0.6521667280715864,0.6509384178413595,0.0012283102302268478
1993367014,1798313247,psm,EVT-0048,2023-11-23,CV_ANTICOAG_ORAL,pulmonology,Midwest,165.5,168.16666666666666,True,1,0.5186373519898921,0.5284479101925202,0.009810558202628106
1103232447,1618352078,psm,EVT-0049,2023-11-27,NEURO_MIGRAINE_CGRP,neurology,Southwest,183.33333333333334,190.16666666666666,True,1,0.14796796323837644,0.15882219196724628,0.010854228728869847
1159841240,,psm,EVT-0049,2023-11-27,NEURO_MIGRAINE_CGRP,neurology,Southeast,479.3333333333333,,False,,,,
1409867656,1527981900,psm,EVT-0049,2023-11-27,NEURO_MIGRAINE_CGRP,neurology,Northeast,181.33333333333334,169.5,True,1,0.24836701192909125,0.24507461022047075,0.003292401708620496
1467704312,1914644640,psm,EVT-0049,2023-11-27,NEURO_MIGRAINE_CGRP,neurology,Northeast,193.5,230.66666666666666,True,1,0.2517828982366654,0.2624092170283766,0.01062631879171122
1512844550,,psm,EVT-0049,2023-11-27,NEURO_MIGRAINE_CGRP,neurology,Southwest,238.0,,False,,,,
1592062677,,psm,EVT-0049,2023-11-27,NEURO_MIGRAINE_CGRP,neurology,Southeast,357.0,,False,,,,
1635476009,1874547676,psm,EVT-0049,2023-11-27,NEURO_MIGRAINE_CGRP,neurology,Northeast,193.33333333333334,162.0,True,1,0.25173589533150353,0.24300319706731066,0.008732698264192873
1769764832,1879821175,psm,EVT-0049,2023-11-27,NEURO_MIGRAINE_CGRP,neurology,Northeast,211.66666666666666,222.33333333333334,True,1,0.2569410358982863,0.2600016893154479,0.0030606534171616073
1921646299,,psm,EVT-0049,2023-11-27,NEURO_MIGRAINE_CGRP,neurology,Southwest,396.6666666666667,,False,,,,
1041585906,1424541534,psm,EVT-0050,2023-11-27,METABOLIC_GLP1_INJ,oncology,West,68.83333333333333,66.0,True,1,0.03847226940460456,0.03840648522432628,6.578418027828464e-05
1139166684,,psm,EVT-0050,2023-11-27,METABOLIC_GLP1_INJ,pulmonology,Midwest,119.33333333333333,,False,,,,
1198262952,1320611266,psm,EVT-0050,2023-11-27,METABOLIC_GLP1_INJ,pulmonology,Northeast,80.83333333333333,62.0,True,1,0.18164962969826562,0.1834362233888947,0.0017865936906290847
1238983617,1113953065,psm,EVT-0050,2023-11-27,METABOLIC_GLP1_INJ,pulmonology,Southeast,138.83333333333334,137.83333333333334,True,1,0.05959790822180596,0.05754337348004183,0.002054534741764133
1246448348,,psm,EVT-0050,2023-11-27,METABOLIC_GLP1_INJ,cardiology,Southeast,239.16666666666666,,False,,,,
1264333323,1134089733,psm,EVT-0050,2023-11-27,METABOLIC_GLP1_INJ,primary care,Northeast,108.66666666666667,120.83333333333333,True,1,0.13083678098944657,0.1391703299920108,0.008333549002564222
1273912869,1674708775,psm,EVT-0050,2023-11-27,METABOLIC_GLP1_INJ,rheumatology,Northeast,99.66666666666667,100.5,True,1,0.04672233166020726,0.047742121557215356,0.001019789897008093
1315385710,,psm,EVT-0050,2023-11-27,METABOLIC_GLP1_INJ,primary care,Northeast,372.6666666666667,,False,,,,
1389574017,,psm,EVT-0050,2023-11-27,METABOLIC_GLP1_INJ,pulmonology,Southwest,140.5,,False,,,,
1533003293,1262874856,psm,EVT-0050,2023-11-27,METABOLIC_GLP1_INJ,pulmonology,Midwest,113.33333333333333,113.66666666666667,True,1,0.25469855798738944,0.25785004766031766,0.0031514896729282205
1592123891,1742974847,psm,EVT-0050,2023-11-27,METABOLIC_GLP1_INJ,primary care,Northeast,97.0,81.5,True,1,0.12324762355967278,0.11375281429509855,0.00949480926457423
1616839134,,psm,EVT-0050,2023-11-27,METABOLIC_GLP1_INJ,rheumatology,Northeast,197.83333333333334,,False,,,,
1644815767,,psm,EVT-0050,2023-11-27,METABOLIC_GLP1_INJ,primary care,West,234.66666666666666,,False,,,,
1645233598,,psm,EVT-0050,2023-11-27,METABOLIC_GLP1_INJ,endocrinology,Northeast,314.0,,False,,,,
1655727265,1417682113,psm,EVT-0050,2023-11-27,METABOLIC_GLP1_INJ,pulmonology,Northeast,76.83333333333333,65.33333333333333,True,1,0.18202794750265794,0.18311902274687414,0.0010910752442161997
1681501296,1390158669,psm,EVT-0050,2023-11-27,METABOLIC_GLP1_INJ,pulmonology,West,62.166666666666664,58.5,True,1,0.045075642690971945,0.04261130495388295,0.002464337737088998
1688976343,,psm,EVT-0050,2023-11-27,METABOLIC_GLP1_INJ,pulmonology,Southeast,219.66666666666666,,False,,,,
1742859469,,psm,EVT-0050,2023-11-27,METABOLIC_GLP1_INJ,pulmonology,West,186.83333333333334,,False,,,,
1779411515,1225504491,psm,EVT-0050,2023-11-27,METABOLIC_GLP1_INJ,endocrinology,Midwest,193.0,167.5,True,1,0.07927528486776605,0.06807094569315804,0.011204339174608016
1808826295,1174238463,psm,EVT-0050,2023-11-27,METABOLIC_GLP1_INJ,primary care,Southeast,196.66666666666666,188.33333333333334,True,1,0.06493271636496209,0.0622458580170794,0.0026868583478826882
1844747141,,psm,EVT-0050,2023-11-27,METABOLIC_GLP1_INJ,primary care,West,317.3333333333333,,False,,,,
1854852153,,psm,EVT-0050,2023-11-27,METABOLIC_GLP1_INJ,pulmonology,Southwest,204.5,,False,,,,
1923786978,,psm,EVT-0050,2023-11-27,METABOLIC_GLP1_INJ,cardiology,Southeast,176.16666666666666,,False,,,,
1944079924,1715246280,psm,EVT-0050,2023-11-27,METABOLIC_GLP1_INJ,rheumatology,Southeast,107.83333333333333,104.83333333333333,True,1,0.08719600384842738,0.08349382059805296,0.0037021832503744134
1123148250,1234567687,psm,EVT-0051,2023-11-28,CARD_HF_ARNI,cardiology,Southwest,205.33333333333334,228.0,True,1,0.06677924749597154,0.06766643141464765,0.0008871839186761071
1444774099,1361620622,psm,EVT-0051,2023-11-28,CARD_HF_ARNI,cardiology,West,156.83333333333334,158.66666666666666,True,1,0.027175424227255465,0.02774925910795899,0.0005738348807035262
1475115246,,psm,EVT-0051,2023-11-28,CARD_HF_ARNI,cardiology,Southeast,526.3333333333334,,False,,,,
1655321622,1042224778,psm,EVT-0051,2023-11-28,CARD_HF_ARNI,cardiology,Northeast,313.6666666666667,319.3333333333333,True,1,0.14602923834624387,0.14892430363043982,0.0028950652841959468
1657725655,,psm,EVT-0051,2023-11-28,CARD_HF_ARNI,cardiology,West,533.6666666666666,,False,,,,
1710163217,1056679651,psm,EVT-0051,2023-11-28,CARD_HF_ARNI,cardiology,Northeast,250.16666666666666,254.33333333333334,True,1,0.11669263618814191,0.11844924155954867,0.0017566053714067609
1908127628,1743431961,psm,EVT-0051,2023-11-28,CARD_HF_ARNI,cardiology,Southeast,160.33333333333334,161.0,True,1,0.08253324943874761,0.08311856032365582,0.0005853108849082078
1123148250,1706770306,psm,EVT-0052,2023-12-06,CARD_HF_ARNI,cardiology,Southwest,215.66666666666666,163.0,True,1,0.21402343732542367,0.16846086134754232,0.04556257597788135
1368009035,1871372714,psm,EVT-0052,2023-12-06,CARD_HF_ARNI,cardiology,Northeast,260.1666666666667,260.6666666666667,True,1,0.10352565328252171,0.1038715415987638,0.0003458883162420906
1376656900,1323611925,psm,EVT-0052,2023-12-06,CARD_HF_ARNI,cardiology,Southwest,273.3333333333333,262.3333333333333,True,1,0.2734810957398267,0.2613817704627566,0.012099325277070083
1478412079,,psm,EVT-0052,2023-12-06,CARD_HF_ARNI,cardiology,Midwest,388.8333333333333,,False,,,,
1631526641,1234567687,psm,EVT-0052,2023-12-06,CARD_HF_ARNI,cardiology,Southwest,217.66666666666666,244.16666666666666,True,1,0.2159186503881771,0.2421719586097858,0.026253308221608707
1648553570,1369949932,psm,EVT-0052,2023-12-06,CARD_HF_ARNI,cardiology,Southwest,283.0,287.8333333333333,True,1,0.28439752624388553,0.28995312619429975,0.005555599950414214
1724092733,1350739367,psm,EVT-0052,2023-12-06,CARD_HF_ARNI,cardiology,Northeast,369.3333333333333,369.5,True,1,0.2065023038963588,0.20670564103201547,0.00020333713565667821
1934829601,1083149777,psm,EVT-0052,2023-12-06,CARD_HF_ARNI,cardiology,Midwest,296.5,303.8333333333333,True,1,0.3394164261258147,0.3755864586181206,0.03617003249230594
1969108517,1302899475,psm,EVT-0052,2023-12-06,CARD_HF_ARNI,cardiology,Midwest,195.0,196.16666666666666,True,1,0.054845321788760004,0.05615938648543742,0.0013140646966774139
1018018261,1714021262,psm,EVT-0053,2023-12-06,PC_ANTIHYPERTENSIVE,primary care,Northeast,402.6666666666667,414.3333333333333,True,1,0.48224784134806564,0.5114024203683444,0.029154579020278737
1048976678,,psm,EVT-0053,2023-12-06,PC_ANTIHYPERTENSIVE,primary care,Southeast,390.8333333333333,,False,,,,
1084919582,,psm,EVT-0053,2023-12-06,PC_ANTIHYPERTENSIVE,primary care,Southeast,381.6666666666667,,False,,,,
1190842652,1289174306,psm,EVT-0053,2023-12-06,PC_ANTIHYPERTENSIVE,primary care,Southwest,175.66666666666666,187.83333333333334,True,1,0.06345302698853329,0.06632797188684399,0.002874944898310694
1216575070,,psm,EVT-0053,2023-12-06,PC_ANTIHYPERTENSIVE,primary care,Midwest,455.3333333333333,,False,,,,
1227780172,,psm,EVT-0053,2023-12-06,PC_ANTIHYPERTENSIVE,primary care,Southwest,1016.1666666666666,,False,,,,
1264333323,1209566128,psm,EVT-0053,2023-12-06,PC_ANTIHYPERTENSIVE,primary care,Northeast,523.8333333333334,529.3333333333334,True,1,0.7577747812371599,0.7677256596898255,0.009950878452665624
1355374483,1873780039,psm,EVT-0053,2023-12-06,PC_ANTIHYPERTENSIVE,primary care,West,317.5,310.0,True,1,0.49816006066378377,0.47749498372052096,0.020665076943262806
1385532449,,psm,EVT-0053,2023-12-06,PC_ANTIHYPERTENSIVE,primary care,Southeast,476.8333333333333,,False,,,,
1397955463,,psm,EVT-0053,2023-12-06,PC_ANTIHYPERTENSIVE,primary care,Southeast,429.0,,False,,,,
1418997171,,psm,EVT-0053,2023-12-06,PC_ANTIHYPERTENSIVE,primary care,Northeast,480.0,,False,,,,
1423152481,1363342464,psm,EVT-0053,2023-12-06,PC_ANTIHYPERTENSIVE,primary care,Southeast,443.1666666666667,443.6666666666667,True,1,0.6108684451561032,0.6117285012868638,0.000860056130760678
1456299035,1174238463,psm,EVT-0053,2023-12-06,PC_ANTIHYPERTENSIVE,primary care,Southeast,230.16666666666666,232.16666666666666,True,1,0.25143489918061,0.2541697311182745,0.0027348319376644947
1567742360,1939052563,psm,EVT-0053,2023-12-06,PC_ANTIHYPERTENSIVE,primary care,West,149.33333333333334,147.5,True,1,0.1344524676274738,0.13211662624316242,0.0023358413843113657
1615059528,1997693654,psm,EVT-0053,2023-12-06,PC_ANTIHYPERTENSIVE,primary care,Southeast,247.16666666666666,249.16666666666666,True,1,0.27529756329364863,0.27819548762072166,0.0028979243270730315
1635581279,,psm,EVT-0053,2023-12-06,PC_ANTIHYPERTENSIVE,primary care,Southeast,553.8333333333334,,False,,,,
1639269087,1099946885,psm,EVT-0053,2023-12-06,PC_ANTIHYPERTENSIVE,primary care,Northeast,209.66666666666666,209.83333333333334,True,1,0.11911229665191157,0.11928726607478664,0.00017496942287506534
1686880901,1643297637,psm,EVT-0053,2023-12-06,PC_ANTIHYPERTENSIVE,primary care,West,232.5,238.0,True,1,0.27991847498931477,0.29230739262492517,0.012388917635610397
1689916181,,psm,EVT-0053,2023-12-06,PC_ANTIHYPERTENSIVE,primary care,Northeast,448.6666666666667,,False,,,,
1721479586,,psm,EVT-0053,2023-12-06,PC_ANTIHYPERTENSIVE,primary care,West,395.6666666666667,,False,,,,
1725623817,1412773438,psm,EVT-0053,2023-12-06,PC_ANTIHYPERTENSIVE,primary care,Southwest,569.3333333333334,588.5,True,1,0.23891044487571514,0.2527474065783721,0.013836961702656941
1808826295,,psm,EVT-0053,2023-12-06,PC_ANTIHYPERTENSIVE,primary care,Southeast,402.1666666666667,,False,,,,
1812815243,,psm,EVT-0053,2023-12-06,PC_ANTIHYPERTENSIVE,primary care,Midwest,546.1666666666666,,False,,,,
1815807585,1838439200,psm,EVT-0053,2023-12-06,PC_ANTIHYPERTENSIVE,primary care,Southeast,503.1666666666667,505.3333333333333,True,1,0.7079219830299652,0.7111545002195699,0.003232517189604711
1877046932,,psm,EVT-0053,2023-12-06,PC_ANTIHYPERTENSIVE,primary care,Northeast,397.1666666666667,,False,,,,
1922670785,1892083019,psm,EVT-0053,2023-12-06,PC_ANTIHYPERTENSIVE,primary care,Southeast,309.1666666666667,319.5,True,1,0.37306703718492407,0.3907223249142477,0.01765528772932362
1927430854,,psm,EVT-0053,2023-12-06,PC_ANTIHYPERTENSIVE,primary care,Southeast,545.1666666666666,,False,,,,
1961509027,1184426066,psm,EVT-0053,2023-12-06,PC_ANTIHYPERTENSIVE,primary care,West,130.16666666666666,130.83333333333334,True,1,0.11169432405134543,0.11242596387741034,0.0007316398260649171
1011940271,1333043895,psm,EVT-0054,2023-12-08,ENDO_BASAL_INSULIN,endocrinology,Northeast,197.66666666666666,212.83333333333334,True,1,0.09273457515327957,0.10962865038958439,0.016894075236304817
1025978341,,psm,EVT-0054,2023-12-08,ENDO_BASAL_INSULIN,endocrinology,Northeast,450.5,,False,,,,
1026722938,,psm,EVT-0054,2023-12-08,ENDO_BASAL_INSULIN,endocrinology,Midwest,653.3333333333334,,False,,,,
1050705288,,psm,EVT-0054,2023-12-08,ENDO_BASAL_INSULIN,endocrinology,Southeast,704.3333333333334,,False,,,,
1136500869,1890077344,psm,EVT-0054,2023-12-08,ENDO_BASAL_INSULIN,endocrinology,Southeast,247.66666666666666,281.6666666666667,True,1,0.06912021836411043,0.09469039990624822,0.02557018154213779
1137408567,,psm,EVT-0054,2023-12-08,ENDO_BASAL_INSULIN,endocrinology,Northeast,430.3333333333333,,False,,,,
1267903205,1223528765,psm,EVT-0054,2023-12-08,ENDO_BASAL_INSULIN,endocrinology,Midwest,148.5,149.16666666666666,True,1,0.05736292701335569,0.0581347533769484,0.0007718263635927078
1330156328,1028436479,psm,EVT-0054,2023-12-08,ENDO_BASAL_INSULIN,endocrinology,Southwest,230.5,238.33333333333334,True,1,0.11047692616067342,0.11578628587861617,0.0053093597179427465
1361521440,1803339427,psm,EVT-0054,2023-12-08,ENDO_BASAL_INSULIN,endocrinology,Midwest,279.0,286.8333333333333,True,1,0.49433618500400395,0.5359409816283959,0.041604796624391926
1394609428,1012264374,psm,EVT-0054,2023-12-08,ENDO_BASAL_INSULIN,endocrinology,Southwest,547.8333333333334,560.0,True,1,0.5145437107105529,0.5350413665405059,0.020497655829953
1435662964,1257768279,psm,EVT-0054,2023-12-08,ENDO_BASAL_INSULIN,endocrinology,West,185.16666666666666,184.16666666666666,True,1,0.058285735526557206,0.057770490846443215,0.0005152446801139909
1551107307,,psm,EVT-0054,2023-12-08,ENDO_BASAL_INSULIN,endocrinology,Midwest,323.8333333333333,,False,,,,
1704331150,1249126917,psm,EVT-0054,2023-12-08,ENDO_BASAL_INSULIN,endocrinology,West,337.3333333333333,339.1666666666667,True,1,0.20620071051619085,0.20904374354032249,0.002843033024131636
1717519684,,psm,EVT-0054,2023-12-08,ENDO_BASAL_INSULIN,endocrinology,Midwest,371.0,,False,,,,
1779411515,,psm,EVT-0054,2023-12-08,ENDO_BASAL_INSULIN,endocrinology,Midwest,304.3333333333333,,False,,,,
1880426881,1805422742,psm,EVT-0054,2023-12-08,ENDO_BASAL_INSULIN,endocrinology,Northeast,369.5,366.0,True,1,0.45719687978968926,0.4465571427549193,0.010639737034769947
1885387740,,psm,EVT-0054,2023-12-08,ENDO_BASAL_INSULIN,endocrinology,Northeast,653.0,,False,,,,
1031568581,,psm,EVT-0055,2023-12-18,PULM_ICS_LABA_INH,pulmonology,Southeast,451.5,,False,,,,
1050506165,1179994367,psm,EVT-0055,2023-12-18,PULM_ICS_LABA_INH,pulmonology,Southeast,287.5,285.5,True,1,0.2462364760951818,0.2429060319144908,0.003330444180690978
1075036339,1423946593,psm,EVT-0055,2023-12-18,PULM_ICS_LABA_INH,pulmonology,West,186.0,178.5,True,1,0.25783322991069707,0.24069182830290156,0.01714140160779551
1113023042,1072999711,psm,EVT-0055,2023-12-18,PULM_ICS_LABA_INH,pulmonology,West,147.0,147.16666666666666,True,1,0.17744808617371066,0.17774548675155763,0.00029740057784696794
1139166684,,psm,EVT-0055,2023-12-18,PULM_ICS_LABA_INH,pulmonology,Midwest,253.33333333333334,,False,,,,
1204959187,1838576308,psm,EVT-0055,2023-12-18,PULM_ICS_LABA_INH,pulmonology,Southeast,172.66666666666666,169.16666666666666,True,1,0.10397657789257254,0.1010740673394855,0.0029025105530870454
1238983617,,psm,EVT-0055,2023-12-18,PULM_ICS_LABA_INH,pulmonology,Southeast,724.6666666666666,,False,,,,
1250474354,1422258099,psm,EVT-0055,2023-12-18,PULM_ICS_LABA_INH,pulmonology,Southeast,114.0,115.33333333333333,True,1,0.0640094495352772,0.06473323360252098,0.0007237840672437851
1262874856,1250113473,psm,EVT-0055,2023-12-18,PULM_ICS_LABA_INH,pulmonology,Midwest,111.33333333333333,108.16666666666667,True,1,0.16675821009742148,0.15773079878477173,0.009027411312649752
1389574017,1308498975,psm,EVT-0055,2023-12-18,PULM_ICS_LABA_INH,pulmonology,Southwest,258.6666666666667,234.16666666666666,True,1,0.20275851358242247,0.1583404917116746,0.044418021870747865
1433980129,,psm,EVT-0055,2023-12-18,PULM_ICS_LABA_INH,pulmonology,Northeast,265.6666666666667,,False,,,,
1474100561,1798313247,psm,EVT-0055,2023-12-18,PULM_ICS_LABA_INH,pulmonology,Midwest,122.16666666666667,122.0,True,1,0.20076577300657386,0.2002053369072131,0.0005604360993607671
1533003293,,psm,EVT-0055,2023-12-18,PULM_ICS_LABA_INH,pulmonology,Midwest,269.0,,False,,,,
1647700669,1722581836,psm,EVT-0055,2023-12-18,PULM_ICS_LABA_INH,pulmonology,West,158.33333333333334,154.83333333333334,True,1,0.1985675400007382,0.19185032674994698,0.006717213250791221
1696606064,1030235620,psm,EVT-0055,2023-12-18,PULM_ICS_LABA_INH,pulmonology,West,149.83333333333334,145.33333333333334,True,1,0.18255711084696064,0.17449552655322728,0.008061584293733354
1704308638,1113953065,psm,EVT-0055,2023-12-18,PULM_ICS_LABA_INH,pulmonology,Southeast,446.0,443.6666666666667,True,1,0.5768374579216403,0.5716958106592909,0.005141647262349447
1742859469,,psm,EVT-0055,2023-12-18,PULM_ICS_LABA_INH,pulmonology,West,296.6666666666667,,False,,,,
1761262934,1697855363,psm,EVT-0055,2023-12-18,PULM_ICS_LABA_INH,pulmonology,Northeast,255.66666666666666,245.16666666666666,True,1,0.386360403800986,0.35467448583098665,0.031685917969999366
1880717263,1536141264,psm,EVT-0055,2023-12-18,PULM_ICS_LABA_INH,pulmonology,Northeast,356.8333333333333,365.1666666666667,True,1,0.6999196007370623,0.7220766403023363,0.02215703956527404
1889776344,1320611266,psm,EVT-0055,2023-12-18,PULM_ICS_LABA_INH,pulmonology,Northeast,204.0,190.66666666666666,True,1,0.24389610398752004,0.21348758376891655,0.03040852021860349
1169238601,1742318383,psm,EVT-0056,2023-12-26,CARD_HF_ARNI,cardiology,Midwest,270.0,253.5,True,1,0.3136134982751412,0.28012883248979953,0.03348466578534165
1265952337,1541379537,psm,EVT-0056,2023-12-26,CARD_HF_ARNI,cardiology,Northeast,428.1666666666667,442.1666666666667,True,1,0.2991918823338823,0.29781413552997354,0.0013777468039087304
1286477181,1041640354,psm,EVT-0056,2023-12-26,CARD_HF_ARNI,cardiology,Midwest,203.83333333333334,202.0,True,1,0.19355506307660675,0.19078589468817914,0.002769168388427612
1341556789,,psm,EVT-0056,2023-12-26,CARD_HF_ARNI,cardiology,West,922.0,,False,,,,
1361620622,1210894345,psm,EVT-0056,2023-12-26,CARD_HF_ARNI,cardiology,West,159.5,146.33333333333334,True,1,0.04208803635670121,0.036854043038986165,0.005233993317715048
1460081361,1746587884,psm,EVT-0056,2023-12-26,CARD_HF_ARNI,cardiology,Northeast,179.5,183.0,True,1,0.3242553681551447,0.32389505540437874,0.0003603127507659787
1475115246,,psm,EVT-0056,2023-12-26,CARD_HF_ARNI,cardiology,Southeast,547.8333333333334,,False,,,,
1624547729,1860037419,psm,EVT-0056,2023-12-26,CARD_HF_ARNI,cardiology,Northeast,243.66666666666666,240.16666666666666,True,1,0.31768305329565705,0.3180397062666173,0.0003566529709602695
1648553570,1369949932,psm,EVT-0056,2023-12-26,CARD_HF_ARNI,cardiology,Southwest,283.0,287.8333333333333,True,1,0.09154478292840736,0.0950678175980839,0.0035230346696765447
1672904236,1015191335,psm,EVT-0056,2023-12-26,CARD_HF_ARNI,cardiology,Northeast,237.0,235.5,True,1,0.31836257631500836,0.3185155757137746,0.00015299939876622926
1683943777,1950588461,psm,EVT-0056,2023-12-26,CARD_HF_ARNI,cardiology,West,346.1666666666667,360.3333333333333,True,1,0.23775436232757696,0.2657519162447844,0.02799755391720743
1710163217,1056679651,psm,EVT-0056,2023-12-26,CARD_HF_ARNI,cardiology,Northeast,256.5,257.6666666666667,True,1,0.3163771575344934,0.31625858279606006,0.00011857473843335242
1847562299,1623506957,psm,EVT-0056,2023-12-26,CARD_HF_ARNI,cardiology,Midwest,130.5,120.33333333333333,True,1,0.10521303537238211,0.09625738083088202,0.008955654541500088
1856406925,1440538092,psm,EVT-0056,2023-12-26,CARD_HF_ARNI,cardiology,Northeast,218.33333333333334,200.5,True,1,0.3202693512436614,0.322096628018181,0.001827276774519604
1934829601,1083149777,psm,EVT-0056,2023-12-26,CARD_HF_ARNI,cardiology,Midwest,296.5,303.8333333333333,True,1,0.3715816203662725,0.3883899318294957,0.016808311463223202
1969108517,1302899475,psm,EVT-0056,2023-12-26,CARD_HF_ARNI,cardiology,Midwest,195.0,196.16666666666666,True,1,0.18049152741841257,0.1821766755334092,0.0016851481149966208
1050705288,,psm,EVT-0057,2023-12-28,CV_ANTICOAG_ORAL,endocrinology,Southeast,529.6666666666666,,False,,,,
1137408567,,psm,EVT-0057,2023-12-28,CV_ANTICOAG_ORAL,endocrinology,Northeast,498.3333333333333,,False,,,,
1139166684,1341720393,psm,EVT-0057,2023-12-28,CV_ANTICOAG_ORAL,pulmonology,Midwest,117.16666666666667,108.83333333333333,True,1,0.14626810630643672,0.12201194431926923,0.024256161987167485
1145899849,,psm,EVT-0057,2023-12-28,CV_ANTICOAG_ORAL,primary care,West,242.16666666666666,,False,,,,
1170846871,,psm,EVT-0057,2023-12-28,CV_ANTICOAG_ORAL,primary care,Southeast,315.8333333333333,,False,,,,
1180932224,1393729789,psm,EVT-0057,2023-12-28,CV_ANTICOAG_ORAL,primary care,Southeast,214.83333333333334,200.0,True,1,0.28386120458670455,0.2356617162327478,0.048199488353956765
1194203331,,psm,EVT-0057,2023-12-28,CV_ANTICOAG_ORAL,rheumatology,Southeast,228.33333333333334,,False,,,,
1223523766,1939052563,psm,EVT-0057,2023-12-28,CV_ANTICOAG_ORAL,primary care,West,29.666666666666668,35.5,True,1,0.031204720899588635,0.0339637825383283,0.002759061638739669
1227780172,1769352273,psm,EVT-0057,2023-12-28,CV_ANTICOAG_ORAL,primary care,Southwest,157.33333333333334,149.16666666666666,True,1,0.11416159054254053,0.10859248194217276,0.0055691086003677726
1271768685,1548652282,psm,EVT-0057,2023-12-28,CV_ANTICOAG_ORAL,primary care,Midwest,202.33333333333334,201.83333333333334,True,1,0.4334401696611452,0.42776750917836276,0.005672660482782421
1374281198,1081238747,psm,EVT-0057,2023-12-28,CV_ANTICOAG_ORAL,pulmonology,Southeast,105.5,107.0,True,1,0.049789053071276644,0.050338932044846886,0.000549878973570242
1425340662,1412773438,psm,EVT-0057,2023-12-28,CV_ANTICOAG_ORAL,primary care,Southwest,354.0,350.0,True,1,0.33323082877209675,0.3271344823205557,0.006096346451541057
1456299035,1082909627,psm,EVT-0057,2023-12-28,CV_ANTICOAG_ORAL,primary care,Southeast,194.16666666666666,188.33333333333334,True,1,0.21833268330275293,0.20194124913880107,0.016391434163951862
1484724632,1762971749,psm,EVT-0057,2023-12-28,CV_ANTICOAG_ORAL,primary care,Northeast,154.83333333333334,162.5,True,1,0.1770486725598997,0.19625136126262913,0.019202688702729426
1509977165,,psm,EVT-0057,2023-12-28,CV_ANTICOAG_ORAL,primary care,Northeast,989.8333333333334,,False,,,,
1566888198,1842420535,psm,EVT-0057,2023-12-28,CV_ANTICOAG_ORAL,primary care,Midwest,243.83333333333334,239.83333333333334,True,1,0.8392298110894545,0.8126642911484893,0.026565519940965232
1567742360,,psm,EVT-0057,2023-12-28,CV_ANTICOAG_ORAL,primary care,West,367.3333333333333,,False,,,,
1621199177,1773180629,psm,EVT-0057,2023-12-28,CV_ANTICOAG_ORAL,primary care,Southeast,272.8333333333333,269.6666666666667,True,1,0.5142280207237371,0.5008238127308331,0.013404207992903983
1639269087,1058325303,psm,EVT-0057,2023-12-28,CV_ANTICOAG_ORAL,primary care,Northeast,149.16666666666666,163.0,True,1,0.1638258335178624,0.19755680007232454,0.033730966554462144
1688976343,,psm,EVT-0057,2023-12-28,CV_ANTICOAG_ORAL,pulmonology,Southeast,318.3333333333333,,False,,,,
1725623817,1812123887,psm,EVT-0057,2023-12-28,CV_ANTICOAG_ORAL,primary care,Southwest,233.0,243.16666666666666,True,1,0.17836424153686686,0.18886428036055705,0.010500038823690189
1785764022,,psm,EVT-0057,2023-12-28,CV_ANTICOAG_ORAL,oncology,Northeast,197.5,,False,,,,
1812815243,,psm,EVT-0057,2023-12-28,CV_ANTICOAG_ORAL,primary care,Midwest,220.66666666666666,,False,,,,
1848624494,,psm,EVT-0057,2023-12-28,CV_ANTICOAG_ORAL,primary care,Midwest,222.0,,False,,,,
1922670785,1363342464,psm,EVT-0057,2023-12-28,CV_ANTICOAG_ORAL,primary care,Southeast,366.1666666666667,362.8333333333333,True,1,0.8372170880125417,0.8293759526747042,0.00784113533783748
1927430854,,psm,EVT-0057,2023-12-28,CV_ANTICOAG_ORAL,primary care,Southeast,295.6666666666667,,False,,,,
1955620046,,psm,EVT-0057,2023-12-28,CV_ANTICOAG_ORAL,primary care,Southeast,243.33333333333334,,False,,,,
1991291398,,psm,EVT-0057,2023-12-28,CV_ANTICOAG_ORAL,rheumatology,Southwest,440.3333333333333,,False,,,,
1019230758,1443551811,psm,EVT-0058,2023-12-30,NEURO_MIGRAINE_CGRP,neurology,Southwest,154.83333333333334,161.0,True,1,0.0714579994672844,0.07160858721068879,0.0001505877434043873
1044379984,,psm,EVT-0058,2023-12-30,NEURO_MIGRAINE_CGRP,neurology,Midwest,245.33333333333334,,False,,,,
1085110611,1944636921,psm,EVT-0058,2023-12-30,NEURO_MIGRAINE_CGRP,neurology,West,98.0,99.33333333333333,True,1,0.07776458735516877,0.0768151980756951,0.0009493892794736614
1133616429,,psm,EVT-0058,2023-12-30,NEURO_MIGRAINE_CGRP,neurology,Midwest,205.83333333333334,,False,,,,
1244876920,1569475654,psm,EVT-0058,2023-12-30,NEURO_MIGRAINE_CGRP,neurology,West,98.0,94.16666666666667,True,1,0.07776458735516877,0.08055420541964309,0.0027896180644743224
1467704312,1527981900,psm,EVT-0058,2023-12-30,NEURO_MIGRAINE_CGRP,neurology,Northeast,196.33333333333334,165.83333333333334,True,1,0.2515781058274347,0.24241816728014534,0.009159938547289331
1616418756,1874547676,psm,EVT-0058,2023-12-30,NEURO_MIGRAINE_CGRP,neurology,Northeast,187.16666666666666,167.33333333333334,True,1,0.24880114014697,0.24286330933355676,0.005937830813413231
1635476009,1914644640,psm,EVT-0058,2023-12-30,NEURO_MIGRAINE_CGRP,neurology,Northeast,209.83333333333334,227.16666666666666,True,1,0.25570512096816383,0.26106876275270785,0.005363641784544015
1769764832,1879821175,psm,EVT-0058,2023-12-30,NEURO_MIGRAINE_CGRP,neurology,Northeast,206.66666666666666,230.83333333333334,True,1,0.2547330780327534,0.2622126566965479,0.007479578663794506
1199976907,1892307210,psm,EVT-0059,2024-01-02,RHEUM_JAK_ORAL,rheumatology,Northeast,259.1666666666667,233.0,True,1,0.06656922563061796,0.056589654179125516,0.00997957145149244
1246066447,,psm,EVT-0059,2024-01-02,RHEUM_JAK_ORAL,rheumatology,Southwest,478.8333333333333,,False,,,,
1274985831,,psm,EVT-0059,2024-01-02,RHEUM_JAK_ORAL,rheumatology,Southwest,289.6666666666667,,False,,,,
1279507085,,psm,EVT-0059,2024-01-02,RHEUM_JAK_ORAL,rheumatology,Southwest,335.8333333333333,,False,,,,
1386832996,1699200295,psm,EVT-0059,2024-01-02,RHEUM_JAK_ORAL,rheumatology,West,185.83333333333334,190.66666666666666,True,1,0.04781972718172214,0.04764027803812647,0.00017944914359566827
1598661571,1775551348,psm,EVT-0059,2024-01-02,RHEUM_JAK_ORAL,rheumatology,Northeast,428.8333333333333,423.5,True,1,0.17967511808485914,0.17453499146674875,0.005140126618110391
1616839134,,psm,EVT-0059,2024-01-02,RHEUM_JAK_ORAL,rheumatology,Northeast,853.5,,False,,,,
1647196991,,psm,EVT-0059,2024-01-02,RHEUM_JAK_ORAL,rheumatology,Southeast,538.6666666666666,,False,,,,
1808310134,,psm,EVT-0059,2024-01-02,RHEUM_JAK_ORAL,rheumatology,Southwest,321.8333333333333,,False,,,,
1944079924,,psm,EVT-0059,2024-01-02,RHEUM_JAK_ORAL,rheumatology,Southeast,641.1666666666666,,False,,,,
1050705288,,psm,EVT-0060,2024-01-04,ENDO_BASAL_INSULIN,endocrinology,Southeast,705.5,,False,,,,
1065091666,1257768279,psm,EVT-0060,2024-01-04,ENDO_BASAL_INSULIN,endocrinology,West,213.0,189.5,True,1,0.11981443990134395,0.10481318988190984,0.015001250019434115
1076376403,,psm,EVT-0060,2024-01-04,ENDO_BASAL_INSULIN,endocrinology,Northeast,560.6666666666666,,False,,,,
1136500869,,psm,EVT-0060,2024-01-04,ENDO_BASAL_INSULIN,endocrinology,Southeast,251.0,,False,,,,
1364458855,1231453428,psm,EVT-0060,2024-01-04,ENDO_BASAL_INSULIN,endocrinology,Southeast,301.0,316.5,True,1,0.2439054985051942,0.28707596503240146,0.04317046652720727
1449048093,1736538384,psm,EVT-0060,2024-01-04,ENDO_BASAL_INSULIN,endocrinology,Northeast,80.16666666666667,71.16666666666667,True,1,0.15362912088340164,0.1490179489726279,0.0046111719107737315
1453128708,1174785596,psm,EVT-0060,2024-01-04,ENDO_BASAL_INSULIN,endocrinology,Northeast,316.5,312.5,True,1,0.3178871938084908,0.314436801288665,0.0034503925198257623
1455101661,1100495849,psm,EVT-0060,2024-01-04,ENDO_BASAL_INSULIN,endocrinology,Southeast,392.6666666666667,383.1666666666667,True,1,0.544899639553654,0.5110401467497488,0.0338594928039051
1666389063,1225504491,psm,EVT-0060,2024-01-04,ENDO_BASAL_INSULIN,endocrinology,Midwest,117.83333333333333,124.83333333333333,True,1,0.10556403777926898,0.09557278140392651,0.00999125637534247
1677860136,1299832539,psm,EVT-0060,2024-01-04,ENDO_BASAL_INSULIN,endocrinology,Northeast,294.3333333333333,258.3333333333333,True,1,0.2990263565244613,0.2698131815891559,0.029213174935305397
1703413967,1295389203,psm,EVT-0060,2024-01-04,ENDO_BASAL_INSULIN,endocrinology,West,233.5,227.33333333333334,True,1,0.134381907316579,0.1298490566560693,0.004532850660509707
1738903891,,psm,EVT-0060,2024-01-04,ENDO_BASAL_INSULIN,endocrinology,Southeast,473.1666666666667,,False,,,,
1898803444,1305714580,psm,EVT-0060,2024-01-04,ENDO_BASAL_INSULIN,endocrinology,West,233.5,261.0,True,1,0.134381907316579,0.156243433345481,0.021861526028901984
1949335115,,psm,EVT-0060,2024-01-04,ENDO_BASAL_INSULIN,endocrinology,Southeast,561.5,,False,,,,
1084471394,1058325303,psm,EVT-0061,2024-01-04,PC_ANTIHYPERTENSIVE,primary care,Northeast,268.3333333333333,286.0,True,1,0.2872991492173228,0.30923421340087476,0.021935064183551956
1101185407,,psm,EVT-0061,2024-01-04,PC_ANTIHYPERTENSIVE,primary care,Midwest,576.0,,False,,,,
1138281740,1296624285,psm,EVT-0061,2024-01-04,PC_ANTIHYPERTENSIVE,primary care,West,227.0,236.83333333333334,True,1,0.09519053466646614,0.11487113698952303,0.019680602323056892
1170846871,,psm,EVT-0061,2024-01-04,PC_ANTIHYPERTENSIVE,primary care,Southeast,378.1666666666667,,False,,,,
1216575070,,psm,EVT-0061,2024-01-04,PC_ANTIHYPERTENSIVE,primary care,Midwest,470.1666666666667,,False,,,,
1271768685,,psm,EVT-0061,2024-01-04,PC_ANTIHYPERTENSIVE,primary care,Midwest,363.0,,False,,,,
1296552940,1251202242,psm,EVT-0061,2024-01-04,PC_ANTIHYPERTENSIVE,primary care,Northeast,337.6666666666667,316.3333333333333,True,1,0.37822094509287085,0.34894028075366174,0.029280664339209117
1315385710,,psm,EVT-0061,2024-01-04,PC_ANTIHYPERTENSIVE,primary care,Northeast,1010.5,,False,,,,
1397955463,,psm,EVT-0061,2024-01-04,PC_ANTIHYPERTENSIVE,primary care,Southeast,468.8333333333333,,False,,,,
1418997171,1209566128,psm,EVT-0061,2024-01-04,PC_ANTIHYPERTENSIVE,primary care,Northeast,512.1666666666666,538.5,True,1,0.6314391066907219,0.6670028549844601,0.03556374829373821
1423152481,1363342464,psm,EVT-0061,2024-01-04,PC_ANTIHYPERTENSIVE,primary care,Southeast,442.6666666666667,451.1666666666667,True,1,0.4461711958363924,0.45960100267969295,0.013429806843300529
1451968915,1181360912,psm,EVT-0061,2024-01-04,PC_ANTIHYPERTENSIVE,primary care,Midwest,251.5,228.83333333333334,True,1,0.45448990747688206,0.4108093610087054,0.04368054646817665
1526669415,1046736322,psm,EVT-0061,2024-01-04,PC_ANTIHYPERTENSIVE,primary care,Southwest,257.0,221.83333333333334,True,1,0.20778246547299398,0.2068466343719954,0.0009358311009985687
1639269087,1762971749,psm,EVT-0061,2024-01-04,PC_ANTIHYPERTENSIVE,primary care,Northeast,228.0,227.33333333333334,True,1,0.2408765009792414,0.24015385512212756,0.0007226458571138461
1689059347,1769234364,psm,EVT-0061,2024-01-04,PC_ANTIHYPERTENSIVE,primary care,Southwest,241.0,237.16666666666666,True,1,0.2073562977116033,0.20725429091149586,0.00010200680010744034
1689916181,,psm,EVT-0061,2024-01-04,PC_ANTIHYPERTENSIVE,primary care,Northeast,479.6666666666667,,False,,,,
1707435529,,psm,EVT-0061,2024-01-04,PC_ANTIHYPERTENSIVE,primary care,Southeast,386.5,,False,,,,
1725623817,1412773438,psm,EVT-0061,2024-01-04,PC_ANTIHYPERTENSIVE,primary care,Southwest,602.0,618.6666666666666,True,1,0.21712882169890807,0.2175879395129143,0.0004591178140062324
1732527431,,psm,EVT-0061,2024-01-04,PC_ANTIHYPERTENSIVE,primary care,Southeast,360.5,,False,,,,
1742100898,1166978878,psm,EVT-0061,2024-01-04,PC_ANTIHYPERTENSIVE,primary care,Midwest,95.5,87.33333333333333,True,1,0.1965307294999493,0.1865963903356558,0.009934339164293482
1747032997,1261377760,psm,EVT-0061,2024-01-04,PC_ANTIHYPERTENSIVE,primary care,Northeast,244.5,248.16666666666666,True,1,0.25923137302693144,0.2634314855785866,0.004200112551655144
1747637738,1842420535,psm,EVT-0061,2024-01-04,PC_ANTIHYPERTENSIVE,primary care,Midwest,133.16666666666666,130.16666666666666,True,1,0.2474606890936148,0.24309779633288772,0.004362892760727072
1803233885,1892083019,psm,EVT-0061,2024-01-04,PC_ANTIHYPERTENSIVE,primary care,Southeast,308.3333333333333,328.1666666666667,True,1,0.25487350208900256,0.27962732553980163,0.024753823450799073
1824172013,1135650855,psm,EVT-0061,2024-01-04,PC_ANTIHYPERTENSIVE,primary care,Midwest,306.6666666666667,284.0,True,1,0.562387515777252,0.5181875794206794,0.0441999363565726
1832506087,,psm,EVT-0061,2024-01-04,PC_ANTIHYPERTENSIVE,primary care,Midwest,766.1666666666666,,False,,,,
1849328657,,psm,EVT-0061,2024-01-04,PC_ANTIHYPERTENSIVE,primary care,Midwest,253.66666666666666,,False,,,,
1924355757,1352216182,psm,EVT-0061,2024-01-04,PC_ANTIHYPERTENSIVE,primary care,Southwest,349.5,334.8333333333333,True,1,0.2102589078681769,0.20986480663005885,0.0003941012381180331
1927430854,1838439200,psm,EVT-0061,2024-01-04,PC_ANTIHYPERTENSIVE,primary care,Southeast,565.6666666666666,533.0,True,1,0.6383498147113085,0.5890152835281278,0.04933453118318065
1937514325,,psm,EVT-0061,2024-01-04,PC_ANTIHYPERTENSIVE,primary care,West,368.0,,False,,,,
1048976678,1393729789,psm,EVT-0062,2024-01-05,METABOLIC_GLP1_INJ,primary care,Southeast,124.33333333333333,105.5,True,1,0.0534932810442375,0.04675709598200498,0.0067361850622325165
1050705288,1630629040,psm,EVT-0062,2024-01-05,METABOLIC_GLP1_INJ,endocrinology,Southeast,156.16666666666666,150.33333333333334,True,1,0.18145849026552124,0.17939587734852416,0.002062612916997081
1076376403,,psm,EVT-0062,2024-01-05,METABOLIC_GLP1_INJ,endocrinology,Northeast,154.16666666666666,,False,,,,
1132792726,1422258099,psm,EVT-0062,2024-01-05,METABOLIC_GLP1_INJ,pulmonology,Southeast,123.0,123.0,True,1,0.11953055803747517,0.11953055803747517,0.0
1159841240,1838809964,psm,EVT-0062,2024-01-05,METABOLIC_GLP1_INJ,neurology,Southeast,124.16666666666667,120.66666666666667,True,1,0.11181851329428083,0.09921378463761735,0.012604728656663483
1169238601,1304105269,psm,EVT-0062,2024-01-05,METABOLIC_GLP1_INJ,cardiology,Midwest,173.16666666666666,171.33333333333334,True,1,0.11463732033858075,0.10969435482750982,0.004942965511070929
1190842652,1769234364,psm,EVT-0062,2024-01-05,METABOLIC_GLP1_INJ,primary care,Southwest,168.0,153.83333333333334,True,1,0.06300566737588334,0.06173242522524056,0.0012732421506427768
1204261733,,psm,EVT-0062,2024-01-05,METABOLIC_GLP1_INJ,neurology,Southeast,240.5,,False,,,,
1219516501,1225504491,psm,EVT-0062,2024-01-05,METABOLIC_GLP1_INJ,endocrinology,Midwest,220.83333333333334,181.66666666666666,True,1,0.09054995255197076,0.07137515401923465,0.019174798532736112
1229022169,,psm,EVT-0062,2024-01-05,METABOLIC_GLP1_INJ,pulmonology,West,255.66666666666666,,False,,,,
1250474354,1250017203,psm,EVT-0062,2024-01-05,METABOLIC_GLP1_INJ,pulmonology,Southeast,55.666666666666664,58.833333333333336,True,1,0.07909374186030518,0.080676380634935,0.001582638774629816
1358340028,1637550512,psm,EVT-0062,2024-01-05,METABOLIC_GLP1_INJ,oncology,Southeast,37.833333333333336,37.166666666666664,True,1,0.08175208434360849,0.08550719306097414,0.003755108717365646
1389574017,1879804551,psm,EVT-0062,2024-01-05,METABOLIC_GLP1_INJ,pulmonology,Southwest,151.83333333333334,93.0,True,1,0.15068355408215128,0.12855926732632567,0.022124286755825617
1397955463,,psm,EVT-0062,2024-01-05,METABOLIC_GLP1_INJ,primary care,Southeast,515.8333333333334,,False,,,,
1475115246,1751172259,psm,EVT-0062,2024-01-05,METABOLIC_GLP1_INJ,cardiology,Southeast,148.83333333333334,141.0,True,1,0.18530626206837664,0.17530270368470996,0.010003558383666677
1645233598,,psm,EVT-0062,2024-01-05,METABOLIC_GLP1_INJ,endocrinology,Northeast,369.0,,False,,,,
1670701188,,psm,EVT-0062,2024-01-05,METABOLIC_GLP1_INJ,cardiology,Southeast,165.5,,False,,,,
1688976343,1838576308,psm,EVT-0062,2024-01-05,METABOLIC_GLP1_INJ,pulmonology,Southeast,238.33333333333334,214.5,True,1,0.22923074961840362,0.20185871587594714,0.027372033742456475
1702497342,1769333869,psm,EVT-0062,2024-01-05,METABOLIC_GLP1_INJ,endocrinology,Southeast,188.33333333333334,146.33333333333334,True,1,0.19316407865386087,0.17799213159995245,0.015171947053908424
1704331150,1257768279,psm,EVT-0062,2024-01-05,METABOLIC_GLP1_INJ,endocrinology,West,209.83333333333334,211.66666666666666,True,1,0.1257408992440511,0.1309753875638684,0.005234488319817293
1836314447,1061035188,psm,EVT-0062,2024-01-05,METABOLIC_GLP1_INJ,endocrinology,Southeast,110.0,112.5,True,1,0.16563411652756227,0.16646192399533058,0.00082780746776831
1880426881,1174785596,psm,EVT-0062,2024-01-05,METABOLIC_GLP1_INJ,endocrinology,Northeast,161.5,170.83333333333334,True,1,0.20123959675709505,0.21735845962250283,0.016118862865407785
1002145427,1209566128,psm,EVT-0063,2024-01-08,CV_ANTICOAG_ORAL,primary care,Northeast,202.33333333333334,202.5,True,1,0.4728307244434991,0.4740563785899528,0.001225654146453703
1048976678,1393729789,psm,EVT-0063,2024-01-08,CV_ANTICOAG_ORAL,primary care,Southeast,217.5,193.16666666666666,True,1,0.4780709819551395,0.42983077868611924,0.04824020326902023
1050705288,,psm,EVT-0063,2024-01-08,CV_ANTICOAG_ORAL,endocrinology,Southeast,533.1666666666666,,False,,,,
1133616429,,psm,EVT-0063,2024-01-08,CV_ANTICOAG_ORAL,neurology,Midwest,201.0,,False,,,,
1159841240,,psm,EVT-0063,2024-01-08,CV_ANTICOAG_ORAL,neurology,Southeast,528.0,,False,,,,
1180932224,,psm,EVT-0063,2024-01-08,CV_ANTICOAG_ORAL,primary care,Southeast,229.83333333333334,,False,,,,
1189769080,,psm,EVT-0063,2024-01-08,CV_ANTICOAG_ORAL,primary care,Northeast,249.0,,False,,,,
1241711534,1200096471,psm,EVT-0063,2024-01-08,CV_ANTICOAG_ORAL,primary care,Southeast,111.0,112.5,True,1,0.2808556544546825,0.28328700839660487,0.002431353941922343
1251567115,1428222503,psm,EVT-0063,2024-01-08,CV_ANTICOAG_ORAL,primary care,Midwest,117.16666666666667,111.5,True,1,0.09199098904219025,0.08170101174882538,0.010289977293364866
1263807582,,psm,EVT-0063,2024-01-08,CV_ANTICOAG_ORAL,primary care,Northeast,415.3333333333333,,False,,,,
1341556789,,psm,EVT-0063,2024-01-08,CV_ANTICOAG_ORAL,cardiology,West,672.1666666666666,,False,,,,
1390939977,,psm,EVT-0063,2024-01-08,CV_ANTICOAG_ORAL,rheumatology,Midwest,223.0,,False,,,,
1397955463,1838439200,psm,EVT-0063,2024-01-08,CV_ANTICOAG_ORAL,primary care,Southeast,277.0,276.6666666666667,True,1,0.5959163505278604,0.5952737146744937,0.0006426358533666576
1425340662,1134632102,psm,EVT-0063,2024-01-08,CV_ANTICOAG_ORAL,primary care,Southwest,350.1666666666667,332.8333333333333,True,1,0.49677826228751115,0.46371759870333895,0.0330606635841722
1425610817,1310164813,psm,EVT-0063,2024-01-08,CV_ANTICOAG_ORAL,primary care,Southeast,66.0,74.16666666666667,True,1,0.21409587032213842,0.22529997519422343,0.011204104872085008
1449331358,1041494554,psm,EVT-0063,2024-01-08,CV_ANTICOAG_ORAL,pulmonology,Midwest,74.33333333333333,77.83333333333333,True,1,0.1033181012991922,0.10040881731906398,0.0029092839801282133
1456207657,,psm,EVT-0063,2024-01-08,CV_ANTICOAG_ORAL,primary care,Midwest,274.0,,False,,,,
1481247389,1364720148,psm,EVT-0063,2024-01-08,CV_ANTICOAG_ORAL,primary care,Southeast,185.66666666666666,180.83333333333334,True,1,0.41518454853612075,0.40582297585684285,0.009361572679277896
1526669415,1219172859,psm,EVT-0063,2024-01-08,CV_ANTICOAG_ORAL,primary care,Southwest,212.5,212.66666666666666,True,1,0.25631180648366486,0.2565547304340327,0.00024292395036784598
1541422121,1630629040,psm,EVT-0063,2024-01-08,CV_ANTICOAG_ORAL,endocrinology,Southeast,160.5,150.5,True,1,0.15135731457162033,0.14042701727053775,0.010930297301082581
1546151204,1714021262,psm,EVT-0063,2024-01-08,CV_ANTICOAG_ORAL,primary care,Northeast,118.16666666666667,128.0,True,1,0.06968028448179148,0.09099565823143808,0.021315373749646607
1566888198,,psm,EVT-0063,2024-01-08,CV_ANTICOAG_ORAL,primary care,Midwest,258.8333333333333,,False,,,,
1592123891,,psm,EVT-0063,2024-01-08,CV_ANTICOAG_ORAL,primary care,Northeast,317.0,,False,,,,
1610177150,,psm,EVT-0063,2024-01-08,CV_ANTICOAG_ORAL,cardiology,Southeast,320.3333333333333,,False,,,,
1621199177,1773180629,psm,EVT-0063,2024-01-08,CV_ANTICOAG_ORAL,primary care,Southeast,272.0,270.0,True,1,0.5862434337395936,0.5823551106984428,0.003888323041150832
1645233598,,psm,EVT-0063,2024-01-08,CV_ANTICOAG_ORAL,endocrinology,Northeast,409.1666666666667,,False,,,,
1712965692,1611952734,psm,EVT-0063,2024-01-08,CV_ANTICOAG_ORAL,neurology,West,93.83333333333333,92.16666666666667,True,1,0.04610142741108304,0.04504342287190325,0.0010580045391797924
1719574174,,psm,EVT-0063,2024-01-08,CV_ANTICOAG_ORAL,neurology,Midwest,165.5,,False,,,,
1721479586,,psm,EVT-0063,2024-01-08,CV_ANTICOAG_ORAL,primary care,West,241.66666666666666,,False,,,,
1732527431,1804484495,psm,EVT-0063,2024-01-08,CV_ANTICOAG_ORAL,primary care,Southeast,242.0,265.3333333333333,True,1,0.5270562654837282,0.5732432312383703,0.046186965754642095
1740047711,1997693654,psm,EVT-0063,2024-01-08,CV_ANTICOAG_ORAL,primary care,Southeast,143.83333333333334,169.83333333333334,True,1,0.33683822488884463,0.38478037221993805,0.04794214733109342
1742579091,,psm,EVT-0063,2024-01-08,CV_ANTICOAG_ORAL,primary care,Northeast,278.5,,False,,,,
1806479196,1769352273,psm,EVT-0063,2024-01-08,CV_ANTICOAG_ORAL,primary care,Southwest,174.33333333333334,159.16666666666666,True,1,0.2047319609548505,0.18650020091134084,0.018231760043509654
1808826295,1363342464,psm,EVT-0063,2024-01-08,CV_ANTICOAG_ORAL,primary care,Southeast,378.3333333333333,388.0,True,1,0.7684486630418629,0.7819295084903966,0.013480845448533674
1812815243,1842420535,psm,EVT-0063,2024-01-08,CV_ANTICOAG_ORAL,primary care,Midwest,233.16666666666666,227.16666666666666,True,1,0.5913192737481546,0.5577136491291416,0.033605624619013064
1815807585,1082909627,psm,EVT-0063,2024-01-08,CV_ANTICOAG_ORAL,primary care,Southeast,179.66666666666666,180.0,True,1,0.4035732319746814,0.4042156066974737,0.0006423747227922716
1836314447,1178533166,psm,EVT-0063,2024-01-08,CV_ANTICOAG_ORAL,endocrinology,Southeast,116.83333333333333,115.0,True,1,0.1084006488144969,0.10685550812230252,0.0015451406921943855
1908168895,1046736322,psm,EVT-0063,2024-01-08,CV_ANTICOAG_ORAL,primary care,Southwest,129.16666666666666,133.16666666666666,True,1,0.15417334463695956,0.15820293129246035,0.004029586655500794
1922670785,,psm,EVT-0063,2024-01-08,CV_ANTICOAG_ORAL,primary care,Southeast,372.0,,False,,,,
1924355757,,psm,EVT-0063,2024-01-08,CV_ANTICOAG_ORAL,primary care,Southwest,365.8333333333333,,False,,,,
1927430854,,psm,EVT-0063,2024-01-08,CV_ANTICOAG_ORAL,primary care,Southeast,328.0,,False,,,,
1989798412,1412773438,psm,EVT-0063,2024-01-08,CV_ANTICOAG_ORAL,primary care,Southwest,358.3333333333333,355.5,True,1,0.5123824230657443,0.5069699213954966,0.00541250167024776
1074076039,,psm,EVT-0064,2024-01-09,CARD_HF_ARNI,cardiology,Southeast,382.5,,False,,,,
1202669523,1083149777,psm,EVT-0064,2024-01-09,CARD_HF_ARNI,cardiology,Midwest,307.3333333333333,299.6666666666667,True,1,0.41026402965675823,0.3845894905752155,0.025674539081542713
1265952337,1541379537,psm,EVT-0064,2024-01-09,CARD_HF_ARNI,cardiology,Northeast,434.8333333333333,436.5,True,1,0.23876647159602601,0.24024332665335854,0.0014768550573325268
1300832031,1371759725,psm,EVT-0064,2024-01-09,CARD_HF_ARNI,cardiology,West,170.16666666666666,176.33333333333334,True,1,0.041105281821577015,0.0403520501274242,0.0007532316941528186
1443520683,1878312481,psm,EVT-0064,2024-01-09,CARD_HF_ARNI,cardiology,Midwest,182.83333333333334,190.0,True,1,0.10867545759148159,0.1187733881853086,0.010097930593827006
1460081361,1746587884,psm,EVT-0064,2024-01-09,CARD_HF_ARNI,cardiology,Northeast,186.5,183.83333333333334,True,1,0.08567803730289451,0.08466719689434969,0.001010840408544822
1492077734,,psm,EVT-0064,2024-01-09,CARD_HF_ARNI,cardiology,Midwest,541.5,,False,,,,
1516074709,,psm,EVT-0064,2024-01-09,CARD_HF_ARNI,cardiology,Southwest,343.6666666666667,,False,,,,
1631526641,1234567687,psm,EVT-0064,2024-01-09,CARD_HF_ARNI,cardiology,Southwest,218.83333333333334,235.66666666666666,True,1,0.13582611191345337,0.15981641951073827,0.023990307597284904
1648553570,1369949932,psm,EVT-0064,2024-01-09,CARD_HF_ARNI,cardiology,Southwest,307.1666666666667,305.6666666666667,True,1,0.2996111138010162,0.29605547249903336,0.003555641301982826
1670701188,,psm,EVT-0064,2024-01-09,CARD_HF_ARNI,cardiology,Southeast,461.8333333333333,,False,,,,
1732000645,,psm,EVT-0064,2024-01-09,CARD_HF_ARNI,cardiology,Southwest,495.3333333333333,,False,,,,
1787619711,,psm,EVT-0064,2024-01-09,CARD_HF_ARNI,cardiology,Midwest,609.5,,False,,,,
1934763735,1977228745,psm,EVT-0064,2024-01-09,CARD_HF_ARNI,cardiology,Midwest,162.16666666666666,173.16666666666666,True,1,0.08367569861285168,0.09625406673495432,0.01257836812210264
1934829601,1766730505,psm,EVT-0064,2024-01-09,CARD_HF_ARNI,cardiology,Midwest,314.6666666666667,321.3333333333333,True,1,0.43529056844209596,0.45833528948706526,0.023044721044969296
1002145427,1209566128,psm,EVT-0065,2024-01-09,CV_ANTICOAG_ORAL,primary care,Northeast,202.33333333333334,202.5,True,1,0.5716408677233907,0.5747458065693306,0.0031049388459398752
1026722938,,psm,EVT-0065,2024-01-09,CV_ANTICOAG_ORAL,endocrinology,Midwest,348.3333333333333,,False,,,,
1040239976,1524065749,psm,EVT-0065,2024-01-09,CV_ANTICOAG_ORAL,rheumatology,Northeast,126.5,127.16666666666667,True,1,0.047990664202874816,0.047782752616278776,0.0002079115865960407
1101185407,,psm,EVT-0065,2024-01-09,CV_ANTICOAG_ORAL,primary care,Midwest,128.83333333333334,,False,,,,
1136500869,,psm,EVT-0065,2024-01-09,CV_ANTICOAG_ORAL,endocrinology,Southeast,320.8333333333333,,False,,,,
1137408567,,psm,EVT-0065,2024-01-09,CV_ANTICOAG_ORAL,endocrinology,Northeast,528.3333333333334,,False,,,,
1144669185,,psm,EVT-0065,2024-01-09,CV_ANTICOAG_ORAL,primary care,Northeast,638.3333333333334,,False,,,,
1198262952,,psm,EVT-0065,2024-01-09,CV_ANTICOAG_ORAL,pulmonology,Northeast,189.5,,False,,,,
1213511599,,psm,EVT-0065,2024-01-09,CV_ANTICOAG_ORAL,primary care,Northeast,781.0,,False,,,,
1259584955,1596912711,psm,EVT-0065,2024-01-09,CV_ANTICOAG_ORAL,oncology,Northeast,103.16666666666667,103.5,True,1,0.041671180709211025,0.041675445107848784,4.264398637758571e-06
1271768685,1548652282,psm,EVT-0065,2024-01-09,CV_ANTICOAG_ORAL,primary care,Midwest,210.33333333333334,215.83333333333334,True,1,0.6238986416505281,0.6469184113880756,0.02301976973754749
1287287258,1842420535,psm,EVT-0065,2024-01-09,CV_ANTICOAG_ORAL,primary care,Midwest,223.0,227.16666666666666,True,1,0.6759084334128995,0.6921794644040848,0.01627103099118532
1293643247,1878312481,psm,EVT-0065,2024-01-09,CV_ANTICOAG_ORAL,cardiology,Midwest,156.66666666666666,139.66666666666666,True,1,0.12314802588410666,0.08519504230891536,0.03795298357519129
1330017819,1618352078,psm,EVT-0065,2024-01-09,CV_ANTICOAG_ORAL,neurology,Southwest,208.83333333333334,180.16666666666666,True,1,0.12788683045161844,0.09782994971910801,0.030056880732510435
1335670091,,psm,EVT-0065,2024-01-09,CV_ANTICOAG_ORAL,primary care,Midwest,297.1666666666667,,False,,,,
1385532449,1997693654,psm,EVT-0065,2024-01-09,CV_ANTICOAG_ORAL,primary care,Southeast,159.83333333333334,169.83333333333334,True,1,0.1377942689090134,0.13056917902335632,0.0072250898856570656
1394609428,,psm,EVT-0065,2024-01-09,CV_ANTICOAG_ORAL,endocrinology,Southwest,403.5,,False,,,,
1425340662,,psm,EVT-0065,2024-01-09,CV_ANTICOAG_ORAL,primary care,Southwest,350.1666666666667,,False,,,,
1436505063,,psm,EVT-0065,2024-01-09,CV_ANTICOAG_ORAL,primary care,Midwest,255.66666666666666,,False,,,,
1523498065,1572180861,psm,EVT-0065,2024-01-09,CV_ANTICOAG_ORAL,primary care,Southeast,100.33333333333333,100.0,True,1,0.187914018634996,0.18823063638694343,0.00031661775194744
1523681389,1275443434,psm,EVT-0065,2024-01-09,CV_ANTICOAG_ORAL,primary care,Midwest,68.16666666666667,64.33333333333333,True,1,0.11274561390871761,0.10599961756383017,0.006745996344887442
1555906795,,psm,EVT-0065,2024-01-09,CV_ANTICOAG_ORAL,pulmonology,Midwest,211.5,,False,,,,
1685524518,1200096471,psm,EVT-0065,2024-01-09,CV_ANTICOAG_ORAL,primary care,Southeast,126.33333333333333,112.5,True,1,0.1644682728971233,0.17663668541873043,0.012168412521607136
1689916181,,psm,EVT-0065,2024-01-09,CV_ANTICOAG_ORAL,primary care,Northeast,184.66666666666666,,False,,,,
1752727945,1922185990,psm,EVT-0065,2024-01-09,CV_ANTICOAG_ORAL,primary care,West,108.83333333333333,105.66666666666667,True,1,0.05683954549926671,0.05608419479215467,0.0007553507071120374
1768225918,1095200048,psm,EVT-0065,2024-01-09,CV_ANTICOAG_ORAL,endocrinology,Midwest,182.33333333333334,176.33333333333334,True,1,0.0836331975673234,0.0747335810242671,0.008899616543056307
1824172013,,psm,EVT-0065,2024-01-09,CV_ANTICOAG_ORAL,primary care,Midwest,261.8333333333333,,False,,,,
1840863041,,psm,EVT-0065,2024-01-09,CV_ANTICOAG_ORAL,oncology,Southeast,224.83333333333334,,False,,,,
1848624494,,psm,EVT-0065,2024-01-09,CV_ANTICOAG_ORAL,primary care,Midwest,223.0,,False,,,,
1856406925,1746587884,psm,EVT-0065,2024-01-09,CV_ANTICOAG_ORAL,cardiology,Northeast,144.83333333333334,144.0,True,1,0.0716158658307545,0.07167486218246738,5.899635171288664e-05
1856601467,1901453930,psm,EVT-0065,2024-01-09,CV_ANTICOAG_ORAL,neurology,West,63.833333333333336,59.333333333333336,True,1,0.03893323920419479,0.03971828727887141,0.0007850480746766225
1934829601,,psm,EVT-0065,2024-01-09,CV_ANTICOAG_ORAL,cardiology,Midwest,218.5,,False,,,,
1969108517,,psm,EVT-0065,2024-01-09,CV_ANTICOAG_ORAL,cardiology,Midwest,233.0,,False,,,,
1989798412,,psm,EVT-0065,2024-01-09,CV_ANTICOAG_ORAL,primary care,Southwest,358.3333333333333,,False,,,,
1025231352,1892307210,psm,EVT-0066,2024-01-11,RHEUM_JAK_ORAL,rheumatology,Northeast,255.83333333333334,233.0,True,1,0.23591663278505526,0.23341390939401144,0.0025027233910438207
1199976907,1121962926,psm,EVT-0066,2024-01-11,RHEUM_JAK_ORAL,rheumatology,Northeast,259.1666666666667,334.0,True,1,0.23628354132391957,0.24462406543329127,0.008340524109371694
1352702876,1105435741,psm,EVT-0066,2024-01-11,RHEUM_JAK_ORAL,rheumatology,Northeast,147.5,153.33333333333334,True,1,0.2242072215494632,0.22482706900313204,0.0006198474536688314
1386832996,1699200295,psm,EVT-0066,2024-01-11,RHEUM_JAK_ORAL,rheumatology,West,185.83333333333334,190.66666666666666,True,1,0.08153815183444492,0.07872225628411747,0.002815895550327449
1393791409,,psm,EVT-0066,2024-01-11,RHEUM_JAK_ORAL,rheumatology,Midwest,300.5,,False,,,,
1428792083,1013443506,psm,EVT-0066,2024-01-11,RHEUM_JAK_ORAL,rheumatology,West,94.5,96.0,True,1,0.1545094346624932,0.15296680091689827,0.0015426337455949346
1519182780,,psm,EVT-0066,2024-01-11,RHEUM_JAK_ORAL,rheumatology,Midwest,208.33333333333334,,False,,,,
1590337907,1282327174,psm,EVT-0066,2024-01-11,RHEUM_JAK_ORAL,rheumatology,Northeast,477.3333333333333,488.1666666666667,True,1,0.2611469113824826,0.26242463354246426,0.0012777221599816757
1598661571,1775551348,psm,EVT-0066,2024-01-11,RHEUM_JAK_ORAL,rheumatology,Northeast,428.8333333333333,423.5,True,1,0.2554761663794492,0.25485754011974066,0.0006186262597085435
1647196991,,psm,EVT-0066,2024-01-11,RHEUM_JAK_ORAL,rheumatology,Southeast,538.6666666666666,,False,,,,
1847082322,1418704015,psm,EVT-0066,2024-01-11,RHEUM_JAK_ORAL,rheumatology,Northeast,226.33333333333334,229.83333333333334,True,1,0.2326866798081022,0.23306827836741084,0.00038159855930863795
1944079924,,psm,EVT-0066,2024-01-11,RHEUM_JAK_ORAL,rheumatology,Southeast,641.1666666666666,,False,,,,
1031568581,1838576308,psm,EVT-0067,2024-01-20,CV_ANTICOAG_ORAL,pulmonology,Southeast,86.5,92.33333333333333,True,1,0.10684811685606796,0.08228638912872101,0.024561727727346952
1031907094,1902607450,psm,EVT-0067,2024-01-20,CV_ANTICOAG_ORAL,rheumatology,West,151.16666666666666,145.5,True,1,0.062484536953186565,0.05928704225964521,0.0031974946935413515
1050705288,,psm,EVT-0067,2024-01-20,CV_ANTICOAG_ORAL,endocrinology,Southeast,533.1666666666666,,False,,,,
1101185407,1428222503,psm,EVT-0067,2024-01-20,CV_ANTICOAG_ORAL,primary care,Midwest,128.83333333333334,111.5,True,1,0.1128268144148915,0.08770375354291836,0.025123060871973135
1139166684,1341720393,psm,EVT-0067,2024-01-20,CV_ANTICOAG_ORAL,pulmonology,Midwest,119.5,107.5,True,1,0.2312514737399675,0.21122284117101203,0.020028632568955457
1159841240,,psm,EVT-0067,2024-01-20,CV_ANTICOAG_ORAL,neurology,Southeast,528.0,,False,,,,
1180932224,,psm,EVT-0067,2024-01-20,CV_ANTICOAG_ORAL,primary care,Southeast,229.83333333333334,,False,,,,
1190842652,1769352273,psm,EVT-0067,2024-01-20,CV_ANTICOAG_ORAL,primary care,Southwest,158.83333333333334,159.16666666666666,True,1,0.13323470245038024,0.1329991652695629,0.0002355371808173412
1194203331,,psm,EVT-0067,2024-01-20,CV_ANTICOAG_ORAL,rheumatology,Southeast,228.66666666666666,,False,,,,
1249657408,1299832539,psm,EVT-0067,2024-01-20,CV_ANTICOAG_ORAL,endocrinology,Northeast,196.0,197.16666666666666,True,1,0.10324578658178327,0.10418380363086685,0.0009380170490835837
1262874856,1160075531,psm,EVT-0067,2024-01-20,CV_ANTICOAG_ORAL,pulmonology,Midwest,68.83333333333333,63.0,True,1,0.15546661489322547,0.1481867753736452,0.007279839519580278
1315385710,,psm,EVT-0067,2024-01-20,CV_ANTICOAG_ORAL,primary care,Northeast,432.3333333333333,,False,,,,
1326905712,1088938448,psm,EVT-0067,2024-01-20,CV_ANTICOAG_ORAL,oncology,West,97.83333333333333,96.83333333333333,True,1,0.05178465717244762,0.050626004570662464,0.0011586526017851595
1330017819,1618352078,psm,EVT-0067,2024-01-20,CV_ANTICOAG_ORAL,neurology,Southwest,208.83333333333334,180.16666666666666,True,1,0.18576241970641527,0.1676762384114782,0.01808618129493708
1375349903,1200437733,psm,EVT-0067,2024-01-20,CV_ANTICOAG_ORAL,endocrinology,West,154.5,164.66666666666666,True,1,0.10976421455141798,0.11418164427085474,0.004417429719436761
1389574017,,psm,EVT-0067,2024-01-20,CV_ANTICOAG_ORAL,pulmonology,Southwest,279.5,,False,,,,
1567993435,1071299832,psm,EVT-0067,2024-01-20,CV_ANTICOAG_ORAL,neurology,Northeast,72.0,74.83333333333333,True,1,0.11280538581797417,0.10502243791642336,0.007782947901550805
1599989245,1328056928,psm,EVT-0067,2024-01-20,CV_ANTICOAG_ORAL,oncology,Northeast,92.16666666666667,93.83333333333333,True,1,0.040935086051770826,0.04063418560525902,0.0003009004465118065
1613561947,1393729789,psm,EVT-0067,2024-01-20,CV_ANTICOAG_ORAL,primary care,Southeast,223.33333333333334,193.16666666666666,True,1,0.23252917576323257,0.1982693407874558,0.034259834975776754
1636376422,1815549120,psm,EVT-0067,2024-01-20,CV_ANTICOAG_ORAL,neurology,Southwest,64.0,62.333333333333336,True,1,0.10848527218430457,0.10778772857167655,0.0006975436126280127
1644815767,,psm,EVT-0067,2024-01-20,CV_ANTICOAG_ORAL,primary care,West,241.33333333333334,,False,,,,
1647700669,1731313338,psm,EVT-0067,2024-01-20,CV_ANTICOAG_ORAL,pulmonology,West,44.666666666666664,44.666666666666664,True,1,0.15188379859117962,0.15188379859117962,0.0
1703413967,1432188427,psm,EVT-0067,2024-01-20,CV_ANTICOAG_ORAL,endocrinology,West,280.1666666666667,350.3333333333333,True,1,0.17595997848654849,0.22490287368566356,0.04894289519911507
1707435529,1997693654,psm,EVT-0067,2024-01-20,CV_ANTICOAG_ORAL,primary care,Southeast,158.16666666666666,169.83333333333334,True,1,0.16345500359397197,0.17447897612424546,0.011023972530273485
1806479196,1289174306,psm,EVT-0067,2024-01-20,CV_ANTICOAG_ORAL,primary care,Southwest,174.33333333333334,194.66666666666666,True,1,0.1226504066923805,0.10986948174937844,0.012780924943002064
1812815243,1842420535,psm,EVT-0067,2024-01-20,CV_ANTICOAG_ORAL,primary care,Midwest,233.16666666666666,227.16666666666666,True,1,0.40662822347167665,0.3834853928106114,0.02314283066106526
1937514325,,psm,EVT-0067,2024-01-20,CV_ANTICOAG_ORAL,primary care,West,235.33333333333334,,False,,,,
1955620046,1804484495,psm,EVT-0067,2024-01-20,CV_ANTICOAG_ORAL,primary care,Southeast,235.16666666666666,265.3333333333333,True,1,0.2470457762662837,0.28671972925149247,0.03967395298520876
1993463169,1808677938,psm,EVT-0067,2024-01-20,CV_ANTICOAG_ORAL,endocrinology,West,124.66666666666667,120.5,True,1,0.09765733102875146,0.09606444409319458,0.0015928869355568837
1031568581,1736829924,psm,EVT-0068,2024-01-26,METABOLIC_GLP1_INJ,pulmonology,Southeast,90.16666666666667,90.66666666666667,True,1,0.05372222106489196,0.054146331623599865,0.0004241105587079047
1044666919,,psm,EVT-0068,2024-01-26,METABOLIC_GLP1_INJ,neurology,Southeast,215.66666666666666,,False,,,,
1050705288,1694658844,psm,EVT-0068,2024-01-26,METABOLIC_GLP1_INJ,endocrinology,Southeast,156.16666666666666,133.66666666666666,True,1,0.24260182095955726,0.22958751330854774,0.013014307651009527
1058647219,,psm,EVT-0068,2024-01-26,METABOLIC_GLP1_INJ,pulmonology,Northeast,220.0,,False,,,,
1075036339,1087671156,psm,EVT-0068,2024-01-26,METABOLIC_GLP1_INJ,pulmonology,West,30.666666666666668,30.333333333333332,True,1,0.4593198612225732,0.48953482565945555,0.030214964436882374
1123148250,,psm,EVT-0068,2024-01-26,METABOLIC_GLP1_INJ,cardiology,Southwest,311.8333333333333,,False,,,,
1126098163,,psm,EVT-0068,2024-01-26,METABOLIC_GLP1_INJ,pulmonology,Southeast,248.33333333333334,,False,,,,
1139166684,,psm,EVT-0068,2024-01-26,METABOLIC_GLP1_INJ,pulmonology,Midwest,126.0,,False,,,,
1198262952,1536141264,psm,EVT-0068,2024-01-26,METABOLIC_GLP1_INJ,pulmonology,Northeast,82.5,69.16666666666667,True,1,0.1676220442771021,0.12386381806842833,0.043758226208673756
1238983617,1867204764,psm,EVT-0068,2024-01-26,METABOLIC_GLP1_INJ,pulmonology,Southeast,149.0,148.33333333333334,True,1,0.13116607256782473,0.12990825966365988,0.0012578129041648511
1264333323,1261377760,psm,EVT-0068,2024-01-26,METABOLIC_GLP1_INJ,primary care,Northeast,121.33333333333333,154.16666666666666,True,1,0.14527768182545703,0.11847590222602124,0.02680177959943579
1389574017,1879804551,psm,EVT-0068,2024-01-26,METABOLIC_GLP1_INJ,pulmonology,Southwest,151.83333333333334,93.0,True,1,0.15068355408215128,0.12855926732632567,0.022124286755825617
1393791409,,psm,EVT-0068,2024-01-26,METABOLIC_GLP1_INJ,rheumatology,Midwest,151.83333333333334,,False,,,,
1397955463,,psm,EVT-0068,2024-01-26,METABOLIC_GLP1_INJ,primary care,Southeast,515.8333333333334,,False,,,,
1409867656,1333896094,psm,EVT-0068,2024-01-26,METABOLIC_GLP1_INJ,neurology,Northeast,63.166666666666664,72.0,True,1,0.11034886363560184,0.09073231246220843,0.019616551173393407
1413519731,1412773438,psm,EVT-0068,2024-01-26,METABOLIC_GLP1_INJ,primary care,Southwest,273.3333333333333,271.8333333333333,True,1,0.14768137373803258,0.14390863628889716,0.0037727374491354215
1423152481,1364720148,psm,EVT-0068,2024-01-26,METABOLIC_GLP1_INJ,primary care,Southeast,338.8333333333333,322.1666666666667,True,1,0.4175219493136154,0.3765158429253588,0.041006106388256636
1533003293,,psm,EVT-0068,2024-01-26,METABOLIC_GLP1_INJ,pulmonology,Midwest,126.5,,False,,,,
1547244776,1573445784,psm,EVT-0068,2024-01-26,METABOLIC_GLP1_INJ,pulmonology,Northeast,89.16666666666667,98.33333333333333,True,1,0.1937706603650692,0.23460653289631891,0.040835872531249706
1592062677,1838809964,psm,EVT-0068,2024-01-26,METABOLIC_GLP1_INJ,neurology,Southeast,130.33333333333334,120.66666666666667,True,1,0.2540092755294536,0.2076700029931595,0.046339272536294135
1592123891,1134089733,psm,EVT-0068,2024-01-26,METABOLIC_GLP1_INJ,primary care,Northeast,119.16666666666667,116.5,True,1,0.1472123580606518,0.14962270618414597,0.002410348123494166
1610177150,1751172259,psm,EVT-0068,2024-01-26,METABOLIC_GLP1_INJ,cardiology,Southeast,161.33333333333334,141.0,True,1,0.1101154335751467,0.09449156851456895,0.015623865060577752
1630629040,1769333869,psm,EVT-0068,2024-01-26,METABOLIC_GLP1_INJ,endocrinology,Southeast,150.33333333333334,146.33333333333334,True,1,0.23918017450328546,0.2368531045980749,0.0023270699052105603
1728890785,1973275377,psm,EVT-0068,2024-01-26,METABOLIC_GLP1_INJ,neurology,Southeast,86.0,86.5,True,1,0.09300486661460336,0.0941529557769224,0.0011480891623190381
1738903891,,psm,EVT-0068,2024-01-26,METABOLIC_GLP1_INJ,endocrinology,Southeast,210.83333333333334,,False,,,,
1745601371,1977228745,psm,EVT-0068,2024-01-26,METABOLIC_GLP1_INJ,cardiology,Midwest,102.83333333333333,105.33333333333333,True,1,0.04405366427759008,0.044409609854825664,0.0003559455772355821
1836314447,1061035188,psm,EVT-0068,2024-01-26,METABOLIC_GLP1_INJ,endocrinology,Southeast,110.0,112.5,True,1,0.2164359177953708,0.21779902366679715,0.001363105871426351
1840863041,1775891033,psm,EVT-0068,2024-01-26,METABOLIC_GLP1_INJ,oncology,Southeast,60.0,58.666666666666664,True,1,0.038574382698164,0.03948842087125189,0.0009140381730878902
1893020424,,psm,EVT-0068,2024-01-26,METABOLIC_GLP1_INJ,neurology,Midwest,258.3333333333333,,False,,,,
1922670785,,psm,EVT-0068,2024-01-26,METABOLIC_GLP1_INJ,primary care,Southeast,342.5,,False,,,,
1927430854,1240393805,psm,EVT-0068,2024-01-26,METABOLIC_GLP1_INJ,primary care,Southeast,142.5,141.83333333333334,True,1,0.08689498739986022,0.08635251379367095,0.0005424736061892671
1968209027,,psm,EVT-0068,2024-01-26,METABOLIC_GLP1_INJ,rheumatology,Southeast,38.333333333333336,,False,,,,
1018018261,,psm,EVT-0069,2024-01-28,CV_ANTICOAG_ORAL,primary care,Northeast,311.8333333333333,,False,,,,
1048976678,1364720148,psm,EVT-0069,2024-01-28,CV_ANTICOAG_ORAL,primary care,Southeast,217.5,180.83333333333334,True,1,0.3013729424918018,0.2631119225919694,0.03826101989983238
1084471394,1947954388,psm,EVT-0069,2024-01-28,CV_ANTICOAG_ORAL,primary care,Northeast,100.66666666666667,104.33333333333333,True,1,0.10389817612332188,0.11160292968138734,0.007704753558065464
1084919582,1200096471,psm,EVT-0069,2024-01-28,CV_ANTICOAG_ORAL,primary care,Southeast,146.66666666666666,112.5,True,1,0.2304003287467439,0.20064824904661407,0.02975207970012983
1133130363,1099946885,psm,EVT-0069,2024-01-28,CV_ANTICOAG_ORAL,primary care,Northeast,185.66666666666666,190.16666666666666,True,1,0.42650423950430716,0.4507263702499177,0.024222130745610526
1139166684,1341720393,psm,EVT-0069,2024-01-28,CV_ANTICOAG_ORAL,pulmonology,Midwest,119.5,107.5,True,1,0.16111680646590182,0.12003793832205463,0.04107886814384719
1169614082,1429255973,psm,EVT-0069,2024-01-28,CV_ANTICOAG_ORAL,primary care,Midwest,104.5,105.83333333333333,True,1,0.1918185168915259,0.19582579928812954,0.00400728239660364
1213511599,,psm,EVT-0069,2024-01-28,CV_ANTICOAG_ORAL,primary care,Northeast,781.0,,False,,,,
1216575070,,psm,EVT-0069,2024-01-28,CV_ANTICOAG_ORAL,primary care,Midwest,186.33333333333334,,False,,,,
1219516501,,psm,EVT-0069,2024-01-28,CV_ANTICOAG_ORAL,endocrinology,Midwest,318.8333333333333,,False,,,,
1229022169,1330067194,psm,EVT-0069,2024-01-28,CV_ANTICOAG_ORAL,pulmonology,West,141.0,129.83333333333334,True,1,0.05276689142457838,0.048034139680551396,0.004732751744026986
1251567115,1428222503,psm,EVT-0069,2024-01-28,CV_ANTICOAG_ORAL,primary care,Midwest,117.16666666666667,111.5,True,1,0.23243811789533905,0.21356098373863794,0.018877134156701114
1264333323,,psm,EVT-0069,2024-01-28,CV_ANTICOAG_ORAL,primary care,Northeast,259.3333333333333,,False,,,,
1271463741,1547660377,psm,EVT-0069,2024-01-28,CV_ANTICOAG_ORAL,primary care,West,95.16666666666667,103.16666666666667,True,1,0.055618975716626766,0.06868856599436086,0.013069590277734099
1315385710,,psm,EVT-0069,2024-01-28,CV_ANTICOAG_ORAL,primary care,Northeast,432.3333333333333,,False,,,,
1335670091,,psm,EVT-0069,2024-01-28,CV_ANTICOAG_ORAL,primary care,Midwest,297.1666666666667,,False,,,,
1376656900,1555285877,psm,EVT-0069,2024-01-28,CV_ANTICOAG_ORAL,cardiology,Southwest,92.0,82.83333333333333,True,1,0.09001185175039968,0.1048722955198965,0.014860443769496828
1377426493,,psm,EVT-0069,2024-01-28,CV_ANTICOAG_ORAL,primary care,West,328.5,,False,,,,
1385532449,1997693654,psm,EVT-0069,2024-01-28,CV_ANTICOAG_ORAL,primary care,Southeast,159.83333333333334,169.83333333333334,True,1,0.24265975356416492,0.2522622858099474,0.009602532245782502
1407459696,,psm,EVT-0069,2024-01-28,CV_ANTICOAG_ORAL,pulmonology,Southwest,81.16666666666667,,False,,,,
1407931751,1841542198,psm,EVT-0069,2024-01-28,CV_ANTICOAG_ORAL,oncology,Midwest,93.0,93.5,True,1,0.03471511748666518,0.03468391413455661,3.120335210856501e-05
1436505063,,psm,EVT-0069,2024-01-28,CV_ANTICOAG_ORAL,primary care,Midwest,255.66666666666666,,False,,,,
1456207657,,psm,EVT-0069,2024-01-28,CV_ANTICOAG_ORAL,primary care,Midwest,274.0,,False,,,,
1456299035,1393729789,psm,EVT-0069,2024-01-28,CV_ANTICOAG_ORAL,primary care,Southeast,188.16666666666666,193.16666666666666,True,1,0.27050954034667773,0.2756277486749948,0.005118208328317053
1506746308,1081498101,psm,EVT-0069,2024-01-28,CV_ANTICOAG_ORAL,endocrinology,West,83.33333333333333,83.66666666666667,True,1,0.05023145726958645,0.049998109127263435,0.00023334814232301576
1511022174,,psm,EVT-0069,2024-01-28,CV_ANTICOAG_ORAL,primary care,Midwest,200.0,,False,,,,
1535820066,,psm,EVT-0069,2024-01-28,CV_ANTICOAG_ORAL,primary care,West,199.0,,False,,,,
1551962891,1766730505,psm,EVT-0069,2024-01-28,CV_ANTICOAG_ORAL,cardiology,Midwest,128.0,132.66666666666666,True,1,0.08091663338698532,0.08824759953628875,0.007330966149303425
1592123891,,psm,EVT-0069,2024-01-28,CV_ANTICOAG_ORAL,primary care,Northeast,317.0,,False,,,,
1595774286,,psm,EVT-0069,2024-01-28,CV_ANTICOAG_ORAL,rheumatology,Midwest,207.66666666666666,,False,,,,
1610177150,,psm,EVT-0069,2024-01-28,CV_ANTICOAG_ORAL,cardiology,Southeast,320.3333333333333,,False,,,,
1613561947,1082909627,psm,EVT-0069,2024-01-28,CV_ANTICOAG_ORAL,primary care,Southeast,223.33333333333334,180.0,True,1,0.30774425211089,0.2622795635504275,0.04546468856046254
1639269087,1762971749,psm,EVT-0069,2024-01-28,CV_ANTICOAG_ORAL,primary care,Northeast,152.33333333333334,162.66666666666666,True,1,0.2640628767584561,0.3102351065028224,0.0461722297443663
1644815767,,psm,EVT-0069,2024-01-28,CV_ANTICOAG_ORAL,primary care,West,241.33333333333334,,False,,,,
1724092733,1056679651,psm,EVT-0069,2024-01-28,CV_ANTICOAG_ORAL,cardiology,Northeast,223.33333333333334,218.33333333333334,True,1,0.11325409456646299,0.10604315710934774,0.007210937457115249
1727463709,1426157339,psm,EVT-0069,2024-01-28,CV_ANTICOAG_ORAL,cardiology,West,204.0,190.66666666666666,True,1,0.05090019997479567,0.04699696108625079,0.00390323888854488
1732527431,1804484495,psm,EVT-0069,2024-01-28,CV_ANTICOAG_ORAL,primary care,Southeast,242.0,265.3333333333333,True,1,0.32862216496125096,0.3556958898193031,0.02707372485805215
1779411515,1881781243,psm,EVT-0069,2024-01-28,CV_ANTICOAG_ORAL,endocrinology,Midwest,117.33333333333333,109.0,True,1,0.0666120993307287,0.06098829692664872,0.005623802404079982
1832506087,,psm,EVT-0069,2024-01-28,CV_ANTICOAG_ORAL,primary care,Midwest,490.1666666666667,,False,,,,
1848624494,1842420535,psm,EVT-0069,2024-01-28,CV_ANTICOAG_ORAL,primary care,Midwest,223.0,227.16666666666666,True,1,0.6986961717344666,0.7152951418894926,0.016598970155025983
1880717263,1320611266,psm,EVT-0069,2024-01-28,CV_ANTICOAG_ORAL,pulmonology,Northeast,156.5,154.16666666666666,True,1,0.10239358559010563,0.10038462306262813,0.0020089625274774953
1903798589,1219172859,psm,EVT-0069,2024-01-28,CV_ANTICOAG_ORAL,primary care,Southwest,226.66666666666666,212.66666666666666,True,1,0.09594223081095973,0.07729453288290085,0.018647697928058884
1924355757,,psm,EVT-0069,2024-01-28,CV_ANTICOAG_ORAL,primary care,Southwest,365.8333333333333,,False,,,,
1934829601,,psm,EVT-0069,2024-01-28,CV_ANTICOAG_ORAL,cardiology,Midwest,218.5,,False,,,,
1937514325,,psm,EVT-0069,2024-01-28,CV_ANTICOAG_ORAL,primary care,West,235.33333333333334,,False,,,,
1944079924,,psm,EVT-0069,2024-01-28,CV_ANTICOAG_ORAL,rheumatology,Southeast,382.3333333333333,,False,,,,
1964945871,1299832539,psm,EVT-0069,2024-01-28,CV_ANTICOAG_ORAL,endocrinology,Northeast,205.5,197.16666666666666,True,1,0.11239471522588926,0.10342870066640197,0.008966014559487284
1969108517,,psm,EVT-0069,2024-01-28,CV_ANTICOAG_ORAL,cardiology,Midwest,233.0,,False,,,,
1989798412,1412773438,psm,EVT-0069,2024-01-28,CV_ANTICOAG_ORAL,primary care,Southwest,358.3333333333333,355.5,True,1,0.4953635941151242,0.48340177293033765,0.011961821184786559
1073902250,1641859123,psm,EVT-0070,2024-02-03,RHEUM_JAK_ORAL,rheumatology,West,318.6666666666667,327.1666666666667,True,1,0.11263443258997378,0.11318729476570905,0.0005528621757352609
1357524945,,psm,EVT-0070,2024-02-03,RHEUM_JAK_ORAL,rheumatology,Midwest,847.3333333333334,,False,,,,
1428792083,1013443506,psm,EVT-0070,2024-02-03,RHEUM_JAK_ORAL,rheumatology,West,97.33333333333333,95.5,True,1,0.09904884237914434,0.09894265313922417,0.0001061892399201736
1435949049,1109634414,psm,EVT-0070,2024-02-03,RHEUM_JAK_ORAL,rheumatology,Northeast,449.6666666666667,445.1666666666667,True,1,0.23153996438370447,0.2270990001459709,0.0044409642377335745
1598661571,1524065749,psm,EVT-0070,2024-02-03,RHEUM_JAK_ORAL,rheumatology,Northeast,435.8333333333333,444.0,True,1,0.21808109817122623,0.22595750765731354,0.00787640948608731
1616839134,,psm,EVT-0070,2024-02-03,RHEUM_JAK_ORAL,rheumatology,Northeast,892.1666666666666,,False,,,,
1847082322,1418704015,psm,EVT-0070,2024-02-03,RHEUM_JAK_ORAL,rheumatology,Northeast,239.33333333333334,234.0,True,1,0.08516311941851551,0.08287125111750099,0.0022918683010145213
1944079924,,psm,EVT-0070,2024-02-03,RHEUM_JAK_ORAL,rheumatology,Southeast,696.0,,False,,,,
1002145427,,psm,EVT-0071,2024-02-05,METABOLIC_GLP1_INJ,primary care,Northeast,301.5,,False,,,,
1009179924,,psm,EVT-0071,2024-02-05,METABOLIC_GLP1_INJ,cardiology,West,239.5,,False,,,,
1018018261,,psm,EVT-0071,2024-02-05,METABOLIC_GLP1_INJ,primary care,Northeast,255.5,,False,,,,
1041585906,1857629178,psm,EVT-0071,2024-02-05,METABOLIC_GLP1_INJ,oncology,West,89.33333333333333,94.0,True,1,0.07209851765332079,0.07129336457839955,0.0008051530749212388
1084471394,,psm,EVT-0071,2024-02-05,METABOLIC_GLP1_INJ,primary care,Northeast,284.5,,False,,,,
1094274762,1101142523,psm,EVT-0071,2024-02-05,METABOLIC_GLP1_INJ,primary care,West,123.0,120.33333333333333,True,1,0.27408762670707876,0.26820176261580586,0.0058858640912728966
1098995024,1674102136,psm,EVT-0071,2024-02-05,METABOLIC_GLP1_INJ,primary care,Northeast,131.66666666666666,105.5,True,1,0.15277438434802687,0.1098365034821923,0.04293788086583457
1129206672,,psm,EVT-0071,2024-02-05,METABOLIC_GLP1_INJ,pulmonology,Northeast,227.33333333333334,,False,,,,
1133130363,,psm,EVT-0071,2024-02-05,METABOLIC_GLP1_INJ,primary care,Northeast,407.3333333333333,,False,,,,
1159301823,1969914385,psm,EVT-0071,2024-02-05,METABOLIC_GLP1_INJ,oncology,West,32.5,33.5,True,1,0.08259794264484345,0.08240171955096451,0.00019622309387894166
1180932224,1892083019,psm,EVT-0071,2024-02-05,METABOLIC_GLP1_INJ,primary care,Southeast,214.16666666666666,243.33333333333334,True,1,0.26886988846628435,0.2988313363220384,0.029961447855754053
1181854898,1174238463,psm,EVT-0071,2024-02-05,METABOLIC_GLP1_INJ,primary care,Southeast,208.83333333333334,194.33333333333334,True,1,0.26360122789545887,0.24961620079731725,0.013985027098141617
1200096471,1310164813,psm,EVT-0071,2024-02-05,METABOLIC_GLP1_INJ,primary care,Southeast,96.83333333333333,84.0,True,1,0.16886199941396937,0.15994844603499886,0.008913553378970512
1224230882,1134632102,psm,EVT-0071,2024-02-05,METABOLIC_GLP1_INJ,primary care,Southwest,61.0,70.33333333333333,True,1,0.12795687834354788,0.12770002656570703,0.00025685177784084967
1243754490,1045376799,psm,EVT-0071,2024-02-05,METABOLIC_GLP1_INJ,neurology,Northeast,160.33333333333334,148.5,True,1,0.0907433831198132,0.08095388104866957,0.009789502071143624
1263807582,1209566128,psm,EVT-0071,2024-02-05,METABOLIC_GLP1_INJ,primary care,Northeast,335.5,340.3333333333333,True,1,0.7759999953953315,0.7879459107008802,0.011945915305548671
1264333323,1134089733,psm,EVT-0071,2024-02-05,METABOLIC_GLP1_INJ,primary care,Northeast,121.0,113.0,True,1,0.13381181944656095,0.12092870208586591,0.012883117360695043
1284061300,1905395731,psm,EVT-0071,2024-02-05,METABOLIC_GLP1_INJ,primary care,West,95.66666666666667,87.33333333333333,True,1,0.21767520360666728,0.202241970933644,0.015433232673023295
1321405205,1922185990,psm,EVT-0071,2024-02-05,METABOLIC_GLP1_INJ,primary care,West,30.0,41.333333333333336,True,1,0.11787663569011378,0.1316884211607191,0.013811785470605326
1335670091,1166978878,psm,EVT-0071,2024-02-05,METABOLIC_GLP1_INJ,primary care,Midwest,52.666666666666664,50.5,True,1,0.1607084356696588,0.15808263339304834,0.002625802276610467
1341556789,,psm,EVT-0071,2024-02-05,METABOLIC_GLP1_INJ,cardiology,West,306.8333333333333,,False,,,,
1364458855,1061035188,psm,EVT-0071,2024-02-05,METABOLIC_GLP1_INJ,endocrinology,Southeast,125.16666666666667,118.33333333333333,True,1,0.07171360006576734,0.07218341493479086,0.00046981486902351877
1375349903,1249126917,psm,EVT-0071,2024-02-05,METABOLIC_GLP1_INJ,endocrinology,West,216.5,211.83333333333334,True,1,0.15838345194014686,0.15248462967166687,0.005898822268479986
1377426493,1676855970,psm,EVT-0071,2024-02-05,METABOLIC_GLP1_INJ,primary care,West,257.5,254.66666666666666,True,1,0.6290729001263293,0.6216591065060001,0.007413793620329234
1413519731,1412773438,psm,EVT-0071,2024-02-05,METABOLIC_GLP1_INJ,primary care,Southwest,275.6666666666667,289.8333333333333,True,1,0.12215985992007788,0.1217853578403295,0.00037450207974838723
1433980129,,psm,EVT-0071,2024-02-05,METABOLIC_GLP1_INJ,pulmonology,Northeast,188.66666666666666,,False,,,,
1435662964,1606566010,psm,EVT-0071,2024-02-05,METABOLIC_GLP1_INJ,endocrinology,West,94.5,89.0,True,1,0.054932201553960454,0.0522464993398591,0.002685702214101353
1449331358,,psm,EVT-0071,2024-02-05,METABOLIC_GLP1_INJ,pulmonology,Midwest,128.16666666666666,,False,,,,
1456299035,1364720148,psm,EVT-0071,2024-02-05,METABOLIC_GLP1_INJ,primary care,Southeast,345.5,330.0,True,1,0.41672889533630814,0.39780985222076176,0.018919043115546375
1511022174,1548652282,psm,EVT-0071,2024-02-05,METABOLIC_GLP1_INJ,primary care,Midwest,108.33333333333333,96.5,True,1,0.24058785991855988,0.22157832504763356,0.019009534870926326
1520551320,1993874985,psm,EVT-0071,2024-02-05,METABOLIC_GLP1_INJ,rheumatology,Northeast,114.83333333333333,117.66666666666667,True,1,0.050394834898471366,0.05082066504841302,0.0004258301499416514
1610177150,1714292012,psm,EVT-0071,2024-02-05,METABOLIC_GLP1_INJ,cardiology,Southeast,171.5,157.66666666666666,True,1,0.10288564033492487,0.09260250206350122,0.010283138271423645
1639269087,,psm,EVT-0071,2024-02-05,METABOLIC_GLP1_INJ,primary care,Northeast,392.5,,False,,,,
1644815767,1873780039,psm,EVT-0071,2024-02-05,METABOLIC_GLP1_INJ,primary care,West,283.6666666666667,264.0,True,1,0.694341543162617,0.6458484023193184,0.04849314084329859
1657035808,,psm,EVT-0071,2024-02-05,METABOLIC_GLP1_INJ,primary care,West,232.33333333333334,,False,,,,
1657725655,1120914548,psm,EVT-0071,2024-02-05,METABOLIC_GLP1_INJ,cardiology,West,134.5,130.66666666666666,True,1,0.0703591659371635,0.06195944778936703,0.00839971814779647
1706991829,1801662945,psm,EVT-0071,2024-02-05,METABOLIC_GLP1_INJ,endocrinology,Midwest,87.5,85.0,True,1,0.08698769837958355,0.08874510712082471,0.0017574087412411676
1721479586,1434523506,psm,EVT-0071,2024-02-05,METABOLIC_GLP1_INJ,primary care,West,134.0,138.5,True,1,0.2991973235368761,0.3098409862715361,0.010643662734659998
1767249513,,psm,EVT-0071,2024-02-05,METABOLIC_GLP1_INJ,pulmonology,West,34.333333333333336,,False,,,,
1808826295,1838439200,psm,EVT-0071,2024-02-05,METABOLIC_GLP1_INJ,primary care,Southeast,208.66666666666666,208.0,True,1,0.2634376546180441,0.2627840138369678,0.0006536407810762701
1824172013,,psm,EVT-0071,2024-02-05,METABOLIC_GLP1_INJ,primary care,Midwest,821.1666666666666,,False,,,,
1832506087,,psm,EVT-0071,2024-02-05,METABOLIC_GLP1_INJ,primary care,Midwest,511.3333333333333,,False,,,,
1844747141,,psm,EVT-0071,2024-02-05,METABOLIC_GLP1_INJ,primary care,West,357.1666666666667,,False,,,,
1848624494,1381937048,psm,EVT-0071,2024-02-05,METABOLIC_GLP1_INJ,primary care,Midwest,113.33333333333333,115.16666666666667,True,1,0.2489473925072742,0.2520607683653345,0.0031133758580602633
1937514325,1547660377,psm,EVT-0071,2024-02-05,METABOLIC_GLP1_INJ,primary care,West,222.33333333333334,214.83333333333334,True,1,0.5338150655293152,0.5129221130174296,0.02089295251188561
1944079924,1337789832,psm,EVT-0071,2024-02-05,METABOLIC_GLP1_INJ,rheumatology,Southeast,122.66666666666667,123.16666666666667,True,1,0.10797601926187636,0.10898386955724583,0.0010078502953694696
1025231352,1892307210,psm,EVT-0072,2024-02-08,RHEUM_JAK_ORAL,rheumatology,Northeast,262.0,232.83333333333334,True,1,0.19816121207615117,0.1787568827802499,0.019404329295901274
1040239976,1674708775,psm,EVT-0072,2024-02-08,RHEUM_JAK_ORAL,rheumatology,Northeast,378.0,385.0,True,1,0.29051885730702726,0.2968394901836775,0.006320632876650245
1194203331,,psm,EVT-0072,2024-02-08,RHEUM_JAK_ORAL,rheumatology,Southeast,339.3333333333333,,False,,,,
1199976907,1418704015,psm,EVT-0072,2024-02-08,RHEUM_JAK_ORAL,rheumatology,Northeast,259.3333333333333,234.0,True,1,0.19632319050926697,0.17950365739519558,0.01681953311407139
1246066447,,psm,EVT-0072,2024-02-08,RHEUM_JAK_ORAL,rheumatology,Southwest,481.0,,False,,,,
1274985831,1601451010,psm,EVT-0072,2024-02-08,RHEUM_JAK_ORAL,rheumatology,Southwest,300.6666666666667,284.0,True,1,0.20902578667243704,0.16336688906332056,0.04565889760911648
1393791409,,psm,EVT-0072,2024-02-08,RHEUM_JAK_ORAL,rheumatology,Midwest,312.3333333333333,,False,,,,
1524065749,1109634414,psm,EVT-0072,2024-02-08,RHEUM_JAK_ORAL,rheumatology,Northeast,444.0,445.1666666666667,True,1,0.3530727098004323,0.35423359619701694,0.0011608863965846261
1590337907,1282327174,psm,EVT-0072,2024-02-08,RHEUM_JAK_ORAL,rheumatology,Northeast,490.3333333333333,497.0,True,1,0.40038394176997744,0.4073708569564559,0.006986915186478482
1595774286,,psm,EVT-0072,2024-02-08,RHEUM_JAK_ORAL,rheumatology,Midwest,540.8333333333334,,False,,,,
1598661571,1775551348,psm,EVT-0072,2024-02-08,RHEUM_JAK_ORAL,rheumatology,Northeast,435.8333333333333,421.6666666666667,True,1,0.3449955913534297,0.3311962773395523,0.013799314013877406
1643343233,,psm,EVT-0072,2024-02-08,RHEUM_JAK_ORAL,rheumatology,Southeast,302.3333333333333,,False,,,,
1944079924,,psm,EVT-0072,2024-02-08,RHEUM_JAK_ORAL,rheumatology,Southeast,696.0,,False,,,,
1002145427,,psm,EVT-0073,2024-02-10,PC_ANTIHYPERTENSIVE,primary care,Northeast,551.6666666666666,,False,,,,
1018018261,1714021262,psm,EVT-0073,2024-02-10,PC_ANTIHYPERTENSIVE,primary care,Northeast,448.8333333333333,427.0,True,1,0.7274674551645813,0.6936450564654599,0.0338223986991214
1060922949,1473494189,psm,EVT-0073,2024-02-10,PC_ANTIHYPERTENSIVE,primary care,Northeast,158.5,159.33333333333334,True,1,0.2302450159693572,0.23136032148093805,0.0011153055115808441
1124726435,,psm,EVT-0073,2024-02-10,PC_ANTIHYPERTENSIVE,primary care,Northeast,351.3333333333333,,False,,,,
1144669185,,psm,EVT-0073,2024-02-10,PC_ANTIHYPERTENSIVE,primary care,Northeast,753.5,,False,,,,
1169614082,1275443434,psm,EVT-0073,2024-02-10,PC_ANTIHYPERTENSIVE,primary care,Midwest,203.33333333333334,214.33333333333334,True,1,0.23702059227286623,0.2610208802174417,0.024000287944575455
1180932224,,psm,EVT-0073,2024-02-10,PC_ANTIHYPERTENSIVE,primary care,Southeast,531.0,,False,,,,
1200480071,1058325303,psm,EVT-0073,2024-02-10,PC_ANTIHYPERTENSIVE,primary care,Northeast,277.3333333333333,292.3333333333333,True,1,0.42285165105701733,0.45066176762441745,0.027810116567400123
1213511599,,psm,EVT-0073,2024-02-10,PC_ANTIHYPERTENSIVE,primary care,Northeast,796.0,,False,,,,
1263807582,,psm,EVT-0073,2024-02-10,PC_ANTIHYPERTENSIVE,primary care,Northeast,744.1666666666666,,False,,,,
1264333323,1209566128,psm,EVT-0073,2024-02-10,PC_ANTIHYPERTENSIVE,primary care,Northeast,578.5,587.0,True,1,0.8764605237900824,0.8832331470581547,0.006772623268072264
1268222167,1135650855,psm,EVT-0073,2024-02-10,PC_ANTIHYPERTENSIVE,primary care,Midwest,301.0,290.6666666666667,True,1,0.4927713459369093,0.46268235540837976,0.030088990528529536
1271463741,1534502129,psm,EVT-0073,2024-02-10,PC_ANTIHYPERTENSIVE,primary care,West,142.16666666666666,144.83333333333334,True,1,0.04072483724193627,0.04196735812438455,0.001242520882448278
1280087226,,psm,EVT-0073,2024-02-10,PC_ANTIHYPERTENSIVE,primary care,Northeast,852.8333333333334,,False,,,,
1287287258,,psm,EVT-0073,2024-02-10,PC_ANTIHYPERTENSIVE,primary care,Midwest,393.6666666666667,,False,,,,
1300654963,1261377760,psm,EVT-0073,2024-02-10,PC_ANTIHYPERTENSIVE,primary care,Northeast,227.33333333333334,247.66666666666666,True,1,0.3344751169077583,0.3694152088390715,0.0349400919313132
1315385710,,psm,EVT-0073,2024-02-10,PC_ANTIHYPERTENSIVE,primary care,Northeast,1062.5,,False,,,,
1385532449,1838439200,psm,EVT-0073,2024-02-10,PC_ANTIHYPERTENSIVE,primary care,Southeast,545.3333333333334,557.1666666666666,True,1,0.6353799210471333,0.649778454220832,0.014398533173698769
1413519731,1769352273,psm,EVT-0073,2024-02-10,PC_ANTIHYPERTENSIVE,primary care,Southwest,442.1666666666667,332.3333333333333,True,1,0.23000836380868872,0.21282682153381716,0.017181542274871564
1418997171,,psm,EVT-0073,2024-02-10,PC_ANTIHYPERTENSIVE,primary care,Northeast,524.1666666666666,,False,,,,
1425340662,1134632102,psm,EVT-0073,2024-02-10,PC_ANTIHYPERTENSIVE,primary care,Southwest,408.1666666666667,419.1666666666667,True,1,0.22458766547824233,0.2263314333342399,0.0017437678559975855
1456207657,,psm,EVT-0073,2024-02-10,PC_ANTIHYPERTENSIVE,primary care,Midwest,555.5,,False,,,,
1456299035,1174238463,psm,EVT-0073,2024-02-10,PC_ANTIHYPERTENSIVE,primary care,Southeast,240.33333333333334,240.0,True,1,0.2571832919382844,0.2568460312341561,0.0003372607041282616
1484724632,1767508967,psm,EVT-0073,2024-02-10,PC_ANTIHYPERTENSIVE,primary care,Northeast,373.6666666666667,390.0,True,1,0.6023224313146921,0.6314130617254953,0.029090630410803175
1509977165,,psm,EVT-0073,2024-02-10,PC_ANTIHYPERTENSIVE,primary care,Northeast,717.5,,False,,,,
1546151204,1251202242,psm,EVT-0073,2024-02-10,PC_ANTIHYPERTENSIVE,primary care,Northeast,309.3333333333333,315.0,True,1,0.4825473096330795,0.4932204742866291,0.01067316465354956
1552813903,,psm,EVT-0073,2024-02-10,PC_ANTIHYPERTENSIVE,primary care,Northeast,640.1666666666666,,False,,,,
1595301304,1812123887,psm,EVT-0073,2024-02-10,PC_ANTIHYPERTENSIVE,primary care,Southwest,408.5,417.1666666666667,True,1,0.2246403664356686,0.22601367355003035,0.0013733071143617603
1635581279,,psm,EVT-0073,2024-02-10,PC_ANTIHYPERTENSIVE,primary care,Southeast,613.8333333333334,,False,,,,
1639269087,1762971749,psm,EVT-0073,2024-02-10,PC_ANTIHYPERTENSIVE,primary care,Northeast,230.83333333333334,232.66666666666666,True,1,0.3403739883828215,0.34348387820800724,0.00310988982518573
1689916181,,psm,EVT-0073,2024-02-10,PC_ANTIHYPERTENSIVE,primary care,Northeast,502.0,,False,,,,
1721479586,,psm,EVT-0073,2024-02-10,PC_ANTIHYPERTENSIVE,primary care,West,442.3333333333333,,False,,,,
1732527431,,psm,EVT-0073,2024-02-10,PC_ANTIHYPERTENSIVE,primary care,Southeast,383.5,,False,,,,
1740047711,1310164813,psm,EVT-0073,2024-02-10,PC_ANTIHYPERTENSIVE,primary care,Southeast,232.0,215.83333333333334,True,1,0.24883897356637721,0.23317446925227533,0.01566450431410188
1803233885,1892083019,psm,EVT-0073,2024-02-10,PC_ANTIHYPERTENSIVE,primary care,Southeast,329.8333333333333,339.6666666666667,True,1,0.3574500441252156,0.3695034705786829,0.012053426453467297
1808826295,1363342464,psm,EVT-0073,2024-02-10,PC_ANTIHYPERTENSIVE,primary care,Southeast,456.3333333333333,448.8333333333333,True,1,0.5209390141341471,0.511014890181466,0.009924123952681163
1812815243,,psm,EVT-0073,2024-02-10,PC_ANTIHYPERTENSIVE,primary care,Midwest,617.8333333333334,,False,,,,
1848624494,,psm,EVT-0073,2024-02-10,PC_ANTIHYPERTENSIVE,primary care,Midwest,314.3333333333333,,False,,,,
1862986803,1181360912,psm,EVT-0073,2024-02-10,PC_ANTIHYPERTENSIVE,primary care,Midwest,255.33333333333334,238.33333333333334,True,1,0.36307732290180017,0.3185395419740149,0.044537780927785264
1924355757,1352216182,psm,EVT-0073,2024-02-10,PC_ANTIHYPERTENSIVE,primary care,Southwest,374.0,359.1666666666667,True,1,0.21923244230412897,0.21693626760508275,0.0022961746990462217
1927430854,,psm,EVT-0073,2024-02-10,PC_ANTIHYPERTENSIVE,primary care,Southeast,584.8333333333334,,False,,,,
1955620046,,psm,EVT-0073,2024-02-10,PC_ANTIHYPERTENSIVE,primary care,Southeast,406.6666666666667,,False,,,,
1018018261,,psm,EVT-0074,2024-02-13,CV_ANTICOAG_ORAL,primary care,Northeast,321.0,,False,,,,
1048976678,1393729789,psm,EVT-0074,2024-02-13,CV_ANTICOAG_ORAL,primary care,Southeast,234.0,201.83333333333334,True,1,0.0705613491082913,0.05914631822584162,0.011415030882449682
1065091666,1200437733,psm,EVT-0074,2024-02-13,CV_ANTICOAG_ORAL,endocrinology,West,146.66666666666666,157.5,True,1,0.14499380283608151,0.14993818076079632,0.0049443779247148045
1107038659,1299832539,psm,EVT-0074,2024-02-13,CV_ANTICOAG_ORAL,endocrinology,Northeast,190.5,198.33333333333334,True,1,0.10437674848827812,0.11663353951417908,0.012256791025900965
1136500869,,psm,EVT-0074,2024-02-13,CV_ANTICOAG_ORAL,endocrinology,Southeast,327.5,,False,,,,
1139166684,,psm,EVT-0074,2024-02-13,CV_ANTICOAG_ORAL,pulmonology,Midwest,127.66666666666667,,False,,,,
1361521440,1881781243,psm,EVT-0074,2024-02-13,CV_ANTICOAG_ORAL,endocrinology,Midwest,128.5,114.83333333333333,True,1,0.08178381874311175,0.07217186070553523,0.009611958037576515
1362560363,1426157339,psm,EVT-0074,2024-02-13,CV_ANTICOAG_ORAL,cardiology,West,224.16666666666666,199.16666666666666,True,1,0.09970523285448057,0.0890677526518794,0.010637480202601177
1364458855,,psm,EVT-0074,2024-02-13,CV_ANTICOAG_ORAL,endocrinology,Southeast,233.66666666666666,,False,,,,
1394609428,,psm,EVT-0074,2024-02-13,CV_ANTICOAG_ORAL,endocrinology,Southwest,425.1666666666667,,False,,,,
1435662964,1268421124,psm,EVT-0074,2024-02-13,CV_ANTICOAG_ORAL,endocrinology,West,232.66666666666666,133.83333333333334,True,1,0.18813345930017475,0.13931264411935942,0.048820815180815325
1473057747,1295389203,psm,EVT-0074,2024-02-13,CV_ANTICOAG_ORAL,endocrinology,West,136.66666666666666,139.16666666666666,True,1,0.140550656478286,0.14165065029112428,0.0010999938128382902
1536278926,1463019459,psm,EVT-0074,2024-02-13,CV_ANTICOAG_ORAL,primary care,West,124.16666666666667,125.66666666666667,True,1,0.11562708098488457,0.1192025159892564,0.003575435004371824
1590869917,1209829039,psm,EVT-0074,2024-02-13,CV_ANTICOAG_ORAL,primary care,Southwest,87.83333333333333,85.0,True,1,0.20691973521472437,0.20962476021763388,0.0027050250029095058
1598661571,1150502551,psm,EVT-0074,2024-02-13,CV_ANTICOAG_ORAL,rheumatology,Northeast,201.83333333333334,216.83333333333334,True,1,0.05523508583547394,0.057627904528219184,0.002392818692745241
1644815767,,psm,EVT-0074,2024-02-13,CV_ANTICOAG_ORAL,primary care,West,258.3333333333333,,False,,,,
1645233598,,psm,EVT-0074,2024-02-13,CV_ANTICOAG_ORAL,endocrinology,Northeast,423.3333333333333,,False,,,,
1647700669,1340455504,psm,EVT-0074,2024-02-13,CV_ANTICOAG_ORAL,pulmonology,West,46.333333333333336,46.5,True,1,0.1254958328637889,0.12413034749138445,0.0013654853724044541
1665478461,1947954388,psm,EVT-0074,2024-02-13,CV_ANTICOAG_ORAL,primary care,Northeast,105.5,103.5,True,1,0.05484686327568274,0.053111686006048785,0.0017351772696339585
1701585576,1440623548,psm,EVT-0074,2024-02-13,CV_ANTICOAG_ORAL,cardiology,Southwest,160.0,160.16666666666666,True,1,0.07286800753968446,0.07289480346924326,2.6795929558801057e-05
1706991829,1935314678,psm,EVT-0074,2024-02-13,CV_ANTICOAG_ORAL,endocrinology,Midwest,291.3333333333333,273.1666666666667,True,1,0.30904207904334025,0.27197180742758803,0.037070271615752215
1725623817,1812123887,psm,EVT-0074,2024-02-13,CV_ANTICOAG_ORAL,primary care,Southwest,254.16666666666666,270.1666666666667,True,1,0.0905739307929999,0.0832271803071472,0.007346750485852704
1732914373,1210894345,psm,EVT-0074,2024-02-13,CV_ANTICOAG_ORAL,cardiology,West,151.83333333333334,137.5,True,1,0.07169640394904638,0.06708605809197442,0.004610345857071957
1738903891,,psm,EVT-0074,2024-02-13,CV_ANTICOAG_ORAL,endocrinology,Southeast,491.1666666666667,,False,,,,
1806707737,1534502129,psm,EVT-0074,2024-02-13,CV_ANTICOAG_ORAL,primary care,West,163.0,170.0,True,1,0.2420967038337886,0.2728528343659758,0.030756130532187204
1898803444,1257768279,psm,EVT-0074,2024-02-13,CV_ANTICOAG_ORAL,endocrinology,West,187.5,179.66666666666666,True,1,0.16435606775420591,0.1604872391975363,0.003868828556669618
1999506508,1598998692,psm,EVT-0074,2024-02-13,CV_ANTICOAG_ORAL,endocrinology,Southwest,98.66666666666667,116.33333333333333,True,1,0.09124262462557466,0.10214839244760535,0.01090576782203069
1018018261,,psm,EVT-0075,2024-02-13,PC_ANTIHYPERTENSIVE,primary care,Northeast,448.8333333333333,,False,,,,
1046736322,1219172859,psm,EVT-0075,2024-02-13,PC_ANTIHYPERTENSIVE,primary care,Southwest,226.83333333333334,202.33333333333334,True,1,0.2998469737293053,0.3035426478456209,0.003695674116315606
1048976678,,psm,EVT-0075,2024-02-13,PC_ANTIHYPERTENSIVE,primary care,Southeast,429.8333333333333,,False,,,,
1138281740,1296624285,psm,EVT-0075,2024-02-13,PC_ANTIHYPERTENSIVE,primary care,West,232.66666666666666,237.33333333333334,True,1,0.23366025580567534,0.24257093481535846,0.00891067900968312
1271768685,1311764207,psm,EVT-0075,2024-02-13,PC_ANTIHYPERTENSIVE,primary care,Midwest,380.3333333333333,395.6666666666667,True,1,0.5815547868078293,0.6272893905965412,0.04573460378871186
1297280590,,psm,EVT-0075,2024-02-13,PC_ANTIHYPERTENSIVE,primary care,Midwest,364.3333333333333,,False,,,,
1321405205,1851932792,psm,EVT-0075,2024-02-13,PC_ANTIHYPERTENSIVE,primary care,West,193.5,191.16666666666666,True,1,0.16797754484055702,0.16457282724144268,0.003404717599114343
1334266016,1769352273,psm,EVT-0075,2024-02-13,PC_ANTIHYPERTENSIVE,primary care,Southwest,328.1666666666667,332.3333333333333,True,1,0.28483927026760675,0.2842319303222968,0.000607339945309926
1335670091,1181360912,psm,EVT-0075,2024-02-13,PC_ANTIHYPERTENSIVE,primary care,Midwest,260.1666666666667,238.33333333333334,True,1,0.2366383924499393,0.1909573078592346,0.04568108459070472
1418997171,,psm,EVT-0075,2024-02-13,PC_ANTIHYPERTENSIVE,primary care,Northeast,524.1666666666666,,False,,,,
1423152481,,psm,EVT-0075,2024-02-13,PC_ANTIHYPERTENSIVE,primary care,Southeast,470.1666666666667,,False,,,,
1509977165,,psm,EVT-0075,2024-02-13,PC_ANTIHYPERTENSIVE,primary care,Northeast,717.5,,False,,,,
1523498065,1364720148,psm,EVT-0075,2024-02-13,PC_ANTIHYPERTENSIVE,primary care,Southeast,304.8333333333333,286.1666666666667,True,1,0.213451684151865,0.20054390114495238,0.012907783006912615
1536278926,,psm,EVT-0075,2024-02-13,PC_ANTIHYPERTENSIVE,primary care,West,684.5,,False,,,,
1552813903,,psm,EVT-0075,2024-02-13,PC_ANTIHYPERTENSIVE,primary care,Northeast,640.1666666666666,,False,,,,
1595301304,1812123887,psm,EVT-0075,2024-02-13,PC_ANTIHYPERTENSIVE,primary care,Southwest,408.5,417.1666666666667,True,1,0.27326861840083444,0.27203800300806485,0.001230615392769585
1689059347,1769234364,psm,EVT-0075,2024-02-13,PC_ANTIHYPERTENSIVE,primary care,Southwest,248.33333333333334,256.8333333333333,True,1,0.29662512583117184,0.2953569083732261,0.0012682174579457528
1689916181,,psm,EVT-0075,2024-02-13,PC_ANTIHYPERTENSIVE,primary care,Northeast,502.0,,False,,,,
1725623817,1209829039,psm,EVT-0075,2024-02-13,PC_ANTIHYPERTENSIVE,primary care,Southwest,609.1666666666666,642.0,True,1,0.2456811076226225,0.2413504724902363,0.004330635132386185
1747032997,1261377760,psm,EVT-0075,2024-02-13,PC_ANTIHYPERTENSIVE,primary care,Northeast,254.33333333333334,247.66666666666666,True,1,0.11135290890553394,0.10477518431732374,0.006577724588210196
1776723276,,psm,EVT-0075,2024-02-13,PC_ANTIHYPERTENSIVE,primary care,Midwest,496.0,,False,,,,
1806707737,1534502129,psm,EVT-0075,2024-02-13,PC_ANTIHYPERTENSIVE,primary care,West,144.16666666666666,144.83333333333334,True,1,0.10723353483500418,0.10790719519095879,0.0006736603559546056
1808826295,1363342464,psm,EVT-0075,2024-02-13,PC_ANTIHYPERTENSIVE,primary care,Southeast,456.3333333333333,448.8333333333333,True,1,0.3394209427557853,0.3323715970008715,0.007049345754913838
1812815243,,psm,EVT-0075,2024-02-13,PC_ANTIHYPERTENSIVE,primary care,Midwest,617.8333333333334,,False,,,,
1824172013,,psm,EVT-0075,2024-02-13,PC_ANTIHYPERTENSIVE,primary care,Midwest,310.6666666666667,,False,,,,
1922670785,1892083019,psm,EVT-0075,2024-02-13,PC_ANTIHYPERTENSIVE,primary care,Southeast,368.1666666666667,339.6666666666667,True,1,0.2616559989434287,0.23912763218184002,0.022528366761588703
1937514325,,psm,EVT-0075,2024-02-13,PC_ANTIHYPERTENSIVE,primary care,West,383.3333333333333,,False,,,,
1133616429,1844748057,psm,EVT-0076,2024-02-23,NEURO_MIGRAINE_CGRP,neurology,Midwest,223.16666666666666,233.66666666666666,True,1,0.11926928672881053,0.13922843411191863,0.019959147383108097
1163199601,,psm,EVT-0076,2024-02-23,NEURO_MIGRAINE_CGRP,neurology,Southwest,239.83333333333334,,False,,,,
1204261733,1095874958,psm,EVT-0076,2024-02-23,NEURO_MIGRAINE_CGRP,neurology,Southeast,242.5,236.83333333333334,True,1,0.21099005394591236,0.20939485926360313,0.0015951946823092311
1327009084,,psm,EVT-0076,2024-02-23,NEURO_MIGRAINE_CGRP,neurology,Southwest,246.83333333333334,,False,,,,
1512844550,,psm,EVT-0076,2024-02-23,NEURO_MIGRAINE_CGRP,neurology,Southwest,264.3333333333333,,False,,,,
1561159348,1527981900,psm,EVT-0076,2024-02-23,NEURO_MIGRAINE_CGRP,neurology,Northeast,161.33333333333334,165.16666666666666,True,1,0.1882850085650369,0.18818796276532068,9.704579971622773e-05
1616418756,1874547676,psm,EVT-0076,2024-02-23,NEURO_MIGRAINE_CGRP,neurology,Northeast,191.33333333333334,175.5,True,1,0.18752654599082355,0.18792655245278267,0.00040000646195911815
1635476009,1914644640,psm,EVT-0076,2024-02-23,NEURO_MIGRAINE_CGRP,neurology,Northeast,221.66666666666666,229.0,True,1,0.18676204768657323,0.1865775847073196,0.00018446297925361899
1636376422,,psm,EVT-0076,2024-02-23,NEURO_MIGRAINE_CGRP,neurology,Southwest,247.16666666666666,,False,,,,
1728890785,1464676570,psm,EVT-0076,2024-02-23,NEURO_MIGRAINE_CGRP,neurology,Southeast,172.5,164.0,True,1,0.19190688564224193,0.1896815864610854,0.0022252991811565204
1824149854,1334266743,psm,EVT-0076,2024-02-23,NEURO_MIGRAINE_CGRP,neurology,Southeast,267.0,266.0,True,1,0.2179891617710537,0.21770023403303765,0.0002889277380160593
1836939912,1838809964,psm,EVT-0076,2024-02-23,NEURO_MIGRAINE_CGRP,neurology,Southeast,185.33333333333334,197.83333333333334,True,1,0.19530427284620525,0.19865701640866418,0.003352743562458932
1202669523,,psm,EVT-0077,2024-02-26,CARD_HF_ARNI,cardiology,Midwest,293.0,,False,,,,
1265952337,1541379537,psm,EVT-0077,2024-02-26,CARD_HF_ARNI,cardiology,Northeast,445.5,447.6666666666667,True,1,0.4159267492211651,0.42045557324841365,0.004528824027248524
1594466975,1405577143,psm,EVT-0077,2024-02-26,CARD_HF_ARNI,cardiology,West,314.1666666666667,319.0,True,1,0.15686701392876845,0.16210879686487492,0.0052417829361064705
1648553570,1369949932,psm,EVT-0077,2024-02-26,CARD_HF_ARNI,cardiology,Southwest,319.8333333333333,313.5,True,1,0.21515067869385848,0.20882213214172046,0.00632854655213802
1710163217,1056679651,psm,EVT-0077,2024-02-26,CARD_HF_ARNI,cardiology,Northeast,278.8333333333333,269.0,True,1,0.14537533367470235,0.13519086581846212,0.01018446785624022
1745601371,1200346587,psm,EVT-0077,2024-02-26,CARD_HF_ARNI,cardiology,Midwest,247.66666666666666,245.16666666666666,True,1,0.121025906961844,0.11508171630569747,0.005944190656146528
1760628762,1706770306,psm,EVT-0077,2024-02-26,CARD_HF_ARNI,cardiology,Southwest,189.33333333333334,163.33333333333334,True,1,0.11156827485062237,0.09705739900725599,0.014510875843366383
1814938340,1751172259,psm,EVT-0077,2024-02-26,CARD_HF_ARNI,cardiology,Southeast,278.1666666666667,278.8333333333333,True,1,0.1666208510077773,0.1709723327198136,0.004351481712036309
1885189138,1871372714,psm,EVT-0077,2024-02-26,CARD_HF_ARNI,cardiology,Northeast,277.0,274.5,True,1,0.14342943028276353,0.14081092662973735,0.002618503653026183
1933607412,1371759725,psm,EVT-0077,2024-02-26,CARD_HF_ARNI,cardiology,West,179.5,179.33333333333334,True,1,0.05889531444143708,0.0588206175092085,7.469693222857815e-05
1159841240,,psm,EVT-0078,2024-03-05,NEURO_MIGRAINE_CGRP,neurology,Southeast,624.0,,False,,,,
1204261733,1095874958,psm,EVT-0078,2024-03-05,NEURO_MIGRAINE_CGRP,neurology,Southeast,244.66666666666666,244.0,True,1,0.16281079258219414,0.16211236649914323,0.0006984260830509015
1327009084,1925142923,psm,EVT-0078,2024-03-05,NEURO_MIGRAINE_CGRP,neurology,Southwest,254.16666666666666,218.33333333333334,True,1,0.10301267979692988,0.07851554830714902,0.02449713148978086
1592062677,,psm,EVT-0078,2024-03-05,NEURO_MIGRAINE_CGRP,neurology,Southeast,410.8333333333333,,False,,,,
1824149854,1334266743,psm,EVT-0078,2024-03-05,NEURO_MIGRAINE_CGRP,neurology,Southeast,275.1666666666667,283.8333333333333,True,1,0.19739915492044757,0.20818485769457667,0.010785702774129102
1041585906,1985685233,psm,EVT-0079,2024-03-11,ONC_TARGETED_ORAL,oncology,West,145.83333333333334,145.16666666666666,True,1,0.0840668429898581,0.08180041027821765,0.0022664327116404537
1328056928,1242598583,psm,EVT-0079,2024-03-11,ONC_TARGETED_ORAL,oncology,Northeast,272.1666666666667,278.1666666666667,True,1,0.10835584449438317,0.11419692763383638,0.00584108313945321
1358245029,1479311619,psm,EVT-0079,2024-03-11,ONC_TARGETED_ORAL,oncology,Midwest,181.0,183.0,True,1,0.03614275585820091,0.036401472058872,0.00025871620067108997
1679256069,1195381896,psm,EVT-0079,2024-03-11,ONC_TARGETED_ORAL,oncology,Northeast,350.0,332.8333333333333,True,1,0.2072968502516733,0.18089129509782587,0.026405555153847432
1893606271,,psm,EVT-0079,2024-03-11,ONC_TARGETED_ORAL,oncology,Southwest,317.3333333333333,,False,,,,
1969914385,,psm,EVT-0079,2024-03-11,ONC_TARGETED_ORAL,oncology,West,232.83333333333334,,False,,,,
1216532808,1831786672,psm,EVT-0080,2024-03-11,ONC_TARGETED_ORAL,oncology,Southeast,158.0,152.33333333333334,True,1,0.03277262158406048,0.03310493301248625,0.0003323114284257689
1240190284,,psm,EVT-0080,2024-03-11,ONC_TARGETED_ORAL,oncology,Southwest,321.5,,False,,,,
1326516303,,psm,EVT-0080,2024-03-11,ONC_TARGETED_ORAL,oncology,Southwest,295.3333333333333,,False,,,,
1328056928,1242598583,psm,EVT-0080,2024-03-11,ONC_TARGETED_ORAL,oncology,Northeast,272.1666666666667,278.1666666666667,True,1,0.10353155008357676,0.10593105268691302,0.0023995026033362676
1358245029,1479311619,psm,EVT-0080,2024-03-11,ONC_TARGETED_ORAL,oncology,Midwest,181.0,183.0,True,1,0.07124061623580295,0.07147544666460946,0.0002348304288065095
1743613295,1743803979,psm,EVT-0080,2024-03-11,ONC_TARGETED_ORAL,oncology,Midwest,153.33333333333334,153.0,True,1,0.06806445557857155,0.06802700075323231,3.745482533923372e-05
1758206720,,psm,EVT-0080,2024-03-11,ONC_TARGETED_ORAL,oncology,Southwest,202.16666666666666,,False,,,,
1811081532,1511742359,psm,EVT-0080,2024-03-11,ONC_TARGETED_ORAL,oncology,Northeast,177.66666666666666,186.33333333333334,True,1,0.07164674901978398,0.07414479646083953,0.0024980474410555564
1857629178,1407902521,psm,EVT-0080,2024-03-11,ONC_TARGETED_ORAL,oncology,West,82.16666666666667,83.0,True,1,0.055801212856227536,0.054753651066175864,0.0010475617900516723
1893606271,,psm,EVT-0080,2024-03-11,ONC_TARGETED_ORAL,oncology,Southwest,317.3333333333333,,False,,,,
1009179924,1405577143,psm,EVT-0081,2024-03-12,CARD_HF_ARNI,cardiology,West,324.1666666666667,334.1666666666667,True,1,0.17660500129089388,0.18233140840307352,0.005726407112179643
1078096579,,psm,EVT-0081,2024-03-12,CARD_HF_ARNI,cardiology,Midwest,383.6666666666667,,False,,,,
1123148250,1234567687,psm,EVT-0081,2024-03-12,CARD_HF_ARNI,cardiology,Southwest,233.83333333333334,242.16666666666666,True,1,0.07561796627062081,0.07753931725621323,0.0019213509855924155
1265952337,1541379537,psm,EVT-0081,2024-03-12,CARD_HF_ARNI,cardiology,Northeast,440.8333333333333,449.3333333333333,True,1,0.2820654453259637,0.2920310218138065,0.009965576487842798
1286477181,1041640354,psm,EVT-0081,2024-03-12,CARD_HF_ARNI,cardiology,Midwest,211.5,201.0,True,1,0.04620164267446012,0.03610586053482334,0.010095782139636779
1332369119,,psm,EVT-0081,2024-03-12,CARD_HF_ARNI,cardiology,Southeast,302.8333333333333,,False,,,,
1494868502,,psm,EVT-0081,2024-03-12,CARD_HF_ARNI,cardiology,Southeast,308.5,,False,,,,
1610177150,,psm,EVT-0081,2024-03-12,CARD_HF_ARNI,cardiology,Southeast,422.1666666666667,,False,,,,
1670701188,,psm,EVT-0081,2024-03-12,CARD_HF_ARNI,cardiology,Southeast,500.0,,False,,,,
1710163217,1871372714,psm,EVT-0081,2024-03-12,CARD_HF_ARNI,cardiology,Northeast,281.3333333333333,282.0,True,1,0.13610051432550263,0.13655022879213385,0.0004497144666312236
1714986282,1306006622,psm,EVT-0081,2024-03-12,CARD_HF_ARNI,cardiology,West,218.33333333333334,237.66666666666666,True,1,0.12443361837180762,0.13285906061375158,0.008425442241943956
1715729269,,psm,EVT-0081,2024-03-12,CARD_HF_ARNI,cardiology,Southeast,428.1666666666667,,False,,,,
1732914373,1028050239,psm,EVT-0081,2024-03-12,CARD_HF_ARNI,cardiology,West,220.33333333333334,226.83333333333334,True,1,0.1252834931151241,0.12807998982336186,0.0027964967082377556
1897395806,1167711153,psm,EVT-0081,2024-03-12,CARD_HF_ARNI,cardiology,Northeast,274.1666666666667,277.5,True,1,0.13134452815885042,0.13353882334852757,0.002194295189677148
1933607412,1850313960,psm,EVT-0081,2024-03-12,CARD_HF_ARNI,cardiology,West,174.5,174.5,True,1,0.10701858715214504,0.10701858715214504,0.0
1934829601,,psm,EVT-0081,2024-03-12,CARD_HF_ARNI,cardiology,Midwest,368.6666666666667,,False,,,,
1955222058,1443907526,psm,EVT-0081,2024-03-12,CARD_HF_ARNI,cardiology,Southeast,186.5,185.66666666666666,True,1,0.07709881589394033,0.07600410839178584,0.001094707502154485
1246066447,,psm,EVT-0082,2024-03-21,RHEUM_JAK_ORAL,rheumatology,Southwest,510.6666666666667,,False,,,,
1595774286,,psm,EVT-0082,2024-03-21,RHEUM_JAK_ORAL,rheumatology,Midwest,535.5,,False,,,,
1598661571,1775551348,psm,EVT-0082,2024-03-21,RHEUM_JAK_ORAL,rheumatology,Northeast,437.6666666666667,437.0,True,1,0.07615604713635889,0.07590543248821893,0.0002506146481399546
1638368260,1038582841,psm,EVT-0082,2024-03-21,RHEUM_JAK_ORAL,rheumatology,West,156.5,152.83333333333334,True,1,0.062256713267146546,0.06297503841468388,0.0007183251475373353
1944079924,,psm,EVT-0082,2024-03-21,RHEUM_JAK_ORAL,rheumatology,Southeast,736.0,,False,,,,
1018018261,,psm,EVT-0083,2024-03-26,METABOLIC_GLP1_INJ,primary care,Northeast,262.3333333333333,,False,,,,
1025978341,1995404856,psm,EVT-0083,2024-03-26,METABOLIC_GLP1_INJ,endocrinology,Northeast,231.0,221.0,True,1,0.1431059767190638,0.12045043065566657,0.02265554606339723
1040239976,1993874985,psm,EVT-0083,2024-03-26,METABOLIC_GLP1_INJ,rheumatology,Northeast,117.33333333333333,125.16666666666667,True,1,0.25773939919628247,0.2652821991697819,0.007542799973499437
1065455036,1260690478,psm,EVT-0083,2024-03-26,METABOLIC_GLP1_INJ,rheumatology,Northeast,65.16666666666667,65.5,True,1,0.21117317629410787,0.2114501783766648,0.00027700208255693193
1101185407,,psm,EVT-0083,2024-03-26,METABOLIC_GLP1_INJ,primary care,Midwest,315.3333333333333,,False,,,,
1123148250,,psm,EVT-0083,2024-03-26,METABOLIC_GLP1_INJ,cardiology,Southwest,348.6666666666667,,False,,,,
1124726435,,psm,EVT-0083,2024-03-26,METABOLIC_GLP1_INJ,primary care,Northeast,560.3333333333334,,False,,,,
1133130363,,psm,EVT-0083,2024-03-26,METABOLIC_GLP1_INJ,primary care,Northeast,417.8333333333333,,False,,,,
1166368237,,psm,EVT-0083,2024-03-26,METABOLIC_GLP1_INJ,primary care,Southwest,244.66666666666666,,False,,,,
1198262952,1417682113,psm,EVT-0083,2024-03-26,METABOLIC_GLP1_INJ,pulmonology,Northeast,86.5,62.0,True,1,0.23605774733859466,0.19767198229751504,0.03838576504107963
1213511599,,psm,EVT-0083,2024-03-26,METABOLIC_GLP1_INJ,primary care,Northeast,702.0,,False,,,,
1263807582,1209566128,psm,EVT-0083,2024-03-26,METABOLIC_GLP1_INJ,primary care,Northeast,343.8333333333333,346.6666666666667,True,1,0.7968467012098598,0.8061964531902481,0.009349751980388343
1265952337,1779918477,psm,EVT-0083,2024-03-26,METABOLIC_GLP1_INJ,cardiology,Northeast,87.5,85.83333333333333,True,1,0.2951741790755193,0.29961016715147204,0.004435988075952746
1299418347,1541379537,psm,EVT-0083,2024-03-26,METABOLIC_GLP1_INJ,cardiology,Northeast,152.66666666666666,156.0,True,1,0.15440184960872058,0.14893912221486602,0.005462727393854561
1418997171,,psm,EVT-0083,2024-03-26,METABOLIC_GLP1_INJ,primary care,Northeast,324.0,,False,,,,
1481247389,,psm,EVT-0083,2024-03-26,METABOLIC_GLP1_INJ,primary care,Southeast,434.0,,False,,,,
1520551320,1674708775,psm,EVT-0083,2024-03-26,METABOLIC_GLP1_INJ,rheumatology,Northeast,127.16666666666667,127.5,True,1,0.26723046515453097,0.2675560584869767,0.0003255933324457505
1524065749,1105435741,psm,EVT-0083,2024-03-26,METABOLIC_GLP1_INJ,rheumatology,Northeast,109.0,83.66666666666667,True,1,0.249870398299042,0.22694853474141669,0.02292186355762532
1595774286,,psm,EVT-0083,2024-03-26,METABOLIC_GLP1_INJ,rheumatology,Midwest,157.33333333333334,,False,,,,
1616418756,,psm,EVT-0083,2024-03-26,METABOLIC_GLP1_INJ,neurology,Northeast,229.83333333333334,,False,,,,
1645233598,,psm,EVT-0083,2024-03-26,METABOLIC_GLP1_INJ,endocrinology,Northeast,409.0,,False,,,,
1655727265,1573445784,psm,EVT-0083,2024-03-26,METABOLIC_GLP1_INJ,pulmonology,Northeast,96.0,103.83333333333333,True,1,0.25226057021668274,0.26616340868120153,0.013902838464518785
1672904236,1440538092,psm,EVT-0083,2024-03-26,METABOLIC_GLP1_INJ,cardiology,Northeast,134.5,138.33333333333334,True,1,0.18708301768836466,0.17977008268757394,0.007312935000790721
1688735228,1121962926,psm,EVT-0083,2024-03-26,METABOLIC_GLP1_INJ,rheumatology,Northeast,91.33333333333333,96.16666666666667,True,1,0.23372528448698662,0.23806925824111416,0.004343973754127539
1725623817,,psm,EVT-0083,2024-03-26,METABOLIC_GLP1_INJ,primary care,Southwest,278.1666666666667,,False,,,,
1738903891,1769333869,psm,EVT-0083,2024-03-26,METABOLIC_GLP1_INJ,endocrinology,Southeast,223.66666666666666,151.16666666666666,True,1,0.09382933840090871,0.06151462523771594,0.03231471316319277
1768831921,,psm,EVT-0083,2024-03-26,METABOLIC_GLP1_INJ,rheumatology,Northeast,258.5,,False,,,,
1806103952,,psm,EVT-0083,2024-03-26,METABOLIC_GLP1_INJ,cardiology,West,228.33333333333334,,False,,,,
1877046932,1251202242,psm,EVT-0083,2024-03-26,METABOLIC_GLP1_INJ,primary care,Northeast,190.16666666666666,179.83333333333334,True,1,0.1392775813807555,0.11550726446902172,0.02377031691173377
1889776344,1536141264,psm,EVT-0083,2024-03-26,METABOLIC_GLP1_INJ,pulmonology,Northeast,77.5,78.83333333333333,True,1,0.2213843565243156,0.22351634873023574,0.0021319922059201413
1897395806,1746587884,psm,EVT-0083,2024-03-26,METABOLIC_GLP1_INJ,cardiology,Northeast,83.5,85.66666666666667,True,1,0.3058841106400774,0.3000558592735806,0.005828251366496839
1922670785,,psm,EVT-0083,2024-03-26,METABOLIC_GLP1_INJ,primary care,Southeast,361.5,,False,,,,
1924355757,1783823739,psm,EVT-0083,2024-03-26,METABOLIC_GLP1_INJ,primary care,Southwest,354.3333333333333,346.1666666666667,True,1,0.6745345772857422,0.6428028034574814,0.031731773828260756
1944079924,1337789832,psm,EVT-0083,2024-03-26,METABOLIC_GLP1_INJ,rheumatology,Southeast,130.33333333333334,130.33333333333334,True,1,0.13153856047323864,0.13153856047323864,0.0
1989798412,1412773438,psm,EVT-0083,2024-03-26,METABOLIC_GLP1_INJ,primary care,Southwest,306.3333333333333,296.0,True,1,0.4747111619213231,0.4304723804081628,0.0442387815131603
1009179924,1405577143,psm,EVT-0084,2024-03-27,CARD_HF_ARNI,cardiology,West,324.1666666666667,334.1666666666667,True,1,0.08947026493074514,0.10768859212062994,0.018218327189884795
1123148250,1234567687,psm,EVT-0084,2024-03-27,CARD_HF_ARNI,cardiology,Southwest,233.83333333333334,242.16666666666666,True,1,0.3509768589516854,0.36924989419871235,0.018273035247026947
1246448348,,psm,EVT-0084,2024-03-27,CARD_HF_ARNI,cardiology,Southeast,452.0,,False,,,,
1369949932,1823309871,psm,EVT-0084,2024-03-27,CARD_HF_ARNI,cardiology,Southwest,326.1666666666667,313.0,True,1,0.5656263110327356,0.534623383634708,0.03100292739802768
1376656900,,psm,EVT-0084,2024-03-27,CARD_HF_ARNI,cardiology,Southwest,295.1666666666667,,False,,,,
1492077734,,psm,EVT-0084,2024-03-27,CARD_HF_ARNI,cardiology,Midwest,585.3333333333334,,False,,,,
1631526641,,psm,EVT-0084,2024-03-27,CARD_HF_ARNI,cardiology,Southwest,219.0,,False,,,,
1648553570,,psm,EVT-0084,2024-03-27,CARD_HF_ARNI,cardiology,Southwest,333.3333333333333,,False,,,,
1710163217,1871372714,psm,EVT-0084,2024-03-27,CARD_HF_ARNI,cardiology,Northeast,281.3333333333333,282.0,True,1,0.05590406447406294,0.05594181596514558,3.775149108264236e-05
1760628762,,psm,EVT-0084,2024-03-27,CARD_HF_ARNI,cardiology,Southwest,200.16666666666666,,False,,,,
1934829601,,psm,EVT-0084,2024-03-27,CARD_HF_ARNI,cardiology,Midwest,368.6666666666667,,False,,,,
1969108517,1656483868,psm,EVT-0084,2024-03-27,CARD_HF_ARNI,cardiology,Midwest,214.16666666666666,222.5,True,1,0.05250191004791955,0.061816506437219074,0.009314596389299525
1050506165,1081238747,psm,EVT-0085,2024-04-10,PULM_ICS_LABA_INH,pulmonology,Southeast,326.8333333333333,324.3333333333333,True,1,0.14140667218451397,0.13813141602685292,0.003275256157661055
1058647219,,psm,EVT-0085,2024-04-10,PULM_ICS_LABA_INH,pulmonology,Northeast,354.0,,False,,,,
1129206672,,psm,EVT-0085,2024-04-10,PULM_ICS_LABA_INH,pulmonology,Northeast,293.6666666666667,,False,,,,
1139166684,,psm,EVT-0085,2024-04-10,PULM_ICS_LABA_INH,pulmonology,Midwest,280.8333333333333,,False,,,,
1238983617,,psm,EVT-0085,2024-04-10,PULM_ICS_LABA_INH,pulmonology,Southeast,924.1666666666666,,False,,,,
1474100561,1160075531,psm,EVT-0085,2024-04-10,PULM_ICS_LABA_INH,pulmonology,Midwest,123.66666666666667,122.83333333333333,True,1,0.08459604363932871,0.08272866797001463,0.0018673756693140808
1533003293,,psm,EVT-0085,2024-04-10,PULM_ICS_LABA_INH,pulmonology,Midwest,306.0,,False,,,,
1547244776,1573445784,psm,EVT-0085,2024-04-10,PULM_ICS_LABA_INH,pulmonology,Northeast,178.33333333333334,195.83333333333334,True,1,0.2179577343974712,0.258246346299757,0.040288611902285804
1555906795,,psm,EVT-0085,2024-04-10,PULM_ICS_LABA_INH,pulmonology,Midwest,525.1666666666666,,False,,,,
1655727265,,psm,EVT-0085,2024-04-10,PULM_ICS_LABA_INH,pulmonology,Northeast,487.5,,False,,,,
1688976343,1293528836,psm,EVT-0085,2024-04-10,PULM_ICS_LABA_INH,pulmonology,Southeast,306.1666666666667,305.8333333333333,True,1,0.116206503148373,0.11583398204947486,0.00037252109889814033
1761262934,,psm,EVT-0085,2024-04-10,PULM_ICS_LABA_INH,pulmonology,Northeast,291.6666666666667,,False,,,,
1889776344,1320611266,psm,EVT-0085,2024-04-10,PULM_ICS_LABA_INH,pulmonology,Northeast,226.66666666666666,210.0,True,1,0.34004994183835113,0.2942189969488757,0.04583094488947542
1009179924,1599978586,psm,EVT-0086,2024-04-17,CV_ANTICOAG_ORAL,cardiology,West,270.3333333333333,291.3333333333333,True,1,0.06022948661633314,0.06948012594689709,0.00925063933056395
1025978341,,psm,EVT-0086,2024-04-17,CV_ANTICOAG_ORAL,endocrinology,Northeast,467.3333333333333,,False,,,,
1026722938,,psm,EVT-0086,2024-04-17,CV_ANTICOAG_ORAL,endocrinology,Midwest,386.1666666666667,,False,,,,
1038444141,1831786672,psm,EVT-0086,2024-04-17,CV_ANTICOAG_ORAL,oncology,Southeast,69.16666666666667,69.66666666666667,True,1,0.0400125311892656,0.03967451947329243,0.0003380117159731688
1050705288,,psm,EVT-0086,2024-04-17,CV_ANTICOAG_ORAL,endocrinology,Southeast,581.5,,False,,,,
1101185407,1377516020,psm,EVT-0086,2024-04-17,CV_ANTICOAG_ORAL,primary care,Midwest,146.66666666666666,142.83333333333334,True,1,0.0856114357887184,0.0802085958974921,0.005402839891226294
1133130363,1099946885,psm,EVT-0086,2024-04-17,CV_ANTICOAG_ORAL,primary care,Northeast,195.83333333333334,186.16666666666666,True,1,0.1642282961967221,0.12187648450017749,0.04235181169654462
1136500869,1100495849,psm,EVT-0086,2024-04-17,CV_ANTICOAG_ORAL,endocrinology,Southeast,341.5,325.5,True,1,0.7762886061889934,0.733702817674155,0.04258578851483841
1137408567,,psm,EVT-0086,2024-04-17,CV_ANTICOAG_ORAL,endocrinology,Northeast,648.5,,False,,,,
1144669185,,psm,EVT-0086,2024-04-17,CV_ANTICOAG_ORAL,primary care,Northeast,706.8333333333334,,False,,,,
1240190284,1111217703,psm,EVT-0086,2024-04-17,CV_ANTICOAG_ORAL,oncology,Southwest,153.16666666666666,145.83333333333334,True,1,0.07742220526895993,0.07544487918219347,0.0019773260867664566
1240393805,1310164813,psm,EVT-0086,2024-04-17,CV_ANTICOAG_ORAL,primary care,Southeast,66.83333333333333,79.16666666666667,True,1,0.21490119961717336,0.19807197103404858,0.016829228583124772
1268222167,,psm,EVT-0086,2024-04-17,CV_ANTICOAG_ORAL,primary care,Midwest,362.1666666666667,,False,,,,
1330156328,,psm,EVT-0086,2024-04-17,CV_ANTICOAG_ORAL,endocrinology,Southwest,41.833333333333336,,False,,,,
1334793308,1901417067,psm,EVT-0086,2024-04-17,CV_ANTICOAG_ORAL,neurology,Northeast,109.33333333333333,106.33333333333333,True,1,0.06009472612342617,0.06088824075081352,0.0007935146273873456
1385532449,1082909627,psm,EVT-0086,2024-04-17,CV_ANTICOAG_ORAL,primary care,Southeast,190.83333333333334,185.0,True,1,0.08876908579968637,0.09277978011282177,0.004010694313135402
1455101661,,psm,EVT-0086,2024-04-17,CV_ANTICOAG_ORAL,endocrinology,Southeast,287.6666666666667,,False,,,,
1475115246,1722898792,psm,EVT-0086,2024-04-17,CV_ANTICOAG_ORAL,cardiology,Southeast,171.33333333333334,192.5,True,1,0.22708497220448806,0.2696288344486044,0.042543862244116354
1494868502,1743431961,psm,EVT-0086,2024-04-17,CV_ANTICOAG_ORAL,cardiology,Southeast,105.83333333333333,98.5,True,1,0.1265918244839516,0.11810026430246094,0.008491560181490651
1590337907,1121962926,psm,EVT-0086,2024-04-17,CV_ANTICOAG_ORAL,rheumatology,Northeast,263.8333333333333,265.6666666666667,True,1,0.07102952337827687,0.07168509613361482,0.000655572755337952
1610429726,1181599923,psm,EVT-0086,2024-04-17,CV_ANTICOAG_ORAL,rheumatology,Southeast,83.16666666666667,83.16666666666667,True,1,0.08501121053918574,0.08501121053918574,0.0
1644815767,,psm,EVT-0086,2024-04-17,CV_ANTICOAG_ORAL,primary care,West,260.0,,False,,,,
1645233598,,psm,EVT-0086,2024-04-17,CV_ANTICOAG_ORAL,endocrinology,Northeast,460.6666666666667,,False,,,,
1666389063,1881781243,psm,EVT-0086,2024-04-17,CV_ANTICOAG_ORAL,endocrinology,Midwest,115.16666666666667,111.0,True,1,0.058072944576990596,0.05567160615751517,0.0024013384194754225
1702497342,,psm,EVT-0086,2024-04-17,CV_ANTICOAG_ORAL,endocrinology,Southeast,305.5,,False,,,,
1704331150,1257768279,psm,EVT-0086,2024-04-17,CV_ANTICOAG_ORAL,endocrinology,West,286.6666666666667,191.66666666666666,True,1,0.07193394559009779,0.03739386776903098,0.03454007782106681
1710163217,1042224778,psm,EVT-0086,2024-04-17,CV_ANTICOAG_ORAL,cardiology,Northeast,224.33333333333334,212.0,True,1,0.07971864750589805,0.06832858425904295,0.011390063246855098
1714292012,1793685516,psm,EVT-0086,2024-04-17,CV_ANTICOAG_ORAL,cardiology,Southeast,268.1666666666667,274.1666666666667,True,1,0.45506109914346077,0.47115302975250845,0.016091930609047678
1738903891,,psm,EVT-0086,2024-04-17,CV_ANTICOAG_ORAL,endocrinology,Southeast,512.3333333333334,,False,,,,
1747032997,,psm,EVT-0086,2024-04-17,CV_ANTICOAG_ORAL,primary care,Northeast,336.3333333333333,,False,,,,
1836939912,1974446365,psm,EVT-0086,2024-04-17,CV_ANTICOAG_ORAL,neurology,Southeast,87.33333333333333,96.0,True,1,0.059811282405336584,0.05659709232041381,0.003214190084922776
1880265578,1279255164,psm,EVT-0086,2024-04-17,CV_ANTICOAG_ORAL,cardiology,Midwest,103.16666666666667,105.33333333333333,True,1,0.048417162250929686,0.04968632404284177,0.0012691617919120823
1910188758,1990401386,psm,EVT-0086,2024-04-17,CV_ANTICOAG_ORAL,endocrinology,Southeast,96.16666666666667,96.5,True,1,0.09171512661191598,0.09211624921736757,0.0004011226054515815
1944079924,,psm,EVT-0086,2024-04-17,CV_ANTICOAG_ORAL,rheumatology,Southeast,392.8333333333333,,False,,,,
1949335115,1694658844,psm,EVT-0086,2024-04-17,CV_ANTICOAG_ORAL,endocrinology,Southeast,198.16666666666666,203.33333333333334,True,1,0.3052738237405633,0.32129663636128586,0.016022812620722582
1969108517,,psm,EVT-0086,2024-04-17,CV_ANTICOAG_ORAL,cardiology,Midwest,256.0,,False,,,,
1005067453,1568842342,psm,EVT-0087,2024-04-18,ENDO_BASAL_INSULIN,endocrinology,West,187.0,168.33333333333334,True,1,0.24349239615773008,0.22906785838207014,0.01442453777565994
1011940271,1333043895,psm,EVT-0087,2024-04-18,ENDO_BASAL_INSULIN,endocrinology,Northeast,223.66666666666666,195.16666666666666,True,1,0.0804770861175159,0.06558098213442866,0.014896103983087244
1050705288,,psm,EVT-0087,2024-04-18,ENDO_BASAL_INSULIN,endocrinology,Southeast,815.8333333333334,,False,,,,
1065091666,1257768279,psm,EVT-0087,2024-04-18,ENDO_BASAL_INSULIN,endocrinology,West,213.5,204.83333333333334,True,1,0.26500421394994733,0.2578370376659739,0.007167176283973453
1137408567,,psm,EVT-0087,2024-04-18,ENDO_BASAL_INSULIN,endocrinology,Northeast,531.6666666666666,,False,,,,
1375349903,1756884833,psm,EVT-0087,2024-04-18,ENDO_BASAL_INSULIN,endocrinology,West,150.0,164.5,True,1,0.2154959697026232,0.22618117306870542,0.010685203366082224
1394609428,,psm,EVT-0087,2024-04-18,ENDO_BASAL_INSULIN,endocrinology,Southwest,751.3333333333334,,False,,,,
1453128708,1730655531,psm,EVT-0087,2024-04-18,ENDO_BASAL_INSULIN,endocrinology,Northeast,391.1666666666667,413.3333333333333,True,1,0.2426046111845493,0.27552822559920803,0.03292361441465874
1556860702,1606566010,psm,EVT-0087,2024-04-18,ENDO_BASAL_INSULIN,endocrinology,West,77.33333333333333,60.833333333333336,True,1,0.1675120188826356,0.15788650184685218,0.009625517035783404
1702497342,1890077344,psm,EVT-0087,2024-04-18,ENDO_BASAL_INSULIN,endocrinology,Southeast,307.6666666666667,301.8333333333333,True,1,0.09066654392234617,0.08570388762466422,0.004962656297681958
1704331150,1268421124,psm,EVT-0087,2024-04-18,ENDO_BASAL_INSULIN,endocrinology,West,382.5,378.1666666666667,True,1,0.4264771702685863,0.4219435636142736,0.004533606654312683
1713444978,,psm,EVT-0087,2024-04-18,ENDO_BASAL_INSULIN,endocrinology,Midwest,332.6666666666667,,False,,,,
1740626134,1617703974,psm,EVT-0087,2024-04-18,ENDO_BASAL_INSULIN,endocrinology,Southwest,214.33333333333334,209.16666666666666,True,1,0.07810324553998486,0.07630436314561587,0.0017988823943689974
1827318308,1295389203,psm,EVT-0087,2024-04-18,ENDO_BASAL_INSULIN,endocrinology,West,245.5,240.66666666666666,True,1,0.2925455266032214,0.28827931913447025,0.004266207468751171
1993463169,1702446943,psm,EVT-0087,2024-04-18,ENDO_BASAL_INSULIN,endocrinology,West,257.1666666666667,277.6666666666667,True,1,0.3029940082637099,0.32185215477211765,0.018858146508407725
1025231352,1892307210,psm,EVT-0088,2024-04-18,RHEUM_JAK_ORAL,rheumatology,Northeast,278.0,235.83333333333334,True,1,0.09988203106133646,0.09486182011254152,0.0050202109487949426
1040239976,1674708775,psm,EVT-0088,2024-04-18,RHEUM_JAK_ORAL,rheumatology,Northeast,404.1666666666667,411.5,True,1,0.1163357455574684,0.1173610528719466,0.0010253073144782104
1246066447,,psm,EVT-0088,2024-04-18,RHEUM_JAK_ORAL,rheumatology,Southwest,542.3333333333334,,False,,,,
1595774286,,psm,EVT-0088,2024-04-18,RHEUM_JAK_ORAL,rheumatology,Midwest,555.5,,False,,,,
1610429726,1232787030,psm,EVT-0088,2024-04-18,RHEUM_JAK_ORAL,rheumatology,Southeast,164.66666666666666,166.33333333333334,True,1,0.08670299010366966,0.0881244603878491,0.001421470284179438
1647196991,,psm,EVT-0088,2024-04-18,RHEUM_JAK_ORAL,rheumatology,Southeast,640.6666666666666,,False,,,,
1808310134,,psm,EVT-0088,2024-04-18,RHEUM_JAK_ORAL,rheumatology,Southwest,372.8333333333333,,False,,,,
1944079924,,psm,EVT-0088,2024-04-18,RHEUM_JAK_ORAL,rheumatology,Southeast,766.5,,False,,,,
1209464480,1338304433,psm,EVT-0089,2024-04-19,ONC_TARGETED_ORAL,oncology,Southeast,481.5,481.1666666666667,True,1,0.5106036472288151,0.5097631017399078,0.0008405454889073294
1216532808,1831786672,psm,EVT-0089,2024-04-19,ONC_TARGETED_ORAL,oncology,Southeast,158.16666666666666,153.5,True,1,0.03841076213032873,0.03670878114450086,0.0017019809858278695
1240190284,,psm,EVT-0089,2024-04-19,ONC_TARGETED_ORAL,oncology,Southwest,345.1666666666667,,False,,,,
1328056928,1242598583,psm,EVT-0089,2024-04-19,ONC_TARGETED_ORAL,oncology,Northeast,279.3333333333333,280.8333333333333,True,1,0.10932711446631801,0.11003143548564061,0.0007043210193225929
1719186219,,psm,EVT-0089,2024-04-19,ONC_TARGETED_ORAL,oncology,West,251.83333333333334,,False,,,,
1811081532,1511742359,psm,EVT-0089,2024-04-19,ONC_TARGETED_ORAL,oncology,Northeast,184.0,190.83333333333334,True,1,0.0720215471649374,0.07424871846847725,0.002227171303539846
1840863041,,psm,EVT-0089,2024-04-19,ONC_TARGETED_ORAL,oncology,Southeast,383.0,,False,,,,
1041585906,1985685233,psm,EVT-0090,2024-04-21,ONC_TARGETED_ORAL,oncology,West,146.16666666666666,141.83333333333334,True,1,0.1540697287400183,0.13646749399946287,0.017602234740555445
1240190284,,psm,EVT-0090,2024-04-21,ONC_TARGETED_ORAL,oncology,Southwest,345.1666666666667,,False,,,,
1292975558,,psm,EVT-0090,2024-04-21,ONC_TARGETED_ORAL,oncology,Northeast,724.0,,False,,,,
1486296159,1745370779,psm,EVT-0090,2024-04-21,ONC_TARGETED_ORAL,oncology,West,147.16666666666666,149.5,True,1,0.15838653198255728,0.16884046750933912,0.010453935526781838
1555114069,1384158410,psm,EVT-0090,2024-04-21,ONC_TARGETED_ORAL,oncology,Southeast,350.3333333333333,354.8333333333333,True,1,0.17080583845317066,0.17599972402482644,0.0051938855716557875
1621842156,1362648127,psm,EVT-0090,2024-04-21,ONC_TARGETED_ORAL,oncology,Northeast,235.16666666666666,206.33333333333334,True,1,0.04996505190316403,0.03864118258807852,0.011323869315085514
1704492101,1584097178,psm,EVT-0090,2024-04-21,ONC_TARGETED_ORAL,oncology,Southeast,209.66666666666666,216.33333333333334,True,1,0.06222731077670122,0.06543480864297706,0.0032074978662758394
1025231352,1418704015,psm,EVT-0091,2024-04-24,RHEUM_JAK_ORAL,rheumatology,Northeast,278.0,219.0,True,1,0.18529362203978667,0.15568496750339617,0.0296086545363905
1073902250,1641859123,psm,EVT-0091,2024-04-24,RHEUM_JAK_ORAL,rheumatology,West,332.1666666666667,347.6666666666667,True,1,0.07879854021840978,0.08365172439487924,0.0048531841764694605
1199976907,1892307210,psm,EVT-0091,2024-04-24,RHEUM_JAK_ORAL,rheumatology,Northeast,273.0,235.83333333333334,True,1,0.18262454621184557,0.1637164840456532,0.01890806216619237
1435949049,1109634414,psm,EVT-0091,2024-04-24,RHEUM_JAK_ORAL,rheumatology,Northeast,479.6666666666667,484.0,True,1,0.3178314306574558,0.3211817551979837,0.003350324540527916
1519182780,,psm,EVT-0091,2024-04-24,RHEUM_JAK_ORAL,rheumatology,Midwest,209.5,,False,,,,
1590337907,1282327174,psm,EVT-0091,2024-04-24,RHEUM_JAK_ORAL,rheumatology,Northeast,533.5,520.6666666666666,True,1,0.3607009057064044,0.3502458135823804,0.010455092124024012
1595774286,,psm,EVT-0091,2024-04-24,RHEUM_JAK_ORAL,rheumatology,Midwest,555.5,,False,,,,
1598661571,1674708775,psm,EVT-0091,2024-04-24,RHEUM_JAK_ORAL,rheumatology,Northeast,431.0,411.5,True,1,0.28154410236457994,0.2677324913846538,0.013811610979926114
1643343233,,psm,EVT-0091,2024-04-24,RHEUM_JAK_ORAL,rheumatology,Southeast,323.0,,False,,,,
1647196991,,psm,EVT-0091,2024-04-24,RHEUM_JAK_ORAL,rheumatology,Southeast,640.6666666666666,,False,,,,
1757283357,,psm,EVT-0091,2024-04-24,RHEUM_JAK_ORAL,rheumatology,Midwest,225.0,,False,,,,
1002145427,,psm,EVT-0092,2024-04-28,METABOLIC_GLP1_INJ,primary care,Northeast,327.1666666666667,,False,,,,
1005067453,1606566010,psm,EVT-0092,2024-04-28,METABOLIC_GLP1_INJ,endocrinology,West,83.16666666666667,84.5,True,1,0.056111411637164536,0.05670234826830639,0.0005909366311418543
1026722938,1803339427,psm,EVT-0092,2024-04-28,METABOLIC_GLP1_INJ,endocrinology,Midwest,408.0,423.1666666666667,True,1,0.49657490608671373,0.5383793185585165,0.041804412471802777
1050705288,1694658844,psm,EVT-0092,2024-04-28,METABOLIC_GLP1_INJ,endocrinology,Southeast,166.16666666666666,163.0,True,1,0.2164318749365597,0.2128570589941488,0.0035748159424108805
1133616429,1335912683,psm,EVT-0092,2024-04-28,METABOLIC_GLP1_INJ,neurology,Midwest,70.5,69.5,True,1,0.07297960519512911,0.07335459673476798,0.00037499153963886644
1172835138,1004543439,psm,EVT-0092,2024-04-28,METABOLIC_GLP1_INJ,endocrinology,Southwest,142.0,147.66666666666666,True,1,0.3078242174747375,0.3088095093152351,0.0009852918404976152
1202669523,,psm,EVT-0092,2024-04-28,METABOLIC_GLP1_INJ,cardiology,Midwest,266.8333333333333,,False,,,,
1213511599,,psm,EVT-0092,2024-04-28,METABOLIC_GLP1_INJ,primary care,Northeast,733.8333333333334,,False,,,,
1240190284,1663073843,psm,EVT-0092,2024-04-28,METABOLIC_GLP1_INJ,oncology,Southwest,98.33333333333333,98.5,True,1,0.08006942496738778,0.08023007013830512,0.00016064517091733677
1246066447,,psm,EVT-0092,2024-04-28,METABOLIC_GLP1_INJ,rheumatology,Southwest,390.3333333333333,,False,,,,
1265952337,1779918477,psm,EVT-0092,2024-04-28,METABOLIC_GLP1_INJ,cardiology,Northeast,89.0,86.66666666666667,True,1,0.09657975218355695,0.1034511428876866,0.0068713907041296485
1305686507,1402934529,psm,EVT-0092,2024-04-28,METABOLIC_GLP1_INJ,endocrinology,Southwest,120.0,124.66666666666667,True,1,0.3040155872592579,0.3048212599152005,0.0008056726559425575
1324722952,1299832539,psm,EVT-0092,2024-04-28,METABOLIC_GLP1_INJ,endocrinology,Northeast,52.0,49.666666666666664,True,1,0.17882233242618145,0.18089800404319045,0.0020756716170090006
1393791409,,psm,EVT-0092,2024-04-28,METABOLIC_GLP1_INJ,rheumatology,Midwest,165.0,,False,,,,
1425340662,1769234364,psm,EVT-0092,2024-04-28,METABOLIC_GLP1_INJ,primary care,Southwest,168.66666666666666,172.66666666666666,True,1,0.1825197371013203,0.18683415854427612,0.004314421442955824
1449331358,,psm,EVT-0092,2024-04-28,METABOLIC_GLP1_INJ,pulmonology,Midwest,119.83333333333333,,False,,,,
1455101661,,psm,EVT-0092,2024-04-28,METABOLIC_GLP1_INJ,endocrinology,Southeast,235.33333333333334,,False,,,,
1566888198,1135650855,psm,EVT-0092,2024-04-28,METABOLIC_GLP1_INJ,primary care,Midwest,134.83333333333334,157.66666666666666,True,1,0.1176523536837665,0.11766311765367829,1.0763969911786742e-05
1598661571,1121962926,psm,EVT-0092,2024-04-28,METABOLIC_GLP1_INJ,rheumatology,Northeast,111.66666666666667,102.66666666666667,True,1,0.10542437772893161,0.10602333455223592,0.0005989568233043113
1702497342,,psm,EVT-0092,2024-04-28,METABOLIC_GLP1_INJ,endocrinology,Southeast,209.83333333333334,,False,,,,
1704331150,1432188427,psm,EVT-0092,2024-04-28,METABOLIC_GLP1_INJ,endocrinology,West,248.0,235.33333333333334,True,1,0.18998615580326508,0.17428243769539625,0.01570371810786883
1713444978,,psm,EVT-0092,2024-04-28,METABOLIC_GLP1_INJ,endocrinology,Midwest,244.83333333333334,,False,,,,
1738903891,,psm,EVT-0092,2024-04-28,METABOLIC_GLP1_INJ,endocrinology,Southeast,233.33333333333334,,False,,,,
1749355669,,psm,EVT-0092,2024-04-28,METABOLIC_GLP1_INJ,neurology,West,141.16666666666666,,False,,,,
1769352273,1352216182,psm,EVT-0092,2024-04-28,METABOLIC_GLP1_INJ,primary care,Southwest,151.0,163.16666666666666,True,1,0.16438910325313574,0.17671433956094107,0.012325236307805326
1847082322,1674708775,psm,EVT-0092,2024-04-28,METABOLIC_GLP1_INJ,rheumatology,Northeast,114.83333333333333,120.5,True,1,0.1052143445604123,0.10483941721263501,0.0003749273477772902
1848624494,1381937048,psm,EVT-0092,2024-04-28,METABOLIC_GLP1_INJ,primary care,Midwest,112.16666666666667,116.66666666666667,True,1,0.11764166912706871,0.117643790258919,2.1211318502883936e-06
1867204764,1526834563,psm,EVT-0092,2024-04-28,METABOLIC_GLP1_INJ,pulmonology,Southeast,168.83333333333334,166.66666666666666,True,1,0.06215352572197871,0.05991191636652363,0.0022416093554550737
1895078685,1507069536,psm,EVT-0092,2024-04-28,METABOLIC_GLP1_INJ,endocrinology,Southwest,130.16666666666666,108.33333333333333,True,1,0.3057723398239624,0.30200666541093474,0.0037656744130276643
1903798589,1783823739,psm,EVT-0092,2024-04-28,METABOLIC_GLP1_INJ,primary care,Southwest,370.6666666666667,355.6666666666667,True,1,0.4869269422543924,0.4601448774652556,0.026782064789136806
1939785840,1028436479,psm,EVT-0092,2024-04-28,METABOLIC_GLP1_INJ,endocrinology,Southwest,180.33333333333334,181.66666666666666,True,1,0.3145232118447382,0.3147576372939994,0.00023442544926122189
1964945871,1174145494,psm,EVT-0092,2024-04-28,METABOLIC_GLP1_INJ,endocrinology,Northeast,182.83333333333334,186.0,True,1,0.09002295724515522,0.08847075278475265,0.0015522044604025648
1989798412,1412773438,psm,EVT-0092,2024-04-28,METABOLIC_GLP1_INJ,primary care,Southwest,316.0,300.5,True,1,0.39080756848424764,0.36471534019536567,0.02609222828888197
1065870788,1352216182,psm,EVT-0093,2024-04-28,PC_ANTIHYPERTENSIVE,primary care,Southwest,361.0,383.6666666666667,True,1,0.4161089385376639,0.423142397847591,0.007033459309927104
1080672524,1363342464,psm,EVT-0093,2024-04-28,PC_ANTIHYPERTENSIVE,primary care,Southeast,439.5,482.6666666666667,True,1,0.3266453239439723,0.35867114317208854,0.03202581922811626
1124726435,1767508967,psm,EVT-0093,2024-04-28,PC_ANTIHYPERTENSIVE,primary care,Northeast,387.6666666666667,403.6666666666667,True,1,0.27610732222578316,0.30488720419524973,0.02877988196946657
1144669185,,psm,EVT-0093,2024-04-28,PC_ANTIHYPERTENSIVE,primary care,Northeast,793.5,,False,,,,
1227780172,,psm,EVT-0093,2024-04-28,PC_ANTIHYPERTENSIVE,primary care,Southwest,1294.5,,False,,,,
1241711534,1082909627,psm,EVT-0093,2024-04-28,PC_ANTIHYPERTENSIVE,primary care,Southeast,165.5,167.0,True,1,0.16432460943242705,0.1650045777196044,0.0006799682871773405
1271768685,,psm,EVT-0093,2024-04-28,PC_ANTIHYPERTENSIVE,primary care,Midwest,430.3333333333333,,False,,,,
1280087226,,psm,EVT-0093,2024-04-28,PC_ANTIHYPERTENSIVE,primary care,Northeast,900.5,,False,,,,
1297280590,1311764207,psm,EVT-0093,2024-04-28,PC_ANTIHYPERTENSIVE,primary care,Midwest,421.8333333333333,401.8333333333333,True,1,0.5428890138185766,0.493883607065648,0.04900540675292858
1316743925,,psm,EVT-0093,2024-04-28,PC_ANTIHYPERTENSIVE,primary care,Northeast,698.8333333333334,,False,,,,
1377426493,1643297637,psm,EVT-0093,2024-04-28,PC_ANTIHYPERTENSIVE,primary care,West,259.8333333333333,246.33333333333334,True,1,0.16203856943279998,0.14071709343601954,0.021321475996780442
1385532449,1838439200,psm,EVT-0093,2024-04-28,PC_ANTIHYPERTENSIVE,primary care,Southeast,589.0,574.8333333333334,True,1,0.44257884602543457,0.4310936826433378,0.011485163382096764
1413519731,,psm,EVT-0093,2024-04-28,PC_ANTIHYPERTENSIVE,primary care,Southwest,510.1666666666667,,False,,,,
1418997171,,psm,EVT-0093,2024-04-28,PC_ANTIHYPERTENSIVE,primary care,Northeast,548.0,,False,,,,
1425340662,1812123887,psm,EVT-0093,2024-04-28,PC_ANTIHYPERTENSIVE,primary care,Southwest,424.5,435.6666666666667,True,1,0.43589007241127425,0.43939172031262563,0.003501647901351379
1481247389,1892083019,psm,EVT-0093,2024-04-28,PC_ANTIHYPERTENSIVE,primary care,Southeast,372.5,370.3333333333333,True,1,0.2800520123191599,0.27861458683548207,0.0014374254836778122
1590869917,1769352273,psm,EVT-0093,2024-04-28,PC_ANTIHYPERTENSIVE,primary care,Southwest,313.5,327.5,True,1,0.40148311321713437,0.40577692773268925,0.0042938145155548835
1639269087,1261377760,psm,EVT-0093,2024-04-28,PC_ANTIHYPERTENSIVE,primary care,Northeast,249.5,249.33333333333334,True,1,0.10243980344277383,0.10230606006074476,0.00013374338202906677
1644815767,,psm,EVT-0093,2024-04-28,PC_ANTIHYPERTENSIVE,primary care,West,388.5,,False,,,,
1686880901,1676855970,psm,EVT-0093,2024-04-28,PC_ANTIHYPERTENSIVE,primary care,West,254.5,256.3333333333333,True,1,0.15331935707429126,0.1562724168361783,0.0029530597618870336
1689059347,1769234364,psm,EVT-0093,2024-04-28,PC_ANTIHYPERTENSIVE,primary care,Southwest,253.66666666666666,259.3333333333333,True,1,0.3833092279061242,0.3850173848555478,0.0017081569494236115
1725623817,1209829039,psm,EVT-0093,2024-04-28,PC_ANTIHYPERTENSIVE,primary care,Southwest,624.5,676.8333333333334,True,1,0.499242538949537,0.5159072456278454,0.016664706678308383
1725724532,,psm,EVT-0093,2024-04-28,PC_ANTIHYPERTENSIVE,primary care,Northeast,898.1666666666666,,False,,,,
1732527431,,psm,EVT-0093,2024-04-28,PC_ANTIHYPERTENSIVE,primary care,Southeast,425.0,,False,,,,
1806479196,,psm,EVT-0093,2024-04-28,PC_ANTIHYPERTENSIVE,primary care,Southwest,555.3333333333334,,False,,,,
1824172013,1191545544,psm,EVT-0093,2024-04-28,PC_ANTIHYPERTENSIVE,primary care,Midwest,329.0,349.0,True,1,0.32303569060046816,0.3673946258064046,0.04435893520593642
1849328657,1488515010,psm,EVT-0093,2024-04-28,PC_ANTIHYPERTENSIVE,primary care,Midwest,270.3333333333333,294.0,True,1,0.21146858315689468,0.25281868209295444,0.04135009893605976
1862986803,1135650855,psm,EVT-0093,2024-04-28,PC_ANTIHYPERTENSIVE,primary care,Midwest,281.1666666666667,278.6666666666667,True,1,0.22975628906035148,0.22543957310756424,0.004316715952787237
1903798589,1670560261,psm,EVT-0093,2024-04-28,PC_ANTIHYPERTENSIVE,primary care,Southwest,349.6666666666667,228.0,True,1,0.4126047907415992,0.375608838794937,0.03699595194666222
1908168895,1219172859,psm,EVT-0093,2024-04-28,PC_ANTIHYPERTENSIVE,primary care,Southwest,213.33333333333334,208.33333333333334,True,1,0.3712364154683666,0.36975058388581467,0.0014858315825519441
1924355757,1134632102,psm,EVT-0093,2024-04-28,PC_ANTIHYPERTENSIVE,primary care,Southwest,405.1666666666667,409.1666666666667,True,1,0.42984280149728465,0.4310923060600463,0.0012495045627616275
1927430854,,psm,EVT-0093,2024-04-28,PC_ANTIHYPERTENSIVE,primary care,Southeast,623.6666666666666,,False,,,,
1058647219,1536141264,psm,EVT-0094,2024-04-28,PULM_ICS_LABA_INH,pulmonology,Northeast,354.0,388.0,True,1,0.42073829551051306,0.4476947415651864,0.026956446054673344
1134509243,1573445784,psm,EVT-0094,2024-04-28,PULM_ICS_LABA_INH,pulmonology,Northeast,192.66666666666666,195.83333333333334,True,1,0.30142165357355494,0.30357846584538956,0.0021568122718346183
1139166684,,psm,EVT-0094,2024-04-28,PULM_ICS_LABA_INH,pulmonology,Midwest,280.8333333333333,,False,,,,
1389574017,,psm,EVT-0094,2024-04-28,PULM_ICS_LABA_INH,pulmonology,Southwest,289.8333333333333,,False,,,,
1547112395,,psm,EVT-0094,2024-04-28,PULM_ICS_LABA_INH,pulmonology,Midwest,183.33333333333334,,False,,,,
1547244776,1320611266,psm,EVT-0094,2024-04-28,PULM_ICS_LABA_INH,pulmonology,Northeast,178.33333333333334,210.0,True,1,0.29176937888841686,0.31333273863463457,0.021563359746217703
1854852153,1870532862,psm,EVT-0094,2024-04-28,PULM_ICS_LABA_INH,pulmonology,Southwest,205.83333333333334,211.16666666666666,True,1,0.2262344852104728,0.23467578049757082,0.008441295287098027
1964572899,1903121188,psm,EVT-0094,2024-04-28,PULM_ICS_LABA_INH,pulmonology,Northeast,139.33333333333334,119.83333333333333,True,1,0.26645169769575044,0.2543305402383449,0.012121157457405551
1967802350,1679813331,psm,EVT-0094,2024-04-28,PULM_ICS_LABA_INH,pulmonology,Midwest,148.66666666666666,151.66666666666666,True,1,0.19369369489730076,0.22420022454783187,0.030506529650531106
1002145427,,psm,EVT-0095,2024-04-30,PC_ANTIHYPERTENSIVE,primary care,Northeast,621.0,,False,,,,
1018018261,,psm,EVT-0095,2024-04-30,PC_ANTIHYPERTENSIVE,primary care,Northeast,497.5,,False,,,,
1022312734,1529045985,psm,EVT-0095,2024-04-30,PC_ANTIHYPERTENSIVE,primary care,Midwest,184.83333333333334,146.5,True,1,0.13468320772907105,0.10354139517678043,0.03114181255229062
1036327983,1939052563,psm,EVT-0095,2024-04-30,PC_ANTIHYPERTENSIVE,primary care,West,150.83333333333334,150.5,True,1,0.11278370875908289,0.11249543609585404,0.0002882726632288529
1080672524,,psm,EVT-0095,2024-04-30,PC_ANTIHYPERTENSIVE,primary care,Southeast,439.5,,False,,,,
1084471394,,psm,EVT-0095,2024-04-30,PC_ANTIHYPERTENSIVE,primary care,Northeast,280.1666666666667,,False,,,,
1124726435,1767508967,psm,EVT-0095,2024-04-30,PC_ANTIHYPERTENSIVE,primary care,Northeast,387.6666666666667,403.6666666666667,True,1,0.5433051863539988,0.5788715691477838,0.03556638279378499
1124890801,1209566128,psm,EVT-0095,2024-04-30,PC_ANTIHYPERTENSIVE,primary care,Northeast,578.3333333333334,590.6666666666666,True,1,0.8693766764967801,0.881512745538945,0.01213606904216491
1144669185,,psm,EVT-0095,2024-04-30,PC_ANTIHYPERTENSIVE,primary care,Northeast,793.5,,False,,,,
1166368237,1670560261,psm,EVT-0095,2024-04-30,PC_ANTIHYPERTENSIVE,primary care,Southwest,295.5,228.0,True,1,0.3230549466910245,0.3278985967860518,0.0048436500950272965
1200480071,1251202242,psm,EVT-0095,2024-04-30,PC_ANTIHYPERTENSIVE,primary care,Northeast,313.1666666666667,334.5,True,1,0.3777494820707412,0.42397849226309425,0.04622901019235304
1213511599,,psm,EVT-0095,2024-04-30,PC_ANTIHYPERTENSIVE,primary care,Northeast,916.1666666666666,,False,,,,
1264333323,,psm,EVT-0095,2024-04-30,PC_ANTIHYPERTENSIVE,primary care,Northeast,638.0,,False,,,,
1287287258,1548652282,psm,EVT-0095,2024-04-30,PC_ANTIHYPERTENSIVE,primary care,Midwest,440.6666666666667,460.6666666666667,True,1,0.5326353367930136,0.5711065794703608,0.03847124267734725
1297280590,1311764207,psm,EVT-0095,2024-04-30,PC_ANTIHYPERTENSIVE,primary care,Midwest,421.8333333333333,401.8333333333333,True,1,0.49604158797511294,0.45723618920864395,0.03880539876646899
1315385710,,psm,EVT-0095,2024-04-30,PC_ANTIHYPERTENSIVE,primary care,Northeast,1238.1666666666667,,False,,,,
1316743925,,psm,EVT-0095,2024-04-30,PC_ANTIHYPERTENSIVE,primary care,Northeast,698.8333333333334,,False,,,,
1377426493,1676855970,psm,EVT-0095,2024-04-30,PC_ANTIHYPERTENSIVE,primary care,West,259.8333333333333,256.3333333333333,True,1,0.24610196449602725,0.24052663903188976,0.005575325464137498
1451968915,1135650855,psm,EVT-0095,2024-04-30,PC_ANTIHYPERTENSIVE,primary care,Midwest,278.8333333333333,278.6666666666667,True,1,0.24440822739131546,0.24416878582295481,0.00023944156836064323
1455779946,1352216182,psm,EVT-0095,2024-04-30,PC_ANTIHYPERTENSIVE,primary care,Southwest,353.8333333333333,383.6666666666667,True,1,0.31889939342602863,0.31678514930873597,0.002114244117292663
1489598965,,psm,EVT-0095,2024-04-30,PC_ANTIHYPERTENSIVE,primary care,Southeast,512.0,,False,,,,
1526669415,1769234364,psm,EVT-0095,2024-04-30,PC_ANTIHYPERTENSIVE,primary care,Southwest,283.1666666666667,259.3333333333333,True,1,0.3239371682877914,0.3256455487145893,0.0017083804267978842
1552813903,,psm,EVT-0095,2024-04-30,PC_ANTIHYPERTENSIVE,primary care,Northeast,709.8333333333334,,False,,,,
1567742360,1279684447,psm,EVT-0095,2024-04-30,PC_ANTIHYPERTENSIVE,primary care,West,165.0,162.0,True,1,0.1256432430233386,0.12281927978781096,0.002823963235527638
1595301304,1812123887,psm,EVT-0095,2024-04-30,PC_ANTIHYPERTENSIVE,primary care,Southwest,438.3333333333333,435.6666666666667,True,1,0.31293061561824786,0.3131180487098786,0.00018743309163071764
1639269087,1261377760,psm,EVT-0095,2024-04-30,PC_ANTIHYPERTENSIVE,primary care,Northeast,249.5,249.33333333333334,True,1,0.2546337985573739,0.25434824819725804,0.00028555036011584933
1644815767,,psm,EVT-0095,2024-04-30,PC_ANTIHYPERTENSIVE,primary care,West,388.5,,False,,,,
1665478461,,psm,EVT-0095,2024-04-30,PC_ANTIHYPERTENSIVE,primary care,Northeast,493.1666666666667,,False,,,,
1689916181,,psm,EVT-0095,2024-04-30,PC_ANTIHYPERTENSIVE,primary care,Northeast,513.3333333333334,,False,,,,
1725623817,1209829039,psm,EVT-0095,2024-04-30,PC_ANTIHYPERTENSIVE,primary care,Southwest,624.5,676.8333333333334,True,1,0.2999987708783243,0.2964189526481139,0.003579818230210363
1725724532,,psm,EVT-0095,2024-04-30,PC_ANTIHYPERTENSIVE,primary care,Northeast,898.1666666666666,,False,,,,
1747032997,1058325303,psm,EVT-0095,2024-04-30,PC_ANTIHYPERTENSIVE,primary care,Northeast,287.5,294.0,True,1,0.32499886139978174,0.33800554620129314,0.013006684801511403
1803233885,1892083019,psm,EVT-0095,2024-04-30,PC_ANTIHYPERTENSIVE,primary care,Southeast,364.8333333333333,370.3333333333333,True,1,0.31741903432453855,0.32655829416643534,0.009139259841896785
1808826295,1363342464,psm,EVT-0095,2024-04-30,PC_ANTIHYPERTENSIVE,primary care,Southeast,485.0,482.6666666666667,True,1,0.537190549703431,0.5327720422141307,0.004418507489300394
1815807585,,psm,EVT-0095,2024-04-30,PC_ANTIHYPERTENSIVE,primary care,Southeast,611.5,,False,,,,
1824172013,1191545544,psm,EVT-0095,2024-04-30,PC_ANTIHYPERTENSIVE,primary care,Midwest,329.0,349.0,True,1,0.32338390346565676,0.3583291084929458,0.03494520502728904
1832506087,,psm,EVT-0095,2024-04-30,PC_ANTIHYPERTENSIVE,primary care,Midwest,945.3333333333334,,False,,,,
1838439200,,psm,EVT-0095,2024-04-30,PC_ANTIHYPERTENSIVE,primary care,Southeast,574.8333333333334,,False,,,,
1903798589,1134632102,psm,EVT-0095,2024-04-30,PC_ANTIHYPERTENSIVE,primary care,Southwest,349.6666666666667,409.1666666666667,True,1,0.31919527564934624,0.31498397732446487,0.004211298324881374
1927430854,,psm,EVT-0095,2024-04-30,PC_ANTIHYPERTENSIVE,primary care,Southeast,623.6666666666666,,False,,,,
1937514325,1159833825,psm,EVT-0095,2024-04-30,PC_ANTIHYPERTENSIVE,primary care,West,427.6666666666667,436.1666666666667,True,1,0.582401803008972,0.6001729569977984,0.017771153988826338
1955620046,,psm,EVT-0095,2024-04-30,PC_ANTIHYPERTENSIVE,primary care,Southeast,460.0,,False,,,,
1123148250,1323611925,psm,EVT-0096,2024-05-02,CARD_HF_ARNI,cardiology,Southwest,253.33333333333334,254.66666666666666,True,1,0.24602198338463366,0.2491844121100179,0.0031624287253842476
1132120993,1897723296,psm,EVT-0096,2024-05-02,CARD_HF_ARNI,cardiology,Northeast,126.66666666666667,123.66666666666667,True,1,0.30022143156672876,0.30316517542770277,0.002943743860974013
1286477181,1656483868,psm,EVT-0096,2024-05-02,CARD_HF_ARNI,cardiology,Midwest,214.33333333333334,224.16666666666666,True,1,0.04885515640162437,0.05782220006191529,0.00896704366029092
1341556789,,psm,EVT-0096,2024-05-02,CARD_HF_ARNI,cardiology,West,1152.0,,False,,,,
1376656900,,psm,EVT-0096,2024-05-02,CARD_HF_ARNI,cardiology,Southwest,286.6666666666667,,False,,,,
1460081361,1015191335,psm,EVT-0096,2024-05-02,CARD_HF_ARNI,cardiology,Northeast,211.83333333333334,205.16666666666666,True,1,0.2239276781356675,0.22937009732102254,0.005442419185355041
1478412079,,psm,EVT-0096,2024-05-02,CARD_HF_ARNI,cardiology,Midwest,428.1666666666667,,False,,,,
1516074709,,psm,EVT-0096,2024-05-02,CARD_HF_ARNI,cardiology,Southwest,387.3333333333333,,False,,,,
1648553570,,psm,EVT-0096,2024-05-02,CARD_HF_ARNI,cardiology,Southwest,357.6666666666667,,False,,,,
1670701188,,psm,EVT-0096,2024-05-02,CARD_HF_ARNI,cardiology,Southeast,512.1666666666666,,False,,,,
1672904236,1120080837,psm,EVT-0096,2024-05-02,CARD_HF_ARNI,cardiology,Northeast,298.8333333333333,284.3333333333333,True,1,0.161360412533753,0.17070992180653533,0.00934950927278233
1683943777,1950588461,psm,EVT-0096,2024-05-02,CARD_HF_ARNI,cardiology,West,379.0,371.8333333333333,True,1,0.1795861698766763,0.17093215771561748,0.008654012161058822
1710163217,1167711153,psm,EVT-0096,2024-05-02,CARD_HF_ARNI,cardiology,Northeast,294.5,290.5,True,1,0.16411038044063345,0.16668212669716603,0.0025717462565325866
1714292012,1836894604,psm,EVT-0096,2024-05-02,CARD_HF_ARNI,cardiology,Southeast,280.6666666666667,282.0,True,1,0.11934916794830841,0.12169774802118229,0.0023485800728738765
1727463709,1371759725,psm,EVT-0096,2024-05-02,CARD_HF_ARNI,cardiology,West,192.5,178.83333333333334,True,1,0.04404640388668528,0.03948084479986199,0.004565559086823288
1732000645,,psm,EVT-0096,2024-05-02,CARD_HF_ARNI,cardiology,Southwest,551.5,,False,,,,
1050506165,1081238747,psm,EVT-0097,2024-05-03,PULM_ICS_LABA_INH,pulmonology,Southeast,337.5,329.8333333333333,True,1,0.09281454246662345,0.0850389157251029,0.007775626741520547
1058647219,,psm,EVT-0097,2024-05-03,PULM_ICS_LABA_INH,pulmonology,Northeast,358.3333333333333,,False,,,,
1139166684,,psm,EVT-0097,2024-05-03,PULM_ICS_LABA_INH,pulmonology,Midwest,273.8333333333333,,False,,,,
1198262952,,psm,EVT-0097,2024-05-03,PULM_ICS_LABA_INH,pulmonology,Northeast,743.8333333333334,,False,,,,
1229022169,1722581836,psm,EVT-0097,2024-05-03,PULM_ICS_LABA_INH,pulmonology,West,162.16666666666666,156.83333333333334,True,1,0.04837325275864405,0.04736603898208511,0.001007213776558942
1238983617,,psm,EVT-0097,2024-05-03,PULM_ICS_LABA_INH,pulmonology,Southeast,968.1666666666666,,False,,,,
1533003293,,psm,EVT-0097,2024-05-03,PULM_ICS_LABA_INH,pulmonology,Midwest,313.3333333333333,,False,,,,
1547244776,1573445784,psm,EVT-0097,2024-05-03,PULM_ICS_LABA_INH,pulmonology,Northeast,177.16666666666666,195.33333333333334,True,1,0.1825704754993017,0.2074243222702008,0.024853846770899107
1889776344,1632734848,psm,EVT-0097,2024-05-03,PULM_ICS_LABA_INH,pulmonology,Northeast,240.5,248.66666666666666,True,1,0.27960228876328846,0.29417763698645916,0.014575348223170692
1058647219,,psm,EVT-0098,2024-05-07,CV_ANTICOAG_ORAL,pulmonology,Northeast,227.16666666666666,,False,,,,
1075036339,1626268928,psm,EVT-0098,2024-05-07,CV_ANTICOAG_ORAL,pulmonology,West,109.83333333333333,107.66666666666667,True,1,0.04359040595962425,0.04347337751579455,0.00011702844382969341
1084471394,1947954388,psm,EVT-0098,2024-05-07,CV_ANTICOAG_ORAL,primary care,Northeast,106.16666666666667,108.16666666666667,True,1,0.14168912183020507,0.14570035783314775,0.004011236002942675
1198262952,,psm,EVT-0098,2024-05-07,CV_ANTICOAG_ORAL,pulmonology,Northeast,211.16666666666666,,False,,,,
1204787067,1410468163,psm,EVT-0098,2024-05-07,CV_ANTICOAG_ORAL,neurology,Northeast,86.5,91.66666666666667,True,1,0.06515777956485122,0.07196592230060464,0.00680814273575342
1265952337,1897723296,psm,EVT-0098,2024-05-07,CV_ANTICOAG_ORAL,cardiology,Northeast,172.0,169.5,True,1,0.0562632753940146,0.05595828661318787,0.00030498878082672876
1280087226,,psm,EVT-0098,2024-05-07,CV_ANTICOAG_ORAL,primary care,Northeast,408.1666666666667,,False,,,,
1292975558,,psm,EVT-0098,2024-05-07,CV_ANTICOAG_ORAL,oncology,Northeast,687.6666666666666,,False,,,,
1309371148,1914644640,psm,EVT-0098,2024-05-07,CV_ANTICOAG_ORAL,neurology,Northeast,233.16666666666666,235.16666666666666,True,1,0.5902652846682875,0.6002151464441567,0.009949861775869207
1316743925,,psm,EVT-0098,2024-05-07,CV_ANTICOAG_ORAL,primary care,Northeast,500.3333333333333,,False,,,,
1328056928,1362648127,psm,EVT-0098,2024-05-07,CV_ANTICOAG_ORAL,oncology,Northeast,101.83333333333333,102.0,True,1,0.1358797258841066,0.13616723017382315,0.0002875042897165503
1456299035,1389159553,psm,EVT-0098,2024-05-07,CV_ANTICOAG_ORAL,primary care,Southeast,204.66666666666666,199.83333333333334,True,1,0.060119908439760436,0.059534931316405575,0.0005849771233548615
1467704312,,psm,EVT-0098,2024-05-07,CV_ANTICOAG_ORAL,neurology,Northeast,385.0,,False,,,,
1547244776,,psm,EVT-0098,2024-05-07,CV_ANTICOAG_ORAL,pulmonology,Northeast,246.0,,False,,,,
1552813903,,psm,EVT-0098,2024-05-07,CV_ANTICOAG_ORAL,primary care,Northeast,400.0,,False,,,,
1592123891,,psm,EVT-0098,2024-05-07,CV_ANTICOAG_ORAL,primary care,Northeast,395.3333333333333,,False,,,,
1616418756,,psm,EVT-0098,2024-05-07,CV_ANTICOAG_ORAL,neurology,Northeast,218.5,,False,,,,
1616839134,1222151080,psm,EVT-0098,2024-05-07,CV_ANTICOAG_ORAL,rheumatology,Northeast,317.6666666666667,320.8333333333333,True,1,0.09072512604636937,0.0925135827878634,0.0017884567414940267
1621842156,1693350831,psm,EVT-0098,2024-05-07,CV_ANTICOAG_ORAL,oncology,Northeast,101.33333333333333,103.83333333333333,True,1,0.13502028150093923,0.13936369729839057,0.004343415797451344
1639269087,1261377760,psm,EVT-0098,2024-05-07,CV_ANTICOAG_ORAL,primary care,Northeast,167.33333333333334,173.33333333333334,True,1,0.30911095026911445,0.3303780922304672,0.021267141961352765
1659738110,1596912711,psm,EVT-0098,2024-05-07,CV_ANTICOAG_ORAL,oncology,Northeast,97.5,92.33333333333333,True,1,0.12858273099776765,0.12032172789931153,0.008261003098456121
1665478461,1251202242,psm,EVT-0098,2024-05-07,CV_ANTICOAG_ORAL,primary care,Northeast,105.33333333333333,92.5,True,1,0.14004517580995224,0.1166951348054292,0.023350041004523037
1679256069,,psm,EVT-0098,2024-05-07,CV_ANTICOAG_ORAL,oncology,Northeast,229.83333333333334,,False,,,,
1689916181,,psm,EVT-0098,2024-05-07,CV_ANTICOAG_ORAL,primary care,Northeast,219.83333333333334,,False,,,,
1704331150,1257768279,psm,EVT-0098,2024-05-07,CV_ANTICOAG_ORAL,endocrinology,West,293.0,187.33333333333334,True,1,0.07717548464864937,0.0392462596440452,0.037929225004604175
1742579091,,psm,EVT-0098,2024-05-07,CV_ANTICOAG_ORAL,primary care,Northeast,338.0,,False,,,,
1769764832,1045376799,psm,EVT-0098,2024-05-07,CV_ANTICOAG_ORAL,neurology,Northeast,183.16666666666666,188.83333333333334,True,1,0.3390737251729398,0.36576939441395184,0.02669566924101202
1785764022,,psm,EVT-0098,2024-05-07,CV_ANTICOAG_ORAL,oncology,Northeast,236.16666666666666,,False,,,,
1811081532,1195381896,psm,EVT-0098,2024-05-07,CV_ANTICOAG_ORAL,oncology,Northeast,240.33333333333334,245.83333333333334,True,1,0.545628230143291,0.5655587671481574,0.019930537004866467
1812815243,,psm,EVT-0098,2024-05-07,CV_ANTICOAG_ORAL,primary care,Midwest,271.0,,False,,,,
1824172013,,psm,EVT-0098,2024-05-07,CV_ANTICOAG_ORAL,primary care,Midwest,274.3333333333333,,False,,,,
1893606271,1788668972,psm,EVT-0098,2024-05-07,CV_ANTICOAG_ORAL,oncology,Southwest,89.33333333333333,88.5,True,1,0.1440345486666666,0.14408592413767574,5.137547100914075e-05
1934613260,1695082515,psm,EVT-0098,2024-05-07,CV_ANTICOAG_ORAL,oncology,Southwest,124.16666666666667,108.0,True,1,0.14190065533141105,0.14288772706108974,0.0009870717296786846
1934829601,,psm,EVT-0098,2024-05-07,CV_ANTICOAG_ORAL,cardiology,Midwest,256.1666666666667,,False,,,,
1937514325,1873780039,psm,EVT-0098,2024-05-07,CV_ANTICOAG_ORAL,primary care,West,267.5,228.0,True,1,0.0792013227282308,0.05800533695715085,0.02119598577107995
1058647219,,psm,EVT-0099,2024-05-10,PULM_ICS_LABA_INH,pulmonology,Northeast,358.3333333333333,,False,,,,
1129206672,,psm,EVT-0099,2024-05-10,PULM_ICS_LABA_INH,pulmonology,Northeast,291.8333333333333,,False,,,,
1134509243,1573445784,psm,EVT-0099,2024-05-10,PULM_ICS_LABA_INH,pulmonology,Northeast,203.66666666666666,195.33333333333334,True,1,0.31238780442072833,0.2919983414419418,0.02038946297878652
1198262952,,psm,EVT-0099,2024-05-10,PULM_ICS_LABA_INH,pulmonology,Northeast,743.8333333333334,,False,,,,
1433980129,,psm,EVT-0099,2024-05-10,PULM_ICS_LABA_INH,pulmonology,Northeast,295.5,,False,,,,
1547244776,,psm,EVT-0099,2024-05-10,PULM_ICS_LABA_INH,pulmonology,Northeast,177.16666666666666,,False,,,,
1704308638,,psm,EVT-0099,2024-05-10,PULM_ICS_LABA_INH,pulmonology,Southeast,521.0,,False,,,,
1742859469,,psm,EVT-0099,2024-05-10,PULM_ICS_LABA_INH,pulmonology,West,355.1666666666667,,False,,,,
1867204764,,psm,EVT-0099,2024-05-10,PULM_ICS_LABA_INH,pulmonology,Southeast,380.3333333333333,,False,,,,
1880717263,1536141264,psm,EVT-0099,2024-05-10,PULM_ICS_LABA_INH,pulmonology,Northeast,373.8333333333333,385.3333333333333,True,1,0.7660277500181375,0.7890964539386283,0.023068703920490763
1038444141,1245433184,psm,EVT-0100,2024-05-11,ONC_TARGETED_ORAL,oncology,Southeast,264.6666666666667,273.0,True,1,0.047463931459804085,0.049869766032199676,0.002405834572395592
1044303869,1362648127,psm,EVT-0100,2024-05-11,ONC_TARGETED_ORAL,oncology,Northeast,208.16666666666666,205.16666666666666,True,1,0.08841081649901977,0.08682073031907334,0.0015900861799464372
1292975558,,psm,EVT-0100,2024-05-11,ONC_TARGETED_ORAL,oncology,Northeast,744.6666666666666,,False,,,,
1358245029,1737256036,psm,EVT-0100,2024-05-11,ONC_TARGETED_ORAL,oncology,Midwest,183.16666666666666,182.5,True,1,0.13623752189187313,0.13581646326315286,0.0004210586287202722
1407931751,1743803979,psm,EVT-0100,2024-05-11,ONC_TARGETED_ORAL,oncology,Midwest,150.66666666666666,150.5,True,1,0.11695804031329189,0.11686556623106624,9.247408222565201e-05
1743613295,1480599715,psm,EVT-0100,2024-05-11,ONC_TARGETED_ORAL,oncology,Midwest,157.0,149.83333333333334,True,1,0.12051934730457886,0.11649630408775166,0.004023043216827199
1793579560,1870533357,psm,EVT-0100,2024-05-11,ONC_TARGETED_ORAL,oncology,Midwest,279.6666666666667,275.5,True,1,0.20944176356383293,0.20575826701129463,0.003683496552538301
1811081532,1511742359,psm,EVT-0100,2024-05-11,ONC_TARGETED_ORAL,oncology,Northeast,185.16666666666666,191.5,True,1,0.07686690538467927,0.07990015130772717,0.003033245923047892
1002145427,,psm,EVT-0101,2024-05-15,METABOLIC_GLP1_INJ,primary care,Northeast,318.1666666666667,,False,,,,
1018018261,,psm,EVT-0101,2024-05-15,METABOLIC_GLP1_INJ,primary care,Northeast,268.6666666666667,,False,,,,
1048976678,1082909627,psm,EVT-0101,2024-05-15,METABOLIC_GLP1_INJ,primary care,Southeast,156.66666666666666,173.83333333333334,True,1,0.4108964104658749,0.4370456520266369,0.026149241560762038
1065870788,1209829039,psm,EVT-0101,2024-05-15,METABOLIC_GLP1_INJ,primary care,Southwest,216.83333333333334,238.5,True,1,0.25918037218327533,0.2503957927928566,0.008784579390418712
1080672524,,psm,EVT-0101,2024-05-15,METABOLIC_GLP1_INJ,primary care,Southeast,129.33333333333334,,False,,,,
1084919582,,psm,EVT-0101,2024-05-15,METABOLIC_GLP1_INJ,primary care,Southeast,390.1666666666667,,False,,,,
1124726435,,psm,EVT-0101,2024-05-15,METABOLIC_GLP1_INJ,primary care,Northeast,583.8333333333334,,False,,,,
1136500869,1990401386,psm,EVT-0101,2024-05-15,METABOLIC_GLP1_INJ,endocrinology,Southeast,69.16666666666667,74.0,True,1,0.12120955120014495,0.09904377049053263,0.022165780709612323
1159841240,1026926489,psm,EVT-0101,2024-05-15,METABOLIC_GLP1_INJ,neurology,Southeast,152.83333333333334,156.83333333333334,True,1,0.07735060906039169,0.08060472090329092,0.0032541118428992266
1174238463,1057676243,psm,EVT-0101,2024-05-15,METABOLIC_GLP1_INJ,primary care,Southeast,225.5,212.5,True,1,0.5172878524889498,0.49701856439913034,0.02026928808981948
1181854898,,psm,EVT-0101,2024-05-15,METABOLIC_GLP1_INJ,primary care,Southeast,228.0,,False,,,,
1227780172,1769234364,psm,EVT-0101,2024-05-15,METABOLIC_GLP1_INJ,primary care,Southwest,151.0,173.16666666666666,True,1,0.2870725587924812,0.27748286107595893,0.009589697716522294
1241711534,1393729789,psm,EVT-0101,2024-05-15,METABOLIC_GLP1_INJ,primary care,Southeast,126.83333333333333,126.16666666666667,True,1,0.3667032485724024,0.36573788034447513,0.0009653682279272546
1280087226,,psm,EVT-0101,2024-05-15,METABOLIC_GLP1_INJ,primary care,Northeast,857.6666666666666,,False,,,,
1286477181,,psm,EVT-0101,2024-05-15,METABOLIC_GLP1_INJ,cardiology,Midwest,221.0,,False,,,,
1326516303,,psm,EVT-0101,2024-05-15,METABOLIC_GLP1_INJ,oncology,Southwest,381.5,,False,,,,
1385532449,,psm,EVT-0101,2024-05-15,METABOLIC_GLP1_INJ,primary care,Southeast,277.0,,False,,,,
1397955463,,psm,EVT-0101,2024-05-15,METABOLIC_GLP1_INJ,primary care,Southeast,606.6666666666666,,False,,,,
1423152481,,psm,EVT-0101,2024-05-15,METABOLIC_GLP1_INJ,primary care,Southeast,406.1666666666667,,False,,,,
1425340662,1352216182,psm,EVT-0101,2024-05-15,METABOLIC_GLP1_INJ,primary care,Southwest,169.66666666666666,172.0,True,1,0.2789838467755777,0.2779826366546731,0.0010012101209045943
1425610817,1804484495,psm,EVT-0101,2024-05-15,METABOLIC_GLP1_INJ,primary care,Southeast,80.16666666666667,79.66666666666667,True,1,0.302054855910055,0.30139763365515515,0.0006572222548998363
1456207657,,psm,EVT-0101,2024-05-15,METABOLIC_GLP1_INJ,primary care,Midwest,492.8333333333333,,False,,,,
1456299035,,psm,EVT-0101,2024-05-15,METABOLIC_GLP1_INJ,primary care,Southeast,380.6666666666667,,False,,,,
1475115246,1751172259,psm,EVT-0101,2024-05-15,METABOLIC_GLP1_INJ,cardiology,Southeast,161.83333333333334,142.83333333333334,True,1,0.20643016631202268,0.17958810637941106,0.026842059932611628
1526669415,1625192632,psm,EVT-0101,2024-05-15,METABOLIC_GLP1_INJ,primary care,Southwest,90.83333333333333,91.5,True,1,0.3140704449862534,0.3137638227664347,0.0003066222198186974
1552813903,1099946885,psm,EVT-0101,2024-05-15,METABOLIC_GLP1_INJ,primary care,Northeast,207.0,212.33333333333334,True,1,0.26365502806633356,0.27687719641494457,0.013222168348611008
1555114069,,psm,EVT-0101,2024-05-15,METABOLIC_GLP1_INJ,oncology,Southeast,189.5,,False,,,,
1557944620,1670560261,psm,EVT-0101,2024-05-15,METABOLIC_GLP1_INJ,primary care,Southwest,193.0,204.16666666666666,True,1,0.2690719091307286,0.26440784646537346,0.004664062665355129
1592123891,1058325303,psm,EVT-0101,2024-05-15,METABOLIC_GLP1_INJ,primary care,Northeast,147.83333333333334,168.0,True,1,0.14542826651893004,0.17984818644119557,0.034419919922265535
1610177150,,psm,EVT-0101,2024-05-15,METABOLIC_GLP1_INJ,cardiology,Southeast,190.66666666666666,,False,,,,
1616418756,,psm,EVT-0101,2024-05-15,METABOLIC_GLP1_INJ,neurology,Northeast,225.16666666666666,,False,,,,
1621199177,1572180861,psm,EVT-0101,2024-05-15,METABOLIC_GLP1_INJ,primary care,Southeast,140.33333333333334,140.16666666666666,True,1,0.38647308845556677,0.3862265674666525,0.0002465209889142561
1647196991,,psm,EVT-0101,2024-05-15,METABOLIC_GLP1_INJ,rheumatology,Southeast,478.0,,False,,,,
1648553570,,psm,EVT-0101,2024-05-15,METABOLIC_GLP1_INJ,cardiology,Southwest,652.5,,False,,,,
1670701188,1107378550,psm,EVT-0101,2024-05-15,METABOLIC_GLP1_INJ,cardiology,Southeast,170.66666666666666,170.83333333333334,True,1,0.21988210623008791,0.22014186642353656,0.00025976019344864376
1688976343,,psm,EVT-0101,2024-05-15,METABOLIC_GLP1_INJ,pulmonology,Southeast,292.3333333333333,,False,,,,
1689916181,,psm,EVT-0101,2024-05-15,METABOLIC_GLP1_INJ,primary care,Northeast,305.8333333333333,,False,,,,
1703413967,1257768279,psm,EVT-0101,2024-05-15,METABOLIC_GLP1_INJ,endocrinology,West,214.16666666666666,230.83333333333334,True,1,0.05674632283359623,0.06413555155438655,0.007389228720790321
1704492101,,psm,EVT-0101,2024-05-15,METABOLIC_GLP1_INJ,oncology,Southeast,170.5,,False,,,,
1724092733,,psm,EVT-0101,2024-05-15,METABOLIC_GLP1_INJ,cardiology,Northeast,74.0,,False,,,,
1732527431,,psm,EVT-0101,2024-05-15,METABOLIC_GLP1_INJ,primary care,Southeast,415.1666666666667,,False,,,,
1787619711,,psm,EVT-0101,2024-05-15,METABOLIC_GLP1_INJ,cardiology,Midwest,319.8333333333333,,False,,,,
1808826295,1892083019,psm,EVT-0101,2024-05-15,METABOLIC_GLP1_INJ,primary care,Southeast,243.33333333333334,240.5,True,1,0.544987565246994,0.5406007909121782,0.004386774334815824
1812815243,1191545544,psm,EVT-0101,2024-05-15,METABOLIC_GLP1_INJ,primary care,Midwest,289.6666666666667,271.5,True,1,0.3904500083241141,0.3414878666383083,0.04896214168580576
1815807585,1364720148,psm,EVT-0101,2024-05-15,METABOLIC_GLP1_INJ,primary care,Southeast,361.3333333333333,357.6666666666667,True,1,0.7143530898352369,0.7096624376517937,0.0046906521834432224
1849328657,1311764207,psm,EVT-0101,2024-05-15,METABOLIC_GLP1_INJ,primary care,Midwest,77.66666666666667,73.0,True,1,0.0516297105239754,0.04903636155300935,0.002593348970966053
1896554999,1873780039,psm,EVT-0101,2024-05-15,METABOLIC_GLP1_INJ,primary care,West,296.6666666666667,297.8333333333333,True,1,0.5705981720367956,0.578093481414634,0.007495309377838377
1937514325,,psm,EVT-0101,2024-05-15,METABOLIC_GLP1_INJ,primary care,West,233.16666666666666,,False,,,,
1944079924,1337789832,psm,EVT-0101,2024-05-15,METABOLIC_GLP1_INJ,rheumatology,Southeast,133.83333333333334,145.5,True,1,0.1384488414620519,0.17017857260905564,0.031729731147003726
1955620046,1363342464,psm,EVT-0101,2024-05-15,METABOLIC_GLP1_INJ,primary care,Southeast,535.3333333333334,500.8333333333333,True,1,0.8810256046854318,0.856551521951791,0.024474082733640823
1050506165,1081238747,psm,EVT-0102,2024-05-16,PULM_ICS_LABA_INH,pulmonology,Southeast,337.5,329.8333333333333,True,1,0.2118722635529835,0.2024858943858205,0.009386369167163011
1058647219,,psm,EVT-0102,2024-05-16,PULM_ICS_LABA_INH,pulmonology,Northeast,358.3333333333333,,False,,,,
1075036339,1738916414,psm,EVT-0102,2024-05-16,PULM_ICS_LABA_INH,pulmonology,West,213.0,204.33333333333334,True,1,0.10139151098644199,0.09793991982771427,0.0034515911587277154
1139166684,,psm,EVT-0102,2024-05-16,PULM_ICS_LABA_INH,pulmonology,Midwest,273.8333333333333,,False,,,,
1229022169,1722581836,psm,EVT-0102,2024-05-16,PULM_ICS_LABA_INH,pulmonology,West,162.16666666666666,156.83333333333334,True,1,0.08260313568740354,0.08082682467916591,0.0017763110082376354
1389574017,1308498975,psm,EVT-0102,2024-05-16,PULM_ICS_LABA_INH,pulmonology,Southwest,288.3333333333333,255.0,True,1,0.2693392262398303,0.24228626565569478,0.027052960584135533
1782077311,1916437647,psm,EVT-0102,2024-05-16,PULM_ICS_LABA_INH,pulmonology,Southeast,149.83333333333334,152.83333333333334,True,1,0.062229575075521106,0.06354752586106906,0.0013179507855479514
1854852153,1870532862,psm,EVT-0102,2024-05-16,PULM_ICS_LABA_INH,pulmonology,Southwest,201.83333333333334,204.5,True,1,0.20310374729222458,0.20495130764314837,0.0018475603509237881
1867204764,,psm,EVT-0102,2024-05-16,PULM_ICS_LABA_INH,pulmonology,Southeast,380.3333333333333,,False,,,,
1011940271,,psm,EVT-0103,2024-05-18,ENDO_BASAL_INSULIN,endocrinology,Northeast,234.0,,False,,,,
1025978341,,psm,EVT-0103,2024-05-18,ENDO_BASAL_INSULIN,endocrinology,Northeast,526.3333333333334,,False,,,,
1107038659,,psm,EVT-0103,2024-05-18,ENDO_BASAL_INSULIN,endocrinology,Northeast,523.5,,False,,,,
1137408567,,psm,EVT-0103,2024-05-18,ENDO_BASAL_INSULIN,endocrinology,Northeast,558.3333333333334,,False,,,,
1174145494,1805422742,psm,EVT-0103,2024-05-18,ENDO_BASAL_INSULIN,endocrinology,Northeast,364.5,364.8333333333333,True,1,0.5776369009108132,0.578134541312947,0.0004976404021337366
1237205202,1708639657,psm,EVT-0103,2024-05-18,ENDO_BASAL_INSULIN,endocrinology,Northeast,185.16666666666666,191.33333333333334,True,1,0.3133564366832208,0.3215336158849886,0.008177179201767804
1361521440,,psm,EVT-0103,2024-05-18,ENDO_BASAL_INSULIN,endocrinology,Midwest,276.3333333333333,,False,,,,
1453128708,1400951004,psm,EVT-0103,2024-05-18,ENDO_BASAL_INSULIN,endocrinology,Northeast,394.5,419.3333333333333,True,1,0.6216801687979474,0.6567108080507762,0.03503063925282879
1497642888,1333043895,psm,EVT-0103,2024-05-18,ENDO_BASAL_INSULIN,endocrinology,Northeast,198.0,195.66666666666666,True,1,0.3304984374087201,0.32734629823636907,0.0031521391723510206
1645233598,,psm,EVT-0103,2024-05-18,ENDO_BASAL_INSULIN,endocrinology,Northeast,500.1666666666667,,False,,,,
1677860136,1423753536,psm,EVT-0103,2024-05-18,ENDO_BASAL_INSULIN,endocrinology,Northeast,329.5,355.0,True,1,0.5246982440335117,0.56339160842902,0.0386933643955083
1713444978,,psm,EVT-0103,2024-05-18,ENDO_BASAL_INSULIN,endocrinology,Midwest,351.3333333333333,,False,,,,
1738903891,,psm,EVT-0103,2024-05-18,ENDO_BASAL_INSULIN,endocrinology,Southeast,510.0,,False,,,,
1740626134,1617703974,psm,EVT-0103,2024-05-18,ENDO_BASAL_INSULIN,endocrinology,Southwest,208.66666666666666,209.5,True,1,0.09255572287411601,0.09248120633104844,7.451654306757372e-05
1746046261,,psm,EVT-0103,2024-05-18,ENDO_BASAL_INSULIN,endocrinology,Northeast,239.0,,False,,,,
1758794279,1657025858,psm,EVT-0103,2024-05-18,ENDO_BASAL_INSULIN,endocrinology,Northeast,488.5,477.0,True,1,0.7449739759008622,0.731373336755496,0.013600639145366245
1880426881,,psm,EVT-0103,2024-05-18,ENDO_BASAL_INSULIN,endocrinology,Northeast,461.3333333333333,,False,,,,
1885387740,,psm,EVT-0103,2024-05-18,ENDO_BASAL_INSULIN,endocrinology,Northeast,759.6666666666666,,False,,,,
1995404856,1299832539,psm,EVT-0103,2024-05-18,ENDO_BASAL_INSULIN,endocrinology,Northeast,250.33333333333334,257.8333333333333,True,1,0.4047669324522238,0.41587259028944934,0.011105657837225558
1011940271,1995404856,psm,EVT-0104,2024-05-18,CV_ANTICOAG_ORAL,endocrinology,Northeast,148.33333333333334,161.66666666666666,True,1,0.05541315997671235,0.050797655042341634,0.004615504934370719
1038444141,1831786672,psm,EVT-0104,2024-05-18,CV_ANTICOAG_ORAL,oncology,Southeast,71.5,67.66666666666667,True,1,0.03960368584461368,0.04181383344620691,0.002210147601593236
1044666919,1464676570,psm,EVT-0104,2024-05-18,CV_ANTICOAG_ORAL,neurology,Southeast,130.0,134.16666666666666,True,1,0.04898595867703296,0.0510053840219836,0.0020194253449506427
1050705288,,psm,EVT-0104,2024-05-18,CV_ANTICOAG_ORAL,endocrinology,Southeast,610.0,,False,,,,
1124726435,,psm,EVT-0104,2024-05-18,CV_ANTICOAG_ORAL,primary care,Northeast,591.1666666666666,,False,,,,
1136500869,,psm,EVT-0104,2024-05-18,CV_ANTICOAG_ORAL,endocrinology,Southeast,339.0,,False,,,,
1159841240,,psm,EVT-0104,2024-05-18,CV_ANTICOAG_ORAL,neurology,Southeast,601.6666666666666,,False,,,,
1204787067,1410468163,psm,EVT-0104,2024-05-18,CV_ANTICOAG_ORAL,neurology,Northeast,86.5,91.66666666666667,True,1,0.035341283240072296,0.03871827890349902,0.003376995663426724
1238983617,1502571429,psm,EVT-0104,2024-05-18,CV_ANTICOAG_ORAL,pulmonology,Southeast,140.16666666666666,135.83333333333334,True,1,0.04647569106225511,0.0470925972767495,0.0006169062144943879
1264333323,,psm,EVT-0104,2024-05-18,CV_ANTICOAG_ORAL,primary care,Northeast,285.6666666666667,,False,,,,
1413519731,,psm,EVT-0104,2024-05-18,CV_ANTICOAG_ORAL,primary care,Southwest,706.1666666666666,,False,,,,
1423152481,1363342464,psm,EVT-0104,2024-05-18,CV_ANTICOAG_ORAL,primary care,Southeast,403.1666666666667,453.6666666666667,True,1,0.48224249225002724,0.5267834427614075,0.044540950511380295
1425610817,1310164813,psm,EVT-0104,2024-05-18,CV_ANTICOAG_ORAL,primary care,Southeast,74.0,83.66666666666667,True,1,0.22561791052643013,0.23163657601482457,0.006018665488394442
1456299035,1389159553,psm,EVT-0104,2024-05-18,CV_ANTICOAG_ORAL,primary care,Southeast,204.66666666666666,199.83333333333334,True,1,0.316070816581701,0.31239357778188653,0.003677238799814464
1467704312,,psm,EVT-0104,2024-05-18,CV_ANTICOAG_ORAL,neurology,Northeast,385.0,,False,,,,
1481247389,1057676243,psm,EVT-0104,2024-05-18,CV_ANTICOAG_ORAL,primary care,Southeast,204.83333333333334,209.66666666666666,True,1,0.3161980327518061,0.3198992198354795,0.003701187083673396
1512844550,1081031506,psm,EVT-0104,2024-05-18,CV_ANTICOAG_ORAL,neurology,Southwest,160.0,136.0,True,1,0.07336519253916439,0.06530279595349406,0.008062396585670331
1518121706,,psm,EVT-0104,2024-05-18,CV_ANTICOAG_ORAL,endocrinology,Southeast,232.33333333333334,,False,,,,
1610177150,,psm,EVT-0104,2024-05-18,CV_ANTICOAG_ORAL,cardiology,Southeast,375.0,,False,,,,
1615059528,1082909627,psm,EVT-0104,2024-05-18,CV_ANTICOAG_ORAL,primary care,Southeast,193.0,184.83333333333334,True,1,0.3072348401654026,0.3011322347294465,0.006102605435956088
1635476009,,psm,EVT-0104,2024-05-18,CV_ANTICOAG_ORAL,neurology,Northeast,273.5,,False,,,,
1647196991,1181599923,psm,EVT-0104,2024-05-18,CV_ANTICOAG_ORAL,rheumatology,Southeast,79.83333333333333,79.33333333333333,True,1,0.08467408599175494,0.08484256517552827,0.00016847918377332904
1648553570,,psm,EVT-0104,2024-05-18,CV_ANTICOAG_ORAL,cardiology,Southwest,760.0,,False,,,,
1685524518,1892083019,psm,EVT-0104,2024-05-18,CV_ANTICOAG_ORAL,primary care,Southeast,134.0,127.83333333333333,True,1,0.2647576545716029,0.2605412253149746,0.004216429256628296
1725724532,,psm,EVT-0104,2024-05-18,CV_ANTICOAG_ORAL,primary care,Northeast,612.1666666666666,,False,,,,
1747032997,,psm,EVT-0104,2024-05-18,CV_ANTICOAG_ORAL,primary care,Northeast,346.0,,False,,,,
1927430854,,psm,EVT-0104,2024-05-18,CV_ANTICOAG_ORAL,primary care,Southeast,382.5,,False,,,,
1969108517,,psm,EVT-0104,2024-05-18,CV_ANTICOAG_ORAL,cardiology,Midwest,262.6666666666667,,False,,,,
1123148250,1323611925,psm,EVT-0105,2024-05-20,CARD_HF_ARNI,cardiology,Southwest,253.33333333333334,254.66666666666666,True,1,0.26176585671005415,0.26383327754393004,0.0020674208338758993
1265952337,1860037419,psm,EVT-0105,2024-05-20,CARD_HF_ARNI,cardiology,Northeast,478.8333333333333,467.0,True,1,0.5191852422063488,0.47892749916096683,0.04025774304538193
1299418347,1331020234,psm,EVT-0105,2024-05-20,CARD_HF_ARNI,cardiology,Northeast,391.6666666666667,401.0,True,1,0.24786102577876398,0.27230218986053994,0.024441164081775962
1341556789,,psm,EVT-0105,2024-05-20,CARD_HF_ARNI,cardiology,West,1152.0,,False,,,,
1362560363,,psm,EVT-0105,2024-05-20,CARD_HF_ARNI,cardiology,West,393.5,,False,,,,
1376656900,1750236147,psm,EVT-0105,2024-05-20,CARD_HF_ARNI,cardiology,Southwest,286.6666666666667,264.8333333333333,True,1,0.3164734310117812,0.2799378318544565,0.03653559915732474
1475115246,,psm,EVT-0105,2024-05-20,CARD_HF_ARNI,cardiology,Southeast,616.8333333333334,,False,,,,
1492077734,,psm,EVT-0105,2024-05-20,CARD_HF_ARNI,cardiology,Midwest,604.6666666666666,,False,,,,
1551962891,1789632894,psm,EVT-0105,2024-05-20,CARD_HF_ARNI,cardiology,Midwest,93.33333333333333,95.66666666666667,True,1,0.03521348915748555,0.03608525023012654,0.0008717610726409891
1610177150,,psm,EVT-0105,2024-05-20,CARD_HF_ARNI,cardiology,Southeast,444.1666666666667,,False,,,,
1648553570,1823309871,psm,EVT-0105,2024-05-20,CARD_HF_ARNI,cardiology,Southwest,357.6666666666667,338.0,True,1,0.44972657371069996,0.41115849266987176,0.038568081040828206
1655321622,1848800052,psm,EVT-0105,2024-05-20,CARD_HF_ARNI,cardiology,Northeast,334.1666666666667,332.6666666666667,True,1,0.1309081061790858,0.1286019661743373,0.0023061400047484915
1745601371,1409960642,psm,EVT-0105,2024-05-20,CARD_HF_ARNI,cardiology,Midwest,251.0,259.0,True,1,0.1684102669024857,0.18094010909738395,0.01252984219489825
1760628762,1440623548,psm,EVT-0105,2024-05-20,CARD_HF_ARNI,cardiology,Southwest,213.33333333333334,173.16666666666666,True,1,0.2047361501739699,0.15730386648485242,0.04743228368911748
1934829601,,psm,EVT-0105,2024-05-20,CARD_HF_ARNI,cardiology,Midwest,403.3333333333333,,False,,,,
1009179924,1599978586,psm,EVT-0106,2024-05-24,CARD_HF_ARNI,cardiology,West,351.0,355.8333333333333,True,1,0.09495386384022131,0.09614491997884732,0.0011910561386260093
1074076039,,psm,EVT-0106,2024-05-24,CARD_HF_ARNI,cardiology,Southeast,440.1666666666667,,False,,,,
1169238601,1083149777,psm,EVT-0106,2024-05-24,CARD_HF_ARNI,cardiology,Midwest,286.1666666666667,296.1666666666667,True,1,0.4153711650092613,0.4440336878220915,0.028662522812830216
1265952337,1860037419,psm,EVT-0106,2024-05-24,CARD_HF_ARNI,cardiology,Northeast,478.8333333333333,467.0,True,1,0.6049178575517746,0.5766960996157885,0.028221757935986136
1286477181,1656483868,psm,EVT-0106,2024-05-24,CARD_HF_ARNI,cardiology,Midwest,214.33333333333334,224.16666666666666,True,1,0.23465037935452543,0.2559380954420968,0.02128771608757135
1299418347,1331020234,psm,EVT-0106,2024-05-24,CARD_HF_ARNI,cardiology,Northeast,391.6666666666667,401.0,True,1,0.3931284839518084,0.4153049767358079,0.022176492783999524
1409960642,1742318383,psm,EVT-0106,2024-05-24,CARD_HF_ARNI,cardiology,Midwest,259.0,260.5,True,1,0.3408187663310403,0.34477242889807025,0.0039536625670299474
1475115246,,psm,EVT-0106,2024-05-24,CARD_HF_ARNI,cardiology,Southeast,616.8333333333334,,False,,,,
1516074709,,psm,EVT-0106,2024-05-24,CARD_HF_ARNI,cardiology,Southwest,387.3333333333333,,False,,,,
1614978876,1210894345,psm,EVT-0106,2024-05-24,CARD_HF_ARNI,cardiology,West,135.16666666666666,145.5,True,1,0.053654123198963725,0.055170087929832946,0.001515964730869221
1648553570,,psm,EVT-0106,2024-05-24,CARD_HF_ARNI,cardiology,Southwest,357.6666666666667,,False,,,,
1655321622,1848800052,psm,EVT-0106,2024-05-24,CARD_HF_ARNI,cardiology,Northeast,334.1666666666667,332.6666666666667,True,1,0.2686263517507995,0.2657281733746796,0.002898178376119942
1710163217,1167711153,psm,EVT-0106,2024-05-24,CARD_HF_ARNI,cardiology,Northeast,294.5,290.5,True,1,0.1989225047484738,0.19270708426170313,0.006215420486770679
1724092733,,psm,EVT-0106,2024-05-24,CARD_HF_ARNI,cardiology,Northeast,487.6666666666667,,False,,,,
1762664088,1302899475,psm,EVT-0106,2024-05-24,CARD_HF_ARNI,cardiology,Midwest,188.33333333333334,190.66666666666666,True,1,0.1844582655976255,0.18860043072720903,0.0041421651295835415
1885189138,1871372714,psm,EVT-0106,2024-05-24,CARD_HF_ARNI,cardiology,Northeast,282.5,281.8333333333333,True,1,0.18072237845703026,0.1797503530154334,0.0009720254415968577
1934763735,1878312481,psm,EVT-0106,2024-05-24,CARD_HF_ARNI,cardiology,Midwest,162.16666666666666,178.33333333333334,True,1,0.14275760596025053,0.16750322070021825,0.024745614739967725
1934829601,,psm,EVT-0106,2024-05-24,CARD_HF_ARNI,cardiology,Midwest,403.3333333333333,,False,,,,
1123148250,1323611925,psm,EVT-0107,2024-05-30,CARD_HF_ARNI,cardiology,Southwest,253.33333333333334,254.66666666666666,True,1,0.0812396735964234,0.0817087675460998,0.0004690939496764107
1167711153,1120080837,psm,EVT-0107,2024-05-30,CARD_HF_ARNI,cardiology,Northeast,290.5,284.3333333333333,True,1,0.1587718575582929,0.15744004444882803,0.0013318131094648689
1332369119,1923786978,psm,EVT-0107,2024-05-30,CARD_HF_ARNI,cardiology,Southeast,298.6666666666667,307.0,True,1,0.10937601687653987,0.12100202664518224,0.011626009768642365
1362560363,1138208594,psm,EVT-0107,2024-05-30,CARD_HF_ARNI,cardiology,West,393.5,389.1666666666667,True,1,0.37092483868000425,0.36339247890129445,0.007532359778709807
1386514024,1977922420,psm,EVT-0107,2024-05-30,CARD_HF_ARNI,cardiology,West,296.0,282.8333333333333,True,1,0.22137537069958785,0.20486317341610222,0.01651219728348563
1478412079,,psm,EVT-0107,2024-05-30,CARD_HF_ARNI,cardiology,Midwest,428.1666666666667,,False,,,,
1594466975,1069143851,psm,EVT-0107,2024-05-30,CARD_HF_ARNI,cardiology,West,297.1666666666667,280.8333333333333,True,1,0.2228834728408794,0.20243664181782856,0.020446831023050838
1614978876,1486849361,psm,EVT-0107,2024-05-30,CARD_HF_ARNI,cardiology,West,135.16666666666666,124.33333333333333,True,1,0.07864529492244045,0.07296958039574544,0.005675714526695005
1672904236,1056679651,psm,EVT-0107,2024-05-30,CARD_HF_ARNI,cardiology,Northeast,298.8333333333333,271.5,True,1,0.1605861074889863,0.15469757077867663,0.005888536710309672
1710163217,1871372714,psm,EVT-0107,2024-05-30,CARD_HF_ARNI,cardiology,Northeast,294.5,281.8333333333333,True,1,0.15964061385785322,0.15690271366726422,0.0027379001905890044
1722038985,1185877283,psm,EVT-0107,2024-05-30,CARD_HF_ARNI,cardiology,West,271.1666666666667,263.1666666666667,True,1,0.19101124968382732,0.18193350370370812,0.009077745980119206
1969108517,1656483868,psm,EVT-0107,2024-05-30,CARD_HF_ARNI,cardiology,Midwest,217.5,224.16666666666666,True,1,0.058124063302425845,0.06498021420585705,0.006856150903431203
1018018261,,psm,EVT-0108,2024-06-03,PC_ANTIHYPERTENSIVE,primary care,Northeast,562.3333333333334,,False,,,,
1048976678,,psm,EVT-0108,2024-06-03,PC_ANTIHYPERTENSIVE,primary care,Southeast,508.5,,False,,,,
1082909627,1804484495,psm,EVT-0108,2024-06-03,PC_ANTIHYPERTENSIVE,primary care,Southeast,170.16666666666666,169.33333333333334,True,1,0.43615225031991944,0.4354752993723548,0.0006769509475646474
1084919582,,psm,EVT-0108,2024-06-03,PC_ANTIHYPERTENSIVE,primary care,Southeast,474.8333333333333,,False,,,,
1133130363,,psm,EVT-0108,2024-06-03,PC_ANTIHYPERTENSIVE,primary care,Northeast,417.1666666666667,,False,,,,
1166368237,1769234364,psm,EVT-0108,2024-06-03,PC_ANTIHYPERTENSIVE,primary care,Southwest,297.1666666666667,252.5,True,1,0.1984756695618577,0.20328263756573628,0.004806968003878587
1174238463,1997693654,psm,EVT-0108,2024-06-03,PC_ANTIHYPERTENSIVE,primary care,Southeast,247.0,283.5,True,1,0.499262465924152,0.5293758635813594,0.03011339765720733
1180932224,,psm,EVT-0108,2024-06-03,PC_ANTIHYPERTENSIVE,primary care,Southeast,635.3333333333334,,False,,,,
1191545544,,psm,EVT-0108,2024-06-03,PC_ANTIHYPERTENSIVE,primary care,Midwest,388.6666666666667,,False,,,,
1200096471,1057676243,psm,EVT-0108,2024-06-03,PC_ANTIHYPERTENSIVE,primary care,Southeast,238.5,210.16666666666666,True,1,0.492242491297319,0.46888015742639383,0.023362333870925178
1241711534,1572180861,psm,EVT-0108,2024-06-03,PC_ANTIHYPERTENSIVE,primary care,Southeast,171.0,173.0,True,1,0.4368294393035188,0.43845564942909726,0.0016262101255784533
1271463741,1939052563,psm,EVT-0108,2024-06-03,PC_ANTIHYPERTENSIVE,primary care,West,149.0,148.83333333333334,True,1,0.08992705088038996,0.08997039914438278,4.334826399281233e-05
1271768685,,psm,EVT-0108,2024-06-03,PC_ANTIHYPERTENSIVE,primary care,Midwest,456.0,,False,,,,
1297280590,,psm,EVT-0108,2024-06-03,PC_ANTIHYPERTENSIVE,primary care,Midwest,423.0,,False,,,,
1310164813,1389159553,psm,EVT-0108,2024-06-03,PC_ANTIHYPERTENSIVE,primary care,Southeast,234.33333333333334,229.5,True,1,0.4888022724788292,0.48481296887252556,0.003989303606303618
1385532449,,psm,EVT-0108,2024-06-03,PC_ANTIHYPERTENSIVE,primary care,Southeast,645.6666666666666,,False,,,,
1423152481,1363342464,psm,EVT-0108,2024-06-03,PC_ANTIHYPERTENSIVE,primary care,Southeast,540.0,541.5,True,1,0.7241350041841548,0.7251238747999966,0.0009888706158418525
1456299035,1512866082,psm,EVT-0108,2024-06-03,PC_ANTIHYPERTENSIVE,primary care,Southeast,248.83333333333334,257.5,True,1,0.5007767110971592,0.5079343010267087,0.007157589929549513
1484724632,1767508967,psm,EVT-0108,2024-06-03,PC_ANTIHYPERTENSIVE,primary care,Northeast,406.1666666666667,411.3333333333333,True,1,0.36406038376246774,0.3745652691953148,0.010504885432847055
1509977165,,psm,EVT-0108,2024-06-03,PC_ANTIHYPERTENSIVE,primary care,Northeast,775.6666666666666,,False,,,,
1523498065,1364720148,psm,EVT-0108,2024-06-03,PC_ANTIHYPERTENSIVE,primary care,Southeast,339.0,365.0,True,1,0.5746870542240406,0.5955360858112523,0.02084903158721163
1552813903,,psm,EVT-0108,2024-06-03,PC_ANTIHYPERTENSIVE,primary care,Northeast,762.6666666666666,,False,,,,
1567742360,1547660377,psm,EVT-0108,2024-06-03,PC_ANTIHYPERTENSIVE,primary care,West,163.33333333333334,161.33333333333334,True,1,0.08626886014125795,0.08677109450556234,0.0005022343643043825
1595301304,1134632102,psm,EVT-0108,2024-06-03,PC_ANTIHYPERTENSIVE,primary care,Southwest,429.0,453.6666666666667,True,1,0.18478866131305705,0.1823104100809313,0.00247825123212575
1689916181,,psm,EVT-0108,2024-06-03,PC_ANTIHYPERTENSIVE,primary care,Northeast,553.1666666666666,,False,,,,
1707435529,,psm,EVT-0108,2024-06-03,PC_ANTIHYPERTENSIVE,primary care,Southeast,461.0,,False,,,,
1732527431,1892083019,psm,EVT-0108,2024-06-03,PC_ANTIHYPERTENSIVE,primary care,Southeast,414.1666666666667,393.3333333333333,True,1,0.633981709096382,0.6178676869698659,0.016114022126516026
1742579091,,psm,EVT-0108,2024-06-03,PC_ANTIHYPERTENSIVE,primary care,Northeast,1178.1666666666667,,False,,,,
1747032997,1251202242,psm,EVT-0108,2024-06-03,PC_ANTIHYPERTENSIVE,primary care,Northeast,309.0,329.5,True,1,0.19686404717288133,0.22669751326124304,0.02983346608836171
1808826295,,psm,EVT-0108,2024-06-03,PC_ANTIHYPERTENSIVE,primary care,Southeast,520.1666666666666,,False,,,,
1815807585,,psm,EVT-0108,2024-06-03,PC_ANTIHYPERTENSIVE,primary care,Southeast,639.1666666666666,,False,,,,
1922670785,,psm,EVT-0108,2024-06-03,PC_ANTIHYPERTENSIVE,primary care,Southeast,431.1666666666667,,False,,,,
1924355757,1812123887,psm,EVT-0108,2024-06-03,PC_ANTIHYPERTENSIVE,primary care,Southwest,432.5,439.0,True,1,0.18443543792538858,0.18378083830449793,0.0006545996208906502
1927430854,,psm,EVT-0108,2024-06-03,PC_ANTIHYPERTENSIVE,primary care,Southeast,676.1666666666666,,False,,,,
1955620046,,psm,EVT-0108,2024-06-03,PC_ANTIHYPERTENSIVE,primary care,Southeast,487.3333333333333,,False,,,,
1018018261,,psm,EVT-0109,2024-06-07,METABOLIC_GLP1_INJ,primary care,Northeast,265.1666666666667,,False,,,,
1019230758,1622391112,psm,EVT-0109,2024-06-07,METABOLIC_GLP1_INJ,neurology,Southwest,65.83333333333333,64.16666666666667,True,1,0.06934814489854668,0.07080841374390452,0.00146026884535784
1038444141,1340345143,psm,EVT-0109,2024-06-07,METABOLIC_GLP1_INJ,oncology,Southeast,185.83333333333334,185.33333333333334,True,1,0.2734331646723804,0.2665197184596703,0.0069134462127100615
1041585906,1275723975,psm,EVT-0109,2024-06-07,METABOLIC_GLP1_INJ,oncology,West,102.16666666666667,83.33333333333333,True,1,0.0935781768025759,0.04611164147040962,0.04746653533216627
1058647219,,psm,EVT-0109,2024-06-07,METABOLIC_GLP1_INJ,pulmonology,Northeast,322.8333333333333,,False,,,,
1065455036,1739712036,psm,EVT-0109,2024-06-07,METABOLIC_GLP1_INJ,rheumatology,Northeast,66.5,70.66666666666667,True,1,0.19485584267393002,0.19005671602476956,0.004799126649160462
1084471394,,psm,EVT-0109,2024-06-07,METABOLIC_GLP1_INJ,primary care,Northeast,281.0,,False,,,,
1159841240,1026926489,psm,EVT-0109,2024-06-07,METABOLIC_GLP1_INJ,neurology,Southeast,155.66666666666666,158.66666666666666,True,1,0.07777989592593243,0.0801465771947153,0.0023666812687828664
1189769080,1714021262,psm,EVT-0109,2024-06-07,METABOLIC_GLP1_INJ,primary care,Northeast,230.0,229.16666666666666,True,1,0.3303137166116655,0.327561980031889,0.0027517365797764537
1198262952,1573445784,psm,EVT-0109,2024-06-07,METABOLIC_GLP1_INJ,pulmonology,Northeast,101.33333333333333,112.5,True,1,0.20602107017311286,0.2336736076499489,0.027652537476836048
1227780172,1769234364,psm,EVT-0109,2024-06-07,METABOLIC_GLP1_INJ,primary care,Southwest,153.33333333333334,174.83333333333334,True,1,0.08443935246705048,0.09652107291482359,0.012081720447773114
1238983617,1526834563,psm,EVT-0109,2024-06-07,METABOLIC_GLP1_INJ,pulmonology,Southeast,170.5,174.0,True,1,0.054957529837837665,0.05808296820056697,0.003125438362729306
1240190284,1663073843,psm,EVT-0109,2024-06-07,METABOLIC_GLP1_INJ,oncology,Southwest,101.0,96.33333333333333,True,1,0.0895480762733167,0.08322832399995168,0.006319752273365023
1271768685,,psm,EVT-0109,2024-06-07,METABOLIC_GLP1_INJ,primary care,Midwest,312.1666666666667,,False,,,,
1273912869,1121962926,psm,EVT-0109,2024-06-07,METABOLIC_GLP1_INJ,rheumatology,Northeast,116.16666666666667,111.83333333333333,True,1,0.14345870117301412,0.14745037345616202,0.003991672283147896
1292975558,,psm,EVT-0109,2024-06-07,METABOLIC_GLP1_INJ,oncology,Northeast,382.3333333333333,,False,,,,
1297280590,1540759788,psm,EVT-0109,2024-06-07,METABOLIC_GLP1_INJ,primary care,Midwest,135.0,133.83333333333334,True,1,0.1065762924759772,0.1051138829182347,0.0014624095577425028
1324722952,1299832539,psm,EVT-0109,2024-06-07,METABOLIC_GLP1_INJ,endocrinology,Northeast,51.5,48.166666666666664,True,1,0.2178469827568997,0.21798032700121694,0.00013334424431724057
1328056928,1645013610,psm,EVT-0109,2024-06-07,METABOLIC_GLP1_INJ,oncology,Northeast,66.0,59.166666666666664,True,1,0.1275105396843249,0.11810791175079308,0.009402627933531832
1358245029,1737256036,psm,EVT-0109,2024-06-07,METABOLIC_GLP1_INJ,oncology,Midwest,164.66666666666666,158.66666666666666,True,1,0.047254725213349696,0.045777307625384005,0.0014774175879656917
1368009035,1779918477,psm,EVT-0109,2024-06-07,METABOLIC_GLP1_INJ,cardiology,Northeast,91.33333333333333,90.33333333333333,True,1,0.19471401231071295,0.1954787702289432,0.0007647579182302466
1376656900,1823309871,psm,EVT-0109,2024-06-07,METABOLIC_GLP1_INJ,cardiology,Southwest,157.66666666666666,156.33333333333334,True,1,0.07165581900783485,0.07158923372672615,6.658528110869977e-05
1467704312,1045376799,psm,EVT-0109,2024-06-07,METABOLIC_GLP1_INJ,neurology,Northeast,171.83333333333334,158.33333333333334,True,1,0.15371079508133317,0.11939020094451513,0.03432059413681804
1506746308,1268421124,psm,EVT-0109,2024-06-07,METABOLIC_GLP1_INJ,endocrinology,West,120.33333333333333,120.16666666666667,True,1,0.04016369623683836,0.04017079442214432,7.098185305962068e-06
1511742359,1913743435,psm,EVT-0109,2024-06-07,METABOLIC_GLP1_INJ,oncology,Northeast,152.66666666666666,153.66666666666666,True,1,0.30668027374335494,0.3094040158008761,0.0027237420575211835
1546151204,,psm,EVT-0109,2024-06-07,METABOLIC_GLP1_INJ,primary care,Northeast,282.6666666666667,,False,,,,
1616418756,,psm,EVT-0109,2024-06-07,METABOLIC_GLP1_INJ,neurology,Northeast,224.0,,False,,,,
1621842156,1693350831,psm,EVT-0109,2024-06-07,METABOLIC_GLP1_INJ,oncology,Northeast,113.0,119.16666666666667,True,1,0.2103919945401524,0.22378153411294965,0.01338953957279726
1657025858,1174785596,psm,EVT-0109,2024-06-07,METABOLIC_GLP1_INJ,endocrinology,Northeast,148.5,162.0,True,1,0.21399245011166035,0.21345994773895208,0.0005325023727082712
1672904236,1541379537,psm,EVT-0109,2024-06-07,METABOLIC_GLP1_INJ,cardiology,Northeast,145.83333333333334,154.66666666666666,True,1,0.15642369448600632,0.1508306935017995,0.005593000984206814
1683943777,,psm,EVT-0109,2024-06-07,METABOLIC_GLP1_INJ,cardiology,West,318.3333333333333,,False,,,,
1747032997,1099946885,psm,EVT-0109,2024-06-07,METABOLIC_GLP1_INJ,primary care,Northeast,203.16666666666666,210.16666666666666,True,1,0.24821102586618676,0.26826154012330855,0.020050514257121788
1776723276,1429255973,psm,EVT-0109,2024-06-07,METABOLIC_GLP1_INJ,primary care,Midwest,143.83333333333334,161.16666666666666,True,1,0.11823991726842464,0.14434907979658687,0.026109162528162227
1785764022,1242598583,psm,EVT-0109,2024-06-07,METABOLIC_GLP1_INJ,oncology,Northeast,116.83333333333333,116.83333333333333,True,1,0.2186450105282407,0.2186450105282407,0.0
1803502636,1736538384,psm,EVT-0109,2024-06-07,METABOLIC_GLP1_INJ,endocrinology,Northeast,220.5,202.83333333333334,True,1,0.2111636019168231,0.21185517307131366,0.0006915711544905612
1811081532,1535323178,psm,EVT-0109,2024-06-07,METABOLIC_GLP1_INJ,oncology,Northeast,130.16666666666666,137.33333333333334,True,1,0.24914065464473623,0.266662580557689,0.017521925912952763
1814938340,1107378550,psm,EVT-0109,2024-06-07,METABOLIC_GLP1_INJ,cardiology,Southeast,161.16666666666666,167.5,True,1,0.06653846203650267,0.06835563724127487,0.0018171752047722034
1847082322,1993874985,psm,EVT-0109,2024-06-07,METABOLIC_GLP1_INJ,rheumatology,Northeast,118.16666666666667,118.0,True,1,0.141646936075308,0.14179718378624934,0.00015024771094132583
1856406925,1464805419,psm,EVT-0109,2024-06-07,METABOLIC_GLP1_INJ,cardiology,Northeast,160.16666666666666,163.0,True,1,0.14743202017936788,0.14570604197625464,0.0017259782031132376
1889776344,1320611266,psm,EVT-0109,2024-06-07,METABOLIC_GLP1_INJ,pulmonology,Northeast,77.5,70.16666666666667,True,1,0.15530959172805966,0.1419069685132545,0.013402623214805176
1903798589,1783823739,psm,EVT-0109,2024-06-07,METABOLIC_GLP1_INJ,primary care,Southwest,389.6666666666667,364.6666666666667,True,1,0.31701694542651293,0.28121180959111247,0.03580513583540046
1002145427,1209566128,psm,EVT-0110,2024-06-07,PC_ANTIHYPERTENSIVE,primary care,Northeast,622.1666666666666,633.3333333333334,True,1,0.44685919923422585,0.46545275694431437,0.018593557710088526
1048976678,1892083019,psm,EVT-0110,2024-06-07,PC_ANTIHYPERTENSIVE,primary care,Southeast,508.5,393.3333333333333,True,1,0.3349190940070128,0.3231595911649517,0.01175950284206112
1082909627,1804484495,psm,EVT-0110,2024-06-07,PC_ANTIHYPERTENSIVE,primary care,Southeast,170.16666666666666,169.33333333333334,True,1,0.30100570477445676,0.30092461132867465,8.109344578210997e-05
1101185407,,psm,EVT-0110,2024-06-07,PC_ANTIHYPERTENSIVE,primary care,Midwest,684.5,,False,,,,
1174238463,1512866082,psm,EVT-0110,2024-06-07,PC_ANTIHYPERTENSIVE,primary care,Southeast,247.0,257.5,True,1,0.30853555264644295,0.3095726499505813,0.001037097304138368
1190842652,1289174306,psm,EVT-0110,2024-06-07,PC_ANTIHYPERTENSIVE,primary care,Southwest,191.5,188.33333333333334,True,1,0.24353525077106583,0.24460348669085766,0.0010682359197918267
1200480071,1251202242,psm,EVT-0110,2024-06-07,PC_ANTIHYPERTENSIVE,primary care,Northeast,321.6666666666667,329.5,True,1,0.09703928354930162,0.10174542798077102,0.004706144431469397
1241711534,1572180861,psm,EVT-0110,2024-06-07,PC_ANTIHYPERTENSIVE,primary care,Southeast,171.0,173.0,True,1,0.30108681066138515,0.30128151553095556,0.00019470486957040567
1266945785,,psm,EVT-0110,2024-06-07,PC_ANTIHYPERTENSIVE,primary care,West,774.3333333333334,,False,,,,
1287287258,,psm,EVT-0110,2024-06-07,PC_ANTIHYPERTENSIVE,primary care,Midwest,452.5,,False,,,,
1321405205,1463019459,psm,EVT-0110,2024-06-07,PC_ANTIHYPERTENSIVE,primary care,West,211.83333333333334,216.0,True,1,0.10194661894254715,0.10554671784318578,0.003600098900638629
1334266016,1352216182,psm,EVT-0110,2024-06-07,PC_ANTIHYPERTENSIVE,primary care,Southwest,377.1666666666667,396.1666666666667,True,1,0.18650733591289906,0.18129387702698824,0.005213458885910821
1456207657,,psm,EVT-0110,2024-06-07,PC_ANTIHYPERTENSIVE,primary care,Midwest,596.5,,False,,,,
1481247389,1364720148,psm,EVT-0110,2024-06-07,PC_ANTIHYPERTENSIVE,primary care,Southeast,366.0,365.0,True,1,0.3204004608236104,0.32029975326167837,0.00010070756193203412
1523681389,1488515010,psm,EVT-0110,2024-06-07,PC_ANTIHYPERTENSIVE,primary care,Midwest,293.3333333333333,292.5,True,1,0.1339437980843496,0.13249644810636207,0.0014473499779875387
1535820066,,psm,EVT-0110,2024-06-07,PC_ANTIHYPERTENSIVE,primary care,West,642.1666666666666,,False,,,,
1567742360,1547660377,psm,EVT-0110,2024-06-07,PC_ANTIHYPERTENSIVE,primary care,West,163.33333333333334,161.33333333333334,True,1,0.06745260676530955,0.06629284284752278,0.0011597639177867713
1595301304,1812123887,psm,EVT-0110,2024-06-07,PC_ANTIHYPERTENSIVE,primary care,Southwest,429.0,439.0,True,1,0.17255334998318753,0.1699583991113814,0.00259495087180614
1808826295,1363342464,psm,EVT-0110,2024-06-07,PC_ANTIHYPERTENSIVE,primary care,Southeast,520.1666666666666,541.5,True,1,0.3361221868309945,0.3383276273008581,0.0022054404698635954
1812815243,,psm,EVT-0110,2024-06-07,PC_ANTIHYPERTENSIVE,primary care,Midwest,679.5,,False,,,,
1832506087,,psm,EVT-0110,2024-06-07,PC_ANTIHYPERTENSIVE,primary care,Midwest,957.1666666666666,,False,,,,
1848624494,1311764207,psm,EVT-0110,2024-06-07,PC_ANTIHYPERTENSIVE,primary care,Midwest,367.6666666666667,372.1666666666667,True,1,0.32115396251426115,0.33608529154817535,0.014931329033914198
1937514325,,psm,EVT-0110,2024-06-07,PC_ANTIHYPERTENSIVE,primary care,West,459.3333333333333,,False,,,,
1011940271,1708639657,psm,EVT-0111,2024-06-10,METABOLIC_GLP1_INJ,endocrinology,Northeast,109.83333333333333,108.16666666666667,True,1,0.30452033321378885,0.3041482614709761,0.0003720717428127296
1050705288,1694658844,psm,EVT-0111,2024-06-10,METABOLIC_GLP1_INJ,endocrinology,Southeast,176.83333333333334,159.66666666666666,True,1,0.18031024948479474,0.17806684070017517,0.002243408784619566
1076376403,1736538384,psm,EVT-0111,2024-06-10,METABOLIC_GLP1_INJ,endocrinology,Northeast,182.5,202.83333333333334,True,1,0.3209868232124297,0.32567769823604964,0.004690875023619923
1107038659,1400951004,psm,EVT-0111,2024-06-10,METABOLIC_GLP1_INJ,endocrinology,Northeast,178.66666666666666,133.16666666666666,True,1,0.3201064764812528,0.30975604578174104,0.010350430699511748
1136500869,1990401386,psm,EVT-0111,2024-06-10,METABOLIC_GLP1_INJ,endocrinology,Southeast,67.33333333333333,73.33333333333333,True,1,0.1663747358731387,0.16711545761991514,0.000740721746776446
1139166684,,psm,EVT-0111,2024-06-10,METABOLIC_GLP1_INJ,pulmonology,Midwest,154.33333333333334,,False,,,,
1166368237,1209829039,psm,EVT-0111,2024-06-10,METABOLIC_GLP1_INJ,primary care,Southwest,251.16666666666666,242.5,True,1,0.29434689960740906,0.2943167882925081,3.011131490093799e-05
1213511599,,psm,EVT-0111,2024-06-10,METABOLIC_GLP1_INJ,primary care,Northeast,798.8333333333334,,False,,,,
1224230882,1625192632,psm,EVT-0111,2024-06-10,METABOLIC_GLP1_INJ,primary care,Southwest,74.33333333333333,94.83333333333333,True,1,0.29373286863319564,0.29380401389396066,7.114526076501537e-05
1240190284,1663073843,psm,EVT-0111,2024-06-10,METABOLIC_GLP1_INJ,oncology,Southwest,101.0,96.33333333333333,True,1,0.0895480762733167,0.08322832399995168,0.006319752273365023
1264333323,1674102136,psm,EVT-0111,2024-06-10,METABOLIC_GLP1_INJ,primary care,Northeast,138.5,117.16666666666667,True,1,0.19806231004521677,0.17577442369181845,0.022287886353398317
1265952337,1056679651,psm,EVT-0111,2024-06-10,METABOLIC_GLP1_INJ,cardiology,Northeast,99.5,104.33333333333333,True,1,0.08635466813373602,0.07835874913255722,0.007995919001178797
1302899475,1219591108,psm,EVT-0111,2024-06-10,METABOLIC_GLP1_INJ,cardiology,Midwest,47.0,47.166666666666664,True,1,0.11524316917507349,0.11435473274064319,0.0008884364344303036
1330156328,1028436479,psm,EVT-0111,2024-06-10,METABOLIC_GLP1_INJ,endocrinology,Southwest,180.5,181.33333333333334,True,1,0.2830870965801524,0.2848548787233563,0.0017677821432038887
1375349903,1257768279,psm,EVT-0111,2024-06-10,METABOLIC_GLP1_INJ,endocrinology,West,238.33333333333334,238.83333333333334,True,1,0.1364774101758611,0.1372039253986968,0.0007265152228357052
1394609428,,psm,EVT-0111,2024-06-10,METABOLIC_GLP1_INJ,endocrinology,Southwest,422.6666666666667,,False,,,,
1413519731,1412773438,psm,EVT-0111,2024-06-10,METABOLIC_GLP1_INJ,primary care,Southwest,326.5,330.6666666666667,True,1,0.2946087120413306,0.2946231967748231,1.448473349252577e-05
1497642888,1423753536,psm,EVT-0111,2024-06-10,METABOLIC_GLP1_INJ,endocrinology,Northeast,114.66666666666667,103.0,True,1,0.305600786306475,0.3029964675846426,0.0026043187218324215
1592123891,1058325303,psm,EVT-0111,2024-06-10,METABOLIC_GLP1_INJ,primary care,Northeast,158.16666666666666,165.0,True,1,0.22043659042016167,0.22862277471651835,0.008186184296356674
1639269087,1209566128,psm,EVT-0111,2024-06-10,METABOLIC_GLP1_INJ,primary care,Northeast,403.6666666666667,395.1666666666667,True,1,0.6049535777323606,0.5908935266955538,0.014060051036806742
1665478461,1261377760,psm,EVT-0111,2024-06-10,METABOLIC_GLP1_INJ,primary care,Northeast,172.16666666666666,170.83333333333334,True,1,0.23743557060468234,0.23577842264350488,0.0016571479611774687
1670560261,1352216182,psm,EVT-0111,2024-06-10,METABOLIC_GLP1_INJ,primary care,Southwest,199.5,177.0,True,1,0.29416741640574035,0.29408927432072735,7.81420850129999e-05
1670701188,1107378550,psm,EVT-0111,2024-06-10,METABOLIC_GLP1_INJ,cardiology,Southeast,173.5,167.5,True,1,0.07089891663878001,0.06842175260869272,0.002477164030087284
1689059347,1134632102,psm,EVT-0111,2024-06-10,METABOLIC_GLP1_INJ,primary care,Southwest,74.5,84.33333333333333,True,1,0.29373344700937476,0.29376757238132684,3.412537195207621e-05
1696806755,1337606333,psm,EVT-0111,2024-06-10,METABOLIC_GLP1_INJ,rheumatology,Midwest,68.5,62.666666666666664,True,1,0.10389419550588337,0.10871354715811574,0.004819351652232365
1702497342,1769333869,psm,EVT-0111,2024-06-10,METABOLIC_GLP1_INJ,endocrinology,Southeast,214.66666666666666,146.16666666666666,True,1,0.18533216256800056,0.17631801000524164,0.00901415256275892
1706991829,1801662945,psm,EVT-0111,2024-06-10,METABOLIC_GLP1_INJ,endocrinology,Midwest,91.0,90.83333333333333,True,1,0.12256885868474883,0.12258380527962363,1.4946594874803987e-05
1717519684,1225504491,psm,EVT-0111,2024-06-10,METABOLIC_GLP1_INJ,endocrinology,Midwest,194.33333333333334,185.83333333333334,True,1,0.1135996851363037,0.11431532196890445,0.0007156368326007578
1740626134,,psm,EVT-0111,2024-06-10,METABOLIC_GLP1_INJ,endocrinology,Southwest,199.66666666666666,,False,,,,
1747032997,1099946885,psm,EVT-0111,2024-06-10,METABOLIC_GLP1_INJ,primary care,Northeast,203.16666666666666,210.16666666666666,True,1,0.2781852330526099,0.2879595451181365,0.009774312065526591
1750236147,1830884742,psm,EVT-0111,2024-06-10,METABOLIC_GLP1_INJ,cardiology,Southwest,227.66666666666666,208.66666666666666,True,1,0.09679605360736099,0.08840395124009644,0.00839210236726455
1885387740,1174785596,psm,EVT-0111,2024-06-10,METABOLIC_GLP1_INJ,endocrinology,Northeast,157.83333333333334,162.0,True,1,0.3153444661317248,0.31629381178807797,0.0009493456563531844
1901019392,,psm,EVT-0111,2024-06-10,METABOLIC_GLP1_INJ,cardiology,West,636.1666666666666,,False,,,,
1903121188,1697855363,psm,EVT-0111,2024-06-10,METABOLIC_GLP1_INJ,pulmonology,Northeast,129.16666666666666,134.5,True,1,0.2164977020201557,0.2636107781328349,0.0471130761126792
1921646299,1285347583,psm,EVT-0111,2024-06-10,METABOLIC_GLP1_INJ,neurology,Southwest,150.16666666666666,146.5,True,1,0.06685322399628583,0.06552929827717342,0.001323925719112412
1939785840,,psm,EVT-0111,2024-06-10,METABOLIC_GLP1_INJ,endocrinology,Southwest,186.66666666666666,,False,,,,
1993463169,1305714580,psm,EVT-0111,2024-06-10,METABOLIC_GLP1_INJ,endocrinology,West,270.5,293.5,True,1,0.19013205619490295,0.23754064981620632,0.04740859362130337
1259584955,1580871600,psm,EVT-0112,2024-06-11,ONC_TARGETED_ORAL,oncology,Northeast,128.16666666666666,126.66666666666667,True,1,0.04518296603126367,0.045504952832585314,0.00032198680132164426
1326516303,,psm,EVT-0112,2024-06-11,ONC_TARGETED_ORAL,oncology,Southwest,317.3333333333333,,False,,,,
1358245029,1479311619,psm,EVT-0112,2024-06-11,ONC_TARGETED_ORAL,oncology,Midwest,187.0,182.16666666666666,True,1,0.03891948732909927,0.03810351780414864,0.0008159695249506313
1663073843,,psm,EVT-0112,2024-06-11,ONC_TARGETED_ORAL,oncology,Southwest,222.5,,False,,,,
1969914385,,psm,EVT-0112,2024-06-11,ONC_TARGETED_ORAL,oncology,West,241.16666666666666,,False,,,,
1009179924,1599978586,psm,EVT-0113,2024-06-12,CV_ANTICOAG_ORAL,cardiology,West,279.8333333333333,293.3333333333333,True,1,0.06314606786573641,0.068951037928216,0.005804970062479584
1031568581,1838576308,psm,EVT-0113,2024-06-12,CV_ANTICOAG_ORAL,pulmonology,Southeast,98.5,99.0,True,1,0.06205166615985198,0.06141657954589542,0.0006350866139565592
1038444141,1123562633,psm,EVT-0113,2024-06-12,CV_ANTICOAG_ORAL,oncology,Southeast,70.33333333333333,72.33333333333333,True,1,0.040155593717346304,0.03896856455799435,0.0011870291593519544
1074076039,1836894604,psm,EVT-0113,2024-06-12,CV_ANTICOAG_ORAL,cardiology,Southeast,190.0,194.0,True,1,0.18751648917010533,0.217817564185324,0.03030107501521867
1084919582,1892083019,psm,EVT-0113,2024-06-12,CV_ANTICOAG_ORAL,primary care,Southeast,143.5,126.33333333333333,True,1,0.0851224580693594,0.09675118238928188,0.01162872431992247
1159301823,1088938448,psm,EVT-0113,2024-06-12,CV_ANTICOAG_ORAL,oncology,West,87.33333333333333,92.0,True,1,0.056345740663904034,0.06139894699766019,0.005053206333756159
1163199601,1103232447,psm,EVT-0113,2024-06-12,CV_ANTICOAG_ORAL,neurology,Southwest,164.66666666666666,145.16666666666666,True,1,0.06902499331073093,0.06302714742495458,0.005997845885776357
1210642439,,psm,EVT-0113,2024-06-12,CV_ANTICOAG_ORAL,oncology,Southwest,403.5,,False,,,,
1213511599,,psm,EVT-0113,2024-06-12,CV_ANTICOAG_ORAL,primary care,Northeast,931.5,,False,,,,
1246066447,1892897319,psm,EVT-0113,2024-06-12,CV_ANTICOAG_ORAL,rheumatology,Southwest,237.5,261.3333333333333,True,1,0.1926668093433702,0.23384174997586055,0.04117494063249036
1257723886,,psm,EVT-0113,2024-06-12,CV_ANTICOAG_ORAL,endocrinology,Southwest,227.33333333333334,,False,,,,
1326516303,,psm,EVT-0113,2024-06-12,CV_ANTICOAG_ORAL,oncology,Southwest,400.6666666666667,,False,,,,
1394609428,,psm,EVT-0113,2024-06-12,CV_ANTICOAG_ORAL,endocrinology,Southwest,493.5,,False,,,,
1592123891,,psm,EVT-0113,2024-06-12,CV_ANTICOAG_ORAL,primary care,Northeast,405.1666666666667,,False,,,,
1647196991,1181599923,psm,EVT-0113,2024-06-12,CV_ANTICOAG_ORAL,rheumatology,Southeast,82.5,73.5,True,1,0.0836448660642398,0.08505311511213613,0.001408249047896326
1663073843,1271711891,psm,EVT-0113,2024-06-12,CV_ANTICOAG_ORAL,oncology,Southwest,65.33333333333333,58.666666666666664,True,1,0.13299895783461071,0.12181799429279991,0.011180963541810807
1710163217,1779918477,psm,EVT-0113,2024-06-12,CV_ANTICOAG_ORAL,cardiology,Northeast,235.66666666666666,238.66666666666666,True,1,0.09212070959256556,0.09587288595148714,0.003752176358921583
1743613295,1752055289,psm,EVT-0113,2024-06-12,CV_ANTICOAG_ORAL,oncology,Midwest,88.66666666666667,95.0,True,1,0.03609704148105385,0.035619277943776735,0.00047776353727711773
1793685516,,psm,EVT-0113,2024-06-12,CV_ANTICOAG_ORAL,cardiology,Southeast,269.0,,False,,,,
1808310134,1075689749,psm,EVT-0113,2024-06-12,CV_ANTICOAG_ORAL,rheumatology,Southwest,342.3333333333333,330.3333333333333,True,1,0.4132402691566168,0.3835608173543453,0.02967945180227155
1824149854,1973275377,psm,EVT-0113,2024-06-12,CV_ANTICOAG_ORAL,neurology,Southeast,163.66666666666666,135.33333333333334,True,1,0.06031064560562142,0.05073536468714812,0.009575280918473296
1893606271,1828766265,psm,EVT-0113,2024-06-12,CV_ANTICOAG_ORAL,oncology,Southwest,93.66666666666667,95.83333333333333,True,1,0.19045836996339258,0.19555187157280313,0.00509350160941055
1895078685,,psm,EVT-0113,2024-06-12,CV_ANTICOAG_ORAL,endocrinology,Southwest,409.5,,False,,,,
1903798589,1219172859,psm,EVT-0113,2024-06-12,CV_ANTICOAG_ORAL,primary care,Southwest,241.83333333333334,246.66666666666666,True,1,0.07704522787181842,0.07687114193985885,0.00017408593195956945
1025231352,1892307210,psm,EVT-0114,2024-06-14,RHEUM_JAK_ORAL,rheumatology,Northeast,309.1666666666667,239.16666666666666,True,1,0.10054428362443249,0.07074133926014621,0.02980294436428628
1435949049,1282327174,psm,EVT-0114,2024-06-14,RHEUM_JAK_ORAL,rheumatology,Northeast,518.0,528.0,True,1,0.26016754018124905,0.27086918530552645,0.010701645124277404
1590337907,,psm,EVT-0114,2024-06-14,RHEUM_JAK_ORAL,rheumatology,Northeast,594.1666666666666,,False,,,,
1595774286,,psm,EVT-0114,2024-06-14,RHEUM_JAK_ORAL,rheumatology,Midwest,543.1666666666666,,False,,,,
1647196991,,psm,EVT-0114,2024-06-14,RHEUM_JAK_ORAL,rheumatology,Southeast,664.0,,False,,,,
1944079924,,psm,EVT-0114,2024-06-14,RHEUM_JAK_ORAL,rheumatology,Southeast,777.0,,False,,,,
1328056928,1468815406,psm,EVT-0115,2024-06-17,ONC_TARGETED_ORAL,oncology,Northeast,287.1666666666667,295.3333333333333,True,1,0.06827018262414886,0.07245704846223905,0.004186865838090192
1340345143,1384158410,psm,EVT-0115,2024-06-17,ONC_TARGETED_ORAL,oncology,Southeast,331.5,351.0,True,1,0.17186073136874397,0.20906306341226571,0.037202332043521746
1407931751,1480599715,psm,EVT-0115,2024-06-17,ONC_TARGETED_ORAL,oncology,Midwest,148.66666666666666,146.33333333333334,True,1,0.03572133270300619,0.03574131151508201,1.997881207582014e-05
1840863041,,psm,EVT-0115,2024-06-17,ONC_TARGETED_ORAL,oncology,Southeast,387.0,,False,,,,
1046736322,1769234364,psm,EVT-0116,2024-06-18,PC_ANTIHYPERTENSIVE,primary care,Southwest,245.5,252.5,True,1,0.46217959831858607,0.46164603798121234,0.0005335603373737285
1048976678,,psm,EVT-0116,2024-06-18,PC_ANTIHYPERTENSIVE,primary care,Southeast,508.5,,False,,,,
1098995024,1473494189,psm,EVT-0116,2024-06-18,PC_ANTIHYPERTENSIVE,primary care,Northeast,167.66666666666666,168.66666666666666,True,1,0.12213664346837355,0.12256513782139193,0.0004284943530183799
1145899849,1355374483,psm,EVT-0116,2024-06-18,PC_ANTIHYPERTENSIVE,primary care,West,384.5,378.8333333333333,True,1,0.28341362948432086,0.2489259434344091,0.03448768604991176
1180932224,,psm,EVT-0116,2024-06-18,PC_ANTIHYPERTENSIVE,primary care,Southeast,635.3333333333334,,False,,,,
1190842652,1289174306,psm,EVT-0116,2024-06-18,PC_ANTIHYPERTENSIVE,primary care,Southwest,191.5,188.33333333333334,True,1,0.46629845653710217,0.46654014273373545,0.00024168619663328395
1209829039,1783823739,psm,EVT-0116,2024-06-18,PC_ANTIHYPERTENSIVE,primary care,Southwest,666.0,765.6666666666666,True,1,0.43032474439220336,0.42284840763135545,0.0074763367608479125
1268222167,1356982086,psm,EVT-0116,2024-06-18,PC_ANTIHYPERTENSIVE,primary care,Midwest,336.6666666666667,335.1666666666667,True,1,0.5586846841251838,0.5538965752378228,0.004788108887361031
1271768685,1548652282,psm,EVT-0116,2024-06-18,PC_ANTIHYPERTENSIVE,primary care,Midwest,456.0,480.3333333333333,True,1,0.8555833161785937,0.890295868356388,0.03471255217779423
1280087226,,psm,EVT-0116,2024-06-18,PC_ANTIHYPERTENSIVE,primary care,Northeast,959.8333333333334,,False,,,,
1296552940,1767508967,psm,EVT-0116,2024-06-18,PC_ANTIHYPERTENSIVE,primary care,Northeast,379.3333333333333,411.3333333333333,True,1,0.2445832441760444,0.26893733648831386,0.024354092312269454
1311764207,,psm,EVT-0116,2024-06-18,PC_ANTIHYPERTENSIVE,primary care,Midwest,372.1666666666667,,False,,,,
1385532449,,psm,EVT-0116,2024-06-18,PC_ANTIHYPERTENSIVE,primary care,Southeast,645.6666666666666,,False,,,,
1397955463,,psm,EVT-0116,2024-06-18,PC_ANTIHYPERTENSIVE,primary care,Southeast,575.1666666666666,,False,,,,
1423152481,1363342464,psm,EVT-0116,2024-06-18,PC_ANTIHYPERTENSIVE,primary care,Southeast,540.0,541.5,True,1,0.7031628168769584,0.7047524960522836,0.0015896791753252648
1425340662,1134632102,psm,EVT-0116,2024-06-18,PC_ANTIHYPERTENSIVE,primary care,Southwest,447.0,453.6666666666667,True,1,0.44686010744982174,0.4463548172722996,0.0005052901775221552
1425610817,1057676243,psm,EVT-0116,2024-06-18,PC_ANTIHYPERTENSIVE,primary care,Southeast,215.16666666666666,210.16666666666666,True,1,0.31228073708780507,0.3068463100424524,0.0054344270453526855
1456299035,1512866082,psm,EVT-0116,2024-06-18,PC_ANTIHYPERTENSIVE,primary care,Southeast,248.83333333333334,257.5,True,1,0.35017451211496226,0.3602684007983746,0.010093888683412322
1488515010,,psm,EVT-0116,2024-06-18,PC_ANTIHYPERTENSIVE,primary care,Midwest,292.5,,False,,,,
1506356074,1275443434,psm,EVT-0116,2024-06-18,PC_ANTIHYPERTENSIVE,primary care,Midwest,197.83333333333334,209.16666666666666,True,1,0.17370269835155983,0.19575449116821744,0.022051792816657617
1546151204,1251202242,psm,EVT-0116,2024-06-18,PC_ANTIHYPERTENSIVE,primary care,Northeast,317.6666666666667,329.5,True,1,0.20200834807286122,0.20972741452942792,0.007719066456566698
1595301304,1625192632,psm,EVT-0116,2024-06-18,PC_ANTIHYPERTENSIVE,primary care,Southwest,429.0,131.16666666666666,True,1,0.44822493651284107,0.4709058057848626,0.02268086927202151
1610820601,,psm,EVT-0116,2024-06-18,PC_ANTIHYPERTENSIVE,primary care,Midwest,326.5,,False,,,,
1613561947,,psm,EVT-0116,2024-06-18,PC_ANTIHYPERTENSIVE,primary care,Southeast,470.5,,False,,,,
1689059347,1219172859,psm,EVT-0116,2024-06-18,PC_ANTIHYPERTENSIVE,primary care,Southwest,239.83333333333334,222.5,True,1,0.4626115916331053,0.46393332871013143,0.0013217370770261527
1707435529,,psm,EVT-0116,2024-06-18,PC_ANTIHYPERTENSIVE,primary care,Southeast,461.0,,False,,,,
1721479586,,psm,EVT-0116,2024-06-18,PC_ANTIHYPERTENSIVE,primary care,West,449.3333333333333,,False,,,,
1732527431,1892083019,psm,EVT-0116,2024-06-18,PC_ANTIHYPERTENSIVE,primary care,Southeast,414.1666666666667,393.3333333333333,True,1,0.5553969915238107,0.5291063392363707,0.026290652287439986
1803233885,1364720148,psm,EVT-0116,2024-06-18,PC_ANTIHYPERTENSIVE,primary care,Southeast,377.5,365.0,True,1,0.5090089006023988,0.4931186720840138,0.015890228518385008
1806479196,1412773438,psm,EVT-0116,2024-06-18,PC_ANTIHYPERTENSIVE,primary care,Southwest,573.5,773.1666666666666,True,1,0.43729210573328287,0.4222871897620723,0.015004915971210564
1815807585,,psm,EVT-0116,2024-06-18,PC_ANTIHYPERTENSIVE,primary care,Southeast,639.1666666666666,,False,,,,
1848624494,,psm,EVT-0116,2024-06-18,PC_ANTIHYPERTENSIVE,primary care,Midwest,367.6666666666667,,False,,,,
1903798589,1352216182,psm,EVT-0116,2024-06-18,PC_ANTIHYPERTENSIVE,primary care,Southwest,364.5,396.1666666666667,True,1,0.45312183954526103,0.45071648151733124,0.0024053580279297937
1922670785,,psm,EVT-0116,2024-06-18,PC_ANTIHYPERTENSIVE,primary care,Southeast,431.1666666666667,,False,,,,
1924355757,1812123887,psm,EVT-0116,2024-06-18,PC_ANTIHYPERTENSIVE,primary care,Southwest,432.5,439.0,True,1,0.4479594913397838,0.4474666005149872,0.000492890824796588
1955620046,,psm,EVT-0116,2024-06-18,PC_ANTIHYPERTENSIVE,primary care,Southeast,487.3333333333333,,False,,,,
1120302413,1584097178,psm,EVT-0117,2024-06-20,ONC_TARGETED_ORAL,oncology,Southeast,212.16666666666666,213.5,True,1,0.14732235343430689,0.14819646178600532,0.0008741083516984327
1240190284,,psm,EVT-0117,2024-06-20,ONC_TARGETED_ORAL,oncology,Southwest,347.0,,False,,,,
1259584955,1580871600,psm,EVT-0117,2024-06-20,ONC_TARGETED_ORAL,oncology,Northeast,128.16666666666666,126.66666666666667,True,1,0.08209892711390296,0.08219107920710453,9.215209320156958e-05
1358340028,1309185530,psm,EVT-0117,2024-06-20,ONC_TARGETED_ORAL,oncology,Southeast,134.33333333333334,130.0,True,1,0.10331106559177831,0.10123981106670223,0.0020712545250760883
1407931751,1480599715,psm,EVT-0117,2024-06-20,ONC_TARGETED_ORAL,oncology,Midwest,148.66666666666666,146.33333333333334,True,1,0.07079944197817126,0.07056117657520486,0.00023826540296639775
1704492101,1448589550,psm,EVT-0117,2024-06-20,ONC_TARGETED_ORAL,oncology,Southeast,190.66666666666666,194.66666666666666,True,1,0.13380934226541977,0.13624142779358236,0.0024320855281625975
1719186219,,psm,EVT-0117,2024-06-20,ONC_TARGETED_ORAL,oncology,West,263.0,,False,,,,
1737256036,1479311619,psm,EVT-0117,2024-06-20,ONC_TARGETED_ORAL,oncology,Midwest,172.16666666666666,182.16666666666666,True,1,0.0732408638539975,0.07430310575769997,0.0010622419037024655
1811081532,1294882026,psm,EVT-0117,2024-06-20,ONC_TARGETED_ORAL,oncology,Northeast,189.5,193.0,True,1,0.07841065076287702,0.07820481673495654,0.00020583402792048733
1840863041,1384158410,psm,EVT-0117,2024-06-20,ONC_TARGETED_ORAL,oncology,Southeast,387.0,351.0,True,1,0.30036436460730637,0.26250638529138076,0.037857979315925605
1009179924,1599978586,psm,EVT-0118,2024-06-20,CARD_HF_ARNI,cardiology,West,367.5,364.5,True,1,0.2664692737913024,0.26309162415564047,0.00337764963566195
1015191335,1779918477,psm,EVT-0118,2024-06-20,CARD_HF_ARNI,cardiology,Northeast,186.83333333333334,185.0,True,1,0.13817745534044049,0.13728600205529223,0.0008914532851482526
1123148250,1323611925,psm,EVT-0118,2024-06-20,CARD_HF_ARNI,cardiology,Southwest,254.66666666666666,250.16666666666666,True,1,0.2882030857483903,0.2822910584188709,0.005912027329519398
1265952337,1860037419,psm,EVT-0118,2024-06-20,CARD_HF_ARNI,cardiology,Northeast,481.0,471.6666666666667,True,1,0.3483959725240667,0.3397718597593063,0.008624112764760383
1299418347,1331020234,psm,EVT-0118,2024-06-20,CARD_HF_ARNI,cardiology,Northeast,397.0,406.6666666666667,True,1,0.27487642116150895,0.28283504631180745,0.007958625150298493
1300832031,1850313960,psm,EVT-0118,2024-06-20,CARD_HF_ARNI,cardiology,West,173.33333333333334,176.83333333333334,True,1,0.10568602413777232,0.10761459669360376,0.0019285725558314398
1341556789,,psm,EVT-0118,2024-06-20,CARD_HF_ARNI,cardiology,West,1187.5,,False,,,,
1444774099,1458345984,psm,EVT-0118,2024-06-20,CARD_HF_ARNI,cardiology,West,167.66666666666666,180.0,True,1,0.10262818008192051,0.10938609585464634,0.006757915772725831
1610177150,,psm,EVT-0118,2024-06-20,CARD_HF_ARNI,cardiology,Southeast,477.3333333333333,,False,,,,
1631526641,1234567687,psm,EVT-0118,2024-06-20,CARD_HF_ARNI,cardiology,Southwest,217.0,236.33333333333334,True,1,0.24106437173727432,0.2645858411657852,0.023521469428510883
1648553570,1823309871,psm,EVT-0118,2024-06-20,CARD_HF_ARNI,cardiology,Southwest,356.5,348.8333333333333,True,1,0.4383383277647587,0.4262144832565988,0.012123844508159898
1670701188,,psm,EVT-0118,2024-06-20,CARD_HF_ARNI,cardiology,Southeast,520.8333333333334,,False,,,,
1710163217,1871372714,psm,EVT-0118,2024-06-20,CARD_HF_ARNI,cardiology,Northeast,282.1666666666667,282.3333333333333,True,1,0.19151667216778814,0.19162235389005564,0.00010568172226749217
1714986282,1306006622,psm,EVT-0118,2024-06-20,CARD_HF_ARNI,cardiology,West,240.0,247.0,True,1,0.1480454470762081,0.15322481749144376,0.005179370415235668
1760628762,1440623548,psm,EVT-0118,2024-06-20,CARD_HF_ARNI,cardiology,Southwest,216.33333333333334,186.66666666666666,True,1,0.24027927747337552,0.2071284095327907,0.033150867940584805
1901019392,,psm,EVT-0118,2024-06-20,CARD_HF_ARNI,cardiology,West,811.8333333333334,,False,,,,
1923786978,1836894604,psm,EVT-0118,2024-06-20,CARD_HF_ARNI,cardiology,Southeast,300.5,289.6666666666667,True,1,0.1510401651913709,0.12457851013093905,0.02646165506043184
1934829601,,psm,EVT-0118,2024-06-20,CARD_HF_ARNI,cardiology,Midwest,406.5,,False,,,,
1036718538,1507069536,psm,EVT-0119,2024-06-21,CV_ANTICOAG_ORAL,endocrinology,Southwest,63.333333333333336,53.666666666666664,True,1,0.15982742088707177,0.18705128175631838,0.027223860869246608
1058647219,,psm,EVT-0119,2024-06-21,CV_ANTICOAG_ORAL,pulmonology,Northeast,226.16666666666666,,False,,,,
1101185407,1529045985,psm,EVT-0119,2024-06-21,CV_ANTICOAG_ORAL,primary care,Midwest,146.83333333333334,151.66666666666666,True,1,0.09083247043382019,0.10236271600344651,0.011530245569626327
1133130363,1099946885,psm,EVT-0119,2024-06-21,CV_ANTICOAG_ORAL,primary care,Northeast,200.5,187.66666666666666,True,1,0.14427342424089243,0.10749920055309324,0.03677422368779919
1137408567,,psm,EVT-0119,2024-06-21,CV_ANTICOAG_ORAL,endocrinology,Northeast,696.6666666666666,,False,,,,
1144669185,,psm,EVT-0119,2024-06-21,CV_ANTICOAG_ORAL,primary care,Northeast,736.5,,False,,,,
1198262952,,psm,EVT-0119,2024-06-21,CV_ANTICOAG_ORAL,pulmonology,Northeast,217.33333333333334,,False,,,,
1200480071,,psm,EVT-0119,2024-06-21,CV_ANTICOAG_ORAL,primary care,Northeast,918.6666666666666,,False,,,,
1238983617,1782341873,psm,EVT-0119,2024-06-21,CV_ANTICOAG_ORAL,pulmonology,Southeast,149.16666666666666,146.5,True,1,0.04003228986594459,0.040088759901791476,5.6470035846883926e-05
1271768685,,psm,EVT-0119,2024-06-21,CV_ANTICOAG_ORAL,primary care,Midwest,252.33333333333334,,False,,,,
1273912869,1105435741,psm,EVT-0119,2024-06-21,CV_ANTICOAG_ORAL,rheumatology,Northeast,157.5,166.0,True,1,0.10373256078893264,0.10417557190517679,0.00044301111624414635
1299418347,1350739367,psm,EVT-0119,2024-06-21,CV_ANTICOAG_ORAL,cardiology,Northeast,101.66666666666667,93.66666666666667,True,1,0.10059834429106165,0.1150854576662193,0.01448711337515765
1327009084,1738266356,psm,EVT-0119,2024-06-21,CV_ANTICOAG_ORAL,neurology,Southwest,96.5,96.83333333333333,True,1,0.10838492990092863,0.1082131236843795,0.00017180621654912243
1456207657,,psm,EVT-0119,2024-06-21,CV_ANTICOAG_ORAL,primary care,Midwest,312.1666666666667,,False,,,,
1511742359,1535323178,psm,EVT-0119,2024-06-21,CV_ANTICOAG_ORAL,oncology,Northeast,173.66666666666666,172.66666666666666,True,1,0.07691996690768829,0.07574648570396642,0.0011734812037218767
1567742360,,psm,EVT-0119,2024-06-21,CV_ANTICOAG_ORAL,primary care,West,366.0,,False,,,,
1567993435,1071299832,psm,EVT-0119,2024-06-21,CV_ANTICOAG_ORAL,neurology,Northeast,67.66666666666667,68.0,True,1,0.24403859330019287,0.24136519177892976,0.002673401521263108
1598661571,1150502551,psm,EVT-0119,2024-06-21,CV_ANTICOAG_ORAL,rheumatology,Northeast,224.0,241.33333333333334,True,1,0.1072433054450777,0.10817540858480207,0.0009321031397243745
1636376422,1529873311,psm,EVT-0119,2024-06-21,CV_ANTICOAG_ORAL,neurology,Southwest,66.5,69.5,True,1,0.12485589148530234,0.12311682498875116,0.0017390664965511726
1647196991,1181599923,psm,EVT-0119,2024-06-21,CV_ANTICOAG_ORAL,rheumatology,Southeast,82.5,73.5,True,1,0.0836448660642398,0.08505311511213613,0.001408249047896326
1670701188,,psm,EVT-0119,2024-06-21,CV_ANTICOAG_ORAL,cardiology,Southeast,311.6666666666667,,False,,,,
1719574174,,psm,EVT-0119,2024-06-21,CV_ANTICOAG_ORAL,neurology,Midwest,167.33333333333334,,False,,,,
1738903891,,psm,EVT-0119,2024-06-21,CV_ANTICOAG_ORAL,endocrinology,Southeast,542.6666666666666,,False,,,,
1740047711,1892083019,psm,EVT-0119,2024-06-21,CV_ANTICOAG_ORAL,primary care,Southeast,147.0,126.33333333333333,True,1,0.14312584068523992,0.14805944213460934,0.0049336014493694125
1774691384,,psm,EVT-0119,2024-06-21,CV_ANTICOAG_ORAL,neurology,Northeast,60.666666666666664,,False,,,,
1815807585,1057676243,psm,EVT-0119,2024-06-21,CV_ANTICOAG_ORAL,primary care,Southeast,216.16666666666666,210.5,True,1,0.12760386796963757,0.12881946134507463,0.0012155933754370574
1841791217,,psm,EVT-0119,2024-06-21,CV_ANTICOAG_ORAL,neurology,Midwest,161.5,,False,,,,
1844747141,,psm,EVT-0119,2024-06-21,CV_ANTICOAG_ORAL,primary care,West,249.33333333333334,,False,,,,
1934277181,1342938887,psm,EVT-0119,2024-06-21,CV_ANTICOAG_ORAL,neurology,Southeast,56.666666666666664,55.833333333333336,True,1,0.09827429522021956,0.10031715275111873,0.002042857530899167
1964945871,1805422742,psm,EVT-0119,2024-06-21,CV_ANTICOAG_ORAL,endocrinology,Northeast,242.16666666666666,260.3333333333333,True,1,0.11345999828181667,0.13987191982159036,0.02641192153977369
1040239976,1674708775,psm,EVT-0120,2024-06-26,RHEUM_JAK_ORAL,rheumatology,Northeast,429.3333333333333,449.6666666666667,True,1,0.19951381242744773,0.2109607489502979,0.01144693652285017
1073902250,1641859123,psm,EVT-0120,2024-06-26,RHEUM_JAK_ORAL,rheumatology,West,348.0,346.3333333333333,True,1,0.08186528542336899,0.08134211400172642,0.0005231714216425709
1194203331,,psm,EVT-0120,2024-06-26,RHEUM_JAK_ORAL,rheumatology,Southeast,351.6666666666667,,False,,,,
1196400158,1337789832,psm,EVT-0120,2024-06-26,RHEUM_JAK_ORAL,rheumatology,Southeast,229.0,214.83333333333334,True,1,0.16671186157172066,0.11994522877790374,0.04676663279381692
1199976907,1892307210,psm,EVT-0120,2024-06-26,RHEUM_JAK_ORAL,rheumatology,Northeast,295.0,239.16666666666666,True,1,0.13551376254430728,0.11447724837355205,0.02103651417075522
1246066447,,psm,EVT-0120,2024-06-26,RHEUM_JAK_ORAL,rheumatology,Southwest,553.0,,False,,,,
1595774286,,psm,EVT-0120,2024-06-26,RHEUM_JAK_ORAL,rheumatology,Midwest,543.1666666666666,,False,,,,
1944079924,,psm,EVT-0120,2024-06-26,RHEUM_JAK_ORAL,rheumatology,Southeast,777.0,,False,,,,
1993874985,1109634414,psm,EVT-0120,2024-06-26,RHEUM_JAK_ORAL,rheumatology,Northeast,476.1666666666667,492.5,True,1,0.2265904621395867,0.23662354242748745,0.010033080287900759
1009179924,,psm,EVT-0121,2024-06-27,METABOLIC_GLP1_INJ,cardiology,West,263.0,,False,,,,
1019230758,1622391112,psm,EVT-0121,2024-06-27,METABOLIC_GLP1_INJ,neurology,Southwest,65.83333333333333,64.16666666666667,True,1,0.07101661957153947,0.07237123008935015,0.0013546105178106754
1025231352,,psm,EVT-0121,2024-06-27,METABOLIC_GLP1_INJ,rheumatology,Northeast,438.5,,False,,,,
1048976678,1572180861,psm,EVT-0121,2024-06-27,METABOLIC_GLP1_INJ,primary care,Southeast,158.66666666666666,147.33333333333334,True,1,0.16160861020377598,0.15641753080955223,0.005191079394223752
1065870788,,psm,EVT-0121,2024-06-27,METABOLIC_GLP1_INJ,primary care,Southwest,230.33333333333334,,False,,,,
1082909627,1057676243,psm,EVT-0121,2024-06-27,METABOLIC_GLP1_INJ,primary care,Southeast,180.5,214.83333333333334,True,1,0.1719998347927138,0.18939983232916965,0.017399997536455852
1124726435,,psm,EVT-0121,2024-06-27,METABOLIC_GLP1_INJ,primary care,Northeast,595.5,,False,,,,
1133130363,,psm,EVT-0121,2024-06-27,METABOLIC_GLP1_INJ,primary care,Northeast,430.1666666666667,,False,,,,
1136500869,1990401386,psm,EVT-0121,2024-06-27,METABOLIC_GLP1_INJ,endocrinology,Southeast,67.33333333333333,73.33333333333333,True,1,0.12953516226585718,0.10154001320700491,0.027995149058852267
1137408567,,psm,EVT-0121,2024-06-27,METABOLIC_GLP1_INJ,endocrinology,Northeast,370.3333333333333,,False,,,,
1204787067,1788421810,psm,EVT-0121,2024-06-27,METABOLIC_GLP1_INJ,neurology,Northeast,68.83333333333333,69.33333333333333,True,1,0.09171122513536102,0.0904719075546694,0.0012393175806916235
1240190284,1788668972,psm,EVT-0121,2024-06-27,METABOLIC_GLP1_INJ,oncology,Southwest,101.0,90.83333333333333,True,1,0.12046980691093608,0.09695249735775606,0.023517309553180016
1246066447,,psm,EVT-0121,2024-06-27,METABOLIC_GLP1_INJ,rheumatology,Southwest,435.8333333333333,,False,,,,
1257723886,1598998692,psm,EVT-0121,2024-06-27,METABOLIC_GLP1_INJ,endocrinology,Southwest,87.0,86.66666666666667,True,1,0.21279681924645355,0.21286872419542668,7.190494897313382e-05
1271768685,,psm,EVT-0121,2024-06-27,METABOLIC_GLP1_INJ,primary care,Midwest,312.1666666666667,,False,,,,
1413519731,1412773438,psm,EVT-0121,2024-06-27,METABOLIC_GLP1_INJ,primary care,Southwest,326.5,330.6666666666667,True,1,0.4428653016547145,0.4480733488009738,0.005208047146259331
1423152481,1364720148,psm,EVT-0121,2024-06-27,METABOLIC_GLP1_INJ,primary care,Southeast,408.1666666666667,381.6666666666667,True,1,0.3118098392066766,0.29267144592195876,0.019138393284717836
1433980129,,psm,EVT-0121,2024-06-27,METABOLIC_GLP1_INJ,pulmonology,Northeast,209.33333333333334,,False,,,,
1497642888,1708639657,psm,EVT-0121,2024-06-27,METABOLIC_GLP1_INJ,endocrinology,Northeast,114.66666666666667,108.16666666666667,True,1,0.13532576628704304,0.1293126308411737,0.006013135445869344
1516074709,,psm,EVT-0121,2024-06-27,METABOLIC_GLP1_INJ,cardiology,Southwest,304.6666666666667,,False,,,,
1557944620,1352216182,psm,EVT-0121,2024-06-27,METABOLIC_GLP1_INJ,primary care,Southwest,189.66666666666666,177.0,True,1,0.28456840397204497,0.271701859888023,0.012866544084021991
1688976343,,psm,EVT-0121,2024-06-27,METABOLIC_GLP1_INJ,pulmonology,Southeast,300.1666666666667,,False,,,,
1689059347,1134632102,psm,EVT-0121,2024-06-27,METABOLIC_GLP1_INJ,primary care,Southwest,74.5,84.33333333333333,True,1,0.18173288907573099,0.18924942477412196,0.007516535698390975
1740626134,1028436479,psm,EVT-0121,2024-06-27,METABOLIC_GLP1_INJ,endocrinology,Southwest,199.66666666666666,181.33333333333334,True,1,0.1895071096997804,0.1931593992982757,0.003652289598495284
1806479196,,psm,EVT-0121,2024-06-27,METABOLIC_GLP1_INJ,primary care,Southwest,457.0,,False,,,,
1857629178,1275723975,psm,EVT-0121,2024-06-27,METABOLIC_GLP1_INJ,oncology,West,90.0,83.33333333333333,True,1,0.06532326971268851,0.055488074714364004,0.009835194998324505
1964945871,1736538384,psm,EVT-0121,2024-06-27,METABOLIC_GLP1_INJ,endocrinology,Northeast,206.83333333333334,202.83333333333334,True,1,0.24751386017715596,0.24155901864042276,0.005954841536733202
1026722938,,psm,EVT-0122,2024-07-03,CV_ANTICOAG_ORAL,endocrinology,Midwest,416.0,,False,,,,
1074076039,1836894604,psm,EVT-0122,2024-07-03,CV_ANTICOAG_ORAL,cardiology,Southeast,190.66666666666666,191.0,True,1,0.21038466096126085,0.21082914014432375,0.0004444791830628958
1076376403,1299832539,psm,EVT-0122,2024-07-03,CV_ANTICOAG_ORAL,endocrinology,Northeast,209.66666666666666,208.83333333333334,True,1,0.08961772375325458,0.08925466734668891,0.0003630564065656705
1078096579,,psm,EVT-0122,2024-07-03,CV_ANTICOAG_ORAL,cardiology,Midwest,422.5,,False,,,,
1124890801,1209566128,psm,EVT-0122,2024-07-03,CV_ANTICOAG_ORAL,primary care,Northeast,268.8333333333333,266.0,True,1,0.6683191347807811,0.647643860588966,0.02067527419181514
1133130363,,psm,EVT-0122,2024-07-03,CV_ANTICOAG_ORAL,primary care,Northeast,205.16666666666666,,False,,,,
1240190284,,psm,EVT-0122,2024-07-03,CV_ANTICOAG_ORAL,oncology,Southwest,154.83333333333334,,False,,,,
1267903205,1225504491,psm,EVT-0122,2024-07-03,CV_ANTICOAG_ORAL,endocrinology,Midwest,74.0,74.66666666666667,True,1,0.11793732845144833,0.11822794798035346,0.00029061952890513387
1271463741,1279684447,psm,EVT-0122,2024-07-03,CV_ANTICOAG_ORAL,primary care,West,106.0,106.16666666666667,True,1,0.04017779897940012,0.04018820020860471,1.0401229204592966e-05
1278315217,1918398995,psm,EVT-0122,2024-07-03,CV_ANTICOAG_ORAL,oncology,Midwest,76.0,75.66666666666667,True,1,0.0401645835272772,0.04023002033783143,6.543681055422995e-05
1279255164,1260279835,psm,EVT-0122,2024-07-03,CV_ANTICOAG_ORAL,cardiology,Midwest,100.33333333333333,99.16666666666667,True,1,0.03990715688560559,0.039213993586903306,0.0006931632987022818
1279507085,1892897319,psm,EVT-0122,2024-07-03,CV_ANTICOAG_ORAL,rheumatology,Southwest,211.66666666666666,274.0,True,1,0.0909355251881769,0.0917495222624676,0.0008139970742907093
1286477181,,psm,EVT-0122,2024-07-03,CV_ANTICOAG_ORAL,cardiology,Midwest,325.1666666666667,,False,,,,
1328056928,1693350831,psm,EVT-0122,2024-07-03,CV_ANTICOAG_ORAL,oncology,Northeast,104.33333333333333,109.33333333333333,True,1,0.04184129281569504,0.0421994059309094,0.00035811311521435907
1361521440,1785926670,psm,EVT-0122,2024-07-03,CV_ANTICOAG_ORAL,endocrinology,Midwest,141.83333333333334,149.5,True,1,0.1508234212978134,0.15497996359624475,0.004156542298431348
1456207657,,psm,EVT-0122,2024-07-03,CV_ANTICOAG_ORAL,primary care,Midwest,317.5,,False,,,,
1516074709,,psm,EVT-0122,2024-07-03,CV_ANTICOAG_ORAL,cardiology,Southwest,265.3333333333333,,False,,,,
1595774286,,psm,EVT-0122,2024-07-03,CV_ANTICOAG_ORAL,rheumatology,Midwest,231.33333333333334,,False,,,,
1631526641,,psm,EVT-0122,2024-07-03,CV_ANTICOAG_ORAL,cardiology,Southwest,258.8333333333333,,False,,,,
1683943777,1176034100,psm,EVT-0122,2024-07-03,CV_ANTICOAG_ORAL,cardiology,West,163.5,151.5,True,1,0.03773437114797761,0.037008386833972166,0.0007259843140054456
1704331150,1257768279,psm,EVT-0122,2024-07-03,CV_ANTICOAG_ORAL,endocrinology,West,277.0,200.0,True,1,0.06511990582628117,0.040298030414612385,0.02482187541166879
1732527431,1804484495,psm,EVT-0122,2024-07-03,CV_ANTICOAG_ORAL,primary care,Southeast,262.5,260.5,True,1,0.08255934789338967,0.08186438910529166,0.0006949587880980129
1738903891,,psm,EVT-0122,2024-07-03,CV_ANTICOAG_ORAL,endocrinology,Southeast,578.1666666666666,,False,,,,
1848624494,,psm,EVT-0122,2024-07-03,CV_ANTICOAG_ORAL,primary care,Midwest,638.3333333333334,,False,,,,
1857629178,1980850634,psm,EVT-0122,2024-07-03,CV_ANTICOAG_ORAL,oncology,West,52.666666666666664,55.0,True,1,0.04864570603144121,0.04722887850550306,0.0014168275259381496
1889776344,,psm,EVT-0122,2024-07-03,CV_ANTICOAG_ORAL,pulmonology,Northeast,296.5,,False,,,,
1923786978,1743431961,psm,EVT-0122,2024-07-03,CV_ANTICOAG_ORAL,cardiology,Southeast,84.66666666666667,86.83333333333333,True,1,0.10222052285483424,0.10382638508475787,0.0016058622299236353
1949335115,1694658844,psm,EVT-0122,2024-07-03,CV_ANTICOAG_ORAL,endocrinology,Southeast,216.16666666666666,217.83333333333334,True,1,0.11300451192382975,0.11523111415552752,0.0022266022316977663
1989798412,,psm,EVT-0122,2024-07-03,CV_ANTICOAG_ORAL,primary care,Southwest,507.8333333333333,,False,,,,
1002145427,1209566128,psm,EVT-0123,2024-07-04,PC_ANTIHYPERTENSIVE,primary care,Northeast,633.1666666666666,650.8333333333334,True,1,0.8549517183533284,0.8687610426390665,0.013809324285738112
1018018261,,psm,EVT-0123,2024-07-04,PC_ANTIHYPERTENSIVE,primary care,Northeast,577.8333333333334,,False,,,,
1048976678,,psm,EVT-0123,2024-07-04,PC_ANTIHYPERTENSIVE,primary care,Southeast,517.5,,False,,,,
1065870788,1352216182,psm,EVT-0123,2024-07-04,PC_ANTIHYPERTENSIVE,primary care,Southwest,385.5,404.3333333333333,True,1,0.264595695252747,0.259290042094622,0.005305653158125034
1084471394,1058325303,psm,EVT-0123,2024-07-04,PC_ANTIHYPERTENSIVE,primary care,Northeast,281.5,280.6666666666667,True,1,0.36900869499676253,0.3677348056711625,0.0012738893256000194
1084919582,,psm,EVT-0123,2024-07-04,PC_ANTIHYPERTENSIVE,primary care,Southeast,493.3333333333333,,False,,,,
1124726435,,psm,EVT-0123,2024-07-04,PC_ANTIHYPERTENSIVE,primary care,Northeast,451.0,,False,,,,
1133130363,1767508967,psm,EVT-0123,2024-07-04,PC_ANTIHYPERTENSIVE,primary care,Northeast,408.6666666666667,412.1666666666667,True,1,0.5742012677162024,0.5798135883381434,0.005612320621941058
1144669185,,psm,EVT-0123,2024-07-04,PC_ANTIHYPERTENSIVE,primary care,Northeast,843.1666666666666,,False,,,,
1200480071,1251202242,psm,EVT-0123,2024-07-04,PC_ANTIHYPERTENSIVE,primary care,Northeast,318.5,325.6666666666667,True,1,0.4271761357114451,0.4387351796488733,0.011559043937428237
1213511599,,psm,EVT-0123,2024-07-04,PC_ANTIHYPERTENSIVE,primary care,Northeast,1052.0,,False,,,,
1241711534,1572180861,psm,EVT-0123,2024-07-04,PC_ANTIHYPERTENSIVE,primary care,Southeast,157.5,162.5,True,1,0.36885384289494094,0.37091209326147895,0.002058250366538006
1263807582,,psm,EVT-0123,2024-07-04,PC_ANTIHYPERTENSIVE,primary care,Northeast,859.5,,False,,,,
1264333323,,psm,EVT-0123,2024-07-04,PC_ANTIHYPERTENSIVE,primary care,Northeast,718.0,,False,,,,
1271768685,1548652282,psm,EVT-0123,2024-07-04,PC_ANTIHYPERTENSIVE,primary care,Midwest,460.5,464.8333333333333,True,1,0.715461790577882,0.7328714446208917,0.01740965404300976
1296552940,,psm,EVT-0123,2024-07-04,PC_ANTIHYPERTENSIVE,primary care,Northeast,368.8333333333333,,False,,,,
1315385710,,psm,EVT-0123,2024-07-04,PC_ANTIHYPERTENSIVE,primary care,Northeast,1278.1666666666667,,False,,,,
1321405205,1296624285,psm,EVT-0123,2024-07-04,PC_ANTIHYPERTENSIVE,primary care,West,207.0,209.83333333333334,True,1,0.045726922905997634,0.04718145611544682,0.001454533209449188
1334266016,1812123887,psm,EVT-0123,2024-07-04,PC_ANTIHYPERTENSIVE,primary care,Southwest,385.5,425.0,True,1,0.264595695252747,0.25354806463573226,0.011047630617014748
1389159553,1512866082,psm,EVT-0123,2024-07-04,PC_ANTIHYPERTENSIVE,primary care,Southeast,234.0,243.0,True,1,0.4008267345722276,0.40465032297922404,0.0038235884069964254
1418997171,,psm,EVT-0123,2024-07-04,PC_ANTIHYPERTENSIVE,primary care,Northeast,554.8333333333334,,False,,,,
1423152481,1363342464,psm,EVT-0123,2024-07-04,PC_ANTIHYPERTENSIVE,primary care,Southeast,567.1666666666666,586.8333333333334,True,1,0.5464710674011818,0.5550652060538329,0.008594138652651129
1425610817,1057676243,psm,EVT-0123,2024-07-04,PC_ANTIHYPERTENSIVE,primary care,Southeast,203.66666666666666,203.83333333333334,True,1,0.3880309172973902,0.38810082135202506,6.990405463486171e-05
1436505063,,psm,EVT-0123,2024-07-04,PC_ANTIHYPERTENSIVE,primary care,Midwest,559.3333333333334,,False,,,,
1523498065,1364720148,psm,EVT-0123,2024-07-04,PC_ANTIHYPERTENSIVE,primary care,Southeast,336.6666666666667,377.5,True,1,0.44505029536232116,0.4629257311245827,0.017875435762261527
1615059528,1997693654,psm,EVT-0123,2024-07-04,PC_ANTIHYPERTENSIVE,primary care,Southeast,316.5,285.8333333333333,True,1,0.4362712898101389,0.4229993456202097,0.013271944189929219
1674102136,1134089733,psm,EVT-0123,2024-07-04,PC_ANTIHYPERTENSIVE,primary care,Northeast,137.83333333333334,123.0,True,1,0.1853727534955025,0.17110487460158133,0.014267878893921171
1689059347,1769234364,psm,EVT-0123,2024-07-04,PC_ANTIHYPERTENSIVE,primary care,Southwest,233.83333333333334,236.83333333333334,True,1,0.3097678139501693,0.3088338769327208,0.0009339370174484829
1689916181,1714021262,psm,EVT-0123,2024-07-04,PC_ANTIHYPERTENSIVE,primary care,Northeast,551.1666666666666,543.3333333333334,True,1,0.7747340814134218,0.7656255712235431,0.009108510189878682
1725724532,,psm,EVT-0123,2024-07-04,PC_ANTIHYPERTENSIVE,primary care,Northeast,913.6666666666666,,False,,,,
1747032997,,psm,EVT-0123,2024-07-04,PC_ANTIHYPERTENSIVE,primary care,Northeast,301.0,,False,,,,
1812815243,,psm,EVT-0123,2024-07-04,PC_ANTIHYPERTENSIVE,primary care,Midwest,696.8333333333334,,False,,,,
1848624494,,psm,EVT-0123,2024-07-04,PC_ANTIHYPERTENSIVE,primary care,Midwest,379.0,,False,,,,
1903798589,1134632102,psm,EVT-0123,2024-07-04,PC_ANTIHYPERTENSIVE,primary care,Southwest,378.1666666666667,473.5,True,1,0.26668031412904675,0.24040631002019644,0.026274004108850307
1927430854,,psm,EVT-0123,2024-07-04,PC_ANTIHYPERTENSIVE,primary care,Southeast,716.3333333333334,,False,,,,
1937514325,,psm,EVT-0123,2024-07-04,PC_ANTIHYPERTENSIVE,primary care,West,474.6666666666667,,False,,,,
1955620046,1892083019,psm,EVT-0123,2024-07-04,PC_ANTIHYPERTENSIVE,primary care,Southeast,492.1666666666667,380.3333333333333,True,1,0.5134857775745907,0.46417014976280796,0.049315627811782725
1002145427,,psm,EVT-0124,2024-07-04,CV_ANTICOAG_ORAL,primary care,Northeast,239.66666666666666,,False,,,,
1018018261,,psm,EVT-0124,2024-07-04,CV_ANTICOAG_ORAL,primary care,Northeast,335.8333333333333,,False,,,,
1076376403,1299832539,psm,EVT-0124,2024-07-04,CV_ANTICOAG_ORAL,endocrinology,Northeast,209.66666666666666,208.83333333333334,True,1,0.08961772375325458,0.08925466734668891,0.0003630564065656705
1098995024,,psm,EVT-0124,2024-07-04,CV_ANTICOAG_ORAL,primary care,Northeast,329.0,,False,,,,
1124890801,1209566128,psm,EVT-0124,2024-07-04,CV_ANTICOAG_ORAL,primary care,Northeast,268.8333333333333,266.0,True,1,0.9084732842847313,0.8987193278401011,0.009753956444630174
1133130363,,psm,EVT-0124,2024-07-04,CV_ANTICOAG_ORAL,primary care,Northeast,205.16666666666666,,False,,,,
1159841240,,psm,EVT-0124,2024-07-04,CV_ANTICOAG_ORAL,neurology,Southeast,629.8333333333334,,False,,,,
1166368237,1289174306,psm,EVT-0124,2024-07-04,CV_ANTICOAG_ORAL,primary care,Southwest,225.33333333333334,209.83333333333334,True,1,0.14675301080202194,0.13815184748957474,0.008601163312447202
1200480071,,psm,EVT-0124,2024-07-04,CV_ANTICOAG_ORAL,primary care,Northeast,912.3333333333334,,False,,,,
1263807582,,psm,EVT-0124,2024-07-04,CV_ANTICOAG_ORAL,primary care,Northeast,537.0,,False,,,,
1280087226,,psm,EVT-0124,2024-07-04,CV_ANTICOAG_ORAL,primary care,Northeast,390.8333333333333,,False,,,,
1284061300,,psm,EVT-0124,2024-07-04,CV_ANTICOAG_ORAL,primary care,West,236.33333333333334,,False,,,,
1300654963,,psm,EVT-0124,2024-07-04,CV_ANTICOAG_ORAL,primary care,Northeast,422.3333333333333,,False,,,,
1310164813,1295857761,psm,EVT-0124,2024-07-04,CV_ANTICOAG_ORAL,primary care,Southeast,82.5,77.16666666666667,True,1,0.20125246144719483,0.19758644736114425,0.0036660140860505785
1350739367,1440538092,psm,EVT-0124,2024-07-04,CV_ANTICOAG_ORAL,cardiology,Northeast,96.5,85.5,True,1,0.14859223885899198,0.14622901921351208,0.0023632196454798915
1362560363,1426157339,psm,EVT-0124,2024-07-04,CV_ANTICOAG_ORAL,cardiology,West,238.66666666666666,207.83333333333334,True,1,0.04953946980049404,0.042197963309641415,0.007341506490852627
1385532449,1389159553,psm,EVT-0124,2024-07-04,CV_ANTICOAG_ORAL,primary care,Southeast,202.33333333333334,196.66666666666666,True,1,0.2968107275318297,0.2917438178801795,0.005066909651650187
1389574017,,psm,EVT-0124,2024-07-04,CV_ANTICOAG_ORAL,pulmonology,Southwest,288.5,,False,,,,
1394609428,,psm,EVT-0124,2024-07-04,CV_ANTICOAG_ORAL,endocrinology,Southwest,522.0,,False,,,,
1397955463,,psm,EVT-0124,2024-07-04,CV_ANTICOAG_ORAL,primary care,Southeast,342.3333333333333,,False,,,,
1413519731,,psm,EVT-0124,2024-07-04,CV_ANTICOAG_ORAL,primary care,Southwest,736.6666666666666,,False,,,,
1418997171,,psm,EVT-0124,2024-07-04,CV_ANTICOAG_ORAL,primary care,Northeast,302.1666666666667,,False,,,,
1456299035,1057676243,psm,EVT-0124,2024-07-04,CV_ANTICOAG_ORAL,primary care,Southeast,208.16666666666666,205.66666666666666,True,1,0.3020793911635343,0.29981489551354007,0.002264495649994258
1484724632,1099946885,psm,EVT-0124,2024-07-04,CV_ANTICOAG_ORAL,primary care,Northeast,193.0,187.33333333333334,True,1,0.3309033787122448,0.28328580858829466,0.047617570123950126
1567742360,,psm,EVT-0124,2024-07-04,CV_ANTICOAG_ORAL,primary care,West,376.8333333333333,,False,,,,
1621199177,1773180629,psm,EVT-0124,2024-07-04,CV_ANTICOAG_ORAL,primary care,Southeast,309.1666666666667,295.1666666666667,True,1,0.40069964198046926,0.38631490787119277,0.014384734109276487
1670560261,1219172859,psm,EVT-0124,2024-07-04,CV_ANTICOAG_ORAL,primary care,Southwest,243.66666666666666,253.16666666666666,True,1,0.15749357372052067,0.1633061821884056,0.005812608467884922
1689916181,,psm,EVT-0124,2024-07-04,CV_ANTICOAG_ORAL,primary care,Northeast,230.66666666666666,,False,,,,
1697719783,1443551811,psm,EVT-0124,2024-07-04,CV_ANTICOAG_ORAL,neurology,Southwest,91.16666666666667,92.5,True,1,0.06357326747542744,0.06337608927648136,0.00019717819894607413
1710163217,1056679651,psm,EVT-0124,2024-07-04,CV_ANTICOAG_ORAL,cardiology,Northeast,245.5,241.66666666666666,True,1,0.18377459277414668,0.18279369832634043,0.0009808944478062465
1742579091,,psm,EVT-0124,2024-07-04,CV_ANTICOAG_ORAL,primary care,Northeast,359.6666666666667,,False,,,,
1848624494,,psm,EVT-0124,2024-07-04,CV_ANTICOAG_ORAL,primary care,Midwest,638.3333333333334,,False,,,,
1856406925,1120080837,psm,EVT-0124,2024-07-04,CV_ANTICOAG_ORAL,cardiology,Northeast,198.83333333333334,195.33333333333334,True,1,0.1721089492257188,0.17125811901510493,0.0008508302106138566
1949335115,1694658844,psm,EVT-0124,2024-07-04,CV_ANTICOAG_ORAL,endocrinology,Southeast,216.16666666666666,217.83333333333334,True,1,0.10501281766256414,0.10665341537339056,0.0016405977108264191
1955620046,,psm,EVT-0124,2024-07-04,CV_ANTICOAG_ORAL,primary care,Southeast,348.8333333333333,,False,,,,
1009179924,1120914548,psm,EVT-0125,2024-07-05,CARD_HF_ARNI,cardiology,West,361.3333333333333,357.6666666666667,True,1,0.1877752330018328,0.15905748773234613,0.028717745269486672
1123148250,1234567687,psm,EVT-0125,2024-07-05,CARD_HF_ARNI,cardiology,Southwest,251.16666666666666,241.33333333333334,True,1,0.3325759715770891,0.31172619957370723,0.020849772003381895
1138208594,,psm,EVT-0125,2024-07-05,CARD_HF_ARNI,cardiology,West,425.6666666666667,,False,,,,
1341556789,,psm,EVT-0125,2024-07-05,CARD_HF_ARNI,cardiology,West,1232.8333333333333,,False,,,,
1368009035,1120080837,psm,EVT-0125,2024-07-05,CARD_HF_ARNI,cardiology,Northeast,322.1666666666667,291.0,True,1,0.17028011563856507,0.16698636690562496,0.0032937487329401105
1460081361,1440538092,psm,EVT-0125,2024-07-05,CARD_HF_ARNI,cardiology,Northeast,216.66666666666666,233.0,True,1,0.15933654004694275,0.16099272247467072,0.0016561824277279702
1475115246,,psm,EVT-0125,2024-07-05,CARD_HF_ARNI,cardiology,Southeast,642.3333333333334,,False,,,,
1492077734,,psm,EVT-0125,2024-07-05,CARD_HF_ARNI,cardiology,Midwest,623.1666666666666,,False,,,,
1516074709,,psm,EVT-0125,2024-07-05,CARD_HF_ARNI,cardiology,Southwest,428.5,,False,,,,
1631526641,1323611925,psm,EVT-0125,2024-07-05,CARD_HF_ARNI,cardiology,Southwest,218.16666666666666,234.0,True,1,0.2655998874067524,0.2966534748509378,0.031053587444185404
1648553570,1823309871,psm,EVT-0125,2024-07-05,CARD_HF_ARNI,cardiology,Southwest,368.3333333333333,360.8333333333333,True,1,0.608592580684297,0.5911104509958699,0.017482129688427106
1655321622,1848800052,psm,EVT-0125,2024-07-05,CARD_HF_ARNI,cardiology,Northeast,338.3333333333333,331.8333333333333,True,1,0.17200887681207447,0.17131214207616408,0.0006967347359103926
1701585576,1036176265,psm,EVT-0125,2024-07-05,CARD_HF_ARNI,cardiology,Southwest,456.3333333333333,468.1666666666667,True,1,0.7851748577700245,0.8039253347923883,0.018750477022363765
1732000645,,psm,EVT-0125,2024-07-05,CARD_HF_ARNI,cardiology,Southwest,575.6666666666666,,False,,,,
1745601371,1200346587,psm,EVT-0125,2024-07-05,CARD_HF_ARNI,cardiology,Midwest,241.5,249.66666666666666,True,1,0.25682150632751843,0.2935950791986223,0.03677357287110389
1760628762,1440623548,psm,EVT-0125,2024-07-05,CARD_HF_ARNI,cardiology,Southwest,212.83333333333334,187.0,True,1,0.25561957803313606,0.21085774775207441,0.04476183028106165
1766730505,,psm,EVT-0125,2024-07-05,CARD_HF_ARNI,cardiology,Midwest,333.8333333333333,,False,,,,
1901019392,,psm,EVT-0125,2024-07-05,CARD_HF_ARNI,cardiology,West,836.1666666666666,,False,,,,
1969108517,1656483868,psm,EVT-0125,2024-07-05,CARD_HF_ARNI,cardiology,Midwest,206.83333333333334,204.5,True,1,0.13634008971922812,0.13024884626240765,0.0060912434568204665
1058647219,,psm,EVT-0126,2024-07-10,PULM_ICS_LABA_INH,pulmonology,Northeast,378.3333333333333,,False,,,,
1075036339,1738916414,psm,EVT-0126,2024-07-10,PULM_ICS_LABA_INH,pulmonology,West,213.0,208.66666666666666,True,1,0.09272493662306243,0.09105747032848692,0.0016674662945755092
1139166684,,psm,EVT-0126,2024-07-10,PULM_ICS_LABA_INH,pulmonology,Midwest,271.6666666666667,,False,,,,
1370467684,1250113473,psm,EVT-0126,2024-07-10,PULM_ICS_LABA_INH,pulmonology,Midwest,91.33333333333333,88.83333333333333,True,1,0.12979706116771275,0.12474935874719549,0.005047702420517261
1449331358,1679813331,psm,EVT-0126,2024-07-10,PULM_ICS_LABA_INH,pulmonology,Midwest,136.66666666666666,136.0,True,1,0.2537701133137731,0.2514818251915584,0.00228828812221471
1533003293,,psm,EVT-0126,2024-07-10,PULM_ICS_LABA_INH,pulmonology,Midwest,323.0,,False,,,,
1547112395,,psm,EVT-0126,2024-07-10,PULM_ICS_LABA_INH,pulmonology,Midwest,182.66666666666666,,False,,,,
1647700669,1696606064,psm,EVT-0126,2024-07-10,PULM_ICS_LABA_INH,pulmonology,West,153.33333333333334,154.83333333333334,True,1,0.07202738374138905,0.0724910909701827,0.00046370722879365833
1688976343,1349686455,psm,EVT-0126,2024-07-10,PULM_ICS_LABA_INH,pulmonology,Southeast,322.6666666666667,316.3333333333333,True,1,0.08494368975605573,0.08388542130647542,0.0010582684495803185
1782077311,1831183839,psm,EVT-0126,2024-07-10,PULM_ICS_LABA_INH,pulmonology,Southeast,133.16666666666666,130.0,True,1,0.05804750978740459,0.05767429944264577,0.00037321034475881754
1880717263,1536141264,psm,EVT-0126,2024-07-10,PULM_ICS_LABA_INH,pulmonology,Northeast,379.1666666666667,404.0,True,1,0.598517636001599,0.6456276662931191,0.047110030291520055
1889776344,1632734848,psm,EVT-0126,2024-07-10,PULM_ICS_LABA_INH,pulmonology,Northeast,256.8333333333333,255.0,True,1,0.3569075542562234,0.3535159803933801,0.003391573862843278
1964572899,1416644254,psm,EVT-0126,2024-07-10,PULM_ICS_LABA_INH,pulmonology,Northeast,140.16666666666666,116.5,True,1,0.17782618007646686,0.1515745837212058,0.02625159635526106
1019230758,1443551811,psm,EVT-0127,2024-07-21,NEURO_MIGRAINE_CGRP,neurology,Southwest,184.5,189.16666666666666,True,1,0.06671830462299501,0.06871322276391498,0.0019949181409199684
1044379984,1674345776,psm,EVT-0127,2024-07-21,NEURO_MIGRAINE_CGRP,neurology,Midwest,256.3333333333333,245.33333333333334,True,1,0.19697579182383657,0.15357952894924373,0.043396262874592834
1189244753,1879821175,psm,EVT-0127,2024-07-21,NEURO_MIGRAINE_CGRP,neurology,Northeast,266.0,270.0,True,1,0.22594566571010613,0.22733349759001323,0.0013878318799070977
1467704312,1398789739,psm,EVT-0127,2024-07-21,NEURO_MIGRAINE_CGRP,neurology,Northeast,219.5,225.83333333333334,True,1,0.21025396342052566,0.21234325469438897,0.002089291273863314
1592062677,,psm,EVT-0127,2024-07-21,NEURO_MIGRAINE_CGRP,neurology,Southeast,501.0,,False,,,,
1616418756,1874547676,psm,EVT-0127,2024-07-21,NEURO_MIGRAINE_CGRP,neurology,Northeast,202.5,190.16666666666666,True,1,0.20472063878908817,0.2007744210239215,0.003946217765166654
1635476009,1980975555,psm,EVT-0127,2024-07-21,NEURO_MIGRAINE_CGRP,neurology,Northeast,262.3333333333333,255.0,True,1,0.22467876607116324,0.22216012954470157,0.0025186365264616706
1921646299,,psm,EVT-0127,2024-07-21,NEURO_MIGRAINE_CGRP,neurology,Southwest,560.6666666666666,,False,,,,
1002145427,1209566128,psm,EVT-0128,2024-08-14,PC_ANTIHYPERTENSIVE,primary care,Northeast,627.6666666666666,654.3333333333334,True,1,0.7045734901841955,0.7349052753691203,0.030331785184924853
1048976678,,psm,EVT-0128,2024-08-14,PC_ANTIHYPERTENSIVE,primary care,Southeast,529.1666666666666,,False,,,,
1080672524,,psm,EVT-0128,2024-08-14,PC_ANTIHYPERTENSIVE,primary care,Southeast,490.1666666666667,,False,,,,
1133130363,1767508967,psm,EVT-0128,2024-08-14,PC_ANTIHYPERTENSIVE,primary care,Northeast,420.5,433.5,True,1,0.4255859695061854,0.44361003127877446,0.018024061772589084
1166368237,1219172859,psm,EVT-0128,2024-08-14,PC_ANTIHYPERTENSIVE,primary care,Southwest,276.3333333333333,225.83333333333334,True,1,0.23009531953021484,0.21418345590269586,0.01591186362751898
1170846871,,psm,EVT-0128,2024-08-14,PC_ANTIHYPERTENSIVE,primary care,Southeast,503.6666666666667,,False,,,,
1180932224,1363342464,psm,EVT-0128,2024-08-14,PC_ANTIHYPERTENSIVE,primary care,Southeast,664.6666666666666,631.0,True,1,0.7460524690052452,0.7241039272993643,0.021948541705880897
1227780172,,psm,EVT-0128,2024-08-14,PC_ANTIHYPERTENSIVE,primary care,Southwest,1387.3333333333333,,False,,,,
1268222167,1511022174,psm,EVT-0128,2024-08-14,PC_ANTIHYPERTENSIVE,primary care,Midwest,318.8333333333333,322.5,True,1,0.1331463528792506,0.13916362235527216,0.006017269476021547
1300654963,1762971749,psm,EVT-0128,2024-08-14,PC_ANTIHYPERTENSIVE,primary care,Northeast,231.16666666666666,245.33333333333334,True,1,0.20289388092388422,0.21613031747883898,0.013236436554954767
1385532449,1635581279,psm,EVT-0128,2024-08-14,PC_ANTIHYPERTENSIVE,primary care,Southeast,737.5,748.5,True,1,0.7894484796593008,0.7955069806554607,0.006058500996159899
1397955463,,psm,EVT-0128,2024-08-14,PC_ANTIHYPERTENSIVE,primary care,Southeast,592.1666666666666,,False,,,,
1413519731,1352216182,psm,EVT-0128,2024-08-14,PC_ANTIHYPERTENSIVE,primary care,Southwest,515.3333333333334,387.6666666666667,True,1,0.3160873542536182,0.2680204695525037,0.04806688470111453
1418997171,,psm,EVT-0128,2024-08-14,PC_ANTIHYPERTENSIVE,primary care,Northeast,582.6666666666666,,False,,,,
1423152481,,psm,EVT-0128,2024-08-14,PC_ANTIHYPERTENSIVE,primary care,Southeast,574.5,,False,,,,
1425340662,1134632102,psm,EVT-0128,2024-08-14,PC_ANTIHYPERTENSIVE,primary care,Southwest,457.6666666666667,481.8333333333333,True,1,0.29379947872564577,0.3030281839559725,0.009228705230326706
1425610817,1804484495,psm,EVT-0128,2024-08-14,PC_ANTIHYPERTENSIVE,primary care,Southeast,191.66666666666666,160.33333333333334,True,1,0.3760097063973904,0.3517256429527037,0.0242840634446867
1548652282,,psm,EVT-0128,2024-08-14,PC_ANTIHYPERTENSIVE,primary care,Midwest,454.8333333333333,,False,,,,
1552813903,,psm,EVT-0128,2024-08-14,PC_ANTIHYPERTENSIVE,primary care,Northeast,812.1666666666666,,False,,,,
1592123891,,psm,EVT-0128,2024-08-14,PC_ANTIHYPERTENSIVE,primary care,Northeast,833.8333333333334,,False,,,,
1613561947,,psm,EVT-0128,2024-08-14,PC_ANTIHYPERTENSIVE,primary care,Southeast,450.1666666666667,,False,,,,
1615059528,1997693654,psm,EVT-0128,2024-08-14,PC_ANTIHYPERTENSIVE,primary care,Southeast,328.5,283.1666666666667,True,1,0.4879441175334779,0.4501499485626696,0.037794168970808284
1621199177,1057676243,psm,EVT-0128,2024-08-14,PC_ANTIHYPERTENSIVE,primary care,Southeast,208.5,200.83333333333334,True,1,0.38932722650080565,0.3832400022071017,0.006087224293703952
1639269087,1261377760,psm,EVT-0128,2024-08-14,PC_ANTIHYPERTENSIVE,primary care,Northeast,226.16666666666666,247.0,True,1,0.19836890295194362,0.2177279672438028,0.019359064291859185
1707435529,,psm,EVT-0128,2024-08-14,PC_ANTIHYPERTENSIVE,primary care,Southeast,457.3333333333333,,False,,,,
1732527431,1364720148,psm,EVT-0128,2024-08-14,PC_ANTIHYPERTENSIVE,primary care,Southeast,430.5,389.5,True,1,0.5728256331802133,0.5389386059750022,0.033887027205211084
1747032997,1058325303,psm,EVT-0128,2024-08-14,PC_ANTIHYPERTENSIVE,primary care,Northeast,297.8333333333333,275.8333333333333,True,1,0.27049747574194793,0.24670797798576044,0.023789497756187494
1815807585,,psm,EVT-0128,2024-08-14,PC_ANTIHYPERTENSIVE,primary care,Southeast,698.5,,False,,,,
1922670785,1892083019,psm,EVT-0128,2024-08-14,PC_ANTIHYPERTENSIVE,primary care,Southeast,434.6666666666667,378.0,True,1,0.5762368852234393,0.5293547656976451,0.04688211952579424
1924355757,1812123887,psm,EVT-0128,2024-08-14,PC_ANTIHYPERTENSIVE,primary care,Southwest,448.8333333333333,426.6666666666667,True,1,0.29046748657148835,0.2822052470186019,0.008262239552886463
1927430854,,psm,EVT-0128,2024-08-14,PC_ANTIHYPERTENSIVE,primary care,Southeast,703.0,,False,,,,
1937514325,1159833825,psm,EVT-0128,2024-08-14,PC_ANTIHYPERTENSIVE,primary care,West,472.8333333333333,411.3333333333333,True,1,0.09429082671044994,0.06412063006788435,0.030170196642565594
1955620046,,psm,EVT-0128,2024-08-14,PC_ANTIHYPERTENSIVE,primary care,Southeast,491.3333333333333,,False,,,,
1040239976,1674708775,psm,EVT-0129,2024-08-25,RHEUM_JAK_ORAL,rheumatology,Northeast,447.8333333333333,448.3333333333333,True,1,0.3063941759803253,0.3067982569579711,0.000404080977645771
1357524945,,psm,EVT-0129,2024-08-25,RHEUM_JAK_ORAL,rheumatology,Midwest,995.1666666666666,,False,,,,
1428792083,1158498141,psm,EVT-0129,2024-08-25,RHEUM_JAK_ORAL,rheumatology,West,93.5,98.5,True,1,0.10907709085610306,0.09521733441736954,0.013859756438733523
1435949049,1109634414,psm,EVT-0129,2024-08-25,RHEUM_JAK_ORAL,rheumatology,Northeast,549.5,523.5,True,1,0.3939940367920568,0.3706589667646738,0.023335070027382998
1595774286,,psm,EVT-0129,2024-08-25,RHEUM_JAK_ORAL,rheumatology,Midwest,560.8333333333334,,False,,,,
1598661571,1282327174,psm,EVT-0129,2024-08-25,RHEUM_JAK_ORAL,rheumatology,Northeast,477.1666666666667,505.6666666666667,True,1,0.3305888081425941,0.35498848727866433,0.024399679136070218
1647196991,,psm,EVT-0129,2024-08-25,RHEUM_JAK_ORAL,rheumatology,Southeast,707.3333333333334,,False,,,,
1690348028,,psm,EVT-0129,2024-08-25,RHEUM_JAK_ORAL,rheumatology,Midwest,272.5,,False,,,,
1757283357,,psm,EVT-0129,2024-08-25,RHEUM_JAK_ORAL,rheumatology,Midwest,227.66666666666666,,False,,,,
1768831921,1418704015,psm,EVT-0129,2024-08-25,RHEUM_JAK_ORAL,rheumatology,Northeast,227.5,218.5,True,1,0.16048684728890486,0.15593070282180943,0.00455614446709543
1808310134,,psm,EVT-0129,2024-08-25,RHEUM_JAK_ORAL,rheumatology,Southwest,358.3333333333333,,False,,,,
1847082322,1892307210,psm,EVT-0129,2024-08-25,RHEUM_JAK_ORAL,rheumatology,Northeast,278.1666666666667,237.5,True,1,0.18816084925922047,0.16567486018216052,0.022485989077059954
1944079924,,psm,EVT-0129,2024-08-25,RHEUM_JAK_ORAL,rheumatology,Southeast,786.5,,False,,,,
1009179924,,psm,EVT-0130,2024-09-05,METABOLIC_GLP1_INJ,cardiology,West,275.5,,False,,,,
1031568581,1501015600,psm,EVT-0130,2024-09-05,METABOLIC_GLP1_INJ,pulmonology,Southeast,112.16666666666667,113.33333333333333,True,1,0.024235869164696933,0.024757306187520766,0.0005214370228238327
1048976678,1393729789,psm,EVT-0130,2024-09-05,METABOLIC_GLP1_INJ,primary care,Southeast,173.16666666666666,134.0,True,1,0.21377049987981245,0.18941685660015145,0.024353643279660997
1050705288,1630629040,psm,EVT-0130,2024-09-05,METABOLIC_GLP1_INJ,endocrinology,Southeast,200.66666666666666,183.83333333333334,True,1,0.1111234787941641,0.10312867370363331,0.007994805090530785
1074076039,1451721462,psm,EVT-0130,2024-09-05,METABOLIC_GLP1_INJ,cardiology,Southeast,279.1666666666667,309.1666666666667,True,1,0.5382815878403024,0.5880920582054886,0.049810470365186155
1117854327,1188509891,psm,EVT-0130,2024-09-05,METABOLIC_GLP1_INJ,neurology,West,56.333333333333336,57.5,True,1,0.0581142932628354,0.05695049445384858,0.0011637988089868156
1200480071,1134089733,psm,EVT-0130,2024-09-05,METABOLIC_GLP1_INJ,primary care,Northeast,136.0,124.0,True,1,0.1252186114147258,0.11762082988093608,0.007597781533789705
1202669523,,psm,EVT-0130,2024-09-05,METABOLIC_GLP1_INJ,cardiology,Midwest,272.0,,False,,,,
1223523766,1596580633,psm,EVT-0130,2024-09-05,METABOLIC_GLP1_INJ,primary care,West,113.83333333333333,111.16666666666667,True,1,0.033950590065733935,0.034144603027798745,0.0001940129620648101
1237205202,1249657408,psm,EVT-0130,2024-09-05,METABOLIC_GLP1_INJ,endocrinology,Northeast,185.0,190.5,True,1,0.14518575843798398,0.14961826818666682,0.004432509748682839
1244876920,1821714619,psm,EVT-0130,2024-09-05,METABOLIC_GLP1_INJ,neurology,West,27.833333333333332,27.666666666666668,True,1,0.09439333350116277,0.09465577712145198,0.00026244362028921
1264333323,1261377760,psm,EVT-0130,2024-09-05,METABOLIC_GLP1_INJ,primary care,Northeast,158.33333333333334,169.5,True,1,0.14047840942022471,0.14867556884981256,0.008197159429587847
1265952337,1779918477,psm,EVT-0130,2024-09-05,METABOLIC_GLP1_INJ,cardiology,Northeast,107.0,102.16666666666667,True,1,0.2329260186863095,0.23557957554151432,0.002653556855204825
1299418347,1541379537,psm,EVT-0130,2024-09-05,METABOLIC_GLP1_INJ,cardiology,Northeast,163.66666666666666,161.83333333333334,True,1,0.20338030057101267,0.20429092388136297,0.0009106233103503003
1332369119,1275177768,psm,EVT-0130,2024-09-05,METABOLIC_GLP1_INJ,cardiology,Southeast,62.0,45.0,True,1,0.2118875775800327,0.19334438139988458,0.01854319618014813
1350739367,1440538092,psm,EVT-0130,2024-09-05,METABOLIC_GLP1_INJ,cardiology,Northeast,139.66666666666666,128.16666666666666,True,1,0.2155408702456289,0.2215517467021491,0.006010876456520209
1397955463,,psm,EVT-0130,2024-09-05,METABOLIC_GLP1_INJ,primary care,Southeast,644.0,,False,,,,
1455101661,,psm,EVT-0130,2024-09-05,METABOLIC_GLP1_INJ,endocrinology,Southeast,261.1666666666667,,False,,,,
1475115246,1107378550,psm,EVT-0130,2024-09-05,METABOLIC_GLP1_INJ,cardiology,Southeast,180.33333333333334,173.16666666666666,True,1,0.37420580648561047,0.3629395799612733,0.011266226524337175
1566888198,1169614082,psm,EVT-0130,2024-09-05,METABOLIC_GLP1_INJ,primary care,Midwest,134.66666666666666,128.5,True,1,0.1321841613626493,0.12754829795204592,0.004635863410603375
1610177150,1443907526,psm,EVT-0130,2024-09-05,METABOLIC_GLP1_INJ,cardiology,Southeast,240.66666666666666,250.0,True,1,0.4733627750113749,0.4891014694899631,0.015738694478588167
1639269087,1209566128,psm,EVT-0130,2024-09-05,METABOLIC_GLP1_INJ,primary care,Northeast,412.5,421.0,True,1,0.4249806742104195,0.4373568098366704,0.012376135626250895
1647196991,,psm,EVT-0130,2024-09-05,METABOLIC_GLP1_INJ,rheumatology,Southeast,484.0,,False,,,,
1657725655,1405577143,psm,EVT-0130,2024-09-05,METABOLIC_GLP1_INJ,cardiology,West,152.66666666666666,165.83333333333334,True,1,0.09577550202178305,0.1395928318650127,0.043817329843229655
1670701188,,psm,EVT-0130,2024-09-05,METABOLIC_GLP1_INJ,cardiology,Southeast,182.16666666666666,,False,,,,
1672904236,1464805419,psm,EVT-0130,2024-09-05,METABOLIC_GLP1_INJ,cardiology,Northeast,149.16666666666666,148.0,True,1,0.2106652369183346,0.21125961729038537,0.0005943803720507568
1683943777,,psm,EVT-0130,2024-09-05,METABOLIC_GLP1_INJ,cardiology,West,351.3333333333333,,False,,,,
1688976343,,psm,EVT-0130,2024-09-05,METABOLIC_GLP1_INJ,pulmonology,Southeast,332.1666666666667,,False,,,,
1701585576,1823309871,psm,EVT-0130,2024-09-05,METABOLIC_GLP1_INJ,cardiology,Southwest,163.83333333333334,174.0,True,1,0.14387650851460895,0.1447940227760765,0.0009175142614675502
1707435529,1572180861,psm,EVT-0130,2024-09-05,METABOLIC_GLP1_INJ,primary care,Southeast,154.5,137.0,True,1,0.2018889472137358,0.19120447921054165,0.010684468003194142
1732000645,1285520676,psm,EVT-0130,2024-09-05,METABOLIC_GLP1_INJ,cardiology,Southwest,151.5,126.16666666666667,True,1,0.1427699570829314,0.14051929085917025,0.002250666223761133
1732914373,1361620622,psm,EVT-0130,2024-09-05,METABOLIC_GLP1_INJ,cardiology,West,201.16666666666666,202.33333333333334,True,1,0.33750640095443657,0.34600542593807665,0.00849902498364008
1742859469,,psm,EVT-0130,2024-09-05,METABOLIC_GLP1_INJ,pulmonology,West,260.3333333333333,,False,,,,
1776723276,1429255973,psm,EVT-0130,2024-09-05,METABOLIC_GLP1_INJ,primary care,Midwest,162.0,161.5,True,1,0.15447491701405178,0.15404091341600404,0.0004340035980477386
1848624494,1540759788,psm,EVT-0130,2024-09-05,METABOLIC_GLP1_INJ,primary care,Midwest,134.66666666666666,144.83333333333334,True,1,0.1321841613626493,0.14013834899449906,0.007954187631849768
1908127628,1713519829,psm,EVT-0130,2024-09-05,METABOLIC_GLP1_INJ,cardiology,Southeast,111.33333333333333,120.16666666666667,True,1,0.27282695872290935,0.2848243508045702,0.01199739208166084
1927430854,1057676243,psm,EVT-0130,2024-09-05,METABOLIC_GLP1_INJ,primary care,Southeast,189.16666666666666,208.5,True,1,0.22435357440442869,0.23763106889696797,0.013277494492539288
1955620046,1363342464,psm,EVT-0130,2024-09-05,METABOLIC_GLP1_INJ,primary care,Southeast,553.0,550.8333333333334,True,1,0.5415228432754918,0.5394419451731518,0.002080898102340023
1964945871,1736538384,psm,EVT-0130,2024-09-05,METABOLIC_GLP1_INJ,endocrinology,Northeast,213.83333333333334,199.16666666666666,True,1,0.1696711881519662,0.15682842947417702,0.012842758677789168
1991291398,1274985831,psm,EVT-0130,2024-09-05,METABOLIC_GLP1_INJ,rheumatology,Southwest,204.83333333333334,207.83333333333334,True,1,0.09498321003783866,0.09579133176003377,0.0008081217221951043
1002145427,1209566128,psm,EVT-0131,2024-09-08,PC_ANTIHYPERTENSIVE,primary care,Northeast,626.3333333333334,670.6666666666666,True,1,0.8667622708348449,0.8967328561446406,0.029970585309795683
1018018261,1714021262,psm,EVT-0131,2024-09-08,PC_ANTIHYPERTENSIVE,primary care,Northeast,575.6666666666666,558.5,True,1,0.8238369114029882,0.8070150854018041,0.016821826001184093
1057676243,1804484495,psm,EVT-0131,2024-09-08,PC_ANTIHYPERTENSIVE,primary care,Southeast,197.5,158.5,True,1,0.27755253909938815,0.2592150099002087,0.01833752919917947
1065870788,,psm,EVT-0131,2024-09-08,PC_ANTIHYPERTENSIVE,primary care,Southwest,393.5,,False,,,,
1094274762,1296624285,psm,EVT-0131,2024-09-08,PC_ANTIHYPERTENSIVE,primary care,West,202.83333333333334,204.66666666666666,True,1,0.18939595117171287,0.19155222108351563,0.0021562699118027606
1098995024,1099946885,psm,EVT-0131,2024-09-08,PC_ANTIHYPERTENSIVE,primary care,Northeast,184.83333333333334,186.33333333333334,True,1,0.26825056516916496,0.27017301820266226,0.0019224530334973067
1124726435,,psm,EVT-0131,2024-09-08,PC_ANTIHYPERTENSIVE,primary care,Northeast,458.5,,False,,,,
1133130363,1767508967,psm,EVT-0131,2024-09-08,PC_ANTIHYPERTENSIVE,primary care,Northeast,420.5,419.1666666666667,True,1,0.6298867494199292,0.627859516544836,0.00202723287509321
1144669185,,psm,EVT-0131,2024-09-08,PC_ANTIHYPERTENSIVE,primary care,Northeast,928.1666666666666,,False,,,,
1189769080,,psm,EVT-0131,2024-09-08,PC_ANTIHYPERTENSIVE,primary care,Northeast,392.1666666666667,,False,,,,
1200480071,1251202242,psm,EVT-0131,2024-09-08,PC_ANTIHYPERTENSIVE,primary care,Northeast,329.3333333333333,311.3333333333333,True,1,0.4844617164800606,0.4552614867618724,0.029200229718188198
1209829039,1566276774,psm,EVT-0131,2024-09-08,PC_ANTIHYPERTENSIVE,primary care,Southwest,753.1666666666666,835.0,True,1,0.4890606567046857,0.5181855657899304,0.029124909085244677
1213511599,,psm,EVT-0131,2024-09-08,PC_ANTIHYPERTENSIVE,primary care,Northeast,1074.3333333333333,,False,,,,
1263807582,,psm,EVT-0131,2024-09-08,PC_ANTIHYPERTENSIVE,primary care,Northeast,897.5,,False,,,,
1264333323,,psm,EVT-0131,2024-09-08,PC_ANTIHYPERTENSIVE,primary care,Northeast,813.3333333333334,,False,,,,
1296552940,,psm,EVT-0131,2024-09-08,PC_ANTIHYPERTENSIVE,primary care,Northeast,353.5,,False,,,,
1315385710,,psm,EVT-0131,2024-09-08,PC_ANTIHYPERTENSIVE,primary care,Northeast,1320.1666666666667,,False,,,,
1316743925,,psm,EVT-0131,2024-09-08,PC_ANTIHYPERTENSIVE,primary care,Northeast,784.3333333333334,,False,,,,
1321405205,1463019459,psm,EVT-0131,2024-09-08,PC_ANTIHYPERTENSIVE,primary care,West,212.33333333333334,197.83333333333334,True,1,0.20077207116981438,0.1836099061294842,0.01716216504033019
1335670091,,psm,EVT-0131,2024-09-08,PC_ANTIHYPERTENSIVE,primary care,Midwest,307.8333333333333,,False,,,,
1356982086,1511022174,psm,EVT-0131,2024-09-08,PC_ANTIHYPERTENSIVE,primary care,Midwest,318.6666666666667,324.3333333333333,True,1,0.31969208147360817,0.33061539413995367,0.010923312666345497
1377426493,1434523506,psm,EVT-0131,2024-09-08,PC_ANTIHYPERTENSIVE,primary care,West,285.3333333333333,278.1666666666667,True,1,0.30477810687184714,0.2933201802297618,0.011457926642085337
1385532449,,psm,EVT-0131,2024-09-08,PC_ANTIHYPERTENSIVE,primary care,Southeast,745.0,,False,,,,
1413519731,1134632102,psm,EVT-0131,2024-09-08,PC_ANTIHYPERTENSIVE,primary care,Southwest,487.8333333333333,493.0,True,1,0.3961279336742563,0.3978893456586823,0.0017614119844259757
1418997171,,psm,EVT-0131,2024-09-08,PC_ANTIHYPERTENSIVE,primary care,Northeast,621.1666666666666,,False,,,,
1456299035,1512866082,psm,EVT-0131,2024-09-08,PC_ANTIHYPERTENSIVE,primary care,Southeast,262.1666666666667,250.5,True,1,0.30965427892417735,0.30371238661164424,0.005941892312533115
1509977165,,psm,EVT-0131,2024-09-08,PC_ANTIHYPERTENSIVE,primary care,Northeast,828.3333333333334,,False,,,,
1523498065,1997693654,psm,EVT-0131,2024-09-08,PC_ANTIHYPERTENSIVE,primary care,Southeast,310.3333333333333,274.3333333333333,True,1,0.3348431353919387,0.31591849453089177,0.01892464086104695
1536278926,,psm,EVT-0131,2024-09-08,PC_ANTIHYPERTENSIVE,primary care,West,746.3333333333334,,False,,,,
1546151204,,psm,EVT-0131,2024-09-08,PC_ANTIHYPERTENSIVE,primary care,Northeast,342.1666666666667,,False,,,,
1552813903,,psm,EVT-0131,2024-09-08,PC_ANTIHYPERTENSIVE,primary care,Northeast,811.8333333333334,,False,,,,
1592123891,,psm,EVT-0131,2024-09-08,PC_ANTIHYPERTENSIVE,primary care,Northeast,834.6666666666666,,False,,,,
1595301304,1812123887,psm,EVT-0131,2024-09-08,PC_ANTIHYPERTENSIVE,primary care,Southwest,432.8333333333333,445.3333333333333,True,1,0.37755228872259355,0.3817447222272303,0.004192433504636772
1635581279,,psm,EVT-0131,2024-09-08,PC_ANTIHYPERTENSIVE,primary care,Southeast,763.3333333333334,,False,,,,
1644815767,,psm,EVT-0131,2024-09-08,PC_ANTIHYPERTENSIVE,primary care,West,441.8333333333333,,False,,,,
1657035808,1101142523,psm,EVT-0131,2024-09-08,PC_ANTIHYPERTENSIVE,primary care,West,87.33333333333333,75.0,True,1,0.08826949473508593,0.08098593172823097,0.007283563006854954
1674102136,1134089733,psm,EVT-0131,2024-09-08,PC_ANTIHYPERTENSIVE,primary care,Northeast,129.16666666666666,124.0,True,1,0.20324153231415543,0.1978455201426868,0.005396012171468623
1689916181,,psm,EVT-0131,2024-09-08,PC_ANTIHYPERTENSIVE,primary care,Northeast,625.3333333333334,,False,,,,
1725724532,,psm,EVT-0131,2024-09-08,PC_ANTIHYPERTENSIVE,primary care,Northeast,1015.3333333333334,,False,,,,
1742579091,,psm,EVT-0131,2024-09-08,PC_ANTIHYPERTENSIVE,primary care,Northeast,1307.5,,False,,,,
1747032997,1058325303,psm,EVT-0131,2024-09-08,PC_ANTIHYPERTENSIVE,primary care,Northeast,293.0,271.8333333333333,True,1,0.425834669327705,0.39251416987819937,0.0333204994495056
1747637738,1842420535,psm,EVT-0131,2024-09-08,PC_ANTIHYPERTENSIVE,primary care,Midwest,141.0,161.0,True,1,0.08980093738306698,0.10523557930179277,0.015434641918725789
1812815243,,psm,EVT-0131,2024-09-08,PC_ANTIHYPERTENSIVE,primary care,Midwest,787.0,,False,,,,
1815807585,1363342464,psm,EVT-0131,2024-09-08,PC_ANTIHYPERTENSIVE,primary care,Southeast,693.1666666666666,652.5,True,1,0.5574091217694815,0.5332616393049893,0.024147482464492276
1824172013,,psm,EVT-0131,2024-09-08,PC_ANTIHYPERTENSIVE,primary care,Midwest,440.0,,False,,,,
1903798589,1352216182,psm,EVT-0131,2024-09-08,PC_ANTIHYPERTENSIVE,primary care,Southwest,401.5,398.8333333333333,True,1,0.36712458998858233,0.36624268698418927,0.0008819030043930587
1924355757,,psm,EVT-0131,2024-09-08,PC_ANTIHYPERTENSIVE,primary care,Southwest,458.0,,False,,,,
1937514325,,psm,EVT-0131,2024-09-08,PC_ANTIHYPERTENSIVE,primary care,West,499.3333333333333,,False,,,,
1955620046,,psm,EVT-0131,2024-09-08,PC_ANTIHYPERTENSIVE,primary care,Southeast,503.5,,False,,,,
1965727443,1752727945,psm,EVT-0131,2024-09-08,PC_ANTIHYPERTENSIVE,primary care,West,189.0,187.16666666666666,True,1,0.1737244781830314,0.17172626385604498,0.001998214326986436
1989798412,,psm,EVT-0131,2024-09-08,PC_ANTIHYPERTENSIVE,primary care,Southwest,623.0,,False,,,,
1074076039,,psm,EVT-0132,2024-09-14,CARD_HF_ARNI,cardiology,Southeast,513.0,,False,,,,
1120080837,1871372714,psm,EVT-0132,2024-09-14,CARD_HF_ARNI,cardiology,Northeast,311.5,286.8333333333333,True,1,0.19644648070643136,0.16005904211838867,0.03638743858804269
1299418347,1331020234,psm,EVT-0132,2024-09-14,CARD_HF_ARNI,cardiology,Northeast,429.6666666666667,428.3333333333333,True,1,0.44641604891434916,0.4430904749255945,0.00332557398875466
1341556789,,psm,EVT-0132,2024-09-14,CARD_HF_ARNI,cardiology,West,1321.5,,False,,,,
1362560363,,psm,EVT-0132,2024-09-14,CARD_HF_ARNI,cardiology,West,411.0,,False,,,,
1475115246,,psm,EVT-0132,2024-09-14,CARD_HF_ARNI,cardiology,Southeast,641.0,,False,,,,
1516074709,1036176265,psm,EVT-0132,2024-09-14,CARD_HF_ARNI,cardiology,Southwest,438.3333333333333,440.3333333333333,True,1,0.47528213024117694,0.5071963381696759,0.03191420792849897
1594466975,1069143851,psm,EVT-0132,2024-09-14,CARD_HF_ARNI,cardiology,West,287.1666666666667,292.8333333333333,True,1,0.07410498617419672,0.08303035156315808,0.008925365388961354
1683943777,,psm,EVT-0132,2024-09-14,CARD_HF_ARNI,cardiology,West,444.5,,False,,,,
1710163217,1624547729,psm,EVT-0132,2024-09-14,CARD_HF_ARNI,cardiology,Northeast,297.6666666666667,287.5,True,1,0.1753216121698988,0.1609663521418727,0.014355260028026118
1724092733,1541379537,psm,EVT-0132,2024-09-14,CARD_HF_ARNI,cardiology,Northeast,486.1666666666667,484.3333333333333,True,1,0.5879487265529426,0.5834555655671511,0.0044931609857915555
1009179924,1950588461,psm,EVT-0133,2024-09-19,CARD_HF_ARNI,cardiology,West,390.8333333333333,385.0,True,1,0.6126397831562598,0.5888712603808165,0.02376852277544328
1078096579,,psm,EVT-0133,2024-09-19,CARD_HF_ARNI,cardiology,Midwest,427.6666666666667,,False,,,,
1123148250,1234567687,psm,EVT-0133,2024-09-19,CARD_HF_ARNI,cardiology,Southwest,253.66666666666666,242.66666666666666,True,1,0.265783777282284,0.24834868773904534,0.017435089543238635
1176034100,1185877283,psm,EVT-0133,2024-09-19,CARD_HF_ARNI,cardiology,West,272.6666666666667,271.3333333333333,True,1,0.17516080063650033,0.1719114963038565,0.0032493043326438376
1350739367,1848800052,psm,EVT-0133,2024-09-19,CARD_HF_ARNI,cardiology,Northeast,345.8333333333333,340.3333333333333,True,1,0.2108433356339073,0.20730918967920045,0.0035341459547068577
1362560363,,psm,EVT-0133,2024-09-19,CARD_HF_ARNI,cardiology,West,411.0,,False,,,,
1376656900,,psm,EVT-0133,2024-09-19,CARD_HF_ARNI,cardiology,Southwest,287.3333333333333,,False,,,,
1386514024,,psm,EVT-0133,2024-09-19,CARD_HF_ARNI,cardiology,West,311.8333333333333,,False,,,,
1494868502,,psm,EVT-0133,2024-09-19,CARD_HF_ARNI,cardiology,Southeast,343.8333333333333,,False,,,,
1551962891,1789632894,psm,EVT-0133,2024-09-19,CARD_HF_ARNI,cardiology,Midwest,88.5,88.0,True,1,0.02964838664944969,0.029495421288650125,0.00015296536079956527
1594466975,1069143851,psm,EVT-0133,2024-09-19,CARD_HF_ARNI,cardiology,West,287.1666666666667,292.8333333333333,True,1,0.21364412048804743,0.23026615719565402,0.01662203670760659
1610177150,,psm,EVT-0133,2024-09-19,CARD_HF_ARNI,cardiology,Southeast,532.8333333333334,,False,,,,
1631526641,1323611925,psm,EVT-0133,2024-09-19,CARD_HF_ARNI,cardiology,Southwest,218.66666666666666,229.5,True,1,0.21304313932129487,0.22850994600591176,0.01546680668461689
1670701188,,psm,EVT-0133,2024-09-19,CARD_HF_ARNI,cardiology,Southeast,513.5,,False,,,,
1683943777,,psm,EVT-0133,2024-09-19,CARD_HF_ARNI,cardiology,West,444.5,,False,,,,
1701585576,,psm,EVT-0133,2024-09-19,CARD_HF_ARNI,cardiology,Southwest,468.8333333333333,,False,,,,
1710163217,1624547729,psm,EVT-0133,2024-09-19,CARD_HF_ARNI,cardiology,Northeast,297.6666666666667,287.5,True,1,0.18138085211930652,0.17558850816763413,0.005792343951672385
1885189138,1871372714,psm,EVT-0133,2024-09-19,CARD_HF_ARNI,cardiology,Northeast,284.1666666666667,286.8333333333333,True,1,0.17372134407942944,0.17521381603688044,0.0014924719574510026
1085110611,1968864862,psm,EVT-0134,2024-09-22,NEURO_MIGRAINE_CGRP,neurology,West,109.5,104.66666666666667,True,1,0.08602372752816854,0.08100344221162817,0.005020285316540377
1244876920,1128902750,psm,EVT-0134,2024-09-22,NEURO_MIGRAINE_CGRP,neurology,West,97.5,98.16666666666667,True,1,0.07405042866964937,0.0746733259861287,0.00062289731647934
1635476009,1879821175,psm,EVT-0134,2024-09-22,NEURO_MIGRAINE_CGRP,neurology,Northeast,265.8333333333333,254.33333333333334,True,1,0.058432245543581465,0.0565381021746259,0.0018941433689555684
1749355669,1712965692,psm,EVT-0134,2024-09-22,NEURO_MIGRAINE_CGRP,neurology,West,269.3333333333333,278.1666666666667,True,1,0.4517628457334243,0.4815973199887111,0.02983447425528679
1357524945,,psm,EVT-0135,2024-09-24,RHEUM_JAK_ORAL,rheumatology,Midwest,1034.5,,False,,,,
1393791409,,psm,EVT-0135,2024-09-24,RHEUM_JAK_ORAL,rheumatology,Midwest,322.3333333333333,,False,,,,
1520551320,1105435741,psm,EVT-0135,2024-09-24,RHEUM_JAK_ORAL,rheumatology,Northeast,186.83333333333334,185.5,True,1,0.120649492393513,0.12018708456621921,0.00046240782729378704
1595774286,,psm,EVT-0135,2024-09-24,RHEUM_JAK_ORAL,rheumatology,Midwest,582.3333333333334,,False,,,,
1598661571,1282327174,psm,EVT-0135,2024-09-24,RHEUM_JAK_ORAL,rheumatology,Northeast,484.6666666666667,507.8333333333333,True,1,0.2667648781836064,0.28186199821555524,0.015097120031948852
1610429726,1418295824,psm,EVT-0135,2024-09-24,RHEUM_JAK_ORAL,rheumatology,Southeast,136.5,130.33333333333334,True,1,0.14795164830597152,0.14285560795203922,0.005096040353932296
1616839134,,psm,EVT-0135,2024-09-24,RHEUM_JAK_ORAL,rheumatology,Northeast,1005.5,,False,,,,
1892307210,1418704015,psm,EVT-0135,2024-09-24,RHEUM_JAK_ORAL,rheumatology,Northeast,233.83333333333334,224.16666666666666,True,1,0.13795237984766343,0.13423128121809474,0.003721098629568681
1944079924,,psm,EVT-0135,2024-09-24,RHEUM_JAK_ORAL,rheumatology,Southeast,785.8333333333334,,False,,,,
1968209027,1499123879,psm,EVT-0135,2024-09-24,RHEUM_JAK_ORAL,rheumatology,Southeast,184.16666666666666,176.16666666666666,True,1,0.1925183737542152,0.18438200582736852,0.008136367926846688
1009179924,1950588461,psm,EVT-0136,2024-09-25,CARD_HF_ARNI,cardiology,West,390.8333333333333,385.0,True,1,0.417690760889425,0.40192345341473756,0.01576730747468741
1015191335,1440538092,psm,EVT-0136,2024-09-25,CARD_HF_ARNI,cardiology,Northeast,215.66666666666666,218.83333333333334,True,1,0.13223938885648623,0.13376987317853087,0.0015304843220446396
1078096579,,psm,EVT-0136,2024-09-25,CARD_HF_ARNI,cardiology,Midwest,427.6666666666667,,False,,,,
1123148250,1234567687,psm,EVT-0136,2024-09-25,CARD_HF_ARNI,cardiology,Southwest,253.66666666666666,242.66666666666666,True,1,0.12845702820491953,0.11641756647938248,0.012039461725537048
1265952337,1541379537,psm,EVT-0136,2024-09-25,CARD_HF_ARNI,cardiology,Northeast,500.6666666666667,484.3333333333333,True,1,0.3347484454194415,0.3196798311691045,0.015068614250337009
1286477181,,psm,EVT-0136,2024-09-25,CARD_HF_ARNI,cardiology,Midwest,224.66666666666666,,False,,,,
1332369119,,psm,EVT-0136,2024-09-25,CARD_HF_ARNI,cardiology,Southeast,317.0,,False,,,,
1361620622,1458345984,psm,EVT-0136,2024-09-25,CARD_HF_ARNI,cardiology,West,167.16666666666666,167.0,True,1,0.055614425175334284,0.05551667094519755,9.775423013673457e-05
1409960642,1742318383,psm,EVT-0136,2024-09-25,CARD_HF_ARNI,cardiology,Midwest,254.33333333333334,246.66666666666666,True,1,0.46449135726311386,0.4294579450439966,0.035033412219117266
1475115246,,psm,EVT-0136,2024-09-25,CARD_HF_ARNI,cardiology,Southeast,641.0,,False,,,,
1492077734,,psm,EVT-0136,2024-09-25,CARD_HF_ARNI,cardiology,Midwest,681.1666666666666,,False,,,,
1516074709,1036176265,psm,EVT-0136,2024-09-25,CARD_HF_ARNI,cardiology,Southwest,438.3333333333333,440.3333333333333,True,1,0.491940981103963,0.49703715497117684,0.005096173867213838
1670701188,,psm,EVT-0136,2024-09-25,CARD_HF_ARNI,cardiology,Southeast,513.5,,False,,,,
1683943777,,psm,EVT-0136,2024-09-25,CARD_HF_ARNI,cardiology,West,444.5,,False,,,,
1722038985,1069143851,psm,EVT-0136,2024-09-25,CARD_HF_ARNI,cardiology,West,297.1666666666667,292.8333333333333,True,1,0.2011480164008019,0.19347812731497868,0.007669889085823223
1745601371,,psm,EVT-0136,2024-09-25,CARD_HF_ARNI,cardiology,Midwest,235.5,,False,,,,
1762664088,1656483868,psm,EVT-0136,2024-09-25,CARD_HF_ARNI,cardiology,Midwest,193.5,194.16666666666666,True,1,0.21971313846196486,0.2218341981119288,0.0021210596499639522
1814938340,,psm,EVT-0136,2024-09-25,CARD_HF_ARNI,cardiology,Southeast,305.1666666666667,,False,,,,
1856406925,1056679651,psm,EVT-0136,2024-09-25,CARD_HF_ARNI,cardiology,Northeast,262.1666666666667,266.5,True,1,0.15624889812009604,0.15865829581113067,0.002409397691034626
1934763735,1041640354,psm,EVT-0136,2024-09-25,CARD_HF_ARNI,cardiology,Midwest,170.33333333333334,169.0,True,1,0.1550161557627365,0.1518135808075277,0.0032025749552088145
1934829601,,psm,EVT-0136,2024-09-25,CARD_HF_ARNI,cardiology,Midwest,416.6666666666667,,False,,,,
1009179924,1950588461,psm,EVT-0137,2024-09-25,CARD_HF_ARNI,cardiology,West,390.8333333333333,385.0,True,1,0.3882663245758479,0.36858925514009544,0.01967706943575248
1265952337,1541379537,psm,EVT-0137,2024-09-25,CARD_HF_ARNI,cardiology,Northeast,500.6666666666667,484.3333333333333,True,1,0.5312255883064136,0.5006819670439616,0.030543621262452025
1279255164,1742318383,psm,EVT-0137,2024-09-25,CARD_HF_ARNI,cardiology,Midwest,248.83333333333334,246.66666666666666,True,1,0.23422285588405814,0.22746169641853964,0.0067611594655185014
1299418347,1331020234,psm,EVT-0137,2024-09-25,CARD_HF_ARNI,cardiology,Northeast,429.6666666666667,428.3333333333333,True,1,0.39969708949238486,0.39730330186380525,0.0023937876285796134
1460081361,1440538092,psm,EVT-0137,2024-09-25,CARD_HF_ARNI,cardiology,Northeast,228.83333333333334,218.83333333333334,True,1,0.12887122577867147,0.12069379130371707,0.008177434474954393
1494868502,,psm,EVT-0137,2024-09-25,CARD_HF_ARNI,cardiology,Southeast,343.8333333333333,,False,,,,
1516074709,1036176265,psm,EVT-0137,2024-09-25,CARD_HF_ARNI,cardiology,Southwest,438.3333333333333,440.3333333333333,True,1,0.6004563385838798,0.605602367687519,0.005146029103639149
1610177150,,psm,EVT-0137,2024-09-25,CARD_HF_ARNI,cardiology,Southeast,532.8333333333334,,False,,,,
1648553570,,psm,EVT-0137,2024-09-25,CARD_HF_ARNI,cardiology,Southwest,410.8333333333333,,False,,,,
1657725655,,psm,EVT-0137,2024-09-25,CARD_HF_ARNI,cardiology,West,677.5,,False,,,,
1683943777,,psm,EVT-0137,2024-09-25,CARD_HF_ARNI,cardiology,West,444.5,,False,,,,
1710163217,1624547729,psm,EVT-0137,2024-09-25,CARD_HF_ARNI,cardiology,Northeast,297.6666666666667,287.5,True,1,0.19854515802842687,0.18670550349131884,0.01183965453710803
1722898792,,psm,EVT-0137,2024-09-25,CARD_HF_ARNI,cardiology,Southeast,408.0,,False,,,,
1760628762,1323611925,psm,EVT-0137,2024-09-25,CARD_HF_ARNI,cardiology,Southwest,215.0,229.5,True,1,0.11992465233966741,0.13737213606557955,0.017447483725912136
1787619711,,psm,EVT-0137,2024-09-25,CARD_HF_ARNI,cardiology,Midwest,772.1666666666666,,False,,,,
1806103952,1933607412,psm,EVT-0137,2024-09-25,CARD_HF_ARNI,cardiology,West,207.0,213.16666666666666,True,1,0.04346552434427496,0.04729505420053564,0.0038295298562606786
1814938340,,psm,EVT-0137,2024-09-25,CARD_HF_ARNI,cardiology,Southeast,305.1666666666667,,False,,,,
1901019392,,psm,EVT-0137,2024-09-25,CARD_HF_ARNI,cardiology,West,914.0,,False,,,,
1934763735,1041640354,psm,EVT-0137,2024-09-25,CARD_HF_ARNI,cardiology,Midwest,170.33333333333334,169.0,True,1,0.07146879452655468,0.06992916865223643,0.0015396258743182456
1934829601,,psm,EVT-0137,2024-09-25,CARD_HF_ARNI,cardiology,Midwest,416.6666666666667,,False,,,,
1038444141,1149018644,psm,EVT-0138,2024-09-29,ONC_TARGETED_ORAL,oncology,Southeast,239.16666666666666,222.0,True,1,0.08017217744893691,0.06876758899746017,0.011404588451476738
1240190284,,psm,EVT-0138,2024-09-29,ONC_TARGETED_ORAL,oncology,Southwest,378.6666666666667,,False,,,,
1292975558,,psm,EVT-0138,2024-09-29,ONC_TARGETED_ORAL,oncology,Northeast,821.8333333333334,,False,,,,
1663073843,,psm,EVT-0138,2024-09-29,ONC_TARGETED_ORAL,oncology,Southwest,238.0,,False,,,,
1679256069,,psm,EVT-0138,2024-09-29,ONC_TARGETED_ORAL,oncology,Northeast,372.6666666666667,,False,,,,
1840863041,,psm,EVT-0138,2024-09-29,ONC_TARGETED_ORAL,oncology,Southeast,406.5,,False,,,,
1394982015,1637550512,psm,EVT-0139,2024-10-04,ONC_TARGETED_ORAL,oncology,Southeast,78.66666666666667,77.16666666666667,True,1,0.05598782255432811,0.05715469452135845,0.0011668719670303376
1535436392,1237849298,psm,EVT-0139,2024-10-04,ONC_TARGETED_ORAL,oncology,Northeast,64.16666666666667,64.5,True,1,0.12942427897325443,0.12949263008565118,6.835111239675284e-05
1599989245,1242598583,psm,EVT-0139,2024-10-04,ONC_TARGETED_ORAL,oncology,Northeast,286.8333333333333,289.8333333333333,True,1,0.1822881204155561,0.18310316166774673,0.0008150412521906458
1621842156,1693350831,psm,EVT-0139,2024-10-04,ONC_TARGETED_ORAL,oncology,Northeast,252.0,249.83333333333334,True,1,0.173030485480836,0.17246711879706356,0.0005633666837724371
1758206720,1852326267,psm,EVT-0139,2024-10-04,ONC_TARGETED_ORAL,oncology,Southwest,173.66666666666666,165.83333333333334,True,1,0.19121349744009927,0.16755913354352295,0.023654363896576325
1785764022,1965430253,psm,EVT-0139,2024-10-04,ONC_TARGETED_ORAL,oncology,Northeast,141.0,140.5,True,1,0.14600778314146295,0.14589438472591906,0.00011339841554389163
1002145427,,psm,EVT-0140,2024-10-06,PC_ANTIHYPERTENSIVE,primary care,Northeast,647.3333333333334,,False,,,,
1018018261,1714021262,psm,EVT-0140,2024-10-06,PC_ANTIHYPERTENSIVE,primary care,Northeast,578.6666666666666,564.5,True,1,0.6919398239584191,0.6654291238716838,0.026510700086735284
1036327983,1534502129,psm,EVT-0140,2024-10-06,PC_ANTIHYPERTENSIVE,primary care,West,134.16666666666666,138.33333333333334,True,1,0.04528640160516269,0.04712497637467016,0.0018385747695074742
1124726435,,psm,EVT-0140,2024-10-06,PC_ANTIHYPERTENSIVE,primary care,Northeast,474.3333333333333,,False,,,,
1133130363,1767508967,psm,EVT-0140,2024-10-06,PC_ANTIHYPERTENSIVE,primary care,Northeast,420.6666666666667,417.1666666666667,True,1,0.36650915952864127,0.3595611379263493,0.006948021602291965
1144669185,,psm,EVT-0140,2024-10-06,PC_ANTIHYPERTENSIVE,primary care,Northeast,936.1666666666666,,False,,,,
1200480071,1251202242,psm,EVT-0140,2024-10-06,PC_ANTIHYPERTENSIVE,primary care,Northeast,339.5,308.6666666666667,True,1,0.22373428724381283,0.1811257325425025,0.042608554701310336
1213511599,,psm,EVT-0140,2024-10-06,PC_ANTIHYPERTENSIVE,primary care,Northeast,1125.8333333333333,,False,,,,
1227780172,,psm,EVT-0140,2024-10-06,PC_ANTIHYPERTENSIVE,primary care,Southwest,1459.0,,False,,,,
1263807582,,psm,EVT-0140,2024-10-06,PC_ANTIHYPERTENSIVE,primary care,Northeast,928.6666666666666,,False,,,,
1268222167,1511022174,psm,EVT-0140,2024-10-06,PC_ANTIHYPERTENSIVE,primary care,Midwest,317.3333333333333,321.0,True,1,0.12055304712703732,0.1249156178526058,0.0043625707255684765
1280087226,,psm,EVT-0140,2024-10-06,PC_ANTIHYPERTENSIVE,primary care,Northeast,1178.1666666666667,,False,,,,
1377426493,1434523506,psm,EVT-0140,2024-10-06,PC_ANTIHYPERTENSIVE,primary care,West,288.1666666666667,269.8333333333333,True,1,0.18148984783183186,0.1557927240723082,0.025697123759523655
1418997171,,psm,EVT-0140,2024-10-06,PC_ANTIHYPERTENSIVE,primary care,Northeast,652.3333333333334,,False,,,,
1423152481,,psm,EVT-0140,2024-10-06,PC_ANTIHYPERTENSIVE,primary care,Southeast,580.6666666666666,,False,,,,
1456207657,,psm,EVT-0140,2024-10-06,PC_ANTIHYPERTENSIVE,primary care,Midwest,592.8333333333334,,False,,,,
1552813903,,psm,EVT-0140,2024-10-06,PC_ANTIHYPERTENSIVE,primary care,Northeast,886.0,,False,,,,
1665478461,,psm,EVT-0140,2024-10-06,PC_ANTIHYPERTENSIVE,primary care,Northeast,482.5,,False,,,,
1689916181,,psm,EVT-0140,2024-10-06,PC_ANTIHYPERTENSIVE,primary care,Northeast,649.8333333333334,,False,,,,
1732527431,1364720148,psm,EVT-0140,2024-10-06,PC_ANTIHYPERTENSIVE,primary care,Southeast,426.3333333333333,385.8333333333333,True,1,0.2582145851176754,0.23151378000700232,0.026700805110673104
1742579091,,psm,EVT-0140,2024-10-06,PC_ANTIHYPERTENSIVE,primary care,Northeast,1309.0,,False,,,,
1806479196,1134632102,psm,EVT-0140,2024-10-06,PC_ANTIHYPERTENSIVE,primary care,Southwest,587.8333333333334,515.0,True,1,0.20862265387920537,0.17685849127879566,0.03176416260040971
1844747141,1355374483,psm,EVT-0140,2024-10-06,PC_ANTIHYPERTENSIVE,primary care,West,385.6666666666667,382.0,True,1,0.37052975890843,0.36200742481035725,0.008522334098072737
1896554999,,psm,EVT-0140,2024-10-06,PC_ANTIHYPERTENSIVE,primary care,West,583.1666666666666,,False,,,,
1903798589,1352216182,psm,EVT-0140,2024-10-06,PC_ANTIHYPERTENSIVE,primary care,Southwest,410.3333333333333,415.0,True,1,0.13803552941909833,0.13960218496952362,0.0015666555504252888
1927430854,,psm,EVT-0140,2024-10-06,PC_ANTIHYPERTENSIVE,primary care,Southeast,754.5,,False,,,,
1955620046,,psm,EVT-0140,2024-10-06,PC_ANTIHYPERTENSIVE,primary care,Southeast,496.6666666666667,,False,,,,
1103232447,1925142923,psm,EVT-0141,2024-10-08,NEURO_MIGRAINE_CGRP,neurology,Southwest,234.16666666666666,218.83333333333334,True,1,0.13074179496161775,0.126391163736991,0.004350631224626755
1163199601,1618352078,psm,EVT-0141,2024-10-08,NEURO_MIGRAINE_CGRP,neurology,Southwest,249.33333333333334,188.16666666666666,True,1,0.13516965044950213,0.11806097243502725,0.017108678014474882
1243754490,1527981900,psm,EVT-0141,2024-10-08,NEURO_MIGRAINE_CGRP,neurology,Northeast,151.16666666666666,158.16666666666666,True,1,0.18026055419347597,0.18145041310984317,0.0011898589163671924
1413495239,,psm,EVT-0141,2024-10-08,NEURO_MIGRAINE_CGRP,neurology,Southeast,434.8333333333333,,False,,,,
1467704312,1788421810,psm,EVT-0141,2024-10-08,NEURO_MIGRAINE_CGRP,neurology,Northeast,237.16666666666666,233.33333333333334,True,1,0.19530377082387948,0.19461346208371091,0.0006903087401685659
1592062677,,psm,EVT-0141,2024-10-08,NEURO_MIGRAINE_CGRP,neurology,Southeast,517.6666666666666,,False,,,,
1616418756,1398789739,psm,EVT-0141,2024-10-08,NEURO_MIGRAINE_CGRP,neurology,Northeast,214.16666666666666,227.33333333333334,True,1,0.19118968054328092,0.1935366963805259,0.0023470158372449756
1635476009,1879821175,psm,EVT-0141,2024-10-08,NEURO_MIGRAINE_CGRP,neurology,Northeast,275.5,261.1666666666667,True,1,0.20230886935034134,0.19966784350102434,0.002641025849316997
1824149854,1095874958,psm,EVT-0141,2024-10-08,NEURO_MIGRAINE_CGRP,neurology,Southeast,287.1666666666667,288.5,True,1,0.20574378517579955,0.20738484711754201,0.001641061941742461
1836939912,1838809964,psm,EVT-0141,2024-10-08,NEURO_MIGRAINE_CGRP,neurology,Southeast,215.66666666666666,202.0,True,1,0.1315050956620979,0.12022001663234966,0.011285079029748235
1002145427,,psm,EVT-0142,2024-10-08,METABOLIC_GLP1_INJ,primary care,Northeast,345.1666666666667,,False,,,,
1081051991,1308498975,psm,EVT-0142,2024-10-08,METABOLIC_GLP1_INJ,pulmonology,Southwest,88.0,86.83333333333333,True,1,0.12976797307697982,0.13012171217322074,0.0003537390962409237
1124726435,,psm,EVT-0142,2024-10-08,METABOLIC_GLP1_INJ,primary care,Northeast,772.8333333333334,,False,,,,
1136500869,1231453428,psm,EVT-0142,2024-10-08,METABOLIC_GLP1_INJ,endocrinology,Southeast,74.5,75.66666666666667,True,1,0.07485165314413915,0.07292007676157321,0.0019315763825659416
1139166684,,psm,EVT-0142,2024-10-08,METABOLIC_GLP1_INJ,pulmonology,Midwest,162.0,,False,,,,
1179994367,1168657405,psm,EVT-0142,2024-10-08,METABOLIC_GLP1_INJ,pulmonology,Southeast,101.66666666666667,99.16666666666667,True,1,0.03950645715569008,0.038074691030295725,0.0014317661253943556
1238983617,1526834563,psm,EVT-0142,2024-10-08,METABOLIC_GLP1_INJ,pulmonology,Southeast,188.0,187.0,True,1,0.13414819239267278,0.13237391620209235,0.0017742761905804316
1271768685,,psm,EVT-0142,2024-10-08,METABOLIC_GLP1_INJ,primary care,Midwest,355.6666666666667,,False,,,,
1287287258,,psm,EVT-0142,2024-10-08,METABOLIC_GLP1_INJ,primary care,Midwest,513.3333333333334,,False,,,,
1332369119,1743431961,psm,EVT-0142,2024-10-08,METABOLIC_GLP1_INJ,cardiology,Southeast,63.5,75.16666666666667,True,1,0.12793024422017538,0.1053949363667079,0.02253530785346748
1456207657,,psm,EVT-0142,2024-10-08,METABOLIC_GLP1_INJ,primary care,Midwest,577.0,,False,,,,
1533003293,,psm,EVT-0142,2024-10-08,METABOLIC_GLP1_INJ,pulmonology,Midwest,151.83333333333334,,False,,,,
1555906795,,psm,EVT-0142,2024-10-08,METABOLIC_GLP1_INJ,pulmonology,Midwest,399.5,,False,,,,
1556860702,1707917476,psm,EVT-0142,2024-10-08,METABOLIC_GLP1_INJ,endocrinology,West,35.833333333333336,35.333333333333336,True,1,0.060455517868041986,0.06041697705610545,3.854081193653547e-05
1592123891,1251202242,psm,EVT-0142,2024-10-08,METABOLIC_GLP1_INJ,primary care,Northeast,176.16666666666666,177.5,True,1,0.08423393826343797,0.08523759785290548,0.0010036595894675066
1688976343,,psm,EVT-0142,2024-10-08,METABOLIC_GLP1_INJ,pulmonology,Southeast,348.8333333333333,,False,,,,
1704331150,1249126917,psm,EVT-0142,2024-10-08,METABOLIC_GLP1_INJ,endocrinology,West,257.3333333333333,258.5,True,1,0.07996594244745803,0.08008253526047941,0.00011659281302138502
1706991829,1223528765,psm,EVT-0142,2024-10-08,METABOLIC_GLP1_INJ,endocrinology,Midwest,89.16666666666667,88.33333333333333,True,1,0.10562113454850157,0.10556240605823644,5.872849026512805e-05
1779411515,1219516501,psm,EVT-0142,2024-10-08,METABOLIC_GLP1_INJ,endocrinology,Midwest,251.0,276.6666666666667,True,1,0.11758422601483479,0.11958609335131679,0.0020018673364819994
1815807585,1364720148,psm,EVT-0142,2024-10-08,METABOLIC_GLP1_INJ,primary care,Southeast,434.1666666666667,450.3333333333333,True,1,0.18267344020076132,0.20025344199775372,0.0175800017969924
1832506087,,psm,EVT-0142,2024-10-08,METABOLIC_GLP1_INJ,primary care,Midwest,733.1666666666666,,False,,,,
1848624494,1540759788,psm,EVT-0142,2024-10-08,METABOLIC_GLP1_INJ,primary care,Midwest,141.83333333333334,144.33333333333334,True,1,0.057810375573977106,0.06052263048318707,0.0027122549092099615
1897395806,1779918477,psm,EVT-0142,2024-10-08,METABOLIC_GLP1_INJ,cardiology,Northeast,87.0,97.0,True,1,0.10062512905969137,0.0832318257354659,0.017393303324225465
1964945871,1736538384,psm,EVT-0142,2024-10-08,METABOLIC_GLP1_INJ,endocrinology,Northeast,215.83333333333334,204.16666666666666,True,1,0.09110613655669886,0.08452794414790761,0.0065781924087912474
1993367014,1710487228,psm,EVT-0142,2024-10-08,METABOLIC_GLP1_INJ,pulmonology,Midwest,35.833333333333336,43.333333333333336,True,1,0.05380686770829882,0.06536436173995977,0.011557494031660953
1050705288,,psm,EVT-0143,2024-10-09,CV_ANTICOAG_ORAL,endocrinology,Southeast,704.1666666666666,,False,,,,
1094274762,1479078465,psm,EVT-0143,2024-10-09,CV_ANTICOAG_ORAL,primary care,West,136.5,132.83333333333334,True,1,0.2995865729882935,0.29201146625351027,0.007575106734783232
1180932224,1393729789,psm,EVT-0143,2024-10-09,CV_ANTICOAG_ORAL,primary care,Southeast,278.3333333333333,285.0,True,1,0.45633605605250915,0.4657762393046691,0.00944018325215995
1227780172,1219172859,psm,EVT-0143,2024-10-09,CV_ANTICOAG_ORAL,primary care,Southwest,244.33333333333334,262.0,True,1,0.17441534931324867,0.18372280573807945,0.009307456424830773
1263807582,,psm,EVT-0143,2024-10-09,CV_ANTICOAG_ORAL,primary care,Northeast,572.6666666666666,,False,,,,
1274985831,1213108081,psm,EVT-0143,2024-10-09,CV_ANTICOAG_ORAL,rheumatology,Southwest,121.66666666666667,116.16666666666667,True,1,0.10617942916668174,0.10794166716346573,0.0017622379967839885
1296624285,1279684447,psm,EVT-0143,2024-10-09,CV_ANTICOAG_ORAL,primary care,West,106.5,105.83333333333333,True,1,0.241070485351909,0.23986280598659512,0.0012076793653138795
1297280590,1511022174,psm,EVT-0143,2024-10-09,CV_ANTICOAG_ORAL,primary care,Midwest,208.33333333333334,221.83333333333334,True,1,0.3063745388666326,0.35540570207084,0.04903116320420742
1311764207,1381937048,psm,EVT-0143,2024-10-09,CV_ANTICOAG_ORAL,primary care,Midwest,62.0,61.333333333333336,True,1,0.038385966298943815,0.03798376602814318,0.00040220027080063725
1355374483,1873780039,psm,EVT-0143,2024-10-09,CV_ANTICOAG_ORAL,primary care,West,269.8333333333333,264.6666666666667,True,1,0.6161377814686416,0.6039478179647808,0.012189963503860812
1389159553,1997693654,psm,EVT-0143,2024-10-09,CV_ANTICOAG_ORAL,primary care,Southeast,196.5,178.83333333333334,True,1,0.34491699913112384,0.3225368164723636,0.02238018265876024
1423152481,,psm,EVT-0143,2024-10-09,CV_ANTICOAG_ORAL,primary care,Southeast,492.6666666666667,,False,,,,
1456207657,,psm,EVT-0143,2024-10-09,CV_ANTICOAG_ORAL,primary care,Midwest,345.8333333333333,,False,,,,
1456299035,,psm,EVT-0143,2024-10-09,CV_ANTICOAG_ORAL,primary care,Southeast,202.5,,False,,,,
1536278926,1434523506,psm,EVT-0143,2024-10-09,CV_ANTICOAG_ORAL,primary care,West,123.83333333333333,104.5,True,1,0.27390480861665023,0.23745989461332392,0.036444914003326306
1567742360,1138281740,psm,EVT-0143,2024-10-09,CV_ANTICOAG_ORAL,primary care,West,390.0,357.6666666666667,True,1,0.840914585120185,0.7932049898351903,0.047709595284994744
1599978586,,psm,EVT-0143,2024-10-09,CV_ANTICOAG_ORAL,cardiology,West,310.8333333333333,,False,,,,
1621199177,1773180629,psm,EVT-0143,2024-10-09,CV_ANTICOAG_ORAL,primary care,Southeast,338.3333333333333,305.0,True,1,0.5416109159417206,0.49421717686074873,0.047393739080971886
1686880901,1101142523,psm,EVT-0143,2024-10-09,CV_ANTICOAG_ORAL,primary care,West,50.5,50.166666666666664,True,1,0.15417158664268452,0.15374095036059102,0.00043063628209349947
1740047711,1892083019,psm,EVT-0143,2024-10-09,CV_ANTICOAG_ORAL,primary care,Southeast,142.66666666666666,125.33333333333333,True,1,0.2792375964837925,0.2597964671422308,0.01944112934156167
1752727945,1922185990,psm,EVT-0143,2024-10-09,CV_ANTICOAG_ORAL,primary care,West,114.66666666666667,119.16666666666667,True,1,0.25619896520633534,0.2647963704073905,0.008597405201055175
1806707737,1851932792,psm,EVT-0143,2024-10-09,CV_ANTICOAG_ORAL,primary care,West,151.16666666666666,151.16666666666666,True,1,0.3309708409521938,0.3309708409521938,0.0
1824172013,,psm,EVT-0143,2024-10-09,CV_ANTICOAG_ORAL,primary care,Midwest,364.0,,False,,,,
1832506087,,psm,EVT-0143,2024-10-09,CV_ANTICOAG_ORAL,primary care,Midwest,623.3333333333334,,False,,,,
1844747141,,psm,EVT-0143,2024-10-09,CV_ANTICOAG_ORAL,primary care,West,288.5,,False,,,,
1896554999,,psm,EVT-0143,2024-10-09,CV_ANTICOAG_ORAL,primary care,West,545.8333333333334,,False,,,,
1903798589,1812123887,psm,EVT-0143,2024-10-09,CV_ANTICOAG_ORAL,primary care,Southwest,285.8333333333333,333.3333333333333,True,1,0.19688233920165207,0.22519747330619616,0.028315134104544087
1927430854,,psm,EVT-0143,2024-10-09,CV_ANTICOAG_ORAL,primary care,Southeast,418.3333333333333,,False,,,,
1937514325,,psm,EVT-0143,2024-10-09,CV_ANTICOAG_ORAL,primary care,West,285.5,,False,,,,
1955620046,,psm,EVT-0143,2024-10-09,CV_ANTICOAG_ORAL,primary care,Southeast,361.3333333333333,,False,,,,
1964945871,1400951004,psm,EVT-0143,2024-10-09,CV_ANTICOAG_ORAL,endocrinology,Northeast,280.0,280.6666666666667,True,1,0.16191058298266464,0.1636928004360449,0.0017822174533802526
1989798412,1412773438,psm,EVT-0143,2024-10-09,CV_ANTICOAG_ORAL,primary care,Southwest,522.1666666666666,541.5,True,1,0.3638356366783403,0.3800221676398653,0.016186530961525003
1050705288,,psm,EVT-0144,2024-10-18,CV_ANTICOAG_ORAL,endocrinology,Southeast,704.1666666666666,,False,,,,
1058647219,,psm,EVT-0144,2024-10-18,CV_ANTICOAG_ORAL,pulmonology,Northeast,260.3333333333333,,False,,,,
1078096579,,psm,EVT-0144,2024-10-18,CV_ANTICOAG_ORAL,cardiology,Midwest,431.1666666666667,,False,,,,
1094274762,1479078465,psm,EVT-0144,2024-10-18,CV_ANTICOAG_ORAL,primary care,West,136.5,132.83333333333334,True,1,0.05530858377722616,0.052601331929514744,0.0027072518477114157
1133130363,,psm,EVT-0144,2024-10-18,CV_ANTICOAG_ORAL,primary care,Northeast,224.0,,False,,,,
1139166684,,psm,EVT-0144,2024-10-18,CV_ANTICOAG_ORAL,pulmonology,Midwest,146.16666666666666,,False,,,,
1190842652,1289174306,psm,EVT-0144,2024-10-18,CV_ANTICOAG_ORAL,primary care,Southwest,181.0,208.0,True,1,0.10962527140597705,0.11767367378153237,0.008048402375555319
1229022169,1423946593,psm,EVT-0144,2024-10-18,CV_ANTICOAG_ORAL,pulmonology,West,154.0,154.5,True,1,0.059839395386795884,0.05973784174207125,0.00010155364472463208
1250017203,1526834563,psm,EVT-0144,2024-10-18,CV_ANTICOAG_ORAL,pulmonology,Southeast,251.0,279.0,True,1,0.11907485298496413,0.13785985016547592,0.018784997180511784
1250474354,1782341873,psm,EVT-0144,2024-10-18,CV_ANTICOAG_ORAL,pulmonology,Southeast,158.66666666666666,157.83333333333334,True,1,0.07206771769559389,0.07173398303511645,0.0003337346604774388
1263807582,,psm,EVT-0144,2024-10-18,CV_ANTICOAG_ORAL,primary care,Northeast,572.6666666666666,,False,,,,
1266945785,,psm,EVT-0144,2024-10-18,CV_ANTICOAG_ORAL,primary care,West,399.3333333333333,,False,,,,
1309371148,,psm,EVT-0144,2024-10-18,CV_ANTICOAG_ORAL,neurology,Northeast,217.16666666666666,,False,,,,
1326905712,1705644676,psm,EVT-0144,2024-10-18,CV_ANTICOAG_ORAL,oncology,West,97.33333333333333,95.83333333333333,True,1,0.08979765711452793,0.08502150140317705,0.004776155711350885
1341556789,,psm,EVT-0144,2024-10-18,CV_ANTICOAG_ORAL,cardiology,West,981.0,,False,,,,
1393791409,1187084813,psm,EVT-0144,2024-10-18,CV_ANTICOAG_ORAL,rheumatology,Midwest,200.0,238.0,True,1,0.13229352687258777,0.1731213925284159,0.04082786565582813
1567742360,,psm,EVT-0144,2024-10-18,CV_ANTICOAG_ORAL,primary care,West,390.0,,False,,,,
1599978586,,psm,EVT-0144,2024-10-18,CV_ANTICOAG_ORAL,cardiology,West,310.8333333333333,,False,,,,
1599989245,1362648127,psm,EVT-0144,2024-10-18,CV_ANTICOAG_ORAL,oncology,Northeast,92.5,99.0,True,1,0.043742314200003615,0.043250463730747625,0.0004918504692559902
1647700669,1731313338,psm,EVT-0144,2024-10-18,CV_ANTICOAG_ORAL,pulmonology,West,35.5,37.666666666666664,True,1,0.08897356949326697,0.08834105819370147,0.0006325112995654997
1710163217,1042224778,psm,EVT-0144,2024-10-18,CV_ANTICOAG_ORAL,cardiology,Northeast,243.5,240.66666666666666,True,1,0.10658989201182904,0.1026337085395045,0.003956183472324543
1749355669,,psm,EVT-0144,2024-10-18,CV_ANTICOAG_ORAL,neurology,West,170.5,,False,,,,
1776723276,1540759788,psm,EVT-0144,2024-10-18,CV_ANTICOAG_ORAL,primary care,Midwest,157.5,157.66666666666666,True,1,0.07196334415593475,0.07210729226649334,0.0001439481105585949
1924355757,1412773438,psm,EVT-0144,2024-10-18,CV_ANTICOAG_ORAL,primary care,Southwest,508.3333333333333,541.5,True,1,0.24497904572763063,0.26359044621135586,0.018611400483725227
1934763735,,psm,EVT-0144,2024-10-18,CV_ANTICOAG_ORAL,cardiology,Midwest,325.1666666666667,,False,,,,
1991291398,,psm,EVT-0144,2024-10-18,CV_ANTICOAG_ORAL,rheumatology,Southwest,590.5,,False,,,,
1103232447,1925142923,psm,EVT-0145,2024-10-20,NEURO_MIGRAINE_CGRP,neurology,Southwest,234.16666666666666,218.83333333333334,True,1,0.1836296620083307,0.17603123164149165,0.0075984303668390485
1159841240,,psm,EVT-0145,2024-10-20,NEURO_MIGRAINE_CGRP,neurology,Southeast,735.6666666666666,,False,,,,
1163199601,1618352078,psm,EVT-0145,2024-10-20,NEURO_MIGRAINE_CGRP,neurology,Southwest,249.33333333333334,188.16666666666666,True,1,0.191393171656729,0.1615799128644873,0.029813258792241698
1327009084,1443551811,psm,EVT-0145,2024-10-20,NEURO_MIGRAINE_CGRP,neurology,Southwest,281.8333333333333,182.66666666666666,True,1,0.20886603224306502,0.1590918255307967,0.049774206712268315
1467704312,1788421810,psm,EVT-0145,2024-10-20,NEURO_MIGRAINE_CGRP,neurology,Northeast,237.16666666666666,233.33333333333334,True,1,0.24119837983874112,0.24081601408906567,0.0003823657496754562
1548035017,1901417067,psm,EVT-0145,2024-10-20,NEURO_MIGRAINE_CGRP,neurology,Northeast,71.66666666666667,69.33333333333333,True,1,0.22506888503263495,0.22484704588401755,0.00022183914861739762
1592062677,,psm,EVT-0145,2024-10-20,NEURO_MIGRAINE_CGRP,neurology,Southeast,517.6666666666666,,False,,,,
1616418756,1398789739,psm,EVT-0145,2024-10-20,NEURO_MIGRAINE_CGRP,neurology,Northeast,214.16666666666666,227.33333333333334,True,1,0.238910399851407,0.24021835993679788,0.0013079600853908857
1635476009,1879821175,psm,EVT-0145,2024-10-20,NEURO_MIGRAINE_CGRP,neurology,Northeast,275.5,261.1666666666667,True,1,0.24504477527782387,0.2436017236441039,0.0014430516337199661
1728890785,1838809964,psm,EVT-0145,2024-10-20,NEURO_MIGRAINE_CGRP,neurology,Southeast,201.0,202.0,True,1,0.06925517786166657,0.06974715122771782,0.0004919733660512515
1980975555,1914644640,psm,EVT-0145,2024-10-20,NEURO_MIGRAINE_CGRP,neurology,Northeast,252.33333333333334,251.33333333333334,True,1,0.24271527529482292,0.24261506088592064,0.00010021440890228828
1031907094,1641859123,psm,EVT-0146,2024-10-22,CV_ANTICOAG_ORAL,rheumatology,West,211.66666666666666,212.66666666666666,True,1,0.17600283331827965,0.17986992478038105,0.003867091462101402
1159841240,,psm,EVT-0146,2024-10-22,CV_ANTICOAG_ORAL,neurology,Southeast,663.6666666666666,,False,,,,
1180932224,1393729789,psm,EVT-0146,2024-10-22,CV_ANTICOAG_ORAL,primary care,Southeast,278.3333333333333,285.0,True,1,0.21130958008110914,0.22097570917016932,0.009666129089060171
1204959187,1152018085,psm,EVT-0146,2024-10-22,CV_ANTICOAG_ORAL,pulmonology,Southeast,176.5,176.33333333333334,True,1,0.08489838417228436,0.08485486329919248,4.3520873091881795e-05
1209464480,1338304433,psm,EVT-0146,2024-10-22,CV_ANTICOAG_ORAL,oncology,Southeast,171.33333333333334,166.0,True,1,0.10547506430223257,0.1027400446188884,0.0027350196833441642
1326516303,,psm,EVT-0146,2024-10-22,CV_ANTICOAG_ORAL,oncology,Southwest,447.6666666666667,,False,,,,
1328056928,1362648127,psm,EVT-0146,2024-10-22,CV_ANTICOAG_ORAL,oncology,Northeast,89.0,99.0,True,1,0.059086511402387173,0.04830554210126366,0.010780969301123516
1394609428,,psm,EVT-0146,2024-10-22,CV_ANTICOAG_ORAL,endocrinology,Southwest,560.8333333333334,,False,,,,
1394982015,1981504099,psm,EVT-0146,2024-10-22,CV_ANTICOAG_ORAL,oncology,Southeast,28.666666666666668,34.833333333333336,True,1,0.05106339381357558,0.052731650740415595,0.0016682569268400144
1413519731,,psm,EVT-0146,2024-10-22,CV_ANTICOAG_ORAL,primary care,Southwest,848.3333333333334,,False,,,,
1480599715,1870533357,psm,EVT-0146,2024-10-22,CV_ANTICOAG_ORAL,oncology,Midwest,62.0,65.33333333333333,True,1,0.04478078620459662,0.04341519810654834,0.0013655880980482787
1494868502,1246448348,psm,EVT-0146,2024-10-22,CV_ANTICOAG_ORAL,cardiology,Southeast,95.16666666666667,98.16666666666667,True,1,0.07147780325118704,0.07134847790427162,0.00012932534691541264
1535436392,1425845660,psm,EVT-0146,2024-10-22,CV_ANTICOAG_ORAL,oncology,Northeast,22.0,20.666666666666668,True,1,0.2072209615603179,0.21192196817208767,0.0047010066117697535
1567742360,,psm,EVT-0146,2024-10-22,CV_ANTICOAG_ORAL,primary care,West,390.0,,False,,,,
1644815767,,psm,EVT-0146,2024-10-22,CV_ANTICOAG_ORAL,primary care,West,281.6666666666667,,False,,,,
1704308638,1349686455,psm,EVT-0146,2024-10-22,CV_ANTICOAG_ORAL,pulmonology,Southeast,169.16666666666666,166.66666666666666,True,1,0.08300251826205958,0.08236505000661597,0.0006374682554436129
1809220084,1113023042,psm,EVT-0146,2024-10-22,CV_ANTICOAG_ORAL,pulmonology,West,98.83333333333333,106.5,True,1,0.038954254660985545,0.038218816142897835,0.0007354385180877096
1824172013,,psm,EVT-0146,2024-10-22,CV_ANTICOAG_ORAL,primary care,Midwest,364.0,,False,,,,
1927430854,,psm,EVT-0146,2024-10-22,CV_ANTICOAG_ORAL,primary care,Southeast,418.3333333333333,,False,,,,
1955620046,,psm,EVT-0146,2024-10-22,CV_ANTICOAG_ORAL,primary care,Southeast,361.3333333333333,,False,,,,
1009179924,1426157339,psm,EVT-0147,2024-10-31,CV_ANTICOAG_ORAL,cardiology,West,311.5,190.66666666666666,True,1,0.1340392162270298,0.08784670851603425,0.04619250771099555
1025231352,1282327174,psm,EVT-0147,2024-10-31,CV_ANTICOAG_ORAL,rheumatology,Northeast,249.0,263.5,True,1,0.06033628138187287,0.06333466555500604,0.0029983841731331673
1048976678,1773180629,psm,EVT-0147,2024-10-31,CV_ANTICOAG_ORAL,primary care,Southeast,298.1666666666667,305.0,True,1,0.2547592595257329,0.2617634190100815,0.007004159484348571
1050705288,,psm,EVT-0147,2024-10-31,CV_ANTICOAG_ORAL,endocrinology,Southeast,704.1666666666666,,False,,,,
1078096579,,psm,EVT-0147,2024-10-31,CV_ANTICOAG_ORAL,cardiology,Midwest,431.1666666666667,,False,,,,
1080672524,1393729789,psm,EVT-0147,2024-10-31,CV_ANTICOAG_ORAL,primary care,Southeast,328.3333333333333,285.0,True,1,0.286597512039525,0.24161549570233368,0.044982016337191316
1107378550,1275177768,psm,EVT-0147,2024-10-31,CV_ANTICOAG_ORAL,cardiology,Southeast,69.83333333333333,63.666666666666664,True,1,0.1251837129074116,0.11526653283860429,0.009917180068807305
1120080837,1897723296,psm,EVT-0147,2024-10-31,CV_ANTICOAG_ORAL,cardiology,Northeast,196.83333333333334,163.0,True,1,0.2240757325374016,0.22177373462440172,0.0023019979129998702
1202669523,,psm,EVT-0147,2024-10-31,CV_ANTICOAG_ORAL,cardiology,Midwest,359.1666666666667,,False,,,,
1265952337,1133042691,psm,EVT-0147,2024-10-31,CV_ANTICOAG_ORAL,cardiology,Northeast,172.83333333333334,172.0,True,1,0.22244104060597442,0.22238443370095712,5.6606905017297926e-05
1299418347,1331020234,psm,EVT-0147,2024-10-31,CV_ANTICOAG_ORAL,cardiology,Northeast,113.83333333333333,121.66666666666667,True,1,0.21845870040495483,0.2189844582579455,0.0005257578529906659
1332369119,1451721462,psm,EVT-0147,2024-10-31,CV_ANTICOAG_ORAL,cardiology,Southeast,226.66666666666666,228.66666666666666,True,1,0.6086230796950932,0.6158457147770515,0.007222635081958306
1355374483,1873780039,psm,EVT-0147,2024-10-31,CV_ANTICOAG_ORAL,primary care,West,269.8333333333333,264.6666666666667,True,1,0.3894909957604639,0.36410112619080376,0.02538986956966016
1368009035,1779918477,psm,EVT-0147,2024-10-31,CV_ANTICOAG_ORAL,cardiology,Northeast,198.5,232.83333333333334,True,1,0.2241895694769252,0.22654375430696488,0.002354184830039685
1377426493,,psm,EVT-0147,2024-10-31,CV_ANTICOAG_ORAL,primary care,West,336.1666666666667,,False,,,,
1389574017,,psm,EVT-0147,2024-10-31,CV_ANTICOAG_ORAL,pulmonology,Southwest,288.0,,False,,,,
1433980129,1632734848,psm,EVT-0147,2024-10-31,CV_ANTICOAG_ORAL,pulmonology,Northeast,72.83333333333333,83.0,True,1,0.18397111034804484,0.14406757691859973,0.03990353342944511
1444774099,1069143851,psm,EVT-0147,2024-10-31,CV_ANTICOAG_ORAL,cardiology,West,95.66666666666667,97.16666666666667,True,1,0.062194512591193164,0.06253896767682522,0.00034445508563205746
1478412079,1200346587,psm,EVT-0147,2024-10-31,CV_ANTICOAG_ORAL,cardiology,Midwest,214.5,223.0,True,1,0.12601838677657684,0.15294745158278356,0.026929064806206715
1512844550,1081031506,psm,EVT-0147,2024-10-31,CV_ANTICOAG_ORAL,neurology,Southwest,155.16666666666666,131.66666666666666,True,1,0.1399937108023377,0.1252856434592904,0.014708067343047276
1516074709,1369949932,psm,EVT-0147,2024-10-31,CV_ANTICOAG_ORAL,cardiology,Southwest,250.5,260.3333333333333,True,1,0.20476782643136418,0.21388997345706526,0.009122147025701077
1526669415,1219172859,psm,EVT-0147,2024-10-31,CV_ANTICOAG_ORAL,primary care,Southwest,245.0,262.0,True,1,0.12376481788828435,0.12547056105315255,0.001705743164868198
1610177150,,psm,EVT-0147,2024-10-31,CV_ANTICOAG_ORAL,cardiology,Southeast,426.1666666666667,,False,,,,
1647196991,1337789832,psm,EVT-0147,2024-10-31,CV_ANTICOAG_ORAL,rheumatology,Southeast,83.66666666666667,84.33333333333333,True,1,0.08741712514306155,0.08717220732209356,0.0002449178209679853
1648553570,,psm,EVT-0147,2024-10-31,CV_ANTICOAG_ORAL,cardiology,Southwest,785.1666666666666,,False,,,,
1670701188,,psm,EVT-0147,2024-10-31,CV_ANTICOAG_ORAL,cardiology,Southeast,350.3333333333333,,False,,,,
1722898792,,psm,EVT-0147,2024-10-31,CV_ANTICOAG_ORAL,cardiology,Southeast,174.33333333333334,,False,,,,
1738903891,,psm,EVT-0147,2024-10-31,CV_ANTICOAG_ORAL,endocrinology,Southeast,650.6666666666666,,False,,,,
1760628762,1830884742,psm,EVT-0147,2024-10-31,CV_ANTICOAG_ORAL,cardiology,Southwest,97.33333333333333,99.16666666666667,True,1,0.09837984958207469,0.09929520597233302,0.0009153563902583317
1768225918,1870612441,psm,EVT-0147,2024-10-31,CV_ANTICOAG_ORAL,endocrinology,Midwest,216.16666666666666,209.0,True,1,0.06279689349935562,0.06139044056072445,0.0014064529386311683
1812815243,,psm,EVT-0147,2024-10-31,CV_ANTICOAG_ORAL,primary care,Midwest,286.3333333333333,,False,,,,
1814938340,1955222058,psm,EVT-0147,2024-10-31,CV_ANTICOAG_ORAL,cardiology,Southeast,145.83333333333334,148.33333333333334,True,1,0.31257372242423304,0.32080298408709385,0.00822926166286081
1815807585,1364720148,psm,EVT-0147,2024-10-31,CV_ANTICOAG_ORAL,primary care,Southeast,241.5,240.16666666666666,True,1,0.2015538816645425,0.20040814819372113,0.001145733470821364
1832506087,,psm,EVT-0147,2024-10-31,CV_ANTICOAG_ORAL,primary care,Midwest,623.3333333333334,,False,,,,
1836939912,1429777182,psm,EVT-0147,2024-10-31,CV_ANTICOAG_ORAL,neurology,Southeast,77.83333333333333,78.66666666666667,True,1,0.0641704416597063,0.06367174997043146,0.0004986916892748411
1903798589,1812123887,psm,EVT-0147,2024-10-31,CV_ANTICOAG_ORAL,primary care,Southwest,285.8333333333333,333.3333333333333,True,1,0.12789581478779857,0.13284871789498914,0.0049529031071905705
1921646299,1618352078,psm,EVT-0147,2024-10-31,CV_ANTICOAG_ORAL,neurology,Southwest,186.5,194.83333333333334,True,1,0.16182243246794725,0.16807180459133597,0.006249372123388719
1965727443,,psm,EVT-0147,2024-10-31,CV_ANTICOAG_ORAL,primary care,West,256.8333333333333,,False,,,,
1025231352,1150502551,psm,EVT-0148,2024-11-06,RHEUM_JAK_ORAL,rheumatology,Northeast,347.5,377.5,True,1,0.2929321169437644,0.2939127353669944,0.0009806184232299953
1040239976,1674708775,psm,EVT-0148,2024-11-06,RHEUM_JAK_ORAL,rheumatology,Northeast,436.3333333333333,447.8333333333333,True,1,0.295841388217628,0.29621923339519723,0.00037784517756922487
1196400158,1075683551,psm,EVT-0148,2024-11-06,RHEUM_JAK_ORAL,rheumatology,Southeast,260.5,277.6666666666667,True,1,0.13130650279293443,0.15524260519408792,0.023936102401153486
1199976907,1418704015,psm,EVT-0148,2024-11-06,RHEUM_JAK_ORAL,rheumatology,Northeast,269.6666666666667,231.66666666666666,True,1,0.2903969176797095,0.2891638959981507,0.0012330216815588102
1246066447,,psm,EVT-0148,2024-11-06,RHEUM_JAK_ORAL,rheumatology,Southwest,570.5,,False,,,,
1520551320,1105435741,psm,EVT-0148,2024-11-06,RHEUM_JAK_ORAL,rheumatology,Northeast,185.33333333333334,170.16666666666666,True,1,0.2876646850570768,0.2871749440662889,0.0004897409907879124
1598661571,1524065749,psm,EVT-0148,2024-11-06,RHEUM_JAK_ORAL,rheumatology,Northeast,492.3333333333333,512.8333333333334,True,1,0.29768395869286535,0.2983601218873539,0.0006761631944885438
1638368260,1501563039,psm,EVT-0148,2024-11-06,RHEUM_JAK_ORAL,rheumatology,West,140.83333333333334,152.83333333333334,True,1,0.06255334252856896,0.06038271470640994,0.0021706278221590228
1688735228,1352702876,psm,EVT-0148,2024-11-06,RHEUM_JAK_ORAL,rheumatology,Northeast,154.83333333333334,164.83333333333334,True,1,0.2866803277630503,0.2870028458226452,0.00032251805959487845
1690348028,,psm,EVT-0148,2024-11-06,RHEUM_JAK_ORAL,rheumatology,Midwest,271.8333333333333,,False,,,,
1808310134,,psm,EVT-0148,2024-11-06,RHEUM_JAK_ORAL,rheumatology,Southwest,391.6666666666667,,False,,,,
1847082322,1121962926,psm,EVT-0148,2024-11-06,RHEUM_JAK_ORAL,rheumatology,Northeast,291.5,397.8333333333333,True,1,0.2911067675712275,0.294578465107261,0.003471697536033491
1080672524,1838439200,psm,EVT-0149,2024-11-07,CV_ANTICOAG_ORAL,primary care,Southeast,341.5,320.1666666666667,True,1,0.12074259032625904,0.12143341933673896,0.0006908290104799125
1098995024,,psm,EVT-0149,2024-11-07,CV_ANTICOAG_ORAL,primary care,Northeast,333.5,,False,,,,
1107378550,1275177768,psm,EVT-0149,2024-11-07,CV_ANTICOAG_ORAL,cardiology,Southeast,71.5,62.5,True,1,0.10945743914058848,0.09980032806706975,0.009657111073518729
1120080837,1133042691,psm,EVT-0149,2024-11-07,CV_ANTICOAG_ORAL,cardiology,Northeast,202.83333333333334,172.83333333333334,True,1,0.27078369543777475,0.2346342621185596,0.03614943331921516
1124726435,,psm,EVT-0149,2024-11-07,CV_ANTICOAG_ORAL,primary care,Northeast,697.0,,False,,,,
1163199601,1081031506,psm,EVT-0149,2024-11-07,CV_ANTICOAG_ORAL,neurology,Southwest,150.16666666666666,139.66666666666666,True,1,0.07154517950166266,0.0694388769245611,0.0021063025771015514
1189769080,,psm,EVT-0149,2024-11-07,CV_ANTICOAG_ORAL,primary care,Northeast,353.3333333333333,,False,,,,
1219516501,,psm,EVT-0149,2024-11-07,CV_ANTICOAG_ORAL,endocrinology,Midwest,420.3333333333333,,False,,,,
1264333323,,psm,EVT-0149,2024-11-07,CV_ANTICOAG_ORAL,primary care,Northeast,381.1666666666667,,False,,,,
1265952337,1897723296,psm,EVT-0149,2024-11-07,CV_ANTICOAG_ORAL,cardiology,Northeast,165.83333333333334,168.16666666666666,True,1,0.22669812960732952,0.22932225612936627,0.0026241265220367516
1273912869,1109634414,psm,EVT-0149,2024-11-07,CV_ANTICOAG_ORAL,rheumatology,Northeast,158.0,158.16666666666666,True,1,0.19158471843731031,0.19157686225044168,7.856186868632209e-06
1299418347,1132120993,psm,EVT-0149,2024-11-07,CV_ANTICOAG_ORAL,cardiology,Northeast,118.5,120.83333333333333,True,1,0.178070959259768,0.18026341801031265,0.0021924587505446347
1310164813,1295857761,psm,EVT-0149,2024-11-07,CV_ANTICOAG_ORAL,primary care,Southeast,76.16666666666667,70.16666666666667,True,1,0.1295794303688702,0.1297854822136625,0.00020605184479230432
1326516303,,psm,EVT-0149,2024-11-07,CV_ANTICOAG_ORAL,oncology,Southwest,468.3333333333333,,False,,,,
1328056928,1596912711,psm,EVT-0149,2024-11-07,CV_ANTICOAG_ORAL,oncology,Northeast,86.66666666666667,78.0,True,1,0.08416272795132844,0.08479541251990799,0.0006326845685795529
1332369119,1451721462,psm,EVT-0149,2024-11-07,CV_ANTICOAG_ORAL,cardiology,Southeast,231.0,235.83333333333334,True,1,0.4333373744893142,0.44698696283633316,0.01364958834701896
1433980129,1632734848,psm,EVT-0149,2024-11-07,CV_ANTICOAG_ORAL,pulmonology,Northeast,71.16666666666667,89.0,True,1,0.3300945282266525,0.2979067435811114,0.03218778464554106
1449048093,1708639657,psm,EVT-0149,2024-11-07,CV_ANTICOAG_ORAL,endocrinology,Northeast,127.0,113.0,True,1,0.08398679508512183,0.07648238510862841,0.0075044099764934175
1475115246,1836894604,psm,EVT-0149,2024-11-07,CV_ANTICOAG_ORAL,cardiology,Southeast,192.33333333333334,202.16666666666666,True,1,0.3292872289127038,0.3546389654379363,0.025351736525232538
1516074709,1369949932,psm,EVT-0149,2024-11-07,CV_ANTICOAG_ORAL,cardiology,Southwest,244.16666666666666,256.5,True,1,0.09453662485374253,0.10071057965236693,0.006173954798624398
1520551320,1602648309,psm,EVT-0149,2024-11-07,CV_ANTICOAG_ORAL,rheumatology,Northeast,227.33333333333334,184.0,True,1,0.1883377455914876,0.19036212426664426,0.002024378675156646
1546151204,1877046932,psm,EVT-0149,2024-11-07,CV_ANTICOAG_ORAL,primary care,Northeast,145.33333333333334,144.66666666666666,True,1,0.06356093428123141,0.06271286889686814,0.0008480653843632724
1598661571,1282327174,psm,EVT-0149,2024-11-07,CV_ANTICOAG_ORAL,rheumatology,Northeast,227.66666666666666,271.3333333333333,True,1,0.18832223771971418,0.1862991804225538,0.0020230572971603744
1610177150,,psm,EVT-0149,2024-11-07,CV_ANTICOAG_ORAL,cardiology,Southeast,426.3333333333333,,False,,,,
1621842156,1362648127,psm,EVT-0149,2024-11-07,CV_ANTICOAG_ORAL,oncology,Northeast,105.83333333333333,98.16666666666667,True,1,0.08277872314200402,0.08332982304891036,0.000551099906906341
1683943777,1950588461,psm,EVT-0149,2024-11-07,CV_ANTICOAG_ORAL,cardiology,West,180.33333333333334,180.83333333333334,True,1,0.08138361750281696,0.08148346244395137,9.984494113440823e-05
1710163217,1042224778,psm,EVT-0149,2024-11-07,CV_ANTICOAG_ORAL,cardiology,Northeast,241.16666666666666,240.66666666666666,True,1,0.32175219709785235,0.3210554450153807,0.0006967520824716633
1713444978,,psm,EVT-0149,2024-11-07,CV_ANTICOAG_ORAL,endocrinology,Midwest,791.0,,False,,,,
1714986282,1426157339,psm,EVT-0149,2024-11-07,CV_ANTICOAG_ORAL,cardiology,West,181.66666666666666,185.0,True,1,0.08165011876148148,0.08231985353868146,0.0006697347771999762
1724092733,1871372714,psm,EVT-0149,2024-11-07,CV_ANTICOAG_ORAL,cardiology,Northeast,287.6666666666667,295.6666666666667,True,1,0.3896856890780441,0.40190831722631687,0.012222628148272796
1725623817,1134632102,psm,EVT-0149,2024-11-07,CV_ANTICOAG_ORAL,primary care,Southwest,355.0,367.6666666666667,True,1,0.08394832382830301,0.08878195023194847,0.004833626403645458
1725724532,,psm,EVT-0149,2024-11-07,CV_ANTICOAG_ORAL,primary care,Northeast,717.3333333333334,,False,,,,
1768225918,1234985764,psm,EVT-0149,2024-11-07,CV_ANTICOAG_ORAL,endocrinology,Midwest,216.83333333333334,208.5,True,1,0.09235291220490588,0.08279088241121572,0.009562029793690155
1793685516,,psm,EVT-0149,2024-11-07,CV_ANTICOAG_ORAL,cardiology,Southeast,274.0,,False,,,,
1824172013,,psm,EVT-0149,2024-11-07,CV_ANTICOAG_ORAL,primary care,Midwest,385.8333333333333,,False,,,,
1847082322,1775551348,psm,EVT-0149,2024-11-07,CV_ANTICOAG_ORAL,rheumatology,Northeast,105.16666666666667,101.16666666666667,True,1,0.19408752682902994,0.1942780209956236,0.0001904941665936688
1854852153,1870532862,psm,EVT-0149,2024-11-07,CV_ANTICOAG_ORAL,pulmonology,Southwest,154.16666666666666,155.16666666666666,True,1,0.1445908172239365,0.14638808639010756,0.0017972691661710671
1880717263,1761262934,psm,EVT-0149,2024-11-07,CV_ANTICOAG_ORAL,pulmonology,Northeast,171.33333333333334,168.16666666666666,True,1,0.17542871154797987,0.17930267024264537,0.0038739586946655025
1885387740,1423753536,psm,EVT-0149,2024-11-07,CV_ANTICOAG_ORAL,endocrinology,Northeast,347.3333333333333,333.3333333333333,True,1,0.3126217830052712,0.29118230810791706,0.02143947489735415
1903121188,1573445784,psm,EVT-0149,2024-11-07,CV_ANTICOAG_ORAL,pulmonology,Northeast,101.83333333333333,99.0,True,1,0.2759001762897026,0.28067147295535855,0.004771296665655955
1944079924,,psm,EVT-0149,2024-11-07,CV_ANTICOAG_ORAL,rheumatology,Southeast,503.1666666666667,,False,,,,
1038444141,1987092370,psm,EVT-0150,2024-11-08,ONC_TARGETED_ORAL,oncology,Southeast,255.16666666666666,254.83333333333334,True,1,0.07176633700109294,0.07152829700862531,0.0002380399924676313
1209464480,1338304433,psm,EVT-0150,2024-11-08,ONC_TARGETED_ORAL,oncology,Southeast,520.3333333333334,508.0,True,1,0.5712779458535951,0.538585991021823,0.03269195483177212
1292975558,,psm,EVT-0150,2024-11-08,ONC_TARGETED_ORAL,oncology,Northeast,871.5,,False,,,,
1328056928,1468815406,psm,EVT-0150,2024-11-08,ONC_TARGETED_ORAL,oncology,Northeast,306.3333333333333,320.0,True,1,0.1552663513878056,0.16660288584867003,0.01133653446086444
1358245029,1918398995,psm,EVT-0150,2024-11-08,ONC_TARGETED_ORAL,oncology,Midwest,186.5,181.66666666666666,True,1,0.045554260162893184,0.04450345378348654,0.0010508063794066463
1659738110,1580871600,psm,EVT-0150,2024-11-08,ONC_TARGETED_ORAL,oncology,Northeast,119.66666666666667,122.5,True,1,0.055150894545769096,0.05606522398253734,0.000914329436768245
1025231352,1150502551,psm,EVT-0151,2024-11-14,RHEUM_JAK_ORAL,rheumatology,Northeast,347.5,377.5,True,1,0.39520777980313554,0.4053192253229158,0.010111445519780271
1199976907,1222151080,psm,EVT-0151,2024-11-14,RHEUM_JAK_ORAL,rheumatology,Northeast,269.6666666666667,131.83333333333334,True,1,0.36940727115359273,0.3255690600439238,0.043838211109668956
1520551320,1105435741,psm,EVT-0151,2024-11-14,RHEUM_JAK_ORAL,rheumatology,Northeast,185.33333333333334,170.16666666666666,True,1,0.3422745538437002,0.33749661890917093,0.004777934934529271
1524065749,1282327174,psm,EVT-0151,2024-11-14,RHEUM_JAK_ORAL,rheumatology,Northeast,512.8333333333334,523.8333333333334,True,1,0.4518185058805634,0.45564674656523446,0.0038282406846710804
1590337907,1602648309,psm,EVT-0151,2024-11-14,RHEUM_JAK_ORAL,rheumatology,Northeast,667.6666666666666,702.3333333333334,True,1,0.5060192967835475,0.518180588272169,0.01216129148862144
1595774286,,psm,EVT-0151,2024-11-14,RHEUM_JAK_ORAL,rheumatology,Midwest,613.3333333333334,,False,,,,
1598661571,1775551348,psm,EVT-0151,2024-11-14,RHEUM_JAK_ORAL,rheumatology,Northeast,492.3333333333333,451.3333333333333,True,1,0.4446995893704935,0.4305324516317101,0.014167137738783364
1688735228,1352702876,psm,EVT-0151,2024-11-14,RHEUM_JAK_ORAL,rheumatology,Northeast,154.83333333333334,164.83333333333334,True,1,0.3326996812154068,0.3358242598224731,0.0031245786070663306
1768831921,1418704015,psm,EVT-0151,2024-11-14,RHEUM_JAK_ORAL,rheumatology,Northeast,230.5,231.66666666666666,True,1,0.3566910540613219,0.3570670333819679,0.0003759793206459805
1847082322,1121962926,psm,EVT-0151,2024-11-14,RHEUM_JAK_ORAL,rheumatology,Northeast,291.5,397.8333333333333,True,1,0.3765767235481925,0.41221906751675214,0.03564234396855964
1892307210,1739712036,psm,EVT-0151,2024-11-14,RHEUM_JAK_ORAL,rheumatology,Northeast,239.66666666666666,135.5,True,1,0.35964990131257163,0.32670053452794784,0.03294936678462379
1015191335,1440538092,psm,EVT-0152,2024-11-20,CV_ANTICOAG_ORAL,cardiology,Northeast,88.83333333333333,89.5,True,1,0.3127099340404412,0.31141448132290467,0.001295452717536505
1025231352,1282327174,psm,EVT-0152,2024-11-20,CV_ANTICOAG_ORAL,rheumatology,Northeast,234.83333333333334,271.3333333333333,True,1,0.1178470133669212,0.1275291821844145,0.0096821688174933
1044303869,1362648127,psm,EVT-0152,2024-11-20,CV_ANTICOAG_ORAL,oncology,Northeast,96.0,98.16666666666667,True,1,0.08347844554609088,0.0832714075082182,0.00020703803787268382
1058647219,,psm,EVT-0152,2024-11-20,CV_ANTICOAG_ORAL,pulmonology,Northeast,270.1666666666667,,False,,,,
1144669185,,psm,EVT-0152,2024-11-20,CV_ANTICOAG_ORAL,primary care,Northeast,863.6666666666666,,False,,,,
1204787067,1874547676,psm,EVT-0152,2024-11-20,CV_ANTICOAG_ORAL,neurology,Northeast,69.83333333333333,71.66666666666667,True,1,0.1625091312733069,0.16469000581249943,0.0021808745391925233
1213511599,,psm,EVT-0152,2024-11-20,CV_ANTICOAG_ORAL,primary care,Northeast,1096.6666666666667,,False,,,,
1225504491,1413202163,psm,EVT-0152,2024-11-20,CV_ANTICOAG_ORAL,endocrinology,Midwest,70.0,71.16666666666667,True,1,0.1989907146527641,0.19884819953283456,0.00014251511992954824
1237205202,1736538384,psm,EVT-0152,2024-11-20,CV_ANTICOAG_ORAL,endocrinology,Northeast,86.83333333333333,92.5,True,1,0.04164332733952428,0.04271921841211001,0.0010758910725857315
1243754490,,psm,EVT-0152,2024-11-20,CV_ANTICOAG_ORAL,neurology,Northeast,396.5,,False,,,,
1263807582,,psm,EVT-0152,2024-11-20,CV_ANTICOAG_ORAL,primary care,Northeast,575.5,,False,,,,
1280087226,,psm,EVT-0152,2024-11-20,CV_ANTICOAG_ORAL,primary care,Northeast,473.6666666666667,,False,,,,
1299418347,1132120993,psm,EVT-0152,2024-11-20,CV_ANTICOAG_ORAL,cardiology,Northeast,118.5,120.83333333333333,True,1,0.2580727433743892,0.25404952385660795,0.004023219517781229
1385532449,1489598965,psm,EVT-0152,2024-11-20,CV_ANTICOAG_ORAL,primary care,Southeast,214.16666666666666,242.16666666666666,True,1,0.05884397086774217,0.0585240002907879,0.00031997057695427183
1418997171,,psm,EVT-0152,2024-11-20,CV_ANTICOAG_ORAL,primary care,Northeast,323.0,,False,,,,
1425340662,1783823739,psm,EVT-0152,2024-11-20,CV_ANTICOAG_ORAL,primary care,Southwest,474.0,457.0,True,1,0.1953629955389453,0.1608082807262691,0.03455471481267619
1443551811,1738266356,psm,EVT-0152,2024-11-20,CV_ANTICOAG_ORAL,neurology,Southwest,93.83333333333333,83.16666666666667,True,1,0.07199086039214887,0.07298017855759277,0.0009893181654438976
1467704312,,psm,EVT-0152,2024-11-20,CV_ANTICOAG_ORAL,neurology,Northeast,366.1666666666667,,False,,,,
1486877065,1788421810,psm,EVT-0152,2024-11-20,CV_ANTICOAG_ORAL,neurology,Northeast,169.5,180.66666666666666,True,1,0.31578365765461774,0.3371236749630127,0.021340017308394965
1533003293,,psm,EVT-0152,2024-11-20,CV_ANTICOAG_ORAL,pulmonology,Midwest,477.6666666666667,,False,,,,
1555906795,,psm,EVT-0152,2024-11-20,CV_ANTICOAG_ORAL,pulmonology,Midwest,257.8333333333333,,False,,,,
1567993435,1410468163,psm,EVT-0152,2024-11-20,CV_ANTICOAG_ORAL,neurology,Northeast,65.83333333333333,75.5,True,1,0.15783171904942914,0.16932585601699676,0.011494136967567625
1592062677,1026926489,psm,EVT-0152,2024-11-20,CV_ANTICOAG_ORAL,neurology,Southeast,273.8333333333333,273.6666666666667,True,1,0.485230950211797,0.46807675128269705,0.017154198929099973
1598661571,1602648309,psm,EVT-0152,2024-11-20,CV_ANTICOAG_ORAL,rheumatology,Northeast,227.66666666666666,184.0,True,1,0.11602241437960742,0.10542842545241791,0.010593988927189504
1599989245,1596912711,psm,EVT-0152,2024-11-20,CV_ANTICOAG_ORAL,oncology,Northeast,94.16666666666667,78.0,True,1,0.08365399690270457,0.08521661660880395,0.0015626197060993746
1616418756,,psm,EVT-0152,2024-11-20,CV_ANTICOAG_ORAL,neurology,Northeast,255.5,,False,,,,
1645233598,1025978341,psm,EVT-0152,2024-11-20,CV_ANTICOAG_ORAL,endocrinology,Northeast,573.5,572.0,True,1,0.29965443927643653,0.2981771354607217,0.0014773038157148144
1647196991,1337789832,psm,EVT-0152,2024-11-20,CV_ANTICOAG_ORAL,rheumatology,Southeast,82.16666666666667,80.83333333333333,True,1,0.07537228583957802,0.07464412167618321,0.0007281641633948011
1655321622,1331020234,psm,EVT-0152,2024-11-20,CV_ANTICOAG_ORAL,cardiology,Northeast,116.5,129.5,True,1,0.26155411772567677,0.23947194082325787,0.0220821769024189
1666389063,1223528765,psm,EVT-0152,2024-11-20,CV_ANTICOAG_ORAL,endocrinology,Midwest,108.66666666666667,96.5,True,1,0.19430820614493508,0.19577250340757996,0.0014642972626448814
1689916181,,psm,EVT-0152,2024-11-20,CV_ANTICOAG_ORAL,primary care,Northeast,232.5,,False,,,,
1706991829,1803339427,psm,EVT-0152,2024-11-20,CV_ANTICOAG_ORAL,endocrinology,Midwest,309.6666666666667,282.0,True,1,0.171314534694064,0.17434649272680278,0.003031958032738785
1774691384,1071299832,psm,EVT-0152,2024-11-20,CV_ANTICOAG_ORAL,neurology,Northeast,64.33333333333333,65.0,True,1,0.1561061074402627,0.1568711401195846,0.0007650326793219031
1787619711,,psm,EVT-0152,2024-11-20,CV_ANTICOAG_ORAL,cardiology,Midwest,528.5,,False,,,,
1832506087,,psm,EVT-0152,2024-11-20,CV_ANTICOAG_ORAL,primary care,Midwest,649.1666666666666,,False,,,,
1885189138,1133042691,psm,EVT-0152,2024-11-20,CV_ANTICOAG_ORAL,cardiology,Northeast,196.66666666666666,172.83333333333334,True,1,0.14634763532092984,0.1754027130219752,0.029055077701045345
1893020424,1674345776,psm,EVT-0152,2024-11-20,CV_ANTICOAG_ORAL,neurology,Midwest,118.0,115.33333333333333,True,1,0.07787181227453135,0.0764934252231281,0.0013783870514032515
1944079924,,psm,EVT-0152,2024-11-20,CV_ANTICOAG_ORAL,rheumatology,Southeast,503.1666666666667,,False,,,,
1018018261,,psm,EVT-0153,2024-11-21,CV_ANTICOAG_ORAL,primary care,Northeast,370.3333333333333,,False,,,,
1044666919,1464676570,psm,EVT-0153,2024-11-21,CV_ANTICOAG_ORAL,neurology,Southeast,134.33333333333334,132.66666666666666,True,1,0.05708590770120357,0.056213481799867605,0.0008724259013359673
1048976678,1393729789,psm,EVT-0153,2024-11-21,CV_ANTICOAG_ORAL,primary care,Southeast,304.5,303.5,True,1,0.1787037788537876,0.17838445901709526,0.0003193198366923389
1058647219,,psm,EVT-0153,2024-11-21,CV_ANTICOAG_ORAL,pulmonology,Northeast,270.1666666666667,,False,,,,
1123148250,1369949932,psm,EVT-0153,2024-11-21,CV_ANTICOAG_ORAL,cardiology,Southwest,283.1666666666667,256.5,True,1,0.12006491431142291,0.10043367605421159,0.019631238257211317
1136500869,,psm,EVT-0153,2024-11-21,CV_ANTICOAG_ORAL,endocrinology,Southeast,396.5,,False,,,,
1139166684,,psm,EVT-0153,2024-11-21,CV_ANTICOAG_ORAL,pulmonology,Midwest,147.5,,False,,,,
1159841240,,psm,EVT-0153,2024-11-21,CV_ANTICOAG_ORAL,neurology,Southeast,671.8333333333334,,False,,,,
1204787067,1874547676,psm,EVT-0153,2024-11-21,CV_ANTICOAG_ORAL,neurology,Northeast,69.83333333333333,71.66666666666667,True,1,0.183776916478647,0.18661771511731953,0.002840798638672537
1213511599,,psm,EVT-0153,2024-11-21,CV_ANTICOAG_ORAL,primary care,Northeast,1096.6666666666667,,False,,,,
1219516501,,psm,EVT-0153,2024-11-21,CV_ANTICOAG_ORAL,endocrinology,Midwest,420.3333333333333,,False,,,,
1273912869,1109634414,psm,EVT-0153,2024-11-21,CV_ANTICOAG_ORAL,rheumatology,Northeast,158.0,158.16666666666666,True,1,0.060502589995842126,0.06048192904262407,2.0660953218058775e-05
1280087226,,psm,EVT-0153,2024-11-21,CV_ANTICOAG_ORAL,primary care,Northeast,473.6666666666667,,False,,,,
1285347583,1251411553,psm,EVT-0153,2024-11-21,CV_ANTICOAG_ORAL,neurology,Southwest,70.33333333333333,67.16666666666667,True,1,0.08402853717046921,0.08567616812354653,0.0016476309530773225
1456207657,,psm,EVT-0153,2024-11-21,CV_ANTICOAG_ORAL,primary care,Midwest,356.0,,False,,,,
1467704312,,psm,EVT-0153,2024-11-21,CV_ANTICOAG_ORAL,neurology,Northeast,366.1666666666667,,False,,,,
1567993435,1410468163,psm,EVT-0153,2024-11-21,CV_ANTICOAG_ORAL,neurology,Northeast,65.83333333333333,75.5,True,1,0.17769537374302088,0.1926666235119862,0.014971249768965328
1595301304,1650044724,psm,EVT-0153,2024-11-21,CV_ANTICOAG_ORAL,primary care,Southwest,107.66666666666667,104.0,True,1,0.08723824092163392,0.0865646031370816,0.0006736377845523167
1599989245,1362648127,psm,EVT-0153,2024-11-21,CV_ANTICOAG_ORAL,oncology,Northeast,94.16666666666667,98.16666666666667,True,1,0.04365059815543075,0.04341151695424625,0.0002390812011845017
1615059528,1997693654,psm,EVT-0153,2024-11-21,CV_ANTICOAG_ORAL,primary care,Southeast,197.33333333333334,172.5,True,1,0.14698126176675866,0.14033102867500558,0.006650233091753083
1616418756,,psm,EVT-0153,2024-11-21,CV_ANTICOAG_ORAL,neurology,Northeast,255.5,,False,,,,
1732527431,1364720148,psm,EVT-0153,2024-11-21,CV_ANTICOAG_ORAL,primary care,Southeast,267.6666666666667,245.66666666666666,True,1,0.16723556516146904,0.160670781374955,0.006564783786514039
1745601371,1219591108,psm,EVT-0153,2024-11-21,CV_ANTICOAG_ORAL,cardiology,Midwest,62.0,53.333333333333336,True,1,0.059963215454608726,0.06914181234122338,0.009178596886614654
1749355669,,psm,EVT-0153,2024-11-21,CV_ANTICOAG_ORAL,neurology,West,178.0,,False,,,,
1769764832,1914644640,psm,EVT-0153,2024-11-21,CV_ANTICOAG_ORAL,neurology,Northeast,222.5,217.83333333333334,True,1,0.5191744657431118,0.5072031305907851,0.011971335152326623
1774691384,1071299832,psm,EVT-0153,2024-11-21,CV_ANTICOAG_ORAL,neurology,Northeast,64.33333333333333,65.0,True,1,0.17545582901331325,0.17644842758689655,0.0009925985735833032
1788421810,,psm,EVT-0153,2024-11-21,CV_ANTICOAG_ORAL,neurology,Northeast,180.66666666666666,,False,,,,
1896554999,,psm,EVT-0153,2024-11-21,CV_ANTICOAG_ORAL,primary care,West,549.6666666666666,,False,,,,
1924355757,1412773438,psm,EVT-0153,2024-11-21,CV_ANTICOAG_ORAL,primary care,Southwest,513.5,542.5,True,1,0.19651890615601764,0.2073373550106926,0.01081844885467495
1993367014,,psm,EVT-0153,2024-11-21,CV_ANTICOAG_ORAL,pulmonology,Midwest,165.33333333333334,,False,,,,
1058647219,,psm,EVT-0154,2024-11-22,METABOLIC_GLP1_INJ,pulmonology,Northeast,361.3333333333333,,False,,,,
1075036339,,psm,EVT-0154,2024-11-22,METABOLIC_GLP1_INJ,pulmonology,West,26.5,,False,,,,
1080672524,1393729789,psm,EVT-0154,2024-11-22,METABOLIC_GLP1_INJ,primary care,Southeast,148.66666666666666,142.33333333333334,True,1,0.1911857099754933,0.190204360027165,0.0009813499483282973
1138281740,,psm,EVT-0154,2024-11-22,METABOLIC_GLP1_INJ,primary care,West,313.8333333333333,,False,,,,
1144669185,,psm,EVT-0154,2024-11-22,METABOLIC_GLP1_INJ,primary care,Northeast,364.3333333333333,,False,,,,
1174145494,1736538384,psm,EVT-0154,2024-11-22,METABOLIC_GLP1_INJ,endocrinology,Northeast,211.5,205.83333333333334,True,1,0.0553979334230948,0.05390352622048862,0.001494407202606178
1189769080,,psm,EVT-0154,2024-11-22,METABOLIC_GLP1_INJ,primary care,Northeast,276.5,,False,,,,
1190842652,1352216182,psm,EVT-0154,2024-11-22,METABOLIC_GLP1_INJ,primary care,Southwest,198.16666666666666,197.33333333333334,True,1,0.24997502832930607,0.2500933436615336,0.00011831533222750323
1213511599,,psm,EVT-0154,2024-11-22,METABOLIC_GLP1_INJ,primary care,Northeast,978.3333333333334,,False,,,,
1266945785,1101142523,psm,EVT-0154,2024-11-22,METABOLIC_GLP1_INJ,primary care,West,94.33333333333333,98.83333333333333,True,1,0.24582935326892552,0.25313705864039804,0.007307705371472517
1271463741,1434523506,psm,EVT-0154,2024-11-22,METABOLIC_GLP1_INJ,primary care,West,124.16666666666667,132.16666666666666,True,1,0.2968749635792199,0.31155999966089326,0.014685036081673375
1321405205,1246818524,psm,EVT-0154,2024-11-22,METABOLIC_GLP1_INJ,primary care,West,32.166666666666664,29.5,True,1,0.15973791967806936,0.15665786267981788,0.003080056998251479
1425340662,1590869917,psm,EVT-0154,2024-11-22,METABOLIC_GLP1_INJ,primary care,Southwest,210.5,212.66666666666666,True,1,0.2482283284404718,0.24792232142326398,0.00030600701720781553
1425610817,1512866082,psm,EVT-0154,2024-11-22,METABOLIC_GLP1_INJ,primary care,Southeast,87.0,91.16666666666667,True,1,0.18179423013995624,0.18241731904833694,0.0006230889083806979
1435662964,1756884833,psm,EVT-0154,2024-11-22,METABOLIC_GLP1_INJ,endocrinology,West,105.83333333333333,107.16666666666667,True,1,0.0720824316570477,0.07254119229348373,0.0004587606364360314
1533003293,,psm,EVT-0154,2024-11-22,METABOLIC_GLP1_INJ,pulmonology,Midwest,158.5,,False,,,,
1536278926,,psm,EVT-0154,2024-11-22,METABOLIC_GLP1_INJ,primary care,West,150.83333333333334,,False,,,,
1567742360,,psm,EVT-0154,2024-11-22,METABOLIC_GLP1_INJ,primary care,West,323.6666666666667,,False,,,,
1595774286,1187084813,psm,EVT-0154,2024-11-22,METABOLIC_GLP1_INJ,rheumatology,Midwest,183.66666666666666,203.83333333333334,True,1,0.12074620779172583,0.14166098717686482,0.020914779385138985
1644815767,,psm,EVT-0154,2024-11-22,METABOLIC_GLP1_INJ,primary care,West,350.3333333333333,,False,,,,
1672904236,1464805419,psm,EVT-0154,2024-11-22,METABOLIC_GLP1_INJ,cardiology,Northeast,160.5,146.5,True,1,0.06280023586944848,0.06197104172813085,0.0008291941413176296
1686880901,1961509027,psm,EVT-0154,2024-11-22,METABOLIC_GLP1_INJ,primary care,West,91.0,89.5,True,1,0.24050872019441677,0.23814026047375744,0.002368459720659327
1688976343,,psm,EVT-0154,2024-11-22,METABOLIC_GLP1_INJ,pulmonology,Southeast,358.8333333333333,,False,,,,
1689916181,,psm,EVT-0154,2024-11-22,METABOLIC_GLP1_INJ,primary care,Northeast,355.0,,False,,,,
1703413967,1065091666,psm,EVT-0154,2024-11-22,METABOLIC_GLP1_INJ,endocrinology,West,210.33333333333334,218.33333333333334,True,1,0.11720731073723786,0.1215200636454815,0.004312752908243636
1704331150,1432188427,psm,EVT-0154,2024-11-22,METABOLIC_GLP1_INJ,endocrinology,West,257.5,266.6666666666667,True,1,0.14464604989538687,0.15056081187331283,0.005914761977925953
1738903891,1285330571,psm,EVT-0154,2024-11-22,METABOLIC_GLP1_INJ,endocrinology,Southeast,317.5,379.0,True,1,0.0965949472553578,0.14151936071383764,0.044924413458479834
1747637738,1377516020,psm,EVT-0154,2024-11-22,METABOLIC_GLP1_INJ,primary care,Midwest,71.33333333333333,73.83333333333333,True,1,0.03552098196642496,0.03597087224588232,0.00044989027945736143
1752727945,1233281843,psm,EVT-0154,2024-11-22,METABOLIC_GLP1_INJ,primary care,West,94.33333333333333,103.33333333333333,True,1,0.24582935326892552,0.2605869377924737,0.014757584523548195
1769234364,1812123887,psm,EVT-0154,2024-11-22,METABOLIC_GLP1_INJ,primary care,Southwest,154.33333333333334,144.16666666666666,True,1,0.25624891761509305,0.2577187342139864,0.0014698165988933365
1803233885,1364720148,psm,EVT-0154,2024-11-22,METABOLIC_GLP1_INJ,primary care,Southeast,438.5,467.0,True,1,0.2402468406621116,0.24550853960008165,0.005261698937970044
1824149854,1429777182,psm,EVT-0154,2024-11-22,METABOLIC_GLP1_INJ,neurology,Southeast,145.5,145.5,True,1,0.07528789473167637,0.07528789473167637,0.0
1824172013,,psm,EVT-0154,2024-11-22,METABOLIC_GLP1_INJ,primary care,Midwest,1173.6666666666667,,False,,,,
1828803407,1124315999,psm,EVT-0154,2024-11-22,METABOLIC_GLP1_INJ,oncology,Northeast,40.5,41.5,True,1,0.06541492057468654,0.06392423023807393,0.0014906903366126018
1896554999,1873780039,psm,EVT-0154,2024-11-22,METABOLIC_GLP1_INJ,primary care,West,331.6666666666667,338.6666666666667,True,1,0.7185970879405386,0.7307099115573699,0.012112823616831303
1908168895,1769352273,psm,EVT-0154,2024-11-22,METABOLIC_GLP1_INJ,primary care,Southwest,209.66666666666666,181.5,True,1,0.2483460907884141,0.25234841855076845,0.004002327762354346
1927430854,1240393805,psm,EVT-0154,2024-11-22,METABOLIC_GLP1_INJ,primary care,Southeast,192.5,164.5,True,1,0.19808367986507508,0.19365598580308455,0.004427694061990534
1937514325,1676855970,psm,EVT-0154,2024-11-22,METABOLIC_GLP1_INJ,primary care,West,276.0,291.8333333333333,True,1,0.6117542929267177,0.6438288704421689,0.032074577515451175
1944079924,1337789832,psm,EVT-0154,2024-11-22,METABOLIC_GLP1_INJ,rheumatology,Southeast,134.16666666666666,132.5,True,1,0.09170061587871044,0.09084075238916765,0.0008598634895427837
1967802350,1041494554,psm,EVT-0154,2024-11-22,METABOLIC_GLP1_INJ,pulmonology,Midwest,124.83333333333333,126.0,True,1,0.3026656524406174,0.3315554154435831,0.028889763002965696
1058647219,1536141264,psm,EVT-0155,2024-11-23,PULM_ICS_LABA_INH,pulmonology,Northeast,433.0,438.8333333333333,True,1,0.708731694060146,0.7313889654419018,0.022657271381755772
1081051991,1407459696,psm,EVT-0155,2024-11-23,PULM_ICS_LABA_INH,pulmonology,Southwest,100.83333333333333,99.0,True,1,0.31479636911358533,0.31504457296687327,0.0002482038532879427
1198262952,,psm,EVT-0155,2024-11-23,PULM_ICS_LABA_INH,pulmonology,Northeast,864.6666666666666,,False,,,,
1229022169,1030235620,psm,EVT-0155,2024-11-23,PULM_ICS_LABA_INH,pulmonology,West,140.5,140.5,True,1,0.03852340453176673,0.03852340453176673,0.0
1389574017,1648626962,psm,EVT-0155,2024-11-23,PULM_ICS_LABA_INH,pulmonology,Southwest,319.8333333333333,342.5,True,1,0.285933624682411,0.2830383548090374,0.0028952698733736293
1433980129,,psm,EVT-0155,2024-11-23,PULM_ICS_LABA_INH,pulmonology,Northeast,334.3333333333333,,False,,,,
1533003293,,psm,EVT-0155,2024-11-23,PULM_ICS_LABA_INH,pulmonology,Midwest,345.1666666666667,,False,,,,
1655727265,,psm,EVT-0155,2024-11-23,PULM_ICS_LABA_INH,pulmonology,Northeast,514.8333333333334,,False,,,,
1688976343,1081238747,psm,EVT-0155,2024-11-23,PULM_ICS_LABA_INH,pulmonology,Southeast,325.5,333.5,True,1,0.09274272712917533,0.09430007200605035,0.0015573448768750192
1736829924,1838576308,psm,EVT-0155,2024-11-23,PULM_ICS_LABA_INH,pulmonology,Southeast,174.33333333333334,190.16666666666666,True,1,0.06737518726284816,0.06969606181360494,0.002320874550756774
1854852153,1870532862,psm,EVT-0155,2024-11-23,PULM_ICS_LABA_INH,pulmonology,Southwest,203.16666666666666,194.83333333333334,True,1,0.3011124763656154,0.3022140941549408,0.0011016177893254375
1025231352,,psm,EVT-0156,2024-11-24,METABOLIC_GLP1_INJ,rheumatology,Northeast,521.6666666666666,,False,,,,
1041585906,1275723975,psm,EVT-0156,2024-11-24,METABOLIC_GLP1_INJ,oncology,West,83.33333333333333,84.5,True,1,0.05809503517580176,0.05956978693220917,0.0014747517564074122
1048976678,1240393805,psm,EVT-0156,2024-11-24,METABOLIC_GLP1_INJ,primary care,Southeast,167.16666666666666,164.5,True,1,0.19645638650455147,0.19434779416480555,0.0021085923397459183
1050705288,1630629040,psm,EVT-0156,2024-11-24,METABOLIC_GLP1_INJ,endocrinology,Southeast,215.5,183.33333333333334,True,1,0.1965156359016218,0.17835731604964722,0.01815831985197458
1075036339,,psm,EVT-0156,2024-11-24,METABOLIC_GLP1_INJ,pulmonology,West,26.5,,False,,,,
1136500869,1231453428,psm,EVT-0156,2024-11-24,METABOLIC_GLP1_INJ,endocrinology,Southeast,78.0,79.16666666666667,True,1,0.1280645527755687,0.1285484985838543,0.0004839458082856185
1200480071,1261377760,psm,EVT-0156,2024-11-24,METABOLIC_GLP1_INJ,primary care,Northeast,147.16666666666666,157.83333333333334,True,1,0.10240287331766107,0.10723373255817412,0.004830859240513047
1227780172,1769352273,psm,EVT-0156,2024-11-24,METABOLIC_GLP1_INJ,primary care,Southwest,185.5,181.5,True,1,0.15421228728265357,0.15430960654032452,9.731925767095251e-05
1237205202,1249657408,psm,EVT-0156,2024-11-24,METABOLIC_GLP1_INJ,endocrinology,Northeast,188.33333333333334,190.33333333333334,True,1,0.19012561165315758,0.19245496402412368,0.002329352370966098
1238983617,1113953065,psm,EVT-0156,2024-11-24,METABOLIC_GLP1_INJ,pulmonology,Southeast,182.5,182.0,True,1,0.05146583222667415,0.0511214237642552,0.0003444084624189478
1257723886,1598998692,psm,EVT-0156,2024-11-24,METABOLIC_GLP1_INJ,endocrinology,Southwest,85.16666666666667,85.0,True,1,0.15165489405161248,0.15219056485392904,0.0005356708023165624
1264333323,1251202242,psm,EVT-0156,2024-11-24,METABOLIC_GLP1_INJ,primary care,Northeast,173.33333333333334,179.0,True,1,0.11461045080273914,0.1174157426635296,0.0028052918607904542
1280087226,,psm,EVT-0156,2024-11-24,METABOLIC_GLP1_INJ,primary care,Northeast,1034.8333333333333,,False,,,,
1299418347,1541379537,psm,EVT-0156,2024-11-24,METABOLIC_GLP1_INJ,cardiology,Northeast,163.5,178.66666666666666,True,1,0.06300712819845544,0.06417541115870529,0.0011682829602498446
1375349903,1257768279,psm,EVT-0156,2024-11-24,METABOLIC_GLP1_INJ,endocrinology,West,226.83333333333334,232.83333333333334,True,1,0.07935442720488771,0.0806477952147581,0.0012933680098703854
1435662964,1756884833,psm,EVT-0156,2024-11-24,METABOLIC_GLP1_INJ,endocrinology,West,105.83333333333333,107.16666666666667,True,1,0.05702548265236928,0.057235838836929544,0.00021035618456026473
1475115246,1714292012,psm,EVT-0156,2024-11-24,METABOLIC_GLP1_INJ,cardiology,Southeast,194.16666666666666,192.0,True,1,0.19285063898432178,0.19243638087378243,0.00041425811053935613
1494868502,1743431961,psm,EVT-0156,2024-11-24,METABOLIC_GLP1_INJ,cardiology,Southeast,78.66666666666667,71.16666666666667,True,1,0.17170700876456316,0.1703997035163112,0.0013073052482519554
1590869917,1352216182,psm,EVT-0156,2024-11-24,METABOLIC_GLP1_INJ,primary care,Southwest,212.66666666666666,197.33333333333334,True,1,0.15355265475653376,0.15392467830838658,0.00037202355185281255
1610177150,1955222058,psm,EVT-0156,2024-11-24,METABOLIC_GLP1_INJ,cardiology,Southeast,241.83333333333334,233.33333333333334,True,1,0.20213624397228838,0.2004562889809373,0.001679954991351068
1613561947,,psm,EVT-0156,2024-11-24,METABOLIC_GLP1_INJ,primary care,Southeast,365.3333333333333,,False,,,,
1621199177,1393729789,psm,EVT-0156,2024-11-24,METABOLIC_GLP1_INJ,primary care,Southeast,153.33333333333334,142.33333333333334,True,1,0.1857047658996776,0.17748382770712803,0.00822093819254957
1645233598,,psm,EVT-0156,2024-11-24,METABOLIC_GLP1_INJ,endocrinology,Northeast,521.5,,False,,,,
1657025858,1400951004,psm,EVT-0156,2024-11-24,METABOLIC_GLP1_INJ,endocrinology,Northeast,154.33333333333334,152.5,True,1,0.15379093155829351,0.15200322350431422,0.0017877080539792922
1666389063,1935314678,psm,EVT-0156,2024-11-24,METABOLIC_GLP1_INJ,endocrinology,Midwest,159.5,154.0,True,1,0.127220413633321,0.12878876049174304,0.0015683468584220261
1706991829,1223528765,psm,EVT-0156,2024-11-24,METABOLIC_GLP1_INJ,endocrinology,Midwest,88.66666666666667,91.33333333333333,True,1,0.14870400337828388,0.14784365047825856,0.000860352900025313
1732000645,1823309871,psm,EVT-0156,2024-11-24,METABOLIC_GLP1_INJ,cardiology,Southwest,166.83333333333334,179.33333333333334,True,1,0.07209503061438265,0.07295329996171035,0.0008582693473277031
1732527431,,psm,EVT-0156,2024-11-24,METABOLIC_GLP1_INJ,primary care,Southeast,510.6666666666667,,False,,,,
1738903891,1285330571,psm,EVT-0156,2024-11-24,METABOLIC_GLP1_INJ,endocrinology,Southeast,317.5,379.0,True,1,0.26310072728375317,0.30963618245275204,0.046535455168998874
1752727945,1101142523,psm,EVT-0156,2024-11-24,METABOLIC_GLP1_INJ,primary care,West,94.33333333333333,98.83333333333333,True,1,0.046559249200521326,0.045884215511184066,0.0006750336893372594
1803502636,1025978341,psm,EVT-0156,2024-11-24,METABOLIC_GLP1_INJ,endocrinology,Northeast,271.0,263.0,True,1,0.30431875296129357,0.29171979429649375,0.01259895866479982
1808826295,1892083019,psm,EVT-0156,2024-11-24,METABOLIC_GLP1_INJ,primary care,Southeast,287.1666666666667,296.1666666666667,True,1,0.3089444399584418,0.31869102457308385,0.009746584614642062
1815807585,1364720148,psm,EVT-0156,2024-11-24,METABOLIC_GLP1_INJ,primary care,Southeast,438.1666666666667,467.0,True,1,0.48859846694420983,0.5248298951080719,0.036231428163862045
1880426881,1174785596,psm,EVT-0156,2024-11-24,METABOLIC_GLP1_INJ,endocrinology,Northeast,187.66666666666666,172.83333333333334,True,1,0.18935397083454494,0.17280307680501802,0.01655089402952692
1949335115,1694658844,psm,EVT-0156,2024-11-24,METABOLIC_GLP1_INJ,endocrinology,Southeast,174.33333333333334,172.16666666666666,True,1,0.17351808304572755,0.1723686919704985,0.0011493910752290448
1031568581,,psm,EVT-0157,2024-11-29,PULM_ICS_LABA_INH,pulmonology,Southeast,548.5,,False,,,,
1126098163,1377956168,psm,EVT-0157,2024-11-29,PULM_ICS_LABA_INH,pulmonology,Southeast,172.33333333333334,151.33333333333334,True,1,0.14302333136943557,0.13068483023651567,0.012338501132919899
1139166684,,psm,EVT-0157,2024-11-29,PULM_ICS_LABA_INH,pulmonology,Midwest,277.6666666666667,,False,,,,
1198262952,,psm,EVT-0157,2024-11-29,PULM_ICS_LABA_INH,pulmonology,Northeast,864.6666666666666,,False,,,,
1238983617,,psm,EVT-0157,2024-11-29,PULM_ICS_LABA_INH,pulmonology,Southeast,1144.1666666666667,,False,,,,
1374281198,1916437647,psm,EVT-0157,2024-11-29,PULM_ICS_LABA_INH,pulmonology,Southeast,115.5,118.5,True,1,0.11172359554581907,0.11321394287446392,0.0014903473286448504
1555906795,,psm,EVT-0157,2024-11-29,PULM_ICS_LABA_INH,pulmonology,Midwest,581.5,,False,,,,
1688976343,1081238747,psm,EVT-0157,2024-11-29,PULM_ICS_LABA_INH,pulmonology,Southeast,325.5,333.5,True,1,0.26345023405412066,0.2712485123229475,0.0077982782688268415
1704308638,1113953065,psm,EVT-0157,2024-11-29,PULM_ICS_LABA_INH,pulmonology,Southeast,460.3333333333333,442.1666666666667,True,1,0.4116703925547381,0.3899606857368142,0.02170970681792389
1736829924,1838576308,psm,EVT-0157,2024-11-29,PULM_ICS_LABA_INH,pulmonology,Southeast,174.33333333333334,190.16666666666666,True,1,0.14424767829601962,0.15425005317876522,0.010002374882745607
1742859469,,psm,EVT-0157,2024-11-29,PULM_ICS_LABA_INH,pulmonology,West,395.1666666666667,,False,,,,
1964572899,1416644254,psm,EVT-0157,2024-11-29,PULM_ICS_LABA_INH,pulmonology,Northeast,128.0,107.5,True,1,0.0625893184899013,0.05629110141091025,0.006298217078991052
1002145427,,psm,EVT-0158,2024-11-30,PC_ANTIHYPERTENSIVE,primary care,Northeast,651.5,,False,,,,
1018018261,,psm,EVT-0158,2024-11-30,PC_ANTIHYPERTENSIVE,primary care,Northeast,597.8333333333334,,False,,,,
1133130363,1767508967,psm,EVT-0158,2024-11-30,PC_ANTIHYPERTENSIVE,primary care,Northeast,440.0,402.0,True,1,0.342284003519742,0.29754886816616166,0.04473513535358031
1200480071,1251202242,psm,EVT-0158,2024-11-30,PC_ANTIHYPERTENSIVE,primary care,Northeast,354.5,307.6666666666667,True,1,0.24669293456105826,0.2026120793964006,0.04408085516465765
1227780172,,psm,EVT-0158,2024-11-30,PC_ANTIHYPERTENSIVE,primary care,Southwest,1528.3333333333333,,False,,,,
1268222167,1511022174,psm,EVT-0158,2024-11-30,PC_ANTIHYPERTENSIVE,primary care,Midwest,320.0,325.0,True,1,0.15240555771707473,0.1617766843438897,0.009371126626814968
1271768685,,psm,EVT-0158,2024-11-30,PC_ANTIHYPERTENSIVE,primary care,Midwest,521.1666666666666,,False,,,,
1321405205,1463019459,psm,EVT-0158,2024-11-30,PC_ANTIHYPERTENSIVE,primary care,West,208.33333333333334,196.5,True,1,0.13017890882878835,0.11587155060246776,0.014307358226320593
1355374483,,psm,EVT-0158,2024-11-30,PC_ANTIHYPERTENSIVE,primary care,West,388.8333333333333,,False,,,,
1397955463,1363342464,psm,EVT-0158,2024-11-30,PC_ANTIHYPERTENSIVE,primary care,Southeast,651.8333333333334,693.5,True,1,0.4768391926537865,0.50763453727036,0.030795344616573517
1413519731,1134632102,psm,EVT-0158,2024-11-30,PC_ANTIHYPERTENSIVE,primary care,Southwest,512.8333333333334,542.0,True,1,0.41448293098107347,0.4254561565130197,0.01097322553194624
1423152481,1489598965,psm,EVT-0158,2024-11-30,PC_ANTIHYPERTENSIVE,primary care,Southeast,599.0,532.5,True,1,0.43807193747985557,0.39038412414289736,0.04768781333695821
1425340662,,psm,EVT-0158,2024-11-30,PC_ANTIHYPERTENSIVE,primary care,Southwest,440.6666666666667,,False,,,,
1455779946,1769352273,psm,EVT-0158,2024-11-30,PC_ANTIHYPERTENSIVE,primary care,Southwest,385.8333333333333,315.5,True,1,0.3678108311358968,0.3429326539638574,0.024878177172039384
1456207657,,psm,EVT-0158,2024-11-30,PC_ANTIHYPERTENSIVE,primary care,Midwest,628.0,,False,,,,
1456299035,1997693654,psm,EVT-0158,2024-11-30,PC_ANTIHYPERTENSIVE,primary care,Southeast,273.5,275.0,True,1,0.2293790977372132,0.2301643432779674,0.0007852455407541814
1481247389,1892083019,psm,EVT-0158,2024-11-30,PC_ANTIHYPERTENSIVE,primary care,Southeast,359.0,377.5,True,1,0.2770962296352528,0.28819057654679275,0.011094346911539932
1523498065,1512866082,psm,EVT-0158,2024-11-30,PC_ANTIHYPERTENSIVE,primary care,Southeast,306.6666666666667,249.16666666666666,True,1,0.2471792454061127,0.21690432336808405,0.030274922038028645
1536278926,,psm,EVT-0158,2024-11-30,PC_ANTIHYPERTENSIVE,primary care,West,741.6666666666666,,False,,,,
1567742360,1851932792,psm,EVT-0158,2024-11-30,PC_ANTIHYPERTENSIVE,primary care,West,181.0,195.83333333333334,True,1,0.0992135344128246,0.11510761758792419,0.01589408317509959
1595301304,1812123887,psm,EVT-0158,2024-11-30,PC_ANTIHYPERTENSIVE,primary care,Southwest,451.6666666666667,462.6666666666667,True,1,0.39175578999685023,0.39581156394074773,0.0040557739438975005
1635581279,1838439200,psm,EVT-0158,2024-11-30,PC_ANTIHYPERTENSIVE,primary care,Southeast,793.8333333333334,780.3333333333334,True,1,0.5811087946986847,0.5713579551400125,0.009750839558672175
1639269087,1762971749,psm,EVT-0158,2024-11-30,PC_ANTIHYPERTENSIVE,primary care,Northeast,240.83333333333334,222.83333333333334,True,1,0.15031691936900862,0.13828205278628997,0.012034866582718656
1644815767,,psm,EVT-0158,2024-11-30,PC_ANTIHYPERTENSIVE,primary care,West,460.5,,False,,,,
1689916181,,psm,EVT-0158,2024-11-30,PC_ANTIHYPERTENSIVE,primary care,Northeast,701.5,,False,,,,
1725623817,,psm,EVT-0158,2024-11-30,PC_ANTIHYPERTENSIVE,primary care,Southwest,736.8333333333334,,False,,,,
1808826295,,psm,EVT-0158,2024-11-30,PC_ANTIHYPERTENSIVE,primary care,Southeast,614.0,,False,,,,
1824172013,,psm,EVT-0158,2024-11-30,PC_ANTIHYPERTENSIVE,primary care,Midwest,462.1666666666667,,False,,,,
1896554999,,psm,EVT-0158,2024-11-30,PC_ANTIHYPERTENSIVE,primary care,West,604.3333333333334,,False,,,,
1903798589,1352216182,psm,EVT-0158,2024-11-30,PC_ANTIHYPERTENSIVE,primary care,Southwest,426.8333333333333,431.0,True,1,0.3826550918070112,0.3841765128041835,0.0015214209971723403
1924355757,,psm,EVT-0158,2024-11-30,PC_ANTIHYPERTENSIVE,primary care,Southwest,486.5,,False,,,,
1927430854,,psm,EVT-0158,2024-11-30,PC_ANTIHYPERTENSIVE,primary care,Southeast,799.1666666666666,,False,,,,
1005067453,1295389203,psm,EVT-0159,2024-12-03,ENDO_BASAL_INSULIN,endocrinology,West,182.16666666666666,194.16666666666666,True,1,0.21646747594493146,0.22945683669881406,0.0129893607538826
1065091666,1583696442,psm,EVT-0159,2024-12-03,ENDO_BASAL_INSULIN,endocrinology,West,205.66666666666666,208.66666666666666,True,1,0.24240962851296674,0.24586923049789858,0.003459601984931837
1107038659,,psm,EVT-0159,2024-12-03,ENDO_BASAL_INSULIN,endocrinology,Northeast,631.6666666666666,,False,,,,
1136500869,1890077344,psm,EVT-0159,2024-12-03,ENDO_BASAL_INSULIN,endocrinology,Southeast,298.5,304.6666666666667,True,1,0.27767983564208665,0.2862351582373393,0.008555322595252657
1137408567,,psm,EVT-0159,2024-12-03,ENDO_BASAL_INSULIN,endocrinology,Northeast,716.1666666666666,,False,,,,
1324237324,,psm,EVT-0159,2024-12-03,ENDO_BASAL_INSULIN,endocrinology,West,269.1666666666667,,False,,,,
1375349903,1756884833,psm,EVT-0159,2024-12-03,ENDO_BASAL_INSULIN,endocrinology,West,139.16666666666666,137.83333333333334,True,1,0.1743520562860685,0.17315583280554978,0.0011962234805187322
1455101661,,psm,EVT-0159,2024-12-03,ENDO_BASAL_INSULIN,endocrinology,Southeast,422.6666666666667,,False,,,,
1541422121,1518121706,psm,EVT-0159,2024-12-03,ENDO_BASAL_INSULIN,endocrinology,Southeast,229.33333333333334,238.16666666666666,True,1,0.19309941107499665,0.20270695153597557,0.00960754046097892
1645233598,,psm,EVT-0159,2024-12-03,ENDO_BASAL_INSULIN,endocrinology,Northeast,585.3333333333334,,False,,,,
1703413967,1257768279,psm,EVT-0159,2024-12-03,ENDO_BASAL_INSULIN,endocrinology,West,224.16666666666666,217.16666666666666,True,1,0.2642680506585219,0.25585082128112047,0.008417229377401414
1704331150,,psm,EVT-0159,2024-12-03,ENDO_BASAL_INSULIN,endocrinology,West,407.8333333333333,,False,,,,
1706645516,1630629040,psm,EVT-0159,2024-12-03,ENDO_BASAL_INSULIN,endocrinology,Southeast,172.5,170.0,True,1,0.13949732905195686,0.1374534697694628,0.002043859282494065
1738903891,,psm,EVT-0159,2024-12-03,ENDO_BASAL_INSULIN,endocrinology,Southeast,625.5,,False,,,,
1768225918,1801662945,psm,EVT-0159,2024-12-03,ENDO_BASAL_INSULIN,endocrinology,Midwest,321.8333333333333,305.6666666666667,True,1,0.15216798206056473,0.12439485432873985,0.027773127731824873
1827318308,1702446943,psm,EVT-0159,2024-12-03,ENDO_BASAL_INSULIN,endocrinology,West,238.0,239.66666666666666,True,1,0.28141503950370983,0.2835260532370155,0.002111013733305689
1836314447,,psm,EVT-0159,2024-12-03,ENDO_BASAL_INSULIN,endocrinology,Southeast,423.1666666666667,,False,,,,
1939785840,1028436479,psm,EVT-0159,2024-12-03,ENDO_BASAL_INSULIN,endocrinology,Southwest,288.1666666666667,231.83333333333334,True,1,0.08660655812389625,0.08027059244558474,0.006335965678311517
1993463169,1268421124,psm,EVT-0159,2024-12-03,ENDO_BASAL_INSULIN,endocrinology,West,285.8333333333333,305.5,True,1,0.3455791813617262,0.3738755831951051,0.028296401833378892
1995404856,1299832539,psm,EVT-0159,2024-12-03,ENDO_BASAL_INSULIN,endocrinology,Northeast,240.33333333333334,235.5,True,1,0.03388648892562271,0.03230226898527785,0.0015842199403448623
1011940271,1333043895,psm,EVT-0160,2024-12-07,ENDO_BASAL_INSULIN,endocrinology,Northeast,213.83333333333334,190.16666666666666,True,1,0.20259498455954011,0.17838097984573392,0.024214004713806192
1025978341,,psm,EVT-0160,2024-12-07,ENDO_BASAL_INSULIN,endocrinology,Northeast,528.1666666666666,,False,,,,
1076376403,,psm,EVT-0160,2024-12-07,ENDO_BASAL_INSULIN,endocrinology,Northeast,621.3333333333334,,False,,,,
1137408567,,psm,EVT-0160,2024-12-07,ENDO_BASAL_INSULIN,endocrinology,Northeast,716.1666666666666,,False,,,,
1178533166,1456937691,psm,EVT-0160,2024-12-07,ENDO_BASAL_INSULIN,endocrinology,Southeast,109.66666666666667,117.66666666666667,True,1,0.14938850405625942,0.1499365394279945,0.0005480353717350894
1449048093,1736538384,psm,EVT-0160,2024-12-07,ENDO_BASAL_INSULIN,endocrinology,Northeast,76.16666666666667,57.166666666666664,True,1,0.09240824415280056,0.08235417511907117,0.010054069033729393
1541422121,1518121706,psm,EVT-0160,2024-12-07,ENDO_BASAL_INSULIN,endocrinology,Southeast,229.33333333333334,238.16666666666666,True,1,0.1577600085961015,0.15839282616086892,0.0006328175647674072
1645233598,,psm,EVT-0160,2024-12-07,ENDO_BASAL_INSULIN,endocrinology,Northeast,585.3333333333334,,False,,,,
1666389063,1835878442,psm,EVT-0160,2024-12-07,ENDO_BASAL_INSULIN,endocrinology,Midwest,118.16666666666667,115.5,True,1,0.09697835934868422,0.09955541362587572,0.002577054277191501
1677860136,1249657408,psm,EVT-0160,2024-12-07,ENDO_BASAL_INSULIN,endocrinology,Northeast,314.6666666666667,337.1666666666667,True,1,0.33172627574161095,0.36564733777880515,0.033921062037194194
1702497342,1694658844,psm,EVT-0160,2024-12-07,ENDO_BASAL_INSULIN,endocrinology,Southeast,367.6666666666667,372.3333333333333,True,1,0.16790798751581112,0.1682592456159463,0.0003512581001351711
1758794279,,psm,EVT-0160,2024-12-07,ENDO_BASAL_INSULIN,endocrinology,Northeast,520.8333333333334,,False,,,,
1964945871,1805422742,psm,EVT-0160,2024-12-07,ENDO_BASAL_INSULIN,endocrinology,Northeast,404.1666666666667,398.1666666666667,True,1,0.47354946225003103,0.46362565598087563,0.0099238062691554
1101185407,,psm,EVT-0161,2024-12-07,PC_ANTIHYPERTENSIVE,primary care,Midwest,758.6666666666666,,False,,,,
1144669185,,psm,EVT-0161,2024-12-07,PC_ANTIHYPERTENSIVE,primary care,Northeast,1003.8333333333334,,False,,,,
1166368237,,psm,EVT-0161,2024-12-07,PC_ANTIHYPERTENSIVE,primary care,Southwest,271.1666666666667,,False,,,,
1169614082,1540759788,psm,EVT-0161,2024-12-07,PC_ANTIHYPERTENSIVE,primary care,Midwest,185.5,195.5,True,1,0.07566411658455827,0.08005972073745679,0.004395604152898525
1180932224,1838439200,psm,EVT-0161,2024-12-07,PC_ANTIHYPERTENSIVE,primary care,Southeast,780.8333333333334,785.5,True,1,0.5071953830928692,0.5112635852662234,0.004068202173354241
1190842652,1625192632,psm,EVT-0161,2024-12-07,PC_ANTIHYPERTENSIVE,primary care,Southwest,233.83333333333334,115.0,True,1,0.5339154159669032,0.530171857576586,0.0037435583903171477
1200480071,1767508967,psm,EVT-0161,2024-12-07,PC_ANTIHYPERTENSIVE,primary care,Northeast,370.3333333333333,412.8333333333333,True,1,0.18023815065799872,0.22127558741114356,0.041037436753144835
1213511599,,psm,EVT-0161,2024-12-07,PC_ANTIHYPERTENSIVE,primary care,Northeast,1173.1666666666667,,False,,,,
1227780172,,psm,EVT-0161,2024-12-07,PC_ANTIHYPERTENSIVE,primary care,Southwest,1591.0,,False,,,,
1251567115,1862986803,psm,EVT-0161,2024-12-07,PC_ANTIHYPERTENSIVE,primary care,Midwest,250.0,262.5,True,1,0.10834083049696491,0.1159599631096426,0.007619132612677687
1264333323,,psm,EVT-0161,2024-12-07,PC_ANTIHYPERTENSIVE,primary care,Northeast,832.1666666666666,,False,,,,
1266945785,,psm,EVT-0161,2024-12-07,PC_ANTIHYPERTENSIVE,primary care,West,852.1666666666666,,False,,,,
1300654963,1261377760,psm,EVT-0161,2024-12-07,PC_ANTIHYPERTENSIVE,primary care,Northeast,262.0,272.1666666666667,True,1,0.10261286186825924,0.10840203366082488,0.005789171792565634
1315385710,,psm,EVT-0161,2024-12-07,PC_ANTIHYPERTENSIVE,primary care,Northeast,1425.8333333333333,,False,,,,
1334266016,1566276774,psm,EVT-0161,2024-12-07,PC_ANTIHYPERTENSIVE,primary care,Southwest,397.6666666666667,981.3333333333334,True,1,0.5390702476360929,0.5573593637854478,0.01828911614935491
1377426493,1434523506,psm,EVT-0161,2024-12-07,PC_ANTIHYPERTENSIVE,primary care,West,277.8333333333333,257.6666666666667,True,1,0.21174110836116772,0.17629098629700302,0.0354501220641647
1397955463,1363342464,psm,EVT-0161,2024-12-07,PC_ANTIHYPERTENSIVE,primary care,Southeast,709.3333333333334,702.6666666666666,True,1,0.44506626811098005,0.43933030047110433,0.0057359676398757165
1423152481,1489598965,psm,EVT-0161,2024-12-07,PC_ANTIHYPERTENSIVE,primary care,Southeast,587.6666666666666,546.3333333333334,True,1,0.3441108756412222,0.312338676547476,0.031772199093746234
1456299035,1997693654,psm,EVT-0161,2024-12-07,PC_ANTIHYPERTENSIVE,primary care,Southeast,279.8333333333333,286.0,True,1,0.15202272113070536,0.15481652233605472,0.002793801205349361
1535820066,,psm,EVT-0161,2024-12-07,PC_ANTIHYPERTENSIVE,primary care,West,717.8333333333334,,False,,,,
1567742360,1279684447,psm,EVT-0161,2024-12-07,PC_ANTIHYPERTENSIVE,primary care,West,175.16666666666666,154.83333333333334,True,1,0.077900973296187,0.06295499831760182,0.014945974978585186
1590869917,1769352273,psm,EVT-0161,2024-12-07,PC_ANTIHYPERTENSIVE,primary care,Southwest,283.5,322.1666666666667,True,1,0.5354789380586762,0.5366956957082986,0.0012167576496223687
1592123891,,psm,EVT-0161,2024-12-07,PC_ANTIHYPERTENSIVE,primary care,Northeast,909.1666666666666,,False,,,,
1595301304,1352216182,psm,EVT-0161,2024-12-07,PC_ANTIHYPERTENSIVE,primary care,Southwest,464.5,453.0,True,1,0.5411707489940889,0.5408094181916019,0.0003613308024870143
1644815767,,psm,EVT-0161,2024-12-07,PC_ANTIHYPERTENSIVE,primary care,West,467.0,,False,,,,
1689059347,1650044724,psm,EVT-0161,2024-12-07,PC_ANTIHYPERTENSIVE,primary care,Southwest,238.33333333333334,92.83333333333333,True,1,0.534057105283929,0.5294731614271515,0.004583943856777517
1689916181,,psm,EVT-0161,2024-12-07,PC_ANTIHYPERTENSIVE,primary care,Northeast,708.3333333333334,,False,,,,
1721479586,1159833825,psm,EVT-0161,2024-12-07,PC_ANTIHYPERTENSIVE,primary care,West,458.1666666666667,441.1666666666667,True,1,0.6720265151127646,0.6285088194698013,0.04351769564296326
1725623817,1783823739,psm,EVT-0161,2024-12-07,PC_ANTIHYPERTENSIVE,primary care,Southwest,776.6666666666666,915.5,True,1,0.5509612674949094,0.5553033157180414,0.004342048223132
1769234364,1289174306,psm,EVT-0161,2024-12-07,PC_ANTIHYPERTENSIVE,primary care,Southwest,226.66666666666666,170.0,True,1,0.5336897513216995,0.531904948099779,0.001784803221920539
1806479196,1412773438,psm,EVT-0161,2024-12-07,PC_ANTIHYPERTENSIVE,primary care,Southwest,652.1666666666666,920.8333333333334,True,1,0.5470608614774832,0.5554699531077034,0.008409091630220189
1812815243,,psm,EVT-0161,2024-12-07,PC_ANTIHYPERTENSIVE,primary care,Midwest,916.5,,False,,,,
1903798589,1812123887,psm,EVT-0161,2024-12-07,PC_ANTIHYPERTENSIVE,primary care,Southwest,460.1666666666667,459.6666666666667,True,1,0.5410346004209984,0.5410188905756341,1.570984536425346e-05
1908168895,1219172859,psm,EVT-0161,2024-12-07,PC_ANTIHYPERTENSIVE,primary care,Southwest,218.16666666666666,216.0,True,1,0.533422084688708,0.53335385285525,6.823183345794348e-05
1922670785,1181854898,psm,EVT-0161,2024-12-07,PC_ANTIHYPERTENSIVE,primary care,Southeast,461.5,433.8333333333333,True,1,0.25253696228558414,0.23475831782624532,0.017778644459338827
1924355757,1134632102,psm,EVT-0161,2024-12-07,PC_ANTIHYPERTENSIVE,primary care,Southwest,527.0,556.5,True,1,0.5431337367080701,0.5440598055147854,0.0009260688067153078
1927430854,,psm,EVT-0161,2024-12-07,PC_ANTIHYPERTENSIVE,primary care,Southeast,800.8333333333334,,False,,,,
1058647219,1536141264,psm,EVT-0162,2024-12-10,PULM_ICS_LABA_INH,pulmonology,Northeast,432.0,450.1666666666667,True,1,0.4046377559471526,0.43594724899943016,0.03130949305227754
1075036339,1738916414,psm,EVT-0162,2024-12-10,PULM_ICS_LABA_INH,pulmonology,West,195.5,203.66666666666666,True,1,0.07137868141016636,0.08025266172171862,0.00887398031155226
1204959187,1838576308,psm,EVT-0162,2024-12-10,PULM_ICS_LABA_INH,pulmonology,Southeast,188.5,192.5,True,1,0.06648192400119338,0.06744638459465704,0.0009644605934636674
1330067194,,psm,EVT-0162,2024-12-10,PULM_ICS_LABA_INH,pulmonology,West,434.0,,False,,,,
1352578078,1050506165,psm,EVT-0162,2024-12-10,PULM_ICS_LABA_INH,pulmonology,Southeast,367.5,382.6666666666667,True,1,0.12441780062810806,0.13093539307694915,0.006517592448841092
1547244776,1573445784,psm,EVT-0162,2024-12-10,PULM_ICS_LABA_INH,pulmonology,Northeast,189.33333333333334,191.66666666666666,True,1,0.10877264602404407,0.11038362787538678,0.0016109818513427021
1050705288,,psm,EVT-0163,2024-12-13,CV_ANTICOAG_ORAL,endocrinology,Southeast,713.6666666666666,,False,,,,
1095874958,,psm,EVT-0163,2024-12-13,CV_ANTICOAG_ORAL,neurology,Southeast,273.0,,False,,,,
1126098163,1377956168,psm,EVT-0163,2024-12-13,CV_ANTICOAG_ORAL,pulmonology,Southeast,147.33333333333334,151.16666666666666,True,1,0.19539430487250758,0.19769351026520116,0.0022992053926935707
1145899849,1873780039,psm,EVT-0163,2024-12-13,CV_ANTICOAG_ORAL,primary care,West,271.3333333333333,274.3333333333333,True,1,0.4751839078667934,0.5120495643224512,0.036865656455657814
1159841240,,psm,EVT-0163,2024-12-13,CV_ANTICOAG_ORAL,neurology,Southeast,664.8333333333334,,False,,,,
1168657405,1838576308,psm,EVT-0163,2024-12-13,CV_ANTICOAG_ORAL,pulmonology,Southeast,72.0,84.83333333333333,True,1,0.15427369329031387,0.1607412224213733,0.006467529131059413
1196385359,1815549120,psm,EVT-0163,2024-12-13,CV_ANTICOAG_ORAL,neurology,Southwest,74.5,68.83333333333333,True,1,0.08925747610414503,0.09161617987307978,0.002358703768934753
1198262952,,psm,EVT-0163,2024-12-13,CV_ANTICOAG_ORAL,pulmonology,Northeast,262.5,,False,,,,
1200096471,1892083019,psm,EVT-0163,2024-12-13,CV_ANTICOAG_ORAL,primary care,Southeast,143.33333333333334,123.0,True,1,0.11704150008985698,0.10730048028698651,0.009741019802870468
1216532808,1123562633,psm,EVT-0163,2024-12-13,CV_ANTICOAG_ORAL,oncology,Southeast,68.5,68.33333333333333,True,1,0.081451225265377,0.08161625571668389,0.0001650304513068912
1216575070,1862986803,psm,EVT-0163,2024-12-13,CV_ANTICOAG_ORAL,primary care,Midwest,186.16666666666666,180.0,True,1,0.061158760711991215,0.05796848632834407,0.0031902743836471487
1250017203,1526834563,psm,EVT-0163,2024-12-13,CV_ANTICOAG_ORAL,pulmonology,Southeast,266.1666666666667,265.8333333333333,True,1,0.27608322017683556,0.2758302509312908,0.000252969245544743
1315385710,,psm,EVT-0163,2024-12-13,CV_ANTICOAG_ORAL,primary care,Northeast,697.1666666666666,,False,,,,
1352578078,1422258099,psm,EVT-0163,2024-12-13,CV_ANTICOAG_ORAL,pulmonology,Southeast,178.16666666666666,177.66666666666666,True,1,0.21446473165546875,0.21414496034785258,0.000319771307616179
1449331358,1588179048,psm,EVT-0163,2024-12-13,CV_ANTICOAG_ORAL,pulmonology,Midwest,75.16666666666667,72.66666666666667,True,1,0.07988000824465338,0.0777237406857172,0.0021562675589361785
1555114069,1637550512,psm,EVT-0163,2024-12-13,CV_ANTICOAG_ORAL,oncology,Southeast,66.66666666666667,64.16666666666667,True,1,0.08328338624459901,0.0858421626633893,0.002558776418790293
1592062677,,psm,EVT-0163,2024-12-13,CV_ANTICOAG_ORAL,neurology,Southeast,290.0,,False,,,,
1647196991,1337789832,psm,EVT-0163,2024-12-13,CV_ANTICOAG_ORAL,rheumatology,Southeast,77.5,81.66666666666667,True,1,0.07510180594822628,0.0772543355493028,0.002152529601076522
1657025858,1297391371,psm,EVT-0163,2024-12-13,CV_ANTICOAG_ORAL,endocrinology,Northeast,108.66666666666667,109.33333333333333,True,1,0.10767707395990811,0.10624606859031215,0.001431005369595964
1666389063,1223528765,psm,EVT-0163,2024-12-13,CV_ANTICOAG_ORAL,endocrinology,Midwest,109.83333333333333,91.0,True,1,0.08537643361056438,0.1013286141170421,0.015952180506477717
1688976343,1713731663,psm,EVT-0163,2024-12-13,CV_ANTICOAG_ORAL,pulmonology,Southeast,453.8333333333333,485.1666666666667,True,1,0.43753572057774714,0.4670086382621911,0.029472917684443933
1703413967,1257768279,psm,EVT-0163,2024-12-13,CV_ANTICOAG_ORAL,endocrinology,West,298.5,219.83333333333334,True,1,0.06102361802186078,0.039266713856438755,0.021756904165422024
1704308638,1152018085,psm,EVT-0163,2024-12-13,CV_ANTICOAG_ORAL,pulmonology,Southeast,182.83333333333334,184.5,True,1,0.21746599446233758,0.21854519664299107,0.0010792021806534935
1732527431,1364720148,psm,EVT-0163,2024-12-13,CV_ANTICOAG_ORAL,primary care,Southeast,275.8333333333333,261.0,True,1,0.2005263559495465,0.18932488544772022,0.011201470501826266
1742859469,,psm,EVT-0163,2024-12-13,CV_ANTICOAG_ORAL,pulmonology,West,259.3333333333333,,False,,,,
1793685516,,psm,EVT-0163,2024-12-13,CV_ANTICOAG_ORAL,cardiology,Southeast,272.8333333333333,,False,,,,
1832506087,,psm,EVT-0163,2024-12-13,CV_ANTICOAG_ORAL,primary care,Midwest,663.6666666666666,,False,,,,
1910188758,1508064668,psm,EVT-0163,2024-12-13,CV_ANTICOAG_ORAL,endocrinology,Southeast,97.16666666666667,91.33333333333333,True,1,0.046615580359098026,0.044871846150612814,0.001743734208485212
1927430854,,psm,EVT-0163,2024-12-13,CV_ANTICOAG_ORAL,primary care,Southeast,461.5,,False,,,,
1934829601,,psm,EVT-0163,2024-12-13,CV_ANTICOAG_ORAL,cardiology,Midwest,306.0,,False,,,,
1944079924,,psm,EVT-0163,2024-12-13,CV_ANTICOAG_ORAL,rheumatology,Southeast,517.6666666666666,,False,,,,
1955620046,1181854898,psm,EVT-0163,2024-12-13,CV_ANTICOAG_ORAL,primary care,Southeast,386.0,354.5,True,1,0.2988542670598961,0.26808235330817787,0.030771913751718227
1991291398,,psm,EVT-0163,2024-12-13,CV_ANTICOAG_ORAL,rheumatology,Southwest,632.3333333333334,,False,,,,
1025978341,,psm,EVT-0164,2024-12-15,ENDO_BASAL_INSULIN,endocrinology,Northeast,528.1666666666666,,False,,,,
1028436479,1330156328,psm,EVT-0164,2024-12-15,ENDO_BASAL_INSULIN,endocrinology,Southwest,231.83333333333334,188.5,True,1,0.15945144489696528,0.13556886056195713,0.023882584335008145
1137408567,,psm,EVT-0164,2024-12-15,ENDO_BASAL_INSULIN,endocrinology,Northeast,716.1666666666666,,False,,,,
1257723886,,psm,EVT-0164,2024-12-15,ENDO_BASAL_INSULIN,endocrinology,Southwest,755.8333333333334,,False,,,,
1394609428,,psm,EVT-0164,2024-12-15,ENDO_BASAL_INSULIN,endocrinology,Southwest,890.1666666666666,,False,,,,
1423753536,1249657408,psm,EVT-0164,2024-12-15,ENDO_BASAL_INSULIN,endocrinology,Northeast,354.6666666666667,337.1666666666667,True,1,0.1773051455691312,0.12822829459426854,0.04907685097486267
1630629040,1971977354,psm,EVT-0164,2024-12-15,ENDO_BASAL_INSULIN,endocrinology,Southeast,170.0,124.0,True,1,0.191675360247328,0.17673817700881692,0.014937183238511093
1645233598,,psm,EVT-0164,2024-12-15,ENDO_BASAL_INSULIN,endocrinology,Northeast,585.3333333333334,,False,,,,
1657025858,1400951004,psm,EVT-0164,2024-12-15,ENDO_BASAL_INSULIN,endocrinology,Northeast,463.3333333333333,456.6666666666667,True,1,0.6979044468419999,0.6663703761937576,0.03153407064824232
1702497342,1694658844,psm,EVT-0164,2024-12-15,ENDO_BASAL_INSULIN,endocrinology,Southeast,367.6666666666667,372.3333333333333,True,1,0.26662015904818087,0.26859744959818965,0.001977290550008781
1740626134,1999506508,psm,EVT-0164,2024-12-15,ENDO_BASAL_INSULIN,endocrinology,Southwest,211.83333333333334,207.5,True,1,0.14803013740589893,0.14564645676920296,0.002383680636695973
1836314447,1285330571,psm,EVT-0164,2024-12-15,ENDO_BASAL_INSULIN,endocrinology,Southeast,423.1666666666667,356.6666666666667,True,1,0.2907267288169619,0.26199621667743805,0.028730512139523823
1880426881,,psm,EVT-0164,2024-12-15,ENDO_BASAL_INSULIN,endocrinology,Northeast,484.8333333333333,,False,,,,
1910188758,1508064668,psm,EVT-0164,2024-12-15,ENDO_BASAL_INSULIN,endocrinology,Southeast,142.16666666666666,136.5,True,1,0.18252523294523926,0.18070446137555896,0.0018207715696803017
1964945871,1805422742,psm,EVT-0164,2024-12-15,ENDO_BASAL_INSULIN,endocrinology,Northeast,404.1666666666667,398.1666666666667,True,1,0.3883644189774499,0.35774505947974855,0.030619359497701337
1025231352,1282327174,psm,EVT-0165,2024-12-19,CV_ANTICOAG_ORAL,rheumatology,Northeast,244.33333333333334,273.0,True,1,0.06077653684469974,0.06582081153548455,0.005044274690784813
1050705288,,psm,EVT-0165,2024-12-19,CV_ANTICOAG_ORAL,endocrinology,Southeast,713.6666666666666,,False,,,,
1065091666,1200437733,psm,EVT-0165,2024-12-19,CV_ANTICOAG_ORAL,endocrinology,West,140.0,137.0,True,1,0.09565913102703869,0.09487546059331287,0.0007836704337258193
1074076039,1836894604,psm,EVT-0165,2024-12-19,CV_ANTICOAG_ORAL,cardiology,Southeast,203.16666666666666,214.16666666666666,True,1,0.24495750583446063,0.2795277090040444,0.03457020316958376
1123148250,,psm,EVT-0165,2024-12-19,CV_ANTICOAG_ORAL,cardiology,Southwest,279.8333333333333,,False,,,,
1124726435,,psm,EVT-0165,2024-12-19,CV_ANTICOAG_ORAL,primary care,Northeast,710.1666666666666,,False,,,,
1126098163,1377956168,psm,EVT-0165,2024-12-19,CV_ANTICOAG_ORAL,pulmonology,Southeast,147.33333333333334,151.16666666666666,True,1,0.16636554166706857,0.16900783443018846,0.002642292763119891
1136500869,1100495849,psm,EVT-0165,2024-12-19,CV_ANTICOAG_ORAL,endocrinology,Southeast,385.6666666666667,380.8333333333333,True,1,0.6803537841656598,0.6724063911309224,0.00794739303473746
1178533166,1971977354,psm,EVT-0165,2024-12-19,CV_ANTICOAG_ORAL,endocrinology,Southeast,100.66666666666667,84.83333333333333,True,1,0.20011360792859326,0.18175116848872452,0.018362439439868733
1180932224,1773180629,psm,EVT-0165,2024-12-19,CV_ANTICOAG_ORAL,primary care,Southeast,320.8333333333333,323.8333333333333,True,1,0.28963608608570507,0.2939243468680007,0.004288260782295605
1194203331,,psm,EVT-0165,2024-12-19,CV_ANTICOAG_ORAL,rheumatology,Southeast,266.0,,False,,,,
1219516501,,psm,EVT-0165,2024-12-19,CV_ANTICOAG_ORAL,endocrinology,Midwest,416.5,,False,,,,
1238983617,1349686455,psm,EVT-0165,2024-12-19,CV_ANTICOAG_ORAL,pulmonology,Southeast,172.0,172.5,True,1,0.18395438438014386,0.184325372415263,0.00037098803511914635
1246066447,1892897319,psm,EVT-0165,2024-12-19,CV_ANTICOAG_ORAL,rheumatology,Southwest,238.16666666666666,297.1666666666667,True,1,0.11242321379545028,0.13640062105497439,0.023977407259524103
1257723886,,psm,EVT-0165,2024-12-19,CV_ANTICOAG_ORAL,endocrinology,Southwest,272.3333333333333,,False,,,,
1355374483,,psm,EVT-0165,2024-12-19,CV_ANTICOAG_ORAL,primary care,West,268.1666666666667,,False,,,,
1364458855,1890077344,psm,EVT-0165,2024-12-19,CV_ANTICOAG_ORAL,endocrinology,Southeast,246.0,264.6666666666667,True,1,0.4270717285121847,0.4616801792286033,0.034608450716418604
1375349903,1583696442,psm,EVT-0165,2024-12-19,CV_ANTICOAG_ORAL,endocrinology,West,143.33333333333334,143.66666666666666,True,1,0.09653666024894007,0.09662480751875899,8.814726981891396e-05
1394609428,,psm,EVT-0165,2024-12-19,CV_ANTICOAG_ORAL,endocrinology,Southwest,597.6666666666666,,False,,,,
1453128708,1324722952,psm,EVT-0165,2024-12-19,CV_ANTICOAG_ORAL,endocrinology,Northeast,120.16666666666667,127.33333333333333,True,1,0.0766800676663782,0.08340337399742456,0.006723306331046369
1475115246,,psm,EVT-0165,2024-12-19,CV_ANTICOAG_ORAL,cardiology,Southeast,196.16666666666666,,False,,,,
1518121706,1694658844,psm,EVT-0165,2024-12-19,CV_ANTICOAG_ORAL,endocrinology,Southeast,228.16666666666666,235.83333333333334,True,1,0.3946574164889797,0.40849685638092176,0.013839439891942085
1533003293,,psm,EVT-0165,2024-12-19,CV_ANTICOAG_ORAL,pulmonology,Midwest,481.6666666666667,,False,,,,
1557944620,,psm,EVT-0165,2024-12-19,CV_ANTICOAG_ORAL,primary care,Southwest,708.0,,False,,,,
1595774286,1187084813,psm,EVT-0165,2024-12-19,CV_ANTICOAG_ORAL,rheumatology,Midwest,244.5,249.0,True,1,0.17328331958851254,0.18219197947570914,0.008908659887196607
1631526641,1369949932,psm,EVT-0165,2024-12-19,CV_ANTICOAG_ORAL,cardiology,Southwest,264.1666666666667,259.8333333333333,True,1,0.2544288551721494,0.24627702608811702,0.008151829084032391
1645233598,,psm,EVT-0165,2024-12-19,CV_ANTICOAG_ORAL,endocrinology,Northeast,600.1666666666666,,False,,,,
1670701188,,psm,EVT-0165,2024-12-19,CV_ANTICOAG_ORAL,cardiology,Southeast,355.8333333333333,,False,,,,
1688976343,1713731663,psm,EVT-0165,2024-12-19,CV_ANTICOAG_ORAL,pulmonology,Southeast,453.8333333333333,485.1666666666667,True,1,0.4755575298462236,0.5142219083507387,0.03866437850451504
1704331150,1257768279,psm,EVT-0165,2024-12-19,CV_ANTICOAG_ORAL,endocrinology,West,325.0,219.83333333333334,True,1,0.15633871171816896,0.11873542183063253,0.03760328988753643
1713444978,,psm,EVT-0165,2024-12-19,CV_ANTICOAG_ORAL,endocrinology,Midwest,814.1666666666666,,False,,,,
1717519684,1785926670,psm,EVT-0165,2024-12-19,CV_ANTICOAG_ORAL,endocrinology,Midwest,150.83333333333334,144.66666666666666,True,1,0.13602884182678637,0.13105253615705248,0.004976305669733894
1732000645,,psm,EVT-0165,2024-12-19,CV_ANTICOAG_ORAL,cardiology,Southwest,325.3333333333333,,False,,,,
1732527431,1364720148,psm,EVT-0165,2024-12-19,CV_ANTICOAG_ORAL,primary care,Southeast,275.8333333333333,261.0,True,1,0.22997817093985642,0.21231247369476364,0.017665697245092787
1736829924,1546273719,psm,EVT-0165,2024-12-19,CV_ANTICOAG_ORAL,pulmonology,Southeast,117.66666666666667,113.16666666666667,True,1,0.14702507388931754,0.1442596911757829,0.002765382713534631
1738903891,,psm,EVT-0165,2024-12-19,CV_ANTICOAG_ORAL,endocrinology,Southeast,702.5,,False,,,,
1758794279,1805422742,psm,EVT-0165,2024-12-19,CV_ANTICOAG_ORAL,endocrinology,Northeast,278.0,270.6666666666667,True,1,0.38310410054897553,0.3612660505296638,0.021838050019311717
1779411515,1801662945,psm,EVT-0165,2024-12-19,CV_ANTICOAG_ORAL,endocrinology,Midwest,158.5,176.0,True,1,0.14243659628168043,0.15800634883833192,0.015569752556651495
1815807585,1804484495,psm,EVT-0165,2024-12-19,CV_ANTICOAG_ORAL,primary care,Southeast,257.8333333333333,256.0,True,1,0.208672248264126,0.20658585049997708,0.0020863977641489284
1862986803,1488515010,psm,EVT-0165,2024-12-19,CV_ANTICOAG_ORAL,primary care,Midwest,180.0,176.33333333333334,True,1,0.04764477488634824,0.04696447300883577,0.0006803018775124667
1867204764,1526834563,psm,EVT-0165,2024-12-19,CV_ANTICOAG_ORAL,pulmonology,Southeast,265.8333333333333,265.8333333333333,True,1,0.2637917594055847,0.2637917594055847,0.0
1885189138,1133042691,psm,EVT-0165,2024-12-19,CV_ANTICOAG_ORAL,cardiology,Northeast,203.16666666666666,175.0,True,1,0.06521956635329136,0.05529707482175573,0.009922491531535634
1910188758,1508064668,psm,EVT-0165,2024-12-19,CV_ANTICOAG_ORAL,endocrinology,Southeast,97.16666666666667,91.33333333333333,True,1,0.19593813652939776,0.18912610831328397,0.006812028216113791
1927430854,,psm,EVT-0165,2024-12-19,CV_ANTICOAG_ORAL,primary care,Southeast,461.5,,False,,,,
1955620046,,psm,EVT-0165,2024-12-19,CV_ANTICOAG_ORAL,primary care,Southeast,386.0,,False,,,,
1964945871,1400951004,psm,EVT-0165,2024-12-19,CV_ANTICOAG_ORAL,endocrinology,Northeast,283.3333333333333,292.8333333333333,True,1,0.3992938621147159,0.4286627045263617,0.02936884241164578
1259584955,1443260538,psm,EVT-0166,2024-12-31,ONC_TARGETED_ORAL,oncology,Northeast,100.0,101.5,True,1,0.07410968732211384,0.07458066500766616,0.00047097768555232067
1407931751,1900445093,psm,EVT-0166,2024-12-31,ONC_TARGETED_ORAL,oncology,Midwest,117.16666666666667,109.66666666666667,True,1,0.07327699597900847,0.0738241759055328,0.0005471799265243243
1621842156,1693350831,psm,EVT-0166,2024-12-31,ONC_TARGETED_ORAL,oncology,Northeast,259.6666666666667,264.6666666666667,True,1,0.14225070509667181,0.14505699995229304,0.0028062948556212275
1679256069,1195381896,psm,EVT-0166,2024-12-31,ONC_TARGETED_ORAL,oncology,Northeast,392.1666666666667,351.8333333333333,True,1,0.2328689713677827,0.20161919833766043,0.031249773030122274
1743613295,1737256036,psm,EVT-0166,2024-12-31,ONC_TARGETED_ORAL,oncology,Midwest,159.83333333333334,162.83333333333334,True,1,0.07023463647450293,0.07002517247823571,0.00020946399626721457
1893606271,,psm,EVT-0166,2024-12-31,ONC_TARGETED_ORAL,oncology,Southwest,364.8333333333333,,False,,,,
1018018261,,psm,EVT-0167,2024-12-31,CV_ANTICOAG_ORAL,primary care,Northeast,373.1666666666667,,False,,,,
1025978341,,psm,EVT-0167,2024-12-31,CV_ANTICOAG_ORAL,endocrinology,Northeast,576.5,,False,,,,
1036327983,1279684447,psm,EVT-0167,2024-12-31,CV_ANTICOAG_ORAL,primary care,West,104.83333333333333,104.33333333333333,True,1,0.14574554749742819,0.14499757310661046,0.0007479743908177239
1076376403,1249657408,psm,EVT-0167,2024-12-31,CV_ANTICOAG_ORAL,endocrinology,Northeast,242.16666666666666,219.33333333333334,True,1,0.26517689589304855,0.21932167582377274,0.04585522006927581
1102089657,1947954388,psm,EVT-0167,2024-12-31,CV_ANTICOAG_ORAL,primary care,Northeast,123.0,109.5,True,1,0.1056676314556843,0.08290417666458418,0.02276345479110012
1133130363,,psm,EVT-0167,2024-12-31,CV_ANTICOAG_ORAL,primary care,Northeast,234.0,,False,,,,
1136500869,,psm,EVT-0167,2024-12-31,CV_ANTICOAG_ORAL,endocrinology,Southeast,385.6666666666667,,False,,,,
1169614082,1135650855,psm,EVT-0167,2024-12-31,CV_ANTICOAG_ORAL,primary care,Midwest,85.5,76.5,True,1,0.16774504365772244,0.1544681664946736,0.013276877163048845
1227780172,1219172859,psm,EVT-0167,2024-12-31,CV_ANTICOAG_ORAL,primary care,Southwest,263.5,270.0,True,1,0.14474617275347404,0.14835712005882415,0.0036109473053501095
1237205202,1736538384,psm,EVT-0167,2024-12-31,CV_ANTICOAG_ORAL,endocrinology,Northeast,84.83333333333333,94.0,True,1,0.06039491023930431,0.06635774312194286,0.005962832882638547
1264333323,,psm,EVT-0167,2024-12-31,CV_ANTICOAG_ORAL,primary care,Northeast,405.1666666666667,,False,,,,
1268222167,,psm,EVT-0167,2024-12-31,CV_ANTICOAG_ORAL,primary care,Midwest,385.6666666666667,,False,,,,
1271768685,,psm,EVT-0167,2024-12-31,CV_ANTICOAG_ORAL,primary care,Midwest,303.3333333333333,,False,,,,
1282948292,1208634919,psm,EVT-0167,2024-12-31,CV_ANTICOAG_ORAL,rheumatology,Midwest,21.833333333333332,18.333333333333332,True,1,0.1411350845995522,0.1384295757169629,0.0027055088825893026
1321405205,1479078465,psm,EVT-0167,2024-12-31,CV_ANTICOAG_ORAL,primary care,West,132.33333333333334,127.83333333333333,True,1,0.1919730055171622,0.18370794260432527,0.008265062912836935
1333393084,1181360912,psm,EVT-0167,2024-12-31,CV_ANTICOAG_ORAL,primary care,Midwest,102.83333333333333,103.33333333333333,True,1,0.19585491573175529,0.19671630759739805,0.0008613918656427688
1335670091,,psm,EVT-0167,2024-12-31,CV_ANTICOAG_ORAL,primary care,Midwest,358.0,,False,,,,
1357524945,1187084813,psm,EVT-0167,2024-12-31,CV_ANTICOAG_ORAL,rheumatology,Midwest,251.5,249.0,True,1,0.41838515352831,0.41447939742492057,0.003905756103389446
1377426493,,psm,EVT-0167,2024-12-31,CV_ANTICOAG_ORAL,primary care,West,379.8333333333333,,False,,,,
1393791409,1519182780,psm,EVT-0167,2024-12-31,CV_ANTICOAG_ORAL,rheumatology,Midwest,191.33333333333334,188.16666666666666,True,1,0.3282286971684378,0.3237556718433253,0.004473025325112456
1394609428,,psm,EVT-0167,2024-12-31,CV_ANTICOAG_ORAL,endocrinology,Southwest,597.6666666666666,,False,,,,
1397955463,1181854898,psm,EVT-0167,2024-12-31,CV_ANTICOAG_ORAL,primary care,Southeast,399.5,354.5,True,1,0.3011311794655373,0.2632763008620137,0.0378548786035236
1435949049,,psm,EVT-0167,2024-12-31,CV_ANTICOAG_ORAL,rheumatology,Northeast,401.1666666666667,,False,,,,
1436505063,,psm,EVT-0167,2024-12-31,CV_ANTICOAG_ORAL,primary care,Midwest,323.0,,False,,,,
1451968915,1523681389,psm,EVT-0167,2024-12-31,CV_ANTICOAG_ORAL,primary care,Midwest,87.83333333333333,89.0,True,1,0.171332550843716,0.17314900547769094,0.0018164546339749232
1455779946,1412773438,psm,EVT-0167,2024-12-31,CV_ANTICOAG_ORAL,primary care,Southwest,602.6666666666666,567.0,True,1,0.43292988261444515,0.39452487970591626,0.038405002908528885
1456207657,,psm,EVT-0167,2024-12-31,CV_ANTICOAG_ORAL,primary care,Midwest,372.6666666666667,,False,,,,
1484724632,,psm,EVT-0167,2024-12-31,CV_ANTICOAG_ORAL,primary care,Northeast,204.66666666666666,,False,,,,
1489598965,1804484495,psm,EVT-0167,2024-12-31,CV_ANTICOAG_ORAL,primary care,Southeast,246.0,256.0,True,1,0.18541111180975337,0.19177277742646423,0.006361665616710865
1523498065,1512866082,psm,EVT-0167,2024-12-31,CV_ANTICOAG_ORAL,primary care,Southeast,105.33333333333333,105.33333333333333,True,1,0.11255115463059172,0.11255115463059172,0.0
1551107307,,psm,EVT-0167,2024-12-31,CV_ANTICOAG_ORAL,endocrinology,Midwest,379.0,,False,,,,
1552813903,,psm,EVT-0167,2024-12-31,CV_ANTICOAG_ORAL,primary care,Northeast,467.3333333333333,,False,,,,
1555906795,,psm,EVT-0167,2024-12-31,CV_ANTICOAG_ORAL,pulmonology,Midwest,270.6666666666667,,False,,,,
1595774286,,psm,EVT-0167,2024-12-31,CV_ANTICOAG_ORAL,rheumatology,Midwest,244.5,,False,,,,
1610820601,1506356074,psm,EVT-0167,2024-12-31,CV_ANTICOAG_ORAL,primary care,Midwest,226.83333333333334,229.0,True,1,0.48543714062358134,0.49134913570537875,0.005911995081797405
1686880901,1905395731,psm,EVT-0167,2024-12-31,CV_ANTICOAG_ORAL,primary care,West,54.166666666666664,54.833333333333336,True,1,0.08483147171994208,0.08545675240953443,0.0006252806895923474
1688976343,,psm,EVT-0167,2024-12-31,CV_ANTICOAG_ORAL,pulmonology,Southeast,453.8333333333333,,False,,,,
1689916181,,psm,EVT-0167,2024-12-31,CV_ANTICOAG_ORAL,primary care,Northeast,244.5,,False,,,,
1703413967,1257768279,psm,EVT-0167,2024-12-31,CV_ANTICOAG_ORAL,endocrinology,West,298.5,219.83333333333334,True,1,0.11895300490453867,0.07334859605431746,0.04560440885022121
1704331150,,psm,EVT-0167,2024-12-31,CV_ANTICOAG_ORAL,endocrinology,West,325.0,,False,,,,
1740626134,,psm,EVT-0167,2024-12-31,CV_ANTICOAG_ORAL,endocrinology,Southwest,308.5,,False,,,,
1747637738,1511022174,psm,EVT-0167,2024-12-31,CV_ANTICOAG_ORAL,primary care,Midwest,205.0,218.33333333333334,True,1,0.4263648664508588,0.4622987284791432,0.03593386202828441
1788421810,1879821175,psm,EVT-0167,2024-12-31,CV_ANTICOAG_ORAL,neurology,Northeast,168.5,145.66666666666666,True,1,0.11223558775831033,0.06802490103147828,0.04421068672683205
1803502636,,psm,EVT-0167,2024-12-31,CV_ANTICOAG_ORAL,endocrinology,Northeast,340.8333333333333,,False,,,,
1812815243,,psm,EVT-0167,2024-12-31,CV_ANTICOAG_ORAL,primary care,Midwest,336.3333333333333,,False,,,,
1824172013,1191545544,psm,EVT-0167,2024-12-31,CV_ANTICOAG_ORAL,primary care,Midwest,399.5,442.0,True,1,0.8614436245515681,0.9081666254535151,0.04672300090194703
1832506087,,psm,EVT-0167,2024-12-31,CV_ANTICOAG_ORAL,primary care,Midwest,663.6666666666666,,False,,,,
1836939912,1429777182,psm,EVT-0167,2024-12-31,CV_ANTICOAG_ORAL,neurology,Southeast,82.33333333333333,80.66666666666667,True,1,0.0584677848783328,0.0590333205375073,0.0005655356591745056
1848624494,,psm,EVT-0167,2024-12-31,CV_ANTICOAG_ORAL,primary care,Midwest,312.0,,False,,,,
1903798589,1134632102,psm,EVT-0167,2024-12-31,CV_ANTICOAG_ORAL,primary care,Southwest,306.5,363.6666666666667,True,1,0.17002933765488323,0.2089119120028969,0.038882574348013677
1927430854,,psm,EVT-0167,2024-12-31,CV_ANTICOAG_ORAL,primary care,Southeast,461.5,,False,,,,
1934763735,,psm,EVT-0167,2024-12-31,CV_ANTICOAG_ORAL,cardiology,Midwest,350.3333333333333,,False,,,,
1937514325,1873780039,psm,EVT-0167,2024-12-31,CV_ANTICOAG_ORAL,primary care,West,271.8333333333333,274.3333333333333,True,1,0.56032270270347,0.5677247590871357,0.007402056383665756
1042224778,,psm,EVT-0168,2025-01-01,METABOLIC_GLP1_INJ,cardiology,Northeast,471.8333333333333,,False,,,,
1044666919,1204261733,psm,EVT-0168,2025-01-01,METABOLIC_GLP1_INJ,neurology,Southeast,262.6666666666667,263.8333333333333,True,1,0.6456060311200783,0.6524869160229622,0.006880884902883855
1065091666,1257768279,psm,EVT-0168,2025-01-01,METABOLIC_GLP1_INJ,endocrinology,West,238.5,235.33333333333334,True,1,0.13461656088100032,0.1312937777026889,0.003322783178311417
1074076039,1451721462,psm,EVT-0168,2025-01-01,METABOLIC_GLP1_INJ,cardiology,Southeast,329.5,324.3333333333333,True,1,0.5506095964328753,0.5430220538816353,0.007587542551240056
1078096579,1293643247,psm,EVT-0168,2025-01-01,METABOLIC_GLP1_INJ,cardiology,Midwest,168.83333333333334,166.0,True,1,0.24644007660682749,0.22456644066287895,0.021873635943948533
1095874958,1026926489,psm,EVT-0168,2025-01-01,METABOLIC_GLP1_INJ,neurology,Southeast,192.33333333333334,191.83333333333334,True,1,0.22769693766841506,0.22542831062545682,0.0022686270429582434
1123148250,,psm,EVT-0168,2025-01-01,METABOLIC_GLP1_INJ,cardiology,Southwest,398.1666666666667,,False,,,,
1213511599,,psm,EVT-0168,2025-01-01,METABOLIC_GLP1_INJ,primary care,Northeast,1046.1666666666667,,False,,,,
1241711534,1572180861,psm,EVT-0168,2025-01-01,METABOLIC_GLP1_INJ,primary care,Southeast,138.66666666666666,140.5,True,1,0.10135894723398457,0.10220433695508074,0.0008453897210961708
1246448348,,psm,EVT-0168,2025-01-01,METABOLIC_GLP1_INJ,cardiology,Southeast,340.0,,False,,,,
1250474354,,psm,EVT-0168,2025-01-01,METABOLIC_GLP1_INJ,pulmonology,Southeast,52.666666666666664,,False,,,,
1263807582,,psm,EVT-0168,2025-01-01,METABOLIC_GLP1_INJ,primary care,Northeast,493.1666666666667,,False,,,,
1332369119,1275177768,psm,EVT-0168,2025-01-01,METABOLIC_GLP1_INJ,cardiology,Southeast,77.83333333333333,44.666666666666664,True,1,0.2161376413862373,0.18469241811457837,0.03144522327165894
1350739367,1440538092,psm,EVT-0168,2025-01-01,METABOLIC_GLP1_INJ,cardiology,Northeast,162.33333333333334,146.0,True,1,0.13816675613789714,0.12337105708801263,0.014795699049884509
1385532449,1892083019,psm,EVT-0168,2025-01-01,METABOLIC_GLP1_INJ,primary care,Southeast,376.0,324.0,True,1,0.271875039641335,0.2231483011972045,0.04872673844413053
1386514024,1933607412,psm,EVT-0168,2025-01-01,METABOLIC_GLP1_INJ,cardiology,West,130.5,118.33333333333333,True,1,0.057467060562757306,0.04721277585323944,0.010254284709517864
1423152481,1364720148,psm,EVT-0168,2025-01-01,METABOLIC_GLP1_INJ,primary care,Southeast,515.1666666666666,514.0,True,1,0.4296724908660557,0.42823105904117764,0.0014414318248780478
1443520683,,psm,EVT-0168,2025-01-01,METABOLIC_GLP1_INJ,cardiology,Midwest,161.83333333333334,,False,,,,
1467704312,1879821175,psm,EVT-0168,2025-01-01,METABOLIC_GLP1_INJ,neurology,Northeast,197.66666666666666,219.33333333333334,True,1,0.08858637263885495,0.10566653512313931,0.01708016248428436
1475115246,1714292012,psm,EVT-0168,2025-01-01,METABOLIC_GLP1_INJ,cardiology,Southeast,209.66666666666666,197.0,True,1,0.3758890352910346,0.35844937538175003,0.01743965990928459
1524065749,1105435741,psm,EVT-0168,2025-01-01,METABOLIC_GLP1_INJ,rheumatology,Northeast,113.5,97.33333333333333,True,1,0.05342343308697658,0.0559518280333986,0.0025283949464220204
1567742360,1873780039,psm,EVT-0168,2025-01-01,METABOLIC_GLP1_INJ,primary care,West,346.6666666666667,346.6666666666667,True,1,0.587016303196963,0.587016303196963,0.0
1595774286,1187084813,psm,EVT-0168,2025-01-01,METABOLIC_GLP1_INJ,rheumatology,Midwest,190.16666666666666,210.66666666666666,True,1,0.11650704186837925,0.13466972409796324,0.01816268222958399
1610177150,1955222058,psm,EVT-0168,2025-01-01,METABOLIC_GLP1_INJ,cardiology,Southeast,237.16666666666666,232.66666666666666,True,1,0.4148233585632553,0.4083648056727231,0.00645855289053221
1631526641,1750236147,psm,EVT-0168,2025-01-01,METABOLIC_GLP1_INJ,cardiology,Southwest,271.5,248.83333333333334,True,1,0.23548532074083667,0.21307977013465154,0.022405550606185126
1639269087,,psm,EVT-0168,2025-01-01,METABOLIC_GLP1_INJ,primary care,Northeast,476.1666666666667,,False,,,,
1640263392,1704492101,psm,EVT-0168,2025-01-01,METABOLIC_GLP1_INJ,oncology,Southeast,152.5,165.0,True,1,0.07243905313598134,0.0920895482088753,0.01965049507289396
1648553570,,psm,EVT-0168,2025-01-01,METABOLIC_GLP1_INJ,cardiology,Southwest,817.3333333333334,,False,,,,
1655321622,1871372714,psm,EVT-0168,2025-01-01,METABOLIC_GLP1_INJ,cardiology,Northeast,119.0,127.66666666666667,True,1,0.10190275985606086,0.10840598856860403,0.006503228712543177
1701585576,1823309871,psm,EVT-0168,2025-01-01,METABOLIC_GLP1_INJ,cardiology,Southwest,167.66666666666666,186.66666666666666,True,1,0.14580117384377228,0.15977559368575586,0.013974419841983582
1714986282,1300832031,psm,EVT-0168,2025-01-01,METABOLIC_GLP1_INJ,cardiology,West,246.33333333333334,248.5,True,1,0.30510586900258113,0.3129911831489435,0.007885314146362343
1738903891,1285330571,psm,EVT-0168,2025-01-01,METABOLIC_GLP1_INJ,endocrinology,Southeast,344.5,393.3333333333333,True,1,0.13011675863834604,0.16536729136488992,0.03525053272654388
1766730505,,psm,EVT-0168,2025-01-01,METABOLIC_GLP1_INJ,cardiology,Midwest,270.3333333333333,,False,,,,
1793685516,1743431961,psm,EVT-0168,2025-01-01,METABOLIC_GLP1_INJ,cardiology,Southeast,62.0,62.666666666666664,True,1,0.2006637485853444,0.20129820839097887,0.0006344598056344797
1815807585,,psm,EVT-0168,2025-01-01,METABOLIC_GLP1_INJ,primary care,Southeast,472.6666666666667,,False,,,,
1827318308,1583696442,psm,EVT-0168,2025-01-01,METABOLIC_GLP1_INJ,endocrinology,West,164.16666666666666,156.66666666666666,True,1,0.07327890453956083,0.06877564827359076,0.0045032562659700764
1862986803,,psm,EVT-0168,2025-01-01,METABOLIC_GLP1_INJ,primary care,Midwest,344.6666666666667,,False,,,,
1903798589,1412773438,psm,EVT-0168,2025-01-01,METABOLIC_GLP1_INJ,primary care,Southwest,446.0,448.3333333333333,True,1,0.18572592590203,0.19003420200110402,0.0043082760990740265
1937514325,,psm,EVT-0168,2025-01-01,METABOLIC_GLP1_INJ,primary care,West,286.8333333333333,,False,,,,
1020833996,1844748057,psm,EVT-0169,2025-01-06,NEURO_MIGRAINE_CGRP,neurology,Midwest,226.33333333333334,230.33333333333334,True,1,0.19265965237815108,0.20359504183364052,0.010935389455489442
1044666919,1464676570,psm,EVT-0169,2025-01-06,NEURO_MIGRAINE_CGRP,neurology,Southeast,165.16666666666666,167.0,True,1,0.11061666872900705,0.11156515558470399,0.0009484868556969422
1133616429,,psm,EVT-0169,2025-01-06,NEURO_MIGRAINE_CGRP,neurology,Midwest,245.16666666666666,,False,,,,
1159841240,,psm,EVT-0169,2025-01-06,NEURO_MIGRAINE_CGRP,neurology,Southeast,850.1666666666666,,False,,,,
1204261733,1907112910,psm,EVT-0169,2025-01-06,NEURO_MIGRAINE_CGRP,neurology,Southeast,242.66666666666666,244.33333333333334,True,1,0.15730379147869786,0.1584647429879793,0.0011609515092814437
1204787067,1409867656,psm,EVT-0169,2025-01-06,NEURO_MIGRAINE_CGRP,neurology,Northeast,160.5,167.83333333333334,True,1,0.17428146136530734,0.17460312221106067,0.00032166084575332987
1244876920,1569475654,psm,EVT-0169,2025-01-06,NEURO_MIGRAINE_CGRP,neurology,West,84.0,85.83333333333333,True,1,0.039725109500751615,0.03901025296574402,0.0007148565350075936
1398789739,1879821175,psm,EVT-0169,2025-01-06,NEURO_MIGRAINE_CGRP,neurology,Northeast,235.66666666666666,262.5,True,1,0.17760069438983536,0.17879755366704017,0.0011968592772048092
1486877065,1914644640,psm,EVT-0169,2025-01-06,NEURO_MIGRAINE_CGRP,neurology,Northeast,244.0,253.83333333333334,True,1,0.1779717159074486,0.17841030205439784,0.00043858614694924913
1592062677,,psm,EVT-0169,2025-01-06,NEURO_MIGRAINE_CGRP,neurology,Southeast,578.6666666666666,,False,,,,
1025231352,1150502551,psm,EVT-0170,2025-01-07,RHEUM_JAK_ORAL,rheumatology,Northeast,366.0,374.8333333333333,True,1,0.2849652549270143,0.2910595509894804,0.006094296062466087
1073902250,1641859123,psm,EVT-0170,2025-01-07,RHEUM_JAK_ORAL,rheumatology,West,381.1666666666667,397.0,True,1,0.0864922071452222,0.09138500456008593,0.004892797414863731
1246066447,1075689749,psm,EVT-0170,2025-01-07,RHEUM_JAK_ORAL,rheumatology,Southwest,574.6666666666666,559.6666666666666,True,1,0.7228289302675711,0.6936956129472905,0.029133317320280572
1273912869,,psm,EVT-0170,2025-01-07,RHEUM_JAK_ORAL,rheumatology,Northeast,324.6666666666667,,False,,,,
1274985831,,psm,EVT-0170,2025-01-07,RHEUM_JAK_ORAL,rheumatology,Southwest,345.3333333333333,,False,,,,
1357524945,,psm,EVT-0170,2025-01-07,RHEUM_JAK_ORAL,rheumatology,Midwest,1168.6666666666667,,False,,,,
1595774286,,psm,EVT-0170,2025-01-07,RHEUM_JAK_ORAL,rheumatology,Midwest,660.5,,False,,,,
1598661571,1775551348,psm,EVT-0170,2025-01-07,RHEUM_JAK_ORAL,rheumatology,Northeast,485.0,489.0,True,1,0.3729500165217134,0.3761026758912132,0.0031526593694998217
1616839134,,psm,EVT-0170,2025-01-07,RHEUM_JAK_ORAL,rheumatology,Northeast,1052.3333333333333,,False,,,,
1647196991,,psm,EVT-0170,2025-01-07,RHEUM_JAK_ORAL,rheumatology,Southeast,797.0,,False,,,,
1808310134,1279507085,psm,EVT-0170,2025-01-07,RHEUM_JAK_ORAL,rheumatology,Southwest,411.5,422.6666666666667,True,1,0.3598212449402373,0.3843533052204422,0.02453206028020488
1847082322,1065455036,psm,EVT-0170,2025-01-07,RHEUM_JAK_ORAL,rheumatology,Northeast,318.5,257.3333333333333,True,1,0.2535476081890826,0.21660207884015664,0.036945529348925976
1892307210,1418704015,psm,EVT-0170,2025-01-07,RHEUM_JAK_ORAL,rheumatology,Northeast,251.83333333333334,250.83333333333334,True,1,0.21347850776786365,0.2129141253316579,0.0005643824362057404
1944079924,,psm,EVT-0170,2025-01-07,RHEUM_JAK_ORAL,rheumatology,Southeast,911.8333333333334,,False,,,,
1993874985,1674708775,psm,EVT-0170,2025-01-07,RHEUM_JAK_ORAL,rheumatology,Northeast,502.5,470.0,True,1,0.3868192700917679,0.36122524803029205,0.025594022061475874
1031568581,,psm,EVT-0171,2025-01-10,PULM_ICS_LABA_INH,pulmonology,Southeast,562.1666666666666,,False,,,,
1389574017,,psm,EVT-0171,2025-01-10,PULM_ICS_LABA_INH,pulmonology,Southwest,351.6666666666667,,False,,,,
1449331358,,psm,EVT-0171,2025-01-10,PULM_ICS_LABA_INH,pulmonology,Midwest,135.0,,False,,,,
1648626962,,psm,EVT-0171,2025-01-10,PULM_ICS_LABA_INH,pulmonology,Southwest,365.1666666666667,,False,,,,
1655727265,,psm,EVT-0171,2025-01-10,PULM_ICS_LABA_INH,pulmonology,Northeast,531.3333333333334,,False,,,,
1704308638,,psm,EVT-0171,2025-01-10,PULM_ICS_LABA_INH,pulmonology,Southeast,496.5,,False,,,,
1742859469,,psm,EVT-0171,2025-01-10,PULM_ICS_LABA_INH,pulmonology,West,451.0,,False,,,,
1889776344,1697855363,psm,EVT-0171,2025-01-10,PULM_ICS_LABA_INH,pulmonology,Northeast,293.6666666666667,282.5,True,1,0.144712854146304,0.1278397082288464,0.016873145917457588
1002145427,,psm,EVT-0172,2025-01-14,METABOLIC_GLP1_INJ,primary care,Northeast,365.5,,False,,,,
1018018261,,psm,EVT-0172,2025-01-14,METABOLIC_GLP1_INJ,primary care,Northeast,363.1666666666667,,False,,,,
1065870788,1046736322,psm,EVT-0172,2025-01-14,METABOLIC_GLP1_INJ,primary care,Southwest,251.5,317.0,True,1,0.26886173625977206,0.30132860183554055,0.0324668655757685
1101185407,,psm,EVT-0172,2025-01-14,METABOLIC_GLP1_INJ,primary care,Midwest,443.3333333333333,,False,,,,
1144669185,,psm,EVT-0172,2025-01-14,METABOLIC_GLP1_INJ,primary care,Northeast,422.3333333333333,,False,,,,
1174238463,1181854898,psm,EVT-0172,2025-01-14,METABOLIC_GLP1_INJ,primary care,Southeast,285.8333333333333,272.8333333333333,True,1,0.26060903475283065,0.24960934448847993,0.010999690264350714
1213511599,,psm,EVT-0172,2025-01-14,METABOLIC_GLP1_INJ,primary care,Northeast,1046.1666666666667,,False,,,,
1227780172,1352216182,psm,EVT-0172,2025-01-14,METABOLIC_GLP1_INJ,primary care,Southwest,206.0,214.0,True,1,0.2476562286000341,0.25130208291056244,0.003645854310528329
1282948292,,psm,EVT-0172,2025-01-14,METABOLIC_GLP1_INJ,rheumatology,Midwest,34.166666666666664,,False,,,,
1287287258,,psm,EVT-0172,2025-01-14,METABOLIC_GLP1_INJ,primary care,Midwest,558.6666666666666,,False,,,,
1292975558,,psm,EVT-0172,2025-01-14,METABOLIC_GLP1_INJ,oncology,Northeast,432.5,,False,,,,
1296552940,1134089733,psm,EVT-0172,2025-01-14,METABOLIC_GLP1_INJ,primary care,Northeast,121.83333333333333,106.66666666666667,True,1,0.05935876898028759,0.050187008591771616,0.009171760388515977
1326516303,,psm,EVT-0172,2025-01-14,METABOLIC_GLP1_INJ,oncology,Southwest,444.1666666666667,,False,,,,
1362648127,1596912711,psm,EVT-0172,2025-01-14,METABOLIC_GLP1_INJ,oncology,Northeast,36.166666666666664,33.833333333333336,True,1,0.05950021378689927,0.05847747609789396,0.0010227376890053139
1377426493,,psm,EVT-0172,2025-01-14,METABOLIC_GLP1_INJ,primary care,West,335.6666666666667,,False,,,,
1385532449,,psm,EVT-0172,2025-01-14,METABOLIC_GLP1_INJ,primary care,Southeast,376.0,,False,,,,
1418997171,,psm,EVT-0172,2025-01-14,METABOLIC_GLP1_INJ,primary care,Northeast,402.0,,False,,,,
1425340662,1670560261,psm,EVT-0172,2025-01-14,METABOLIC_GLP1_INJ,primary care,Southwest,221.16666666666666,217.0,True,1,0.2545982962914653,0.25267843560074815,0.0019198606907171456
1429255973,1529045985,psm,EVT-0172,2025-01-14,METABOLIC_GLP1_INJ,primary care,Midwest,167.5,169.83333333333334,True,1,0.12435011290636619,0.12773019685598155,0.0033800839496153645
1436505063,,psm,EVT-0172,2025-01-14,METABOLIC_GLP1_INJ,primary care,Midwest,187.83333333333334,,False,,,,
1494868502,1743431961,psm,EVT-0172,2025-01-14,METABOLIC_GLP1_INJ,cardiology,Southeast,86.16666666666667,62.666666666666664,True,1,0.0952763658462048,0.1188684271128119,0.023592061266607095
1509977165,,psm,EVT-0172,2025-01-14,METABOLIC_GLP1_INJ,primary care,Northeast,614.1666666666666,,False,,,,
1557944620,1769352273,psm,EVT-0172,2025-01-14,METABOLIC_GLP1_INJ,primary care,Southwest,249.83333333333334,185.83333333333334,True,1,0.2680650488463,0.2386241939077276,0.029440854938572403
1599989245,1443260538,psm,EVT-0172,2025-01-14,METABOLIC_GLP1_INJ,oncology,Northeast,96.0,92.5,True,1,0.09212508582895292,0.08983943756850085,0.002285648260452064
1639269087,,psm,EVT-0172,2025-01-14,METABOLIC_GLP1_INJ,primary care,Northeast,476.1666666666667,,False,,,,
1644815767,,psm,EVT-0172,2025-01-14,METABOLIC_GLP1_INJ,primary care,West,376.5,,False,,,,
1707435529,1082909627,psm,EVT-0172,2025-01-14,METABOLIC_GLP1_INJ,primary care,Southeast,169.5,173.0,True,1,0.17352340647473016,0.1757700486743982,0.0022466421996680253
1725623817,1412773438,psm,EVT-0172,2025-01-14,METABOLIC_GLP1_INJ,primary care,Southwest,383.8333333333333,448.3333333333333,True,1,0.33663911712017885,0.3725446796292939,0.03590556250911503
1732527431,1364720148,psm,EVT-0172,2025-01-14,METABOLIC_GLP1_INJ,primary care,Southeast,522.3333333333334,514.0,True,1,0.5025930390912122,0.49331599626589984,0.009277042825312387
1768831921,,psm,EVT-0172,2025-01-14,METABOLIC_GLP1_INJ,rheumatology,Northeast,298.3333333333333,,False,,,,
1803233885,1084919582,psm,EVT-0172,2025-01-14,METABOLIC_GLP1_INJ,primary care,Southeast,488.3333333333333,497.6666666666667,True,1,0.464799337248454,0.4751522534840791,0.010352916235625065
1808826295,1892083019,psm,EVT-0172,2025-01-14,METABOLIC_GLP1_INJ,primary care,Southeast,326.3333333333333,324.0,True,1,0.29682739308739975,0.2946632127095387,0.002164180377861036
1812815243,,psm,EVT-0172,2025-01-14,METABOLIC_GLP1_INJ,primary care,Midwest,401.0,,False,,,,
1862986803,1523681389,psm,EVT-0172,2025-01-14,METABOLIC_GLP1_INJ,primary care,Midwest,344.6666666666667,347.8333333333333,True,1,0.5934221168801405,0.6034298104605046,0.01000769358036413
1041585906,1857629178,psm,EVT-0173,2025-01-14,METABOLIC_GLP1_INJ,oncology,West,88.66666666666667,78.0,True,1,0.046036410637852604,0.039503664717939535,0.006532745919913069
1085110611,1523987174,psm,EVT-0173,2025-01-14,METABOLIC_GLP1_INJ,neurology,West,98.0,94.0,True,1,0.14577117825753613,0.13682638052264628,0.008944797734889848
1124726435,,psm,EVT-0173,2025-01-14,METABOLIC_GLP1_INJ,primary care,Northeast,955.6666666666666,,False,,,,
1145899849,1434523506,psm,EVT-0173,2025-01-14,METABOLIC_GLP1_INJ,primary care,West,144.83333333333334,139.5,True,1,0.06603262997254321,0.06151496656274006,0.004517663409803148
1228081653,1135771313,psm,EVT-0173,2025-01-14,METABOLIC_GLP1_INJ,neurology,Southeast,24.666666666666668,19.5,True,1,0.04175977463231544,0.039332040010208756,0.0024277346221066864
1229022169,,psm,EVT-0173,2025-01-14,METABOLIC_GLP1_INJ,pulmonology,West,294.0,,False,,,,
1243754490,1879821175,psm,EVT-0173,2025-01-14,METABOLIC_GLP1_INJ,neurology,Northeast,238.0,219.33333333333334,True,1,0.13629188329919142,0.11098390050193714,0.025307982797254283
1244876920,1718275724,psm,EVT-0173,2025-01-14,METABOLIC_GLP1_INJ,neurology,West,28.166666666666668,27.166666666666668,True,1,0.04497742819861331,0.044192150369616524,0.0007852778289967888
1282948292,,psm,EVT-0173,2025-01-14,METABOLIC_GLP1_INJ,rheumatology,Midwest,34.166666666666664,,False,,,,
1293643247,1742318383,psm,EVT-0173,2025-01-14,METABOLIC_GLP1_INJ,cardiology,Midwest,166.0,152.66666666666666,True,1,0.1156106175837242,0.10623976178151988,0.009370855802204328
1324237324,,psm,EVT-0173,2025-01-14,METABOLIC_GLP1_INJ,endocrinology,West,433.5,,False,,,,
1327009084,1081031506,psm,EVT-0173,2025-01-14,METABOLIC_GLP1_INJ,neurology,Southwest,148.0,152.16666666666666,True,1,0.07617103679458892,0.07711020877119876,0.0009391719766098372
1341556789,,psm,EVT-0173,2025-01-14,METABOLIC_GLP1_INJ,cardiology,West,492.5,,False,,,,
1413495239,,psm,EVT-0173,2025-01-14,METABOLIC_GLP1_INJ,neurology,Southeast,356.0,,False,,,,
1425340662,1670560261,psm,EVT-0173,2025-01-14,METABOLIC_GLP1_INJ,primary care,Southwest,221.16666666666666,217.0,True,1,0.06668291408324116,0.06664199234573218,4.092173750898376e-05
1473057747,1335601583,psm,EVT-0173,2025-01-14,METABOLIC_GLP1_INJ,endocrinology,West,185.5,146.83333333333334,True,1,0.10998967512342711,0.0742789781498474,0.03571069697357972
1551962891,1623506957,psm,EVT-0173,2025-01-14,METABOLIC_GLP1_INJ,cardiology,Midwest,77.0,77.66666666666667,True,1,0.06481190936955533,0.06510062037586144,0.00028871100630610547
1567742360,1873780039,psm,EVT-0173,2025-01-14,METABOLIC_GLP1_INJ,primary care,West,346.6666666666667,346.6666666666667,True,1,0.5536054754140647,0.5536054754140647,0.0
1592123891,1058325303,psm,EVT-0173,2025-01-14,METABOLIC_GLP1_INJ,primary care,Northeast,198.33333333333334,198.16666666666666,True,1,0.06856397276245364,0.06847322546081545,9.074730163818878e-05
1614978876,1131525051,psm,EVT-0173,2025-01-14,METABOLIC_GLP1_INJ,cardiology,West,58.166666666666664,54.5,True,1,0.023242202322199857,0.022392837873470284,0.0008493644487295726
1639269087,,psm,EVT-0173,2025-01-14,METABOLIC_GLP1_INJ,primary care,Northeast,476.1666666666667,,False,,,,
1644815767,,psm,EVT-0173,2025-01-14,METABOLIC_GLP1_INJ,primary care,West,376.5,,False,,,,
1681501296,1390158669,psm,EVT-0173,2025-01-14,METABOLIC_GLP1_INJ,pulmonology,West,52.5,50.666666666666664,True,1,0.029791035361121453,0.028979042544334945,0.0008119928167865074
1742859469,,psm,EVT-0173,2025-01-14,METABOLIC_GLP1_INJ,pulmonology,West,301.0,,False,,,,
1827318308,1583696442,psm,EVT-0173,2025-01-14,METABOLIC_GLP1_INJ,endocrinology,West,164.16666666666666,156.66666666666666,True,1,0.08873855973816386,0.08219362427082337,0.0065449354673404875
1889776344,1573445784,psm,EVT-0173,2025-01-14,METABOLIC_GLP1_INJ,pulmonology,Northeast,103.16666666666667,101.0,True,1,0.09253371903055445,0.09304224865200875,0.0005085296214542984
1026722938,,psm,EVT-0174,2025-01-15,ENDO_BASAL_INSULIN,endocrinology,Midwest,1095.0,,False,,,,
1050705288,,psm,EVT-0174,2025-01-15,ENDO_BASAL_INSULIN,endocrinology,Southeast,971.3333333333334,,False,,,,
1136500869,1769333869,psm,EVT-0174,2025-01-15,ENDO_BASAL_INSULIN,endocrinology,Southeast,306.8333333333333,296.3333333333333,True,1,0.148349548039155,0.13662448428401705,0.01172506375513796
1137408567,,psm,EVT-0174,2025-01-15,ENDO_BASAL_INSULIN,endocrinology,Northeast,732.1666666666666,,False,,,,
1219516501,,psm,EVT-0174,2025-01-15,ENDO_BASAL_INSULIN,endocrinology,Midwest,696.1666666666666,,False,,,,
1267903205,1785926670,psm,EVT-0174,2025-01-15,ENDO_BASAL_INSULIN,endocrinology,Midwest,124.83333333333333,135.5,True,1,0.08243914926017779,0.08829366884970526,0.005854519589527471
1645233598,,psm,EVT-0174,2025-01-15,ENDO_BASAL_INSULIN,endocrinology,Northeast,645.5,,False,,,,
1706991829,1801662945,psm,EVT-0174,2025-01-15,ENDO_BASAL_INSULIN,endocrinology,Midwest,288.6666666666667,318.3333333333333,True,1,0.22139281460931268,0.25942687722840835,0.03803406261909567
1738903891,,psm,EVT-0174,2025-01-15,ENDO_BASAL_INSULIN,endocrinology,Southeast,656.0,,False,,,,
1746046261,1324722952,psm,EVT-0174,2025-01-15,ENDO_BASAL_INSULIN,endocrinology,Northeast,262.1666666666667,257.1666666666667,True,1,0.15459254128438904,0.14881503974879004,0.005777501535599
1803502636,,psm,EVT-0174,2025-01-15,ENDO_BASAL_INSULIN,endocrinology,Northeast,306.0,,False,,,,
1836314447,,psm,EVT-0174,2025-01-15,ENDO_BASAL_INSULIN,endocrinology,Southeast,421.8333333333333,,False,,,,
1964945871,1805422742,psm,EVT-0174,2025-01-15,ENDO_BASAL_INSULIN,endocrinology,Northeast,405.6666666666667,416.1666666666667,True,1,0.39881334466941987,0.42162085724156434,0.022807512572144473
1002145427,1124890801,psm,EVT-0175,2025-01-20,CV_ANTICOAG_ORAL,primary care,Northeast,276.1666666666667,292.5,True,1,0.6666497960552749,0.7041292466906953,0.037479450635420464
1018018261,,psm,EVT-0175,2025-01-20,CV_ANTICOAG_ORAL,primary care,Northeast,387.1666666666667,,False,,,,
1025978341,,psm,EVT-0175,2025-01-20,CV_ANTICOAG_ORAL,endocrinology,Northeast,571.3333333333334,,False,,,,
1048976678,1773180629,psm,EVT-0175,2025-01-20,CV_ANTICOAG_ORAL,primary care,Southeast,340.0,333.8333333333333,True,1,0.530332131423329,0.5200906129648417,0.010241518458487309
1084471394,1473494189,psm,EVT-0175,2025-01-20,CV_ANTICOAG_ORAL,primary care,Northeast,119.0,94.66666666666667,True,1,0.27270799288322134,0.22441802290757593,0.048289969975645414
1098995024,,psm,EVT-0175,2025-01-20,CV_ANTICOAG_ORAL,primary care,Northeast,347.0,,False,,,,
1101185407,1488515010,psm,EVT-0175,2025-01-20,CV_ANTICOAG_ORAL,primary care,Midwest,163.0,175.5,True,1,0.22024706463842203,0.2333201475609232,0.013073082922501172
1124726435,,psm,EVT-0175,2025-01-20,CV_ANTICOAG_ORAL,primary care,Northeast,761.1666666666666,,False,,,,
1133130363,,psm,EVT-0175,2025-01-20,CV_ANTICOAG_ORAL,primary care,Northeast,251.83333333333334,,False,,,,
1134089733,1742974847,psm,EVT-0175,2025-01-20,CV_ANTICOAG_ORAL,primary care,Northeast,49.0,42.333333333333336,True,1,0.151035381700826,0.14215435451315525,0.008881027187670754
1138281740,,psm,EVT-0175,2025-01-20,CV_ANTICOAG_ORAL,primary care,West,369.8333333333333,,False,,,,
1159841240,,psm,EVT-0175,2025-01-20,CV_ANTICOAG_ORAL,neurology,Southeast,717.5,,False,,,,
1180932224,1393729789,psm,EVT-0175,2025-01-20,CV_ANTICOAG_ORAL,primary care,Southeast,321.1666666666667,322.1666666666667,True,1,0.4990104367162331,0.5006755139867932,0.0016650772705601447
1189769080,,psm,EVT-0175,2025-01-20,CV_ANTICOAG_ORAL,primary care,Northeast,382.1666666666667,,False,,,,
1213511599,,psm,EVT-0175,2025-01-20,CV_ANTICOAG_ORAL,primary care,Northeast,1243.8333333333333,,False,,,,
1227780172,1219172859,psm,EVT-0175,2025-01-20,CV_ANTICOAG_ORAL,primary care,Southwest,276.1666666666667,270.6666666666667,True,1,0.2997487692165414,0.29955221032582663,0.00019655889071479304
1238983617,1782341873,psm,EVT-0175,2025-01-20,CV_ANTICOAG_ORAL,pulmonology,Southeast,171.0,168.16666666666666,True,1,0.045533491460116565,0.045462589290125865,7.090216999069976e-05
1241711534,1892083019,psm,EVT-0175,2025-01-20,CV_ANTICOAG_ORAL,primary care,Southeast,130.83333333333334,126.5,True,1,0.21897691685302517,0.21408092146127536,0.004895995391749813
1259584955,1693350831,psm,EVT-0175,2025-01-20,CV_ANTICOAG_ORAL,oncology,Northeast,121.66666666666667,122.16666666666667,True,1,0.1355582038879834,0.1362827453786374,0.0007245414906540126
1263807582,,psm,EVT-0175,2025-01-20,CV_ANTICOAG_ORAL,primary care,Northeast,623.6666666666666,,False,,,,
1280087226,,psm,EVT-0175,2025-01-20,CV_ANTICOAG_ORAL,primary care,Northeast,539.3333333333334,,False,,,,
1300654963,,psm,EVT-0175,2025-01-20,CV_ANTICOAG_ORAL,primary care,Northeast,550.6666666666666,,False,,,,
1315385710,,psm,EVT-0175,2025-01-20,CV_ANTICOAG_ORAL,primary care,Northeast,711.5,,False,,,,
1316743925,,psm,EVT-0175,2025-01-20,CV_ANTICOAG_ORAL,primary care,Northeast,591.5,,False,,,,
1327009084,1697719783,psm,EVT-0175,2025-01-20,CV_ANTICOAG_ORAL,neurology,Southwest,120.83333333333333,104.33333333333333,True,1,0.07170211221435646,0.070894123118282,0.0008079890960744629
1377426493,,psm,EVT-0175,2025-01-20,CV_ANTICOAG_ORAL,primary care,West,388.3333333333333,,False,,,,
1393791409,1519182780,psm,EVT-0175,2025-01-20,CV_ANTICOAG_ORAL,rheumatology,Midwest,193.33333333333334,183.0,True,1,0.1943108532841995,0.1763976909201299,0.01791316236406959
1418997171,1209566128,psm,EVT-0175,2025-01-20,CV_ANTICOAG_ORAL,primary care,Northeast,324.0,304.1666666666667,True,1,0.7689778960286141,0.729345021903652,0.03963287412496208
1425340662,1566276774,psm,EVT-0175,2025-01-20,CV_ANTICOAG_ORAL,primary care,Southwest,509.1666666666667,500.0,True,1,0.30814287664780743,0.3078101787594434,0.0003326978883640419
1443520683,1304105269,psm,EVT-0175,2025-01-20,CV_ANTICOAG_ORAL,cardiology,Midwest,177.0,197.0,True,1,0.054101132799453035,0.06364660992247821,0.009545477123025177
1456207657,,psm,EVT-0175,2025-01-20,CV_ANTICOAG_ORAL,primary care,Midwest,400.3333333333333,,False,,,,
1456299035,1997693654,psm,EVT-0175,2025-01-20,CV_ANTICOAG_ORAL,primary care,Southeast,219.0,187.0,True,1,0.33527540082871343,0.28955410140070054,0.045721299428012896
1460081361,1133042691,psm,EVT-0175,2025-01-20,CV_ANTICOAG_ORAL,cardiology,Northeast,215.83333333333334,187.0,True,1,0.13809596133868654,0.10132029022106481,0.03677567111762173
1523681389,1428222503,psm,EVT-0175,2025-01-20,CV_ANTICOAG_ORAL,primary care,Midwest,95.16666666666667,92.0,True,1,0.1585721617503743,0.1560678300441172,0.002504331706257107
1533003293,,psm,EVT-0175,2025-01-20,CV_ANTICOAG_ORAL,pulmonology,Midwest,487.8333333333333,,False,,,,
1535820066,,psm,EVT-0175,2025-01-20,CV_ANTICOAG_ORAL,primary care,West,299.3333333333333,,False,,,,
1540759788,1529045985,psm,EVT-0175,2025-01-20,CV_ANTICOAG_ORAL,primary care,Midwest,154.66666666666666,155.33333333333334,True,1,0.21182826649438588,0.21249302150191612,0.0006647550075302433
1546151204,1877046932,psm,EVT-0175,2025-01-20,CV_ANTICOAG_ORAL,primary care,Northeast,150.33333333333334,143.0,True,1,0.3436225871408167,0.32622693811265246,0.01739564902816426
1552813903,,psm,EVT-0175,2025-01-20,CV_ANTICOAG_ORAL,primary care,Northeast,487.5,,False,,,,
1590869917,1650044724,psm,EVT-0175,2025-01-20,CV_ANTICOAG_ORAL,primary care,Southwest,97.33333333333333,104.0,True,1,0.2933956634249932,0.2936310820157015,0.00023541859070830284
1595301304,1224230882,psm,EVT-0175,2025-01-20,CV_ANTICOAG_ORAL,primary care,Southwest,118.66666666666667,136.5,True,1,0.29414939120090583,0.29478032634495305,0.0006309351440472177
1595774286,1187084813,psm,EVT-0175,2025-01-20,CV_ANTICOAG_ORAL,rheumatology,Midwest,257.0,246.16666666666666,True,1,0.33384519824261405,0.3067629831865832,0.027082215056030867
1610177150,,psm,EVT-0175,2025-01-20,CV_ANTICOAG_ORAL,cardiology,Southeast,454.0,,False,,,,
1613561947,,psm,EVT-0175,2025-01-20,CV_ANTICOAG_ORAL,primary care,Southeast,302.8333333333333,,False,,,,
1621842156,1468815406,psm,EVT-0175,2025-01-20,CV_ANTICOAG_ORAL,oncology,Northeast,102.66666666666667,106.66666666666667,True,1,0.11035591932238156,0.11529527741897642,0.004939358096594862
1644815767,,psm,EVT-0175,2025-01-20,CV_ANTICOAG_ORAL,primary care,West,312.0,,False,,,,
1655727265,,psm,EVT-0175,2025-01-20,CV_ANTICOAG_ORAL,pulmonology,Northeast,242.83333333333334,,False,,,,
1689916181,,psm,EVT-0175,2025-01-20,CV_ANTICOAG_ORAL,primary care,Northeast,254.83333333333334,,False,,,,
1710163217,1056679651,psm,EVT-0175,2025-01-20,CV_ANTICOAG_ORAL,cardiology,Northeast,253.66666666666666,259.1666666666667,True,1,0.20261165788152577,0.2136585279305963,0.01104687004907054
1732527431,1364720148,psm,EVT-0175,2025-01-20,CV_ANTICOAG_ORAL,primary care,Southeast,274.8333333333333,274.5,True,1,0.4224917288429407,0.42195013329058556,0.0005415955523551119
1747032997,,psm,EVT-0175,2025-01-20,CV_ANTICOAG_ORAL,primary care,Northeast,454.6666666666667,,False,,,,
1767508967,1947954388,psm,EVT-0175,2025-01-20,CV_ANTICOAG_ORAL,primary care,Northeast,101.0,105.66666666666667,True,1,0.23637699722682237,0.24546614534265795,0.009089148115835582
1785764022,1242598583,psm,EVT-0175,2025-01-20,CV_ANTICOAG_ORAL,oncology,Northeast,215.83333333333334,216.0,True,1,0.33384941893595715,0.3343069026032428,0.00045748366728565193
1808826295,,psm,EVT-0175,2025-01-20,CV_ANTICOAG_ORAL,primary care,Southeast,489.5,,False,,,,
1811081532,,psm,EVT-0175,2025-01-20,CV_ANTICOAG_ORAL,oncology,Northeast,250.66666666666666,,False,,,,
1815807585,1804484495,psm,EVT-0175,2025-01-20,CV_ANTICOAG_ORAL,primary care,Southeast,268.5,263.5,True,1,0.41223469413725605,0.404190068629406,0.008044625507850067
1838439200,1181854898,psm,EVT-0175,2025-01-20,CV_ANTICOAG_ORAL,primary care,Southeast,342.3333333333333,353.1666666666667,True,1,0.5342011159794454,0.552103129208862,0.017902013229416536
1848624494,,psm,EVT-0175,2025-01-20,CV_ANTICOAG_ORAL,primary care,Midwest,315.6666666666667,,False,,,,
1896554999,,psm,EVT-0175,2025-01-20,CV_ANTICOAG_ORAL,primary care,West,543.5,,False,,,,
1908168895,1769352273,psm,EVT-0175,2025-01-20,CV_ANTICOAG_ORAL,primary care,Southwest,158.5,162.66666666666666,True,1,0.29555976029171277,0.29570751502421705,0.0001477547325042794
1922670785,,psm,EVT-0175,2025-01-20,CV_ANTICOAG_ORAL,primary care,Southeast,502.8333333333333,,False,,,,
1924355757,1412773438,psm,EVT-0175,2025-01-20,CV_ANTICOAG_ORAL,primary care,Southwest,552.5,580.6666666666666,True,1,0.3097183250148756,0.31074474388177675,0.0010264188669011354
1944079924,,psm,EVT-0175,2025-01-20,CV_ANTICOAG_ORAL,rheumatology,Southeast,538.8333333333334,,False,,,,
1955620046,,psm,EVT-0175,2025-01-20,CV_ANTICOAG_ORAL,primary care,Southeast,403.6666666666667,,False,,,,
1009179924,1300832031,psm,EVT-0176,2025-01-23,CV_ANTICOAG_ORAL,cardiology,West,343.8333333333333,287.0,True,1,0.14666398252751933,0.11317926199945677,0.03348472052806256
1025978341,,psm,EVT-0176,2025-01-23,CV_ANTICOAG_ORAL,endocrinology,Northeast,571.3333333333334,,False,,,,
1058647219,,psm,EVT-0176,2025-01-23,CV_ANTICOAG_ORAL,pulmonology,Northeast,288.6666666666667,,False,,,,
1134509243,1417682113,psm,EVT-0176,2025-01-23,CV_ANTICOAG_ORAL,pulmonology,Northeast,37.833333333333336,35.666666666666664,True,1,0.09011131095578823,0.08835270337952751,0.001758607576260715
1264333323,,psm,EVT-0176,2025-01-23,CV_ANTICOAG_ORAL,primary care,Northeast,420.3333333333333,,False,,,,
1273912869,1109634414,psm,EVT-0176,2025-01-23,CV_ANTICOAG_ORAL,rheumatology,Northeast,154.66666666666666,154.5,True,1,0.08950241871889685,0.089462800808844,3.961791005284432e-05
1315385710,,psm,EVT-0176,2025-01-23,CV_ANTICOAG_ORAL,primary care,Northeast,711.5,,False,,,,
1389574017,,psm,EVT-0176,2025-01-23,CV_ANTICOAG_ORAL,pulmonology,Southwest,325.0,,False,,,,
1397955463,,psm,EVT-0176,2025-01-23,CV_ANTICOAG_ORAL,primary care,Southeast,414.0,,False,,,,
1423152481,,psm,EVT-0176,2025-01-23,CV_ANTICOAG_ORAL,primary care,Southeast,530.5,,False,,,,
1425340662,1566276774,psm,EVT-0176,2025-01-23,CV_ANTICOAG_ORAL,primary care,Southwest,509.1666666666667,500.0,True,1,0.19013660198890078,0.17253865215155897,0.01759794983734181
1453128708,1497642888,psm,EVT-0176,2025-01-23,CV_ANTICOAG_ORAL,endocrinology,Northeast,121.83333333333333,120.33333333333333,True,1,0.053121151970623934,0.05244342692966853,0.0006777250409554028
1489598965,1804484495,psm,EVT-0176,2025-01-23,CV_ANTICOAG_ORAL,primary care,Southeast,240.16666666666666,263.5,True,1,0.1921977908754198,0.21710703601403794,0.02490924513861814
1533003293,,psm,EVT-0176,2025-01-23,CV_ANTICOAG_ORAL,pulmonology,Midwest,487.8333333333333,,False,,,,
1547244776,,psm,EVT-0176,2025-01-23,CV_ANTICOAG_ORAL,pulmonology,Northeast,308.0,,False,,,,
1567742360,,psm,EVT-0176,2025-01-23,CV_ANTICOAG_ORAL,primary care,West,433.8333333333333,,False,,,,
1592062677,,psm,EVT-0176,2025-01-23,CV_ANTICOAG_ORAL,neurology,Southeast,307.3333333333333,,False,,,,
1616839134,1222151080,psm,EVT-0176,2025-01-23,CV_ANTICOAG_ORAL,rheumatology,Northeast,343.5,363.0,True,1,0.14569188361907914,0.15291666202212706,0.007224778403047916
1635581279,,psm,EVT-0176,2025-01-23,CV_ANTICOAG_ORAL,primary care,Southeast,435.5,,False,,,,
1647196991,1337789832,psm,EVT-0176,2025-01-23,CV_ANTICOAG_ORAL,rheumatology,Southeast,81.16666666666667,84.5,True,1,0.08855869076073862,0.08722445613762664,0.0013342346231119823
1647700669,1895795452,psm,EVT-0176,2025-01-23,CV_ANTICOAG_ORAL,pulmonology,West,37.166666666666664,37.166666666666664,True,1,0.11578374664979842,0.11578374664979842,0.0
1688976343,,psm,EVT-0176,2025-01-23,CV_ANTICOAG_ORAL,pulmonology,Southeast,467.8333333333333,,False,,,,
1704308638,1349686455,psm,EVT-0176,2025-01-23,CV_ANTICOAG_ORAL,pulmonology,Southeast,179.16666666666666,175.16666666666666,True,1,0.08870613558999295,0.08608760994360674,0.002618525646386205
1707435529,1997693654,psm,EVT-0176,2025-01-23,CV_ANTICOAG_ORAL,primary care,Southeast,202.5,187.0,True,1,0.15668813712545923,0.14370662495746214,0.012981512167997089
1727463709,1185877283,psm,EVT-0176,2025-01-23,CV_ANTICOAG_ORAL,cardiology,West,208.33333333333334,204.66666666666666,True,1,0.07793927110627108,0.07657032453711213,0.001368946569158952
1738903891,,psm,EVT-0176,2025-01-23,CV_ANTICOAG_ORAL,endocrinology,Southeast,729.8333333333334,,False,,,,
1808310134,,psm,EVT-0176,2025-01-23,CV_ANTICOAG_ORAL,rheumatology,Southwest,401.5,,False,,,,
1832506087,,psm,EVT-0176,2025-01-23,CV_ANTICOAG_ORAL,primary care,Midwest,730.1666666666666,,False,,,,
1854852153,1870532862,psm,EVT-0176,2025-01-23,CV_ANTICOAG_ORAL,pulmonology,Southwest,147.16666666666666,152.66666666666666,True,1,0.1565213854290521,0.17085590724269875,0.014334521813646639
1862986803,1488515010,psm,EVT-0176,2025-01-23,CV_ANTICOAG_ORAL,primary care,Midwest,186.66666666666666,175.5,True,1,0.06699448236463468,0.0616790994970453,0.005315382867589376
1867204764,1526834563,psm,EVT-0176,2025-01-23,CV_ANTICOAG_ORAL,pulmonology,Southeast,281.8333333333333,279.1666666666667,True,1,0.18439854760353094,0.18112931476935443,0.0032692328341765164
1889776344,1536141264,psm,EVT-0176,2025-01-23,CV_ANTICOAG_ORAL,pulmonology,Northeast,282.5,273.8333333333333,True,1,0.5327920458189,0.5111975063001489,0.02159453951875112
1921646299,1618352078,psm,EVT-0176,2025-01-23,CV_ANTICOAG_ORAL,neurology,Southwest,193.16666666666666,194.5,True,1,0.08536214409935573,0.08578143684888842,0.0004192927495326876
1969914385,,psm,EVT-0176,2025-01-23,CV_ANTICOAG_ORAL,oncology,West,130.5,,False,,,,
1999506508,1004543439,psm,EVT-0176,2025-01-23,CV_ANTICOAG_ORAL,endocrinology,Southwest,133.5,129.16666666666666,True,1,0.08018666496460747,0.0808858875707798,0.0006992226061723339
1036718538,1402934529,psm,EVT-0177,2025-01-31,CV_ANTICOAG_ORAL,endocrinology,Southwest,58.166666666666664,42.333333333333336,True,1,0.07620587742531193,0.07196347356253967,0.004242403862772262
1044666919,1464676570,psm,EVT-0177,2025-01-31,CV_ANTICOAG_ORAL,neurology,Southeast,132.16666666666666,138.66666666666666,True,1,0.08600681069104088,0.09419018758255815,0.008183376891517269
1048976678,1773180629,psm,EVT-0177,2025-01-31,CV_ANTICOAG_ORAL,primary care,Southeast,340.0,333.8333333333333,True,1,0.1430169467805631,0.1407721237563209,0.0022448230242421985
1098995024,,psm,EVT-0177,2025-01-31,CV_ANTICOAG_ORAL,primary care,Northeast,347.0,,False,,,,
1200480071,,psm,EVT-0177,2025-01-31,CV_ANTICOAG_ORAL,primary care,Northeast,1196.5,,False,,,,
1204787067,1874547676,psm,EVT-0177,2025-01-31,CV_ANTICOAG_ORAL,neurology,Northeast,74.33333333333333,76.5,True,1,0.05378276085094379,0.05521974293031943,0.0014369820793756413
1227780172,1219172859,psm,EVT-0177,2025-01-31,CV_ANTICOAG_ORAL,primary care,Southwest,276.1666666666667,270.6666666666667,True,1,0.1373882308244713,0.13414390323289846,0.0032443275915728376
1278315217,1841542198,psm,EVT-0177,2025-01-31,CV_ANTICOAG_ORAL,oncology,Midwest,90.33333333333333,88.0,True,1,0.03736318828627318,0.03750611678925078,0.0001429285029776045
1285347583,1815549120,psm,EVT-0177,2025-01-31,CV_ANTICOAG_ORAL,neurology,Southwest,73.66666666666667,68.66666666666667,True,1,0.076259087686719,0.07809695425289354,0.0018378665661745314
1300832031,,psm,EVT-0177,2025-01-31,CV_ANTICOAG_ORAL,cardiology,West,287.0,,False,,,,
1328056928,1294882026,psm,EVT-0177,2025-01-31,CV_ANTICOAG_ORAL,oncology,Northeast,86.33333333333333,78.33333333333333,True,1,0.08993829998818485,0.0918776971639888,0.0019393971758039502
1341556789,,psm,EVT-0177,2025-01-31,CV_ANTICOAG_ORAL,cardiology,West,1084.5,,False,,,,
1394609428,,psm,EVT-0177,2025-01-31,CV_ANTICOAG_ORAL,endocrinology,Southwest,620.6666666666666,,False,,,,
1425340662,1566276774,psm,EVT-0177,2025-01-31,CV_ANTICOAG_ORAL,primary care,Southwest,509.1666666666667,500.0,True,1,0.3394531341335158,0.3291972171390784,0.010255916994437397
1456207657,,psm,EVT-0177,2025-01-31,CV_ANTICOAG_ORAL,primary care,Midwest,400.3333333333333,,False,,,,
1456299035,1997693654,psm,EVT-0177,2025-01-31,CV_ANTICOAG_ORAL,primary care,Southeast,219.0,187.0,True,1,0.10412458081251845,0.09553206549099184,0.008592515321526606
1555906795,,psm,EVT-0177,2025-01-31,CV_ANTICOAG_ORAL,pulmonology,Midwest,263.3333333333333,,False,,,,
1592062677,,psm,EVT-0177,2025-01-31,CV_ANTICOAG_ORAL,neurology,Southeast,307.3333333333333,,False,,,,
1595774286,1187084813,psm,EVT-0177,2025-01-31,CV_ANTICOAG_ORAL,rheumatology,Midwest,257.0,246.16666666666666,True,1,0.19234617456825354,0.17022512596293415,0.022121048605319382
1599989245,1468815406,psm,EVT-0177,2025-01-31,CV_ANTICOAG_ORAL,oncology,Northeast,100.33333333333333,106.66666666666667,True,1,0.08663298807981372,0.08517414748100396,0.0014588405988097547
1616418756,,psm,EVT-0177,2025-01-31,CV_ANTICOAG_ORAL,neurology,Northeast,255.66666666666666,,False,,,,
1648553570,,psm,EVT-0177,2025-01-31,CV_ANTICOAG_ORAL,cardiology,Southwest,903.8333333333334,,False,,,,
1683943777,1185877283,psm,EVT-0177,2025-01-31,CV_ANTICOAG_ORAL,cardiology,West,198.5,204.66666666666666,True,1,0.12507182630399513,0.1284387960693289,0.003366969765333766
1686880901,1847794991,psm,EVT-0177,2025-01-31,CV_ANTICOAG_ORAL,primary care,West,53.5,49.5,True,1,0.07665665824905164,0.07586430020476542,0.0007923580442862205
1701585576,1440623548,psm,EVT-0177,2025-01-31,CV_ANTICOAG_ORAL,cardiology,Southwest,202.16666666666666,183.5,True,1,0.07182735541673883,0.06407251229129553,0.007754843125443306
1710163217,1056679651,psm,EVT-0177,2025-01-31,CV_ANTICOAG_ORAL,cardiology,Northeast,253.66666666666666,259.1666666666667,True,1,0.18420827119158653,0.191163268813374,0.006954997621787473
1714986282,1950588461,psm,EVT-0177,2025-01-31,CV_ANTICOAG_ORAL,cardiology,West,176.66666666666666,178.83333333333334,True,1,0.11375394176083624,0.11483590946710466,0.0010819677062684219
1725623817,1812123887,psm,EVT-0177,2025-01-31,CV_ANTICOAG_ORAL,primary care,Southwest,386.6666666666667,391.5,True,1,0.21727655173997343,0.22143755242874263,0.004161000688769206
1736829924,1546273719,psm,EVT-0177,2025-01-31,CV_ANTICOAG_ORAL,pulmonology,Southeast,113.66666666666667,115.16666666666667,True,1,0.05536060241237931,0.05448159673123814,0.0008790056811411734
1806707737,1851932792,psm,EVT-0177,2025-01-31,CV_ANTICOAG_ORAL,primary care,West,161.83333333333334,158.16666666666666,True,1,0.10119371850096051,0.10025977383359337,0.0009339446673671398
1854852153,1870532862,psm,EVT-0177,2025-01-31,CV_ANTICOAG_ORAL,pulmonology,Southwest,147.16666666666666,152.66666666666666,True,1,0.14859542808425244,0.15259455316977644,0.003999125085523997
1856406925,1897723296,psm,EVT-0177,2025-01-31,CV_ANTICOAG_ORAL,cardiology,Northeast,176.0,164.66666666666666,True,1,0.10599285652592604,0.09740883402503604,0.008584022500889993
1893606271,1877986913,psm,EVT-0177,2025-01-31,CV_ANTICOAG_ORAL,oncology,Southwest,108.83333333333333,97.0,True,1,0.07708442053375343,0.0775852902605766,0.0005008697268231721
1949335115,1694658844,psm,EVT-0177,2025-01-31,CV_ANTICOAG_ORAL,endocrinology,Southeast,235.66666666666666,238.33333333333334,True,1,0.11040391169391299,0.11241016493771289,0.0020062532437998964
1042224778,,psm,EVT-0178,2025-01-31,METABOLIC_GLP1_INJ,cardiology,Northeast,471.8333333333333,,False,,,,
1044379984,,psm,EVT-0178,2025-01-31,METABOLIC_GLP1_INJ,neurology,Midwest,178.83333333333334,,False,,,,
1050705288,1694658844,psm,EVT-0178,2025-01-31,METABOLIC_GLP1_INJ,endocrinology,Southeast,243.0,187.33333333333334,True,1,0.1546411673407891,0.1448906034490775,0.009750563891711583
1103232447,1636376422,psm,EVT-0178,2025-01-31,METABOLIC_GLP1_INJ,neurology,Southwest,226.0,223.16666666666666,True,1,0.1138633288157147,0.11168546446367436,0.002177864352040343
1159841240,,psm,EVT-0178,2025-01-31,METABOLIC_GLP1_INJ,neurology,Southeast,208.16666666666666,,False,,,,
1204261733,,psm,EVT-0178,2025-01-31,METABOLIC_GLP1_INJ,neurology,Southeast,263.8333333333333,,False,,,,
1227780172,1352216182,psm,EVT-0178,2025-01-31,METABOLIC_GLP1_INJ,primary care,Southwest,206.0,214.0,True,1,0.19157050065128586,0.196242171850559,0.004671671199273142
1240393805,1082909627,psm,EVT-0178,2025-01-31,METABOLIC_GLP1_INJ,primary care,Southeast,191.0,173.0,True,1,0.14492695420459864,0.13351639891127864,0.011410555293319996
1257723886,1598998692,psm,EVT-0178,2025-01-31,METABOLIC_GLP1_INJ,endocrinology,Southwest,90.66666666666667,83.66666666666667,True,1,0.1165404478683422,0.1317697388200549,0.015229290951712715
1315385710,,psm,EVT-0178,2025-01-31,METABOLIC_GLP1_INJ,primary care,Northeast,696.0,,False,,,,
1326516303,,psm,EVT-0178,2025-01-31,METABOLIC_GLP1_INJ,oncology,Southwest,444.1666666666667,,False,,,,
1362560363,1933607412,psm,EVT-0178,2025-01-31,METABOLIC_GLP1_INJ,cardiology,West,144.66666666666666,118.33333333333333,True,1,0.04290861166029913,0.036495868931175623,0.006412742729123504
1364458855,1769333869,psm,EVT-0178,2025-01-31,METABOLIC_GLP1_INJ,endocrinology,Southeast,140.5,156.5,True,1,0.1370876683784109,0.13971288729564374,0.00262521891723283
1423152481,1364720148,psm,EVT-0178,2025-01-31,METABOLIC_GLP1_INJ,primary care,Southeast,515.1666666666666,514.0,True,1,0.48516383112453443,0.48362174191472596,0.0015420892098084726
1455779946,1769352273,psm,EVT-0178,2025-01-31,METABOLIC_GLP1_INJ,primary care,Southwest,192.0,185.83333333333334,True,1,0.18360023256778518,0.18017196223463308,0.0034282703331521003
1467704312,1879821175,psm,EVT-0178,2025-01-31,METABOLIC_GLP1_INJ,neurology,Northeast,197.66666666666666,219.33333333333334,True,1,0.11753058106439386,0.11748992292693848,4.0658137455379384e-05
1475115246,1923786978,psm,EVT-0178,2025-01-31,METABOLIC_GLP1_INJ,cardiology,Southeast,209.66666666666666,211.83333333333334,True,1,0.22421780433496924,0.22693457567022185,0.00271677133525261
1610177150,1955222058,psm,EVT-0178,2025-01-31,METABOLIC_GLP1_INJ,cardiology,Southeast,237.16666666666666,232.66666666666666,True,1,0.260405208095421,0.25423267110765096,0.006172536987770039
1689916181,,psm,EVT-0178,2025-01-31,METABOLIC_GLP1_INJ,primary care,Northeast,393.0,,False,,,,
1696606064,1072999711,psm,EVT-0178,2025-01-31,METABOLIC_GLP1_INJ,pulmonology,West,156.66666666666666,123.5,True,1,0.06901819300836402,0.046774650087963006,0.022243542920401017
1725623817,,psm,EVT-0178,2025-01-31,METABOLIC_GLP1_INJ,primary care,Southwest,383.8333333333333,,False,,,,
1732527431,1084919582,psm,EVT-0178,2025-01-31,METABOLIC_GLP1_INJ,primary care,Southeast,522.3333333333334,497.6666666666667,True,1,0.4946417598363083,0.46207852034573876,0.03256323949056955
1766730505,,psm,EVT-0178,2025-01-31,METABOLIC_GLP1_INJ,cardiology,Midwest,270.3333333333333,,False,,,,
1788421810,1409867656,psm,EVT-0178,2025-01-31,METABOLIC_GLP1_INJ,neurology,Northeast,73.0,69.66666666666667,True,1,0.1177647587680198,0.11777102575023389,6.266982214092609e-06
1808826295,1892083019,psm,EVT-0178,2025-01-31,METABOLIC_GLP1_INJ,primary care,Southeast,326.3333333333333,324.0,True,1,0.2575523745106281,0.2551981343522689,0.002354240158359222
1812815243,,psm,EVT-0178,2025-01-31,METABOLIC_GLP1_INJ,primary care,Midwest,401.0,,False,,,,
1814938340,1751172259,psm,EVT-0178,2025-01-31,METABOLIC_GLP1_INJ,cardiology,Southeast,162.0,156.33333333333334,True,1,0.17031490252670592,0.16464412442022866,0.005670778106477259
1836939912,1838809964,psm,EVT-0178,2025-01-31,METABOLIC_GLP1_INJ,neurology,Southeast,126.66666666666667,117.0,True,1,0.1446071895045623,0.10943599619220783,0.03517119331235448
1848624494,1381937048,psm,EVT-0178,2025-01-31,METABOLIC_GLP1_INJ,primary care,Midwest,141.16666666666666,142.66666666666666,True,1,0.06499207017422867,0.06608367643851656,0.001091606264287892
1922670785,,psm,EVT-0178,2025-01-31,METABOLIC_GLP1_INJ,primary care,Southeast,573.1666666666666,,False,,,,
1989798412,1412773438,psm,EVT-0178,2025-01-31,METABOLIC_GLP1_INJ,primary care,Southwest,404.1666666666667,448.3333333333333,True,1,0.3319316937696747,0.3694798699931846,0.03754817622350992
1002145427,1714021262,psm,EVT-0179,2025-02-05,PC_ANTIHYPERTENSIVE,primary care,Northeast,692.0,646.1666666666666,True,1,0.5441711774669886,0.5054752693000046,0.03869590816698398
1048976678,1363342464,psm,EVT-0179,2025-02-05,PC_ANTIHYPERTENSIVE,primary care,Southeast,673.0,771.1666666666666,True,1,0.3394881960369854,0.3761337323330366,0.03664553629605122
1084471394,1058325303,psm,EVT-0179,2025-02-05,PC_ANTIHYPERTENSIVE,primary care,Northeast,306.8333333333333,297.3333333333333,True,1,0.24462787843615275,0.23873083784017465,0.0058970405959780925
1101185407,,psm,EVT-0179,2025-02-05,PC_ANTIHYPERTENSIVE,primary care,Midwest,836.5,,False,,,,
1124726435,,psm,EVT-0179,2025-02-05,PC_ANTIHYPERTENSIVE,primary care,Northeast,560.0,,False,,,,
1170846871,1084919582,psm,EVT-0179,2025-02-05,PC_ANTIHYPERTENSIVE,primary care,Southeast,548.6666666666666,603.8333333333334,True,1,0.29573349075017236,0.3147475253578832,0.01901403460771084
1190842652,1670560261,psm,EVT-0179,2025-02-05,PC_ANTIHYPERTENSIVE,primary care,Southwest,255.16666666666666,241.33333333333334,True,1,0.26129164011045264,0.25909348067416726,0.002198159436285374
1251567115,1181360912,psm,EVT-0179,2025-02-05,PC_ANTIHYPERTENSIVE,primary care,Midwest,255.5,236.16666666666666,True,1,0.0913240468841269,0.06965599564632638,0.021668051237800523
1271768685,,psm,EVT-0179,2025-02-05,PC_ANTIHYPERTENSIVE,primary care,Midwest,608.8333333333334,,False,,,,
1300654963,1261377760,psm,EVT-0179,2025-02-05,PC_ANTIHYPERTENSIVE,primary care,Northeast,277.6666666666667,295.3333333333333,True,1,0.22683592864048743,0.2375018656465606,0.010665937006073156
1425340662,1812123887,psm,EVT-0179,2025-02-05,PC_ANTIHYPERTENSIVE,primary care,Southwest,493.0,494.6666666666667,True,1,0.3009174335782108,0.301206944030019,0.0002895104518081948
1455779946,1769352273,psm,EVT-0179,2025-02-05,PC_ANTIHYPERTENSIVE,primary care,Southwest,425.3333333333333,348.5,True,1,0.28929875471687383,0.27643419399428915,0.012864560722584684
1456299035,1997693654,psm,EVT-0179,2025-02-05,PC_ANTIHYPERTENSIVE,primary care,Southeast,281.3333333333333,273.6666666666667,True,1,0.21378014840881424,0.21169281104956603,0.002087337359248209
1523498065,1892083019,psm,EVT-0179,2025-02-05,PC_ANTIHYPERTENSIVE,primary care,Southeast,341.1666666666667,403.0,True,1,0.23058333286493235,0.2488974869706796,0.018314154105747243
1552813903,,psm,EVT-0179,2025-02-05,PC_ANTIHYPERTENSIVE,primary care,Northeast,1031.1666666666667,,False,,,,
1595301304,1352216182,psm,EVT-0179,2025-02-05,PC_ANTIHYPERTENSIVE,primary care,Southwest,525.3333333333334,495.1666666666667,True,1,0.30656205807407244,0.3012938280621491,0.005268230011923336
1639269087,1251202242,psm,EVT-0179,2025-02-05,PC_ANTIHYPERTENSIVE,primary care,Northeast,284.1666666666667,287.6666666666667,True,1,0.23072041808112173,0.23283126504079105,0.002110846959669316
1689916181,1209566128,psm,EVT-0179,2025-02-05,PC_ANTIHYPERTENSIVE,primary care,Northeast,758.6666666666666,792.1666666666666,True,1,0.5993978505343474,0.6263117694352295,0.026913918900882128
1725623817,1783823739,psm,EVT-0179,2025-02-05,PC_ANTIHYPERTENSIVE,primary care,Southwest,865.6666666666666,972.3333333333334,True,1,0.3692829986816868,0.3900172039036749,0.0207342052219881
1732527431,1181854898,psm,EVT-0179,2025-02-05,PC_ANTIHYPERTENSIVE,primary care,Southeast,481.6666666666667,473.6666666666667,True,1,0.27356363019540897,0.2709867778424648,0.0025768523529441922
1812815243,,psm,EVT-0179,2025-02-05,PC_ANTIHYPERTENSIVE,primary care,Midwest,983.8333333333334,,False,,,,
1824172013,,psm,EVT-0179,2025-02-05,PC_ANTIHYPERTENSIVE,primary care,Midwest,507.6666666666667,,False,,,,
1832506087,,psm,EVT-0179,2025-02-05,PC_ANTIHYPERTENSIVE,primary care,Midwest,1237.1666666666667,,False,,,,
1848624494,1191545544,psm,EVT-0179,2025-02-05,PC_ANTIHYPERTENSIVE,primary care,Midwest,434.6666666666667,446.3333333333333,True,1,0.6060660010268837,0.6475911300139373,0.04152512898705363
1896554999,,psm,EVT-0179,2025-02-05,PC_ANTIHYPERTENSIVE,primary care,West,689.5,,False,,,,
1924355757,1134632102,psm,EVT-0179,2025-02-05,PC_ANTIHYPERTENSIVE,primary care,Southwest,578.0,556.8333333333334,True,1,0.31588131976568046,0.31211755324457197,0.0037637665211084914
1937514325,,psm,EVT-0179,2025-02-05,PC_ANTIHYPERTENSIVE,primary care,West,565.8333333333334,,False,,,,
1159301823,1407902521,psm,EVT-0180,2025-02-06,ONC_TARGETED_ORAL,oncology,West,65.16666666666667,61.166666666666664,True,1,0.09885717023259694,0.10275619911420966,0.003899028881612726
1326905712,1051073538,psm,EVT-0180,2025-02-06,ONC_TARGETED_ORAL,oncology,West,101.5,102.33333333333333,True,1,0.06909043398705375,0.06851622485489288,0.0005742091321608717
1358245029,1918398995,psm,EVT-0180,2025-02-06,ONC_TARGETED_ORAL,oncology,Midwest,189.83333333333334,191.0,True,1,0.03958950426044736,0.03973505654244683,0.00014555228199946563
1640263392,1584097178,psm,EVT-0180,2025-02-06,ONC_TARGETED_ORAL,oncology,Southeast,219.0,216.66666666666666,True,1,0.07386873918165136,0.07353281724224457,0.0003359219394067914
1704492101,1448589550,psm,EVT-0180,2025-02-06,ONC_TARGETED_ORAL,oncology,Southeast,188.66666666666666,178.83333333333334,True,1,0.06961012404083165,0.06827904819674092,0.0013310758440907289
1811081532,1511742359,psm,EVT-0180,2025-02-06,ONC_TARGETED_ORAL,oncology,Northeast,210.83333333333334,202.33333333333334,True,1,0.046947101318470026,0.046289880613511615,0.0006572207049584111
1038444141,1245433184,psm,EVT-0181,2025-02-07,ONC_TARGETED_ORAL,oncology,Southeast,250.16666666666666,241.66666666666666,True,1,0.2088302085695213,0.20038249445750317,0.00844771411201814
1120302413,1987092370,psm,EVT-0181,2025-02-07,ONC_TARGETED_ORAL,oncology,Southeast,251.5,258.6666666666667,True,1,0.21017885872394723,0.2175371729827494,0.007358314258802179
1209464480,,psm,EVT-0181,2025-02-07,ONC_TARGETED_ORAL,oncology,Southeast,592.6666666666666,,False,,,,
1216532808,1913683516,psm,EVT-0181,2025-02-07,ONC_TARGETED_ORAL,oncology,Southeast,151.16666666666666,151.0,True,1,0.12601731747167227,0.1259052484864781,0.00011206898519416919
1407931751,1841542198,psm,EVT-0181,2025-02-07,ONC_TARGETED_ORAL,oncology,Midwest,123.16666666666667,128.66666666666666,True,1,0.0738006294803022,0.07302692799927608,0.0007737014810261095
1480599715,1737256036,psm,EVT-0181,2025-02-07,ONC_TARGETED_ORAL,oncology,Midwest,139.83333333333334,156.33333333333334,True,1,0.07147902234043724,0.06924720056904932,0.0022318217713879207
1704492101,1448589550,psm,EVT-0181,2025-02-07,ONC_TARGETED_ORAL,oncology,Southeast,188.66666666666666,178.83333333333334,True,1,0.1534743465366971,0.14583295936211468,0.007641387174582404
1758206720,1934613260,psm,EVT-0181,2025-02-07,ONC_TARGETED_ORAL,oncology,Southwest,173.66666666666666,169.83333333333334,True,1,0.14508162563723712,0.13573525037448286,0.009346375262754253
1840863041,1340345143,psm,EVT-0181,2025-02-07,ONC_TARGETED_ORAL,oncology,Southeast,451.1666666666667,434.8333333333333,True,1,0.47393164613478195,0.449145172286471,0.024786473848310953
1009179924,,psm,EVT-0182,2025-02-14,CV_ANTICOAG_ORAL,cardiology,West,337.5,,False,,,,
1025231352,1150502551,psm,EVT-0182,2025-02-14,CV_ANTICOAG_ORAL,rheumatology,Northeast,272.8333333333333,280.3333333333333,True,1,0.06406257395466329,0.06559366300079554,0.0015310890461322502
1041585906,1416978082,psm,EVT-0182,2025-02-14,CV_ANTICOAG_ORAL,oncology,West,120.66666666666667,120.0,True,1,0.12494792091155303,0.12203007880572182,0.0029178421058312087
1058647219,,psm,EVT-0182,2025-02-14,CV_ANTICOAG_ORAL,pulmonology,Northeast,293.5,,False,,,,
1073902250,,psm,EVT-0182,2025-02-14,CV_ANTICOAG_ORAL,rheumatology,West,248.16666666666666,,False,,,,
1085110611,1712965692,psm,EVT-0182,2025-02-14,CV_ANTICOAG_ORAL,neurology,West,109.0,107.0,True,1,0.11039172604575281,0.10811099872682621,0.0022807273189266036
1101185407,1488515010,psm,EVT-0182,2025-02-14,CV_ANTICOAG_ORAL,primary care,Midwest,182.5,177.83333333333334,True,1,0.06178340880325697,0.06107554902389515,0.0007078597793618233
1133616429,,psm,EVT-0182,2025-02-14,CV_ANTICOAG_ORAL,neurology,Midwest,228.33333333333334,,False,,,,
1137408567,,psm,EVT-0182,2025-02-14,CV_ANTICOAG_ORAL,endocrinology,Northeast,934.1666666666666,,False,,,,
1144669185,,psm,EVT-0182,2025-02-14,CV_ANTICOAG_ORAL,primary care,Northeast,1068.8333333333333,,False,,,,
1159841240,,psm,EVT-0182,2025-02-14,CV_ANTICOAG_ORAL,neurology,Southeast,769.6666666666666,,False,,,,
1240190284,1934613260,psm,EVT-0182,2025-02-14,CV_ANTICOAG_ORAL,oncology,Southwest,148.83333333333334,135.0,True,1,0.0789632611469171,0.07733550522910358,0.0016277559178135143
1244876920,1901453930,psm,EVT-0182,2025-02-14,CV_ANTICOAG_ORAL,neurology,West,51.5,46.333333333333336,True,1,0.0594927415771436,0.05619397555793234,0.003298766019211259
1246066447,1279507085,psm,EVT-0182,2025-02-14,CV_ANTICOAG_ORAL,rheumatology,Southwest,254.16666666666666,242.83333333333334,True,1,0.11213874815566512,0.10283879590683173,0.009299952248833385
1299418347,1132120993,psm,EVT-0182,2025-02-14,CV_ANTICOAG_ORAL,cardiology,Northeast,127.0,121.83333333333333,True,1,0.0740344343654616,0.07769972342372014,0.003665289058258539
1321405205,1479078465,psm,EVT-0182,2025-02-14,CV_ANTICOAG_ORAL,primary care,West,131.0,124.5,True,1,0.10364045289926936,0.0934233863171066,0.01021706658216276
1327009084,1697719783,psm,EVT-0182,2025-02-14,CV_ANTICOAG_ORAL,neurology,Southwest,121.16666666666667,107.16666666666667,True,1,0.24169642629362473,0.2347616527564121,0.006934773537212641
1330017819,,psm,EVT-0182,2025-02-14,CV_ANTICOAG_ORAL,neurology,Southwest,302.0,,False,,,,
1334266016,1812123887,psm,EVT-0182,2025-02-14,CV_ANTICOAG_ORAL,primary care,Southwest,421.3333333333333,408.5,True,1,0.21535558243724937,0.2090970236305851,0.0062585588066642606
1409867656,1901417067,psm,EVT-0182,2025-02-14,CV_ANTICOAG_ORAL,neurology,Northeast,94.5,105.33333333333333,True,1,0.12871581041028946,0.14213989049185044,0.013424080081560985
1467704312,,psm,EVT-0182,2025-02-14,CV_ANTICOAG_ORAL,neurology,Northeast,402.8333333333333,,False,,,,
1512844550,1081031506,psm,EVT-0182,2025-02-14,CV_ANTICOAG_ORAL,neurology,Southwest,165.33333333333334,149.33333333333334,True,1,0.2644743522957852,0.2560662553862382,0.008408096909547025
1567742360,,psm,EVT-0182,2025-02-14,CV_ANTICOAG_ORAL,primary care,West,455.5,,False,,,,
1567993435,1071299832,psm,EVT-0182,2025-02-14,CV_ANTICOAG_ORAL,neurology,Northeast,70.33333333333333,68.83333333333333,True,1,0.10263334166054094,0.10117945732433521,0.0014538843362057324
1592062677,,psm,EVT-0182,2025-02-14,CV_ANTICOAG_ORAL,neurology,Southeast,333.1666666666667,,False,,,,
1595301304,1625192632,psm,EVT-0182,2025-02-14,CV_ANTICOAG_ORAL,primary care,Southwest,124.0,136.66666666666666,True,1,0.10337195270929517,0.10684730366708478,0.0034753509577896136
1616418756,,psm,EVT-0182,2025-02-14,CV_ANTICOAG_ORAL,neurology,Northeast,263.6666666666667,,False,,,,
1636376422,1251411553,psm,EVT-0182,2025-02-14,CV_ANTICOAG_ORAL,neurology,Southwest,64.0,65.0,True,1,0.2142580844629464,0.21471798610010495,0.0004599016371585607
1644815767,,psm,EVT-0182,2025-02-14,CV_ANTICOAG_ORAL,primary care,West,319.0,,False,,,,
1683943777,1185877283,psm,EVT-0182,2025-02-14,CV_ANTICOAG_ORAL,cardiology,West,201.16666666666666,206.5,True,1,0.07973791233464077,0.0815939004677014,0.0018559881330606348
1689916181,,psm,EVT-0182,2025-02-14,CV_ANTICOAG_ORAL,primary care,Northeast,253.66666666666666,,False,,,,
1704331150,1257768279,psm,EVT-0182,2025-02-14,CV_ANTICOAG_ORAL,endocrinology,West,346.5,237.83333333333334,True,1,0.0746464586846906,0.03922331865329273,0.03542314003139786
1732000645,1369949932,psm,EVT-0182,2025-02-14,CV_ANTICOAG_ORAL,cardiology,Southwest,332.0,284.8333333333333,True,1,0.123860094973542,0.09060443364158235,0.033255661331959646
1779411515,1095200048,psm,EVT-0182,2025-02-14,CV_ANTICOAG_ORAL,endocrinology,Midwest,175.0,178.66666666666666,True,1,0.07269423657621364,0.07330326723569298,0.0006090306594793427
1806707737,1851932792,psm,EVT-0182,2025-02-14,CV_ANTICOAG_ORAL,primary care,West,167.33333333333334,157.5,True,1,0.1803581516049089,0.15602867751505817,0.024329474089850728
1824149854,,psm,EVT-0182,2025-02-14,CV_ANTICOAG_ORAL,neurology,Southeast,178.5,,False,,,,
1836939912,1974446365,psm,EVT-0182,2025-02-14,CV_ANTICOAG_ORAL,neurology,Southeast,89.16666666666667,87.16666666666667,True,1,0.09307194821630957,0.09104051214923066,0.0020314360670789094
1854852153,1870532862,psm,EVT-0182,2025-02-14,CV_ANTICOAG_ORAL,pulmonology,Southwest,148.0,153.83333333333334,True,1,0.1468523826713814,0.15023393037937938,0.0033815477079979783
1927430854,,psm,EVT-0182,2025-02-14,CV_ANTICOAG_ORAL,primary care,Southeast,522.0,,False,,,,
1944079924,,psm,EVT-0182,2025-02-14,CV_ANTICOAG_ORAL,rheumatology,Southeast,549.1666666666666,,False,,,,
1955620046,,psm,EVT-0182,2025-02-14,CV_ANTICOAG_ORAL,primary care,Southeast,432.1666666666667,,False,,,,
1989798412,1412773438,psm,EVT-0182,2025-02-14,CV_ANTICOAG_ORAL,primary care,Southwest,594.8333333333334,601.8333333333334,True,1,0.3128532236212532,0.3172597396813653,0.004406516060112109
1991291398,,psm,EVT-0182,2025-02-14,CV_ANTICOAG_ORAL,rheumatology,Southwest,665.1666666666666,,False,,,,
1133616429,1844748057,psm,EVT-0183,2025-02-17,NEURO_MIGRAINE_CGRP,neurology,Midwest,245.66666666666666,232.66666666666666,True,1,0.13016479095158148,0.10685198486699801,0.02331280608458347
1159841240,,psm,EVT-0183,2025-02-17,NEURO_MIGRAINE_CGRP,neurology,Southeast,887.8333333333334,,False,,,,
1163199601,1697719783,psm,EVT-0183,2025-02-17,NEURO_MIGRAINE_CGRP,neurology,Southwest,293.0,309.5,True,1,0.10083560174760682,0.11223025829087718,0.011394656543270362
1204261733,1907112910,psm,EVT-0183,2025-02-17,NEURO_MIGRAINE_CGRP,neurology,Southeast,251.83333333333334,256.3333333333333,True,1,0.14563115537860308,0.14905428407897847,0.003423128700375394
1204787067,1527981900,psm,EVT-0183,2025-02-17,NEURO_MIGRAINE_CGRP,neurology,Northeast,167.83333333333334,154.66666666666666,True,1,0.17269061519843396,0.17185026930190853,0.0008403458965254296
1467704312,1879821175,psm,EVT-0183,2025-02-17,NEURO_MIGRAINE_CGRP,neurology,Northeast,274.8333333333333,272.0,True,1,0.17964056472383194,0.17945374895791602,0.00018681576591592086
1592062677,,psm,EVT-0183,2025-02-17,NEURO_MIGRAINE_CGRP,neurology,Southeast,601.8333333333334,,False,,,,
1616418756,1914644640,psm,EVT-0183,2025-02-17,NEURO_MIGRAINE_CGRP,neurology,Northeast,252.0,268.8333333333333,True,1,0.17813936570720723,0.17924513453155935,0.0011057688243521213
1824149854,1334266743,psm,EVT-0183,2025-02-17,NEURO_MIGRAINE_CGRP,neurology,Southeast,314.8333333333333,316.0,True,1,0.199757285238471,0.20088894462266518,0.0011316593841941835
1856601467,,psm,EVT-0183,2025-02-17,NEURO_MIGRAINE_CGRP,neurology,West,435.3333333333333,,False,,,,
1921646299,,psm,EVT-0183,2025-02-17,NEURO_MIGRAINE_CGRP,neurology,Southwest,705.5,,False,,,,
1010852790,1892897319,psm,EVT-0184,2025-02-17,RHEUM_JAK_ORAL,rheumatology,Southwest,245.16666666666666,226.0,True,1,0.15866027029545665,0.14992677436654636,0.00873349592891029
1025231352,1150502551,psm,EVT-0184,2025-02-17,RHEUM_JAK_ORAL,rheumatology,Northeast,371.0,371.6666666666667,True,1,0.2401639127000978,0.24062185603077585,0.0004579433306780567
1073902250,1641859123,psm,EVT-0184,2025-02-17,RHEUM_JAK_ORAL,rheumatology,West,380.8333333333333,397.0,True,1,0.0836592632116124,0.08812738766674297,0.004468124455130562
1194203331,,psm,EVT-0184,2025-02-17,RHEUM_JAK_ORAL,rheumatology,Southeast,442.0,,False,,,,
1273912869,1418704015,psm,EVT-0184,2025-02-17,RHEUM_JAK_ORAL,rheumatology,Northeast,330.6666666666667,253.0,True,1,0.21357557455268378,0.1685876386218056,0.04498793593087819
1393791409,1187084813,psm,EVT-0184,2025-02-17,RHEUM_JAK_ORAL,rheumatology,Midwest,320.5,309.0,True,1,0.24949660969036352,0.21012760325429278,0.03936900643607075
1524065749,1674708775,psm,EVT-0184,2025-02-17,RHEUM_JAK_ORAL,rheumatology,Northeast,491.6666666666667,490.6666666666667,True,1,0.3322867332390418,0.3314526276067764,0.0008341056322653806
1595774286,,psm,EVT-0184,2025-02-17,RHEUM_JAK_ORAL,rheumatology,Midwest,705.8333333333334,,False,,,,
1616839134,,psm,EVT-0184,2025-02-17,RHEUM_JAK_ORAL,rheumatology,Northeast,1101.5,,False,,,,
1647196991,,psm,EVT-0184,2025-02-17,RHEUM_JAK_ORAL,rheumatology,Southeast,825.8333333333334,,False,,,,
1808310134,1279507085,psm,EVT-0184,2025-02-17,RHEUM_JAK_ORAL,rheumatology,Southwest,417.5,436.5,True,1,0.25610629392759826,0.2689527235090737,0.012846429581475416
1847082322,1065455036,psm,EVT-0184,2025-02-17,RHEUM_JAK_ORAL,rheumatology,Northeast,318.8333333333333,253.5,True,1,0.20619423650074026,0.16885143896136515,0.03734279753937511
1993874985,1775551348,psm,EVT-0184,2025-02-17,RHEUM_JAK_ORAL,rheumatology,Northeast,519.6666666666666,523.1666666666666,True,1,0.3560543423103834,0.3590787727167633,0.0030244304063798966
1009179924,,psm,EVT-0185,2025-02-20,CARD_HF_ARNI,cardiology,West,466.0,,False,,,,
1120080837,1056679651,psm,EVT-0185,2025-02-20,CARD_HF_ARNI,cardiology,Northeast,341.3333333333333,343.8333333333333,True,1,0.08901734392898052,0.09159523352882772,0.0025778895998471996
1123148250,1403453024,psm,EVT-0185,2025-02-20,CARD_HF_ARNI,cardiology,Southwest,267.0,215.16666666666666,True,1,0.15857323133253748,0.12460040274682573,0.03397282858571175
1302899475,1041640354,psm,EVT-0185,2025-02-20,CARD_HF_ARNI,cardiology,Midwest,183.16666666666666,183.5,True,1,0.10566112343075364,0.1058514404429055,0.00019031701215185826
1323611925,1234567687,psm,EVT-0185,2025-02-20,CARD_HF_ARNI,cardiology,Southwest,232.66666666666666,231.5,True,1,0.13530993155041876,0.13457245556584232,0.0007374759845764356
1341556789,,psm,EVT-0185,2025-02-20,CARD_HF_ARNI,cardiology,West,1593.0,,False,,,,
1362560363,,psm,EVT-0185,2025-02-20,CARD_HF_ARNI,cardiology,West,470.1666666666667,,False,,,,
1475115246,,psm,EVT-0185,2025-02-20,CARD_HF_ARNI,cardiology,Southeast,661.5,,False,,,,
1551962891,1623506957,psm,EVT-0185,2025-02-20,CARD_HF_ARNI,cardiology,Midwest,82.83333333333333,76.66666666666667,True,1,0.06056383157888329,0.058479959390416086,0.0020838721884672007
1683943777,,psm,EVT-0185,2025-02-20,CARD_HF_ARNI,cardiology,West,460.1666666666667,,False,,,,
1722038985,1069143851,psm,EVT-0185,2025-02-20,CARD_HF_ARNI,cardiology,West,328.0,312.5,True,1,0.29390004171779943,0.26155428210690085,0.03234575961089858
1724092733,,psm,EVT-0185,2025-02-20,CARD_HF_ARNI,cardiology,Northeast,614.0,,False,,,,
1727463709,1028050239,psm,EVT-0185,2025-02-20,CARD_HF_ARNI,cardiology,West,180.83333333333334,180.16666666666666,True,1,0.08250095509014563,0.08197704576780741,0.0005239093223382146
1732000645,,psm,EVT-0185,2025-02-20,CARD_HF_ARNI,cardiology,Southwest,700.6666666666666,,False,,,,
1732914373,1977922420,psm,EVT-0185,2025-02-20,CARD_HF_ARNI,cardiology,West,254.16666666666666,263.5,True,1,0.1617475630616693,0.17536054455893574,0.013612981497266446
1836894604,,psm,EVT-0185,2025-02-20,CARD_HF_ARNI,cardiology,Southeast,317.5,,False,,,,
1901019392,,psm,EVT-0185,2025-02-20,CARD_HF_ARNI,cardiology,West,1179.5,,False,,,,
1934829601,,psm,EVT-0185,2025-02-20,CARD_HF_ARNI,cardiology,Midwest,508.5,,False,,,,
1044303869,,psm,EVT-0186,2025-02-22,METABOLIC_GLP1_INJ,oncology,Northeast,329.5,,False,,,,
1200480071,1261377760,psm,EVT-0186,2025-02-22,METABOLIC_GLP1_INJ,primary care,Northeast,168.0,182.66666666666666,True,1,0.08799447920450353,0.09492830146411302,0.006933822259609493
1240190284,1111217703,psm,EVT-0186,2025-02-22,METABOLIC_GLP1_INJ,oncology,Southwest,113.0,114.33333333333333,True,1,0.1219500153901812,0.12569342918096468,0.0037434137907834814
1265952337,1746587884,psm,EVT-0186,2025-02-22,METABOLIC_GLP1_INJ,cardiology,Northeast,111.0,108.66666666666667,True,1,0.05832409663842372,0.05717725117361448,0.0011468454648092402
1398789739,1914644640,psm,EVT-0186,2025-02-22,METABOLIC_GLP1_INJ,neurology,Northeast,107.83333333333333,116.0,True,1,0.07397896726081832,0.07025192643383453,0.003727040826983788
1460081361,,psm,EVT-0186,2025-02-22,METABOLIC_GLP1_INJ,cardiology,Northeast,390.0,,False,,,,
1511742359,1535323178,psm,EVT-0186,2025-02-22,METABOLIC_GLP1_INJ,oncology,Northeast,154.16666666666666,153.16666666666666,True,1,0.0822956671180686,0.08088667544496077,0.0014089916731078317
1536278926,1434523506,psm,EVT-0186,2025-02-22,METABOLIC_GLP1_INJ,primary care,West,156.66666666666666,140.83333333333334,True,1,0.05028969784809599,0.04684244684196904,0.0034472510061269515
1683943777,,psm,EVT-0186,2025-02-22,METABOLIC_GLP1_INJ,cardiology,West,410.3333333333333,,False,,,,
1714986282,1185877283,psm,EVT-0186,2025-02-22,METABOLIC_GLP1_INJ,cardiology,West,234.16666666666666,237.83333333333334,True,1,0.1763845279816561,0.196301994520898,0.019917466539241896
1725724532,,psm,EVT-0186,2025-02-22,METABOLIC_GLP1_INJ,primary care,Northeast,449.0,,False,,,,
1738903891,1285330571,psm,EVT-0186,2025-02-22,METABOLIC_GLP1_INJ,endocrinology,Southeast,382.5,411.1666666666667,True,1,0.15585888575934986,0.18326833271203963,0.027409446952689764
1848624494,1381937048,psm,EVT-0186,2025-02-22,METABOLIC_GLP1_INJ,primary care,Midwest,146.16666666666666,141.83333333333334,True,1,0.05662435024792406,0.056113862096121604,0.0005104881518024559
1857629178,1275723975,psm,EVT-0186,2025-02-22,METABOLIC_GLP1_INJ,oncology,West,75.5,76.16666666666667,True,1,0.04345026625551185,0.04363680983766408,0.0001865435821522335
1903798589,1412773438,psm,EVT-0186,2025-02-22,METABOLIC_GLP1_INJ,primary care,Southwest,463.3333333333333,466.3333333333333,True,1,0.16381270811384813,0.16786915434886343,0.004056446235015304
1991291398,1279507085,psm,EVT-0186,2025-02-22,METABOLIC_GLP1_INJ,rheumatology,Southwest,248.0,244.16666666666666,True,1,0.10806965033360666,0.1069779292325334,0.0010917211010732647
1018018261,,psm,EVT-0187,2025-02-24,METABOLIC_GLP1_INJ,primary care,Northeast,378.8333333333333,,False,,,,
1050705288,1769333869,psm,EVT-0187,2025-02-24,METABOLIC_GLP1_INJ,endocrinology,Southeast,259.1666666666667,161.5,True,1,0.2840706903652963,0.23686373664768876,0.04720695371760755
1065091666,1898803444,psm,EVT-0187,2025-02-24,METABOLIC_GLP1_INJ,endocrinology,West,238.0,246.66666666666666,True,1,0.2433166438869787,0.2689937950403878,0.025677151153409072
1123148250,,psm,EVT-0187,2025-02-24,METABOLIC_GLP1_INJ,cardiology,Southwest,420.1666666666667,,False,,,,
1133616429,1448713440,psm,EVT-0187,2025-02-24,METABOLIC_GLP1_INJ,neurology,Midwest,76.0,70.33333333333333,True,1,0.07219113588722309,0.0735095431159475,0.001318407228724408
1136500869,1231453428,psm,EVT-0187,2025-02-24,METABOLIC_GLP1_INJ,endocrinology,Southeast,88.5,86.5,True,1,0.20529583728971917,0.20447653985801184,0.0008192974317073332
1159841240,,psm,EVT-0187,2025-02-24,METABOLIC_GLP1_INJ,neurology,Southeast,220.16666666666666,,False,,,,
1200096471,1572180861,psm,EVT-0187,2025-02-24,METABOLIC_GLP1_INJ,primary care,Southeast,134.66666666666666,134.5,True,1,0.19766762993009573,0.19764801628642226,1.9613643673477288e-05
1202669523,,psm,EVT-0187,2025-02-24,METABOLIC_GLP1_INJ,cardiology,Midwest,332.3333333333333,,False,,,,
1237205202,1249657408,psm,EVT-0187,2025-02-24,METABOLIC_GLP1_INJ,endocrinology,Northeast,201.83333333333334,202.16666666666666,True,1,0.279379078831367,0.2797780455163254,0.0003989666849584239
1251567115,1529045985,psm,EVT-0187,2025-02-24,METABOLIC_GLP1_INJ,primary care,Midwest,196.0,170.33333333333334,True,1,0.07124049026203563,0.059704541622179114,0.01153594863985652
1264333323,1058325303,psm,EVT-0187,2025-02-24,METABOLIC_GLP1_INJ,primary care,Northeast,199.5,200.66666666666666,True,1,0.1374912771082671,0.13881938135704722,0.0013281042487801042
1324722952,1299832539,psm,EVT-0187,2025-02-24,METABOLIC_GLP1_INJ,endocrinology,Northeast,52.0,48.0,True,1,0.1372969222492283,0.13450565686300808,0.0027912653862202097
1375349903,,psm,EVT-0187,2025-02-24,METABOLIC_GLP1_INJ,endocrinology,West,233.83333333333334,,False,,,,
1418997171,,psm,EVT-0187,2025-02-24,METABOLIC_GLP1_INJ,primary care,Northeast,435.1666666666667,,False,,,,
1455101661,,psm,EVT-0187,2025-02-24,METABOLIC_GLP1_INJ,endocrinology,Southeast,315.5,,False,,,,
1467704312,1045376799,psm,EVT-0187,2025-02-24,METABOLIC_GLP1_INJ,neurology,Northeast,197.83333333333334,173.0,True,1,0.07767101465481052,0.06787406565349692,0.009796949001313601
1481247389,1084919582,psm,EVT-0187,2025-02-24,METABOLIC_GLP1_INJ,primary care,Southeast,504.3333333333333,521.0,True,1,0.24478483605579535,0.2470783811434898,0.002293545087694443
1551107307,1935314678,psm,EVT-0187,2025-02-24,METABOLIC_GLP1_INJ,endocrinology,Midwest,185.5,160.83333333333334,True,1,0.0715321081886832,0.0720815087638393,0.0005494005751560949
1567742360,,psm,EVT-0187,2025-02-24,METABOLIC_GLP1_INJ,primary care,West,365.0,,False,,,,
1592062677,,psm,EVT-0187,2025-02-24,METABOLIC_GLP1_INJ,neurology,Southeast,209.0,,False,,,,
1621199177,1393729789,psm,EVT-0187,2025-02-24,METABOLIC_GLP1_INJ,primary care,Southeast,163.33333333333334,163.16666666666666,True,1,0.20106301141728308,0.20104314528580294,1.9866131480139604e-05
1645233598,,psm,EVT-0187,2025-02-24,METABOLIC_GLP1_INJ,endocrinology,Northeast,618.1666666666666,,False,,,,
1648626962,1879804551,psm,EVT-0187,2025-02-24,METABOLIC_GLP1_INJ,pulmonology,Southwest,76.5,72.16666666666667,True,1,0.1596027162641721,0.16257379651729292,0.002971080253120817
1670701188,1955222058,psm,EVT-0187,2025-02-24,METABOLIC_GLP1_INJ,cardiology,Southeast,228.83333333333334,236.16666666666666,True,1,0.10116927571544615,0.10681469657617615,0.005645420860729999
1689916181,,psm,EVT-0187,2025-02-24,METABOLIC_GLP1_INJ,primary care,Northeast,401.6666666666667,,False,,,,
1703413967,,psm,EVT-0187,2025-02-24,METABOLIC_GLP1_INJ,endocrinology,West,231.5,,False,,,,
1787619711,,psm,EVT-0187,2025-02-24,METABOLIC_GLP1_INJ,cardiology,Midwest,507.1666666666667,,False,,,,
1803502636,1805422742,psm,EVT-0187,2025-02-24,METABOLIC_GLP1_INJ,endocrinology,Northeast,313.1666666666667,320.5,True,1,0.42899615520789086,0.43970242681031607,0.01070627160242521
1841542198,1737256036,psm,EVT-0187,2025-02-24,METABOLIC_GLP1_INJ,oncology,Midwest,139.66666666666666,149.16666666666666,True,1,0.04037292040225466,0.04113220285456009,0.0007592824523054292
1901019392,,psm,EVT-0187,2025-02-24,METABOLIC_GLP1_INJ,cardiology,West,851.5,,False,,,,
1924355757,,psm,EVT-0187,2025-02-24,METABOLIC_GLP1_INJ,primary care,Southwest,593.5,,False,,,,
1927430854,1082909627,psm,EVT-0187,2025-02-24,METABOLIC_GLP1_INJ,primary care,Southeast,223.16666666666666,180.33333333333334,True,1,0.2082899499953646,0.20309707536848126,0.005192874626883337
1949335115,1694658844,psm,EVT-0187,2025-02-24,METABOLIC_GLP1_INJ,endocrinology,Southeast,213.16666666666666,198.16666666666666,True,1,0.26114416140391555,0.25393217127719425,0.007211990126721302
1964945871,1736538384,psm,EVT-0187,2025-02-24,METABOLIC_GLP1_INJ,endocrinology,Northeast,247.5,211.66666666666666,True,1,0.3371165229405715,0.2912936673624297,0.04582285557814181
1993463169,,psm,EVT-0187,2025-02-24,METABOLIC_GLP1_INJ,endocrinology,West,329.6666666666667,,False,,,,
1038444141,1245433184,psm,EVT-0188,2025-02-26,ONC_TARGETED_ORAL,oncology,Southeast,250.16666666666666,241.66666666666666,True,1,0.205240335634129,0.19625325169318958,0.008987083940939417
1340345143,1384158410,psm,EVT-0188,2025-02-26,ONC_TARGETED_ORAL,oncology,Southeast,434.8333333333333,425.1666666666667,True,1,0.465855308761048,0.45004201893505613,0.015813289825991894
1394982015,1123562633,psm,EVT-0188,2025-02-26,ONC_TARGETED_ORAL,oncology,Southeast,89.83333333333333,81.83333333333333,True,1,0.0823715123371954,0.07847297126364533,0.003898541073550074
1640263392,1584097178,psm,EVT-0188,2025-02-26,ONC_TARGETED_ORAL,oncology,Southeast,219.0,216.66666666666666,True,1,0.17375206548195135,0.1715554149686101,0.002196650513341253
1840863041,,psm,EVT-0188,2025-02-26,ONC_TARGETED_ORAL,oncology,Southeast,451.1666666666667,,False,,,,
1031568581,,psm,EVT-0189,2025-02-27,PULM_ICS_LABA_INH,pulmonology,Southeast,554.3333333333334,,False,,,,
1198262952,,psm,EVT-0189,2025-02-27,PULM_ICS_LABA_INH,pulmonology,Northeast,875.8333333333334,,False,,,,
1238983617,,psm,EVT-0189,2025-02-27,PULM_ICS_LABA_INH,pulmonology,Southeast,1275.0,,False,,,,
1250017203,1502571429,psm,EVT-0189,2025-02-27,PULM_ICS_LABA_INH,pulmonology,Southeast,200.5,209.5,True,1,0.2861115867375504,0.29293922108758524,0.006827634350034861
1369172659,1422258099,psm,EVT-0189,2025-02-27,PULM_ICS_LABA_INH,pulmonology,Southeast,107.33333333333333,106.66666666666667,True,1,0.22132582122131,0.22090236678255676,0.00042345443875324573
1374281198,1916437647,psm,EVT-0189,2025-02-27,PULM_ICS_LABA_INH,pulmonology,Southeast,125.66666666666667,126.66666666666667,True,1,0.2331979854399291,0.23385813583569817,0.0006601503957690824
1389574017,,psm,EVT-0189,2025-02-27,PULM_ICS_LABA_INH,pulmonology,Southwest,381.8333333333333,,False,,,,
1474100561,1798313247,psm,EVT-0189,2025-02-27,PULM_ICS_LABA_INH,pulmonology,Midwest,106.0,103.5,True,1,0.10795449622128087,0.10181863534715237,0.006135860874128499
1555906795,,psm,EVT-0189,2025-02-27,PULM_ICS_LABA_INH,pulmonology,Midwest,617.3333333333334,,False,,,,
1688976343,1081238747,psm,EVT-0189,2025-02-27,PULM_ICS_LABA_INH,pulmonology,Southeast,356.3333333333333,356.3333333333333,True,1,0.41590443240826286,0.41590443240826286,0.0
1704308638,1113953065,psm,EVT-0189,2025-02-27,PULM_ICS_LABA_INH,pulmonology,Southeast,492.3333333333333,490.5,True,1,0.5404062876945387,0.5387264755947078,0.001679812099830924
1782077311,1831183839,psm,EVT-0189,2025-02-27,PULM_ICS_LABA_INH,pulmonology,Southeast,125.66666666666667,131.16666666666666,True,1,0.2331979854399291,0.23684485587971332,0.0036468704397842333
1838576308,1546273719,psm,EVT-0189,2025-02-27,PULM_ICS_LABA_INH,pulmonology,Southeast,203.16666666666666,205.0,True,1,0.2881246310365678,0.2895134784597478,0.001388847423179962
1867204764,,psm,EVT-0189,2025-02-27,PULM_ICS_LABA_INH,pulmonology,Southeast,462.1666666666667,,False,,,,
1967802350,1588179048,psm,EVT-0189,2025-02-27,PULM_ICS_LABA_INH,pulmonology,Midwest,150.16666666666666,140.16666666666666,True,1,0.27749722831539064,0.22821877216343808,0.04927845615195256
1025978341,,psm,EVT-0190,2025-03-01,ENDO_BASAL_INSULIN,endocrinology,Northeast,560.1666666666666,,False,,,,
1028436479,1895078685,psm,EVT-0190,2025-03-01,ENDO_BASAL_INSULIN,endocrinology,Southwest,254.33333333333334,316.0,True,1,0.18626956167948852,0.21180601203945645,0.025536450359967933
1107038659,,psm,EVT-0190,2025-03-01,ENDO_BASAL_INSULIN,endocrinology,Northeast,683.8333333333334,,False,,,,
1136500869,1769333869,psm,EVT-0190,2025-03-01,ENDO_BASAL_INSULIN,endocrinology,Southeast,314.0,311.6666666666667,True,1,0.085125077790797,0.0846052680627527,0.0005198097280443015
1237205202,1333043895,psm,EVT-0190,2025-03-01,ENDO_BASAL_INSULIN,endocrinology,Northeast,192.0,193.0,True,1,0.17042503018521124,0.17135284337276344,0.0009278131875521956
1324722952,1174785596,psm,EVT-0190,2025-03-01,ENDO_BASAL_INSULIN,endocrinology,Northeast,260.5,254.83333333333334,True,1,0.24341390456524614,0.23664526574961503,0.006768638815631112
1330156328,1617703974,psm,EVT-0190,2025-03-01,ENDO_BASAL_INSULIN,endocrinology,Southwest,218.5,166.66666666666666,True,1,0.17255638232361925,0.1541511934733527,0.01840518885026654
1394609428,,psm,EVT-0190,2025-03-01,ENDO_BASAL_INSULIN,endocrinology,Southwest,970.6666666666666,,False,,,,
1645233598,,psm,EVT-0190,2025-03-01,ENDO_BASAL_INSULIN,endocrinology,Northeast,695.3333333333334,,False,,,,
1704331150,1432188427,psm,EVT-0190,2025-03-01,ENDO_BASAL_INSULIN,endocrinology,West,436.0,412.6666666666667,True,1,0.317206259200932,0.2694618474983974,0.04774441170253457
1713444978,,psm,EVT-0190,2025-03-01,ENDO_BASAL_INSULIN,endocrinology,Midwest,495.8333333333333,,False,,,,
1746046261,,psm,EVT-0190,2025-03-01,ENDO_BASAL_INSULIN,endocrinology,Northeast,282.3333333333333,,False,,,,
1758794279,,psm,EVT-0190,2025-03-01,ENDO_BASAL_INSULIN,endocrinology,Northeast,517.5,,False,,,,
1993463169,1268421124,psm,EVT-0190,2025-03-01,ENDO_BASAL_INSULIN,endocrinology,West,292.1666666666667,304.6666666666667,True,1,0.1007582446535743,0.11252238939063304,0.011764144737058738
1084919582,,psm,EVT-0191,2025-03-03,PC_ANTIHYPERTENSIVE,primary care,Southeast,629.1666666666666,,False,,,,
1101185407,,psm,EVT-0191,2025-03-03,PC_ANTIHYPERTENSIVE,primary care,Midwest,839.0,,False,,,,
1144669185,,psm,EVT-0191,2025-03-03,PC_ANTIHYPERTENSIVE,primary care,Northeast,1094.5,,False,,,,
1200480071,,psm,EVT-0191,2025-03-03,PC_ANTIHYPERTENSIVE,primary care,Northeast,432.5,,False,,,,
1264333323,,psm,EVT-0191,2025-03-03,PC_ANTIHYPERTENSIVE,primary care,Northeast,880.1666666666666,,False,,,,
1266945785,,psm,EVT-0191,2025-03-03,PC_ANTIHYPERTENSIVE,primary care,West,915.8333333333334,,False,,,,
1271768685,,psm,EVT-0191,2025-03-03,PC_ANTIHYPERTENSIVE,primary care,Midwest,622.0,,False,,,,
1280087226,,psm,EVT-0191,2025-03-03,PC_ANTIHYPERTENSIVE,primary care,Northeast,1441.3333333333333,,False,,,,
1297280590,,psm,EVT-0191,2025-03-03,PC_ANTIHYPERTENSIVE,primary care,Midwest,538.1666666666666,,False,,,,
1315385710,,psm,EVT-0191,2025-03-03,PC_ANTIHYPERTENSIVE,primary care,Northeast,1658.5,,False,,,,
1377426493,,psm,EVT-0191,2025-03-03,PC_ANTIHYPERTENSIVE,primary care,West,325.8333333333333,,False,,,,
1385532449,,psm,EVT-0191,2025-03-03,PC_ANTIHYPERTENSIVE,primary care,Southeast,864.3333333333334,,False,,,,
1418997171,,psm,EVT-0191,2025-03-03,PC_ANTIHYPERTENSIVE,primary care,Northeast,768.6666666666666,,False,,,,
1456207657,,psm,EVT-0191,2025-03-03,PC_ANTIHYPERTENSIVE,primary care,Midwest,804.6666666666666,,False,,,,
1523681389,1511022174,psm,EVT-0191,2025-03-03,PC_ANTIHYPERTENSIVE,primary care,Midwest,343.0,344.6666666666667,True,1,0.25089354413480497,0.2537492211571706,0.0028556770223656103
1546151204,,psm,EVT-0191,2025-03-03,PC_ANTIHYPERTENSIVE,primary care,Northeast,402.0,,False,,,,
1592123891,,psm,EVT-0191,2025-03-03,PC_ANTIHYPERTENSIVE,primary care,Northeast,1052.6666666666667,,False,,,,
1595301304,1352216182,psm,EVT-0191,2025-03-03,PC_ANTIHYPERTENSIVE,primary care,Southwest,511.8333333333333,509.6666666666667,True,1,0.17109361619365795,0.17066325601845217,0.00043036017520578507
1615059528,1997693654,psm,EVT-0191,2025-03-03,PC_ANTIHYPERTENSIVE,primary care,Southeast,318.5,282.5,True,1,0.1924578199263652,0.17075021747218547,0.021707602454179742
1639269087,1251202242,psm,EVT-0191,2025-03-03,PC_ANTIHYPERTENSIVE,primary care,Northeast,279.1666666666667,285.3333333333333,True,1,0.19693932034298445,0.2014289077137416,0.004489587370757164
1689916181,1209566128,psm,EVT-0191,2025-03-03,PC_ANTIHYPERTENSIVE,primary care,Northeast,783.6666666666666,828.6666666666666,True,1,0.7103746448073776,0.750747363897649,0.0403727190902714
1742579091,,psm,EVT-0191,2025-03-03,PC_ANTIHYPERTENSIVE,primary care,Northeast,1521.6666666666667,,False,,,,
1767508967,,psm,EVT-0191,2025-03-03,PC_ANTIHYPERTENSIVE,primary care,Northeast,437.6666666666667,,False,,,,
1776723276,1548652282,psm,EVT-0191,2025-03-03,PC_ANTIHYPERTENSIVE,primary care,Midwest,607.0,584.5,True,1,0.7864855308351021,0.750169858878595,0.03631567195650709
1812815243,,psm,EVT-0191,2025-03-03,PC_ANTIHYPERTENSIVE,primary care,Midwest,1009.6666666666666,,False,,,,
1832506087,,psm,EVT-0191,2025-03-03,PC_ANTIHYPERTENSIVE,primary care,Midwest,1298.6666666666667,,False,,,,
1838439200,1363342464,psm,EVT-0191,2025-03-03,PC_ANTIHYPERTENSIVE,primary care,Southeast,827.8333333333334,804.6666666666666,True,1,0.6534774931672532,0.6318768604887252,0.021600632678528076
1849328657,1506356074,psm,EVT-0191,2025-03-03,PC_ANTIHYPERTENSIVE,primary care,Midwest,212.66666666666666,214.66666666666666,True,1,0.09299718750354949,0.09454071372864432,0.001543526225094835
1922670785,1181854898,psm,EVT-0191,2025-03-03,PC_ANTIHYPERTENSIVE,primary care,Southeast,515.3333333333334,510.1666666666667,True,1,0.3464345506379897,0.34169915094346953,0.004735399694520193
1924355757,1134632102,psm,EVT-0191,2025-03-03,PC_ANTIHYPERTENSIVE,primary care,Southwest,598.8333333333334,574.8333333333334,True,1,0.18909120961654374,0.18398581726650892,0.005105392350034821
1927430854,,psm,EVT-0191,2025-03-03,PC_ANTIHYPERTENSIVE,primary care,Southeast,913.5,,False,,,,
1937514325,,psm,EVT-0191,2025-03-03,PC_ANTIHYPERTENSIVE,primary care,West,579.1666666666666,,False,,,,
1955620046,,psm,EVT-0191,2025-03-03,PC_ANTIHYPERTENSIVE,primary care,Southeast,639.5,,False,,,,
1989798412,,psm,EVT-0191,2025-03-03,PC_ANTIHYPERTENSIVE,primary care,Southwest,730.0,,False,,,,
1009179924,,psm,EVT-0192,2025-03-04,CARD_HF_ARNI,cardiology,West,473.6666666666667,,False,,,,
1123148250,1403453024,psm,EVT-0192,2025-03-04,CARD_HF_ARNI,cardiology,Southwest,265.5,226.0,True,1,0.17574020029897325,0.13445904109922183,0.04128115919975142
1169238601,1200346587,psm,EVT-0192,2025-03-04,CARD_HF_ARNI,cardiology,Midwest,289.1666666666667,302.1666666666667,True,1,0.2838833845388961,0.31222792462412163,0.028344540085225522
1299418347,1331020234,psm,EVT-0192,2025-03-04,CARD_HF_ARNI,cardiology,Northeast,472.6666666666667,484.1666666666667,True,1,0.34319715801907036,0.3716147490794812,0.028417591060410863
1368009035,1871372714,psm,EVT-0192,2025-03-04,CARD_HF_ARNI,cardiology,Northeast,350.3333333333333,344.3333333333333,True,1,0.12283603445857666,0.11604521741426138,0.006790817044315278
1610177150,,psm,EVT-0192,2025-03-04,CARD_HF_ARNI,cardiology,Southeast,608.8333333333334,,False,,,,
1631526641,1234567687,psm,EVT-0192,2025-03-04,CARD_HF_ARNI,cardiology,Southwest,256.0,242.83333333333334,True,1,0.16498058576797162,0.15095045637122675,0.014030129396744861
1648553570,,psm,EVT-0192,2025-03-04,CARD_HF_ARNI,cardiology,Southwest,514.5,,False,,,,
1683943777,,psm,EVT-0192,2025-03-04,CARD_HF_ARNI,cardiology,West,464.8333333333333,,False,,,,
1701585576,,psm,EVT-0192,2025-03-04,CARD_HF_ARNI,cardiology,Southwest,553.5,,False,,,,
1714986282,1306006622,psm,EVT-0192,2025-03-04,CARD_HF_ARNI,cardiology,West,236.83333333333334,232.83333333333334,True,1,0.13932083756151298,0.13523963557721927,0.004081201984293709
1722038985,1069143851,psm,EVT-0192,2025-03-04,CARD_HF_ARNI,cardiology,West,326.5,320.3333333333333,True,1,0.25952794158873993,0.24944918206821756,0.010078759520522368
1732000645,,psm,EVT-0192,2025-03-04,CARD_HF_ARNI,cardiology,Southwest,711.1666666666666,,False,,,,
1933607412,1028050239,psm,EVT-0192,2025-03-04,CARD_HF_ARNI,cardiology,West,214.16666666666666,180.83333333333334,True,1,0.11750980400387655,0.09084113576621437,0.026668668237662174
1934763735,1656483868,psm,EVT-0192,2025-03-04,CARD_HF_ARNI,cardiology,Midwest,200.66666666666666,199.66666666666666,True,1,0.13609622554508827,0.13487488634160422,0.001221339203484051
1934829601,,psm,EVT-0192,2025-03-04,CARD_HF_ARNI,cardiology,Midwest,533.8333333333334,,False,,,,
1969108517,1977228745,psm,EVT-0192,2025-03-04,CARD_HF_ARNI,cardiology,Midwest,221.0,214.5,True,1,0.1629996270980293,0.15396253851503325,0.009037088582996039
1050506165,1149313383,psm,EVT-0193,2025-03-07,METABOLIC_GLP1_INJ,pulmonology,Southeast,95.5,98.0,True,1,0.09900718833799586,0.09412395480638222,0.004883233531613643
1073902250,1038582841,psm,EVT-0193,2025-03-07,METABOLIC_GLP1_INJ,rheumatology,West,221.5,226.33333333333334,True,1,0.21890683086168214,0.25488130160791606,0.035974470746233916
1075036339,,psm,EVT-0193,2025-03-07,METABOLIC_GLP1_INJ,pulmonology,West,30.833333333333332,,False,,,,
1133130363,1209566128,psm,EVT-0193,2025-03-07,METABOLIC_GLP1_INJ,primary care,Northeast,609.1666666666666,580.0,True,1,0.7323697862154103,0.6897478143343597,0.04262197188105055
1139166684,,psm,EVT-0193,2025-03-07,METABOLIC_GLP1_INJ,pulmonology,Midwest,174.66666666666666,,False,,,,
1159841240,,psm,EVT-0193,2025-03-07,METABOLIC_GLP1_INJ,neurology,Southeast,243.0,,False,,,,
1200480071,1261377760,psm,EVT-0193,2025-03-07,METABOLIC_GLP1_INJ,primary care,Northeast,171.33333333333334,183.5,True,1,0.10795749940354006,0.11659066923808255,0.008633169834542487
1330017819,,psm,EVT-0193,2025-03-07,METABOLIC_GLP1_INJ,neurology,Southwest,973.8333333333334,,False,,,,
1385532449,1892083019,psm,EVT-0193,2025-03-07,METABOLIC_GLP1_INJ,primary care,Southeast,393.0,350.3333333333333,True,1,0.26392678392540236,0.224373012363709,0.039553771561693374
1386514024,1426157339,psm,EVT-0193,2025-03-07,METABOLIC_GLP1_INJ,cardiology,West,143.66666666666666,115.5,True,1,0.04606045990441991,0.03939497274742672,0.006665487156993194
1394609428,,psm,EVT-0193,2025-03-07,METABOLIC_GLP1_INJ,endocrinology,Southwest,583.0,,False,,,,
1397955463,,psm,EVT-0193,2025-03-07,METABOLIC_GLP1_INJ,primary care,Southeast,894.1666666666666,,False,,,,
1429255973,1529045985,psm,EVT-0193,2025-03-07,METABOLIC_GLP1_INJ,primary care,Midwest,180.83333333333334,180.16666666666666,True,1,0.11953602594472022,0.11875872242331084,0.000777303521409381
1433980129,,psm,EVT-0193,2025-03-07,METABOLIC_GLP1_INJ,pulmonology,Northeast,247.33333333333334,,False,,,,
1443551811,1815549120,psm,EVT-0193,2025-03-07,METABOLIC_GLP1_INJ,neurology,Southwest,118.33333333333333,91.16666666666667,True,1,0.07750046567685921,0.06712492230869181,0.0103755433681674
1488515010,1506356074,psm,EVT-0193,2025-03-07,METABOLIC_GLP1_INJ,primary care,Midwest,277.3333333333333,260.6666666666667,True,1,0.2839886055330129,0.24788566727704078,0.03610293825597213
1509977165,,psm,EVT-0193,2025-03-07,METABOLIC_GLP1_INJ,primary care,Northeast,662.8333333333334,,False,,,,
1592062677,1026926489,psm,EVT-0193,2025-03-07,METABOLIC_GLP1_INJ,neurology,Southeast,211.33333333333334,206.33333333333334,True,1,0.750640610753591,0.7029083081880092,0.04773230256558181
1621842156,1443260538,psm,EVT-0193,2025-03-07,METABOLIC_GLP1_INJ,oncology,Northeast,111.16666666666667,92.5,True,1,0.04896449877867496,0.04632287449420627,0.002641624284468687
1643343233,1337789832,psm,EVT-0193,2025-03-07,METABOLIC_GLP1_INJ,rheumatology,Southeast,141.66666666666666,147.5,True,1,0.09835235423301421,0.1009189515266703,0.0025665972936560894
1747032997,1714021262,psm,EVT-0193,2025-03-07,METABOLIC_GLP1_INJ,primary care,Northeast,307.5,270.0,True,1,0.24196564842701226,0.19638778701515894,0.045577861411853327
1815807585,1364720148,psm,EVT-0193,2025-03-07,METABOLIC_GLP1_INJ,primary care,Southeast,571.1666666666666,561.8333333333334,True,1,0.4677694773908467,0.456096459600393,0.011673017790453655
1824149854,,psm,EVT-0193,2025-03-07,METABOLIC_GLP1_INJ,neurology,Southeast,176.0,,False,,,,
1927430854,1181854898,psm,EVT-0193,2025-03-07,METABOLIC_GLP1_INJ,primary care,Southeast,249.66666666666666,291.6666666666667,True,1,0.1484349639724404,0.1771787668116546,0.028743802839214183
1964945871,1736538384,psm,EVT-0193,2025-03-07,METABOLIC_GLP1_INJ,endocrinology,Northeast,242.16666666666666,216.33333333333334,True,1,0.18351550842879047,0.15591661723760114,0.02759889119118933
1995404856,,psm,EVT-0193,2025-03-07,METABOLIC_GLP1_INJ,endocrinology,Northeast,253.16666666666666,,False,,,,
1044666919,1464676570,psm,EVT-0194,2025-03-13,NEURO_MIGRAINE_CGRP,neurology,Southeast,172.0,167.66666666666666,True,1,0.1152497057788989,0.11495461436313016,0.0002950914157687362
1133616429,,psm,EVT-0194,2025-03-13,NEURO_MIGRAINE_CGRP,neurology,Midwest,255.83333333333334,,False,,,,
1204261733,1907112910,psm,EVT-0194,2025-03-13,NEURO_MIGRAINE_CGRP,neurology,Southeast,260.1666666666667,262.6666666666667,True,1,0.12139804148520093,0.12157643405145539,0.00017839256625445943
1443551811,1618352078,psm,EVT-0194,2025-03-13,NEURO_MIGRAINE_CGRP,neurology,Southwest,205.0,209.33333333333334,True,1,0.13539308488712776,0.13776297705175716,0.0023698921646294058
1467704312,1914644640,psm,EVT-0194,2025-03-13,NEURO_MIGRAINE_CGRP,neurology,Northeast,269.3333333333333,267.5,True,1,0.28760345246135505,0.2868281213381395,0.0007753311232155391
1561159348,1874547676,psm,EVT-0194,2025-03-13,NEURO_MIGRAINE_CGRP,neurology,Northeast,207.33333333333334,192.0,True,1,0.2620909266628208,0.2560113336107181,0.006079593052102705
1567993435,1189244753,psm,EVT-0194,2025-03-13,NEURO_MIGRAINE_CGRP,neurology,Northeast,303.0,299.6666666666667,True,1,0.3020605487017737,0.30061085298251966,0.0014496957192540183
1616418756,1879821175,psm,EVT-0194,2025-03-13,NEURO_MIGRAINE_CGRP,neurology,Northeast,248.0,277.8333333333333,True,1,0.27865931605851535,0.29121443960656523,0.012555123548049885
1635476009,,psm,EVT-0194,2025-03-13,NEURO_MIGRAINE_CGRP,neurology,Northeast,319.8333333333333,,False,,,,
1636376422,1697719783,psm,EVT-0194,2025-03-13,NEURO_MIGRAINE_CGRP,neurology,Southwest,287.8333333333333,337.5,True,1,0.1869535166307403,0.2245083669634357,0.0375548503326954
1674345776,1335912683,psm,EVT-0194,2025-03-13,NEURO_MIGRAINE_CGRP,neurology,Midwest,294.5,295.5,True,1,0.5614222853880755,0.5641970536852813,0.0027747682972057985
1712965692,,psm,EVT-0194,2025-03-13,NEURO_MIGRAINE_CGRP,neurology,West,294.3333333333333,,False,,,,
1719574174,1154629764,psm,EVT-0194,2025-03-13,NEURO_MIGRAINE_CGRP,neurology,Midwest,150.33333333333334,158.16666666666666,True,1,0.2011954314979121,0.21576774740680324,0.014572315908891131
1893020424,1448713440,psm,EVT-0194,2025-03-13,NEURO_MIGRAINE_CGRP,neurology,Midwest,148.66666666666666,159.33333333333334,True,1,0.1981917192782387,0.21800232097178995,0.019810601693551255
1921646299,,psm,EVT-0194,2025-03-13,NEURO_MIGRAINE_CGRP,neurology,Southwest,748.8333333333334,,False,,,,
1009179924,,psm,EVT-0195,2025-03-19,CV_ANTICOAG_ORAL,cardiology,West,355.8333333333333,,False,,,,
1025231352,1282327174,psm,EVT-0195,2025-03-19,CV_ANTICOAG_ORAL,rheumatology,Northeast,282.8333333333333,279.1666666666667,True,1,0.16963611811347631,0.17035926607018687,0.0007231479567105514
1036718538,1402934529,psm,EVT-0195,2025-03-19,CV_ANTICOAG_ORAL,endocrinology,Southwest,57.833333333333336,41.666666666666664,True,1,0.15766940652879702,0.19115935874197132,0.0334899522131743
1040239976,1065455036,psm,EVT-0195,2025-03-19,CV_ANTICOAG_ORAL,rheumatology,Northeast,130.66666666666666,158.0,True,1,0.2017302417405948,0.19564785588053513,0.006082385860059686
1044303869,1468815406,psm,EVT-0195,2025-03-19,CV_ANTICOAG_ORAL,oncology,Northeast,106.16666666666667,116.83333333333333,True,1,0.13005870136177536,0.12921375438266916,0.0008449469791061981
1050506165,,psm,EVT-0195,2025-03-19,CV_ANTICOAG_ORAL,pulmonology,Southeast,379.1666666666667,,False,,,,
1120080837,1779918477,psm,EVT-0195,2025-03-19,CV_ANTICOAG_ORAL,cardiology,Northeast,224.66666666666666,247.33333333333334,True,1,0.20003853891037157,0.21431797367675764,0.014279434766386073
1167711153,1746587884,psm,EVT-0195,2025-03-19,CV_ANTICOAG_ORAL,cardiology,Northeast,147.33333333333334,148.83333333333334,True,1,0.15673195871541273,0.1574940631410786,0.0007621044256658771
1273912869,1739712036,psm,EVT-0195,2025-03-19,CV_ANTICOAG_ORAL,rheumatology,Northeast,164.83333333333334,169.66666666666666,True,1,0.1941491240529296,0.193094317736036,0.001054806316893614
1280087226,,psm,EVT-0195,2025-03-19,CV_ANTICOAG_ORAL,primary care,Northeast,592.0,,False,,,,
1328056928,1294882026,psm,EVT-0195,2025-03-19,CV_ANTICOAG_ORAL,oncology,Northeast,89.16666666666667,84.16666666666667,True,1,0.13141504508102944,0.13181624802198216,0.0004012029409527218
1361521440,1095200048,psm,EVT-0195,2025-03-19,CV_ANTICOAG_ORAL,endocrinology,Midwest,165.16666666666666,170.83333333333334,True,1,0.07697614561174854,0.07715768775081897,0.0001815421390704286
1362648127,1693350831,psm,EVT-0195,2025-03-19,CV_ANTICOAG_ORAL,oncology,Northeast,104.16666666666667,119.16666666666667,True,1,0.13021765110150837,0.1290295465177733,0.0011881045837350834
1413519731,,psm,EVT-0195,2025-03-19,CV_ANTICOAG_ORAL,primary care,Southwest,1081.5,,False,,,,
1548035017,1879821175,psm,EVT-0195,2025-03-19,CV_ANTICOAG_ORAL,neurology,Northeast,146.16666666666666,149.66666666666666,True,1,0.07768508655905416,0.07960846033344532,0.0019233737743911544
1567742360,,psm,EVT-0195,2025-03-19,CV_ANTICOAG_ORAL,primary care,West,481.6666666666667,,False,,,,
1645233598,,psm,EVT-0195,2025-03-19,CV_ANTICOAG_ORAL,endocrinology,Northeast,690.1666666666666,,False,,,,
1657725655,,psm,EVT-0195,2025-03-19,CV_ANTICOAG_ORAL,cardiology,West,451.3333333333333,,False,,,,
1674102136,1060922949,psm,EVT-0195,2025-03-19,CV_ANTICOAG_ORAL,primary care,Northeast,84.16666666666667,89.16666666666667,True,1,0.047285313286110374,0.04894037200404019,0.0016550587179298137
1768831921,1775551348,psm,EVT-0195,2025-03-19,CV_ANTICOAG_ORAL,rheumatology,Northeast,108.0,107.83333333333333,True,1,0.20688050246483583,0.20691872949411777,3.822702928193977e-05
1832506087,,psm,EVT-0195,2025-03-19,CV_ANTICOAG_ORAL,primary care,Midwest,805.0,,False,,,,
1885189138,1133042691,psm,EVT-0195,2025-03-19,CV_ANTICOAG_ORAL,cardiology,Northeast,216.16666666666666,182.0,True,1,0.19487106395884637,0.1751228256710232,0.019748238287823183
1002145427,,psm,EVT-0196,2025-03-22,METABOLIC_GLP1_INJ,primary care,Northeast,400.3333333333333,,False,,,,
1011940271,1497642888,psm,EVT-0196,2025-03-22,METABOLIC_GLP1_INJ,endocrinology,Northeast,119.83333333333333,133.16666666666666,True,1,0.2760780066659616,0.2903664026845277,0.014288396018566074
1025231352,,psm,EVT-0196,2025-03-22,METABOLIC_GLP1_INJ,rheumatology,Northeast,628.3333333333334,,False,,,,
1050705288,1694658844,psm,EVT-0196,2025-03-22,METABOLIC_GLP1_INJ,endocrinology,Southeast,269.3333333333333,204.0,True,1,0.09054150449703895,0.07483819960512687,0.015703304891912073
1081031506,1618352078,psm,EVT-0196,2025-03-22,METABOLIC_GLP1_INJ,neurology,Southwest,153.66666666666666,190.66666666666666,True,1,0.09308334432708466,0.10557022585854375,0.01248688153145909
1137408567,,psm,EVT-0196,2025-03-22,METABOLIC_GLP1_INJ,endocrinology,Northeast,511.0,,False,,,,
1144669185,,psm,EVT-0196,2025-03-22,METABOLIC_GLP1_INJ,primary care,Northeast,467.6666666666667,,False,,,,
1174785596,1249657408,psm,EVT-0196,2025-03-22,METABOLIC_GLP1_INJ,endocrinology,Northeast,181.83333333333334,204.16666666666666,True,1,0.34600115339546933,0.37314413436462834,0.027142980969159014
1280087226,,psm,EVT-0196,2025-03-22,METABOLIC_GLP1_INJ,primary care,Northeast,1235.5,,False,,,,
1316743925,,psm,EVT-0196,2025-03-22,METABOLIC_GLP1_INJ,primary care,Northeast,366.6666666666667,,False,,,,
1324722952,1333043895,psm,EVT-0196,2025-03-22,METABOLIC_GLP1_INJ,endocrinology,Northeast,54.833333333333336,61.5,True,1,0.21295982518700723,0.21891879361082597,0.005958968423818739
1492077734,,psm,EVT-0196,2025-03-22,METABOLIC_GLP1_INJ,cardiology,Midwest,308.8333333333333,,False,,,,
1533003293,,psm,EVT-0196,2025-03-22,METABOLIC_GLP1_INJ,pulmonology,Midwest,192.5,,False,,,,
1552813903,,psm,EVT-0196,2025-03-22,METABOLIC_GLP1_INJ,primary care,Northeast,332.8333333333333,,False,,,,
1590337907,1150502551,psm,EVT-0196,2025-03-22,METABOLIC_GLP1_INJ,rheumatology,Northeast,246.0,246.16666666666666,True,1,0.24337413751365247,0.2437414791634247,0.00036734164977222927
1592123891,1099946885,psm,EVT-0196,2025-03-22,METABOLIC_GLP1_INJ,primary care,Northeast,228.66666666666666,237.83333333333334,True,1,0.19966311987834193,0.21426041955433456,0.014597299675992631
1598661571,1282327174,psm,EVT-0196,2025-03-22,METABOLIC_GLP1_INJ,rheumatology,Northeast,134.33333333333334,147.66666666666666,True,1,0.07797757016929605,0.09024555776946552,0.012267987600169478
1645233598,,psm,EVT-0196,2025-03-22,METABOLIC_GLP1_INJ,endocrinology,Northeast,619.6666666666666,,False,,,,
1657025858,1400951004,psm,EVT-0196,2025-03-22,METABOLIC_GLP1_INJ,endocrinology,Northeast,180.5,169.0,True,1,0.3444099564447511,0.33083328371226034,0.013576672732490747
1704331150,,psm,EVT-0196,2025-03-22,METABOLIC_GLP1_INJ,endocrinology,West,320.1666666666667,,False,,,,
1706991829,1835878442,psm,EVT-0196,2025-03-22,METABOLIC_GLP1_INJ,endocrinology,Midwest,90.0,97.33333333333333,True,1,0.1663875682186563,0.16238498578481728,0.004002582433839025
1758794279,1730655531,psm,EVT-0196,2025-03-22,METABOLIC_GLP1_INJ,endocrinology,Northeast,378.8333333333333,403.6666666666667,True,1,0.5995096744552877,0.6305397800778252,0.031030105622537496
1768225918,1095200048,psm,EVT-0196,2025-03-22,METABOLIC_GLP1_INJ,endocrinology,Midwest,132.83333333333334,138.83333333333334,True,1,0.14409927144899376,0.1411836423623902,0.0029156290866035606
1903798589,1412773438,psm,EVT-0196,2025-03-22,METABOLIC_GLP1_INJ,primary care,Southwest,482.0,502.3333333333333,True,1,0.14515564114036836,0.1679810820510164,0.02282544091064803
1944079924,1337789832,psm,EVT-0196,2025-03-22,METABOLIC_GLP1_INJ,rheumatology,Southeast,169.83333333333334,147.5,True,1,0.11677979164179499,0.09867695685866727,0.018102834783127714
1993463169,,psm,EVT-0196,2025-03-22,METABOLIC_GLP1_INJ,endocrinology,West,344.5,,False,,,,
1025231352,1150502551,psm,EVT-0197,2025-03-23,RHEUM_JAK_ORAL,rheumatology,Northeast,385.1666666666667,367.5,True,1,0.274372407634187,0.26748246258157754,0.006889945052609481
1199976907,1121962926,psm,EVT-0197,2025-03-23,RHEUM_JAK_ORAL,rheumatology,Northeast,320.8333333333333,447.3333333333333,True,1,0.24981930430338942,0.2994741816090468,0.0496548773056574
1246066447,,psm,EVT-0197,2025-03-23,RHEUM_JAK_ORAL,rheumatology,Southwest,626.3333333333334,,False,,,,
1273912869,1418704015,psm,EVT-0197,2025-03-23,RHEUM_JAK_ORAL,rheumatology,Northeast,319.1666666666667,250.83333333333334,True,1,0.24920308092119153,0.22482078739666106,0.024382293524530474
1402958817,1884938808,psm,EVT-0197,2025-03-23,RHEUM_JAK_ORAL,rheumatology,West,305.1666666666667,322.3333333333333,True,1,0.0692191857104518,0.07201841067556153,0.002799224965109731
1524065749,1775551348,psm,EVT-0197,2025-03-23,RHEUM_JAK_ORAL,rheumatology,Northeast,511.1666666666667,547.0,True,1,0.3265645278234145,0.34231111292540223,0.01574658510198773
1598661571,1674708775,psm,EVT-0197,2025-03-23,RHEUM_JAK_ORAL,rheumatology,Northeast,510.8333333333333,503.6666666666667,True,1,0.32641980084359995,0.3233162011585131,0.003103599685086833
1647196991,,psm,EVT-0197,2025-03-23,RHEUM_JAK_ORAL,rheumatology,Southeast,843.1666666666666,,False,,,,
1892307210,1065455036,psm,EVT-0197,2025-03-23,RHEUM_JAK_ORAL,rheumatology,Northeast,279.8333333333333,257.6666666666667,True,1,0.23495684286486734,0.22718091441498914,0.0077759284498782055
1944079924,,psm,EVT-0197,2025-03-23,RHEUM_JAK_ORAL,rheumatology,Southeast,984.8333333333334,,False,,,,
1101185407,1529045985,psm,EVT-0198,2025-03-24,CV_ANTICOAG_ORAL,primary care,Midwest,187.16666666666666,150.16666666666666,True,1,0.09254098309785366,0.07392888636993236,0.0186120967279213
1132120993,1331020234,psm,EVT-0198,2025-03-24,CV_ANTICOAG_ORAL,cardiology,Northeast,123.33333333333333,138.66666666666666,True,1,0.09112543210431231,0.07746044730172626,0.013664984802586058
1166368237,1670560261,psm,EVT-0198,2025-03-24,CV_ANTICOAG_ORAL,primary care,Southwest,260.6666666666667,260.5,True,1,0.23764755970040763,0.23760675232513848,4.08073752691529e-05
1180932224,1773180629,psm,EVT-0198,2025-03-24,CV_ANTICOAG_ORAL,primary care,Southeast,368.3333333333333,344.1666666666667,True,1,0.20462415461737968,0.19483401407207324,0.009790140545306442
1271463741,1657035808,psm,EVT-0198,2025-03-24,CV_ANTICOAG_ORAL,primary care,West,99.33333333333333,102.83333333333333,True,1,0.03649307916886762,0.03901751149525522,0.0025244323263875976
1280087226,,psm,EVT-0198,2025-03-24,CV_ANTICOAG_ORAL,primary care,Northeast,592.0,,False,,,,
1287287258,,psm,EVT-0198,2025-03-24,CV_ANTICOAG_ORAL,primary care,Midwest,339.8333333333333,,False,,,,
1296552940,1060922949,psm,EVT-0198,2025-03-24,CV_ANTICOAG_ORAL,primary care,Northeast,67.16666666666667,89.16666666666667,True,1,0.039847867171230476,0.04695712810833971,0.007109260937109237
1315385710,,psm,EVT-0198,2025-03-24,CV_ANTICOAG_ORAL,primary care,Northeast,799.6666666666666,,False,,,,
1377426493,,psm,EVT-0198,2025-03-24,CV_ANTICOAG_ORAL,primary care,West,393.3333333333333,,False,,,,
1425610817,1295857761,psm,EVT-0198,2025-03-24,CV_ANTICOAG_ORAL,primary care,Southeast,76.83333333333333,75.16666666666667,True,1,0.10943069648313405,0.10901963813893317,0.00041105834420088194
1486296159,1992928436,psm,EVT-0198,2025-03-24,CV_ANTICOAG_ORAL,oncology,West,28.166666666666668,27.166666666666668,True,1,0.0945482558791326,0.10153324049904919,0.00698498461991659
1486849361,,psm,EVT-0198,2025-03-24,CV_ANTICOAG_ORAL,cardiology,West,39.333333333333336,,False,,,,
1512844550,1618352078,psm,EVT-0198,2025-03-24,CV_ANTICOAG_ORAL,neurology,Southwest,167.66666666666666,196.83333333333334,True,1,0.08806541858155092,0.09319077006276434,0.0051253514812134165
1535820066,,psm,EVT-0198,2025-03-24,CV_ANTICOAG_ORAL,primary care,West,312.6666666666667,,False,,,,
1567742360,,psm,EVT-0198,2025-03-24,CV_ANTICOAG_ORAL,primary care,West,481.6666666666667,,False,,,,
1635581279,1181854898,psm,EVT-0198,2025-03-24,CV_ANTICOAG_ORAL,primary care,Southeast,474.3333333333333,398.1666666666667,True,1,0.25181827906637205,0.21720747201088159,0.03461080705549047
1645233598,,psm,EVT-0198,2025-03-24,CV_ANTICOAG_ORAL,endocrinology,Northeast,690.1666666666666,,False,,,,
1648553570,,psm,EVT-0198,2025-03-24,CV_ANTICOAG_ORAL,cardiology,Southwest,1013.5,,False,,,,
1688976343,,psm,EVT-0198,2025-03-24,CV_ANTICOAG_ORAL,pulmonology,Southeast,514.1666666666666,,False,,,,
1725623817,1812123887,psm,EVT-0198,2025-03-24,CV_ANTICOAG_ORAL,primary care,Southwest,406.5,416.8333333333333,True,1,0.27517524164029233,0.27796950882189203,0.0027942671815996967
1737256036,1943531446,psm,EVT-0198,2025-03-24,CV_ANTICOAG_ORAL,oncology,Midwest,104.66666666666667,106.5,True,1,0.04000055551272063,0.040003903290759084,3.3477780384538747e-06
1806479196,1289174306,psm,EVT-0198,2025-03-24,CV_ANTICOAG_ORAL,primary care,Southwest,225.66666666666666,207.0,True,1,0.22918411576846515,0.22475773931837836,0.004426376450086783
1844747141,,psm,EVT-0198,2025-03-24,CV_ANTICOAG_ORAL,primary care,West,338.1666666666667,,False,,,,
1908168895,1769352273,psm,EVT-0198,2025-03-24,CV_ANTICOAG_ORAL,primary care,Southwest,171.16666666666666,180.16666666666666,True,1,0.2164318412455983,0.21850180185062462,0.0020699606050263164
1924355757,1783823739,psm,EVT-0198,2025-03-24,CV_ANTICOAG_ORAL,primary care,Southwest,582.8333333333334,559.8333333333334,True,1,0.32515049297914705,0.318366947680532,0.006783545298615079
1009179924,,psm,EVT-0199,2025-03-25,CARD_HF_ARNI,cardiology,West,473.6666666666667,,False,,,,
1015191335,1779918477,psm,EVT-0199,2025-03-25,CARD_HF_ARNI,cardiology,Northeast,215.83333333333334,209.33333333333334,True,1,0.11552541903439817,0.11084719441768856,0.004678224616709609
1265952337,1541379537,psm,EVT-0199,2025-03-25,CARD_HF_ARNI,cardiology,Northeast,498.8333333333333,507.1666666666667,True,1,0.49849192512124774,0.5134288468518089,0.014936921730561159
1299418347,1331020234,psm,EVT-0199,2025-03-25,CARD_HF_ARNI,cardiology,Northeast,472.6666666666667,484.1666666666667,True,1,0.4517306254579847,0.4722258646493206,0.02049523919133589
1341556789,,psm,EVT-0199,2025-03-25,CARD_HF_ARNI,cardiology,West,1638.5,,False,,,,
1386514024,1405577143,psm,EVT-0199,2025-03-25,CARD_HF_ARNI,cardiology,West,369.3333333333333,379.0,True,1,0.225184640768204,0.24402713364821926,0.01884249288001527
1710163217,1056679651,psm,EVT-0199,2025-03-25,CARD_HF_ARNI,cardiology,Northeast,363.0,365.3333333333333,True,1,0.272865884739919,0.2761984640978853,0.00333257935796627
1732914373,1306006622,psm,EVT-0199,2025-03-25,CARD_HF_ARNI,cardiology,West,247.66666666666666,232.83333333333334,True,1,0.07195903265135767,0.06191571100933614,0.010043321642021527
1050705288,,psm,EVT-0200,2025-03-29,ENDO_BASAL_INSULIN,endocrinology,Southeast,1058.3333333333333,,False,,,,
1065091666,1583696442,psm,EVT-0200,2025-03-29,ENDO_BASAL_INSULIN,endocrinology,West,207.0,211.33333333333334,True,1,0.10213154804645204,0.10475717951643236,0.002625631469980322
1137408567,,psm,EVT-0200,2025-03-29,ENDO_BASAL_INSULIN,endocrinology,Northeast,746.0,,False,,,,
1305686507,1895078685,psm,EVT-0200,2025-03-29,ENDO_BASAL_INSULIN,endocrinology,Southwest,424.0,316.0,True,1,0.12848132655889596,0.09724750027435462,0.03123382628454134
1449048093,1736538384,psm,EVT-0200,2025-03-29,ENDO_BASAL_INSULIN,endocrinology,Northeast,74.66666666666667,64.0,True,1,0.06577643443338384,0.06220015770297173,0.003576276730412109
1518121706,1508064668,psm,EVT-0200,2025-03-29,ENDO_BASAL_INSULIN,endocrinology,Southeast,231.33333333333334,132.0,True,1,0.06963918291455706,0.04370797498622208,0.025931207928334983
1645233598,,psm,EVT-0200,2025-03-29,ENDO_BASAL_INSULIN,endocrinology,Northeast,695.3333333333334,,False,,,,
1704331150,1432188427,psm,EVT-0200,2025-03-29,ENDO_BASAL_INSULIN,endocrinology,West,436.0,412.6666666666667,True,1,0.3368013410537219,0.3036386050353253,0.03316273601839659
1768225918,,psm,EVT-0200,2025-03-29,ENDO_BASAL_INSULIN,endocrinology,Midwest,348.6666666666667,,False,,,,
1898803444,1702446943,psm,EVT-0200,2025-03-29,ENDO_BASAL_INSULIN,endocrinology,West,231.66666666666666,226.33333333333334,True,1,0.11788620692863448,0.11431062241790446,0.0035755845107300205
1964945871,1805422742,psm,EVT-0200,2025-03-29,ENDO_BASAL_INSULIN,endocrinology,Northeast,433.8333333333333,450.6666666666667,True,1,0.34470287433555885,0.3662931155955838,0.021590241260024956
