treatment_hcp_id,control_hcp_id,method,event_id,event_date,target_ndc_category,specialty,region,pre_period_rx_baseline,control_pre_period_rx_baseline,is_matched,match_rank
1040239976,1073902250,random,EVT-0001,2023-07-06,RHEUM_JAK_ORAL,rheumatology,Northeast,357.0,263.0,True,1
1194203331,1922102391,random,EVT-0001,2023-07-06,RHEUM_JAK_ORAL,rheumatology,Southeast,287.3333333333333,136.33333333333334,True,1
1246066447,1795350721,random,EVT-0001,2023-07-06,RHEUM_JAK_ORAL,rheumatology,Southwest,369.6666666666667,174.33333333333334,True,1
1282327174,1357524945,random,EVT-0001,2023-07-06,RHEUM_JAK_ORAL,rheumatology,Northeast,449.3333333333333,694.6666666666666,True,1
1393791409,1402958817,random,EVT-0001,2023-07-06,RHEUM_JAK_ORAL,rheumatology,Midwest,283.0,326.1666666666667,True,1
1519182780,1598661571,random,EVT-0001,2023-07-06,RHEUM_JAK_ORAL,rheumatology,Midwest,171.5,365.5,True,1
1595774286,1808310134,random,EVT-0001,2023-07-06,RHEUM_JAK_ORAL,rheumatology,Midwest,386.8333333333333,260.0,True,1
1616839134,1696806755,random,EVT-0001,2023-07-06,RHEUM_JAK_ORAL,rheumatology,Northeast,616.0,203.33333333333334,True,1
1690348028,1892897319,random,EVT-0001,2023-07-06,RHEUM_JAK_ORAL,rheumatology,Midwest,233.66666666666666,144.5,True,1
1944079924,1013443506,random,EVT-0001,2023-07-06,RHEUM_JAK_ORAL,rheumatology,Southeast,444.6666666666667,102.5,True,1
1993874985,1187084813,random,EVT-0001,2023-07-06,RHEUM_JAK_ORAL,rheumatology,Northeast,420.3333333333333,295.1666666666667,True,1
1040239976,1971977354,random,EVT-0002,2023-07-09,CV_ANTICOAG_ORAL,rheumatology,Northeast,123.0,117.5,True,1
1163199601,1156551297,random,EVT-0002,2023-07-09,CV_ANTICOAG_ORAL,neurology,Southwest,135.83333333333334,132.5,True,1
1246066447,1630629040,random,EVT-0002,2023-07-09,CV_ANTICOAG_ORAL,rheumatology,Southwest,192.33333333333334,150.5,True,1
1264333323,1879821175,random,EVT-0002,2023-07-09,CV_ANTICOAG_ORAL,primary care,Northeast,179.33333333333334,117.0,True,1
1334266016,1916437647,random,EVT-0002,2023-07-09,CV_ANTICOAG_ORAL,primary care,Southwest,222.66666666666666,117.5,True,1
1335670091,1131525051,random,EVT-0002,2023-07-09,CV_ANTICOAG_ORAL,primary care,Midwest,254.33333333333334,84.16666666666667,True,1
1352578078,1308498975,random,EVT-0002,2023-07-09,CV_ANTICOAG_ORAL,pulmonology,Southeast,125.83333333333333,172.66666666666666,True,1
1361521440,1989798412,random,EVT-0002,2023-07-09,CV_ANTICOAG_ORAL,endocrinology,Midwest,98.16666666666667,376.5,True,1
1394609428,1065455036,random,EVT-0002,2023-07-09,CV_ANTICOAG_ORAL,endocrinology,Southwest,300.8333333333333,145.16666666666666,True,1
1413519731,1458345984,random,EVT-0002,2023-07-09,CV_ANTICOAG_ORAL,primary care,Southwest,428.6666666666667,146.83333333333334,True,1
1425610817,1149209672,random,EVT-0002,2023-07-09,CV_ANTICOAG_ORAL,primary care,Southeast,53.333333333333336,161.66666666666666,True,1
1456207657,1174238463,random,EVT-0002,2023-07-09,CV_ANTICOAG_ORAL,primary care,Midwest,170.0,97.0,True,1
1511022174,1857629178,random,EVT-0002,2023-07-09,CV_ANTICOAG_ORAL,primary care,Midwest,150.5,68.66666666666667,True,1
1520551320,1844747141,random,EVT-0002,2023-07-09,CV_ANTICOAG_ORAL,rheumatology,Northeast,169.16666666666666,177.0,True,1
1592062677,1316743925,random,EVT-0002,2023-07-09,CV_ANTICOAG_ORAL,neurology,Southeast,167.33333333333334,333.8333333333333,True,1
1706991829,1969108517,random,EVT-0002,2023-07-09,CV_ANTICOAG_ORAL,endocrinology,Midwest,256.1666666666667,212.16666666666666,True,1
1710163217,1219516501,random,EVT-0002,2023-07-09,CV_ANTICOAG_ORAL,cardiology,Northeast,165.16666666666666,279.5,True,1
1717519684,1724378447,random,EVT-0002,2023-07-09,CV_ANTICOAG_ORAL,endocrinology,Midwest,158.16666666666666,68.5,True,1
1725623817,1202777359,random,EVT-0002,2023-07-09,CV_ANTICOAG_ORAL,primary care,Southwest,179.5,142.0,True,1
1742100898,1934829601,random,EVT-0002,2023-07-09,CV_ANTICOAG_ORAL,primary care,Midwest,50.833333333333336,215.33333333333334,True,1
1785764022,1850313960,random,EVT-0002,2023-07-09,CV_ANTICOAG_ORAL,oncology,Northeast,192.66666666666666,72.83333333333333,True,1
1811081532,1048976678,random,EVT-0002,2023-07-09,CV_ANTICOAG_ORAL,oncology,Northeast,209.66666666666666,185.5,True,1
1927430854,1569475654,random,EVT-0002,2023-07-09,CV_ANTICOAG_ORAL,primary care,Southeast,230.5,86.33333333333333,True,1
1993367014,1189769080,random,EVT-0002,2023-07-09,CV_ANTICOAG_ORAL,pulmonology,Midwest,150.33333333333334,224.83333333333334,True,1
1050506165,1407459696,random,EVT-0003,2023-07-10,PULM_ICS_LABA_INH,pulmonology,Southeast,226.83333333333334,125.5,True,1
1139166684,1075036339,random,EVT-0003,2023-07-10,PULM_ICS_LABA_INH,pulmonology,Midwest,206.16666666666666,192.83333333333334,True,1
1198262952,1731313338,random,EVT-0003,2023-07-10,PULM_ICS_LABA_INH,pulmonology,Northeast,515.3333333333334,120.83333333333333,True,1
1229022169,1710487228,random,EVT-0003,2023-07-10,PULM_ICS_LABA_INH,pulmonology,West,124.16666666666667,111.16666666666667,True,1
1352578078,1113023042,random,EVT-0003,2023-07-10,PULM_ICS_LABA_INH,pulmonology,Southeast,326.1666666666667,146.16666666666666,True,1
1449331358,1916437647,random,EVT-0003,2023-07-10,PULM_ICS_LABA_INH,pulmonology,Midwest,132.66666666666666,164.66666666666666,True,1
1555906795,1536141264,random,EVT-0003,2023-07-10,PULM_ICS_LABA_INH,pulmonology,Midwest,375.6666666666667,332.5,True,1
1648626962,1041494554,random,EVT-0003,2023-07-10,PULM_ICS_LABA_INH,pulmonology,Southwest,299.6666666666667,79.66666666666667,True,1
1761262934,1389574017,random,EVT-0003,2023-07-10,PULM_ICS_LABA_INH,pulmonology,Northeast,234.16666666666666,232.66666666666666,True,1
1782077311,1293528836,random,EVT-0003,2023-07-10,PULM_ICS_LABA_INH,pulmonology,Southeast,148.83333333333334,318.3333333333333,True,1
1867204764,1895795452,random,EVT-0003,2023-07-10,PULM_ICS_LABA_INH,pulmonology,Southeast,273.6666666666667,111.16666666666667,True,1
1880717263,1967802350,random,EVT-0003,2023-07-10,PULM_ICS_LABA_INH,pulmonology,Northeast,296.5,158.66666666666666,True,1
1964572899,1238983617,random,EVT-0003,2023-07-10,PULM_ICS_LABA_INH,pulmonology,Northeast,134.0,579.5,True,1
1011940271,1657025858,random,EVT-0004,2023-07-14,ENDO_BASAL_INSULIN,endocrinology,Northeast,191.5,384.5,True,1
1076376403,1556860702,random,EVT-0004,2023-07-14,ENDO_BASAL_INSULIN,endocrinology,Northeast,433.0,94.0,True,1
1107038659,1756884833,random,EVT-0004,2023-07-14,ENDO_BASAL_INSULIN,endocrinology,Northeast,350.1666666666667,181.0,True,1
1324722952,1455101661,random,EVT-0004,2023-07-14,ENDO_BASAL_INSULIN,endocrinology,Northeast,216.0,335.5,True,1
1330156328,1779411515,random,EVT-0004,2023-07-14,ENDO_BASAL_INSULIN,endocrinology,Southwest,187.5,301.5,True,1
1364458855,1740626134,random,EVT-0004,2023-07-14,ENDO_BASAL_INSULIN,endocrinology,Southeast,257.0,202.16666666666666,True,1
1423753536,1890077344,random,EVT-0004,2023-07-14,ENDO_BASAL_INSULIN,endocrinology,Northeast,281.8333333333333,296.5,True,1
1497642888,1234985764,random,EVT-0004,2023-07-14,ENDO_BASAL_INSULIN,endocrinology,Northeast,205.66666666666666,207.83333333333334,True,1
1645233598,1402934529,random,EVT-0004,2023-07-14,ENDO_BASAL_INSULIN,endocrinology,Northeast,316.0,95.33333333333333,True,1
1704331150,1508064668,random,EVT-0004,2023-07-14,ENDO_BASAL_INSULIN,endocrinology,West,298.3333333333333,172.0,True,1
1746046261,1995404856,random,EVT-0004,2023-07-14,ENDO_BASAL_INSULIN,endocrinology,Northeast,157.5,210.5,True,1
1749652321,1702497342,random,EVT-0004,2023-07-14,ENDO_BASAL_INSULIN,endocrinology,West,114.83333333333333,310.1666666666667,True,1
1803502636,1939526327,random,EVT-0004,2023-07-14,ENDO_BASAL_INSULIN,endocrinology,Northeast,200.16666666666666,139.5,True,1
1880426881,1507069536,random,EVT-0004,2023-07-14,ENDO_BASAL_INSULIN,endocrinology,Northeast,303.8333333333333,140.16666666666666,True,1
1964945871,1225504491,random,EVT-0004,2023-07-14,ENDO_BASAL_INSULIN,endocrinology,Northeast,257.0,129.16666666666666,True,1
1044379984,1769764832,random,EVT-0005,2023-07-17,METABOLIC_GLP1_INJ,neurology,Midwest,127.0,105.33333333333333,True,1
1058647219,1196400158,random,EVT-0005,2023-07-17,METABOLIC_GLP1_INJ,pulmonology,Northeast,182.66666666666666,106.16666666666667,True,1
1094274762,1663073843,random,EVT-0005,2023-07-17,METABOLIC_GLP1_INJ,primary care,West,96.5,90.0,True,1
1145899849,1795350721,random,EVT-0005,2023-07-17,METABOLIC_GLP1_INJ,primary care,West,87.5,149.5,True,1
1194203331,1534239003,random,EVT-0005,2023-07-17,METABOLIC_GLP1_INJ,rheumatology,Southeast,275.5,56.833333333333336,True,1
1251567115,1812123887,random,EVT-0005,2023-07-17,METABOLIC_GLP1_INJ,primary care,Midwest,136.0,92.83333333333333,True,1
1355374483,1892083019,random,EVT-0005,2023-07-17,METABOLIC_GLP1_INJ,primary care,West,319.5,185.66666666666666,True,1
1376656900,1084471394,random,EVT-0005,2023-07-17,METABOLIC_GLP1_INJ,cardiology,Southwest,118.66666666666667,259.5,True,1
1413519731,1788421810,random,EVT-0005,2023-07-17,METABOLIC_GLP1_INJ,primary care,Southwest,223.83333333333334,67.5,True,1
1425340662,1737256036,random,EVT-0005,2023-07-17,METABOLIC_GLP1_INJ,primary care,Southwest,115.66666666666667,157.33333333333334,True,1
1475115246,1169238601,random,EVT-0005,2023-07-17,METABOLIC_GLP1_INJ,cardiology,Southeast,118.0,154.5,True,1
1567742360,1056679651,random,EVT-0005,2023-07-17,METABOLIC_GLP1_INJ,primary care,West,204.0,85.83333333333333,True,1
1639269087,1257768279,random,EVT-0005,2023-07-17,METABOLIC_GLP1_INJ,primary care,Northeast,263.6666666666667,182.83333333333334,True,1
1676855970,1289174306,random,EVT-0005,2023-07-17,METABOLIC_GLP1_INJ,primary care,West,190.33333333333334,114.5,True,1
1683943777,1333393084,random,EVT-0005,2023-07-17,METABOLIC_GLP1_INJ,cardiology,West,214.5,152.33333333333334,True,1
1719186219,1103232447,random,EVT-0005,2023-07-17,METABOLIC_GLP1_INJ,oncology,West,114.5,171.83333333333334,True,1
1738903891,1535323178,random,EVT-0005,2023-07-17,METABOLIC_GLP1_INJ,endocrinology,Southeast,140.5,111.0,True,1
1828766265,1233281843,random,EVT-0005,2023-07-17,METABOLIC_GLP1_INJ,oncology,Southwest,53.333333333333336,110.16666666666667,True,1
1880426881,1440623548,random,EVT-0005,2023-07-17,METABOLIC_GLP1_INJ,endocrinology,Northeast,137.66666666666666,156.16666666666666,True,1
1989798412,1069143851,random,EVT-0005,2023-07-17,METABOLIC_GLP1_INJ,primary care,Southwest,196.83333333333334,156.16666666666666,True,1
1326516303,1981504099,random,EVT-0006,2023-07-18,ONC_TARGETED_ORAL,oncology,Southwest,188.5,92.0,True,1
1362648127,1394982015,random,EVT-0006,2023-07-18,ONC_TARGETED_ORAL,oncology,Northeast,181.5,111.33333333333333,True,1
1785764022,1743803979,random,EVT-0006,2023-07-18,ONC_TARGETED_ORAL,oncology,Northeast,129.33333333333334,173.16666666666666,True,1
1811081532,1943531446,random,EVT-0006,2023-07-18,ONC_TARGETED_ORAL,oncology,Northeast,154.83333333333334,203.0,True,1
1969914385,1803461205,random,EVT-0006,2023-07-18,ONC_TARGETED_ORAL,oncology,West,222.66666666666666,91.16666666666667,True,1
1120080837,1202669523,random,EVT-0007,2023-07-28,CARD_HF_ARNI,cardiology,Northeast,179.33333333333334,247.0,True,1
1265952337,1275177768,random,EVT-0007,2023-07-28,CARD_HF_ARNI,cardiology,Northeast,368.3333333333333,92.66666666666667,True,1
1299418347,1420113783,random,EVT-0007,2023-07-28,CARD_HF_ARNI,cardiology,Northeast,286.1666666666667,78.16666666666667,True,1
1332369119,1371759725,random,EVT-0007,2023-07-28,CARD_HF_ARNI,cardiology,Southeast,232.5,201.5,True,1
1444774099,1885189138,random,EVT-0007,2023-07-28,CARD_HF_ARNI,cardiology,West,154.66666666666666,263.6666666666667,True,1
1460081361,1443907526,random,EVT-0007,2023-07-28,CARD_HF_ARNI,cardiology,Northeast,136.16666666666666,160.83333333333334,True,1
1492077734,1477499267,random,EVT-0007,2023-07-28,CARD_HF_ARNI,cardiology,Midwest,382.6666666666667,46.5,True,1
1610177150,1739517849,random,EVT-0007,2023-07-28,CARD_HF_ARNI,cardiology,Southeast,284.6666666666667,141.83333333333334,True,1
1657725655,1848800052,random,EVT-0007,2023-07-28,CARD_HF_ARNI,cardiology,West,479.1666666666667,286.5,True,1
1672904236,1722038985,random,EVT-0007,2023-07-28,CARD_HF_ARNI,cardiology,Northeast,204.33333333333334,177.16666666666666,True,1
1710163217,1133042691,random,EVT-0007,2023-07-28,CARD_HF_ARNI,cardiology,Northeast,243.5,248.66666666666666,True,1
1714292012,1282914906,random,EVT-0007,2023-07-28,CARD_HF_ARNI,cardiology,Southeast,210.5,144.66666666666666,True,1
1714986282,1362560363,random,EVT-0007,2023-07-28,CARD_HF_ARNI,cardiology,West,167.33333333333334,388.6666666666667,True,1
1724092733,1028050239,random,EVT-0007,2023-07-28,CARD_HF_ARNI,cardiology,Northeast,280.8333333333333,219.0,True,1
1732000645,1722898792,random,EVT-0007,2023-07-28,CARD_HF_ARNI,cardiology,Southwest,365.8333333333333,285.1666666666667,True,1
1814938340,1304105269,random,EVT-0007,2023-07-28,CARD_HF_ARNI,cardiology,Southeast,225.0,102.33333333333333,True,1
1133616429,1712965692,random,EVT-0008,2023-07-30,NEURO_MIGRAINE_CGRP,neurology,Midwest,172.5,277.6666666666667,True,1
1159841240,1622391112,random,EVT-0008,2023-07-30,NEURO_MIGRAINE_CGRP,neurology,Southeast,372.8333333333333,97.33333333333333,True,1
1228081653,1064190048,random,EVT-0008,2023-07-30,NEURO_MIGRAINE_CGRP,neurology,Southeast,82.5,189.5,True,1
1327009084,1718275724,random,EVT-0008,2023-07-30,NEURO_MIGRAINE_CGRP,neurology,Southwest,207.83333333333334,153.16666666666666,True,1
1592062677,1666152792,random,EVT-0008,2023-07-30,NEURO_MIGRAINE_CGRP,neurology,Southeast,328.5,145.16666666666666,True,1
1636376422,1012597443,random,EVT-0008,2023-07-30,NEURO_MIGRAINE_CGRP,neurology,Southwest,208.5,167.5,True,1
1674345776,1893020424,random,EVT-0008,2023-07-30,NEURO_MIGRAINE_CGRP,neurology,Midwest,227.0,149.16666666666666,True,1
1719574174,1635476009,random,EVT-0008,2023-07-30,NEURO_MIGRAINE_CGRP,neurology,Midwest,115.66666666666667,165.5,True,1
1788421810,1838809964,random,EVT-0008,2023-07-30,NEURO_MIGRAINE_CGRP,neurology,Northeast,211.0,220.83333333333334,True,1
1022312734,1506746308,random,EVT-0009,2023-08-01,METABOLIC_GLP1_INJ,primary care,Midwest,40.666666666666664,122.16666666666667,True,1
1048976678,1893606271,random,EVT-0009,2023-08-01,METABOLIC_GLP1_INJ,primary care,Southeast,84.33333333333333,174.83333333333334,True,1
1050506165,1674708775,random,EVT-0009,2023-08-01,METABOLIC_GLP1_INJ,pulmonology,Southeast,56.5,86.33333333333333,True,1
1065870788,1169149543,random,EVT-0009,2023-08-01,METABOLIC_GLP1_INJ,primary care,Southwest,136.5,46.333333333333336,True,1
1081051991,1606566010,random,EVT-0009,2023-08-01,METABOLIC_GLP1_INJ,pulmonology,Southwest,75.0,95.5,True,1
1098995024,1158498141,random,EVT-0009,2023-08-01,METABOLIC_GLP1_INJ,primary care,Northeast,89.33333333333333,26.666666666666668,True,1
1101185407,1026722938,random,EVT-0009,2023-08-01,METABOLIC_GLP1_INJ,primary care,Midwest,185.83333333333334,313.1666666666667,True,1
1123148250,1842420535,random,EVT-0009,2023-08-01,METABOLIC_GLP1_INJ,cardiology,Southwest,257.0,67.0,True,1
1133130363,1081031506,random,EVT-0009,2023-08-01,METABOLIC_GLP1_INJ,primary care,Northeast,244.66666666666666,117.16666666666667,True,1
1189244753,1384158410,random,EVT-0009,2023-08-01,METABOLIC_GLP1_INJ,neurology,Northeast,215.16666666666666,99.66666666666667,True,1
1263807582,1895078685,random,EVT-0009,2023-08-01,METABOLIC_GLP1_INJ,primary care,Northeast,233.5,120.83333333333333,True,1
1280087226,1031568581,random,EVT-0009,2023-08-01,METABOLIC_GLP1_INJ,primary care,Northeast,489.0,76.5,True,1
1296552940,1260279835,random,EVT-0009,2023-08-01,METABOLIC_GLP1_INJ,primary care,Northeast,75.5,81.0,True,1
1332369119,1947954388,random,EVT-0009,2023-08-01,METABOLIC_GLP1_INJ,cardiology,Southeast,56.666666666666664,54.5,True,1
1413519731,1943531446,random,EVT-0009,2023-08-01,METABOLIC_GLP1_INJ,primary care,Southwest,234.0,40.166666666666664,True,1
1456299035,1908127628,random,EVT-0009,2023-08-01,METABOLIC_GLP1_INJ,primary care,Southeast,259.3333333333333,103.0,True,1
1481247389,1501344612,random,EVT-0009,2023-08-01,METABOLIC_GLP1_INJ,primary care,Southeast,314.0,84.16666666666667,True,1
1484724632,1103232447,random,EVT-0009,2023-08-01,METABOLIC_GLP1_INJ,primary care,Northeast,136.83333333333334,169.83333333333334,True,1
1547244776,1332815285,random,EVT-0009,2023-08-01,METABOLIC_GLP1_INJ,pulmonology,Northeast,71.66666666666667,55.5,True,1
1552813903,1429777182,random,EVT-0009,2023-08-01,METABOLIC_GLP1_INJ,primary care,Northeast,109.5,139.66666666666666,True,1
1567742360,1851932792,random,EVT-0009,2023-08-01,METABOLIC_GLP1_INJ,primary care,West,211.16666666666666,168.16666666666666,True,1
1592123891,1743431961,random,EVT-0009,2023-08-01,METABOLIC_GLP1_INJ,primary care,Northeast,78.5,97.5,True,1
1595301304,1923786978,random,EVT-0009,2023-08-01,METABOLIC_GLP1_INJ,primary care,Southwest,127.16666666666667,185.16666666666666,True,1
1639269087,1473057747,random,EVT-0009,2023-08-01,METABOLIC_GLP1_INJ,primary care,Northeast,253.33333333333334,119.83333333333333,True,1
1644815767,1013443506,random,EVT-0009,2023-08-01,METABOLIC_GLP1_INJ,primary care,West,192.0,27.5,True,1
1674102136,1661525075,random,EVT-0009,2023-08-01,METABOLIC_GLP1_INJ,primary care,Northeast,104.16666666666667,47.833333333333336,True,1
1724092733,1880040971,random,EVT-0009,2023-08-01,METABOLIC_GLP1_INJ,cardiology,Northeast,53.0,62.333333333333336,True,1
1725724532,1580871600,random,EVT-0009,2023-08-01,METABOLIC_GLP1_INJ,primary care,Northeast,201.5,28.5,True,1
1740047711,1448713440,random,EVT-0009,2023-08-01,METABOLIC_GLP1_INJ,primary care,Southeast,164.33333333333334,94.0,True,1
1824172013,1960543621,random,EVT-0009,2023-08-01,METABOLIC_GLP1_INJ,primary care,Midwest,507.8333333333333,43.5,True,1
1862986803,1374898744,random,EVT-0009,2023-08-01,METABOLIC_GLP1_INJ,primary care,Midwest,256.1666666666667,93.66666666666667,True,1
1896554999,1824149854,random,EVT-0009,2023-08-01,METABOLIC_GLP1_INJ,primary care,West,197.33333333333334,105.0,True,1
1924355757,1377516020,random,EVT-0009,2023-08-01,METABOLIC_GLP1_INJ,primary care,Southwest,223.16666666666666,73.83333333333333,True,1
1124726435,1886821390,random,EVT-0010,2023-08-06,CV_ANTICOAG_ORAL,primary care,Northeast,366.6666666666667,66.66666666666667,True,1
1124890801,1061035188,random,EVT-0010,2023-08-06,CV_ANTICOAG_ORAL,primary care,Northeast,218.66666666666666,100.5,True,1
1132120993,1219516501,random,EVT-0010,2023-08-06,CV_ANTICOAG_ORAL,cardiology,Northeast,112.5,286.6666666666667,True,1
1144669185,1275443434,random,EVT-0010,2023-08-06,CV_ANTICOAG_ORAL,primary care,Northeast,474.5,65.66666666666667,True,1
1189769080,1736538384,random,EVT-0010,2023-08-06,CV_ANTICOAG_ORAL,primary care,Northeast,222.5,108.33333333333333,True,1
1198262952,1012264374,random,EVT-0010,2023-08-06,CV_ANTICOAG_ORAL,pulmonology,Northeast,186.0,246.0,True,1
1202669523,1561159348,random,EVT-0010,2023-08-06,CV_ANTICOAG_ORAL,cardiology,Midwest,264.5,106.16666666666667,True,1
1299418347,1706770306,random,EVT-0010,2023-08-06,CV_ANTICOAG_ORAL,cardiology,Northeast,95.0,115.83333333333333,True,1
1300654963,1880040971,random,EVT-0010,2023-08-06,CV_ANTICOAG_ORAL,primary care,Northeast,289.6666666666667,40.166666666666664,True,1
1341556789,1417682113,random,EVT-0010,2023-08-06,CV_ANTICOAG_ORAL,cardiology,West,511.0,51.666666666666664,True,1
1423152481,1736829924,random,EVT-0010,2023-08-06,CV_ANTICOAG_ORAL,primary care,Southeast,281.5,122.0,True,1
1478412079,1095200048,random,EVT-0010,2023-08-06,CV_ANTICOAG_ORAL,cardiology,Midwest,166.33333333333334,185.0,True,1
1552813903,1893606271,random,EVT-0010,2023-08-06,CV_ANTICOAG_ORAL,primary care,Northeast,252.16666666666666,79.83333333333333,True,1
1594466975,1916437647,random,EVT-0010,2023-08-06,CV_ANTICOAG_ORAL,cardiology,West,106.16666666666667,110.33333333333333,True,1
1710163217,1949335115,random,EVT-0010,2023-08-06,CV_ANTICOAG_ORAL,cardiology,Northeast,174.66666666666666,163.66666666666666,True,1
1714986282,1701585576,random,EVT-0010,2023-08-06,CV_ANTICOAG_ORAL,cardiology,West,167.5,127.0,True,1
1768831921,1657035808,random,EVT-0010,2023-08-06,CV_ANTICOAG_ORAL,rheumatology,Northeast,87.83333333333333,110.83333333333333,True,1
1812815243,1402934529,random,EVT-0010,2023-08-06,CV_ANTICOAG_ORAL,primary care,Midwest,163.16666666666666,57.333333333333336,True,1
1828803407,1428222503,random,EVT-0010,2023-08-06,CV_ANTICOAG_ORAL,oncology,Northeast,69.66666666666667,118.83333333333333,True,1
1901019392,1643343233,random,EVT-0010,2023-08-06,CV_ANTICOAG_ORAL,cardiology,West,491.5,318.5,True,1
1969108517,1980975555,random,EVT-0010,2023-08-06,CV_ANTICOAG_ORAL,cardiology,Midwest,217.0,127.33333333333333,True,1
1107378550,1730655531,random,EVT-0011,2023-08-08,CV_ANTICOAG_ORAL,cardiology,Southeast,67.16666666666667,171.33333333333334,True,1
1124726435,1271463741,random,EVT-0011,2023-08-08,CV_ANTICOAG_ORAL,primary care,Northeast,366.6666666666667,95.33333333333333,True,1
1137408567,1685524518,random,EVT-0011,2023-08-08,CV_ANTICOAG_ORAL,endocrinology,Northeast,402.3333333333333,125.83333333333333,True,1
1267903205,1001056401,random,EVT-0011,2023-08-08,CV_ANTICOAG_ORAL,endocrinology,Midwest,63.0,265.5,True,1
1279507085,1935314678,random,EVT-0011,2023-08-08,CV_ANTICOAG_ORAL,rheumatology,Southwest,150.0,279.8333333333333,True,1
1362560363,1348428750,random,EVT-0011,2023-08-08,CV_ANTICOAG_ORAL,cardiology,West,187.66666666666666,46.0,True,1
1368009035,1364592786,random,EVT-0011,2023-08-08,CV_ANTICOAG_ORAL,cardiology,Northeast,144.66666666666666,75.16666666666667,True,1
1433980129,1712965692,random,EVT-0011,2023-08-08,CV_ANTICOAG_ORAL,pulmonology,Northeast,49.5,95.16666666666667,True,1
1435949049,1250474354,random,EVT-0011,2023-08-08,CV_ANTICOAG_ORAL,rheumatology,Northeast,236.0,177.83333333333334,True,1
1475115246,1879821175,random,EVT-0011,2023-08-08,CV_ANTICOAG_ORAL,cardiology,Southeast,119.83333333333333,113.83333333333333,True,1
1552813903,1069143851,random,EVT-0011,2023-08-08,CV_ANTICOAG_ORAL,primary care,Northeast,252.16666666666666,96.33333333333333,True,1
1567742360,1742318383,random,EVT-0011,2023-08-08,CV_ANTICOAG_ORAL,primary care,West,312.8333333333333,107.0,True,1
1595774286,1337606333,random,EVT-0011,2023-08-08,CV_ANTICOAG_ORAL,rheumatology,Midwest,199.5,131.33333333333334,True,1
1616418756,1877046932,random,EVT-0011,2023-08-08,CV_ANTICOAG_ORAL,neurology,Northeast,179.33333333333334,110.66666666666667,True,1
1670701188,1789149345,random,EVT-0011,2023-08-08,CV_ANTICOAG_ORAL,cardiology,Southeast,216.33333333333334,42.833333333333336,True,1
1672904236,1241711534,random,EVT-0011,2023-08-08,CV_ANTICOAG_ORAL,cardiology,Northeast,117.0,123.0,True,1
1683943777,1536278926,random,EVT-0011,2023-08-08,CV_ANTICOAG_ORAL,cardiology,West,116.5,101.66666666666667,True,1
1714986282,1854852153,random,EVT-0011,2023-08-08,CV_ANTICOAG_ORAL,cardiology,West,167.5,137.33333333333334,True,1
1724092733,1036176265,random,EVT-0011,2023-08-08,CV_ANTICOAG_ORAL,cardiology,Northeast,193.16666666666666,115.83333333333333,True,1
1725623817,1518121706,random,EVT-0011,2023-08-08,CV_ANTICOAG_ORAL,primary care,Southwest,189.5,197.16666666666666,True,1
1738903891,1762664088,random,EVT-0011,2023-08-08,CV_ANTICOAG_ORAL,endocrinology,Southeast,346.8333333333333,167.16666666666666,True,1
1745601371,1403453024,random,EVT-0011,2023-08-08,CV_ANTICOAG_ORAL,cardiology,Midwest,58.666666666666664,143.16666666666666,True,1
1746046261,1286477181,random,EVT-0011,2023-08-08,CV_ANTICOAG_ORAL,endocrinology,Northeast,173.5,269.3333333333333,True,1
1768831921,1020833996,random,EVT-0011,2023-08-08,CV_ANTICOAG_ORAL,rheumatology,Northeast,87.83333333333333,111.66666666666667,True,1
1856406925,1501015600,random,EVT-0011,2023-08-08,CV_ANTICOAG_ORAL,cardiology,Northeast,135.0,77.83333333333333,True,1
1901019392,1084919582,random,EVT-0011,2023-08-08,CV_ANTICOAG_ORAL,cardiology,West,491.5,109.33333333333333,True,1
1939785840,1275723975,random,EVT-0011,2023-08-08,CV_ANTICOAG_ORAL,endocrinology,Southwest,286.6666666666667,67.33333333333333,True,1
1964945871,1750236147,random,EVT-0011,2023-08-08,CV_ANTICOAG_ORAL,endocrinology,Northeast,182.66666666666666,180.16666666666666,True,1
1074076039,1614978876,random,EVT-0012,2023-08-10,CARD_HF_ARNI,cardiology,Southeast,315.0,140.16666666666666,True,1
1123148250,1555285877,random,EVT-0012,2023-08-10,CARD_HF_ARNI,cardiology,Southwest,193.16666666666666,146.66666666666666,True,1
1246448348,1631526641,random,EVT-0012,2023-08-10,CARD_HF_ARNI,cardiology,Southeast,322.6666666666667,209.0,True,1
1265952337,1847562299,random,EVT-0012,2023-08-10,CARD_HF_ARNI,cardiology,Northeast,367.6666666666667,142.0,True,1
1332369119,1624547729,random,EVT-0012,2023-08-10,CARD_HF_ARNI,cardiology,Southeast,224.5,243.16666666666666,True,1
1341556789,1908127628,random,EVT-0012,2023-08-10,CARD_HF_ARNI,cardiology,West,777.0,167.5,True,1
1460081361,1477499267,random,EVT-0012,2023-08-10,CARD_HF_ARNI,cardiology,Northeast,144.83333333333334,44.166666666666664,True,1
1475115246,1306006622,random,EVT-0012,2023-08-10,CARD_HF_ARNI,cardiology,Southeast,510.5,192.0,True,1
1551962891,1176034100,random,EVT-0012,2023-08-10,CARD_HF_ARNI,cardiology,Midwest,81.0,231.83333333333334,True,1
1648553570,1420113783,random,EVT-0012,2023-08-10,CARD_HF_ARNI,cardiology,Southwest,216.33333333333334,78.0,True,1
1655321622,1848800052,random,EVT-0012,2023-08-10,CARD_HF_ARNI,cardiology,Northeast,277.1666666666667,293.1666666666667,True,1
1657725655,1464805419,random,EVT-0012,2023-08-10,CARD_HF_ARNI,cardiology,West,497.6666666666667,90.5,True,1
1670701188,1577953643,random,EVT-0012,2023-08-10,CARD_HF_ARNI,cardiology,Southeast,374.5,115.16666666666667,True,1
1683943777,1386514024,random,EVT-0012,2023-08-10,CARD_HF_ARNI,cardiology,West,298.6666666666667,232.16666666666666,True,1
1722038985,1440623548,random,EVT-0012,2023-08-10,CARD_HF_ARNI,cardiology,West,182.66666666666666,155.33333333333334,True,1
1836894604,1599978586,random,EVT-0012,2023-08-10,CARD_HF_ARNI,cardiology,Southeast,230.5,276.3333333333333,True,1
1169614082,1058325303,random,EVT-0013,2023-08-11,PC_ANTIHYPERTENSIVE,primary care,Midwest,193.83333333333334,282.0,True,1
1191545544,1434523506,random,EVT-0013,2023-08-11,PC_ANTIHYPERTENSIVE,primary care,Midwest,278.5,282.0,True,1
1268222167,1227780172,random,EVT-0013,2023-08-11,PC_ANTIHYPERTENSIVE,primary care,Midwest,251.83333333333334,823.5,True,1
1271768685,1526669415,random,EVT-0013,2023-08-11,PC_ANTIHYPERTENSIVE,primary care,Midwest,260.6666666666667,215.83333333333334,True,1
1300654963,1134632102,random,EVT-0013,2023-08-11,PC_ANTIHYPERTENSIVE,primary care,Northeast,166.16666666666666,396.5,True,1
1311764207,1625192632,random,EVT-0013,2023-08-11,PC_ANTIHYPERTENSIVE,primary care,Midwest,295.5,128.0,True,1
1385532449,1523681389,random,EVT-0013,2023-08-11,PC_ANTIHYPERTENSIVE,primary care,Southeast,400.5,220.5,True,1
1418997171,1321405205,random,EVT-0013,2023-08-11,PC_ANTIHYPERTENSIVE,primary care,Northeast,410.8333333333333,160.33333333333334,True,1
1425340662,1615059528,random,EVT-0013,2023-08-11,PC_ANTIHYPERTENSIVE,primary care,Southwest,336.3333333333333,234.33333333333334,True,1
1436505063,1689059347,random,EVT-0013,2023-08-11,PC_ANTIHYPERTENSIVE,primary care,Midwest,372.6666666666667,214.83333333333334,True,1
1456207657,1377516020,random,EVT-0013,2023-08-11,PC_ANTIHYPERTENSIVE,primary care,Midwest,425.8333333333333,84.33333333333333,True,1
1456299035,1488515010,random,EVT-0013,2023-08-11,PC_ANTIHYPERTENSIVE,primary care,Southeast,218.5,264.5,True,1
1481247389,1635581279,random,EVT-0013,2023-08-11,PC_ANTIHYPERTENSIVE,primary care,Southeast,339.3333333333333,505.8333333333333,True,1
1567742360,1903798589,random,EVT-0013,2023-08-11,PC_ANTIHYPERTENSIVE,primary care,West,131.83333333333334,257.0,True,1
1610820601,1190842652,random,EVT-0013,2023-08-11,PC_ANTIHYPERTENSIVE,primary care,Midwest,258.5,150.16666666666666,True,1
1639269087,1246818524,random,EVT-0013,2023-08-11,PC_ANTIHYPERTENSIVE,primary care,Northeast,184.83333333333334,98.0,True,1
1689916181,1451968915,random,EVT-0013,2023-08-11,PC_ANTIHYPERTENSIVE,primary care,Northeast,366.3333333333333,218.0,True,1
1707435529,1501344612,random,EVT-0013,2023-08-11,PC_ANTIHYPERTENSIVE,primary care,Southeast,308.0,162.83333333333334,True,1
1776723276,1251202242,random,EVT-0013,2023-08-11,PC_ANTIHYPERTENSIVE,primary care,Midwest,362.3333333333333,334.0,True,1
1803233885,1747637738,random,EVT-0013,2023-08-11,PC_ANTIHYPERTENSIVE,primary care,Southeast,236.5,121.83333333333333,True,1
1812815243,1057676243,random,EVT-0013,2023-08-11,PC_ANTIHYPERTENSIVE,primary care,Midwest,475.3333333333333,166.83333333333334,True,1
1123148250,1458345984,random,EVT-0014,2023-09-01,CARD_HF_ARNI,cardiology,Southwest,203.16666666666666,192.66666666666666,True,1
1138208594,1933607412,random,EVT-0014,2023-09-01,CARD_HF_ARNI,cardiology,West,271.8333333333333,175.66666666666666,True,1
1167711153,1302899475,random,EVT-0014,2023-09-01,CARD_HF_ARNI,cardiology,Northeast,209.0,189.0,True,1
1169238601,1742318383,random,EVT-0014,2023-09-01,CARD_HF_ARNI,cardiology,Midwest,236.33333333333334,229.0,True,1
1265952337,1069143851,random,EVT-0014,2023-09-01,CARD_HF_ARNI,cardiology,Northeast,394.6666666666667,289.3333333333333,True,1
1299418347,1541379537,random,EVT-0014,2023-09-01,CARD_HF_ARNI,cardiology,Northeast,301.8333333333333,415.0,True,1
1376656900,1286477181,random,EVT-0014,2023-09-01,CARD_HF_ARNI,cardiology,Southwest,240.5,184.16666666666666,True,1
1475115246,1009179924,random,EVT-0014,2023-09-01,CARD_HF_ARNI,cardiology,Southeast,506.0,282.6666666666667,True,1
1551962891,1990264784,random,EVT-0014,2023-09-01,CARD_HF_ARNI,cardiology,Midwest,85.5,92.33333333333333,True,1
1599978586,1971097054,random,EVT-0014,2023-09-01,CARD_HF_ARNI,cardiology,West,270.8333333333333,216.0,True,1
1670701188,1760628762,random,EVT-0014,2023-09-01,CARD_HF_ARNI,cardiology,Southeast,385.1666666666667,170.5,True,1
1722038985,1871372714,random,EVT-0014,2023-09-01,CARD_HF_ARNI,cardiology,West,189.5,260.0,True,1
1722898792,1200346587,random,EVT-0014,2023-09-01,CARD_HF_ARNI,cardiology,Southeast,284.1666666666667,230.33333333333334,True,1
1787619711,1614978876,random,EVT-0014,2023-09-01,CARD_HF_ARNI,cardiology,Midwest,423.8333333333333,132.66666666666666,True,1
1897723296,1440623548,random,EVT-0014,2023-09-01,CARD_HF_ARNI,cardiology,Northeast,109.83333333333333,163.66666666666666,True,1
1934829601,1443907526,random,EVT-0014,2023-09-01,CARD_HF_ARNI,cardiology,Midwest,280.1666666666667,174.5,True,1
1048976678,1135650855,random,EVT-0015,2023-09-02,PC_ANTIHYPERTENSIVE,primary care,Southeast,334.8333333333333,265.8333333333333,True,1
1084919582,1752727945,random,EVT-0015,2023-09-02,PC_ANTIHYPERTENSIVE,primary care,Southeast,341.1666666666667,174.33333333333334,True,1
1124890801,1762971749,random,EVT-0015,2023-09-02,PC_ANTIHYPERTENSIVE,primary care,Northeast,509.6666666666667,236.16666666666666,True,1
1133130363,1540759788,random,EVT-0015,2023-09-02,PC_ANTIHYPERTENSIVE,primary care,Northeast,297.3333333333333,228.5,True,1
1144669185,1939052563,random,EVT-0015,2023-09-02,PC_ANTIHYPERTENSIVE,primary care,Northeast,609.0,154.66666666666666,True,1
1166368237,1289174306,random,EVT-0015,2023-09-02,PC_ANTIHYPERTENSIVE,primary care,Southwest,207.66666666666666,191.16666666666666,True,1
1169614082,1523498065,random,EVT-0015,2023-09-02,PC_ANTIHYPERTENSIVE,primary care,Midwest,189.33333333333334,262.5,True,1
1170846871,1181854898,random,EVT-0015,2023-09-02,PC_ANTIHYPERTENSIVE,primary care,Southeast,306.8333333333333,288.5,True,1
1200480071,1428222503,random,EVT-0015,2023-09-02,PC_ANTIHYPERTENSIVE,primary care,Northeast,219.5,76.0,True,1
1241711534,1102089657,random,EVT-0015,2023-09-02,PC_ANTIHYPERTENSIVE,primary care,Southeast,146.83333333333334,175.0,True,1
1287287258,1572180861,random,EVT-0015,2023-09-02,PC_ANTIHYPERTENSIVE,primary care,Midwest,319.8333333333333,235.66666666666666,True,1
1335670091,1535820066,random,EVT-0015,2023-09-02,PC_ANTIHYPERTENSIVE,primary care,Midwest,246.66666666666666,442.0,True,1
1385532449,1536278926,random,EVT-0015,2023-09-02,PC_ANTIHYPERTENSIVE,primary care,Southeast,426.1666666666667,529.1666666666666,True,1
1397955463,1084471394,random,EVT-0015,2023-09-02,PC_ANTIHYPERTENSIVE,primary care,Southeast,355.5,243.83333333333334,True,1
1413519731,1190842652,random,EVT-0015,2023-09-02,PC_ANTIHYPERTENSIVE,primary care,Southwest,349.3333333333333,153.66666666666666,True,1
1423152481,1892083019,random,EVT-0015,2023-09-02,PC_ANTIHYPERTENSIVE,primary care,Southeast,417.5,309.1666666666667,True,1
1425340662,1296624285,random,EVT-0015,2023-09-02,PC_ANTIHYPERTENSIVE,primary care,Southwest,350.8333333333333,239.5,True,1
1456299035,1295857761,random,EVT-0015,2023-09-02,PC_ANTIHYPERTENSIVE,primary care,Southeast,222.66666666666666,147.33333333333334,True,1
1481247389,1227780172,random,EVT-0015,2023-09-02,PC_ANTIHYPERTENSIVE,primary care,Southeast,333.1666666666667,818.8333333333334,True,1
1489598965,1181360912,random,EVT-0015,2023-09-02,PC_ANTIHYPERTENSIVE,primary care,Southeast,415.6666666666667,205.0,True,1
1523681389,1080672524,random,EVT-0015,2023-09-02,PC_ANTIHYPERTENSIVE,primary care,Midwest,222.5,349.5,True,1
1526669415,1547660377,random,EVT-0015,2023-09-02,PC_ANTIHYPERTENSIVE,primary care,Southwest,216.16666666666666,165.66666666666666,True,1
1567742360,1812123887,random,EVT-0015,2023-09-02,PC_ANTIHYPERTENSIVE,primary care,West,140.5,346.8333333333333,True,1
1613561947,1002145427,random,EVT-0015,2023-09-02,PC_ANTIHYPERTENSIVE,primary care,Southeast,279.6666666666667,412.8333333333333,True,1
1639269087,1479078465,random,EVT-0015,2023-09-02,PC_ANTIHYPERTENSIVE,primary care,Northeast,191.0,181.66666666666666,True,1
1644815767,1473494189,random,EVT-0015,2023-09-02,PC_ANTIHYPERTENSIVE,primary care,West,351.3333333333333,162.66666666666666,True,1
1747032997,1566888198,random,EVT-0015,2023-09-02,PC_ANTIHYPERTENSIVE,primary care,Northeast,187.66666666666666,198.5,True,1
1747637738,1732527431,random,EVT-0015,2023-09-02,PC_ANTIHYPERTENSIVE,primary care,Midwest,116.33333333333333,293.6666666666667,True,1
1808826295,1908168895,random,EVT-0015,2023-09-02,PC_ANTIHYPERTENSIVE,primary care,Southeast,320.3333333333333,206.16666666666666,True,1
1832506087,1434523506,random,EVT-0015,2023-09-02,PC_ANTIHYPERTENSIVE,primary care,Midwest,572.3333333333334,283.8333333333333,True,1
1848624494,1714021262,random,EVT-0015,2023-09-02,PC_ANTIHYPERTENSIVE,primary care,Midwest,281.0,400.3333333333333,True,1
1922670785,1685524518,random,EVT-0015,2023-09-02,PC_ANTIHYPERTENSIVE,primary care,Southeast,275.5,111.5,True,1
1927430854,1216575070,random,EVT-0015,2023-09-02,PC_ANTIHYPERTENSIVE,primary care,Southeast,515.6666666666666,399.3333333333333,True,1
1955620046,1297280590,random,EVT-0015,2023-09-02,PC_ANTIHYPERTENSIVE,primary care,Southeast,277.1666666666667,293.1666666666667,True,1
1018018261,1428222503,random,EVT-0016,2023-09-02,PC_ANTIHYPERTENSIVE,primary care,Northeast,359.5,76.0,True,1
1084471394,1961509027,random,EVT-0016,2023-09-02,PC_ANTIHYPERTENSIVE,primary care,Northeast,243.83333333333334,143.0,True,1
1094274762,1352216182,random,EVT-0016,2023-09-02,PC_ANTIHYPERTENSIVE,primary care,West,200.5,322.0,True,1
1101185407,1333393084,random,EVT-0016,2023-09-02,PC_ANTIHYPERTENSIVE,primary care,Midwest,522.5,145.33333333333334,True,1
1145899849,1479078465,random,EVT-0016,2023-09-02,PC_ANTIHYPERTENSIVE,primary care,West,344.1666666666667,181.66666666666666,True,1
1180932224,1547660377,random,EVT-0016,2023-09-02,PC_ANTIHYPERTENSIVE,primary care,Southeast,396.0,165.66666666666666,True,1
1189769080,1769352273,random,EVT-0016,2023-09-02,PC_ANTIHYPERTENSIVE,primary care,Northeast,318.3333333333333,342.6666666666667,True,1
1191545544,1804484495,random,EVT-0016,2023-09-02,PC_ANTIHYPERTENSIVE,primary care,Midwest,291.6666666666667,167.5,True,1
1216575070,1842420535,random,EVT-0016,2023-09-02,PC_ANTIHYPERTENSIVE,primary care,Midwest,399.3333333333333,139.83333333333334,True,1
1271463741,1806479196,random,EVT-0016,2023-09-02,PC_ANTIHYPERTENSIVE,primary care,West,149.0,425.0,True,1
1315385710,1473494189,random,EVT-0016,2023-09-02,PC_ANTIHYPERTENSIVE,primary care,Northeast,707.1666666666666,162.66666666666666,True,1
1335670091,1463019459,random,EVT-0016,2023-09-02,PC_ANTIHYPERTENSIVE,primary care,Midwest,246.66666666666666,177.0,True,1
1423152481,1209566128,random,EVT-0016,2023-09-02,PC_ANTIHYPERTENSIVE,primary care,Southeast,417.5,471.0,True,1
1456299035,1429255973,random,EVT-0016,2023-09-02,PC_ANTIHYPERTENSIVE,primary care,Southeast,222.66666666666666,104.16666666666667,True,1
1523498065,1266945785,random,EVT-0016,2023-09-02,PC_ANTIHYPERTENSIVE,primary care,Southeast,262.5,444.0,True,1
1557944620,1566888198,random,EVT-0016,2023-09-02,PC_ANTIHYPERTENSIVE,primary care,Southwest,367.5,198.5,True,1
1567742360,1812123887,random,EVT-0016,2023-09-02,PC_ANTIHYPERTENSIVE,primary care,West,140.5,346.8333333333333,True,1
1592123891,1832506087,random,EVT-0016,2023-09-02,PC_ANTIHYPERTENSIVE,primary care,Northeast,552.5,572.3333333333334,True,1
1644815767,1590869917,random,EVT-0016,2023-09-02,PC_ANTIHYPERTENSIVE,primary care,West,351.3333333333333,201.33333333333334,True,1
1686880901,1240393805,random,EVT-0016,2023-09-02,PC_ANTIHYPERTENSIVE,primary care,West,206.0,150.83333333333334,True,1
1752727945,1621199177,random,EVT-0016,2023-09-02,PC_ANTIHYPERTENSIVE,primary care,West,174.33333333333334,157.0,True,1
1815807585,1219172859,random,EVT-0016,2023-09-02,PC_ANTIHYPERTENSIVE,primary care,Southeast,426.6666666666667,192.0,True,1
1824172013,1316743925,random,EVT-0016,2023-09-02,PC_ANTIHYPERTENSIVE,primary care,Midwest,285.0,494.5,True,1
1844747141,1847794991,random,EVT-0016,2023-09-02,PC_ANTIHYPERTENSIVE,primary care,West,209.5,121.0,True,1
1009179924,1836314447,random,EVT-0017,2023-09-09,METABOLIC_GLP1_INJ,cardiology,West,163.5,102.83333333333333,True,1
1044303869,1326905712,random,EVT-0017,2023-09-09,METABOLIC_GLP1_INJ,oncology,Northeast,249.66666666666666,167.16666666666666,True,1
1048976678,1768225918,random,EVT-0017,2023-09-09,METABOLIC_GLP1_INJ,primary care,Southeast,90.83333333333333,102.16666666666667,True,1
1107038659,1159301823,random,EVT-0017,2023-09-09,METABOLIC_GLP1_INJ,endocrinology,Northeast,125.66666666666667,38.666666666666664,True,1
1117854327,1701585576,random,EVT-0017,2023-09-09,METABOLIC_GLP1_INJ,neurology,West,43.5,116.66666666666667,True,1
1123148250,1081031506,random,EVT-0017,2023-09-09,METABOLIC_GLP1_INJ,cardiology,Southwest,266.1666666666667,118.66666666666667,True,1
1138208594,1416978082,random,EVT-0017,2023-09-09,METABOLIC_GLP1_INJ,cardiology,West,213.33333333333334,131.66666666666666,True,1
1138281740,1960543621,random,EVT-0017,2023-09-09,METABOLIC_GLP1_INJ,primary care,West,176.66666666666666,41.5,True,1
1198262952,1403453024,random,EVT-0017,2023-09-09,METABOLIC_GLP1_INJ,pulmonology,Northeast,79.0,333.8333333333333,True,1
1251567115,1797940958,random,EVT-0017,2023-09-09,METABOLIC_GLP1_INJ,primary care,Midwest,144.5,128.0,True,1
1271463741,1937449878,random,EVT-0017,2023-09-09,METABOLIC_GLP1_INJ,primary care,West,110.33333333333333,46.833333333333336,True,1
1299418347,1364592786,random,EVT-0017,2023-09-09,METABOLIC_GLP1_INJ,cardiology,Northeast,131.5,54.0,True,1
1341556789,1041585906,random,EVT-0017,2023-09-09,METABOLIC_GLP1_INJ,cardiology,West,230.33333333333334,73.16666666666667,True,1
1364458855,1798313247,random,EVT-0017,2023-09-09,METABOLIC_GLP1_INJ,endocrinology,Southeast,107.5,70.5,True,1
1375349903,1453128708,random,EVT-0017,2023-09-09,METABOLIC_GLP1_INJ,endocrinology,West,177.66666666666666,77.16666666666667,True,1
1386514024,1225504491,random,EVT-0017,2023-09-09,METABOLIC_GLP1_INJ,cardiology,West,88.16666666666667,154.66666666666666,True,1
1409867656,1423946593,random,EVT-0017,2023-09-09,METABOLIC_GLP1_INJ,neurology,Northeast,64.66666666666667,188.66666666666666,True,1
1435662964,1878312481,random,EVT-0017,2023-09-09,METABOLIC_GLP1_INJ,endocrinology,West,66.0,88.33333333333333,True,1
1443520683,1352702876,random,EVT-0017,2023-09-09,METABOLIC_GLP1_INJ,cardiology,Midwest,112.83333333333333,77.5,True,1
1478412079,1722502113,random,EVT-0017,2023-09-09,METABOLIC_GLP1_INJ,cardiology,Midwest,137.5,81.66666666666667,True,1
1486849361,1666389063,random,EVT-0017,2023-09-09,METABOLIC_GLP1_INJ,cardiology,West,85.33333333333333,158.0,True,1
1492077734,1031907094,random,EVT-0017,2023-09-09,METABOLIC_GLP1_INJ,cardiology,Midwest,148.83333333333334,72.16666666666667,True,1
1520551320,1168657405,random,EVT-0017,2023-09-09,METABOLIC_GLP1_INJ,rheumatology,Northeast,96.66666666666667,101.0,True,1
1567993435,1939052563,random,EVT-0017,2023-09-09,METABOLIC_GLP1_INJ,neurology,Northeast,101.33333333333333,77.83333333333333,True,1
1598661571,1111217703,random,EVT-0017,2023-09-09,METABOLIC_GLP1_INJ,rheumatology,Northeast,77.66666666666667,130.66666666666666,True,1
1631526641,1149209672,random,EVT-0017,2023-09-09,METABOLIC_GLP1_INJ,cardiology,Southwest,186.16666666666666,107.16666666666667,True,1
1648626962,1806479196,random,EVT-0017,2023-09-09,METABOLIC_GLP1_INJ,pulmonology,Southwest,61.166666666666664,305.3333333333333,True,1
1655321622,1541379537,random,EVT-0017,2023-09-09,METABOLIC_GLP1_INJ,cardiology,Northeast,83.5,142.5,True,1
1657725655,1250474354,random,EVT-0017,2023-09-09,METABOLIC_GLP1_INJ,cardiology,West,117.33333333333333,56.333333333333336,True,1
1683943777,1808677938,random,EVT-0017,2023-09-09,METABOLIC_GLP1_INJ,cardiology,West,209.0,88.33333333333333,True,1
1686880901,1705644676,random,EVT-0017,2023-09-09,METABOLIC_GLP1_INJ,primary care,West,75.16666666666667,75.0,True,1
1707435529,1658483767,random,EVT-0017,2023-09-09,METABOLIC_GLP1_INJ,primary care,Southeast,106.33333333333333,44.166666666666664,True,1
1719186219,1697719783,random,EVT-0017,2023-09-09,METABOLIC_GLP1_INJ,oncology,West,119.5,33.5,True,1
1722038985,1757283357,random,EVT-0017,2023-09-09,METABOLIC_GLP1_INJ,cardiology,West,206.33333333333334,163.83333333333334,True,1
1724092733,1501015600,random,EVT-0017,2023-09-09,METABOLIC_GLP1_INJ,cardiology,Northeast,52.333333333333336,108.0,True,1
1732914373,1852326267,random,EVT-0017,2023-09-09,METABOLIC_GLP1_INJ,cardiology,West,164.66666666666666,111.5,True,1
1760628762,1352216182,random,EVT-0017,2023-09-09,METABOLIC_GLP1_INJ,cardiology,Southwest,140.16666666666666,117.0,True,1
1762664088,1370467684,random,EVT-0017,2023-09-09,METABOLIC_GLP1_INJ,cardiology,Midwest,101.16666666666667,50.833333333333336,True,1
1806103952,1795350721,random,EVT-0017,2023-09-09,METABOLIC_GLP1_INJ,cardiology,West,180.33333333333334,157.5,True,1
1824172013,1742859469,random,EVT-0017,2023-09-09,METABOLIC_GLP1_INJ,primary care,Midwest,528.6666666666666,179.33333333333334,True,1
1841791217,1939526327,random,EVT-0017,2023-09-09,METABOLIC_GLP1_INJ,neurology,Midwest,121.5,77.16666666666667,True,1
1862986803,1596912711,random,EVT-0017,2023-09-09,METABOLIC_GLP1_INJ,primary care,Midwest,257.0,36.166666666666664,True,1
1898803444,1523987174,random,EVT-0017,2023-09-09,METABOLIC_GLP1_INJ,endocrinology,West,152.16666666666666,91.5,True,1
1934829601,1499123879,random,EVT-0017,2023-09-09,METABOLIC_GLP1_INJ,cardiology,Midwest,130.66666666666666,63.333333333333336,True,1
1050705288,1305686507,random,EVT-0018,2023-09-11,ENDO_BASAL_INSULIN,endocrinology,Southeast,623.0,232.33333333333334,True,1
1065091666,1333043895,random,EVT-0018,2023-09-11,ENDO_BASAL_INSULIN,endocrinology,West,189.5,221.0,True,1
1076376403,1935314678,random,EVT-0018,2023-09-11,ENDO_BASAL_INSULIN,endocrinology,Northeast,470.0,254.16666666666666,True,1
1136500869,1805422742,random,EVT-0018,2023-09-11,ENDO_BASAL_INSULIN,endocrinology,Southeast,247.16666666666666,361.1666666666667,True,1
1137408567,1949335115,random,EVT-0018,2023-09-11,ENDO_BASAL_INSULIN,endocrinology,Northeast,414.1666666666667,467.0,True,1
1257723886,1990401386,random,EVT-0018,2023-09-11,ENDO_BASAL_INSULIN,endocrinology,Southwest,441.8333333333333,115.0,True,1
1330156328,1508064668,random,EVT-0018,2023-09-11,ENDO_BASAL_INSULIN,endocrinology,Southwest,199.16666666666666,159.83333333333334,True,1
1361521440,1413202163,random,EVT-0018,2023-09-11,ENDO_BASAL_INSULIN,endocrinology,Midwest,270.0,230.33333333333334,True,1
1364458855,1012264374,random,EVT-0018,2023-09-11,ENDO_BASAL_INSULIN,endocrinology,Southeast,275.5,511.8333333333333,True,1
1497642888,1713444978,random,EVT-0018,2023-09-11,ENDO_BASAL_INSULIN,endocrinology,Northeast,199.83333333333334,271.0,True,1
1666389063,1364592786,random,EVT-0018,2023-09-11,ENDO_BASAL_INSULIN,endocrinology,Midwest,113.83333333333333,114.5,True,1
1706645516,1257768279,random,EVT-0018,2023-09-11,ENDO_BASAL_INSULIN,endocrinology,Southeast,170.33333333333334,183.66666666666666,True,1
1738903891,1768225918,random,EVT-0018,2023-09-11,ENDO_BASAL_INSULIN,endocrinology,Southeast,407.0,321.8333333333333,True,1
1993463169,1061035188,random,EVT-0018,2023-09-11,ENDO_BASAL_INSULIN,endocrinology,West,214.66666666666666,73.0,True,1
1002145427,1479078465,random,EVT-0019,2023-09-11,PC_ANTIHYPERTENSIVE,primary care,Northeast,412.8333333333333,181.66666666666666,True,1
1018018261,1769352273,random,EVT-0019,2023-09-11,PC_ANTIHYPERTENSIVE,primary care,Northeast,359.5,342.6666666666667,True,1
1048976678,1961509027,random,EVT-0019,2023-09-11,PC_ANTIHYPERTENSIVE,primary care,Southeast,334.8333333333333,143.0,True,1
1101185407,1181360912,random,EVT-0019,2023-09-11,PC_ANTIHYPERTENSIVE,primary care,Midwest,522.5,205.0,True,1
1102089657,1773180629,random,EVT-0019,2023-09-11,PC_ANTIHYPERTENSIVE,primary care,Northeast,175.0,110.33333333333333,True,1
1124890801,1209829039,random,EVT-0019,2023-09-11,PC_ANTIHYPERTENSIVE,primary care,Northeast,509.6666666666667,583.0,True,1
1133130363,1590869917,random,EVT-0019,2023-09-11,PC_ANTIHYPERTENSIVE,primary care,Northeast,297.3333333333333,201.33333333333334,True,1
1144669185,1428222503,random,EVT-0019,2023-09-11,PC_ANTIHYPERTENSIVE,primary care,Northeast,609.0,76.0,True,1
1189769080,1352216182,random,EVT-0019,2023-09-11,PC_ANTIHYPERTENSIVE,primary care,Northeast,318.3333333333333,322.0,True,1
1200480071,1849328657,random,EVT-0019,2023-09-11,PC_ANTIHYPERTENSIVE,primary care,Northeast,219.5,248.16666666666666,True,1
1213511599,1219172859,random,EVT-0019,2023-09-11,PC_ANTIHYPERTENSIVE,primary care,Northeast,574.1666666666666,192.0,True,1
1227780172,1689059347,random,EVT-0019,2023-09-11,PC_ANTIHYPERTENSIVE,primary care,Southwest,818.8333333333334,207.83333333333334,True,1
1251567115,1174238463,random,EVT-0019,2023-09-11,PC_ANTIHYPERTENSIVE,primary care,Midwest,214.33333333333334,223.16666666666666,True,1
1264333323,1877046932,random,EVT-0019,2023-09-11,PC_ANTIHYPERTENSIVE,primary care,Northeast,491.3333333333333,397.0,True,1
1271768685,1363342464,random,EVT-0019,2023-09-11,PC_ANTIHYPERTENSIVE,primary care,Midwest,273.1666666666667,377.6666666666667,True,1
1280087226,1947954388,random,EVT-0019,2023-09-11,PC_ANTIHYPERTENSIVE,primary care,Northeast,755.3333333333334,108.0,True,1
1300654963,1356982086,random,EVT-0019,2023-09-11,PC_ANTIHYPERTENSIVE,primary care,Northeast,170.83333333333334,266.8333333333333,True,1
1413519731,1333393084,random,EVT-0019,2023-09-11,PC_ANTIHYPERTENSIVE,primary care,Southwest,349.3333333333333,145.33333333333334,True,1
1418997171,1473494189,random,EVT-0019,2023-09-11,PC_ANTIHYPERTENSIVE,primary care,Northeast,427.0,162.66666666666666,True,1
1425340662,1806479196,random,EVT-0019,2023-09-11,PC_ANTIHYPERTENSIVE,primary care,Southwest,350.8333333333333,425.0,True,1
1484724632,1625192632,random,EVT-0019,2023-09-11,PC_ANTIHYPERTENSIVE,primary care,Northeast,344.8333333333333,121.16666666666667,True,1
1546151204,1762971749,random,EVT-0019,2023-09-11,PC_ANTIHYPERTENSIVE,primary care,Northeast,244.5,236.16666666666666,True,1
1552813903,1036327983,random,EVT-0019,2023-09-11,PC_ANTIHYPERTENSIVE,primary care,Northeast,1349.3333333333333,134.83333333333334,True,1
1592123891,1159833825,random,EVT-0019,2023-09-11,PC_ANTIHYPERTENSIVE,primary care,Northeast,552.5,368.1666666666667,True,1
1595301304,1534502129,random,EVT-0019,2023-09-11,PC_ANTIHYPERTENSIVE,primary care,Southwest,357.5,140.83333333333334,True,1
1621199177,1506356074,random,EVT-0019,2023-09-11,PC_ANTIHYPERTENSIVE,primary care,Southeast,157.0,145.66666666666666,True,1
1639269087,1310164813,random,EVT-0019,2023-09-11,PC_ANTIHYPERTENSIVE,primary care,Northeast,191.0,240.83333333333334,True,1
1644815767,1851932792,random,EVT-0019,2023-09-11,PC_ANTIHYPERTENSIVE,primary care,West,351.3333333333333,179.0,True,1
1689916181,1873780039,random,EVT-0019,2023-09-11,PC_ANTIHYPERTENSIVE,primary care,Northeast,391.0,297.0,True,1
1725623817,1082909627,random,EVT-0019,2023-09-11,PC_ANTIHYPERTENSIVE,primary care,Southwest,474.6666666666667,177.16666666666666,True,1
1808826295,1806707737,random,EVT-0019,2023-09-11,PC_ANTIHYPERTENSIVE,primary care,Southeast,320.3333333333333,125.5,True,1
1903798589,1665478461,random,EVT-0019,2023-09-11,PC_ANTIHYPERTENSIVE,primary care,Southwest,259.1666666666667,365.3333333333333,True,1
1927430854,1223523766,random,EVT-0019,2023-09-11,PC_ANTIHYPERTENSIVE,primary care,Southeast,515.6666666666666,216.5,True,1
1057676243,1851932792,random,EVT-0020,2023-09-12,PC_ANTIHYPERTENSIVE,primary care,Southeast,164.5,179.0,True,1
1060922949,1289174306,random,EVT-0020,2023-09-12,PC_ANTIHYPERTENSIVE,primary care,Northeast,140.0,191.16666666666666,True,1
1101185407,1838439200,random,EVT-0020,2023-09-12,PC_ANTIHYPERTENSIVE,primary care,Midwest,522.5,453.8333333333333,True,1
1133130363,1922185990,random,EVT-0020,2023-09-12,PC_ANTIHYPERTENSIVE,primary care,Northeast,297.3333333333333,70.66666666666667,True,1
1181854898,1209829039,random,EVT-0020,2023-09-12,PC_ANTIHYPERTENSIVE,primary care,Southeast,288.5,583.0,True,1
1251567115,1046736322,random,EVT-0020,2023-09-12,PC_ANTIHYPERTENSIVE,primary care,Midwest,214.33333333333334,231.5,True,1
1287287258,1643297637,random,EVT-0020,2023-09-12,PC_ANTIHYPERTENSIVE,primary care,Midwest,319.8333333333333,222.66666666666666,True,1
1296552940,1501344612,random,EVT-0020,2023-09-12,PC_ANTIHYPERTENSIVE,primary care,Northeast,289.6666666666667,153.16666666666666,True,1
1300654963,1769352273,random,EVT-0020,2023-09-12,PC_ANTIHYPERTENSIVE,primary care,Northeast,170.83333333333334,342.6666666666667,True,1
1321405205,1540759788,random,EVT-0020,2023-09-12,PC_ANTIHYPERTENSIVE,primary care,West,161.66666666666666,228.5,True,1
1356982086,1762971749,random,EVT-0020,2023-09-12,PC_ANTIHYPERTENSIVE,primary care,Midwest,266.8333333333333,236.16666666666666,True,1
1451968915,1184426066,random,EVT-0020,2023-09-12,PC_ANTIHYPERTENSIVE,primary care,Midwest,210.5,158.5,True,1
1456207657,1224230882,random,EVT-0020,2023-09-12,PC_ANTIHYPERTENSIVE,primary care,Midwest,446.3333333333333,203.16666666666666,True,1
1456299035,1905395731,random,EVT-0020,2023-09-12,PC_ANTIHYPERTENSIVE,primary care,Southeast,222.66666666666666,60.166666666666664,True,1
1523681389,1812123887,random,EVT-0020,2023-09-12,PC_ANTIHYPERTENSIVE,primary care,Midwest,222.5,346.8333333333333,True,1
1536278926,1099946885,random,EVT-0020,2023-09-12,PC_ANTIHYPERTENSIVE,primary care,West,529.1666666666666,188.33333333333334,True,1
1566888198,1251202242,random,EVT-0020,2023-09-12,PC_ANTIHYPERTENSIVE,primary care,Midwest,198.5,316.8333333333333,True,1
1644815767,1714021262,random,EVT-0020,2023-09-12,PC_ANTIHYPERTENSIVE,primary care,West,351.3333333333333,400.3333333333333,True,1
1747032997,1488515010,random,EVT-0020,2023-09-12,PC_ANTIHYPERTENSIVE,primary care,Northeast,187.66666666666666,258.3333333333333,True,1
1776723276,1721479586,random,EVT-0020,2023-09-12,PC_ANTIHYPERTENSIVE,primary care,Midwest,379.0,322.3333333333333,True,1
1815807585,1572180861,random,EVT-0020,2023-09-12,PC_ANTIHYPERTENSIVE,primary care,Southeast,426.6666666666667,235.66666666666666,True,1
1832506087,1512866082,random,EVT-0020,2023-09-12,PC_ANTIHYPERTENSIVE,primary care,Midwest,572.3333333333334,239.83333333333334,True,1
1844747141,1547660377,random,EVT-0020,2023-09-12,PC_ANTIHYPERTENSIVE,primary care,West,209.5,165.66666666666666,True,1
1849328657,1615059528,random,EVT-0020,2023-09-12,PC_ANTIHYPERTENSIVE,primary care,Midwest,248.16666666666666,238.0,True,1
1924355757,1393729789,random,EVT-0020,2023-09-12,PC_ANTIHYPERTENSIVE,primary care,Southwest,297.8333333333333,691.3333333333334,True,1
1009179924,1232787030,random,EVT-0021,2023-09-13,METABOLIC_GLP1_INJ,cardiology,West,163.5,65.16666666666667,True,1
1169614082,1199976907,random,EVT-0021,2023-09-13,METABOLIC_GLP1_INJ,primary care,Midwest,135.33333333333334,232.33333333333334,True,1
1202669523,1404995171,random,EVT-0021,2023-09-13,METABOLIC_GLP1_INJ,cardiology,Midwest,226.33333333333334,84.33333333333333,True,1
1204261733,1836939912,random,EVT-0021,2023-09-13,METABOLIC_GLP1_INJ,neurology,Southeast,195.16666666666666,100.33333333333333,True,1
1243754490,1143739674,random,EVT-0021,2023-09-13,METABOLIC_GLP1_INJ,neurology,Northeast,130.83333333333334,104.66666666666667,True,1
1287287258,1566276774,random,EVT-0021,2023-09-13,METABOLIC_GLP1_INJ,primary care,Midwest,305.1666666666667,246.83333333333334,True,1
1341556789,1614978876,random,EVT-0021,2023-09-13,METABOLIC_GLP1_INJ,cardiology,West,230.33333333333334,54.166666666666664,True,1
1398789739,1981504099,random,EVT-0021,2023-09-13,METABOLIC_GLP1_INJ,neurology,Northeast,73.16666666666667,52.833333333333336,True,1
1413495239,1901417067,random,EVT-0021,2023-09-13,METABOLIC_GLP1_INJ,neurology,Southeast,191.66666666666666,129.66666666666666,True,1
1492077734,1156551297,random,EVT-0021,2023-09-13,METABOLIC_GLP1_INJ,cardiology,Midwest,148.83333333333334,42.5,True,1
1523987174,1755292830,random,EVT-0021,2023-09-13,METABOLIC_GLP1_INJ,neurology,West,91.5,50.5,True,1
1536278926,1897395806,random,EVT-0021,2023-09-13,METABOLIC_GLP1_INJ,primary care,West,116.83333333333333,73.5,True,1
1596580633,1501563039,random,EVT-0021,2023-09-13,METABOLIC_GLP1_INJ,primary care,West,92.33333333333333,64.16666666666667,True,1
1645233598,1838576308,random,EVT-0021,2023-09-13,METABOLIC_GLP1_INJ,endocrinology,Northeast,281.6666666666667,183.0,True,1
1670560261,1616115113,random,EVT-0021,2023-09-13,METABOLIC_GLP1_INJ,primary care,Southwest,145.5,35.833333333333336,True,1
1704492101,1271711891,random,EVT-0021,2023-09-13,METABOLIC_GLP1_INJ,oncology,Southeast,136.16666666666666,28.833333333333332,True,1
1841791217,1251154013,random,EVT-0021,2023-09-13,METABOLIC_GLP1_INJ,neurology,Midwest,121.5,38.666666666666664,True,1
1425340662,1804484495,random,EVT-0020,2023-09-12,PC_ANTIHYPERTENSIVE,primary care,Southwest,350.8333333333333,167.5,True,1
1025978341,1352702876,random,EVT-0022,2023-09-19,CV_ANTICOAG_ORAL,endocrinology,Northeast,349.5,84.5,True,1
1058647219,1739517849,random,EVT-0022,2023-09-19,CV_ANTICOAG_ORAL,pulmonology,Northeast,194.0,86.0,True,1
1098995024,1308498975,random,EVT-0022,2023-09-19,CV_ANTICOAG_ORAL,primary care,Northeast,245.5,180.83333333333334,True,1
1107038659,1383406257,random,EVT-0022,2023-09-19,CV_ANTICOAG_ORAL,endocrinology,Northeast,145.83333333333334,97.5,True,1
1198262952,1855585794,random,EVT-0022,2023-09-19,CV_ANTICOAG_ORAL,pulmonology,Northeast,181.5,127.5,True,1
1204787067,1468815406,random,EVT-0022,2023-09-19,CV_ANTICOAG_ORAL,neurology,Northeast,62.833333333333336,100.0,True,1
1243754490,1658483767,random,EVT-0022,2023-09-19,CV_ANTICOAG_ORAL,neurology,Northeast,298.1666666666667,58.333333333333336,True,1
1244876920,1425171802,random,EVT-0022,2023-09-19,CV_ANTICOAG_ORAL,neurology,West,55.166666666666664,88.83333333333333,True,1
1263807582,1688976343,random,EVT-0022,2023-09-19,CV_ANTICOAG_ORAL,primary care,Northeast,348.1666666666667,278.5,True,1
1280087226,1335912683,random,EVT-0022,2023-09-19,CV_ANTICOAG_ORAL,primary care,Northeast,294.1666666666667,60.666666666666664,True,1
1309371148,1767249513,random,EVT-0022,2023-09-19,CV_ANTICOAG_ORAL,neurology,Northeast,184.0,271.8333333333333,True,1
1334793308,1933607412,random,EVT-0022,2023-09-19,CV_ANTICOAG_ORAL,neurology,Northeast,99.33333333333333,149.66666666666666,True,1
1455101661,1458345984,random,EVT-0022,2023-09-19,CV_ANTICOAG_ORAL,endocrinology,Southeast,232.16666666666666,135.83333333333334,True,1
1467704312,1614978876,random,EVT-0022,2023-09-19,CV_ANTICOAG_ORAL,neurology,Northeast,258.6666666666667,75.83333333333333,True,1
1486877065,1420113783,random,EVT-0022,2023-09-19,CV_ANTICOAG_ORAL,neurology,Northeast,138.0,79.33333333333333,True,1
1536278926,1095200048,random,EVT-0022,2023-09-19,CV_ANTICOAG_ORAL,primary care,West,104.16666666666667,182.83333333333334,True,1
1548035017,1702446943,random,EVT-0022,2023-09-19,CV_ANTICOAG_ORAL,neurology,Northeast,134.16666666666666,60.333333333333336,True,1
1592062677,1501344612,random,EVT-0022,2023-09-19,CV_ANTICOAG_ORAL,neurology,Southeast,180.33333333333334,89.66666666666667,True,1
1616418756,1610429726,random,EVT-0022,2023-09-19,CV_ANTICOAG_ORAL,neurology,Northeast,184.5,94.0,True,1
1707435529,1134509243,random,EVT-0022,2023-09-19,CV_ANTICOAG_ORAL,primary care,Southeast,139.83333333333334,28.5,True,1
1710163217,1238983617,random,EVT-0022,2023-09-19,CV_ANTICOAG_ORAL,cardiology,Northeast,185.16666666666666,99.5,True,1
1779411515,1178533166,random,EVT-0022,2023-09-19,CV_ANTICOAG_ORAL,endocrinology,Midwest,86.16666666666667,107.66666666666667,True,1
1803233885,1535436392,random,EVT-0022,2023-09-19,CV_ANTICOAG_ORAL,primary care,Southeast,134.16666666666666,30.833333333333332,True,1
1836939912,1404995171,random,EVT-0022,2023-09-19,CV_ANTICOAG_ORAL,neurology,Southeast,74.66666666666667,31.0,True,1
1927430854,1623506957,random,EVT-0022,2023-09-19,CV_ANTICOAG_ORAL,primary care,Southeast,249.5,97.16666666666667,True,1
1964945871,1968209027,random,EVT-0022,2023-09-19,CV_ANTICOAG_ORAL,endocrinology,Northeast,193.0,150.33333333333334,True,1
1050705288,1508064668,random,EVT-0023,2023-09-20,ENDO_BASAL_INSULIN,endocrinology,Southeast,623.0,159.83333333333334,True,1
1136500869,1568842342,random,EVT-0023,2023-09-20,ENDO_BASAL_INSULIN,endocrinology,Southeast,247.16666666666666,178.0,True,1
1172835138,1095200048,random,EVT-0023,2023-09-20,ENDO_BASAL_INSULIN,endocrinology,Southwest,345.0,93.16666666666667,True,1
1249657408,1999506508,random,EVT-0023,2023-09-20,ENDO_BASAL_INSULIN,endocrinology,Northeast,258.1666666666667,200.83333333333334,True,1
1506746308,1297391371,random,EVT-0023,2023-09-20,ENDO_BASAL_INSULIN,endocrinology,West,149.0,159.16666666666666,True,1
1666389063,1223528765,random,EVT-0023,2023-09-20,ENDO_BASAL_INSULIN,endocrinology,Midwest,113.83333333333333,139.83333333333334,True,1
1713444978,1736538384,random,EVT-0023,2023-09-20,ENDO_BASAL_INSULIN,endocrinology,Midwest,271.0,69.83333333333333,True,1
1738903891,1740626134,random,EVT-0023,2023-09-20,ENDO_BASAL_INSULIN,endocrinology,Southeast,407.0,194.83333333333334,True,1
1827318308,1028436479,random,EVT-0023,2023-09-20,ENDO_BASAL_INSULIN,endocrinology,West,192.16666666666666,241.33333333333334,True,1
1836314447,1875708707,random,EVT-0023,2023-09-20,ENDO_BASAL_INSULIN,endocrinology,Southeast,367.5,151.83333333333334,True,1
1964945871,1061035188,random,EVT-0023,2023-09-20,ENDO_BASAL_INSULIN,endocrinology,Northeast,277.6666666666667,73.0,True,1
1995404856,1630629040,random,EVT-0023,2023-09-20,ENDO_BASAL_INSULIN,endocrinology,Northeast,211.0,151.33333333333334,True,1
1137408567,1335601583,random,EVT-0024,2023-09-27,ENDO_BASAL_INSULIN,endocrinology,Northeast,414.1666666666667,136.16666666666666,True,1
1172835138,1012264374,random,EVT-0024,2023-09-27,ENDO_BASAL_INSULIN,endocrinology,Southwest,345.0,511.8333333333333,True,1
1330156328,1081498101,random,EVT-0024,2023-09-27,ENDO_BASAL_INSULIN,endocrinology,Southwest,199.16666666666666,110.33333333333333,True,1
1364458855,1036718538,random,EVT-0024,2023-09-27,ENDO_BASAL_INSULIN,endocrinology,Southeast,275.5,189.66666666666666,True,1
1394609428,1299832539,random,EVT-0024,2023-09-27,ENDO_BASAL_INSULIN,endocrinology,Southwest,524.1666666666666,267.3333333333333,True,1
1541422121,1223528765,random,EVT-0024,2023-09-27,ENDO_BASAL_INSULIN,endocrinology,Southeast,238.0,139.83333333333334,True,1
1645233598,1740626134,random,EVT-0024,2023-09-27,ENDO_BASAL_INSULIN,endocrinology,Northeast,358.8333333333333,194.83333333333334,True,1
1704331150,1456937691,random,EVT-0024,2023-09-27,ENDO_BASAL_INSULIN,endocrinology,West,313.8333333333333,148.33333333333334,True,1
1738903891,1174785596,random,EVT-0024,2023-09-27,ENDO_BASAL_INSULIN,endocrinology,Southeast,407.0,324.5,True,1
1836314447,1005067453,random,EVT-0024,2023-09-27,ENDO_BASAL_INSULIN,endocrinology,Southeast,367.5,182.33333333333334,True,1
1885387740,1881781243,random,EVT-0024,2023-09-27,ENDO_BASAL_INSULIN,endocrinology,Northeast,573.0,93.5,True,1
1910188758,1730655531,random,EVT-0024,2023-09-27,ENDO_BASAL_INSULIN,endocrinology,Southeast,140.16666666666666,351.5,True,1
1939785840,1999506508,random,EVT-0024,2023-09-27,ENDO_BASAL_INSULIN,endocrinology,Southwest,238.5,200.83333333333334,True,1
1993463169,1257768279,random,EVT-0024,2023-09-27,ENDO_BASAL_INSULIN,endocrinology,West,214.66666666666666,183.66666666666666,True,1
1002145427,1174238463,random,EVT-0025,2023-10-08,PC_ANTIHYPERTENSIVE,primary care,Northeast,417.6666666666667,222.5,True,1
1018018261,1389159553,random,EVT-0025,2023-10-08,PC_ANTIHYPERTENSIVE,primary care,Northeast,378.6666666666667,203.66666666666666,True,1
1022312734,1289174306,random,EVT-0025,2023-10-08,PC_ANTIHYPERTENSIVE,primary care,Midwest,171.83333333333334,189.16666666666666,True,1
1065870788,1377516020,random,EVT-0025,2023-10-08,PC_ANTIHYPERTENSIVE,primary care,Southwest,301.1666666666667,82.33333333333333,True,1
1101185407,1251202242,random,EVT-0025,2023-10-08,PC_ANTIHYPERTENSIVE,primary care,Midwest,532.3333333333334,318.6666666666667,True,1
1166368237,1261377760,random,EVT-0025,2023-10-08,PC_ANTIHYPERTENSIVE,primary care,Southwest,221.0,244.5,True,1
1170846871,1892083019,random,EVT-0025,2023-10-08,PC_ANTIHYPERTENSIVE,primary care,Southeast,322.5,315.8333333333333,True,1
1190842652,1804484495,random,EVT-0025,2023-10-08,PC_ANTIHYPERTENSIVE,primary care,Southwest,157.33333333333334,159.0,True,1
1227780172,1381937048,random,EVT-0025,2023-10-08,PC_ANTIHYPERTENSIVE,primary care,Southwest,871.1666666666666,199.16666666666666,True,1
1251567115,1364720148,random,EVT-0025,2023-10-08,PC_ANTIHYPERTENSIVE,primary care,Midwest,226.0,241.33333333333334,True,1
1271768685,1643297637,random,EVT-0025,2023-10-08,PC_ANTIHYPERTENSIVE,primary care,Midwest,290.8333333333333,223.83333333333334,True,1
1279684447,1665478461,random,EVT-0025,2023-10-08,PC_ANTIHYPERTENSIVE,primary care,West,155.66666666666666,382.1666666666667,True,1
1284061300,1947954388,random,EVT-0025,2023-10-08,PC_ANTIHYPERTENSIVE,primary care,West,414.6666666666667,107.66666666666667,True,1
1316743925,1961509027,random,EVT-0025,2023-10-08,PC_ANTIHYPERTENSIVE,primary care,Northeast,495.8333333333333,130.5,True,1
1397955463,1295857761,random,EVT-0025,2023-10-08,PC_ANTIHYPERTENSIVE,primary care,Southeast,376.5,140.5,True,1
1436505063,1134632102,random,EVT-0025,2023-10-08,PC_ANTIHYPERTENSIVE,primary care,Midwest,378.6666666666667,398.6666666666667,True,1
1456207657,1548652282,random,EVT-0025,2023-10-08,PC_ANTIHYPERTENSIVE,primary care,Midwest,466.8333333333333,387.1666666666667,True,1
1456299035,1200096471,random,EVT-0025,2023-10-08,PC_ANTIHYPERTENSIVE,primary care,Southeast,231.0,221.33333333333334,True,1
1523681389,1922185990,random,EVT-0025,2023-10-08,PC_ANTIHYPERTENSIVE,primary care,Midwest,234.66666666666666,69.16666666666667,True,1
1552813903,1997693654,random,EVT-0025,2023-10-08,PC_ANTIHYPERTENSIVE,primary care,Northeast,1370.8333333333333,260.1666666666667,True,1
1657035808,1240393805,random,EVT-0025,2023-10-08,PC_ANTIHYPERTENSIVE,primary care,West,78.66666666666667,151.83333333333334,True,1
1685524518,1233281843,random,EVT-0025,2023-10-08,PC_ANTIHYPERTENSIVE,primary care,Southeast,111.83333333333333,170.0,True,1
1721479586,1333393084,random,EVT-0025,2023-10-08,PC_ANTIHYPERTENSIVE,primary care,West,348.1666666666667,143.0,True,1
1812815243,1689059347,random,EVT-0025,2023-10-08,PC_ANTIHYPERTENSIVE,primary care,Midwest,486.3333333333333,201.83333333333334,True,1
1815807585,1134089733,random,EVT-0025,2023-10-08,PC_ANTIHYPERTENSIVE,primary care,Southeast,453.3333333333333,128.83333333333334,True,1
1862986803,1223523766,random,EVT-0025,2023-10-08,PC_ANTIHYPERTENSIVE,primary care,Midwest,245.16666666666666,222.5,True,1
1922670785,1297280590,random,EVT-0025,2023-10-08,PC_ANTIHYPERTENSIVE,primary care,Southeast,286.3333333333333,285.3333333333333,True,1
1927430854,1082909627,random,EVT-0025,2023-10-08,PC_ANTIHYPERTENSIVE,primary care,Southeast,536.1666666666666,177.0,True,1
1955620046,1512866082,random,EVT-0025,2023-10-08,PC_ANTIHYPERTENSIVE,primary care,Southeast,310.6666666666667,248.83333333333334,True,1
1094274762,1572180861,random,EVT-0026,2023-10-08,PC_ANTIHYPERTENSIVE,primary care,West,205.0,227.66666666666666,True,1
1133130363,1566276774,random,EVT-0026,2023-10-08,PC_ANTIHYPERTENSIVE,primary care,Northeast,298.5,637.1666666666666,True,1
1170846871,1842420535,random,EVT-0026,2023-10-08,PC_ANTIHYPERTENSIVE,primary care,Southeast,322.5,133.5,True,1
1180932224,1181360912,random,EVT-0026,2023-10-08,PC_ANTIHYPERTENSIVE,primary care,Southeast,422.1666666666667,206.33333333333334,True,1
1264333323,1463019459,random,EVT-0026,2023-10-08,PC_ANTIHYPERTENSIVE,primary care,Northeast,500.1666666666667,187.66666666666666,True,1
1266945785,1892083019,random,EVT-0026,2023-10-08,PC_ANTIHYPERTENSIVE,primary care,West,454.1666666666667,315.8333333333333,True,1
1271768685,1762971749,random,EVT-0026,2023-10-08,PC_ANTIHYPERTENSIVE,primary care,Midwest,290.8333333333333,228.33333333333334,True,1
1279684447,1184426066,random,EVT-0026,2023-10-08,PC_ANTIHYPERTENSIVE,primary care,West,155.66666666666666,143.0,True,1
1284061300,1650044724,random,EVT-0026,2023-10-08,PC_ANTIHYPERTENSIVE,primary care,West,414.6666666666667,117.33333333333333,True,1
1315385710,1657035808,random,EVT-0026,2023-10-08,PC_ANTIHYPERTENSIVE,primary care,Northeast,758.3333333333334,78.66666666666667,True,1
1355374483,1635581279,random,EVT-0026,2023-10-08,PC_ANTIHYPERTENSIVE,primary care,West,307.6666666666667,511.6666666666667,True,1
1377426493,1939052563,random,EVT-0026,2023-10-08,PC_ANTIHYPERTENSIVE,primary care,West,223.66666666666666,149.66666666666666,True,1
1397955463,1289174306,random,EVT-0026,2023-10-08,PC_ANTIHYPERTENSIVE,primary care,Southeast,376.5,189.16666666666666,True,1
1413519731,1783823739,random,EVT-0026,2023-10-08,PC_ANTIHYPERTENSIVE,primary care,Southwest,364.8333333333333,566.8333333333334,True,1
1425340662,1506356074,random,EVT-0026,2023-10-08,PC_ANTIHYPERTENSIVE,primary care,Southwest,359.8333333333333,142.66666666666666,True,1
1526669415,1742974847,random,EVT-0026,2023-10-08,PC_ANTIHYPERTENSIVE,primary care,Southwest,220.83333333333334,91.33333333333333,True,1
1536278926,1847794991,random,EVT-0026,2023-10-08,PC_ANTIHYPERTENSIVE,primary care,West,554.5,120.0,True,1
1567742360,1547660377,random,EVT-0026,2023-10-08,PC_ANTIHYPERTENSIVE,primary care,West,144.66666666666666,159.0,True,1
1615059528,1224230882,random,EVT-0026,2023-10-08,PC_ANTIHYPERTENSIVE,primary care,Southeast,239.16666666666666,192.66666666666666,True,1
1644815767,1806707737,random,EVT-0026,2023-10-08,PC_ANTIHYPERTENSIVE,primary care,West,365.5,127.5,True,1
1686880901,1685524518,random,EVT-0026,2023-10-08,PC_ANTIHYPERTENSIVE,primary care,West,221.16666666666666,111.83333333333333,True,1
1725623817,1806479196,random,EVT-0026,2023-10-08,PC_ANTIHYPERTENSIVE,primary care,Southwest,507.8333333333333,436.3333333333333,True,1
1732527431,1200096471,random,EVT-0026,2023-10-08,PC_ANTIHYPERTENSIVE,primary care,Southeast,289.3333333333333,221.33333333333334,True,1
1747032997,1240393805,random,EVT-0026,2023-10-08,PC_ANTIHYPERTENSIVE,primary care,Northeast,208.66666666666666,151.83333333333334,True,1
1803233885,1767508967,random,EVT-0026,2023-10-08,PC_ANTIHYPERTENSIVE,primary care,Southeast,244.5,357.3333333333333,True,1
1815807585,1961509027,random,EVT-0026,2023-10-08,PC_ANTIHYPERTENSIVE,primary care,Southeast,453.3333333333333,130.5,True,1
1832506087,1529045985,random,EVT-0026,2023-10-08,PC_ANTIHYPERTENSIVE,primary care,Midwest,596.8333333333334,154.0,True,1
1924355757,1295857761,random,EVT-0026,2023-10-08,PC_ANTIHYPERTENSIVE,primary care,Southwest,292.3333333333333,140.5,True,1
1955620046,1393729789,random,EVT-0026,2023-10-08,PC_ANTIHYPERTENSIVE,primary care,Southeast,310.6666666666667,695.0,True,1
1228081653,1622391112,random,EVT-0027,2023-10-08,NEURO_MIGRAINE_CGRP,neurology,Southeast,90.33333333333333,84.0,True,1
1243754490,1085110611,random,EVT-0027,2023-10-08,NEURO_MIGRAINE_CGRP,neurology,Northeast,122.33333333333333,95.83333333333333,True,1
1616418756,1712965692,random,EVT-0027,2023-10-08,NEURO_MIGRAINE_CGRP,neurology,Northeast,165.5,282.5,True,1
1636376422,1980975555,random,EVT-0027,2023-10-08,NEURO_MIGRAINE_CGRP,neurology,Southwest,203.83333333333334,197.33333333333334,True,1
1788421810,1824149854,random,EVT-0027,2023-10-08,NEURO_MIGRAINE_CGRP,neurology,Northeast,216.83333333333334,227.83333333333334,True,1
1921646299,1196385359,random,EVT-0027,2023-10-08,NEURO_MIGRAINE_CGRP,neurology,Southwest,377.5,326.0,True,1
1044666919,1971035963,random,EVT-0028,2023-10-08,NEURO_MIGRAINE_CGRP,neurology,Southeast,124.83333333333333,106.0,True,1
1163199601,1448713440,random,EVT-0028,2023-10-08,NEURO_MIGRAINE_CGRP,neurology,Southwest,243.0,186.33333333333334,True,1
1204261733,1968864862,random,EVT-0028,2023-10-08,NEURO_MIGRAINE_CGRP,neurology,Southeast,242.16666666666666,129.33333333333334,True,1
1204787067,1921646299,random,EVT-0028,2023-10-08,NEURO_MIGRAINE_CGRP,neurology,Northeast,166.16666666666666,377.5,True,1
1330017819,1655374878,random,EVT-0028,2023-10-08,NEURO_MIGRAINE_CGRP,neurology,Southwest,309.0,90.5,True,1
1467704312,1510477734,random,EVT-0028,2023-10-08,NEURO_MIGRAINE_CGRP,neurology,Northeast,182.16666666666666,44.166666666666664,True,1
1512844550,1666152792,random,EVT-0028,2023-10-08,NEURO_MIGRAINE_CGRP,neurology,Southwest,231.66666666666666,126.16666666666667,True,1
1636376422,1335912683,random,EVT-0028,2023-10-08,NEURO_MIGRAINE_CGRP,neurology,Southwest,203.83333333333334,278.0,True,1
1824149854,1769764832,random,EVT-0028,2023-10-08,NEURO_MIGRAINE_CGRP,neurology,Southeast,227.83333333333334,208.5,True,1
1011940271,1156754057,random,EVT-0029,2023-10-09,CV_ANTICOAG_ORAL,endocrinology,Northeast,143.5,81.83333333333333,True,1
1107038659,1850313960,random,EVT-0029,2023-10-09,CV_ANTICOAG_ORAL,endocrinology,Northeast,146.5,70.16666666666667,True,1
1124726435,1742859469,random,EVT-0029,2023-10-09,CV_ANTICOAG_ORAL,primary care,Northeast,399.0,186.83333333333334,True,1
1129206672,1128902750,random,EVT-0029,2023-10-09,CV_ANTICOAG_ORAL,pulmonology,Northeast,307.5,81.5,True,1
1133042691,1349076541,random,EVT-0029,2023-10-09,CV_ANTICOAG_ORAL,cardiology,Northeast,160.83333333333334,58.5,True,1
1144669185,1375799982,random,EVT-0029,2023-10-09,CV_ANTICOAG_ORAL,primary care,Northeast,532.0,180.0,True,1
1213511599,1632734848,random,EVT-0029,2023-10-09,CV_ANTICOAG_ORAL,primary care,Northeast,644.3333333333334,79.0,True,1
1257723886,1012264374,random,EVT-0029,2023-10-09,CV_ANTICOAG_ORAL,endocrinology,Southwest,192.66666666666666,267.6666666666667,True,1
1315385710,1547112395,random,EVT-0029,2023-10-09,CV_ANTICOAG_ORAL,primary care,Northeast,379.3333333333333,56.166666666666664,True,1
1324722952,1623506957,random,EVT-0029,2023-10-09,CV_ANTICOAG_ORAL,endocrinology,Northeast,123.16666666666667,95.5,True,1
1326516303,1449048093,random,EVT-0029,2023-10-09,CV_ANTICOAG_ORAL,oncology,Southwest,338.1666666666667,153.33333333333334,True,1
1327009084,1622391112,random,EVT-0029,2023-10-09,CV_ANTICOAG_ORAL,neurology,Southwest,93.83333333333333,61.0,True,1
1330156328,1877986913,random,EVT-0029,2023-10-09,CV_ANTICOAG_ORAL,endocrinology,Southwest,37.333333333333336,104.0,True,1
1398789739,1529045985,random,EVT-0029,2023-10-09,CV_ANTICOAG_ORAL,neurology,Northeast,109.5,147.5,True,1
1425340662,1944636921,random,EVT-0029,2023-10-09,CV_ANTICOAG_ORAL,primary care,Southwest,346.0,104.33333333333333,True,1
1435662964,1331020234,random,EVT-0029,2023-10-09,CV_ANTICOAG_ORAL,endocrinology,West,225.33333333333334,101.5,True,1
1475115246,1759630787,random,EVT-0029,2023-10-09,CV_ANTICOAG_ORAL,cardiology,Southeast,130.0,77.16666666666667,True,1
1523987174,1285347583,random,EVT-0029,2023-10-09,CV_ANTICOAG_ORAL,neurology,West,93.33333333333333,71.83333333333333,True,1
1645233598,1892307210,random,EVT-0029,2023-10-09,CV_ANTICOAG_ORAL,endocrinology,Northeast,377.3333333333333,119.33333333333333,True,1
1648553570,1041494554,random,EVT-0029,2023-10-09,CV_ANTICOAG_ORAL,cardiology,Southwest,538.1666666666666,75.0,True,1
1666389063,1464805419,random,EVT-0029,2023-10-09,CV_ANTICOAG_ORAL,endocrinology,Midwest,118.0,116.16666666666667,True,1
1681501296,1350739367,random,EVT-0029,2023-10-09,CV_ANTICOAG_ORAL,pulmonology,West,133.66666666666666,90.16666666666667,True,1
1689059347,1598998692,random,EVT-0029,2023-10-09,CV_ANTICOAG_ORAL,primary care,Southwest,111.5,124.0,True,1
1702497342,1823835685,random,EVT-0029,2023-10-09,CV_ANTICOAG_ORAL,endocrinology,Southeast,232.5,186.66666666666666,True,1
1710163217,1302899475,random,EVT-0029,2023-10-09,CV_ANTICOAG_ORAL,cardiology,Northeast,186.33333333333334,75.16666666666667,True,1
1738903891,1021834936,random,EVT-0029,2023-10-09,CV_ANTICOAG_ORAL,endocrinology,Southeast,393.0,91.5,True,1
1740626134,1364720148,random,EVT-0029,2023-10-09,CV_ANTICOAG_ORAL,endocrinology,Southwest,214.83333333333334,168.5,True,1
1856406925,1555114069,random,EVT-0029,2023-10-09,CV_ANTICOAG_ORAL,cardiology,Northeast,127.83333333333333,54.666666666666664,True,1
1908168895,1580871600,random,EVT-0029,2023-10-09,CV_ANTICOAG_ORAL,primary care,Southwest,114.0,74.16666666666667,True,1
1910188758,1038582841,random,EVT-0029,2023-10-09,CV_ANTICOAG_ORAL,endocrinology,Southeast,102.66666666666667,68.66666666666667,True,1
1922670785,1766730505,random,EVT-0029,2023-10-09,CV_ANTICOAG_ORAL,primary care,Southeast,339.0,131.83333333333334,True,1
1927430854,1443907526,random,EVT-0029,2023-10-09,CV_ANTICOAG_ORAL,primary care,Southeast,261.5,128.0,True,1
1965727443,1449657976,random,EVT-0029,2023-10-09,CV_ANTICOAG_ORAL,primary care,West,207.16666666666666,23.5,True,1
1967802350,1309748980,random,EVT-0029,2023-10-09,CV_ANTICOAG_ORAL,pulmonology,Midwest,110.66666666666667,48.833333333333336,True,1
1050705288,1518121706,random,EVT-0030,2023-10-10,ENDO_BASAL_INSULIN,endocrinology,Southeast,624.0,206.83333333333334,True,1
1076376403,1730655531,random,EVT-0030,2023-10-10,ENDO_BASAL_INSULIN,endocrinology,Northeast,466.8333333333333,362.8333333333333,True,1
1137408567,1875708707,random,EVT-0030,2023-10-10,ENDO_BASAL_INSULIN,endocrinology,Northeast,419.0,142.33333333333334,True,1
1174145494,1507069536,random,EVT-0030,2023-10-10,ENDO_BASAL_INSULIN,endocrinology,Northeast,307.8333333333333,118.33333333333333,True,1
1237205202,1870612441,random,EVT-0030,2023-10-10,ENDO_BASAL_INSULIN,endocrinology,Northeast,150.66666666666666,215.83333333333334,True,1
1249657408,1895078685,random,EVT-0030,2023-10-10,ENDO_BASAL_INSULIN,endocrinology,Northeast,255.0,302.0,True,1
1305686507,1178533166,random,EVT-0030,2023-10-10,ENDO_BASAL_INSULIN,endocrinology,Southwest,231.83333333333334,124.66666666666667,True,1
1423753536,1617703974,random,EVT-0030,2023-10-10,ENDO_BASAL_INSULIN,endocrinology,Northeast,305.0,207.16666666666666,True,1
1453128708,1449048093,random,EVT-0030,2023-10-10,ENDO_BASAL_INSULIN,endocrinology,Northeast,265.6666666666667,75.0,True,1
1497642888,1100495849,random,EVT-0030,2023-10-10,ENDO_BASAL_INSULIN,endocrinology,Northeast,202.0,358.5,True,1
1645233598,1061035188,random,EVT-0030,2023-10-10,ENDO_BASAL_INSULIN,endocrinology,Northeast,395.5,70.5,True,1
1657025858,1971977354,random,EVT-0030,2023-10-10,ENDO_BASAL_INSULIN,endocrinology,Northeast,400.3333333333333,171.5,True,1
1706645516,1305714580,random,EVT-0030,2023-10-10,ENDO_BASAL_INSULIN,endocrinology,Southeast,168.33333333333334,268.0,True,1
1738903891,1556860702,random,EVT-0030,2023-10-10,ENDO_BASAL_INSULIN,endocrinology,Southeast,414.8333333333333,80.5,True,1
1746046261,1935314678,random,EVT-0030,2023-10-10,ENDO_BASAL_INSULIN,endocrinology,Northeast,170.0,247.33333333333334,True,1
1758794279,1657655308,random,EVT-0030,2023-10-10,ENDO_BASAL_INSULIN,endocrinology,Northeast,351.3333333333333,168.83333333333334,True,1
1803502636,1374898744,random,EVT-0030,2023-10-10,ENDO_BASAL_INSULIN,endocrinology,Northeast,215.16666666666666,147.83333333333334,True,1
1885387740,1551107307,random,EVT-0030,2023-10-10,ENDO_BASAL_INSULIN,endocrinology,Northeast,598.5,309.5,True,1
1949335115,1808677938,random,EVT-0030,2023-10-10,ENDO_BASAL_INSULIN,endocrinology,Southeast,484.3333333333333,132.33333333333334,True,1
1964945871,1234985764,random,EVT-0030,2023-10-10,ENDO_BASAL_INSULIN,endocrinology,Northeast,290.0,210.83333333333334,True,1
1939785840,1149313383,random,EVT-0029,2023-10-09,CV_ANTICOAG_ORAL,endocrinology,Southwest,306.1666666666667,124.83333333333333,True,1
1040239976,1036176265,random,EVT-0031,2023-10-16,CV_ANTICOAG_ORAL,rheumatology,Northeast,119.16666666666667,117.5,True,1
1050705288,1213108081,random,EVT-0031,2023-10-16,CV_ANTICOAG_ORAL,endocrinology,Southeast,500.5,113.0,True,1
1078096579,1900445093,random,EVT-0031,2023-10-16,CV_ANTICOAG_ORAL,cardiology,Midwest,294.6666666666667,50.666666666666664,True,1
1123148250,1632734848,random,EVT-0031,2023-10-16,CV_ANTICOAG_ORAL,cardiology,Southwest,230.66666666666666,79.0,True,1
1133130363,1611952734,random,EVT-0031,2023-10-16,CV_ANTICOAG_ORAL,primary care,Northeast,171.66666666666666,96.83333333333333,True,1
1163199601,1713731663,random,EVT-0031,2023-10-16,CV_ANTICOAG_ORAL,neurology,Southwest,154.83333333333334,350.6666666666667,True,1
1169238601,1087671156,random,EVT-0031,2023-10-16,CV_ANTICOAG_ORAL,cardiology,Midwest,204.16666666666666,53.666666666666664,True,1
1204787067,1330067194,random,EVT-0031,2023-10-16,CV_ANTICOAG_ORAL,neurology,Northeast,66.16666666666667,128.5,True,1
1265952337,1529873311,random,EVT-0031,2023-10-16,CV_ANTICOAG_ORAL,cardiology,Northeast,138.0,72.5,True,1
1280087226,1340455504,random,EVT-0031,2023-10-16,CV_ANTICOAG_ORAL,primary care,Northeast,312.8333333333333,50.333333333333336,True,1
1296552940,1058613039,random,EVT-0031,2023-10-16,CV_ANTICOAG_ORAL,primary care,Northeast,57.5,166.33333333333334,True,1
1299418347,1418295824,random,EVT-0031,2023-10-16,CV_ANTICOAG_ORAL,cardiology,Northeast,96.83333333333333,84.66666666666667,True,1
1352578078,1065455036,random,EVT-0031,2023-10-16,CV_ANTICOAG_ORAL,pulmonology,Southeast,144.0,148.0,True,1
1393791409,1605645914,random,EVT-0031,2023-10-16,CV_ANTICOAG_ORAL,rheumatology,Midwest,193.0,28.833333333333332,True,1
1443520683,1310164813,random,EVT-0031,2023-10-16,CV_ANTICOAG_ORAL,cardiology,Midwest,179.66666666666666,76.16666666666667,True,1
1481247389,1020833996,random,EVT-0031,2023-10-16,CV_ANTICOAG_ORAL,primary care,Southeast,180.16666666666666,102.0,True,1
1598661571,1642024693,random,EVT-0031,2023-10-16,CV_ANTICOAG_ORAL,rheumatology,Northeast,184.33333333333334,108.83333333333333,True,1
1635476009,1586730040,random,EVT-0031,2023-10-16,CV_ANTICOAG_ORAL,neurology,Northeast,184.16666666666666,48.5,True,1
1645233598,1028050239,random,EVT-0031,2023-10-16,CV_ANTICOAG_ORAL,endocrinology,Northeast,377.3333333333333,102.5,True,1
1648553570,1757283357,random,EVT-0031,2023-10-16,CV_ANTICOAG_ORAL,cardiology,Southwest,538.1666666666666,138.0,True,1
1704331150,1746587884,random,EVT-0031,2023-10-16,CV_ANTICOAG_ORAL,endocrinology,West,239.83333333333334,140.5,True,1
1724092733,1411375466,random,EVT-0031,2023-10-16,CV_ANTICOAG_ORAL,cardiology,Northeast,202.5,123.5,True,1
1742859469,1031568581,random,EVT-0031,2023-10-16,CV_ANTICOAG_ORAL,pulmonology,West,186.83333333333334,76.66666666666667,True,1
1760628762,1879804551,random,EVT-0031,2023-10-16,CV_ANTICOAG_ORAL,cardiology,Southwest,89.5,51.166666666666664,True,1
1768225918,1831183839,random,EVT-0031,2023-10-16,CV_ANTICOAG_ORAL,endocrinology,Midwest,167.0,103.66666666666667,True,1
1808310134,1289174306,random,EVT-0031,2023-10-16,CV_ANTICOAG_ORAL,rheumatology,Southwest,228.83333333333334,190.83333333333334,True,1
1824172013,1895078685,random,EVT-0031,2023-10-16,CV_ANTICOAG_ORAL,primary care,Midwest,236.5,351.8333333333333,True,1
1856406925,1111217703,random,EVT-0031,2023-10-16,CV_ANTICOAG_ORAL,cardiology,Northeast,127.83333333333333,174.0,True,1
1885189138,1640263392,random,EVT-0031,2023-10-16,CV_ANTICOAG_ORAL,cardiology,Northeast,165.16666666666666,138.33333333333334,True,1
1897395806,1666152792,random,EVT-0031,2023-10-16,CV_ANTICOAG_ORAL,cardiology,Northeast,237.66666666666666,49.333333333333336,True,1
1991291398,1458345984,random,EVT-0031,2023-10-16,CV_ANTICOAG_ORAL,rheumatology,Southwest,385.1666666666667,138.5,True,1
1075036339,1417682113,random,EVT-0032,2023-10-16,PULM_ICS_LABA_INH,pulmonology,West,180.66666666666666,57.0,True,1
1139166684,1416644254,random,EVT-0032,2023-10-16,PULM_ICS_LABA_INH,pulmonology,Midwest,223.66666666666666,119.0,True,1
1198262952,1809220084,random,EVT-0032,2023-10-16,PULM_ICS_LABA_INH,pulmonology,Northeast,551.3333333333334,123.66666666666667,True,1
1229022169,1736829924,random,EVT-0032,2023-10-16,PULM_ICS_LABA_INH,pulmonology,West,135.33333333333334,205.33333333333334,True,1
1533003293,1340455504,random,EVT-0032,2023-10-16,PULM_ICS_LABA_INH,pulmonology,Midwest,232.83333333333334,121.66666666666667,True,1
1655727265,1976707814,random,EVT-0032,2023-10-16,PULM_ICS_LABA_INH,pulmonology,Northeast,381.3333333333333,154.0,True,1
1681501296,1797940958,random,EVT-0032,2023-10-16,PULM_ICS_LABA_INH,pulmonology,West,97.0,73.33333333333333,True,1
1704308638,1407459696,random,EVT-0032,2023-10-16,PULM_ICS_LABA_INH,pulmonology,Southeast,395.0,123.66666666666667,True,1
1710487228,1588179048,random,EVT-0032,2023-10-16,PULM_ICS_LABA_INH,pulmonology,Midwest,105.5,179.66666666666666,True,1
1854852153,1374281198,random,EVT-0032,2023-10-16,PULM_ICS_LABA_INH,pulmonology,Southwest,176.5,133.83333333333334,True,1
1889776344,1546273719,random,EVT-0032,2023-10-16,PULM_ICS_LABA_INH,pulmonology,Northeast,193.0,185.83333333333334,True,1
1025231352,1741672111,random,EVT-0033,2023-10-20,METABOLIC_GLP1_INJ,rheumatology,Northeast,301.6666666666667,69.33333333333333,True,1
1044666919,1922102391,random,EVT-0033,2023-10-20,METABOLIC_GLP1_INJ,neurology,Southeast,221.33333333333334,87.16666666666667,True,1
1050705288,1838439200,random,EVT-0033,2023-10-20,METABOLIC_GLP1_INJ,endocrinology,Southeast,134.16666666666666,163.66666666666666,True,1
1098995024,1056679651,random,EVT-0033,2023-10-20,METABOLIC_GLP1_INJ,primary care,Northeast,100.16666666666667,78.16666666666667,True,1
1198262952,1085047243,random,EVT-0033,2023-10-20,METABOLIC_GLP1_INJ,pulmonology,Northeast,81.0,49.166666666666664,True,1
1202669523,1788668972,random,EVT-0033,2023-10-20,METABOLIC_GLP1_INJ,cardiology,Midwest,234.16666666666666,84.5,True,1
1243754490,1199423090,random,EVT-0033,2023-10-20,METABOLIC_GLP1_INJ,neurology,Northeast,125.0,43.833333333333336,True,1
1274985831,1357524945,random,EVT-0033,2023-10-20,METABOLIC_GLP1_INJ,rheumatology,Southwest,155.16666666666666,190.5,True,1
1300654963,1731313338,random,EVT-0033,2023-10-20,METABOLIC_GLP1_INJ,primary care,Northeast,255.66666666666666,47.166666666666664,True,1
1309371148,1873780039,random,EVT-0033,2023-10-20,METABOLIC_GLP1_INJ,neurology,Northeast,83.16666666666667,216.5,True,1
1330156328,1191540602,random,EVT-0033,2023-10-20,METABOLIC_GLP1_INJ,endocrinology,Southwest,172.66666666666666,138.33333333333334,True,1
1341556789,1332504376,random,EVT-0033,2023-10-20,METABOLIC_GLP1_INJ,cardiology,West,252.16666666666666,111.83333333333333,True,1
1394609428,1306006622,random,EVT-0033,2023-10-20,METABOLIC_GLP1_INJ,endocrinology,Southwest,290.5,83.66666666666667,True,1
1418997171,1205576824,random,EVT-0033,2023-10-20,METABOLIC_GLP1_INJ,primary care,Northeast,269.3333333333333,124.33333333333333,True,1
1494868502,1349076541,random,EVT-0033,2023-10-20,METABOLIC_GLP1_INJ,cardiology,Southeast,59.5,29.833333333333332,True,1
1546151204,1901417067,random,EVT-0033,2023-10-20,METABOLIC_GLP1_INJ,primary care,Northeast,197.66666666666666,120.66666666666667,True,1
1552813903,1036327983,random,EVT-0033,2023-10-20,METABOLIC_GLP1_INJ,primary care,Northeast,127.0,41.5,True,1
1561159348,1041585906,random,EVT-0033,2023-10-20,METABOLIC_GLP1_INJ,neurology,Northeast,235.83333333333334,69.83333333333333,True,1
1583696442,1752055289,random,EVT-0033,2023-10-20,METABOLIC_GLP1_INJ,endocrinology,West,114.16666666666667,30.666666666666668,True,1
1598661571,1168657405,random,EVT-0033,2023-10-20,METABOLIC_GLP1_INJ,rheumatology,Northeast,79.16666666666667,96.16666666666667,True,1
1599989245,1705644676,random,EVT-0033,2023-10-20,METABOLIC_GLP1_INJ,oncology,Northeast,65.16666666666667,71.0,True,1
1610177150,1767249513,random,EVT-0033,2023-10-20,METABOLIC_GLP1_INJ,cardiology,Southeast,138.5,32.333333333333336,True,1
1636376422,1769234364,random,EVT-0033,2023-10-20,METABOLIC_GLP1_INJ,neurology,Southwest,202.33333333333334,142.66666666666666,True,1
1647196991,1028050239,random,EVT-0033,2023-10-20,METABOLIC_GLP1_INJ,rheumatology,Southeast,296.0,91.66666666666667,True,1
1655727265,1801662945,random,EVT-0033,2023-10-20,METABOLIC_GLP1_INJ,pulmonology,Northeast,77.83333333333333,73.83333333333333,True,1
1745601371,1798488478,random,EVT-0033,2023-10-20,METABOLIC_GLP1_INJ,cardiology,Midwest,103.33333333333333,113.66666666666667,True,1
1768831921,1065455036,random,EVT-0033,2023-10-20,METABOLIC_GLP1_INJ,rheumatology,Northeast,227.5,60.833333333333336,True,1
1808310134,1765233105,random,EVT-0033,2023-10-20,METABOLIC_GLP1_INJ,rheumatology,Southwest,322.3333333333333,130.5,True,1
1841791217,1231453428,random,EVT-0033,2023-10-20,METABOLIC_GLP1_INJ,neurology,Midwest,124.33333333333333,74.5,True,1
1944079924,1041640354,random,EVT-0033,2023-10-20,METABOLIC_GLP1_INJ,rheumatology,Southeast,99.16666666666667,80.33333333333333,True,1
1991291398,1464805419,random,EVT-0033,2023-10-20,METABOLIC_GLP1_INJ,rheumatology,Southwest,148.5,163.0,True,1
1022312734,1473494189,random,EVT-0034,2023-10-23,PC_ANTIHYPERTENSIVE,primary care,Midwest,171.83333333333334,168.66666666666666,True,1
1060922949,1847794991,random,EVT-0034,2023-10-23,PC_ANTIHYPERTENSIVE,primary care,Northeast,140.83333333333334,120.0,True,1
1084471394,1812123887,random,EVT-0034,2023-10-23,PC_ANTIHYPERTENSIVE,primary care,Northeast,258.0,347.5,True,1
1180932224,1310164813,random,EVT-0034,2023-10-23,PC_ANTIHYPERTENSIVE,primary care,Southeast,422.1666666666667,225.0,True,1
1190842652,1783823739,random,EVT-0034,2023-10-23,PC_ANTIHYPERTENSIVE,primary care,Southwest,157.33333333333334,566.8333333333334,True,1
1263807582,1223523766,random,EVT-0034,2023-10-23,PC_ANTIHYPERTENSIVE,primary care,Northeast,597.3333333333334,222.5,True,1
1280087226,1381937048,random,EVT-0034,2023-10-23,PC_ANTIHYPERTENSIVE,primary care,Northeast,778.5,199.16666666666666,True,1
1315385710,1501344612,random,EVT-0034,2023-10-23,PC_ANTIHYPERTENSIVE,primary care,Northeast,758.3333333333334,144.33333333333334,True,1
1355374483,1389159553,random,EVT-0034,2023-10-23,PC_ANTIHYPERTENSIVE,primary care,West,307.6666666666667,203.66666666666666,True,1
1377426493,1566276774,random,EVT-0034,2023-10-23,PC_ANTIHYPERTENSIVE,primary care,West,223.66666666666666,637.1666666666666,True,1
1423152481,1905395731,random,EVT-0034,2023-10-23,PC_ANTIHYPERTENSIVE,primary care,Southeast,420.3333333333333,56.5,True,1
1425340662,1939052563,random,EVT-0034,2023-10-23,PC_ANTIHYPERTENSIVE,primary care,Southwest,359.8333333333333,149.66666666666666,True,1
1425610817,1535820066,random,EVT-0034,2023-10-23,PC_ANTIHYPERTENSIVE,primary care,Southeast,189.0,437.8333333333333,True,1
1455779946,1773180629,random,EVT-0034,2023-10-23,PC_ANTIHYPERTENSIVE,primary care,Southwest,264.6666666666667,117.0,True,1
1456207657,1080672524,random,EVT-0034,2023-10-23,PC_ANTIHYPERTENSIVE,primary care,Midwest,466.8333333333333,352.5,True,1
1488515010,1742974847,random,EVT-0034,2023-10-23,PC_ANTIHYPERTENSIVE,primary care,Midwest,256.0,91.33333333333333,True,1
1546151204,1961509027,random,EVT-0034,2023-10-23,PC_ANTIHYPERTENSIVE,primary care,Northeast,258.3333333333333,130.5,True,1
1567742360,1058325303,random,EVT-0034,2023-10-23,PC_ANTIHYPERTENSIVE,primary care,West,144.66666666666666,283.6666666666667,True,1
1613561947,1209566128,random,EVT-0034,2023-10-23,PC_ANTIHYPERTENSIVE,primary care,Southeast,296.8333333333333,496.3333333333333,True,1
1644815767,1135650855,random,EVT-0034,2023-10-23,PC_ANTIHYPERTENSIVE,primary care,West,365.5,263.8333333333333,True,1
1721479586,1233281843,random,EVT-0034,2023-10-23,PC_ANTIHYPERTENSIVE,primary care,West,348.1666666666667,170.0,True,1
1742579091,1892083019,random,EVT-0034,2023-10-23,PC_ANTIHYPERTENSIVE,primary care,Northeast,788.8333333333334,315.8333333333333,True,1
1752727945,1246818524,random,EVT-0034,2023-10-23,PC_ANTIHYPERTENSIVE,primary care,West,177.33333333333334,96.16666666666667,True,1
1776723276,1297280590,random,EVT-0034,2023-10-23,PC_ANTIHYPERTENSIVE,primary care,Midwest,384.6666666666667,285.3333333333333,True,1
1806707737,1377516020,random,EVT-0034,2023-10-23,PC_ANTIHYPERTENSIVE,primary care,West,127.5,82.33333333333333,True,1
1808826295,1806479196,random,EVT-0034,2023-10-23,PC_ANTIHYPERTENSIVE,primary care,Southeast,332.8333333333333,436.3333333333333,True,1
1824172013,1529045985,random,EVT-0034,2023-10-23,PC_ANTIHYPERTENSIVE,primary care,Midwest,277.6666666666667,154.0,True,1
1903798589,1572180861,random,EVT-0034,2023-10-23,PC_ANTIHYPERTENSIVE,primary care,Southwest,260.3333333333333,227.66666666666666,True,1
1927430854,1333393084,random,EVT-0034,2023-10-23,PC_ANTIHYPERTENSIVE,primary care,Southeast,536.1666666666666,143.0,True,1
1937514325,1665478461,random,EVT-0034,2023-10-23,PC_ANTIHYPERTENSIVE,primary care,West,330.0,382.1666666666667,True,1
1955620046,1762971749,random,EVT-0034,2023-10-23,PC_ANTIHYPERTENSIVE,primary care,Southeast,310.6666666666667,228.33333333333334,True,1
1002145427,1434523506,random,EVT-0035,2023-10-26,PC_ANTIHYPERTENSIVE,primary care,Northeast,417.6666666666667,291.1666666666667,True,1
1018018261,1381937048,random,EVT-0035,2023-10-26,PC_ANTIHYPERTENSIVE,primary care,Northeast,378.6666666666667,199.16666666666666,True,1
1022312734,1310164813,random,EVT-0035,2023-10-26,PC_ANTIHYPERTENSIVE,primary care,Midwest,171.83333333333334,225.0,True,1
1048976678,1847794991,random,EVT-0035,2023-10-26,PC_ANTIHYPERTENSIVE,primary care,Southeast,341.6666666666667,120.0,True,1
1057676243,1961509027,random,EVT-0035,2023-10-26,PC_ANTIHYPERTENSIVE,primary care,Southeast,173.66666666666666,130.5,True,1
1080672524,1769234364,random,EVT-0035,2023-10-26,PC_ANTIHYPERTENSIVE,primary care,Southeast,352.5,221.16666666666666,True,1
1101185407,1997693654,random,EVT-0035,2023-10-26,PC_ANTIHYPERTENSIVE,primary care,Midwest,532.3333333333334,260.1666666666667,True,1
1133130363,1261377760,random,EVT-0035,2023-10-26,PC_ANTIHYPERTENSIVE,primary care,Northeast,298.5,244.5,True,1
1138281740,1333393084,random,EVT-0035,2023-10-26,PC_ANTIHYPERTENSIVE,primary care,West,198.0,143.0,True,1
1144669185,1209829039,random,EVT-0035,2023-10-26,PC_ANTIHYPERTENSIVE,primary care,Northeast,646.0,577.5,True,1
1145899849,1905395731,random,EVT-0035,2023-10-26,PC_ANTIHYPERTENSIVE,primary care,West,345.8333333333333,56.5,True,1
1159833825,1166978878,random,EVT-0035,2023-10-26,PC_ANTIHYPERTENSIVE,primary care,West,371.3333333333333,91.83333333333333,True,1
1166368237,1058325303,random,EVT-0035,2023-10-26,PC_ANTIHYPERTENSIVE,primary care,Southwest,221.0,283.6666666666667,True,1
1180932224,1099946885,random,EVT-0035,2023-10-26,PC_ANTIHYPERTENSIVE,primary care,Southeast,422.1666666666667,188.66666666666666,True,1
1190842652,1174238463,random,EVT-0035,2023-10-26,PC_ANTIHYPERTENSIVE,primary care,Southwest,157.33333333333334,222.5,True,1
1191545544,1650044724,random,EVT-0035,2023-10-26,PC_ANTIHYPERTENSIVE,primary care,Midwest,313.0,117.33333333333333,True,1
1227780172,1246818524,random,EVT-0035,2023-10-26,PC_ANTIHYPERTENSIVE,primary care,Southwest,871.1666666666666,96.16666666666667,True,1
1263807582,1877046932,random,EVT-0035,2023-10-26,PC_ANTIHYPERTENSIVE,primary care,Northeast,597.3333333333334,399.1666666666667,True,1
1297280590,1295857761,random,EVT-0035,2023-10-26,PC_ANTIHYPERTENSIVE,primary care,Midwest,285.3333333333333,140.5,True,1
1316743925,1200096471,random,EVT-0035,2023-10-26,PC_ANTIHYPERTENSIVE,primary care,Northeast,495.8333333333333,221.33333333333334,True,1
1413519731,1233281843,random,EVT-0035,2023-10-26,PC_ANTIHYPERTENSIVE,primary care,Southwest,364.8333333333333,170.0,True,1
1418997171,1463019459,random,EVT-0035,2023-10-26,PC_ANTIHYPERTENSIVE,primary care,Northeast,441.5,187.66666666666666,True,1
1436505063,1804484495,random,EVT-0035,2023-10-26,PC_ANTIHYPERTENSIVE,primary care,Midwest,378.6666666666667,159.0,True,1
1456207657,1947954388,random,EVT-0035,2023-10-26,PC_ANTIHYPERTENSIVE,primary care,Midwest,466.8333333333333,107.66666666666667,True,1
1484724632,1812123887,random,EVT-0035,2023-10-26,PC_ANTIHYPERTENSIVE,primary care,Northeast,353.1666666666667,347.5,True,1
1511022174,1762971749,random,EVT-0035,2023-10-26,PC_ANTIHYPERTENSIVE,primary care,Midwest,279.5,228.33333333333334,True,1
1523681389,1849988823,random,EVT-0035,2023-10-26,PC_ANTIHYPERTENSIVE,primary care,Midwest,234.66666666666666,57.833333333333336,True,1
1535820066,1251202242,random,EVT-0035,2023-10-26,PC_ANTIHYPERTENSIVE,primary care,West,437.8333333333333,318.6666666666667,True,1
1592123891,1223523766,random,EVT-0035,2023-10-26,PC_ANTIHYPERTENSIVE,primary care,Northeast,563.1666666666666,222.5,True,1
1613561947,1473494189,random,EVT-0035,2023-10-26,PC_ANTIHYPERTENSIVE,primary care,Southeast,296.8333333333333,168.66666666666666,True,1
1639269087,1429255973,random,EVT-0035,2023-10-26,PC_ANTIHYPERTENSIVE,primary care,Northeast,187.83333333333334,103.33333333333333,True,1
1806479196,1363342464,random,EVT-0035,2023-10-26,PC_ANTIHYPERTENSIVE,primary care,Southwest,436.3333333333333,407.8333333333333,True,1
1812815243,1101142523,random,EVT-0035,2023-10-26,PC_ANTIHYPERTENSIVE,primary care,Midwest,486.3333333333333,97.16666666666667,True,1
1832506087,1046736322,random,EVT-0035,2023-10-26,PC_ANTIHYPERTENSIVE,primary care,Midwest,596.8333333333334,212.5,True,1
1848624494,1479078465,random,EVT-0035,2023-10-26,PC_ANTIHYPERTENSIVE,primary care,Midwest,290.6666666666667,178.0,True,1
1862986803,1364720148,random,EVT-0035,2023-10-26,PC_ANTIHYPERTENSIVE,primary care,Midwest,245.16666666666666,241.33333333333334,True,1
1908168895,1635581279,random,EVT-0035,2023-10-26,PC_ANTIHYPERTENSIVE,primary care,Southwest,209.66666666666666,511.6666666666667,True,1
1922670785,1501344612,random,EVT-0035,2023-10-26,PC_ANTIHYPERTENSIVE,primary care,Southeast,286.3333333333333,144.33333333333334,True,1
1937514325,1643297637,random,EVT-0035,2023-10-26,PC_ANTIHYPERTENSIVE,primary care,West,330.0,223.83333333333334,True,1
1002145427,1333393084,random,EVT-0036,2023-10-28,PC_ANTIHYPERTENSIVE,primary care,Northeast,417.6666666666667,143.0,True,1
1018018261,1838439200,random,EVT-0036,2023-10-28,PC_ANTIHYPERTENSIVE,primary care,Northeast,378.6666666666667,459.1666666666667,True,1
1065870788,1135650855,random,EVT-0036,2023-10-28,PC_ANTIHYPERTENSIVE,primary care,Southwest,301.1666666666667,263.8333333333333,True,1
1133130363,1082909627,random,EVT-0036,2023-10-28,PC_ANTIHYPERTENSIVE,primary care,Northeast,298.5,177.0,True,1
1180932224,1804484495,random,EVT-0036,2023-10-28,PC_ANTIHYPERTENSIVE,primary care,Southeast,422.1666666666667,159.0,True,1
1268222167,1251202242,random,EVT-0036,2023-10-28,PC_ANTIHYPERTENSIVE,primary care,Midwest,256.5,318.6666666666667,True,1
1280087226,1512866082,random,EVT-0036,2023-10-28,PC_ANTIHYPERTENSIVE,primary care,Northeast,778.5,248.83333333333334,True,1
1284061300,1428222503,random,EVT-0036,2023-10-28,PC_ANTIHYPERTENSIVE,primary care,West,414.6666666666667,75.16666666666667,True,1
1385532449,1922185990,random,EVT-0036,2023-10-28,PC_ANTIHYPERTENSIVE,primary care,Southeast,425.6666666666667,69.16666666666667,True,1
1397955463,1773180629,random,EVT-0036,2023-10-28,PC_ANTIHYPERTENSIVE,primary care,Southeast,376.5,117.0,True,1
1425610817,1058325303,random,EVT-0036,2023-10-28,PC_ANTIHYPERTENSIVE,primary care,Southeast,189.0,283.6666666666667,True,1
1456207657,1240393805,random,EVT-0036,2023-10-28,PC_ANTIHYPERTENSIVE,primary care,Midwest,466.8333333333333,151.83333333333334,True,1
1456299035,1473494189,random,EVT-0036,2023-10-28,PC_ANTIHYPERTENSIVE,primary care,Southeast,231.0,168.66666666666666,True,1
1484724632,1261377760,random,EVT-0036,2023-10-28,PC_ANTIHYPERTENSIVE,primary care,Northeast,353.1666666666667,244.5,True,1
1489598965,1479078465,random,EVT-0036,2023-10-28,PC_ANTIHYPERTENSIVE,primary care,Southeast,433.0,178.0,True,1
1506356074,1134632102,random,EVT-0036,2023-10-28,PC_ANTIHYPERTENSIVE,primary care,Midwest,142.66666666666666,398.6666666666667,True,1
1535820066,1246818524,random,EVT-0036,2023-10-28,PC_ANTIHYPERTENSIVE,primary care,West,437.8333333333333,96.16666666666667,True,1
1590869917,1534502129,random,EVT-0036,2023-10-28,PC_ANTIHYPERTENSIVE,primary care,Southwest,208.66666666666666,131.0,True,1
1610820601,1389159553,random,EVT-0036,2023-10-28,PC_ANTIHYPERTENSIVE,primary care,Midwest,263.1666666666667,203.66666666666666,True,1
1615059528,1381937048,random,EVT-0036,2023-10-28,PC_ANTIHYPERTENSIVE,primary care,Southeast,239.16666666666666,199.16666666666666,True,1
1665478461,1762971749,random,EVT-0036,2023-10-28,PC_ANTIHYPERTENSIVE,primary care,Northeast,382.1666666666667,228.33333333333334,True,1
1707435529,1540759788,random,EVT-0036,2023-10-28,PC_ANTIHYPERTENSIVE,primary care,Southeast,319.1666666666667,218.33333333333334,True,1
1732527431,1295857761,random,EVT-0036,2023-10-28,PC_ANTIHYPERTENSIVE,primary care,Southeast,289.3333333333333,140.5,True,1
1747032997,1714021262,random,EVT-0036,2023-10-28,PC_ANTIHYPERTENSIVE,primary care,Northeast,208.66666666666666,408.5,True,1
1808826295,1101142523,random,EVT-0036,2023-10-28,PC_ANTIHYPERTENSIVE,primary care,Southeast,332.8333333333333,97.16666666666667,True,1
1812815243,1501344612,random,EVT-0036,2023-10-28,PC_ANTIHYPERTENSIVE,primary care,Midwest,486.3333333333333,144.33333333333334,True,1
1815807585,1224230882,random,EVT-0036,2023-10-28,PC_ANTIHYPERTENSIVE,primary care,Southeast,453.3333333333333,192.66666666666666,True,1
1848624494,1572180861,random,EVT-0036,2023-10-28,PC_ANTIHYPERTENSIVE,primary care,Midwest,290.6666666666667,227.66666666666666,True,1
1922670785,1377516020,random,EVT-0036,2023-10-28,PC_ANTIHYPERTENSIVE,primary care,Southeast,286.3333333333333,82.33333333333333,True,1
1927430854,1997693654,random,EVT-0036,2023-10-28,PC_ANTIHYPERTENSIVE,primary care,Southeast,536.1666666666666,260.1666666666667,True,1
1139166684,1072999711,random,EVT-0037,2023-10-30,PULM_ICS_LABA_INH,pulmonology,Midwest,223.66666666666666,135.5,True,1
1075036339,1870532862,random,EVT-0037,2023-10-30,PULM_ICS_LABA_INH,pulmonology,West,180.66666666666666,194.83333333333334,True,1
1113023042,1526834563,random,EVT-0037,2023-10-30,PULM_ICS_LABA_INH,pulmonology,West,142.0,209.33333333333334,True,1
1134509243,1895795452,random,EVT-0037,2023-10-30,PULM_ICS_LABA_INH,pulmonology,Northeast,147.66666666666666,102.33333333333333,True,1
1229022169,1875967568,random,EVT-0037,2023-10-30,PULM_ICS_LABA_INH,pulmonology,West,135.33333333333334,291.1666666666667,True,1
1238983617,1502571429,random,EVT-0037,2023-10-30,PULM_ICS_LABA_INH,pulmonology,Southeast,617.3333333333334,171.0,True,1
1533003293,1341720393,random,EVT-0037,2023-10-30,PULM_ICS_LABA_INH,pulmonology,Midwest,232.83333333333334,186.0,True,1
1547244776,1081238747,random,EVT-0037,2023-10-30,PULM_ICS_LABA_INH,pulmonology,Northeast,142.66666666666666,282.3333333333333,True,1
1626268928,1588179048,random,EVT-0037,2023-10-30,PULM_ICS_LABA_INH,pulmonology,West,321.0,179.66666666666666,True,1
1696606064,1330067194,random,EVT-0037,2023-10-30,PULM_ICS_LABA_INH,pulmonology,West,145.66666666666666,318.8333333333333,True,1
1704308638,1179994367,random,EVT-0037,2023-10-30,PULM_ICS_LABA_INH,pulmonology,Southeast,395.0,280.0,True,1
1710487228,1546273719,random,EVT-0037,2023-10-30,PULM_ICS_LABA_INH,pulmonology,Midwest,105.5,185.83333333333334,True,1
1742859469,1320611266,random,EVT-0037,2023-10-30,PULM_ICS_LABA_INH,pulmonology,West,291.6666666666667,188.16666666666666,True,1
1407931751,1841542198,random,EVT-0038,2023-11-02,ONC_TARGETED_ORAL,oncology,Midwest,130.5,130.5,True,1
1659738110,1913743435,random,EVT-0038,2023-11-02,ONC_TARGETED_ORAL,oncology,Northeast,112.33333333333333,415.6666666666667,True,1
1704492101,1663073843,random,EVT-0038,2023-11-02,ONC_TARGETED_ORAL,oncology,Southeast,188.83333333333334,215.83333333333334,True,1
1737256036,1242598583,random,EVT-0038,2023-11-02,ONC_TARGETED_ORAL,oncology,Midwest,142.16666666666666,252.83333333333334,True,1
1893606271,1954971234,random,EVT-0038,2023-11-02,ONC_TARGETED_ORAL,oncology,Southwest,263.1666666666667,117.66666666666667,True,1
1025231352,1260690478,random,EVT-0039,2023-11-03,METABOLIC_GLP1_INJ,rheumatology,Northeast,308.3333333333333,70.33333333333333,True,1
1025978341,1081031506,random,EVT-0039,2023-11-03,METABOLIC_GLP1_INJ,endocrinology,Northeast,221.33333333333334,119.0,True,1
1031568581,1012264374,random,EVT-0039,2023-11-03,METABOLIC_GLP1_INJ,pulmonology,Southeast,86.5,272.6666666666667,True,1
1159841240,1831183839,random,EVT-0039,2023-11-03,METABOLIC_GLP1_INJ,neurology,Southeast,116.5,105.83333333333333,True,1
1198262952,1755292830,random,EVT-0039,2023-11-03,METABOLIC_GLP1_INJ,pulmonology,Northeast,80.83333333333333,48.666666666666664,True,1
1199976907,1410468163,random,EVT-0039,2023-11-03,METABOLIC_GLP1_INJ,rheumatology,Northeast,226.33333333333334,116.5,True,1
1229022169,1159301823,random,EVT-0039,2023-11-03,METABOLIC_GLP1_INJ,pulmonology,West,230.5,32.666666666666664,True,1
1241711534,1870533357,random,EVT-0039,2023-11-03,METABOLIC_GLP1_INJ,primary care,Southeast,125.66666666666667,82.5,True,1
1246066447,1361620622,random,EVT-0039,2023-11-03,METABOLIC_GLP1_INJ,rheumatology,Southwest,323.5,222.66666666666666,True,1
1274985831,1614978876,random,EVT-0039,2023-11-03,METABOLIC_GLP1_INJ,rheumatology,Southwest,156.66666666666666,56.166666666666664,True,1
1286477181,1547660377,random,EVT-0039,2023-11-03,METABOLIC_GLP1_INJ,cardiology,Midwest,166.33333333333334,192.16666666666666,True,1
1321405205,1457999534,random,EVT-0039,2023-11-03,METABOLIC_GLP1_INJ,primary care,West,26.833333333333332,87.66666666666667,True,1
1341556789,1728890785,random,EVT-0039,2023-11-03,METABOLIC_GLP1_INJ,cardiology,West,264.0,81.16666666666667,True,1
1389159553,1473057747,random,EVT-0039,2023-11-03,METABOLIC_GLP1_INJ,primary care,Southeast,228.5,126.33333333333333,True,1
1435949049,1463019459,random,EVT-0039,2023-11-03,METABOLIC_GLP1_INJ,rheumatology,Northeast,152.5,69.0,True,1
1453128708,1746587884,random,EVT-0039,2023-11-03,METABOLIC_GLP1_INJ,endocrinology,Northeast,80.83333333333333,91.0,True,1
1467704312,1529045985,random,EVT-0039,2023-11-03,METABOLIC_GLP1_INJ,neurology,Northeast,125.5,149.83333333333334,True,1
1523498065,1455529317,random,EVT-0039,2023-11-03,METABOLIC_GLP1_INJ,primary care,Southeast,108.16666666666667,37.166666666666664,True,1
1583696442,1886821390,random,EVT-0039,2023-11-03,METABOLIC_GLP1_INJ,endocrinology,West,118.66666666666667,34.833333333333336,True,1
1590869917,1250113473,random,EVT-0039,2023-11-03,METABOLIC_GLP1_INJ,primary care,Southwest,165.0,102.0,True,1
1595774286,1403453024,random,EVT-0039,2023-11-03,METABOLIC_GLP1_INJ,rheumatology,Midwest,137.16666666666666,360.8333333333333,True,1
1610177150,1477499267,random,EVT-0039,2023-11-03,METABOLIC_GLP1_INJ,cardiology,Southeast,144.33333333333334,75.16666666666667,True,1
1626268928,1606566010,random,EVT-0039,2023-11-03,METABOLIC_GLP1_INJ,pulmonology,West,253.0,101.0,True,1
1648626962,1302899475,random,EVT-0039,2023-11-03,METABOLIC_GLP1_INJ,pulmonology,Southwest,59.0,50.333333333333336,True,1
1685524518,1798313247,random,EVT-0039,2023-11-03,METABOLIC_GLP1_INJ,primary care,Southeast,101.0,64.33333333333333,True,1
1703413967,1021834936,random,EVT-0039,2023-11-03,METABOLIC_GLP1_INJ,endocrinology,West,159.66666666666666,49.5,True,1
1721479586,1697719783,random,EVT-0039,2023-11-03,METABOLIC_GLP1_INJ,primary care,West,126.16666666666667,31.833333333333332,True,1
1738903891,1245433184,random,EVT-0039,2023-11-03,METABOLIC_GLP1_INJ,endocrinology,Southeast,175.16666666666666,136.66666666666666,True,1
1750236147,1204959187,random,EVT-0039,2023-11-03,METABOLIC_GLP1_INJ,cardiology,Southwest,174.83333333333334,118.16666666666667,True,1
1758794279,1823309871,random,EVT-0039,2023-11-03,METABOLIC_GLP1_INJ,endocrinology,Northeast,269.0,106.83333333333333,True,1
1768831921,1154629764,random,EVT-0039,2023-11-03,METABOLIC_GLP1_INJ,rheumatology,Northeast,236.0,32.5,True,1
1806707737,1888770710,random,EVT-0039,2023-11-03,METABOLIC_GLP1_INJ,primary care,West,99.83333333333333,25.666666666666668,True,1
1901019392,1381937048,random,EVT-0039,2023-11-03,METABOLIC_GLP1_INJ,cardiology,West,476.5,112.5,True,1
1944079924,1623506957,random,EVT-0039,2023-11-03,METABOLIC_GLP1_INJ,rheumatology,Southeast,107.83333333333333,90.16666666666667,True,1
1955222058,1874547676,random,EVT-0039,2023-11-03,METABOLIC_GLP1_INJ,cardiology,Southeast,176.83333333333334,41.0,True,1
1094274762,1572180861,random,EVT-0040,2023-11-05,PC_ANTIHYPERTENSIVE,primary care,West,201.83333333333334,215.16666666666666,True,1
1101185407,1223523766,random,EVT-0040,2023-11-05,PC_ANTIHYPERTENSIVE,primary care,Midwest,537.8333333333334,232.66666666666666,True,1
1124890801,1842420535,random,EVT-0040,2023-11-05,PC_ANTIHYPERTENSIVE,primary care,Northeast,527.3333333333334,134.16666666666666,True,1
1200480071,1082909627,random,EVT-0040,2023-11-05,PC_ANTIHYPERTENSIVE,primary care,Northeast,245.83333333333334,173.5,True,1
1227780172,1296624285,random,EVT-0040,2023-11-05,PC_ANTIHYPERTENSIVE,primary care,Southwest,951.1666666666666,229.33333333333334,True,1
1266945785,1434523506,random,EVT-0040,2023-11-05,PC_ANTIHYPERTENSIVE,primary care,West,467.5,290.0,True,1
1271768685,1643297637,random,EVT-0040,2023-11-05,PC_ANTIHYPERTENSIVE,primary care,Midwest,308.6666666666667,231.0,True,1
1284061300,1200096471,random,EVT-0040,2023-11-05,PC_ANTIHYPERTENSIVE,primary care,West,426.3333333333333,218.66666666666666,True,1
1315385710,1548652282,random,EVT-0040,2023-11-05,PC_ANTIHYPERTENSIVE,primary care,Northeast,838.8333333333334,393.3333333333333,True,1
1355374483,1240393805,random,EVT-0040,2023-11-05,PC_ANTIHYPERTENSIVE,primary care,West,307.8333333333333,161.66666666666666,True,1
1377426493,1134632102,random,EVT-0040,2023-11-05,PC_ANTIHYPERTENSIVE,primary care,West,229.83333333333334,399.5,True,1
1385532449,1625192632,random,EVT-0040,2023-11-05,PC_ANTIHYPERTENSIVE,primary care,Southeast,440.8333333333333,116.83333333333333,True,1
1436505063,1428222503,random,EVT-0040,2023-11-05,PC_ANTIHYPERTENSIVE,primary care,Midwest,383.3333333333333,72.16666666666667,True,1
1484724632,1135650855,random,EVT-0040,2023-11-05,PC_ANTIHYPERTENSIVE,primary care,Northeast,350.5,267.5,True,1
1536278926,1473494189,random,EVT-0040,2023-11-05,PC_ANTIHYPERTENSIVE,primary care,West,576.8333333333334,164.5,True,1
1552813903,1184426066,random,EVT-0040,2023-11-05,PC_ANTIHYPERTENSIVE,primary care,Northeast,1384.1666666666667,132.0,True,1
1686880901,1381937048,random,EVT-0040,2023-11-05,PC_ANTIHYPERTENSIVE,primary care,West,222.83333333333334,199.16666666666666,True,1
1689916181,1310164813,random,EVT-0040,2023-11-05,PC_ANTIHYPERTENSIVE,primary care,Northeast,424.3333333333333,214.33333333333334,True,1
1752727945,1233281843,random,EVT-0040,2023-11-05,PC_ANTIHYPERTENSIVE,primary care,West,176.83333333333334,167.33333333333334,True,1
1808826295,1166978878,random,EVT-0040,2023-11-05,PC_ANTIHYPERTENSIVE,primary care,Southeast,360.0,86.16666666666667,True,1
1812815243,1877046932,random,EVT-0040,2023-11-05,PC_ANTIHYPERTENSIVE,primary care,Midwest,492.6666666666667,400.0,True,1
1815807585,1209829039,random,EVT-0040,2023-11-05,PC_ANTIHYPERTENSIVE,primary care,Southeast,480.0,602.3333333333334,True,1
1844747141,1261377760,random,EVT-0040,2023-11-05,PC_ANTIHYPERTENSIVE,primary care,West,233.5,253.5,True,1
1896554999,1714021262,random,EVT-0040,2023-11-05,PC_ANTIHYPERTENSIVE,primary care,West,409.5,415.0,True,1
1927430854,1873780039,random,EVT-0040,2023-11-05,PC_ANTIHYPERTENSIVE,primary care,Southeast,546.8333333333334,289.0,True,1
1937514325,1905395731,random,EVT-0040,2023-11-05,PC_ANTIHYPERTENSIVE,primary care,West,347.3333333333333,53.0,True,1
1955620046,1251202242,random,EVT-0040,2023-11-05,PC_ANTIHYPERTENSIVE,primary care,Southeast,331.6666666666667,331.6666666666667,True,1
1026722938,1507069536,random,EVT-0041,2023-11-10,ENDO_BASAL_INSULIN,endocrinology,Midwest,612.5,116.66666666666667,True,1
1050705288,1156754057,random,EVT-0041,2023-11-10,ENDO_BASAL_INSULIN,endocrinology,Southeast,669.1666666666666,64.33333333333333,True,1
1065091666,1364592786,random,EVT-0041,2023-11-10,ENDO_BASAL_INSULIN,endocrinology,West,195.66666666666666,105.16666666666667,True,1
1219516501,1895078685,random,EVT-0041,2023-11-10,ENDO_BASAL_INSULIN,endocrinology,Midwest,397.1666666666667,305.5,True,1
1324237324,1400951004,random,EVT-0041,2023-11-10,ENDO_BASAL_INSULIN,endocrinology,West,259.1666666666667,331.0,True,1
1330156328,1174785596,random,EVT-0041,2023-11-10,ENDO_BASAL_INSULIN,endocrinology,Southwest,217.83333333333334,316.1666666666667,True,1
1361521440,1707917476,random,EVT-0041,2023-11-10,ENDO_BASAL_INSULIN,endocrinology,Midwest,280.8333333333333,98.33333333333333,True,1
1365873573,1630629040,random,EVT-0041,2023-11-10,ENDO_BASAL_INSULIN,endocrinology,Southwest,258.0,164.16666666666666,True,1
1394609428,1295389203,random,EVT-0041,2023-11-10,ENDO_BASAL_INSULIN,endocrinology,Southwest,521.0,240.16666666666666,True,1
1435662964,1875708707,random,EVT-0041,2023-11-10,ENDO_BASAL_INSULIN,endocrinology,West,192.5,134.66666666666666,True,1
1449048093,1432188427,random,EVT-0041,2023-11-10,ENDO_BASAL_INSULIN,endocrinology,Northeast,74.66666666666667,326.0,True,1
1497642888,1939526327,random,EVT-0041,2023-11-10,ENDO_BASAL_INSULIN,endocrinology,Northeast,202.5,118.33333333333333,True,1
1518121706,1835878442,random,EVT-0041,2023-11-10,ENDO_BASAL_INSULIN,endocrinology,Southeast,203.5,128.83333333333334,True,1
1677860136,1202777359,random,EVT-0041,2023-11-10,ENDO_BASAL_INSULIN,endocrinology,Northeast,279.0,114.16666666666667,True,1
1704331150,1606566010,random,EVT-0041,2023-11-10,ENDO_BASAL_INSULIN,endocrinology,West,324.3333333333333,68.33333333333333,True,1
1706991829,1785926670,random,EVT-0041,2023-11-10,ENDO_BASAL_INSULIN,endocrinology,Midwest,281.1666666666667,192.0,True,1
1746046261,1694658844,random,EVT-0041,2023-11-10,ENDO_BASAL_INSULIN,endocrinology,Northeast,174.83333333333334,331.6666666666667,True,1
1768225918,1605645914,random,EVT-0041,2023-11-10,ENDO_BASAL_INSULIN,endocrinology,Midwest,325.6666666666667,86.16666666666667,True,1
1779411515,1657655308,random,EVT-0041,2023-11-10,ENDO_BASAL_INSULIN,endocrinology,Midwest,296.0,162.0,True,1
1803502636,1971977354,random,EVT-0041,2023-11-10,ENDO_BASAL_INSULIN,endocrinology,Northeast,230.83333333333334,161.5,True,1
1180932224,1580871600,random,EVT-0042,2023-11-12,METABOLIC_GLP1_INJ,primary care,Southeast,182.0,27.0,True,1
1009179924,1974446365,random,EVT-0042,2023-11-12,METABOLIC_GLP1_INJ,cardiology,West,190.16666666666666,37.333333333333336,True,1
1025978341,1765149178,random,EVT-0042,2023-11-12,METABOLIC_GLP1_INJ,endocrinology,Northeast,221.33333333333334,73.83333333333333,True,1
1026722938,1300832031,random,EVT-0042,2023-11-12,METABOLIC_GLP1_INJ,endocrinology,Midwest,339.5,160.5,True,1
1048976678,1892307210,random,EVT-0042,2023-11-12,METABOLIC_GLP1_INJ,primary care,Southeast,106.5,81.66666666666667,True,1
1065455036,1026926489,random,EVT-0042,2023-11-12,METABOLIC_GLP1_INJ,rheumatology,Northeast,63.0,160.33333333333334,True,1
1074076039,1473057747,random,EVT-0042,2023-11-12,METABOLIC_GLP1_INJ,cardiology,Southeast,212.5,126.33333333333333,True,1
1078096579,1057623450,random,EVT-0042,2023-11-12,METABOLIC_GLP1_INJ,cardiology,Midwest,121.0,114.16666666666667,True,1
1107038659,1410468163,random,EVT-0042,2023-11-12,METABOLIC_GLP1_INJ,endocrinology,Northeast,130.0,116.5,True,1
1123148250,1223528765,random,EVT-0042,2023-11-12,METABOLIC_GLP1_INJ,cardiology,Southwest,292.8333333333333,98.66666666666667,True,1
1139166684,1860037419,random,EVT-0042,2023-11-12,METABOLIC_GLP1_INJ,pulmonology,Midwest,119.33333333333333,169.5,True,1
1194203331,1342938887,random,EVT-0042,2023-11-12,METABOLIC_GLP1_INJ,rheumatology,Southeast,293.8333333333333,48.0,True,1
1202669523,1275177768,random,EVT-0042,2023-11-12,METABOLIC_GLP1_INJ,cardiology,Midwest,237.83333333333334,46.833333333333336,True,1
1265952337,1404995171,random,EVT-0042,2023-11-12,METABOLIC_GLP1_INJ,cardiology,Northeast,79.33333333333333,76.5,True,1
1271768685,1715246280,random,EVT-0042,2023-11-12,METABOLIC_GLP1_INJ,primary care,Midwest,225.66666666666666,104.83333333333333,True,1
1286477181,1601451010,random,EVT-0042,2023-11-12,METABOLIC_GLP1_INJ,cardiology,Midwest,166.33333333333334,108.0,True,1
1299418347,1332504376,random,EVT-0042,2023-11-12,METABOLIC_GLP1_INJ,cardiology,Northeast,140.0,114.5,True,1
1341556789,1348428750,random,EVT-0042,2023-11-12,METABOLIC_GLP1_INJ,cardiology,West,264.0,38.5,True,1
1386514024,1450226943,random,EVT-0042,2023-11-12,METABOLIC_GLP1_INJ,cardiology,West,91.5,67.16666666666667,True,1
1394609428,1222151080,random,EVT-0042,2023-11-12,METABOLIC_GLP1_INJ,endocrinology,Southwest,298.3333333333333,148.66666666666666,True,1
1455779946,1624547729,random,EVT-0042,2023-11-12,METABOLIC_GLP1_INJ,primary care,Southwest,127.33333333333333,42.333333333333336,True,1
1475115246,1095874958,random,EVT-0042,2023-11-12,METABOLIC_GLP1_INJ,cardiology,Southeast,136.5,132.83333333333334,True,1
1492077734,1950588461,random,EVT-0042,2023-11-12,METABOLIC_GLP1_INJ,cardiology,Midwest,173.16666666666666,87.5,True,1
1494868502,1111217703,random,EVT-0042,2023-11-12,METABOLIC_GLP1_INJ,cardiology,Southeast,61.166666666666664,132.0,True,1
1533003293,1259584955,random,EVT-0042,2023-11-12,METABOLIC_GLP1_INJ,pulmonology,Midwest,113.33333333333333,118.33333333333333,True,1
1557944620,1507378861,random,EVT-0042,2023-11-12,METABOLIC_GLP1_INJ,primary care,Southwest,147.83333333333334,61.833333333333336,True,1
1595774286,1191540602,random,EVT-0042,2023-11-12,METABOLIC_GLP1_INJ,rheumatology,Midwest,137.16666666666666,137.83333333333334,True,1
1598661571,1841542198,random,EVT-0042,2023-11-12,METABOLIC_GLP1_INJ,rheumatology,Northeast,83.0,122.83333333333333,True,1
1648553570,1260279835,random,EVT-0042,2023-11-12,METABOLIC_GLP1_INJ,cardiology,Southwest,477.3333333333333,78.33333333333333,True,1
1670701188,1468190701,random,EVT-0042,2023-11-12,METABOLIC_GLP1_INJ,cardiology,Southeast,154.16666666666666,43.0,True,1
1683943777,1606566010,random,EVT-0042,2023-11-12,METABOLIC_GLP1_INJ,cardiology,West,233.0,101.0,True,1
1713444978,1695082515,random,EVT-0042,2023-11-12,METABOLIC_GLP1_INJ,endocrinology,Midwest,211.16666666666666,69.83333333333333,True,1
1714986282,1679813331,random,EVT-0042,2023-11-12,METABOLIC_GLP1_INJ,cardiology,West,177.83333333333334,78.33333333333333,True,1
1719186219,1724378447,random,EVT-0042,2023-11-12,METABOLIC_GLP1_INJ,oncology,West,120.5,56.833333333333336,True,1
1727463709,1352333250,random,EVT-0042,2023-11-12,METABOLIC_GLP1_INJ,cardiology,West,61.333333333333336,24.0,True,1
1747637738,1632734848,random,EVT-0042,2023-11-12,METABOLIC_GLP1_INJ,primary care,Midwest,67.16666666666667,114.83333333333333,True,1
1814938340,1425845660,random,EVT-0042,2023-11-12,METABOLIC_GLP1_INJ,cardiology,Southeast,137.83333333333334,35.666666666666664,True,1
1824149854,1416644254,random,EVT-0042,2023-11-12,METABOLIC_GLP1_INJ,neurology,Southeast,110.33333333333333,56.666666666666664,True,1
1840863041,1997693654,random,EVT-0042,2023-11-12,METABOLIC_GLP1_INJ,oncology,Southeast,55.166666666666664,43.166666666666664,True,1
1848624494,1708639657,random,EVT-0042,2023-11-12,METABOLIC_GLP1_INJ,primary care,Midwest,107.0,94.83333333333333,True,1
1880265578,1128902750,random,EVT-0042,2023-11-12,METABOLIC_GLP1_INJ,cardiology,Midwest,107.16666666666667,100.66666666666667,True,1
1880717263,1004478891,random,EVT-0042,2023-11-12,METABOLIC_GLP1_INJ,pulmonology,Northeast,128.83333333333334,34.666666666666664,True,1
1025978341,1736538384,random,EVT-0043,2023-11-12,ENDO_BASAL_INSULIN,endocrinology,Northeast,420.8333333333333,73.5,True,1
1137408567,1432188427,random,EVT-0043,2023-11-12,ENDO_BASAL_INSULIN,endocrinology,Northeast,434.6666666666667,326.0,True,1
1257723886,1299832539,random,EVT-0043,2023-11-12,ENDO_BASAL_INSULIN,endocrinology,Southwest,479.1666666666667,273.6666666666667,True,1
1324722952,1223528765,random,EVT-0043,2023-11-12,ENDO_BASAL_INSULIN,endocrinology,Northeast,231.5,145.33333333333334,True,1
1361521440,1971977354,random,EVT-0043,2023-11-12,ENDO_BASAL_INSULIN,endocrinology,Midwest,280.8333333333333,161.5,True,1
1394609428,1257768279,random,EVT-0043,2023-11-12,ENDO_BASAL_INSULIN,endocrinology,Southwest,521.0,182.16666666666666,True,1
1583696442,1935314678,random,EVT-0043,2023-11-12,ENDO_BASAL_INSULIN,endocrinology,West,209.16666666666666,247.5,True,1
1703413967,1268421124,random,EVT-0043,2023-11-12,ENDO_BASAL_INSULIN,endocrinology,West,226.16666666666666,378.8333333333333,True,1
1704331150,1332504376,random,EVT-0043,2023-11-12,ENDO_BASAL_INSULIN,endocrinology,West,324.3333333333333,111.66666666666667,True,1
1749652321,1605645914,random,EVT-0043,2023-11-12,ENDO_BASAL_INSULIN,endocrinology,West,116.83333333333333,86.16666666666667,True,1
1779411515,1708639657,random,EVT-0043,2023-11-12,ENDO_BASAL_INSULIN,endocrinology,Midwest,296.0,165.0,True,1
1836314447,1551107307,random,EVT-0043,2023-11-12,ENDO_BASAL_INSULIN,endocrinology,Southeast,383.1666666666667,310.0,True,1
1993463169,1617703974,random,EVT-0043,2023-11-12,ENDO_BASAL_INSULIN,endocrinology,West,213.33333333333334,208.0,True,1
1041585906,1772776476,random,EVT-0044,2023-11-13,ONC_TARGETED_ORAL,oncology,West,134.0,62.666666666666664,True,1
1209464480,1358340028,random,EVT-0044,2023-11-13,ONC_TARGETED_ORAL,oncology,Southeast,395.6666666666667,122.0,True,1
1292975558,1980850634,random,EVT-0044,2023-11-13,ONC_TARGETED_ORAL,oncology,Northeast,567.5,99.33333333333333,True,1
1358245029,1913683516,random,EVT-0044,2023-11-13,ONC_TARGETED_ORAL,oncology,Midwest,168.5,145.0,True,1
1758206720,1394982015,random,EVT-0044,2023-11-13,ONC_TARGETED_ORAL,oncology,Southwest,185.83333333333334,100.33333333333333,True,1
1811081532,1416978082,random,EVT-0044,2023-11-13,ONC_TARGETED_ORAL,oncology,Northeast,168.16666666666666,116.83333333333333,True,1
1044666919,1135771313,random,EVT-0045,2023-11-14,NEURO_MIGRAINE_CGRP,neurology,Southeast,122.5,96.33333333333333,True,1
1159841240,1844748057,random,EVT-0045,2023-11-14,NEURO_MIGRAINE_CGRP,neurology,Southeast,479.3333333333333,230.5,True,1
1196385359,1429777182,random,EVT-0045,2023-11-14,NEURO_MIGRAINE_CGRP,neurology,Southwest,335.3333333333333,522.8333333333334,True,1
1398789739,1128902750,random,EVT-0045,2023-11-14,NEURO_MIGRAINE_CGRP,neurology,Northeast,236.66666666666666,119.5,True,1
1413495239,1325850802,random,EVT-0045,2023-11-14,NEURO_MIGRAINE_CGRP,neurology,Southeast,328.6666666666667,114.66666666666667,True,1
1592062677,1925142923,random,EVT-0045,2023-11-14,NEURO_MIGRAINE_CGRP,neurology,Southeast,357.0,199.16666666666666,True,1
1616418756,1803952245,random,EVT-0045,2023-11-14,NEURO_MIGRAINE_CGRP,neurology,Northeast,178.83333333333334,103.83333333333333,True,1
1697719783,1403127461,random,EVT-0045,2023-11-14,NEURO_MIGRAINE_CGRP,neurology,Southwest,244.33333333333334,197.33333333333334,True,1
1728890785,1527981900,random,EVT-0045,2023-11-14,NEURO_MIGRAINE_CGRP,neurology,Southeast,154.16666666666666,169.5,True,1
1836939912,1724378447,random,EVT-0045,2023-11-14,NEURO_MIGRAINE_CGRP,neurology,Southeast,179.16666666666666,132.66666666666666,True,1
1980975555,1914644640,random,EVT-0045,2023-11-14,NEURO_MIGRAINE_CGRP,neurology,Northeast,204.83333333333334,230.66666666666666,True,1
1022312734,1095874958,random,EVT-0046,2023-11-15,METABOLIC_GLP1_INJ,primary care,Midwest,46.333333333333336,132.83333333333334,True,1
1036327983,1821714619,random,EVT-0046,2023-11-15,METABOLIC_GLP1_INJ,primary care,West,40.0,25.5,True,1
1044666919,1299832539,random,EVT-0046,2023-11-15,METABOLIC_GLP1_INJ,neurology,Southeast,217.5,45.5,True,1
1050506165,1968864862,random,EVT-0046,2023-11-15,METABOLIC_GLP1_INJ,pulmonology,Southeast,58.833333333333336,47.666666666666664,True,1
1075036339,1031907094,random,EVT-0046,2023-11-15,METABOLIC_GLP1_INJ,pulmonology,West,31.333333333333332,69.33333333333333,True,1
1075683551,1295389203,random,EVT-0046,2023-11-15,METABOLIC_GLP1_INJ,rheumatology,Southeast,200.33333333333334,139.16666666666666,True,1
1084471394,1335601583,random,EVT-0046,2023-11-15,METABOLIC_GLP1_INJ,primary care,Northeast,253.83333333333334,135.83333333333334,True,1
1098995024,1088938448,random,EVT-0046,2023-11-15,METABOLIC_GLP1_INJ,primary care,Northeast,107.5,112.83333333333333,True,1
1101185407,1325850802,random,EVT-0046,2023-11-15,METABOLIC_GLP1_INJ,primary care,Midwest,231.0,103.0,True,1
1133130363,1237849298,random,EVT-0046,2023-11-15,METABOLIC_GLP1_INJ,primary care,Northeast,306.5,93.5,True,1
1133616429,1850313960,random,EVT-0046,2023-11-15,METABOLIC_GLP1_INJ,neurology,Midwest,63.833333333333336,59.166666666666664,True,1
1170846871,1332504376,random,EVT-0046,2023-11-15,METABOLIC_GLP1_INJ,primary care,Southeast,40.333333333333336,114.5,True,1
1180932224,1349076541,random,EVT-0046,2023-11-15,METABOLIC_GLP1_INJ,primary care,Southeast,182.0,31.666666666666668,True,1
1246066447,1363342464,random,EVT-0046,2023-11-15,METABOLIC_GLP1_INJ,rheumatology,Southwest,323.5,397.0,True,1
1263807582,1616115113,random,EVT-0046,2023-11-15,METABOLIC_GLP1_INJ,primary care,Northeast,285.5,36.166666666666664,True,1
1264333323,1181360912,random,EVT-0046,2023-11-15,METABOLIC_GLP1_INJ,primary care,Northeast,108.66666666666667,86.5,True,1
1271768685,1275177768,random,EVT-0046,2023-11-15,METABOLIC_GLP1_INJ,primary care,Midwest,225.66666666666666,46.833333333333336,True,1
1274985831,1195381896,random,EVT-0046,2023-11-15,METABOLIC_GLP1_INJ,rheumatology,Southwest,156.66666666666666,206.16666666666666,True,1
1300832031,1547660377,random,EVT-0046,2023-11-15,METABOLIC_GLP1_INJ,cardiology,West,160.5,192.16666666666666,True,1
1330017819,1769333869,random,EVT-0046,2023-11-15,METABOLIC_GLP1_INJ,neurology,Southwest,574.5,143.66666666666666,True,1
1333393084,1082909627,random,EVT-0046,2023-11-15,METABOLIC_GLP1_INJ,primary care,Midwest,172.16666666666666,158.83333333333334,True,1
1334266016,1443260538,random,EVT-0046,2023-11-15,METABOLIC_GLP1_INJ,primary care,Southwest,262.5,99.5,True,1
1335670091,1120914548,random,EVT-0046,2023-11-15,METABOLIC_GLP1_INJ,primary care,Midwest,47.166666666666664,119.5,True,1
1377426493,1158498141,random,EVT-0046,2023-11-15,METABOLIC_GLP1_INJ,primary care,West,224.5,24.833333333333332,True,1
1385532449,1285330571,random,EVT-0046,2023-11-15,METABOLIC_GLP1_INJ,primary care,Southeast,200.33333333333334,331.6666666666667,True,1
1386514024,1661525075,random,EVT-0046,2023-11-15,METABOLIC_GLP1_INJ,cardiology,West,91.5,45.0,True,1
1418997171,1123562633,random,EVT-0046,2023-11-15,METABOLIC_GLP1_INJ,primary care,Northeast,271.0,112.5,True,1
1423152481,1246818524,random,EVT-0046,2023-11-15,METABOLIC_GLP1_INJ,primary care,Southeast,310.5,45.833333333333336,True,1
1453128708,1501563039,random,EVT-0046,2023-11-15,METABOLIC_GLP1_INJ,endocrinology,Northeast,80.83333333333333,60.0,True,1
1475115246,1377956168,random,EVT-0046,2023-11-15,METABOLIC_GLP1_INJ,cardiology,Southeast,136.5,131.33333333333334,True,1
1506356074,1486296159,random,EVT-0046,2023-11-15,METABOLIC_GLP1_INJ,primary care,Midwest,184.16666666666666,60.666666666666664,True,1
1540759788,1688976343,random,EVT-0046,2023-11-15,METABOLIC_GLP1_INJ,primary care,Midwest,110.66666666666667,219.66666666666666,True,1
1595301304,1010957193,random,EVT-0046,2023-11-15,METABOLIC_GLP1_INJ,primary care,Southwest,147.66666666666666,104.5,True,1
1610820601,1968209027,random,EVT-0046,2023-11-15,METABOLIC_GLP1_INJ,primary care,Midwest,78.16666666666667,34.333333333333336,True,1
1616418756,1855585794,random,EVT-0046,2023-11-15,METABOLIC_GLP1_INJ,neurology,Northeast,204.5,28.833333333333332,True,1
1635581279,1299689400,random,EVT-0046,2023-11-15,METABOLIC_GLP1_INJ,primary care,Southeast,244.0,81.0,True,1
1648553570,1974446365,random,EVT-0046,2023-11-15,METABOLIC_GLP1_INJ,cardiology,Southwest,477.3333333333333,37.333333333333336,True,1
1670701188,1851932792,random,EVT-0046,2023-11-15,METABOLIC_GLP1_INJ,cardiology,Southeast,154.16666666666666,165.5,True,1
1714986282,1394982015,random,EVT-0046,2023-11-15,METABOLIC_GLP1_INJ,cardiology,West,177.83333333333334,94.66666666666667,True,1
1721479586,1804484495,random,EVT-0046,2023-11-15,METABOLIC_GLP1_INJ,primary care,West,126.16666666666667,129.5,True,1
1732527431,1464805419,random,EVT-0046,2023-11-15,METABOLIC_GLP1_INJ,primary care,Southeast,329.1666666666667,157.0,True,1
1742579091,1261377760,random,EVT-0046,2023-11-15,METABOLIC_GLP1_INJ,primary care,Northeast,119.5,145.0,True,1
1747032997,1081238747,random,EVT-0046,2023-11-15,METABOLIC_GLP1_INJ,primary care,Northeast,151.5,142.16666666666666,True,1
1747637738,1156551297,random,EVT-0046,2023-11-15,METABOLIC_GLP1_INJ,primary care,Midwest,67.16666666666667,46.166666666666664,True,1
1768225918,1529873311,random,EVT-0046,2023-11-15,METABOLIC_GLP1_INJ,endocrinology,Midwest,110.16666666666667,55.833333333333336,True,1
1779411515,1407459696,random,EVT-0046,2023-11-15,METABOLIC_GLP1_INJ,endocrinology,Midwest,193.0,33.166666666666664,True,1
1812815243,1105435741,random,EVT-0046,2023-11-15,METABOLIC_GLP1_INJ,primary care,Midwest,202.33333333333334,89.66666666666667,True,1
1824172013,1643297637,random,EVT-0046,2023-11-15,METABOLIC_GLP1_INJ,primary care,Midwest,627.6666666666666,72.83333333333333,True,1
1880717263,1645013610,random,EVT-0046,2023-11-15,METABOLIC_GLP1_INJ,pulmonology,Northeast,128.83333333333334,57.166666666666664,True,1
1893020424,1907112910,random,EVT-0046,2023-11-15,METABOLIC_GLP1_INJ,neurology,Midwest,249.5,50.0,True,1
1903798589,1823835685,random,EVT-0046,2023-11-15,METABOLIC_GLP1_INJ,primary care,Southwest,278.3333333333333,102.5,True,1
1922670785,1222151080,random,EVT-0046,2023-11-15,METABOLIC_GLP1_INJ,primary care,Southeast,329.0,148.66666666666666,True,1
1937514325,1999506508,random,EVT-0046,2023-11-15,METABOLIC_GLP1_INJ,primary care,West,192.16666666666666,141.83333333333334,True,1
1018018261,1273912869,random,EVT-0047,2023-11-23,CV_ANTICOAG_ORAL,primary care,Northeast,280.3333333333333,146.66666666666666,True,1
1025231352,1875967568,random,EVT-0047,2023-11-23,CV_ANTICOAG_ORAL,rheumatology,Northeast,186.33333333333334,123.16666666666667,True,1
1101185407,1905395731,random,EVT-0047,2023-11-23,CV_ANTICOAG_ORAL,primary care,Midwest,116.5,57.833333333333336,True,1
1123148250,1812123887,random,EVT-0047,2023-11-23,CV_ANTICOAG_ORAL,cardiology,Southwest,243.66666666666666,236.66666666666666,True,1
1139166684,1402958817,random,EVT-0047,2023-11-23,CV_ANTICOAG_ORAL,pulmonology,Midwest,116.83333333333333,132.5,True,1
1216575070,1081498101,random,EVT-0047,2023-11-23,CV_ANTICOAG_ORAL,primary care,Midwest,176.83333333333334,76.66666666666667,True,1
1268222167,1051073538,random,EVT-0047,2023-11-23,CV_ANTICOAG_ORAL,primary care,Midwest,318.3333333333333,51.5,True,1
1357524945,1240190284,random,EVT-0047,2023-11-23,CV_ANTICOAG_ORAL,rheumatology,Midwest,148.5,147.5,True,1
1358245029,1844625859,random,EVT-0047,2023-11-23,CV_ANTICOAG_ORAL,oncology,Midwest,124.83333333333333,64.83333333333333,True,1
1376656900,1335912683,random,EVT-0047,2023-11-23,CV_ANTICOAG_ORAL,cardiology,Southwest,79.33333333333333,64.66666666666667,True,1
1394609428,1616115113,random,EVT-0047,2023-11-23,CV_ANTICOAG_ORAL,endocrinology,Southwest,341.0,61.333333333333336,True,1
1460081361,1647700669,random,EVT-0047,2023-11-23,CV_ANTICOAG_ORAL,cardiology,Northeast,141.83333333333334,46.333333333333336,True,1
1467704312,1383406257,random,EVT-0047,2023-11-23,CV_ANTICOAG_ORAL,neurology,Northeast,289.6666666666667,90.33333333333333,True,1
1474100561,1985816515,random,EVT-0047,2023-11-23,CV_ANTICOAG_ORAL,pulmonology,Midwest,93.16666666666667,62.833333333333336,True,1
1512844550,1030235620,random,EVT-0047,2023-11-23,CV_ANTICOAG_ORAL,neurology,Southwest,153.66666666666666,124.16666666666667,True,1
1688976343,1663073843,random,EVT-0047,2023-11-23,CV_ANTICOAG_ORAL,pulmonology,Southeast,297.6666666666667,73.5,True,1
1704492101,1913683516,random,EVT-0047,2023-11-23,CV_ANTICOAG_ORAL,oncology,Southeast,42.666666666666664,111.5,True,1
1719186219,1372196661,random,EVT-0047,2023-11-23,CV_ANTICOAG_ORAL,oncology,West,133.5,54.0,True,1
1719574174,1012597443,random,EVT-0047,2023-11-23,CV_ANTICOAG_ORAL,neurology,Midwest,164.0,35.666666666666664,True,1
1732527431,1245433184,random,EVT-0047,2023-11-23,CV_ANTICOAG_ORAL,primary care,Southeast,208.33333333333334,45.5,True,1
1811081532,1004478891,random,EVT-0047,2023-11-23,CV_ANTICOAG_ORAL,oncology,Northeast,216.0,32.5,True,1
1840863041,1847562299,random,EVT-0047,2023-11-23,CV_ANTICOAG_ORAL,oncology,Southeast,223.66666666666666,50.0,True,1
1856406925,1371759725,random,EVT-0047,2023-11-23,CV_ANTICOAG_ORAL,cardiology,Northeast,130.16666666666666,77.5,True,1
1880717263,1455529317,random,EVT-0047,2023-11-23,CV_ANTICOAG_ORAL,pulmonology,Northeast,152.33333333333334,39.666666666666664,True,1
1934829601,1632734848,random,EVT-0047,2023-11-23,CV_ANTICOAG_ORAL,cardiology,Midwest,207.0,78.0,True,1
1050705288,1113190601,random,EVT-0048,2023-11-23,CV_ANTICOAG_ORAL,endocrinology,Southeast,510.5,37.833333333333336,True,1
1139166684,1507069536,random,EVT-0048,2023-11-23,CV_ANTICOAG_ORAL,pulmonology,Midwest,116.83333333333333,57.666666666666664,True,1
1202669523,1328056928,random,EVT-0048,2023-11-23,CV_ANTICOAG_ORAL,cardiology,Midwest,292.6666666666667,92.66666666666667,True,1
1246066447,1555114069,random,EVT-0048,2023-11-23,CV_ANTICOAG_ORAL,rheumatology,Southwest,214.83333333333334,58.833333333333336,True,1
1271768685,1973275377,random,EVT-0048,2023-11-23,CV_ANTICOAG_ORAL,primary care,Midwest,192.83333333333334,133.83333333333334,True,1
1352578078,1468815406,random,EVT-0048,2023-11-23,CV_ANTICOAG_ORAL,pulmonology,Southeast,143.66666666666666,101.0,True,1
1369172659,1208634919,random,EVT-0048,2023-11-23,CV_ANTICOAG_ORAL,pulmonology,Southeast,50.833333333333336,30.333333333333332,True,1
1370467684,1855585794,random,EVT-0048,2023-11-23,CV_ANTICOAG_ORAL,pulmonology,Midwest,65.66666666666667,119.16666666666667,True,1
1433980129,1961509027,random,EVT-0048,2023-11-23,CV_ANTICOAG_ORAL,pulmonology,Northeast,50.0,90.66666666666667,True,1
1436505063,1337606333,random,EVT-0048,2023-11-23,CV_ANTICOAG_ORAL,primary care,Midwest,209.16666666666666,108.16666666666667,True,1
1478412079,1640263392,random,EVT-0048,2023-11-23,CV_ANTICOAG_ORAL,cardiology,Midwest,174.83333333333334,141.33333333333334,True,1
1492077734,1947954388,random,EVT-0048,2023-11-23,CV_ANTICOAG_ORAL,cardiology,Midwest,470.3333333333333,103.16666666666667,True,1
1533003293,1231453428,random,EVT-0048,2023-11-23,CV_ANTICOAG_ORAL,pulmonology,Midwest,327.8333333333333,73.16666666666667,True,1
1547112395,1534502129,random,EVT-0048,2023-11-23,CV_ANTICOAG_ORAL,pulmonology,Midwest,54.833333333333336,168.83333333333334,True,1
1592062677,1803952245,random,EVT-0048,2023-11-23,CV_ANTICOAG_ORAL,neurology,Southeast,200.33333333333334,38.666666666666664,True,1
1598661571,1880040971,random,EVT-0048,2023-11-23,CV_ANTICOAG_ORAL,rheumatology,Northeast,178.83333333333334,32.666666666666664,True,1
1616418756,1555285877,random,EVT-0048,2023-11-23,CV_ANTICOAG_ORAL,neurology,Northeast,184.33333333333334,81.83333333333333,True,1
1767249513,1831183839,random,EVT-0048,2023-11-23,CV_ANTICOAG_ORAL,pulmonology,West,273.3333333333333,100.83333333333333,True,1
1785764022,1657655308,random,EVT-0048,2023-11-23,CV_ANTICOAG_ORAL,oncology,Northeast,201.5,69.0,True,1
1787619711,1606566010,random,EVT-0048,2023-11-23,CV_ANTICOAG_ORAL,cardiology,Midwest,351.0,60.333333333333336,True,1
1903798589,1275177768,random,EVT-0048,2023-11-23,CV_ANTICOAG_ORAL,primary care,Southwest,216.5,101.0,True,1
1934763735,1524065749,random,EVT-0048,2023-11-23,CV_ANTICOAG_ORAL,cardiology,Midwest,260.8333333333333,125.66666666666667,True,1
1993367014,1187084813,random,EVT-0048,2023-11-23,CV_ANTICOAG_ORAL,pulmonology,Midwest,165.5,263.1666666666667,True,1
1444774099,1950588461,random,EVT-0051,2023-11-28,CARD_HF_ARNI,cardiology,West,156.83333333333334,358.6666666666667,True,1
1103232447,1128902750,random,EVT-0049,2023-11-27,NEURO_MIGRAINE_CGRP,neurology,Southwest,183.33333333333334,119.5,True,1
1159841240,1095874958,random,EVT-0049,2023-11-27,NEURO_MIGRAINE_CGRP,neurology,Southeast,479.3333333333333,229.83333333333334,True,1
1409867656,1874547676,random,EVT-0049,2023-11-27,NEURO_MIGRAINE_CGRP,neurology,Northeast,181.33333333333334,162.0,True,1
1512844550,1001999733,random,EVT-0049,2023-11-27,NEURO_MIGRAINE_CGRP,neurology,Southwest,238.0,70.0,True,1
1592062677,1724378447,random,EVT-0049,2023-11-27,NEURO_MIGRAINE_CGRP,neurology,Southeast,357.0,132.66666666666666,True,1
1635476009,1971035963,random,EVT-0049,2023-11-27,NEURO_MIGRAINE_CGRP,neurology,Northeast,193.33333333333334,108.16666666666667,True,1
1769764832,1655374878,random,EVT-0049,2023-11-27,NEURO_MIGRAINE_CGRP,neurology,Northeast,211.66666666666666,91.0,True,1
1921646299,1464676570,random,EVT-0049,2023-11-27,NEURO_MIGRAINE_CGRP,neurology,Southwest,396.6666666666667,176.16666666666666,True,1
1041585906,1730655531,random,EVT-0050,2023-11-27,METABOLIC_GLP1_INJ,oncology,West,68.83333333333333,249.66666666666666,True,1
1139166684,1809220084,random,EVT-0050,2023-11-27,METABOLIC_GLP1_INJ,pulmonology,Midwest,119.33333333333333,44.166666666666664,True,1
1198262952,1333896094,random,EVT-0050,2023-11-27,METABOLIC_GLP1_INJ,pulmonology,Northeast,80.83333333333333,74.66666666666667,True,1
1238983617,1064190048,random,EVT-0050,2023-11-27,METABOLIC_GLP1_INJ,pulmonology,Southeast,138.83333333333334,60.0,True,1
1246448348,1541379537,random,EVT-0050,2023-11-27,METABOLIC_GLP1_INJ,cardiology,Southeast,239.16666666666666,140.16666666666666,True,1
1264333323,1968864862,random,EVT-0050,2023-11-27,METABOLIC_GLP1_INJ,primary care,Northeast,108.66666666666667,47.666666666666664,True,1
1273912869,1641859123,random,EVT-0050,2023-11-27,METABOLIC_GLP1_INJ,rheumatology,Northeast,99.66666666666667,83.33333333333333,True,1
1315385710,1705644676,random,EVT-0050,2023-11-27,METABOLIC_GLP1_INJ,primary care,Northeast,372.6666666666667,75.16666666666667,True,1
1389574017,1851932792,random,EVT-0050,2023-11-27,METABOLIC_GLP1_INJ,pulmonology,Southwest,140.5,165.5,True,1
1533003293,1756884833,random,EVT-0050,2023-11-27,METABOLIC_GLP1_INJ,pulmonology,Midwest,113.33333333333333,114.16666666666667,True,1
1592123891,1152018085,random,EVT-0050,2023-11-27,METABOLIC_GLP1_INJ,primary care,Northeast,97.0,87.16666666666667,True,1
1616839134,1743431961,random,EVT-0050,2023-11-27,METABOLIC_GLP1_INJ,rheumatology,Northeast,197.83333333333334,86.5,True,1
1644815767,1388802401,random,EVT-0050,2023-11-27,METABOLIC_GLP1_INJ,primary care,West,234.66666666666666,257.1666666666667,True,1
1645233598,1442686543,random,EVT-0050,2023-11-27,METABOLIC_GLP1_INJ,endocrinology,Northeast,314.0,51.333333333333336,True,1
1655727265,1149313383,random,EVT-0050,2023-11-27,METABOLIC_GLP1_INJ,pulmonology,Northeast,76.83333333333333,98.16666666666667,True,1
1681501296,1937526600,random,EVT-0050,2023-11-27,METABOLIC_GLP1_INJ,pulmonology,West,62.166666666666664,63.833333333333336,True,1
1688976343,1047406420,random,EVT-0050,2023-11-27,METABOLIC_GLP1_INJ,pulmonology,Southeast,219.66666666666666,63.833333333333336,True,1
1742859469,1081498101,random,EVT-0050,2023-11-27,METABOLIC_GLP1_INJ,pulmonology,West,186.83333333333334,44.166666666666664,True,1
1779411515,1188509891,random,EVT-0050,2023-11-27,METABOLIC_GLP1_INJ,endocrinology,Midwest,193.0,50.833333333333336,True,1
1808826295,1590337907,random,EVT-0050,2023-11-27,METABOLIC_GLP1_INJ,primary care,Southeast,196.66666666666666,142.83333333333334,True,1
1844747141,1548652282,random,EVT-0050,2023-11-27,METABOLIC_GLP1_INJ,primary care,West,317.3333333333333,89.16666666666667,True,1
1854852153,1526834563,random,EVT-0050,2023-11-27,METABOLIC_GLP1_INJ,pulmonology,Southwest,204.5,144.83333333333334,True,1
1923786978,1242598583,random,EVT-0050,2023-11-27,METABOLIC_GLP1_INJ,cardiology,Southeast,176.16666666666666,115.0,True,1
1944079924,1381937048,random,EVT-0050,2023-11-27,METABOLIC_GLP1_INJ,rheumatology,Southeast,107.83333333333333,112.5,True,1
1123148250,1234567687,random,EVT-0051,2023-11-28,CARD_HF_ARNI,cardiology,Southwest,205.33333333333334,228.0,True,1
1475115246,1306006622,random,EVT-0051,2023-11-28,CARD_HF_ARNI,cardiology,Southeast,526.3333333333334,207.5,True,1
1655321622,1440538092,random,EVT-0051,2023-11-28,CARD_HF_ARNI,cardiology,Northeast,313.6666666666667,196.16666666666666,True,1
1657725655,1656483868,random,EVT-0051,2023-11-28,CARD_HF_ARNI,cardiology,West,533.6666666666666,212.83333333333334,True,1
1710163217,1282914906,random,EVT-0051,2023-11-28,CARD_HF_ARNI,cardiology,Northeast,250.16666666666666,164.5,True,1
1908127628,1260279835,random,EVT-0051,2023-11-28,CARD_HF_ARNI,cardiology,Southeast,160.33333333333334,64.33333333333333,True,1
1467704312,1765233105,random,EVT-0049,2023-11-27,NEURO_MIGRAINE_CGRP,neurology,Northeast,193.5,156.66666666666666,True,1
1123148250,1766730505,random,EVT-0052,2023-12-06,CARD_HF_ARNI,cardiology,Southwest,215.66666666666666,308.5,True,1
1368009035,1656483868,random,EVT-0052,2023-12-06,CARD_HF_ARNI,cardiology,Northeast,260.1666666666667,213.33333333333334,True,1
1376656900,1850313960,random,EVT-0052,2023-12-06,CARD_HF_ARNI,cardiology,Southwest,273.3333333333333,182.5,True,1
1478412079,1623506957,random,EVT-0052,2023-12-06,CARD_HF_ARNI,cardiology,Midwest,388.8333333333333,120.33333333333333,True,1
1631526641,1701585576,random,EVT-0052,2023-12-06,CARD_HF_ARNI,cardiology,Southwest,217.66666666666666,382.0,True,1
1648553570,1848800052,random,EVT-0052,2023-12-06,CARD_HF_ARNI,cardiology,Southwest,283.0,292.5,True,1
1724092733,1743431961,random,EVT-0052,2023-12-06,CARD_HF_ARNI,cardiology,Northeast,369.3333333333333,152.33333333333334,True,1
1934829601,1847562299,random,EVT-0052,2023-12-06,CARD_HF_ARNI,cardiology,Midwest,296.5,130.5,True,1
1969108517,1028050239,random,EVT-0052,2023-12-06,CARD_HF_ARNI,cardiology,Midwest,195.0,215.0,True,1
1018018261,1181360912,random,EVT-0053,2023-12-06,PC_ANTIHYPERTENSIVE,primary care,Northeast,402.6666666666667,221.66666666666666,True,1
1048976678,1804484495,random,EVT-0053,2023-12-06,PC_ANTIHYPERTENSIVE,primary care,Southeast,390.8333333333333,157.16666666666666,True,1
1084919582,1922185990,random,EVT-0053,2023-12-06,PC_ANTIHYPERTENSIVE,primary care,Southeast,381.6666666666667,66.33333333333333,True,1
1190842652,1101142523,random,EVT-0053,2023-12-06,PC_ANTIHYPERTENSIVE,primary care,Southwest,175.66666666666666,92.5,True,1
1216575070,1082909627,random,EVT-0053,2023-12-06,PC_ANTIHYPERTENSIVE,primary care,Midwest,455.3333333333333,171.66666666666666,True,1
1227780172,1135650855,random,EVT-0053,2023-12-06,PC_ANTIHYPERTENSIVE,primary care,Southwest,1016.1666666666666,274.6666666666667,True,1
1264333323,1742974847,random,EVT-0053,2023-12-06,PC_ANTIHYPERTENSIVE,primary care,Northeast,523.8333333333334,77.33333333333333,True,1
1355374483,1714021262,random,EVT-0053,2023-12-06,PC_ANTIHYPERTENSIVE,primary care,West,317.5,414.3333333333333,True,1
1385532449,1209566128,random,EVT-0053,2023-12-06,PC_ANTIHYPERTENSIVE,primary care,Southeast,476.8333333333333,529.3333333333334,True,1
1397955463,1849988823,random,EVT-0053,2023-12-06,PC_ANTIHYPERTENSIVE,primary care,Southeast,429.0,55.5,True,1
1418997171,1643297637,random,EVT-0053,2023-12-06,PC_ANTIHYPERTENSIVE,primary care,Northeast,480.0,238.0,True,1
1423152481,1363342464,random,EVT-0053,2023-12-06,PC_ANTIHYPERTENSIVE,primary care,Southeast,443.1666666666667,443.6666666666667,True,1
1456299035,1381937048,random,EVT-0053,2023-12-06,PC_ANTIHYPERTENSIVE,primary care,Southeast,230.16666666666666,212.66666666666666,True,1
1567742360,1529045985,random,EVT-0053,2023-12-06,PC_ANTIHYPERTENSIVE,primary care,West,149.33333333333334,146.33333333333334,True,1
1615059528,1251202242,random,EVT-0053,2023-12-06,PC_ANTIHYPERTENSIVE,primary care,Southeast,247.16666666666666,322.8333333333333,True,1
1635581279,1547660377,random,EVT-0053,2023-12-06,PC_ANTIHYPERTENSIVE,primary care,Southeast,553.8333333333334,152.5,True,1
1639269087,1566276774,random,EVT-0053,2023-12-06,PC_ANTIHYPERTENSIVE,primary care,Northeast,209.66666666666666,687.8333333333334,True,1
1686880901,1412773438,random,EVT-0053,2023-12-06,PC_ANTIHYPERTENSIVE,primary care,West,232.5,588.5,True,1
1721479586,1393729789,random,EVT-0053,2023-12-06,PC_ANTIHYPERTENSIVE,primary care,West,395.6666666666667,729.8333333333334,True,1
1725623817,1892083019,random,EVT-0053,2023-12-06,PC_ANTIHYPERTENSIVE,primary care,Southwest,569.3333333333334,319.5,True,1
1808826295,1200096471,random,EVT-0053,2023-12-06,PC_ANTIHYPERTENSIVE,primary care,Southeast,402.1666666666667,216.83333333333334,True,1
1812815243,1364720148,random,EVT-0053,2023-12-06,PC_ANTIHYPERTENSIVE,primary care,Midwest,546.1666666666666,274.3333333333333,True,1
1815807585,1134089733,random,EVT-0053,2023-12-06,PC_ANTIHYPERTENSIVE,primary care,Southeast,503.1666666666667,127.33333333333333,True,1
1877046932,1473494189,random,EVT-0053,2023-12-06,PC_ANTIHYPERTENSIVE,primary care,Northeast,397.1666666666667,160.16666666666666,True,1
1922670785,1783823739,random,EVT-0053,2023-12-06,PC_ANTIHYPERTENSIVE,primary care,Southeast,309.1666666666667,615.0,True,1
1927430854,1873780039,random,EVT-0053,2023-12-06,PC_ANTIHYPERTENSIVE,primary care,Southeast,545.1666666666666,310.0,True,1
1961509027,1295857761,random,EVT-0053,2023-12-06,PC_ANTIHYPERTENSIVE,primary care,West,130.16666666666666,138.0,True,1
1689916181,1377516020,random,EVT-0053,2023-12-06,PC_ANTIHYPERTENSIVE,primary care,Northeast,448.6666666666667,78.66666666666667,True,1
1011940271,1939526327,random,EVT-0054,2023-12-08,ENDO_BASAL_INSULIN,endocrinology,Northeast,197.66666666666666,112.83333333333333,True,1
1025978341,1556860702,random,EVT-0054,2023-12-08,ENDO_BASAL_INSULIN,endocrinology,Northeast,450.5,77.0,True,1
1026722938,1223528765,random,EVT-0054,2023-12-08,ENDO_BASAL_INSULIN,endocrinology,Midwest,653.3333333333334,149.16666666666666,True,1
1050705288,1971977354,random,EVT-0054,2023-12-08,ENDO_BASAL_INSULIN,endocrinology,Southeast,704.3333333333334,167.5,True,1
1136500869,1400951004,random,EVT-0054,2023-12-08,ENDO_BASAL_INSULIN,endocrinology,Southeast,247.66666666666666,361.6666666666667,True,1
1137408567,1028436479,random,EVT-0054,2023-12-08,ENDO_BASAL_INSULIN,endocrinology,Northeast,430.3333333333333,238.33333333333334,True,1
1267903205,1335601583,random,EVT-0054,2023-12-08,ENDO_BASAL_INSULIN,endocrinology,Midwest,148.5,129.83333333333334,True,1
1330156328,1881781243,random,EVT-0054,2023-12-08,ENDO_BASAL_INSULIN,endocrinology,Southwest,230.5,87.66666666666667,True,1
1361521440,1012264374,random,EVT-0054,2023-12-08,ENDO_BASAL_INSULIN,endocrinology,Midwest,279.0,560.0,True,1
1394609428,1935314678,random,EVT-0054,2023-12-08,ENDO_BASAL_INSULIN,endocrinology,Southwest,547.8333333333334,247.16666666666666,True,1
1435662964,1268421124,random,EVT-0054,2023-12-08,ENDO_BASAL_INSULIN,endocrinology,West,185.16666666666666,379.3333333333333,True,1
1551107307,1702446943,random,EVT-0054,2023-12-08,ENDO_BASAL_INSULIN,endocrinology,Midwest,323.8333333333333,268.6666666666667,True,1
1704331150,1730655531,random,EVT-0054,2023-12-08,ENDO_BASAL_INSULIN,endocrinology,West,337.3333333333333,377.8333333333333,True,1
1717519684,1708639657,random,EVT-0054,2023-12-08,ENDO_BASAL_INSULIN,endocrinology,Midwest,371.0,165.5,True,1
1779411515,1305714580,random,EVT-0054,2023-12-08,ENDO_BASAL_INSULIN,endocrinology,Midwest,304.3333333333333,270.6666666666667,True,1
1880426881,1005067453,random,EVT-0054,2023-12-08,ENDO_BASAL_INSULIN,endocrinology,Northeast,369.5,168.16666666666666,True,1
1885387740,1694658844,random,EVT-0054,2023-12-08,ENDO_BASAL_INSULIN,endocrinology,Northeast,653.0,338.6666666666667,True,1
1031568581,1030235620,random,EVT-0055,2023-12-18,PULM_ICS_LABA_INH,pulmonology,Southeast,451.5,145.33333333333334,True,1
1050506165,1960543621,random,EVT-0055,2023-12-18,PULM_ICS_LABA_INH,pulmonology,Southeast,287.5,143.0,True,1
1075036339,1438452850,random,EVT-0055,2023-12-18,PULM_ICS_LABA_INH,pulmonology,West,186.0,50.333333333333336,True,1
1113023042,1797940958,random,EVT-0055,2023-12-18,PULM_ICS_LABA_INH,pulmonology,West,147.0,71.5,True,1
1139166684,1374281198,random,EVT-0055,2023-12-18,PULM_ICS_LABA_INH,pulmonology,Midwest,253.33333333333334,130.83333333333334,True,1
1204959187,1976707814,random,EVT-0055,2023-12-18,PULM_ICS_LABA_INH,pulmonology,Southeast,172.66666666666666,174.83333333333334,True,1
1238983617,1132792726,random,EVT-0055,2023-12-18,PULM_ICS_LABA_INH,pulmonology,Southeast,724.6666666666666,126.5,True,1
1250474354,1798313247,random,EVT-0055,2023-12-18,PULM_ICS_LABA_INH,pulmonology,Southeast,114.0,122.0,True,1
1262874856,1340455504,random,EVT-0055,2023-12-18,PULM_ICS_LABA_INH,pulmonology,Midwest,111.33333333333333,113.83333333333333,True,1
1389574017,1423946593,random,EVT-0055,2023-12-18,PULM_ICS_LABA_INH,pulmonology,Southwest,258.6666666666667,178.5,True,1
1433980129,1160075531,random,EVT-0055,2023-12-18,PULM_ICS_LABA_INH,pulmonology,Northeast,265.6666666666667,128.5,True,1
1474100561,1087671156,random,EVT-0055,2023-12-18,PULM_ICS_LABA_INH,pulmonology,Midwest,122.16666666666667,49.333333333333336,True,1
1533003293,1149313383,random,EVT-0055,2023-12-18,PULM_ICS_LABA_INH,pulmonology,Midwest,269.0,106.0,True,1
1647700669,1320611266,random,EVT-0055,2023-12-18,PULM_ICS_LABA_INH,pulmonology,West,158.33333333333334,190.66666666666666,True,1
1696606064,1838576308,random,EVT-0055,2023-12-18,PULM_ICS_LABA_INH,pulmonology,West,149.83333333333334,169.16666666666666,True,1
1704308638,1152018085,random,EVT-0055,2023-12-18,PULM_ICS_LABA_INH,pulmonology,Southeast,446.0,254.33333333333334,True,1
1742859469,1798488478,random,EVT-0055,2023-12-18,PULM_ICS_LABA_INH,pulmonology,West,296.6666666666667,70.16666666666667,True,1
1761262934,1679813331,random,EVT-0055,2023-12-18,PULM_ICS_LABA_INH,pulmonology,Northeast,255.66666666666666,151.0,True,1
1880717263,1293528836,random,EVT-0055,2023-12-18,PULM_ICS_LABA_INH,pulmonology,Northeast,356.8333333333333,308.8333333333333,True,1
1889776344,1903121188,random,EVT-0055,2023-12-18,PULM_ICS_LABA_INH,pulmonology,Northeast,204.0,133.83333333333334,True,1
1169238601,1069143851,random,EVT-0056,2023-12-26,CARD_HF_ARNI,cardiology,Midwest,270.0,302.3333333333333,True,1
1265952337,1789632894,random,EVT-0056,2023-12-26,CARD_HF_ARNI,cardiology,Northeast,428.1666666666667,93.66666666666667,True,1
1286477181,1742318383,random,EVT-0056,2023-12-26,CARD_HF_ARNI,cardiology,Midwest,203.83333333333334,253.5,True,1
1341556789,1234567687,random,EVT-0056,2023-12-26,CARD_HF_ARNI,cardiology,West,922.0,244.16666666666666,True,1
1361620622,1844625859,random,EVT-0056,2023-12-26,CARD_HF_ARNI,cardiology,West,159.5,104.83333333333333,True,1
1460081361,1830884742,random,EVT-0056,2023-12-26,CARD_HF_ARNI,cardiology,Northeast,179.5,93.5,True,1
1475115246,1990264784,random,EVT-0056,2023-12-26,CARD_HF_ARNI,cardiology,Southeast,547.8333333333334,90.83333333333333,True,1
1624547729,1279255164,random,EVT-0056,2023-12-26,CARD_HF_ARNI,cardiology,Northeast,243.66666666666666,238.0,True,1
1648553570,1860037419,random,EVT-0056,2023-12-26,CARD_HF_ARNI,cardiology,Southwest,283.0,240.16666666666666,True,1
1672904236,1304105269,random,EVT-0056,2023-12-26,CARD_HF_ARNI,cardiology,Northeast,237.0,108.0,True,1
1683943777,1331020234,random,EVT-0056,2023-12-26,CARD_HF_ARNI,cardiology,West,346.1666666666667,357.3333333333333,True,1
1710163217,1977922420,random,EVT-0056,2023-12-26,CARD_HF_ARNI,cardiology,Northeast,256.5,242.83333333333334,True,1
1847562299,1721743411,random,EVT-0056,2023-12-26,CARD_HF_ARNI,cardiology,Midwest,130.5,59.0,True,1
1856406925,1199423090,random,EVT-0056,2023-12-26,CARD_HF_ARNI,cardiology,Northeast,218.33333333333334,113.16666666666667,True,1
1934829601,1971097054,random,EVT-0056,2023-12-26,CARD_HF_ARNI,cardiology,Midwest,296.5,213.83333333333334,True,1
1969108517,1219591108,random,EVT-0056,2023-12-26,CARD_HF_ARNI,cardiology,Midwest,195.0,107.0,True,1
1050705288,1507069536,random,EVT-0057,2023-12-28,CV_ANTICOAG_ORAL,endocrinology,Southeast,529.6666666666666,56.833333333333336,True,1
1137408567,1580871600,random,EVT-0057,2023-12-28,CV_ANTICOAG_ORAL,endocrinology,Northeast,498.3333333333333,75.33333333333333,True,1
1139166684,1285330571,random,EVT-0057,2023-12-28,CV_ANTICOAG_ORAL,pulmonology,Midwest,117.16666666666667,127.5,True,1
1145899849,1268421124,random,EVT-0057,2023-12-28,CV_ANTICOAG_ORAL,primary care,West,242.16666666666666,140.83333333333334,True,1
1170846871,1841542198,random,EVT-0057,2023-12-28,CV_ANTICOAG_ORAL,primary care,Southeast,315.8333333333333,95.0,True,1
1180932224,1257768279,random,EVT-0057,2023-12-28,CV_ANTICOAG_ORAL,primary care,Southeast,214.83333333333334,178.33333333333334,True,1
1194203331,1473494189,random,EVT-0057,2023-12-28,CV_ANTICOAG_ORAL,rheumatology,Southeast,228.33333333333334,83.0,True,1
1223523766,1016162897,random,EVT-0057,2023-12-28,CV_ANTICOAG_ORAL,primary care,West,29.666666666666668,95.83333333333333,True,1
1227780172,1209566128,random,EVT-0057,2023-12-28,CV_ANTICOAG_ORAL,primary care,Southwest,157.33333333333334,198.66666666666666,True,1
1271768685,1529045985,random,EVT-0057,2023-12-28,CV_ANTICOAG_ORAL,primary care,Midwest,202.33333333333334,162.5,True,1
1374281198,1334266743,random,EVT-0057,2023-12-28,CV_ANTICOAG_ORAL,pulmonology,Southeast,105.5,215.5,True,1
1425340662,1407902521,random,EVT-0057,2023-12-28,CV_ANTICOAG_ORAL,primary care,Southwest,354.0,87.0,True,1
1456299035,1200437733,random,EVT-0057,2023-12-28,CV_ANTICOAG_ORAL,primary care,Southeast,194.16666666666666,166.83333333333334,True,1
1484724632,1705644676,random,EVT-0057,2023-12-28,CV_ANTICOAG_ORAL,primary care,Northeast,154.83333333333334,113.5,True,1
1509977165,1426157339,random,EVT-0057,2023-12-28,CV_ANTICOAG_ORAL,primary care,Northeast,989.8333333333334,193.5,True,1
1566888198,1348428750,random,EVT-0057,2023-12-28,CV_ANTICOAG_ORAL,primary care,Midwest,243.83333333333334,35.5,True,1
1567742360,1047406420,random,EVT-0057,2023-12-28,CV_ANTICOAG_ORAL,primary care,West,367.3333333333333,100.33333333333333,True,1
1621199177,1736538384,random,EVT-0057,2023-12-28,CV_ANTICOAG_ORAL,primary care,Southeast,272.8333333333333,112.33333333333333,True,1
1639269087,1502571429,random,EVT-0057,2023-12-28,CV_ANTICOAG_ORAL,primary care,Northeast,149.16666666666666,125.16666666666667,True,1
1688976343,1412773438,random,EVT-0057,2023-12-28,CV_ANTICOAG_ORAL,pulmonology,Southeast,318.3333333333333,350.0,True,1
1725623817,1081238747,random,EVT-0057,2023-12-28,CV_ANTICOAG_ORAL,primary care,Southwest,233.0,107.0,True,1
1785764022,1879821175,random,EVT-0057,2023-12-28,CV_ANTICOAG_ORAL,oncology,Northeast,197.5,108.5,True,1
1812815243,1848800052,random,EVT-0057,2023-12-28,CV_ANTICOAG_ORAL,primary care,Midwest,220.66666666666666,66.83333333333333,True,1
1848624494,1440623548,random,EVT-0057,2023-12-28,CV_ANTICOAG_ORAL,primary care,Midwest,222.0,172.66666666666666,True,1
1922670785,1774691384,random,EVT-0057,2023-12-28,CV_ANTICOAG_ORAL,primary care,Southeast,366.1666666666667,65.16666666666667,True,1
1927430854,1111217703,random,EVT-0057,2023-12-28,CV_ANTICOAG_ORAL,primary care,Southeast,295.6666666666667,171.5,True,1
1955620046,1425171802,random,EVT-0057,2023-12-28,CV_ANTICOAG_ORAL,primary care,Southeast,243.33333333333334,84.0,True,1
1991291398,1154629764,random,EVT-0057,2023-12-28,CV_ANTICOAG_ORAL,rheumatology,Southwest,440.3333333333333,40.666666666666664,True,1
1019230758,1944636921,random,EVT-0058,2023-12-30,NEURO_MIGRAINE_CGRP,neurology,Southwest,154.83333333333334,99.33333333333333,True,1
1044379984,1325850802,random,EVT-0058,2023-12-30,NEURO_MIGRAINE_CGRP,neurology,Midwest,245.33333333333334,117.5,True,1
1085110611,1907112910,random,EVT-0058,2023-12-30,NEURO_MIGRAINE_CGRP,neurology,West,98.0,253.83333333333334,True,1
1133616429,1388802401,random,EVT-0058,2023-12-30,NEURO_MIGRAINE_CGRP,neurology,Midwest,205.83333333333334,272.0,True,1
1244876920,1749355669,random,EVT-0058,2023-12-30,NEURO_MIGRAINE_CGRP,neurology,West,98.0,242.0,True,1
1467704312,1026926489,random,EVT-0058,2023-12-30,NEURO_MIGRAINE_CGRP,neurology,Northeast,196.33333333333334,300.6666666666667,True,1
1616418756,1064190048,random,EVT-0058,2023-12-30,NEURO_MIGRAINE_CGRP,neurology,Northeast,187.16666666666666,167.66666666666666,True,1
1635476009,1333896094,random,EVT-0058,2023-12-30,NEURO_MIGRAINE_CGRP,neurology,Northeast,209.83333333333334,82.0,True,1
1769764832,1914644640,random,EVT-0058,2023-12-30,NEURO_MIGRAINE_CGRP,neurology,Northeast,206.66666666666666,227.16666666666666,True,1
1199976907,1795350721,random,EVT-0059,2024-01-02,RHEUM_JAK_ORAL,rheumatology,Northeast,259.1666666666667,199.5,True,1
1246066447,1506592454,random,EVT-0059,2024-01-02,RHEUM_JAK_ORAL,rheumatology,Southwest,478.8333333333333,76.33333333333333,True,1
1274985831,1047406420,random,EVT-0059,2024-01-02,RHEUM_JAK_ORAL,rheumatology,Southwest,289.6666666666667,56.666666666666664,True,1
1279507085,1643343233,random,EVT-0059,2024-01-02,RHEUM_JAK_ORAL,rheumatology,Southwest,335.8333333333333,300.5,True,1
1386832996,1370361275,random,EVT-0059,2024-01-02,RHEUM_JAK_ORAL,rheumatology,West,185.83333333333334,133.33333333333334,True,1
1598661571,1757283357,random,EVT-0059,2024-01-02,RHEUM_JAK_ORAL,rheumatology,Northeast,428.8333333333333,227.66666666666666,True,1
1616839134,1618334340,random,EVT-0059,2024-01-02,RHEUM_JAK_ORAL,rheumatology,Northeast,853.5,154.16666666666666,True,1
1647196991,1013443506,random,EVT-0059,2024-01-02,RHEUM_JAK_ORAL,rheumatology,Southeast,538.6666666666666,96.0,True,1
1808310134,1121962926,random,EVT-0059,2024-01-02,RHEUM_JAK_ORAL,rheumatology,Southwest,321.8333333333333,334.0,True,1
1944079924,1208634919,random,EVT-0059,2024-01-02,RHEUM_JAK_ORAL,rheumatology,Southeast,641.1666666666666,68.16666666666667,True,1
1423152481,1181360912,random,EVT-0061,2024-01-04,PC_ANTIHYPERTENSIVE,primary care,Southeast,442.6666666666667,228.83333333333334,True,1
1050705288,1295389203,random,EVT-0060,2024-01-04,ENDO_BASAL_INSULIN,endocrinology,Southeast,705.5,227.33333333333334,True,1
1065091666,1985816515,random,EVT-0060,2024-01-04,ENDO_BASAL_INSULIN,endocrinology,West,213.0,65.5,True,1
1076376403,1939526327,random,EVT-0060,2024-01-04,ENDO_BASAL_INSULIN,endocrinology,Northeast,560.6666666666666,116.66666666666667,True,1
1136500869,1200437733,random,EVT-0060,2024-01-04,ENDO_BASAL_INSULIN,endocrinology,Southeast,251.0,126.16666666666667,True,1
1364458855,1769333869,random,EVT-0060,2024-01-04,ENDO_BASAL_INSULIN,endocrinology,Southeast,301.0,327.1666666666667,True,1
1449048093,1508064668,random,EVT-0060,2024-01-04,ENDO_BASAL_INSULIN,endocrinology,Northeast,80.16666666666667,145.83333333333334,True,1
1453128708,1606566010,random,EVT-0060,2024-01-04,ENDO_BASAL_INSULIN,endocrinology,Northeast,316.5,68.16666666666667,True,1
1455101661,1803339427,random,EVT-0060,2024-01-04,ENDO_BASAL_INSULIN,endocrinology,Southeast,392.6666666666667,285.8333333333333,True,1
1666389063,1297391371,random,EVT-0060,2024-01-04,ENDO_BASAL_INSULIN,endocrinology,Midwest,117.83333333333333,152.66666666666666,True,1
1677860136,1400951004,random,EVT-0060,2024-01-04,ENDO_BASAL_INSULIN,endocrinology,Northeast,294.3333333333333,368.6666666666667,True,1
1703413967,1870612441,random,EVT-0060,2024-01-04,ENDO_BASAL_INSULIN,endocrinology,West,233.5,215.83333333333334,True,1
1738903891,1456937691,random,EVT-0060,2024-01-04,ENDO_BASAL_INSULIN,endocrinology,Southeast,473.1666666666667,145.83333333333334,True,1
1898803444,1756884833,random,EVT-0060,2024-01-04,ENDO_BASAL_INSULIN,endocrinology,West,233.5,163.83333333333334,True,1
1949335115,1895078685,random,EVT-0060,2024-01-04,ENDO_BASAL_INSULIN,endocrinology,Southeast,561.5,314.8333333333333,True,1
1084471394,1847794991,random,EVT-0061,2024-01-04,PC_ANTIHYPERTENSIVE,primary care,Northeast,268.3333333333333,119.83333333333333,True,1
1101185407,1572180861,random,EVT-0061,2024-01-04,PC_ANTIHYPERTENSIVE,primary care,Midwest,576.0,211.5,True,1
1138281740,1209566128,random,EVT-0061,2024-01-04,PC_ANTIHYPERTENSIVE,primary care,West,227.0,538.5,True,1
1170846871,1352216182,random,EVT-0061,2024-01-04,PC_ANTIHYPERTENSIVE,primary care,Southeast,378.1666666666667,334.8333333333333,True,1
1216575070,1767508967,random,EVT-0061,2024-01-04,PC_ANTIHYPERTENSIVE,primary care,Midwest,470.1666666666667,380.8333333333333,True,1
1271768685,1643297637,random,EVT-0061,2024-01-04,PC_ANTIHYPERTENSIVE,primary care,Midwest,363.0,241.33333333333334,True,1
1296552940,1501344612,random,EVT-0061,2024-01-04,PC_ANTIHYPERTENSIVE,primary care,Northeast,337.6666666666667,135.0,True,1
1315385710,1434523506,random,EVT-0061,2024-01-04,PC_ANTIHYPERTENSIVE,primary care,Northeast,1010.5,295.5,True,1
1397955463,1200096471,random,EVT-0061,2024-01-04,PC_ANTIHYPERTENSIVE,primary care,Southeast,468.8333333333333,212.33333333333334,True,1
1418997171,1547660377,random,EVT-0061,2024-01-04,PC_ANTIHYPERTENSIVE,primary care,Northeast,512.1666666666666,154.33333333333334,True,1
1451968915,1905395731,random,EVT-0061,2024-01-04,PC_ANTIHYPERTENSIVE,primary care,Midwest,251.5,50.166666666666664,True,1
1526669415,1233281843,random,EVT-0061,2024-01-04,PC_ANTIHYPERTENSIVE,primary care,Southwest,257.0,162.5,True,1
1639269087,1099946885,random,EVT-0061,2024-01-04,PC_ANTIHYPERTENSIVE,primary care,Northeast,228.0,201.16666666666666,True,1
1689059347,1240393805,random,EVT-0061,2024-01-04,PC_ANTIHYPERTENSIVE,primary care,Southwest,241.0,175.5,True,1
1689916181,1377516020,random,EVT-0061,2024-01-04,PC_ANTIHYPERTENSIVE,primary care,Northeast,479.6666666666667,73.5,True,1
1707435529,1769234364,random,EVT-0061,2024-01-04,PC_ANTIHYPERTENSIVE,primary care,Southeast,386.5,237.16666666666666,True,1
1725623817,1393729789,random,EVT-0061,2024-01-04,PC_ANTIHYPERTENSIVE,primary care,Southwest,602.0,737.5,True,1
1732527431,1364720148,random,EVT-0061,2024-01-04,PC_ANTIHYPERTENSIVE,primary care,Southeast,360.5,282.8333333333333,True,1
1742100898,1251202242,random,EVT-0061,2024-01-04,PC_ANTIHYPERTENSIVE,primary care,Midwest,95.5,316.3333333333333,True,1
1747032997,1512866082,random,EVT-0061,2024-01-04,PC_ANTIHYPERTENSIVE,primary care,Northeast,244.5,278.6666666666667,True,1
1747637738,1135650855,random,EVT-0061,2024-01-04,PC_ANTIHYPERTENSIVE,primary care,Midwest,133.16666666666666,284.0,True,1
1803233885,1296624285,random,EVT-0061,2024-01-04,PC_ANTIHYPERTENSIVE,primary care,Southeast,308.3333333333333,236.83333333333334,True,1
1824172013,1428222503,random,EVT-0061,2024-01-04,PC_ANTIHYPERTENSIVE,primary care,Midwest,306.6666666666667,78.16666666666667,True,1
1832506087,1101142523,random,EVT-0061,2024-01-04,PC_ANTIHYPERTENSIVE,primary care,Midwest,766.1666666666666,90.83333333333333,True,1
1849328657,1289174306,random,EVT-0061,2024-01-04,PC_ANTIHYPERTENSIVE,primary care,Midwest,253.66666666666666,193.5,True,1
1924355757,1412773438,random,EVT-0061,2024-01-04,PC_ANTIHYPERTENSIVE,primary care,Southwest,349.5,618.6666666666666,True,1
1927430854,1134089733,random,EVT-0061,2024-01-04,PC_ANTIHYPERTENSIVE,primary care,Southeast,565.6666666666666,124.0,True,1
1937514325,1742974847,random,EVT-0061,2024-01-04,PC_ANTIHYPERTENSIVE,primary care,West,368.0,74.66666666666667,True,1
1048976678,1742318383,random,EVT-0062,2024-01-05,METABOLIC_GLP1_INJ,primary care,Southeast,124.33333333333333,137.5,True,1
1050705288,1190411649,random,EVT-0062,2024-01-05,METABOLIC_GLP1_INJ,endocrinology,Southeast,156.16666666666666,30.333333333333332,True,1
1076376403,1225504491,random,EVT-0062,2024-01-05,METABOLIC_GLP1_INJ,endocrinology,Northeast,154.16666666666666,181.66666666666666,True,1
1132792726,1443260538,random,EVT-0062,2024-01-05,METABOLIC_GLP1_INJ,pulmonology,Southeast,123.0,97.83333333333333,True,1
1159841240,1156754057,random,EVT-0062,2024-01-05,METABOLIC_GLP1_INJ,neurology,Southeast,124.16666666666667,149.0,True,1
1169238601,1261377760,random,EVT-0062,2024-01-05,METABOLIC_GLP1_INJ,cardiology,Midwest,173.16666666666666,154.16666666666666,True,1
1190842652,1468190701,random,EVT-0062,2024-01-05,METABOLIC_GLP1_INJ,primary care,Southwest,168.0,46.333333333333336,True,1
1204261733,1057623450,random,EVT-0062,2024-01-05,METABOLIC_GLP1_INJ,neurology,Southeast,240.5,113.16666666666667,True,1
1219516501,1375799982,random,EVT-0062,2024-01-05,METABOLIC_GLP1_INJ,endocrinology,Midwest,220.83333333333334,99.83333333333333,True,1
1229022169,1907112910,random,EVT-0062,2024-01-05,METABOLIC_GLP1_INJ,pulmonology,West,255.66666666666666,54.5,True,1
1250474354,1323611925,random,EVT-0062,2024-01-05,METABOLIC_GLP1_INJ,pulmonology,Southeast,55.666666666666664,108.66666666666667,True,1
1358340028,1718275724,random,EVT-0062,2024-01-05,METABOLIC_GLP1_INJ,oncology,Southeast,37.833333333333336,43.5,True,1
1389574017,1416644254,random,EVT-0062,2024-01-05,METABOLIC_GLP1_INJ,pulmonology,Southwest,151.83333333333334,54.5,True,1
1397955463,1886821390,random,EVT-0062,2024-01-05,METABOLIC_GLP1_INJ,primary care,Southeast,515.8333333333334,36.166666666666664,True,1
1475115246,1630629040,random,EVT-0062,2024-01-05,METABOLIC_GLP1_INJ,cardiology,Southeast,148.83333333333334,150.33333333333334,True,1
1645233598,1801662945,random,EVT-0062,2024-01-05,METABOLIC_GLP1_INJ,endocrinology,Northeast,369.0,84.66666666666667,True,1
1670701188,1997693654,random,EVT-0062,2024-01-05,METABOLIC_GLP1_INJ,cardiology,Southeast,165.5,47.0,True,1
1688976343,1783823739,random,EVT-0062,2024-01-05,METABOLIC_GLP1_INJ,pulmonology,Southeast,238.33333333333334,312.0,True,1
1702497342,1998699429,random,EVT-0062,2024-01-05,METABOLIC_GLP1_INJ,endocrinology,Southeast,188.33333333333334,188.66666666666666,True,1
1704331150,1417682113,random,EVT-0062,2024-01-05,METABOLIC_GLP1_INJ,endocrinology,West,209.83333333333334,64.83333333333333,True,1
1836314447,1954971234,random,EVT-0062,2024-01-05,METABOLIC_GLP1_INJ,endocrinology,Southeast,110.0,47.5,True,1
1880426881,1895795452,random,EVT-0062,2024-01-05,METABOLIC_GLP1_INJ,endocrinology,Northeast,161.5,85.33333333333333,True,1
1002145427,1962911834,random,EVT-0063,2024-01-08,CV_ANTICOAG_ORAL,primary care,Northeast,202.33333333333334,158.0,True,1
1048976678,1065674784,random,EVT-0063,2024-01-08,CV_ANTICOAG_ORAL,primary care,Southeast,217.5,191.33333333333334,True,1
1050705288,1990264784,random,EVT-0063,2024-01-08,CV_ANTICOAG_ORAL,endocrinology,Southeast,533.1666666666666,64.0,True,1
1133616429,1739712036,random,EVT-0063,2024-01-08,CV_ANTICOAG_ORAL,neurology,Midwest,201.0,179.83333333333334,True,1
1159841240,1831183839,random,EVT-0063,2024-01-08,CV_ANTICOAG_ORAL,neurology,Southeast,528.0,101.16666666666667,True,1
1180932224,1302899475,random,EVT-0063,2024-01-08,CV_ANTICOAG_ORAL,primary care,Southeast,229.83333333333334,77.5,True,1
1189769080,1001999733,random,EVT-0063,2024-01-08,CV_ANTICOAG_ORAL,primary care,Northeast,249.0,40.666666666666664,True,1
1241711534,1706770306,random,EVT-0063,2024-01-08,CV_ANTICOAG_ORAL,primary care,Southeast,111.0,131.16666666666666,True,1
1251567115,1371759725,random,EVT-0063,2024-01-08,CV_ANTICOAG_ORAL,primary care,Midwest,117.16666666666667,81.5,True,1
1263807582,1095874958,random,EVT-0063,2024-01-08,CV_ANTICOAG_ORAL,primary care,Northeast,415.3333333333333,220.83333333333334,True,1
1341556789,1468190701,random,EVT-0063,2024-01-08,CV_ANTICOAG_ORAL,cardiology,West,672.1666666666666,75.16666666666667,True,1
1390939977,1374898744,random,EVT-0063,2024-01-08,CV_ANTICOAG_ORAL,rheumatology,Midwest,223.0,48.666666666666664,True,1
1397955463,1305714580,random,EVT-0063,2024-01-08,CV_ANTICOAG_ORAL,primary care,Southeast,277.0,431.5,True,1
1425340662,1703230064,random,EVT-0063,2024-01-08,CV_ANTICOAG_ORAL,primary care,Southwest,350.1666666666667,55.833333333333336,True,1
1425610817,1569475654,random,EVT-0063,2024-01-08,CV_ANTICOAG_ORAL,primary care,Southeast,66.0,80.16666666666667,True,1
1449331358,1890077344,random,EVT-0063,2024-01-08,CV_ANTICOAG_ORAL,pulmonology,Midwest,74.33333333333333,259.3333333333333,True,1
1456207657,1010852790,random,EVT-0063,2024-01-08,CV_ANTICOAG_ORAL,primary care,Midwest,274.0,112.16666666666667,True,1
1481247389,1902607450,random,EVT-0063,2024-01-08,CV_ANTICOAG_ORAL,primary care,Southeast,185.66666666666666,145.5,True,1
1526669415,1746587884,random,EVT-0063,2024-01-08,CV_ANTICOAG_ORAL,primary care,Southwest,212.5,144.0,True,1
1541422121,1987971524,random,EVT-0063,2024-01-08,CV_ANTICOAG_ORAL,endocrinology,Southeast,160.5,151.66666666666666,True,1
1546151204,1468815406,random,EVT-0063,2024-01-08,CV_ANTICOAG_ORAL,primary care,Northeast,118.16666666666667,106.16666666666667,True,1
1566888198,1174785596,random,EVT-0063,2024-01-08,CV_ANTICOAG_ORAL,primary care,Midwest,258.8333333333333,167.83333333333334,True,1
1592123891,1477499267,random,EVT-0063,2024-01-08,CV_ANTICOAG_ORAL,primary care,Northeast,317.0,79.0,True,1
1610177150,1809220084,random,EVT-0063,2024-01-08,CV_ANTICOAG_ORAL,cardiology,Southeast,320.3333333333333,118.83333333333333,True,1
1621199177,1064190048,random,EVT-0063,2024-01-08,CV_ANTICOAG_ORAL,primary care,Southeast,272.0,136.33333333333334,True,1
1645233598,1848800052,random,EVT-0063,2024-01-08,CV_ANTICOAG_ORAL,endocrinology,Northeast,409.1666666666667,60.5,True,1
1712965692,1721743411,random,EVT-0063,2024-01-08,CV_ANTICOAG_ORAL,neurology,West,93.83333333333333,59.166666666666664,True,1
1719574174,1990401386,random,EVT-0063,2024-01-08,CV_ANTICOAG_ORAL,neurology,Midwest,165.5,98.83333333333333,True,1
1721479586,1486296159,random,EVT-0063,2024-01-08,CV_ANTICOAG_ORAL,primary care,West,241.66666666666666,33.5,True,1
1732527431,1852326267,random,EVT-0063,2024-01-08,CV_ANTICOAG_ORAL,primary care,Southeast,242.0,71.66666666666667,True,1
1740047711,1232787030,random,EVT-0063,2024-01-08,CV_ANTICOAG_ORAL,primary care,Southeast,143.83333333333334,28.0,True,1
1742579091,1801662945,random,EVT-0063,2024-01-08,CV_ANTICOAG_ORAL,primary care,Northeast,278.5,167.83333333333334,True,1
1806479196,1282327174,random,EVT-0063,2024-01-08,CV_ANTICOAG_ORAL,primary care,Southwest,174.33333333333334,252.33333333333334,True,1
1808826295,1457999534,random,EVT-0063,2024-01-08,CV_ANTICOAG_ORAL,primary care,Southeast,378.3333333333333,142.16666666666666,True,1
1812815243,1416978082,random,EVT-0063,2024-01-08,CV_ANTICOAG_ORAL,primary care,Midwest,233.16666666666666,121.83333333333333,True,1
1815807585,1134632102,random,EVT-0063,2024-01-08,CV_ANTICOAG_ORAL,primary care,Southeast,179.66666666666666,332.8333333333333,True,1
1836314447,1174238463,random,EVT-0063,2024-01-08,CV_ANTICOAG_ORAL,endocrinology,Southeast,116.83333333333333,96.16666666666667,True,1
1908168895,1100495849,random,EVT-0063,2024-01-08,CV_ANTICOAG_ORAL,primary care,Southwest,129.16666666666666,295.5,True,1
1922670785,1666152792,random,EVT-0063,2024-01-08,CV_ANTICOAG_ORAL,primary care,Southeast,372.0,46.833333333333336,True,1
1924355757,1058325303,random,EVT-0063,2024-01-08,CV_ANTICOAG_ORAL,primary care,Southwest,365.8333333333333,165.5,True,1
1927430854,1656483868,random,EVT-0063,2024-01-08,CV_ANTICOAG_ORAL,primary care,Southeast,328.0,36.5,True,1
1989798412,1448589550,random,EVT-0063,2024-01-08,CV_ANTICOAG_ORAL,primary care,Southwest,358.3333333333333,86.83333333333333,True,1
1074076039,1131525051,random,EVT-0064,2024-01-09,CARD_HF_ARNI,cardiology,Southeast,382.5,281.1666666666667,True,1
1202669523,1844625859,random,EVT-0064,2024-01-09,CARD_HF_ARNI,cardiology,Midwest,307.3333333333333,108.83333333333333,True,1
1265952337,1293643247,random,EVT-0064,2024-01-09,CARD_HF_ARNI,cardiology,Northeast,434.8333333333333,210.16666666666666,True,1
1300832031,1789632894,random,EVT-0064,2024-01-09,CARD_HF_ARNI,cardiology,West,170.16666666666666,94.66666666666667,True,1
1443520683,1706770306,random,EVT-0064,2024-01-09,CARD_HF_ARNI,cardiology,Midwest,182.83333333333334,159.33333333333334,True,1
1460081361,1713519829,random,EVT-0064,2024-01-09,CARD_HF_ARNI,cardiology,Northeast,186.5,182.5,True,1
1492077734,1120914548,random,EVT-0064,2024-01-09,CARD_HF_ARNI,cardiology,Midwest,541.5,277.6666666666667,True,1
1516074709,1990264784,random,EVT-0064,2024-01-09,CARD_HF_ARNI,cardiology,Southwest,343.6666666666667,88.16666666666667,True,1
1631526641,1451721462,random,EVT-0064,2024-01-09,CARD_HF_ARNI,cardiology,Southwest,218.83333333333334,237.5,True,1
1648553570,1369949932,random,EVT-0064,2024-01-09,CARD_HF_ARNI,cardiology,Southwest,307.1666666666667,305.6666666666667,True,1
1670701188,1614978876,random,EVT-0064,2024-01-09,CARD_HF_ARNI,cardiology,Southeast,461.8333333333333,138.16666666666666,True,1
1732000645,1016162897,random,EVT-0064,2024-01-09,CARD_HF_ARNI,cardiology,Southwest,495.3333333333333,122.33333333333333,True,1
1787619711,1331020234,random,EVT-0064,2024-01-09,CARD_HF_ARNI,cardiology,Midwest,609.5,355.8333333333333,True,1
1934763735,1848800052,random,EVT-0064,2024-01-09,CARD_HF_ARNI,cardiology,Midwest,162.16666666666666,316.8333333333333,True,1
1934829601,1069143851,random,EVT-0064,2024-01-09,CARD_HF_ARNI,cardiology,Midwest,314.6666666666667,300.3333333333333,True,1
1002145427,1934277181,random,EVT-0065,2024-01-09,CV_ANTICOAG_ORAL,primary care,Northeast,202.33333333333334,56.666666666666664,True,1
1026722938,1295389203,random,EVT-0065,2024-01-09,CV_ANTICOAG_ORAL,endocrinology,Midwest,348.3333333333333,135.16666666666666,True,1
1040239976,1901453930,random,EVT-0065,2024-01-09,CV_ANTICOAG_ORAL,rheumatology,Northeast,126.5,59.333333333333336,True,1
1101185407,1769198304,random,EVT-0065,2024-01-09,CV_ANTICOAG_ORAL,primary care,Midwest,128.83333333333334,104.16666666666667,True,1
1136500869,1309748980,random,EVT-0065,2024-01-09,CV_ANTICOAG_ORAL,endocrinology,Southeast,320.8333333333333,46.833333333333336,True,1
1137408567,1713519829,random,EVT-0065,2024-01-09,CV_ANTICOAG_ORAL,endocrinology,Northeast,528.3333333333334,70.16666666666667,True,1
1144669185,1870532862,random,EVT-0065,2024-01-09,CV_ANTICOAG_ORAL,primary care,Northeast,638.3333333333334,169.5,True,1
1198262952,1409960642,random,EVT-0065,2024-01-09,CV_ANTICOAG_ORAL,pulmonology,Northeast,189.5,139.16666666666666,True,1
1213511599,1632734848,random,EVT-0065,2024-01-09,CV_ANTICOAG_ORAL,primary care,Northeast,781.0,83.16666666666667,True,1
1259584955,1890077344,random,EVT-0065,2024-01-09,CV_ANTICOAG_ORAL,oncology,Northeast,103.16666666666667,259.3333333333333,True,1
1271768685,1425171802,random,EVT-0065,2024-01-09,CV_ANTICOAG_ORAL,primary care,Midwest,210.33333333333334,84.33333333333333,True,1
1287287258,1640263392,random,EVT-0065,2024-01-09,CV_ANTICOAG_ORAL,primary care,Midwest,223.0,138.83333333333334,True,1
1293643247,1400951004,random,EVT-0065,2024-01-09,CV_ANTICOAG_ORAL,cardiology,Midwest,156.66666666666666,291.3333333333333,True,1
1330017819,1458345984,random,EVT-0065,2024-01-09,CV_ANTICOAG_ORAL,neurology,Southwest,208.83333333333334,128.66666666666666,True,1
1335670091,1724378447,random,EVT-0065,2024-01-09,CV_ANTICOAG_ORAL,primary care,Midwest,297.1666666666667,64.33333333333333,True,1
1385532449,1580871600,random,EVT-0065,2024-01-09,CV_ANTICOAG_ORAL,primary care,Southeast,159.83333333333334,80.83333333333333,True,1
1394609428,1960543621,random,EVT-0065,2024-01-09,CV_ANTICOAG_ORAL,endocrinology,Southwest,403.5,182.5,True,1
1425340662,1661525075,random,EVT-0065,2024-01-09,CV_ANTICOAG_ORAL,primary care,Southwest,350.1666666666667,98.66666666666667,True,1
1436505063,1279255164,random,EVT-0065,2024-01-09,CV_ANTICOAG_ORAL,primary care,Midwest,255.66666666666666,94.33333333333333,True,1
1523498065,1745370779,random,EVT-0065,2024-01-09,CV_ANTICOAG_ORAL,primary care,Southeast,100.33333333333333,66.33333333333333,True,1
1523681389,1713731663,random,EVT-0065,2024-01-09,CV_ANTICOAG_ORAL,primary care,Midwest,68.16666666666667,402.1666666666667,True,1
1555906795,1851932792,random,EVT-0065,2024-01-09,CV_ANTICOAG_ORAL,pulmonology,Midwest,211.5,133.83333333333334,True,1
1685524518,1299832539,random,EVT-0065,2024-01-09,CV_ANTICOAG_ORAL,primary care,Southeast,126.33333333333333,197.16666666666666,True,1
1689916181,1337789832,random,EVT-0065,2024-01-09,CV_ANTICOAG_ORAL,primary care,Northeast,184.66666666666666,101.66666666666667,True,1
1752727945,1688735228,random,EVT-0065,2024-01-09,CV_ANTICOAG_ORAL,primary care,West,108.83333333333333,88.83333333333333,True,1
1768225918,1706770306,random,EVT-0065,2024-01-09,CV_ANTICOAG_ORAL,endocrinology,Midwest,182.33333333333334,131.16666666666666,True,1
1824172013,1377956168,random,EVT-0065,2024-01-09,CV_ANTICOAG_ORAL,primary care,Midwest,261.8333333333333,138.5,True,1
1840863041,1473494189,random,EVT-0065,2024-01-09,CV_ANTICOAG_ORAL,oncology,Southeast,224.83333333333334,82.83333333333333,True,1
1848624494,1656483868,random,EVT-0065,2024-01-09,CV_ANTICOAG_ORAL,primary care,Midwest,223.0,36.5,True,1
1856406925,1134089733,random,EVT-0065,2024-01-09,CV_ANTICOAG_ORAL,cardiology,Northeast,144.83333333333334,47.833333333333336,True,1
1856601467,1095874958,random,EVT-0065,2024-01-09,CV_ANTICOAG_ORAL,neurology,West,63.833333333333336,220.83333333333334,True,1
1934829601,1423946593,random,EVT-0065,2024-01-09,CV_ANTICOAG_ORAL,cardiology,Midwest,218.5,159.33333333333334,True,1
1989798412,1971097054,random,EVT-0065,2024-01-09,CV_ANTICOAG_ORAL,primary care,Southwest,358.3333333333333,113.0,True,1
1969108517,1614978876,random,EVT-0065,2024-01-09,CV_ANTICOAG_ORAL,cardiology,Midwest,233.0,65.5,True,1
1025231352,1457999534,random,EVT-0066,2024-01-11,RHEUM_JAK_ORAL,rheumatology,Northeast,255.83333333333334,124.16666666666667,True,1
1199976907,1213108081,random,EVT-0066,2024-01-11,RHEUM_JAK_ORAL,rheumatology,Northeast,259.1666666666667,199.83333333333334,True,1
1352702876,1004478891,random,EVT-0066,2024-01-11,RHEUM_JAK_ORAL,rheumatology,Northeast,147.5,112.33333333333333,True,1
1386832996,1757283357,random,EVT-0066,2024-01-11,RHEUM_JAK_ORAL,rheumatology,West,185.83333333333334,227.66666666666666,True,1
1393791409,1047406420,random,EVT-0066,2024-01-11,RHEUM_JAK_ORAL,rheumatology,Midwest,300.5,56.666666666666664,True,1
1428792083,1602648309,random,EVT-0066,2024-01-11,RHEUM_JAK_ORAL,rheumatology,West,94.5,581.0,True,1
1519182780,1524065749,random,EVT-0066,2024-01-11,RHEUM_JAK_ORAL,rheumatology,Midwest,208.33333333333334,437.0,True,1
1590337907,1418295824,random,EVT-0066,2024-01-11,RHEUM_JAK_ORAL,rheumatology,Northeast,477.3333333333333,165.33333333333334,True,1
1598661571,1150502551,random,EVT-0066,2024-01-11,RHEUM_JAK_ORAL,rheumatology,Northeast,428.8333333333333,353.1666666666667,True,1
1647196991,1643343233,random,EVT-0066,2024-01-11,RHEUM_JAK_ORAL,rheumatology,Southeast,538.6666666666666,300.5,True,1
1847082322,1255569448,random,EVT-0066,2024-01-11,RHEUM_JAK_ORAL,rheumatology,Northeast,226.33333333333334,132.5,True,1
1944079924,1501563039,random,EVT-0066,2024-01-11,RHEUM_JAK_ORAL,rheumatology,Southeast,641.1666666666666,168.66666666666666,True,1
1031568581,1851932792,random,EVT-0067,2024-01-20,CV_ANTICOAG_ORAL,pulmonology,Southeast,86.5,133.83333333333334,True,1
1031907094,1304105269,random,EVT-0067,2024-01-20,CV_ANTICOAG_ORAL,rheumatology,West,151.16666666666666,197.0,True,1
1050705288,1250524505,random,EVT-0067,2024-01-20,CV_ANTICOAG_ORAL,endocrinology,Southeast,533.1666666666666,54.333333333333336,True,1
1101185407,1443907526,random,EVT-0067,2024-01-20,CV_ANTICOAG_ORAL,primary care,Midwest,128.83333333333334,134.0,True,1
1139166684,1803952245,random,EVT-0067,2024-01-20,CV_ANTICOAG_ORAL,pulmonology,Midwest,119.5,36.333333333333336,True,1
1159841240,1738266356,random,EVT-0067,2024-01-20,CV_ANTICOAG_ORAL,neurology,Southeast,528.0,101.16666666666667,True,1
1180932224,1501563039,random,EVT-0067,2024-01-20,CV_ANTICOAG_ORAL,primary care,Southeast,229.83333333333334,184.83333333333334,True,1
1190842652,1736538384,random,EVT-0067,2024-01-20,CV_ANTICOAG_ORAL,primary care,Southwest,158.83333333333334,115.33333333333333,True,1
1194203331,1160075531,random,EVT-0067,2024-01-20,CV_ANTICOAG_ORAL,rheumatology,Southeast,228.66666666666666,63.0,True,1
1249657408,1775551348,random,EVT-0067,2024-01-20,CV_ANTICOAG_ORAL,endocrinology,Northeast,196.0,94.66666666666667,True,1
1262874856,1100495849,random,EVT-0067,2024-01-20,CV_ANTICOAG_ORAL,pulmonology,Midwest,68.83333333333333,295.5,True,1
1315385710,1432188427,random,EVT-0067,2024-01-20,CV_ANTICOAG_ORAL,primary care,Northeast,432.3333333333333,350.3333333333333,True,1
1326905712,1417682113,random,EVT-0067,2024-01-20,CV_ANTICOAG_ORAL,oncology,West,97.83333333333333,47.333333333333336,True,1
1330017819,1695082515,random,EVT-0067,2024-01-20,CV_ANTICOAG_ORAL,neurology,Southwest,208.83333333333334,107.5,True,1
1375349903,1105435741,random,EVT-0067,2024-01-20,CV_ANTICOAG_ORAL,endocrinology,West,154.5,156.5,True,1
1389574017,1384158410,random,EVT-0067,2024-01-20,CV_ANTICOAG_ORAL,pulmonology,Southwest,279.5,139.5,True,1
1567993435,1529045985,random,EVT-0067,2024-01-20,CV_ANTICOAG_ORAL,neurology,Northeast,72.0,165.5,True,1
1599989245,1510477734,random,EVT-0067,2024-01-20,CV_ANTICOAG_ORAL,oncology,Northeast,92.16666666666667,71.33333333333333,True,1
1613561947,1831183839,random,EVT-0067,2024-01-20,CV_ANTICOAG_ORAL,primary care,Southeast,223.33333333333334,101.16666666666667,True,1
1644815767,1875708707,random,EVT-0067,2024-01-20,CV_ANTICOAG_ORAL,primary care,West,241.33333333333334,95.0,True,1
1647700669,1985816515,random,EVT-0067,2024-01-20,CV_ANTICOAG_ORAL,pulmonology,West,44.666666666666664,63.166666666666664,True,1
1703413967,1730655531,random,EVT-0067,2024-01-20,CV_ANTICOAG_ORAL,endocrinology,West,280.1666666666667,168.0,True,1
1707435529,1569475654,random,EVT-0067,2024-01-20,CV_ANTICOAG_ORAL,primary care,Southeast,158.16666666666666,80.16666666666667,True,1
1806479196,1216532808,random,EVT-0067,2024-01-20,CV_ANTICOAG_ORAL,primary care,Southwest,174.33333333333334,94.16666666666667,True,1
1812815243,1598998692,random,EVT-0067,2024-01-20,CV_ANTICOAG_ORAL,primary care,Midwest,233.16666666666666,119.33333333333333,True,1
1937514325,1632734848,random,EVT-0067,2024-01-20,CV_ANTICOAG_ORAL,primary care,West,235.33333333333334,83.16666666666667,True,1
1955620046,1971097054,random,EVT-0067,2024-01-20,CV_ANTICOAG_ORAL,primary care,Southeast,235.16666666666666,113.0,True,1
1993463169,1555285877,random,EVT-0067,2024-01-20,CV_ANTICOAG_ORAL,endocrinology,West,124.66666666666667,82.83333333333333,True,1
1636376422,1757283357,random,EVT-0067,2024-01-20,CV_ANTICOAG_ORAL,neurology,Southwest,64.0,133.66666666666666,True,1
1031568581,1798313247,random,EVT-0068,2024-01-26,METABOLIC_GLP1_INJ,pulmonology,Southeast,90.16666666666667,54.166666666666664,True,1
1044666919,1337606333,random,EVT-0068,2024-01-26,METABOLIC_GLP1_INJ,neurology,Southeast,215.66666666666666,74.33333333333333,True,1
1050705288,1622391112,random,EVT-0068,2024-01-26,METABOLIC_GLP1_INJ,endocrinology,Southeast,156.16666666666666,55.5,True,1
1058647219,1536141264,random,EVT-0068,2024-01-26,METABOLIC_GLP1_INJ,pulmonology,Northeast,220.0,69.16666666666667,True,1
1075036339,1149313383,random,EVT-0068,2024-01-26,METABOLIC_GLP1_INJ,pulmonology,West,30.666666666666668,98.0,True,1
1123148250,1741672111,random,EVT-0068,2024-01-26,METABOLIC_GLP1_INJ,cardiology,Southwest,311.8333333333333,63.833333333333336,True,1
1126098163,1573445784,random,EVT-0068,2024-01-26,METABOLIC_GLP1_INJ,pulmonology,Southeast,248.33333333333334,98.33333333333333,True,1
1139166684,1731313338,random,EVT-0068,2024-01-26,METABOLIC_GLP1_INJ,pulmonology,Midwest,126.0,50.5,True,1
1198262952,1364592786,random,EVT-0068,2024-01-26,METABOLIC_GLP1_INJ,pulmonology,Northeast,82.5,57.333333333333336,True,1
1238983617,1159301823,random,EVT-0068,2024-01-26,METABOLIC_GLP1_INJ,pulmonology,Southeast,149.0,35.333333333333336,True,1
1264333323,1852326267,random,EVT-0068,2024-01-26,METABOLIC_GLP1_INJ,primary care,Northeast,121.33333333333333,106.16666666666667,True,1
1389574017,1381937048,random,EVT-0068,2024-01-26,METABOLIC_GLP1_INJ,pulmonology,Southwest,151.83333333333334,118.66666666666667,True,1
1393791409,1240190284,random,EVT-0068,2024-01-26,METABOLIC_GLP1_INJ,rheumatology,Midwest,151.83333333333334,85.16666666666667,True,1
1397955463,1250113473,random,EVT-0068,2024-01-26,METABOLIC_GLP1_INJ,primary care,Southeast,515.8333333333334,102.83333333333333,True,1
1409867656,1456937691,random,EVT-0068,2024-01-26,METABOLIC_GLP1_INJ,neurology,Northeast,63.166666666666664,83.5,True,1
1413519731,1812123887,random,EVT-0068,2024-01-26,METABOLIC_GLP1_INJ,primary care,Southwest,273.3333333333333,104.16666666666667,True,1
1423152481,1473494189,random,EVT-0068,2024-01-26,METABOLIC_GLP1_INJ,primary care,Southeast,338.8333333333333,198.33333333333334,True,1
1533003293,1534502129,random,EVT-0068,2024-01-26,METABOLIC_GLP1_INJ,pulmonology,Midwest,126.5,66.0,True,1
1547244776,1694658844,random,EVT-0068,2024-01-26,METABOLIC_GLP1_INJ,pulmonology,Northeast,89.16666666666667,133.66666666666666,True,1
1592062677,1855585794,random,EVT-0068,2024-01-26,METABOLIC_GLP1_INJ,neurology,Southeast,130.33333333333334,32.0,True,1
1592123891,1449657976,random,EVT-0068,2024-01-26,METABOLIC_GLP1_INJ,primary care,Northeast,119.16666666666667,25.5,True,1
1610177150,1555285877,random,EVT-0068,2024-01-26,METABOLIC_GLP1_INJ,cardiology,Southeast,161.33333333333334,53.166666666666664,True,1
1630629040,1977922420,random,EVT-0068,2024-01-26,METABOLIC_GLP1_INJ,endocrinology,Southeast,150.33333333333334,158.16666666666666,True,1
1728890785,1905395731,random,EVT-0068,2024-01-26,METABOLIC_GLP1_INJ,neurology,Southeast,86.0,86.33333333333333,True,1
1738903891,1823835685,random,EVT-0068,2024-01-26,METABOLIC_GLP1_INJ,endocrinology,Southeast,210.83333333333334,104.16666666666667,True,1
1745601371,1208634919,random,EVT-0068,2024-01-26,METABOLIC_GLP1_INJ,cardiology,Midwest,102.83333333333333,43.0,True,1
1836314447,1309748980,random,EVT-0068,2024-01-26,METABOLIC_GLP1_INJ,endocrinology,Southeast,110.0,70.83333333333333,True,1
1840863041,1295857761,random,EVT-0068,2024-01-26,METABOLIC_GLP1_INJ,oncology,Southeast,60.0,41.833333333333336,True,1
1893020424,1232787030,random,EVT-0068,2024-01-26,METABOLIC_GLP1_INJ,neurology,Midwest,258.3333333333333,66.66666666666667,True,1
1922670785,1026926489,random,EVT-0068,2024-01-26,METABOLIC_GLP1_INJ,primary care,Southeast,342.5,154.0,True,1
1927430854,1783823739,random,EVT-0068,2024-01-26,METABOLIC_GLP1_INJ,primary care,Southeast,142.5,312.0,True,1
1968209027,1657655308,random,EVT-0068,2024-01-26,METABOLIC_GLP1_INJ,rheumatology,Southeast,38.333333333333336,75.66666666666667,True,1
1018018261,1468190701,random,EVT-0069,2024-01-28,CV_ANTICOAG_ORAL,primary care,Northeast,311.8333333333333,75.16666666666667,True,1
1048976678,1527981900,random,EVT-0069,2024-01-28,CV_ANTICOAG_ORAL,primary care,Southeast,217.5,122.33333333333333,True,1
1084471394,1210642439,random,EVT-0069,2024-01-28,CV_ANTICOAG_ORAL,primary care,Northeast,100.66666666666667,384.1666666666667,True,1
1084919582,1586730040,random,EVT-0069,2024-01-28,CV_ANTICOAG_ORAL,primary care,Southeast,146.66666666666666,45.5,True,1
1133130363,1296624285,random,EVT-0069,2024-01-28,CV_ANTICOAG_ORAL,primary care,Northeast,185.66666666666666,120.0,True,1
1139166684,1402934529,random,EVT-0069,2024-01-28,CV_ANTICOAG_ORAL,pulmonology,Midwest,119.5,52.833333333333336,True,1
1169614082,1713731663,random,EVT-0069,2024-01-28,CV_ANTICOAG_ORAL,primary care,Midwest,104.5,402.1666666666667,True,1
1213511599,1962911834,random,EVT-0069,2024-01-28,CV_ANTICOAG_ORAL,primary care,Northeast,781.0,158.0,True,1
1216575070,1985685233,random,EVT-0069,2024-01-28,CV_ANTICOAG_ORAL,primary care,Midwest,186.33333333333334,71.16666666666667,True,1
1219516501,1371002787,random,EVT-0069,2024-01-28,CV_ANTICOAG_ORAL,endocrinology,Midwest,318.8333333333333,48.833333333333336,True,1
1229022169,1852326267,random,EVT-0069,2024-01-28,CV_ANTICOAG_ORAL,pulmonology,West,141.0,71.66666666666667,True,1
1251567115,1412773438,random,EVT-0069,2024-01-28,CV_ANTICOAG_ORAL,primary care,Midwest,117.16666666666667,355.5,True,1
1264333323,1632734848,random,EVT-0069,2024-01-28,CV_ANTICOAG_ORAL,primary care,Northeast,259.3333333333333,83.16666666666667,True,1
1271463741,1736538384,random,EVT-0069,2024-01-28,CV_ANTICOAG_ORAL,primary care,West,95.16666666666667,115.33333333333333,True,1
1315385710,1871372714,random,EVT-0069,2024-01-28,CV_ANTICOAG_ORAL,primary care,Northeast,432.3333333333333,286.8333333333333,True,1
1335670091,1903121188,random,EVT-0069,2024-01-28,CV_ANTICOAG_ORAL,primary care,Midwest,297.1666666666667,100.0,True,1
1376656900,1305714580,random,EVT-0069,2024-01-28,CV_ANTICOAG_ORAL,cardiology,Southwest,92.0,431.5,True,1
1377426493,1855585794,random,EVT-0069,2024-01-28,CV_ANTICOAG_ORAL,primary care,West,328.5,120.16666666666667,True,1
1385532449,1200437733,random,EVT-0069,2024-01-28,CV_ANTICOAG_ORAL,primary care,Southeast,159.83333333333334,164.66666666666666,True,1
1407459696,1922185990,random,EVT-0069,2024-01-28,CV_ANTICOAG_ORAL,pulmonology,Southwest,81.16666666666667,105.66666666666667,True,1
1407931751,1886821390,random,EVT-0069,2024-01-28,CV_ANTICOAG_ORAL,oncology,Midwest,93.0,54.833333333333336,True,1
1436505063,1087671156,random,EVT-0069,2024-01-28,CV_ANTICOAG_ORAL,primary care,Midwest,255.66666666666666,55.666666666666664,True,1
1456207657,1335601583,random,EVT-0069,2024-01-28,CV_ANTICOAG_ORAL,primary care,Midwest,274.0,92.66666666666667,True,1
1456299035,1498652761,random,EVT-0069,2024-01-28,CV_ANTICOAG_ORAL,primary care,Southeast,188.16666666666666,43.5,True,1
1506746308,1893638738,random,EVT-0069,2024-01-28,CV_ANTICOAG_ORAL,endocrinology,West,83.33333333333333,60.5,True,1
1511022174,1349686455,random,EVT-0069,2024-01-28,CV_ANTICOAG_ORAL,primary care,Midwest,200.0,158.83333333333334,True,1
1535820066,1257768279,random,EVT-0069,2024-01-28,CV_ANTICOAG_ORAL,primary care,West,199.0,176.33333333333334,True,1
1551962891,1617703974,random,EVT-0069,2024-01-28,CV_ANTICOAG_ORAL,cardiology,Midwest,128.0,116.16666666666667,True,1
1592123891,1870612441,random,EVT-0069,2024-01-28,CV_ANTICOAG_ORAL,primary care,Northeast,317.0,225.33333333333334,True,1
1595774286,1510477734,random,EVT-0069,2024-01-28,CV_ANTICOAG_ORAL,rheumatology,Midwest,207.66666666666666,71.33333333333333,True,1
1610177150,1061035188,random,EVT-0069,2024-01-28,CV_ANTICOAG_ORAL,cardiology,Southeast,320.3333333333333,93.0,True,1
1613561947,1038582841,random,EVT-0069,2024-01-28,CV_ANTICOAG_ORAL,primary care,Southeast,223.33333333333334,61.5,True,1
1639269087,1998699429,random,EVT-0069,2024-01-28,CV_ANTICOAG_ORAL,primary care,Northeast,152.33333333333334,223.66666666666666,True,1
1644815767,1555114069,random,EVT-0069,2024-01-28,CV_ANTICOAG_ORAL,primary care,West,241.33333333333334,62.333333333333336,True,1
1724092733,1888770710,random,EVT-0069,2024-01-28,CV_ANTICOAG_ORAL,cardiology,Northeast,223.33333333333334,60.5,True,1
1727463709,1999506508,random,EVT-0069,2024-01-28,CV_ANTICOAG_ORAL,cardiology,West,204.0,103.0,True,1
1732527431,1788668972,random,EVT-0069,2024-01-28,CV_ANTICOAG_ORAL,primary care,Southeast,242.0,94.83333333333333,True,1
1779411515,1393729789,random,EVT-0069,2024-01-28,CV_ANTICOAG_ORAL,endocrinology,Midwest,117.33333333333333,193.16666666666666,True,1
1832506087,1403127461,random,EVT-0069,2024-01-28,CV_ANTICOAG_ORAL,primary care,Midwest,490.1666666666667,55.666666666666664,True,1
1848624494,1722502113,random,EVT-0069,2024-01-28,CV_ANTICOAG_ORAL,primary care,Midwest,223.0,82.83333333333333,True,1
1880717263,1400951004,random,EVT-0069,2024-01-28,CV_ANTICOAG_ORAL,pulmonology,Northeast,156.5,291.3333333333333,True,1
1903798589,1676855970,random,EVT-0069,2024-01-28,CV_ANTICOAG_ORAL,primary care,Southwest,226.66666666666666,56.333333333333336,True,1
1924355757,1250113473,random,EVT-0069,2024-01-28,CV_ANTICOAG_ORAL,primary care,Southwest,365.8333333333333,50.833333333333336,True,1
1934829601,1464805419,random,EVT-0069,2024-01-28,CV_ANTICOAG_ORAL,cardiology,Midwest,218.5,113.5,True,1
1937514325,1383406257,random,EVT-0069,2024-01-28,CV_ANTICOAG_ORAL,primary care,West,235.33333333333334,102.33333333333333,True,1
1944079924,1038444141,random,EVT-0069,2024-01-28,CV_ANTICOAG_ORAL,rheumatology,Southeast,382.3333333333333,67.0,True,1
1964945871,1334266743,random,EVT-0069,2024-01-28,CV_ANTICOAG_ORAL,endocrinology,Northeast,205.5,226.66666666666666,True,1
1969108517,1895078685,random,EVT-0069,2024-01-28,CV_ANTICOAG_ORAL,cardiology,Midwest,233.0,359.6666666666667,True,1
1989798412,1010852790,random,EVT-0069,2024-01-28,CV_ANTICOAG_ORAL,primary care,Southwest,358.3333333333333,112.16666666666667,True,1
1073902250,1688735228,random,EVT-0070,2024-02-03,RHEUM_JAK_ORAL,rheumatology,West,318.6666666666667,181.66666666666666,True,1
1357524945,1892264320,random,EVT-0070,2024-02-03,RHEUM_JAK_ORAL,rheumatology,Midwest,847.3333333333334,75.0,True,1
1428792083,1370361275,random,EVT-0070,2024-02-03,RHEUM_JAK_ORAL,rheumatology,West,97.33333333333333,135.0,True,1
1435949049,1506592454,random,EVT-0070,2024-02-03,RHEUM_JAK_ORAL,rheumatology,Northeast,449.6666666666667,77.0,True,1
1598661571,1618334340,random,EVT-0070,2024-02-03,RHEUM_JAK_ORAL,rheumatology,Northeast,435.8333333333333,152.0,True,1
1616839134,1255569448,random,EVT-0070,2024-02-03,RHEUM_JAK_ORAL,rheumatology,Northeast,892.1666666666666,130.16666666666666,True,1
1847082322,1524065749,random,EVT-0070,2024-02-03,RHEUM_JAK_ORAL,rheumatology,Northeast,239.33333333333334,444.0,True,1
1944079924,1371002787,random,EVT-0070,2024-02-03,RHEUM_JAK_ORAL,rheumatology,Southeast,696.0,292.3333333333333,True,1
1002145427,1878312481,random,EVT-0071,2024-02-05,METABOLIC_GLP1_INJ,primary care,Northeast,301.5,78.5,True,1
1009179924,1332504376,random,EVT-0071,2024-02-05,METABOLIC_GLP1_INJ,cardiology,West,239.5,107.83333333333333,True,1
1018018261,1018861793,random,EVT-0071,2024-02-05,METABOLIC_GLP1_INJ,primary care,Northeast,255.5,51.833333333333336,True,1
1041585906,1271711891,random,EVT-0071,2024-02-05,METABOLIC_GLP1_INJ,oncology,West,89.33333333333333,22.333333333333332,True,1
1084471394,1246818524,random,EVT-0071,2024-02-05,METABOLIC_GLP1_INJ,primary care,Northeast,284.5,42.166666666666664,True,1
1094274762,1643343233,random,EVT-0071,2024-02-05,METABOLIC_GLP1_INJ,primary care,West,123.0,128.33333333333334,True,1
1098995024,1013443506,random,EVT-0071,2024-02-05,METABOLIC_GLP1_INJ,primary care,Northeast,131.66666666666666,29.5,True,1
1129206672,1900445093,random,EVT-0071,2024-02-05,METABOLIC_GLP1_INJ,pulmonology,Northeast,227.33333333333334,51.5,True,1
1133130363,1440538092,random,EVT-0071,2024-02-05,METABOLIC_GLP1_INJ,primary care,Northeast,407.3333333333333,141.66666666666666,True,1
1159301823,1434523506,random,EVT-0071,2024-02-05,METABOLIC_GLP1_INJ,oncology,West,32.5,138.5,True,1
1180932224,1352216182,random,EVT-0071,2024-02-05,METABOLIC_GLP1_INJ,primary care,Southeast,214.16666666666666,148.83333333333334,True,1
1181854898,1257768279,random,EVT-0071,2024-02-05,METABOLIC_GLP1_INJ,primary care,Southeast,208.83333333333334,211.0,True,1
1200096471,1304105269,random,EVT-0071,2024-02-05,METABOLIC_GLP1_INJ,primary care,Southeast,96.83333333333333,175.5,True,1
1224230882,1722581836,random,EVT-0071,2024-02-05,METABOLIC_GLP1_INJ,primary care,Southwest,61.0,95.83333333333333,True,1
1243754490,1674708775,random,EVT-0071,2024-02-05,METABOLIC_GLP1_INJ,neurology,Northeast,160.33333333333334,119.16666666666667,True,1
1263807582,1403453024,random,EVT-0071,2024-02-05,METABOLIC_GLP1_INJ,primary care,Northeast,335.5,403.8333333333333,True,1
1264333323,1448589550,random,EVT-0071,2024-02-05,METABOLIC_GLP1_INJ,primary care,Northeast,121.0,33.0,True,1
1284061300,1393729789,random,EVT-0071,2024-02-05,METABOLIC_GLP1_INJ,primary care,West,95.66666666666667,109.16666666666667,True,1
1321405205,1065674784,random,EVT-0071,2024-02-05,METABOLIC_GLP1_INJ,primary care,West,30.0,82.83333333333333,True,1
1335670091,1879804551,random,EVT-0071,2024-02-05,METABOLIC_GLP1_INJ,primary care,Midwest,52.666666666666664,88.66666666666667,True,1
1341556789,1057623450,random,EVT-0071,2024-02-05,METABOLIC_GLP1_INJ,cardiology,West,306.8333333333333,113.83333333333333,True,1
1364458855,1852326267,random,EVT-0071,2024-02-05,METABOLIC_GLP1_INJ,endocrinology,Southeast,125.16666666666667,116.16666666666667,True,1
1375349903,1261377760,random,EVT-0071,2024-02-05,METABOLIC_GLP1_INJ,endocrinology,West,216.5,162.0,True,1
1377426493,1081051991,random,EVT-0071,2024-02-05,METABOLIC_GLP1_INJ,primary care,West,257.5,79.16666666666667,True,1
1413519731,1443260538,random,EVT-0071,2024-02-05,METABOLIC_GLP1_INJ,primary care,Southwest,275.6666666666667,94.66666666666667,True,1
1433980129,1828766265,random,EVT-0071,2024-02-05,METABOLIC_GLP1_INJ,pulmonology,Northeast,188.66666666666666,61.666666666666664,True,1
1435662964,1254891769,random,EVT-0071,2024-02-05,METABOLIC_GLP1_INJ,endocrinology,West,94.5,71.5,True,1
1449331358,1884938808,random,EVT-0071,2024-02-05,METABOLIC_GLP1_INJ,pulmonology,Midwest,128.16666666666666,159.16666666666666,True,1
1456299035,1333043895,random,EVT-0071,2024-02-05,METABOLIC_GLP1_INJ,primary care,Southeast,345.5,59.666666666666664,True,1
1511022174,1100495849,random,EVT-0071,2024-02-05,METABOLIC_GLP1_INJ,primary care,Midwest,108.33333333333333,361.5,True,1
1520551320,1666152792,random,EVT-0071,2024-02-05,METABOLIC_GLP1_INJ,rheumatology,Northeast,114.83333333333333,32.666666666666664,True,1
1610177150,1823309871,random,EVT-0071,2024-02-05,METABOLIC_GLP1_INJ,cardiology,Southeast,171.5,119.5,True,1
1639269087,1510477734,random,EVT-0071,2024-02-05,METABOLIC_GLP1_INJ,primary care,Northeast,392.5,39.333333333333336,True,1
1644815767,1250017203,random,EVT-0071,2024-02-05,METABOLIC_GLP1_INJ,primary care,West,283.6666666666667,58.833333333333336,True,1
1657035808,1135771313,random,EVT-0071,2024-02-05,METABOLIC_GLP1_INJ,primary care,West,232.33333333333334,30.0,True,1
1657725655,1939052563,random,EVT-0071,2024-02-05,METABOLIC_GLP1_INJ,cardiology,West,134.5,74.0,True,1
1706991829,1477499267,random,EVT-0071,2024-02-05,METABOLIC_GLP1_INJ,endocrinology,Midwest,87.5,81.66666666666667,True,1
1721479586,1418704015,random,EVT-0071,2024-02-05,METABOLIC_GLP1_INJ,primary care,West,134.0,81.33333333333333,True,1
1767249513,1765149178,random,EVT-0071,2024-02-05,METABOLIC_GLP1_INJ,pulmonology,West,34.333333333333336,64.66666666666667,True,1
1808826295,1742318383,random,EVT-0071,2024-02-05,METABOLIC_GLP1_INJ,primary care,Southeast,208.66666666666666,141.83333333333334,True,1
1824172013,1473494189,random,EVT-0071,2024-02-05,METABOLIC_GLP1_INJ,primary care,Midwest,821.1666666666666,202.66666666666666,True,1
1832506087,1901417067,random,EVT-0071,2024-02-05,METABOLIC_GLP1_INJ,primary care,Midwest,511.3333333333333,137.5,True,1
1844747141,1340455504,random,EVT-0071,2024-02-05,METABOLIC_GLP1_INJ,primary care,West,357.1666666666667,104.0,True,1
1848624494,1205576824,random,EVT-0071,2024-02-05,METABOLIC_GLP1_INJ,primary care,Midwest,113.33333333333333,138.5,True,1
1937514325,1766730505,random,EVT-0071,2024-02-05,METABOLIC_GLP1_INJ,primary care,West,222.33333333333334,243.66666666666666,True,1
1944079924,1328056928,random,EVT-0071,2024-02-05,METABOLIC_GLP1_INJ,rheumatology,Southeast,122.66666666666667,64.66666666666667,True,1
1393791409,1255569448,random,EVT-0072,2024-02-08,RHEUM_JAK_ORAL,rheumatology,Midwest,312.3333333333333,130.16666666666666,True,1
1025231352,1884938808,random,EVT-0072,2024-02-08,RHEUM_JAK_ORAL,rheumatology,Northeast,262.0,286.8333333333333,True,1
1040239976,1998699429,random,EVT-0072,2024-02-08,RHEUM_JAK_ORAL,rheumatology,Northeast,378.0,648.6666666666666,True,1
1194203331,1674708775,random,EVT-0072,2024-02-08,RHEUM_JAK_ORAL,rheumatology,Southeast,339.3333333333333,385.0,True,1
1199976907,1993874985,random,EVT-0072,2024-02-08,RHEUM_JAK_ORAL,rheumatology,Northeast,259.3333333333333,478.5,True,1
1246066447,1457999534,random,EVT-0072,2024-02-08,RHEUM_JAK_ORAL,rheumatology,Southwest,481.0,125.0,True,1
1274985831,1922102391,random,EVT-0072,2024-02-08,RHEUM_JAK_ORAL,rheumatology,Southwest,300.6666666666667,112.66666666666667,True,1
1524065749,1181599923,random,EVT-0072,2024-02-08,RHEUM_JAK_ORAL,rheumatology,Northeast,444.0,59.0,True,1
1590337907,1187084813,random,EVT-0072,2024-02-08,RHEUM_JAK_ORAL,rheumatology,Northeast,490.3333333333333,295.3333333333333,True,1
1595774286,1704216484,random,EVT-0072,2024-02-08,RHEUM_JAK_ORAL,rheumatology,Midwest,540.8333333333334,117.66666666666667,True,1
1598661571,1757283357,random,EVT-0072,2024-02-08,RHEUM_JAK_ORAL,rheumatology,Northeast,435.8333333333333,226.83333333333334,True,1
1643343233,1892307210,random,EVT-0072,2024-02-08,RHEUM_JAK_ORAL,rheumatology,Southeast,302.3333333333333,232.83333333333334,True,1
1944079924,1892897319,random,EVT-0072,2024-02-08,RHEUM_JAK_ORAL,rheumatology,Southeast,696.0,164.16666666666666,True,1
1002145427,1363342464,random,EVT-0073,2024-02-10,PC_ANTIHYPERTENSIVE,primary care,Northeast,551.6666666666666,448.8333333333333,True,1
1018018261,1434523506,random,EVT-0073,2024-02-10,PC_ANTIHYPERTENSIVE,primary care,Northeast,448.8333333333333,292.8333333333333,True,1
1060922949,1393729789,random,EVT-0073,2024-02-10,PC_ANTIHYPERTENSIVE,primary care,Northeast,158.5,801.1666666666666,True,1
1124726435,1547660377,random,EVT-0073,2024-02-10,PC_ANTIHYPERTENSIVE,primary care,Northeast,351.3333333333333,156.5,True,1
1144669185,1219172859,random,EVT-0073,2024-02-10,PC_ANTIHYPERTENSIVE,primary care,Northeast,753.5,202.33333333333334,True,1
1169614082,1209829039,random,EVT-0073,2024-02-10,PC_ANTIHYPERTENSIVE,primary care,Midwest,203.33333333333334,642.0,True,1
1180932224,1101142523,random,EVT-0073,2024-02-10,PC_ANTIHYPERTENSIVE,primary care,Southeast,531.0,89.16666666666667,True,1
1200480071,1997693654,random,EVT-0073,2024-02-10,PC_ANTIHYPERTENSIVE,primary care,Northeast,277.3333333333333,268.8333333333333,True,1
1213511599,1566276774,random,EVT-0073,2024-02-10,PC_ANTIHYPERTENSIVE,primary care,Northeast,796.0,715.5,True,1
1263807582,1674102136,random,EVT-0073,2024-02-10,PC_ANTIHYPERTENSIVE,primary care,Northeast,744.1666666666666,148.66666666666666,True,1
1264333323,1296624285,random,EVT-0073,2024-02-10,PC_ANTIHYPERTENSIVE,primary care,Northeast,578.5,237.33333333333334,True,1
1268222167,1428222503,random,EVT-0073,2024-02-10,PC_ANTIHYPERTENSIVE,primary care,Midwest,301.0,79.83333333333333,True,1
1271463741,1625192632,random,EVT-0073,2024-02-10,PC_ANTIHYPERTENSIVE,primary care,West,142.16666666666666,114.5,True,1
1280087226,1762971749,random,EVT-0073,2024-02-10,PC_ANTIHYPERTENSIVE,primary care,Northeast,852.8333333333334,232.66666666666666,True,1
1287287258,1643297637,random,EVT-0073,2024-02-10,PC_ANTIHYPERTENSIVE,primary care,Midwest,393.6666666666667,248.5,True,1
1300654963,1134089733,random,EVT-0073,2024-02-10,PC_ANTIHYPERTENSIVE,primary care,Northeast,227.33333333333334,125.16666666666667,True,1
1315385710,1851932792,random,EVT-0073,2024-02-10,PC_ANTIHYPERTENSIVE,primary care,Northeast,1062.5,191.16666666666666,True,1
1385532449,1873780039,random,EVT-0073,2024-02-10,PC_ANTIHYPERTENSIVE,primary care,Southeast,545.3333333333334,324.5,True,1
1413519731,1134632102,random,EVT-0073,2024-02-10,PC_ANTIHYPERTENSIVE,primary care,Southwest,442.1666666666667,419.1666666666667,True,1
1418997171,1922185990,random,EVT-0073,2024-02-10,PC_ANTIHYPERTENSIVE,primary care,Northeast,524.1666666666666,70.16666666666667,True,1
1425340662,1947954388,random,EVT-0073,2024-02-10,PC_ANTIHYPERTENSIVE,primary care,Southwest,408.1666666666667,93.83333333333333,True,1
1456207657,1240393805,random,EVT-0073,2024-02-10,PC_ANTIHYPERTENSIVE,primary care,Midwest,555.5,185.66666666666666,True,1
1456299035,1412773438,random,EVT-0073,2024-02-10,PC_ANTIHYPERTENSIVE,primary care,Southeast,240.33333333333334,643.5,True,1
1484724632,1501344612,random,EVT-0073,2024-02-10,PC_ANTIHYPERTENSIVE,primary care,Northeast,373.6666666666667,133.0,True,1
1509977165,1251202242,random,EVT-0073,2024-02-10,PC_ANTIHYPERTENSIVE,primary care,Northeast,717.5,315.0,True,1
1546151204,1769234364,random,EVT-0073,2024-02-10,PC_ANTIHYPERTENSIVE,primary care,Northeast,309.3333333333333,256.8333333333333,True,1
1552813903,1842420535,random,EVT-0073,2024-02-10,PC_ANTIHYPERTENSIVE,primary care,Northeast,640.1666666666666,128.83333333333334,True,1
1595301304,1769352273,random,EVT-0073,2024-02-10,PC_ANTIHYPERTENSIVE,primary care,Southwest,408.5,332.3333333333333,True,1
1635581279,1261377760,random,EVT-0073,2024-02-10,PC_ANTIHYPERTENSIVE,primary care,Southeast,613.8333333333334,247.66666666666666,True,1
1639269087,1184426066,random,EVT-0073,2024-02-10,PC_ANTIHYPERTENSIVE,primary care,Northeast,230.83333333333334,127.66666666666667,True,1
1689916181,1429255973,random,EVT-0073,2024-02-10,PC_ANTIHYPERTENSIVE,primary care,Northeast,502.0,105.33333333333333,True,1
1721479586,1804484495,random,EVT-0073,2024-02-10,PC_ANTIHYPERTENSIVE,primary care,West,442.3333333333333,170.16666666666666,True,1
1732527431,1479078465,random,EVT-0073,2024-02-10,PC_ANTIHYPERTENSIVE,primary care,Southeast,383.5,149.0,True,1
1740047711,1742974847,random,EVT-0073,2024-02-10,PC_ANTIHYPERTENSIVE,primary care,Southeast,232.0,71.5,True,1
1803233885,1849988823,random,EVT-0073,2024-02-10,PC_ANTIHYPERTENSIVE,primary care,Southeast,329.8333333333333,58.333333333333336,True,1
1808826295,1773180629,random,EVT-0073,2024-02-10,PC_ANTIHYPERTENSIVE,primary care,Southeast,456.3333333333333,131.33333333333334,True,1
1812815243,1246818524,random,EVT-0073,2024-02-10,PC_ANTIHYPERTENSIVE,primary care,Midwest,617.8333333333334,84.66666666666667,True,1
1848624494,1377516020,random,EVT-0073,2024-02-10,PC_ANTIHYPERTENSIVE,primary care,Midwest,314.3333333333333,77.66666666666667,True,1
1862986803,1812123887,random,EVT-0073,2024-02-10,PC_ANTIHYPERTENSIVE,primary care,Midwest,255.33333333333334,417.1666666666667,True,1
1924355757,1233281843,random,EVT-0073,2024-02-10,PC_ANTIHYPERTENSIVE,primary care,Southwest,374.0,162.5,True,1
1927430854,1058325303,random,EVT-0073,2024-02-10,PC_ANTIHYPERTENSIVE,primary care,Southeast,584.8333333333334,292.3333333333333,True,1
1955620046,1783823739,random,EVT-0073,2024-02-10,PC_ANTIHYPERTENSIVE,primary care,Southeast,406.6666666666667,661.3333333333334,True,1
1018018261,1456937691,random,EVT-0074,2024-02-13,CV_ANTICOAG_ORAL,primary care,Northeast,321.0,88.0,True,1
1048976678,1394982015,random,EVT-0074,2024-02-13,CV_ANTICOAG_ORAL,primary care,Southeast,234.0,30.833333333333332,True,1
1065091666,1782341873,random,EVT-0074,2024-02-13,CV_ANTICOAG_ORAL,endocrinology,West,146.66666666666666,151.16666666666666,True,1
1107038659,1844748057,random,EVT-0074,2024-02-13,CV_ANTICOAG_ORAL,endocrinology,Northeast,190.5,133.5,True,1
1136500869,1618352078,random,EVT-0074,2024-02-13,CV_ANTICOAG_ORAL,endocrinology,Southeast,327.5,179.16666666666666,True,1
1139166684,1282327174,random,EVT-0074,2024-02-13,CV_ANTICOAG_ORAL,pulmonology,Midwest,127.66666666666667,260.8333333333333,True,1
1361521440,1333896094,random,EVT-0074,2024-02-13,CV_ANTICOAG_ORAL,endocrinology,Midwest,128.5,120.0,True,1
1362560363,1268421124,random,EVT-0074,2024-02-13,CV_ANTICOAG_ORAL,cardiology,West,224.16666666666666,133.83333333333334,True,1
1364458855,1836894604,random,EVT-0074,2024-02-13,CV_ANTICOAG_ORAL,endocrinology,Southeast,233.66666666666666,199.0,True,1
1394609428,1567823350,random,EVT-0074,2024-02-13,CV_ANTICOAG_ORAL,endocrinology,Southwest,425.1666666666667,41.5,True,1
1435662964,1981504099,random,EVT-0074,2024-02-13,CV_ANTICOAG_ORAL,endocrinology,West,232.66666666666666,37.5,True,1
1473057747,1038444141,random,EVT-0074,2024-02-13,CV_ANTICOAG_ORAL,endocrinology,West,136.66666666666666,68.66666666666667,True,1
1536278926,1120302413,random,EVT-0074,2024-02-13,CV_ANTICOAG_ORAL,primary care,West,124.16666666666667,180.83333333333334,True,1
1590869917,1925142923,random,EVT-0074,2024-02-13,CV_ANTICOAG_ORAL,primary care,Southwest,87.83333333333333,54.833333333333336,True,1
1598661571,1178533166,random,EVT-0074,2024-02-13,CV_ANTICOAG_ORAL,rheumatology,Northeast,201.83333333333334,119.0,True,1
1644815767,1823309871,random,EVT-0074,2024-02-13,CV_ANTICOAG_ORAL,primary care,West,258.3333333333333,369.5,True,1
1645233598,1870532862,random,EVT-0074,2024-02-13,CV_ANTICOAG_ORAL,endocrinology,Northeast,423.3333333333333,173.0,True,1
1647700669,1775891033,random,EVT-0074,2024-02-13,CV_ANTICOAG_ORAL,pulmonology,West,46.333333333333336,62.166666666666664,True,1
1665478461,1584097178,random,EVT-0074,2024-02-13,CV_ANTICOAG_ORAL,primary care,Northeast,105.5,151.0,True,1
1701585576,1152018085,random,EVT-0074,2024-02-13,CV_ANTICOAG_ORAL,cardiology,Southwest,160.0,170.83333333333334,True,1
1706991829,1246818524,random,EVT-0074,2024-02-13,CV_ANTICOAG_ORAL,endocrinology,Midwest,291.3333333333333,63.166666666666664,True,1
1725623817,1693350831,random,EVT-0074,2024-02-13,CV_ANTICOAG_ORAL,primary care,Southwest,254.16666666666666,104.83333333333333,True,1
1732914373,1240190284,random,EVT-0074,2024-02-13,CV_ANTICOAG_ORAL,cardiology,West,151.83333333333334,149.33333333333334,True,1
1738903891,1181360912,random,EVT-0074,2024-02-13,CV_ANTICOAG_ORAL,endocrinology,Southeast,491.1666666666667,90.83333333333333,True,1
1806707737,1871372714,random,EVT-0074,2024-02-13,CV_ANTICOAG_ORAL,primary care,West,163.0,294.1666666666667,True,1
1898803444,1643297637,random,EVT-0074,2024-02-13,CV_ANTICOAG_ORAL,endocrinology,West,187.5,56.666666666666664,True,1
1999506508,1046736322,random,EVT-0074,2024-02-13,CV_ANTICOAG_ORAL,endocrinology,Southwest,98.66666666666667,137.66666666666666,True,1
1018018261,1296624285,random,EVT-0075,2024-02-13,PC_ANTIHYPERTENSIVE,primary care,Northeast,448.8333333333333,237.33333333333334,True,1
1046736322,1643297637,random,EVT-0075,2024-02-13,PC_ANTIHYPERTENSIVE,primary care,Southwest,226.83333333333334,248.5,True,1
1048976678,1947954388,random,EVT-0075,2024-02-13,PC_ANTIHYPERTENSIVE,primary care,Southeast,429.8333333333333,93.83333333333333,True,1
1138281740,1381937048,random,EVT-0075,2024-02-13,PC_ANTIHYPERTENSIVE,primary care,West,232.66666666666666,225.16666666666666,True,1
1271768685,1479078465,random,EVT-0075,2024-02-13,PC_ANTIHYPERTENSIVE,primary care,Midwest,380.3333333333333,149.0,True,1
1297280590,1134632102,random,EVT-0075,2024-02-13,PC_ANTIHYPERTENSIVE,primary care,Midwest,364.3333333333333,419.1666666666667,True,1
1321405205,1847794991,random,EVT-0075,2024-02-13,PC_ANTIHYPERTENSIVE,primary care,West,193.5,120.16666666666667,True,1
1334266016,1650044724,random,EVT-0075,2024-02-13,PC_ANTIHYPERTENSIVE,primary care,Southwest,328.1666666666667,111.5,True,1
1335670091,1099946885,random,EVT-0075,2024-02-13,PC_ANTIHYPERTENSIVE,primary care,Midwest,260.1666666666667,193.83333333333334,True,1
1418997171,1762971749,random,EVT-0075,2024-02-13,PC_ANTIHYPERTENSIVE,primary care,Northeast,524.1666666666666,232.66666666666666,True,1
1423152481,1428222503,random,EVT-0075,2024-02-13,PC_ANTIHYPERTENSIVE,primary care,Southeast,470.1666666666667,79.83333333333333,True,1
1509977165,1184426066,random,EVT-0075,2024-02-13,PC_ANTIHYPERTENSIVE,primary care,Northeast,717.5,127.66666666666667,True,1
1523498065,1393729789,random,EVT-0075,2024-02-13,PC_ANTIHYPERTENSIVE,primary care,Southeast,304.8333333333333,801.1666666666666,True,1
1536278926,1512866082,random,EVT-0075,2024-02-13,PC_ANTIHYPERTENSIVE,primary care,West,684.5,277.3333333333333,True,1
1552813903,1529045985,random,EVT-0075,2024-02-13,PC_ANTIHYPERTENSIVE,primary care,Northeast,640.1666666666666,139.5,True,1
1595301304,1769352273,random,EVT-0075,2024-02-13,PC_ANTIHYPERTENSIVE,primary care,Southwest,408.5,332.3333333333333,True,1
1689059347,1412773438,random,EVT-0075,2024-02-13,PC_ANTIHYPERTENSIVE,primary care,Southwest,248.33333333333334,643.5,True,1
1689916181,1101142523,random,EVT-0075,2024-02-13,PC_ANTIHYPERTENSIVE,primary care,Northeast,502.0,89.16666666666667,True,1
1725623817,1804484495,random,EVT-0075,2024-02-13,PC_ANTIHYPERTENSIVE,primary care,Southwest,609.1666666666666,170.16666666666666,True,1
1747032997,1773180629,random,EVT-0075,2024-02-13,PC_ANTIHYPERTENSIVE,primary care,Northeast,254.33333333333334,131.33333333333334,True,1
1776723276,1547660377,random,EVT-0075,2024-02-13,PC_ANTIHYPERTENSIVE,primary care,Midwest,496.0,156.5,True,1
1806707737,1377516020,random,EVT-0075,2024-02-13,PC_ANTIHYPERTENSIVE,primary care,West,144.16666666666666,77.66666666666667,True,1
1808826295,1676855970,random,EVT-0075,2024-02-13,PC_ANTIHYPERTENSIVE,primary care,Southeast,456.3333333333333,248.33333333333334,True,1
1812815243,1310164813,random,EVT-0075,2024-02-13,PC_ANTIHYPERTENSIVE,primary care,Midwest,617.8333333333334,215.83333333333334,True,1
1824172013,1135650855,random,EVT-0075,2024-02-13,PC_ANTIHYPERTENSIVE,primary care,Midwest,310.6666666666667,290.6666666666667,True,1
1922670785,1434523506,random,EVT-0075,2024-02-13,PC_ANTIHYPERTENSIVE,primary care,Southeast,368.1666666666667,292.8333333333333,True,1
1937514325,1572180861,random,EVT-0075,2024-02-13,PC_ANTIHYPERTENSIVE,primary care,West,383.3333333333333,209.16666666666666,True,1
1133616429,1987971524,random,EVT-0076,2024-02-23,NEURO_MIGRAINE_CGRP,neurology,Midwest,223.16666666666666,84.16666666666667,True,1
1204261733,1655374878,random,EVT-0076,2024-02-23,NEURO_MIGRAINE_CGRP,neurology,Southeast,242.5,90.5,True,1
1327009084,1944636921,random,EVT-0076,2024-02-23,NEURO_MIGRAINE_CGRP,neurology,Southwest,246.83333333333334,101.16666666666667,True,1
1512844550,1403127461,random,EVT-0076,2024-02-23,NEURO_MIGRAINE_CGRP,neurology,Southwest,264.3333333333333,185.16666666666666,True,1
1561159348,1914644640,random,EVT-0076,2024-02-23,NEURO_MIGRAINE_CGRP,neurology,Northeast,161.33333333333334,229.0,True,1
1616418756,1251411553,random,EVT-0076,2024-02-23,NEURO_MIGRAINE_CGRP,neurology,Northeast,191.33333333333334,102.33333333333333,True,1
1635476009,1971035963,random,EVT-0076,2024-02-23,NEURO_MIGRAINE_CGRP,neurology,Northeast,221.66666666666666,127.83333333333333,True,1
1636376422,1879821175,random,EVT-0076,2024-02-23,NEURO_MIGRAINE_CGRP,neurology,Southwest,247.16666666666666,242.0,True,1
1728890785,1594739314,random,EVT-0076,2024-02-23,NEURO_MIGRAINE_CGRP,neurology,Southeast,172.5,60.333333333333336,True,1
1824149854,1189244753,random,EVT-0076,2024-02-23,NEURO_MIGRAINE_CGRP,neurology,Southeast,267.0,248.5,True,1
1836939912,1749355669,random,EVT-0076,2024-02-23,NEURO_MIGRAINE_CGRP,neurology,Southeast,185.33333333333334,250.0,True,1
1163199601,1674345776,random,EVT-0076,2024-02-23,NEURO_MIGRAINE_CGRP,neurology,Southwest,239.83333333333334,264.0,True,1
1202669523,1440538092,random,EVT-0077,2024-02-26,CARD_HF_ARNI,cardiology,Midwest,293.0,211.16666666666666,True,1
1265952337,1282914906,random,EVT-0077,2024-02-26,CARD_HF_ARNI,cardiology,Northeast,445.5,174.33333333333334,True,1
1594466975,1541379537,random,EVT-0077,2024-02-26,CARD_HF_ARNI,cardiology,West,314.1666666666667,447.6666666666667,True,1
1648553570,1403453024,random,EVT-0077,2024-02-26,CARD_HF_ARNI,cardiology,Southwest,319.8333333333333,123.83333333333333,True,1
1710163217,1739517849,random,EVT-0077,2024-02-26,CARD_HF_ARNI,cardiology,Northeast,278.8333333333333,117.33333333333333,True,1
1745601371,1041640354,random,EVT-0077,2024-02-26,CARD_HF_ARNI,cardiology,Midwest,247.66666666666666,199.0,True,1
1760628762,1132120993,random,EVT-0077,2024-02-26,CARD_HF_ARNI,cardiology,Southwest,189.33333333333334,131.0,True,1
1814938340,1028050239,random,EVT-0077,2024-02-26,CARD_HF_ARNI,cardiology,Southeast,278.1666666666667,224.33333333333334,True,1
1885189138,1656483868,random,EVT-0077,2024-02-26,CARD_HF_ARNI,cardiology,Northeast,277.0,223.33333333333334,True,1
1933607412,1405577143,random,EVT-0077,2024-02-26,CARD_HF_ARNI,cardiology,West,179.5,319.0,True,1
1159841240,1388802401,random,EVT-0078,2024-03-05,NEURO_MIGRAINE_CGRP,neurology,Southeast,624.0,315.0,True,1
1204261733,1342938887,random,EVT-0078,2024-03-05,NEURO_MIGRAINE_CGRP,neurology,Southeast,244.66666666666666,52.0,True,1
1327009084,1443551811,random,EVT-0078,2024-03-05,NEURO_MIGRAINE_CGRP,neurology,Southwest,254.16666666666666,186.33333333333334,True,1
1592062677,1724378447,random,EVT-0078,2024-03-05,NEURO_MIGRAINE_CGRP,neurology,Southeast,410.8333333333333,133.5,True,1
1824149854,1901417067,random,EVT-0078,2024-03-05,NEURO_MIGRAINE_CGRP,neurology,Southeast,275.1666666666667,67.33333333333333,True,1
1041585906,1149209672,random,EVT-0079,2024-03-11,ONC_TARGETED_ORAL,oncology,West,145.83333333333334,79.0,True,1
1328056928,1205576824,random,EVT-0079,2024-03-11,ONC_TARGETED_ORAL,oncology,Northeast,272.1666666666667,76.0,True,1
1358245029,1857629178,random,EVT-0079,2024-03-11,ONC_TARGETED_ORAL,oncology,Midwest,181.0,82.16666666666667,True,1
1679256069,1535323178,random,EVT-0079,2024-03-11,ONC_TARGETED_ORAL,oncology,Northeast,350.0,252.0,True,1
1893606271,1752055289,random,EVT-0079,2024-03-11,ONC_TARGETED_ORAL,oncology,Southwest,317.3333333333333,110.33333333333333,True,1
1969914385,1468815406,random,EVT-0079,2024-03-11,ONC_TARGETED_ORAL,oncology,West,232.83333333333334,314.0,True,1
1216532808,1663073843,random,EVT-0080,2024-03-11,ONC_TARGETED_ORAL,oncology,Southeast,158.0,220.66666666666666,True,1
1240190284,1015632783,random,EVT-0080,2024-03-11,ONC_TARGETED_ORAL,oncology,Southwest,321.5,87.5,True,1
1326516303,1191540602,random,EVT-0080,2024-03-11,ONC_TARGETED_ORAL,oncology,Southwest,295.3333333333333,57.0,True,1
1328056928,1828803407,random,EVT-0080,2024-03-11,ONC_TARGETED_ORAL,oncology,Northeast,272.1666666666667,168.16666666666666,True,1
1358245029,1596912711,random,EVT-0080,2024-03-11,ONC_TARGETED_ORAL,oncology,Midwest,181.0,65.5,True,1
1743613295,1992928436,random,EVT-0080,2024-03-11,ONC_TARGETED_ORAL,oncology,Midwest,153.33333333333334,71.83333333333333,True,1
1758206720,1271711891,random,EVT-0080,2024-03-11,ONC_TARGETED_ORAL,oncology,Southwest,202.16666666666666,58.5,True,1
1811081532,1841542198,random,EVT-0080,2024-03-11,ONC_TARGETED_ORAL,oncology,Northeast,177.66666666666666,127.16666666666667,True,1
1857629178,1120302413,random,EVT-0080,2024-03-11,ONC_TARGETED_ORAL,oncology,West,82.16666666666667,220.33333333333334,True,1
1893606271,1772776476,random,EVT-0080,2024-03-11,ONC_TARGETED_ORAL,oncology,Southwest,317.3333333333333,60.666666666666664,True,1
1009179924,1200346587,random,EVT-0081,2024-03-12,CARD_HF_ARNI,cardiology,West,324.1666666666667,243.16666666666666,True,1
1078096579,1302899475,random,EVT-0081,2024-03-12,CARD_HF_ARNI,cardiology,Midwest,383.6666666666667,193.0,True,1
1123148250,1451721462,random,EVT-0081,2024-03-12,CARD_HF_ARNI,cardiology,Southwest,233.83333333333334,251.16666666666666,True,1
1265952337,1371759725,random,EVT-0081,2024-03-12,CARD_HF_ARNI,cardiology,Northeast,440.8333333333333,185.16666666666666,True,1
1286477181,1120080837,random,EVT-0081,2024-03-12,CARD_HF_ARNI,cardiology,Midwest,211.5,266.0,True,1
1332369119,1056679651,random,EVT-0081,2024-03-12,CARD_HF_ARNI,cardiology,Southeast,302.8333333333333,267.1666666666667,True,1
1494868502,1409960642,random,EVT-0081,2024-03-12,CARD_HF_ARNI,cardiology,Southeast,308.5,249.66666666666666,True,1
1610177150,1042224778,random,EVT-0081,2024-03-12,CARD_HF_ARNI,cardiology,Southeast,422.1666666666667,372.3333333333333,True,1
1710163217,1793685516,random,EVT-0081,2024-03-12,CARD_HF_ARNI,cardiology,Northeast,281.3333333333333,173.66666666666666,True,1
1714986282,1138208594,random,EVT-0081,2024-03-12,CARD_HF_ARNI,cardiology,West,218.33333333333334,361.0,True,1
1715729269,1614978876,random,EVT-0081,2024-03-12,CARD_HF_ARNI,cardiology,Southeast,428.1666666666667,145.33333333333334,True,1
1732914373,1304105269,random,EVT-0081,2024-03-12,CARD_HF_ARNI,cardiology,West,220.33333333333334,117.0,True,1
1897395806,1706770306,random,EVT-0081,2024-03-12,CARD_HF_ARNI,cardiology,Northeast,274.1666666666667,169.66666666666666,True,1
1933607412,1234567687,random,EVT-0081,2024-03-12,CARD_HF_ARNI,cardiology,West,174.5,242.16666666666666,True,1
1934829601,1464805419,random,EVT-0081,2024-03-12,CARD_HF_ARNI,cardiology,Midwest,368.6666666666667,77.33333333333333,True,1
1955222058,1426157339,random,EVT-0081,2024-03-12,CARD_HF_ARNI,cardiology,Southeast,186.5,72.33333333333333,True,1
1670701188,1458345984,random,EVT-0081,2024-03-12,CARD_HF_ARNI,cardiology,Southeast,500.0,186.83333333333334,True,1
1246066447,1922102391,random,EVT-0082,2024-03-21,RHEUM_JAK_ORAL,rheumatology,Southwest,510.6666666666667,117.83333333333333,True,1
1595774286,1955070549,random,EVT-0082,2024-03-21,RHEUM_JAK_ORAL,rheumatology,Midwest,535.5,80.0,True,1
1598661571,1902607450,random,EVT-0082,2024-03-21,RHEUM_JAK_ORAL,rheumatology,Northeast,437.6666666666667,112.66666666666667,True,1
1638368260,1282948292,random,EVT-0082,2024-03-21,RHEUM_JAK_ORAL,rheumatology,West,156.5,142.33333333333334,True,1
1944079924,1121962926,random,EVT-0082,2024-03-21,RHEUM_JAK_ORAL,rheumatology,Southeast,736.0,360.8333333333333,True,1
1018018261,1486849361,random,EVT-0083,2024-03-26,METABOLIC_GLP1_INJ,primary care,Northeast,262.3333333333333,88.0,True,1
1025978341,1622391112,random,EVT-0083,2024-03-26,METABOLIC_GLP1_INJ,endocrinology,Northeast,231.0,58.333333333333336,True,1
1040239976,1337789832,random,EVT-0083,2024-03-26,METABOLIC_GLP1_INJ,rheumatology,Northeast,117.33333333333333,130.33333333333334,True,1
1065455036,1352216182,random,EVT-0083,2024-03-26,METABOLIC_GLP1_INJ,rheumatology,Northeast,65.16666666666667,159.0,True,1
1101185407,1295857761,random,EVT-0083,2024-03-26,METABOLIC_GLP1_INJ,primary care,Midwest,315.3333333333333,36.0,True,1
1123148250,1423946593,random,EVT-0083,2024-03-26,METABOLIC_GLP1_INJ,cardiology,Southwest,348.6666666666667,229.5,True,1
1124726435,1830884742,random,EVT-0083,2024-03-26,METABOLIC_GLP1_INJ,primary care,Northeast,560.3333333333334,216.66666666666666,True,1
1133130363,1174785596,random,EVT-0083,2024-03-26,METABOLIC_GLP1_INJ,primary care,Northeast,417.8333333333333,161.66666666666666,True,1
1166368237,1420113783,random,EVT-0083,2024-03-26,METABOLIC_GLP1_INJ,primary care,Southwest,244.66666666666666,30.166666666666668,True,1
1198262952,1892264320,random,EVT-0083,2024-03-26,METABOLIC_GLP1_INJ,pulmonology,Northeast,86.5,102.5,True,1
1213511599,1674708775,random,EVT-0083,2024-03-26,METABOLIC_GLP1_INJ,primary care,Northeast,702.0,127.5,True,1
1263807582,1109634414,random,EVT-0083,2024-03-26,METABOLIC_GLP1_INJ,primary care,Northeast,343.8333333333333,137.0,True,1
1265952337,1428222503,random,EVT-0083,2024-03-26,METABOLIC_GLP1_INJ,cardiology,Northeast,87.5,31.833333333333332,True,1
1299418347,1018861793,random,EVT-0083,2024-03-26,METABOLIC_GLP1_INJ,cardiology,Northeast,152.66666666666666,51.166666666666664,True,1
1418997171,1181360912,random,EVT-0083,2024-03-26,METABOLIC_GLP1_INJ,primary care,Northeast,324.0,92.83333333333333,True,1
1481247389,1260279835,random,EVT-0083,2024-03-26,METABOLIC_GLP1_INJ,primary care,Southeast,434.0,75.16666666666667,True,1
1520551320,1150502551,random,EVT-0083,2024-03-26,METABOLIC_GLP1_INJ,rheumatology,Northeast,127.16666666666667,177.66666666666666,True,1
1595774286,1879804551,random,EVT-0083,2024-03-26,METABOLIC_GLP1_INJ,rheumatology,Midwest,157.33333333333334,89.0,True,1
1616418756,1534502129,random,EVT-0083,2024-03-26,METABOLIC_GLP1_INJ,neurology,Northeast,229.83333333333334,70.5,True,1
1645233598,1026926489,random,EVT-0083,2024-03-26,METABOLIC_GLP1_INJ,endocrinology,Northeast,409.0,152.16666666666666,True,1
1655727265,1976707814,random,EVT-0083,2024-03-26,METABOLIC_GLP1_INJ,pulmonology,Northeast,96.0,51.666666666666664,True,1
1672904236,1189244753,random,EVT-0083,2024-03-26,METABOLIC_GLP1_INJ,cardiology,Northeast,134.5,267.3333333333333,True,1
1688735228,1742974847,random,EVT-0083,2024-03-26,METABOLIC_GLP1_INJ,rheumatology,Northeast,91.33333333333333,88.83333333333333,True,1
1725623817,1390158669,random,EVT-0083,2024-03-26,METABOLIC_GLP1_INJ,primary care,Southwest,278.1666666666667,66.66666666666667,True,1
1738903891,1187084813,random,EVT-0083,2024-03-26,METABOLIC_GLP1_INJ,endocrinology,Southeast,223.66666666666666,181.83333333333334,True,1
1768831921,1714021262,random,EVT-0083,2024-03-26,METABOLIC_GLP1_INJ,rheumatology,Northeast,258.5,204.66666666666666,True,1
1806103952,1308498975,random,EVT-0083,2024-03-26,METABOLIC_GLP1_INJ,cardiology,West,228.33333333333334,87.66666666666667,True,1
1877046932,1299832539,random,EVT-0083,2024-03-26,METABOLIC_GLP1_INJ,primary care,Northeast,190.16666666666666,49.5,True,1
1889776344,1069143851,random,EVT-0083,2024-03-26,METABOLIC_GLP1_INJ,pulmonology,Northeast,77.5,168.33333333333334,True,1
1897395806,1823309871,random,EVT-0083,2024-03-26,METABOLIC_GLP1_INJ,cardiology,Northeast,83.5,129.5,True,1
1922670785,1028436479,random,EVT-0083,2024-03-26,METABOLIC_GLP1_INJ,primary care,Southeast,361.5,183.66666666666666,True,1
1924355757,1410468163,random,EVT-0083,2024-03-26,METABOLIC_GLP1_INJ,primary care,Southwest,354.3333333333333,109.33333333333333,True,1
1944079924,1099946885,random,EVT-0083,2024-03-26,METABOLIC_GLP1_INJ,rheumatology,Southeast,130.33333333333334,203.66666666666666,True,1
1989798412,1282948292,random,EVT-0083,2024-03-26,METABOLIC_GLP1_INJ,primary care,Southwest,306.3333333333333,45.166666666666664,True,1
1524065749,1731313338,random,EVT-0083,2024-03-26,METABOLIC_GLP1_INJ,rheumatology,Northeast,109.0,50.666666666666664,True,1
1009179924,1464805419,random,EVT-0084,2024-03-27,CARD_HF_ARNI,cardiology,West,324.1666666666667,77.33333333333333,True,1
1123148250,1848800052,random,EVT-0084,2024-03-27,CARD_HF_ARNI,cardiology,Southwest,233.83333333333334,326.3333333333333,True,1
1246448348,1028050239,random,EVT-0084,2024-03-27,CARD_HF_ARNI,cardiology,Southeast,452.0,226.83333333333334,True,1
1369949932,1614978876,random,EVT-0084,2024-03-27,CARD_HF_ARNI,cardiology,Southwest,326.1666666666667,145.33333333333334,True,1
1376656900,1762664088,random,EVT-0084,2024-03-27,CARD_HF_ARNI,cardiology,Southwest,295.1666666666667,185.83333333333334,True,1
1492077734,1793685516,random,EVT-0084,2024-03-27,CARD_HF_ARNI,cardiology,Midwest,585.3333333333334,173.66666666666666,True,1
1631526641,1069143851,random,EVT-0084,2024-03-27,CARD_HF_ARNI,cardiology,Southwest,219.0,279.6666666666667,True,1
1648553570,1477499267,random,EVT-0084,2024-03-27,CARD_HF_ARNI,cardiology,Southwest,333.3333333333333,49.166666666666664,True,1
1710163217,1443907526,random,EVT-0084,2024-03-27,CARD_HF_ARNI,cardiology,Northeast,281.3333333333333,185.66666666666666,True,1
1760628762,1830884742,random,EVT-0084,2024-03-27,CARD_HF_ARNI,cardiology,Southwest,200.16666666666666,106.16666666666667,True,1
1934829601,1455529317,random,EVT-0084,2024-03-27,CARD_HF_ARNI,cardiology,Midwest,368.6666666666667,83.0,True,1
1969108517,1743431961,random,EVT-0084,2024-03-27,CARD_HF_ARNI,cardiology,Midwest,214.16666666666666,145.33333333333334,True,1
1050506165,1573445784,random,EVT-0085,2024-04-10,PULM_ICS_LABA_INH,pulmonology,Southeast,326.8333333333333,195.83333333333334,True,1
1058647219,1679813331,random,EVT-0085,2024-04-10,PULM_ICS_LABA_INH,pulmonology,Northeast,354.0,151.66666666666666,True,1
1129206672,1797940958,random,EVT-0085,2024-04-10,PULM_ICS_LABA_INH,pulmonology,Northeast,293.6666666666667,75.0,True,1
1139166684,1377956168,random,EVT-0085,2024-04-10,PULM_ICS_LABA_INH,pulmonology,Midwest,280.8333333333333,140.5,True,1
1238983617,1736829924,random,EVT-0085,2024-04-10,PULM_ICS_LABA_INH,pulmonology,Southeast,924.1666666666666,198.5,True,1
1474100561,1960543621,random,EVT-0085,2024-04-10,PULM_ICS_LABA_INH,pulmonology,Midwest,123.66666666666667,140.33333333333334,True,1
1533003293,1727524690,random,EVT-0085,2024-04-10,PULM_ICS_LABA_INH,pulmonology,Midwest,306.0,96.83333333333333,True,1
1547244776,1798488478,random,EVT-0085,2024-04-10,PULM_ICS_LABA_INH,pulmonology,Northeast,178.33333333333334,71.0,True,1
1555906795,1501015600,random,EVT-0085,2024-04-10,PULM_ICS_LABA_INH,pulmonology,Midwest,525.1666666666666,130.33333333333334,True,1
1655727265,1903121188,random,EVT-0085,2024-04-10,PULM_ICS_LABA_INH,pulmonology,Northeast,487.5,119.83333333333333,True,1
1688976343,1838576308,random,EVT-0085,2024-04-10,PULM_ICS_LABA_INH,pulmonology,Southeast,306.1666666666667,182.16666666666666,True,1
1761262934,1417682113,random,EVT-0085,2024-04-10,PULM_ICS_LABA_INH,pulmonology,Northeast,291.6666666666667,66.33333333333333,True,1
1889776344,1250017203,random,EVT-0085,2024-04-10,PULM_ICS_LABA_INH,pulmonology,Northeast,226.66666666666666,210.66666666666666,True,1
1009179924,1731313338,random,EVT-0086,2024-04-17,CV_ANTICOAG_ORAL,cardiology,West,270.3333333333333,50.166666666666664,True,1
1025978341,1555114069,random,EVT-0086,2024-04-17,CV_ANTICOAG_ORAL,endocrinology,Northeast,467.3333333333333,62.0,True,1
1026722938,1209566128,random,EVT-0086,2024-04-17,CV_ANTICOAG_ORAL,endocrinology,Midwest,386.1666666666667,234.16666666666666,True,1
1038444141,1797940958,random,EVT-0086,2024-04-17,CV_ANTICOAG_ORAL,oncology,Southeast,69.16666666666667,91.66666666666667,True,1
1050705288,1004543439,random,EVT-0086,2024-04-17,CV_ANTICOAG_ORAL,endocrinology,Southeast,581.5,158.66666666666666,True,1
1101185407,1713519829,random,EVT-0086,2024-04-17,CV_ANTICOAG_ORAL,primary care,Midwest,146.66666666666666,67.83333333333333,True,1
1133130363,1875967568,random,EVT-0086,2024-04-17,CV_ANTICOAG_ORAL,primary care,Northeast,195.83333333333334,161.83333333333334,True,1
1136500869,1061035188,random,EVT-0086,2024-04-17,CV_ANTICOAG_ORAL,endocrinology,Southeast,341.5,98.5,True,1
1137408567,1695082515,random,EVT-0086,2024-04-17,CV_ANTICOAG_ORAL,endocrinology,Northeast,648.5,109.16666666666667,True,1
1144669185,1149313383,random,EVT-0086,2024-04-17,CV_ANTICOAG_ORAL,primary care,Northeast,706.8333333333334,123.16666666666667,True,1
1240190284,1823309871,random,EVT-0086,2024-04-17,CV_ANTICOAG_ORAL,oncology,Southwest,153.16666666666666,378.3333333333333,True,1
1240393805,1120914548,random,EVT-0086,2024-04-17,CV_ANTICOAG_ORAL,primary care,Southeast,66.83333333333333,357.8333333333333,True,1
1268222167,1974446365,random,EVT-0086,2024-04-17,CV_ANTICOAG_ORAL,primary care,Midwest,362.1666666666667,96.0,True,1
1330156328,1352333250,random,EVT-0086,2024-04-17,CV_ANTICOAG_ORAL,endocrinology,Southwest,41.833333333333336,56.5,True,1
1334793308,1402958817,random,EVT-0086,2024-04-17,CV_ANTICOAG_ORAL,neurology,Northeast,109.33333333333333,130.0,True,1
1385532449,1016162897,random,EVT-0086,2024-04-17,CV_ANTICOAG_ORAL,primary care,Southeast,190.83333333333334,85.83333333333333,True,1
1455101661,1782077311,random,EVT-0086,2024-04-17,CV_ANTICOAG_ORAL,endocrinology,Southeast,287.6666666666667,97.83333333333333,True,1
1475115246,1285347583,random,EVT-0086,2024-04-17,CV_ANTICOAG_ORAL,cardiology,Southeast,171.33333333333334,71.66666666666667,True,1
1494868502,1473494189,random,EVT-0086,2024-04-17,CV_ANTICOAG_ORAL,cardiology,Southeast,105.83333333333333,92.0,True,1
1590337907,1765149178,random,EVT-0086,2024-04-17,CV_ANTICOAG_ORAL,rheumatology,Northeast,263.8333333333333,116.5,True,1
1610429726,1580871600,random,EVT-0086,2024-04-17,CV_ANTICOAG_ORAL,rheumatology,Southeast,83.16666666666667,84.0,True,1
1644815767,1363342464,random,EVT-0086,2024-04-17,CV_ANTICOAG_ORAL,primary care,West,260.0,453.5,True,1
1645233598,1679813331,random,EVT-0086,2024-04-17,CV_ANTICOAG_ORAL,endocrinology,Northeast,460.6666666666667,108.0,True,1
1666389063,1425845660,random,EVT-0086,2024-04-17,CV_ANTICOAG_ORAL,endocrinology,Midwest,115.16666666666667,25.666666666666668,True,1
1702497342,1502571429,random,EVT-0086,2024-04-17,CV_ANTICOAG_ORAL,endocrinology,Southeast,305.5,138.33333333333334,True,1
1704331150,1428222503,random,EVT-0086,2024-04-17,CV_ANTICOAG_ORAL,endocrinology,West,286.6666666666667,109.66666666666667,True,1
1710163217,1606566010,random,EVT-0086,2024-04-17,CV_ANTICOAG_ORAL,cardiology,Northeast,224.33333333333334,55.0,True,1
1714292012,1573445784,random,EVT-0086,2024-04-17,CV_ANTICOAG_ORAL,cardiology,Southeast,268.1666666666667,115.66666666666667,True,1
1738903891,1739517849,random,EVT-0086,2024-04-17,CV_ANTICOAG_ORAL,endocrinology,Southeast,512.3333333333334,92.5,True,1
1747032997,1727524690,random,EVT-0086,2024-04-17,CV_ANTICOAG_ORAL,primary care,Northeast,336.3333333333333,44.833333333333336,True,1
1836939912,1835878442,random,EVT-0086,2024-04-17,CV_ANTICOAG_ORAL,neurology,Southeast,87.33333333333333,89.5,True,1
1880265578,1632734848,random,EVT-0086,2024-04-17,CV_ANTICOAG_ORAL,cardiology,Midwest,103.16666666666667,85.16666666666667,True,1
1910188758,1234567687,random,EVT-0086,2024-04-17,CV_ANTICOAG_ORAL,endocrinology,Southeast,96.16666666666667,128.5,True,1
1944079924,1028050239,random,EVT-0086,2024-04-17,CV_ANTICOAG_ORAL,rheumatology,Southeast,392.8333333333333,89.66666666666667,True,1
1949335115,1294882026,random,EVT-0086,2024-04-17,CV_ANTICOAG_ORAL,endocrinology,Southeast,198.16666666666666,87.66666666666667,True,1
1969108517,1879821175,random,EVT-0086,2024-04-17,CV_ANTICOAG_ORAL,cardiology,Midwest,256.0,134.66666666666666,True,1
1005067453,1061035188,random,EVT-0087,2024-04-18,ENDO_BASAL_INSULIN,endocrinology,West,187.0,73.0,True,1
1011940271,1935314678,random,EVT-0087,2024-04-18,ENDO_BASAL_INSULIN,endocrinology,Northeast,223.66666666666666,257.3333333333333,True,1
1050705288,1172835138,random,EVT-0087,2024-04-18,ENDO_BASAL_INSULIN,endocrinology,Southeast,815.8333333333334,501.3333333333333,True,1
1065091666,1568842342,random,EVT-0087,2024-04-18,ENDO_BASAL_INSULIN,endocrinology,West,213.5,168.33333333333334,True,1
1137408567,1432188427,random,EVT-0087,2024-04-18,ENDO_BASAL_INSULIN,endocrinology,Northeast,531.6666666666666,336.0,True,1
1375349903,1297391371,random,EVT-0087,2024-04-18,ENDO_BASAL_INSULIN,endocrinology,West,150.0,158.66666666666666,True,1
1394609428,1702446943,random,EVT-0087,2024-04-18,ENDO_BASAL_INSULIN,endocrinology,Southwest,751.3333333333334,277.6666666666667,True,1
1453128708,1332504376,random,EVT-0087,2024-04-18,ENDO_BASAL_INSULIN,endocrinology,Northeast,391.1666666666667,127.33333333333333,True,1
1556860702,1617703974,random,EVT-0087,2024-04-18,ENDO_BASAL_INSULIN,endocrinology,West,77.33333333333333,209.16666666666666,True,1
1702497342,1605645914,random,EVT-0087,2024-04-18,ENDO_BASAL_INSULIN,endocrinology,Southeast,307.6666666666667,82.33333333333333,True,1
1704331150,1335601583,random,EVT-0087,2024-04-18,ENDO_BASAL_INSULIN,endocrinology,West,382.5,115.0,True,1
1713444978,1803339427,random,EVT-0087,2024-04-18,ENDO_BASAL_INSULIN,endocrinology,Midwest,332.6666666666667,301.3333333333333,True,1
1740626134,1870612441,random,EVT-0087,2024-04-18,ENDO_BASAL_INSULIN,endocrinology,Southwest,214.33333333333334,216.0,True,1
1827318308,1174785596,random,EVT-0087,2024-04-18,ENDO_BASAL_INSULIN,endocrinology,West,245.5,293.8333333333333,True,1
1993463169,1657655308,random,EVT-0087,2024-04-18,ENDO_BASAL_INSULIN,endocrinology,West,257.1666666666667,148.5,True,1
1025231352,1795350721,random,EVT-0088,2024-04-18,RHEUM_JAK_ORAL,rheumatology,Northeast,278.0,217.0,True,1
1040239976,1775551348,random,EVT-0088,2024-04-18,RHEUM_JAK_ORAL,rheumatology,Northeast,404.1666666666667,453.1666666666667,True,1
1246066447,1892307210,random,EVT-0088,2024-04-18,RHEUM_JAK_ORAL,rheumatology,Southwest,542.3333333333334,235.83333333333334,True,1
1595774286,1010852790,random,EVT-0088,2024-04-18,RHEUM_JAK_ORAL,rheumatology,Midwest,555.5,224.16666666666666,True,1
1610429726,1213108081,random,EVT-0088,2024-04-18,RHEUM_JAK_ORAL,rheumatology,Southeast,164.66666666666666,196.0,True,1
1647196991,1038582841,random,EVT-0088,2024-04-18,RHEUM_JAK_ORAL,rheumatology,Southeast,640.6666666666666,161.83333333333334,True,1
1808310134,1601451010,random,EVT-0088,2024-04-18,RHEUM_JAK_ORAL,rheumatology,Southwest,372.8333333333333,306.3333333333333,True,1
1944079924,1156551297,random,EVT-0088,2024-04-18,RHEUM_JAK_ORAL,rheumatology,Southeast,766.5,112.0,True,1
1209464480,1695082515,random,EVT-0089,2024-04-19,ONC_TARGETED_ORAL,oncology,Southeast,481.5,82.0,True,1
1216532808,1312630019,random,EVT-0089,2024-04-19,ONC_TARGETED_ORAL,oncology,Southeast,158.16666666666666,75.16666666666667,True,1
1240190284,1954971234,random,EVT-0089,2024-04-19,ONC_TARGETED_ORAL,oncology,Southwest,345.1666666666667,117.0,True,1
1328056928,1021834936,random,EVT-0089,2024-04-19,ONC_TARGETED_ORAL,oncology,Northeast,279.3333333333333,111.83333333333333,True,1
1719186219,1394982015,random,EVT-0089,2024-04-19,ONC_TARGETED_ORAL,oncology,West,251.83333333333334,94.16666666666667,True,1
1811081532,1580871600,random,EVT-0089,2024-04-19,ONC_TARGETED_ORAL,oncology,Northeast,184.0,128.16666666666666,True,1
1840863041,1001056401,random,EVT-0089,2024-04-19,ONC_TARGETED_ORAL,oncology,Southeast,383.0,306.6666666666667,True,1
1041585906,1913743435,random,EVT-0090,2024-04-21,ONC_TARGETED_ORAL,oncology,West,146.16666666666666,486.0,True,1
1240190284,1352333250,random,EVT-0090,2024-04-21,ONC_TARGETED_ORAL,oncology,Southwest,345.1666666666667,73.66666666666667,True,1
1292975558,1480599715,random,EVT-0090,2024-04-21,ONC_TARGETED_ORAL,oncology,Northeast,724.0,153.0,True,1
1486296159,1511742359,random,EVT-0090,2024-04-21,ONC_TARGETED_ORAL,oncology,West,147.16666666666666,190.83333333333334,True,1
1555114069,1828803407,random,EVT-0090,2024-04-21,ONC_TARGETED_ORAL,oncology,Southeast,350.3333333333333,161.5,True,1
1621842156,1823835685,random,EVT-0090,2024-04-21,ONC_TARGETED_ORAL,oncology,Northeast,235.16666666666666,131.0,True,1
1704492101,1803461205,random,EVT-0090,2024-04-21,ONC_TARGETED_ORAL,oncology,Southeast,209.66666666666666,81.16666666666667,True,1
1595774286,1222151080,random,EVT-0091,2024-04-24,RHEUM_JAK_ORAL,rheumatology,Midwest,555.5,111.0,True,1
1025231352,1892307210,random,EVT-0091,2024-04-24,RHEUM_JAK_ORAL,rheumatology,Northeast,278.0,235.83333333333334,True,1
1073902250,1506592454,random,EVT-0091,2024-04-24,RHEUM_JAK_ORAL,rheumatology,West,332.1666666666667,75.0,True,1
1199976907,1892264320,random,EVT-0091,2024-04-24,RHEUM_JAK_ORAL,rheumatology,Northeast,273.0,70.66666666666667,True,1
1435949049,1282327174,random,EVT-0091,2024-04-24,RHEUM_JAK_ORAL,rheumatology,Northeast,479.6666666666667,520.6666666666666,True,1
1519182780,1418295824,random,EVT-0091,2024-04-24,RHEUM_JAK_ORAL,rheumatology,Midwest,209.5,172.66666666666666,True,1
1590337907,1501563039,random,EVT-0091,2024-04-24,RHEUM_JAK_ORAL,rheumatology,Northeast,533.5,156.5,True,1
1598661571,1759630787,random,EVT-0091,2024-04-24,RHEUM_JAK_ORAL,rheumatology,Northeast,431.0,113.5,True,1
1643343233,1922102391,random,EVT-0091,2024-04-24,RHEUM_JAK_ORAL,rheumatology,Southeast,323.0,122.66666666666667,True,1
1647196991,1260690478,random,EVT-0091,2024-04-24,RHEUM_JAK_ORAL,rheumatology,Southeast,640.6666666666666,120.0,True,1
1757283357,1105435741,random,EVT-0091,2024-04-24,RHEUM_JAK_ORAL,rheumatology,Midwest,225.0,166.16666666666666,True,1
1002145427,1997693654,random,EVT-0092,2024-04-28,METABOLIC_GLP1_INJ,primary care,Northeast,327.1666666666667,53.166666666666664,True,1
1005067453,1178533166,random,EVT-0092,2024-04-28,METABOLIC_GLP1_INJ,endocrinology,West,83.16666666666667,103.33333333333333,True,1
1026722938,1237205202,random,EVT-0092,2024-04-28,METABOLIC_GLP1_INJ,endocrinology,Midwest,408.0,170.0,True,1
1050705288,1456937691,random,EVT-0092,2024-04-28,METABOLIC_GLP1_INJ,endocrinology,Southeast,166.16666666666666,86.16666666666667,True,1
1133616429,1987092370,random,EVT-0092,2024-04-28,METABOLIC_GLP1_INJ,neurology,Midwest,70.5,47.333333333333336,True,1
1172835138,1030235620,random,EVT-0092,2024-04-28,METABOLIC_GLP1_INJ,endocrinology,Southwest,142.0,86.16666666666667,True,1
1202669523,1403127461,random,EVT-0092,2024-04-28,METABOLIC_GLP1_INJ,cardiology,Midwest,266.8333333333333,26.166666666666668,True,1
1213511599,1377956168,random,EVT-0092,2024-04-28,METABOLIC_GLP1_INJ,primary care,Northeast,733.8333333333334,144.16666666666666,True,1
1240190284,1249126917,random,EVT-0092,2024-04-28,METABOLIC_GLP1_INJ,oncology,Southwest,98.33333333333333,229.66666666666666,True,1
1246066447,1275177768,random,EVT-0092,2024-04-28,METABOLIC_GLP1_INJ,rheumatology,Southwest,390.3333333333333,52.0,True,1
1265952337,1158498141,random,EVT-0092,2024-04-28,METABOLIC_GLP1_INJ,cardiology,Northeast,89.0,23.166666666666668,True,1
1305686507,1418295824,random,EVT-0092,2024-04-28,METABOLIC_GLP1_INJ,endocrinology,Southwest,120.0,75.5,True,1
1324722952,1403453024,random,EVT-0092,2024-04-28,METABOLIC_GLP1_INJ,endocrinology,Northeast,52.0,429.8333333333333,True,1
1393791409,1823309871,random,EVT-0092,2024-04-28,METABOLIC_GLP1_INJ,rheumatology,Midwest,165.0,142.83333333333334,True,1
1425340662,1871372714,random,EVT-0092,2024-04-28,METABOLIC_GLP1_INJ,primary care,Southwest,168.66666666666666,104.83333333333333,True,1
1449331358,1278315217,random,EVT-0092,2024-04-28,METABOLIC_GLP1_INJ,pulmonology,Midwest,119.83333333333333,27.0,True,1
1455101661,1233281843,random,EVT-0092,2024-04-28,METABOLIC_GLP1_INJ,endocrinology,Southeast,235.33333333333334,107.83333333333333,True,1
1566888198,1251154013,random,EVT-0092,2024-04-28,METABOLIC_GLP1_INJ,primary care,Midwest,134.83333333333334,36.5,True,1
1598661571,1890077344,random,EVT-0092,2024-04-28,METABOLIC_GLP1_INJ,rheumatology,Northeast,111.66666666666667,92.66666666666667,True,1
1702497342,1903121188,random,EVT-0092,2024-04-28,METABOLIC_GLP1_INJ,endocrinology,Southeast,209.83333333333334,121.33333333333333,True,1
1704331150,1943531446,random,EVT-0092,2024-04-28,METABOLIC_GLP1_INJ,endocrinology,West,248.0,30.166666666666668,True,1
1713444978,1099946885,random,EVT-0092,2024-04-28,METABOLIC_GLP1_INJ,endocrinology,Midwest,244.83333333333334,203.0,True,1
1738903891,1828803407,random,EVT-0092,2024-04-28,METABOLIC_GLP1_INJ,endocrinology,Southeast,233.33333333333334,47.5,True,1
1749355669,1847794991,random,EVT-0092,2024-04-28,METABOLIC_GLP1_INJ,neurology,West,141.16666666666666,60.5,True,1
1769352273,1213108081,random,EVT-0092,2024-04-28,METABOLIC_GLP1_INJ,primary care,Southwest,151.0,112.33333333333333,True,1
1847082322,1468190701,random,EVT-0092,2024-04-28,METABOLIC_GLP1_INJ,rheumatology,Northeast,114.83333333333333,48.0,True,1
1848624494,1282327174,random,EVT-0092,2024-04-28,METABOLIC_GLP1_INJ,primary care,Midwest,112.16666666666667,142.5,True,1
1867204764,1402934529,random,EVT-0092,2024-04-28,METABOLIC_GLP1_INJ,pulmonology,Southeast,168.83333333333334,124.66666666666667,True,1
1895078685,1870612441,random,EVT-0092,2024-04-28,METABOLIC_GLP1_INJ,endocrinology,Southwest,130.16666666666666,302.5,True,1
1903798589,1803461205,random,EVT-0092,2024-04-28,METABOLIC_GLP1_INJ,primary care,Southwest,370.6666666666667,25.666666666666668,True,1
1939785840,1536141264,random,EVT-0092,2024-04-28,METABOLIC_GLP1_INJ,endocrinology,Southwest,180.33333333333334,84.16666666666667,True,1
1964945871,1534239003,random,EVT-0092,2024-04-28,METABOLIC_GLP1_INJ,endocrinology,Northeast,182.83333333333334,54.333333333333336,True,1
1989798412,1354344503,random,EVT-0092,2024-04-28,METABOLIC_GLP1_INJ,primary care,Southwest,316.0,77.33333333333333,True,1
1065870788,1512866082,random,EVT-0093,2024-04-28,PC_ANTIHYPERTENSIVE,primary care,Southwest,361.0,261.5,True,1
1080672524,1762971749,random,EVT-0093,2024-04-28,PC_ANTIHYPERTENSIVE,primary care,Southeast,439.5,251.33333333333334,True,1
1124726435,1851932792,random,EVT-0093,2024-04-28,PC_ANTIHYPERTENSIVE,primary care,Northeast,387.6666666666667,190.83333333333334,True,1
1144669185,1643297637,random,EVT-0093,2024-04-28,PC_ANTIHYPERTENSIVE,primary care,Northeast,793.5,246.33333333333334,True,1
1227780172,1847794991,random,EVT-0093,2024-04-28,PC_ANTIHYPERTENSIVE,primary care,Southwest,1294.5,116.83333333333333,True,1
1241711534,1501344612,random,EVT-0093,2024-04-28,PC_ANTIHYPERTENSIVE,primary care,Southeast,165.5,137.83333333333334,True,1
1271768685,1159833825,random,EVT-0093,2024-04-28,PC_ANTIHYPERTENSIVE,primary care,Midwest,430.3333333333333,436.1666666666667,True,1
1280087226,1473494189,random,EVT-0093,2024-04-28,PC_ANTIHYPERTENSIVE,primary care,Northeast,900.5,167.16666666666666,True,1
1297280590,1939052563,random,EVT-0093,2024-04-28,PC_ANTIHYPERTENSIVE,primary care,Midwest,421.8333333333333,150.5,True,1
1316743925,1905395731,random,EVT-0093,2024-04-28,PC_ANTIHYPERTENSIVE,primary care,Northeast,698.8333333333334,50.0,True,1
1377426493,1363342464,random,EVT-0093,2024-04-28,PC_ANTIHYPERTENSIVE,primary care,West,259.8333333333333,482.6666666666667,True,1
1385532449,1082909627,random,EVT-0093,2024-04-28,PC_ANTIHYPERTENSIVE,primary care,Southeast,589.0,167.0,True,1
1413519731,1849988823,random,EVT-0093,2024-04-28,PC_ANTIHYPERTENSIVE,primary care,Southwest,510.1666666666667,58.0,True,1
1418997171,1812123887,random,EVT-0093,2024-04-28,PC_ANTIHYPERTENSIVE,primary care,Northeast,548.0,435.6666666666667,True,1
1425340662,1275443434,random,EVT-0093,2024-04-28,PC_ANTIHYPERTENSIVE,primary care,Southwest,424.5,223.83333333333334,True,1
1481247389,1289174306,random,EVT-0093,2024-04-28,PC_ANTIHYPERTENSIVE,primary care,Southeast,372.5,179.83333333333334,True,1
1590869917,1057676243,random,EVT-0093,2024-04-28,PC_ANTIHYPERTENSIVE,primary care,Southwest,313.5,210.83333333333334,True,1
1639269087,1773180629,random,EVT-0093,2024-04-28,PC_ANTIHYPERTENSIVE,primary care,Northeast,249.5,135.66666666666666,True,1
1644815767,1352216182,random,EVT-0093,2024-04-28,PC_ANTIHYPERTENSIVE,primary care,West,388.5,383.6666666666667,True,1
1686880901,1251202242,random,EVT-0093,2024-04-28,PC_ANTIHYPERTENSIVE,primary care,West,254.5,334.5,True,1
1689059347,1311764207,random,EVT-0093,2024-04-28,PC_ANTIHYPERTENSIVE,primary care,Southwest,253.66666666666666,401.8333333333333,True,1
1725623817,1650044724,random,EVT-0093,2024-04-28,PC_ANTIHYPERTENSIVE,primary care,Southwest,624.5,110.0,True,1
1725724532,1356982086,random,EVT-0093,2024-04-28,PC_ANTIHYPERTENSIVE,primary care,Northeast,898.1666666666666,354.5,True,1
1732527431,1261377760,random,EVT-0093,2024-04-28,PC_ANTIHYPERTENSIVE,primary care,Southeast,425.0,249.33333333333334,True,1
1806479196,1219172859,random,EVT-0093,2024-04-28,PC_ANTIHYPERTENSIVE,primary care,Southwest,555.3333333333334,208.33333333333334,True,1
1824172013,1364720148,random,EVT-0093,2024-04-28,PC_ANTIHYPERTENSIVE,primary care,Midwest,329.0,322.8333333333333,True,1
1849328657,1102089657,random,EVT-0093,2024-04-28,PC_ANTIHYPERTENSIVE,primary care,Midwest,270.3333333333333,176.66666666666666,True,1
1862986803,1295857761,random,EVT-0093,2024-04-28,PC_ANTIHYPERTENSIVE,primary care,Midwest,281.1666666666667,136.5,True,1
1908168895,1296624285,random,EVT-0093,2024-04-28,PC_ANTIHYPERTENSIVE,primary care,Southwest,213.33333333333334,229.33333333333334,True,1
1924355757,1742974847,random,EVT-0093,2024-04-28,PC_ANTIHYPERTENSIVE,primary care,Southwest,405.1666666666667,74.66666666666667,True,1
1927430854,1529045985,random,EVT-0093,2024-04-28,PC_ANTIHYPERTENSIVE,primary care,Southeast,623.6666666666666,146.5,True,1
1058647219,1377956168,random,EVT-0094,2024-04-28,PULM_ICS_LABA_INH,pulmonology,Northeast,354.0,140.5,True,1
1134509243,1205159704,random,EVT-0094,2024-04-28,PULM_ICS_LABA_INH,pulmonology,Northeast,192.66666666666666,89.33333333333333,True,1
1139166684,1679813331,random,EVT-0094,2024-04-28,PULM_ICS_LABA_INH,pulmonology,Midwest,280.8333333333333,151.66666666666666,True,1
1389574017,1438452850,random,EVT-0094,2024-04-28,PULM_ICS_LABA_INH,pulmonology,Southwest,289.8333333333333,53.0,True,1
1547112395,1340455504,random,EVT-0094,2024-04-28,PULM_ICS_LABA_INH,pulmonology,Midwest,183.33333333333334,120.66666666666667,True,1
1547244776,1501015600,random,EVT-0094,2024-04-28,PULM_ICS_LABA_INH,pulmonology,Northeast,178.33333333333334,130.33333333333334,True,1
1854852153,1895795452,random,EVT-0094,2024-04-28,PULM_ICS_LABA_INH,pulmonology,Southwest,205.83333333333334,97.5,True,1
1964572899,1058613039,random,EVT-0094,2024-04-28,PULM_ICS_LABA_INH,pulmonology,Northeast,139.33333333333334,111.16666666666667,True,1
1967802350,1416644254,random,EVT-0094,2024-04-28,PULM_ICS_LABA_INH,pulmonology,Midwest,148.66666666666666,113.16666666666667,True,1
1903798589,1377516020,random,EVT-0093,2024-04-28,PC_ANTIHYPERTENSIVE,primary care,Southwest,349.6666666666667,70.0,True,1
1002145427,1596580633,random,EVT-0095,2024-04-30,PC_ANTIHYPERTENSIVE,primary care,Northeast,621.0,51.333333333333336,True,1
1018018261,1670560261,random,EVT-0095,2024-04-30,PC_ANTIHYPERTENSIVE,primary care,Northeast,497.5,228.0,True,1
1022312734,1572180861,random,EVT-0095,2024-04-30,PC_ANTIHYPERTENSIVE,primary care,Midwest,184.83333333333334,187.66666666666666,True,1
1036327983,1246818524,random,EVT-0095,2024-04-30,PC_ANTIHYPERTENSIVE,primary care,West,150.83333333333334,82.0,True,1
1080672524,1892083019,random,EVT-0095,2024-04-30,PC_ANTIHYPERTENSIVE,primary care,Southeast,439.5,370.3333333333333,True,1
1084471394,1488515010,random,EVT-0095,2024-04-30,PC_ANTIHYPERTENSIVE,primary care,Northeast,280.1666666666667,294.0,True,1
1124726435,1676855970,random,EVT-0095,2024-04-30,PC_ANTIHYPERTENSIVE,primary care,Northeast,387.6666666666667,256.3333333333333,True,1
1124890801,1783823739,random,EVT-0095,2024-04-30,PC_ANTIHYPERTENSIVE,primary care,Northeast,578.3333333333334,723.0,True,1
1144669185,1625192632,random,EVT-0095,2024-04-30,PC_ANTIHYPERTENSIVE,primary care,Northeast,793.5,129.33333333333334,True,1
1166368237,1473494189,random,EVT-0095,2024-04-30,PC_ANTIHYPERTENSIVE,primary care,Southwest,295.5,167.16666666666666,True,1
1200480071,1463019459,random,EVT-0095,2024-04-30,PC_ANTIHYPERTENSIVE,primary care,Northeast,313.1666666666667,223.0,True,1
1213511599,1767508967,random,EVT-0095,2024-04-30,PC_ANTIHYPERTENSIVE,primary care,Northeast,916.1666666666666,403.6666666666667,True,1
1264333323,1434523506,random,EVT-0095,2024-04-30,PC_ANTIHYPERTENSIVE,primary care,Northeast,638.0,287.6666666666667,True,1
1287287258,1364720148,random,EVT-0095,2024-04-30,PC_ANTIHYPERTENSIVE,primary care,Midwest,440.6666666666667,322.8333333333333,True,1
1297280590,1191545544,random,EVT-0095,2024-04-30,PC_ANTIHYPERTENSIVE,primary care,Midwest,421.8333333333333,349.0,True,1
1315385710,1102089657,random,EVT-0095,2024-04-30,PC_ANTIHYPERTENSIVE,primary care,Northeast,1238.1666666666667,176.66666666666666,True,1
1316743925,1174238463,random,EVT-0095,2024-04-30,PC_ANTIHYPERTENSIVE,primary care,Northeast,698.8333333333334,246.66666666666666,True,1
1377426493,1769234364,random,EVT-0095,2024-04-30,PC_ANTIHYPERTENSIVE,primary care,West,259.8333333333333,259.3333333333333,True,1
1451968915,1233281843,random,EVT-0095,2024-04-30,PC_ANTIHYPERTENSIVE,primary care,Midwest,278.8333333333333,160.66666666666666,True,1
1455779946,1159833825,random,EVT-0095,2024-04-30,PC_ANTIHYPERTENSIVE,primary care,Southwest,353.8333333333333,436.1666666666667,True,1
1489598965,1275443434,random,EVT-0095,2024-04-30,PC_ANTIHYPERTENSIVE,primary care,Southeast,512.0,223.83333333333334,True,1
1526669415,1311764207,random,EVT-0095,2024-04-30,PC_ANTIHYPERTENSIVE,primary care,Southwest,283.1666666666667,401.8333333333333,True,1
1552813903,1184426066,random,EVT-0095,2024-04-30,PC_ANTIHYPERTENSIVE,primary care,Northeast,709.8333333333334,127.33333333333333,True,1
1567742360,1429255973,random,EVT-0095,2024-04-30,PC_ANTIHYPERTENSIVE,primary care,West,165.0,111.83333333333333,True,1
1595301304,1873780039,random,EVT-0095,2024-04-30,PC_ANTIHYPERTENSIVE,primary care,Southwest,438.3333333333333,322.5,True,1
1639269087,1279684447,random,EVT-0095,2024-04-30,PC_ANTIHYPERTENSIVE,primary care,Northeast,249.5,162.0,True,1
1644815767,1166978878,random,EVT-0095,2024-04-30,PC_ANTIHYPERTENSIVE,primary care,West,388.5,78.33333333333333,True,1
1665478461,1997693654,random,EVT-0095,2024-04-30,PC_ANTIHYPERTENSIVE,primary care,Northeast,493.1666666666667,274.5,True,1
1689916181,1356982086,random,EVT-0095,2024-04-30,PC_ANTIHYPERTENSIVE,primary care,Northeast,513.3333333333334,354.5,True,1
1725623817,1209566128,random,EVT-0095,2024-04-30,PC_ANTIHYPERTENSIVE,primary care,Southwest,624.5,590.6666666666666,True,1
1725724532,1922185990,random,EVT-0095,2024-04-30,PC_ANTIHYPERTENSIVE,primary care,Northeast,898.1666666666666,72.16666666666667,True,1
1747032997,1947954388,random,EVT-0095,2024-04-30,PC_ANTIHYPERTENSIVE,primary care,Northeast,287.5,91.66666666666667,True,1
1803233885,1548652282,random,EVT-0095,2024-04-30,PC_ANTIHYPERTENSIVE,primary care,Southeast,364.8333333333333,460.6666666666667,True,1
1808826295,1534502129,random,EVT-0095,2024-04-30,PC_ANTIHYPERTENSIVE,primary care,Southeast,485.0,143.5,True,1
1815807585,1847794991,random,EVT-0095,2024-04-30,PC_ANTIHYPERTENSIVE,primary care,Southeast,611.5,116.83333333333333,True,1
1824172013,1261377760,random,EVT-0095,2024-04-30,PC_ANTIHYPERTENSIVE,primary care,Midwest,329.0,249.33333333333334,True,1
1832506087,1377516020,random,EVT-0095,2024-04-30,PC_ANTIHYPERTENSIVE,primary care,Midwest,945.3333333333334,70.0,True,1
1838439200,1209829039,random,EVT-0095,2024-04-30,PC_ANTIHYPERTENSIVE,primary care,Southeast,574.8333333333334,676.8333333333334,True,1
1903798589,1762971749,random,EVT-0095,2024-04-30,PC_ANTIHYPERTENSIVE,primary care,Southwest,349.6666666666667,251.33333333333334,True,1
1927430854,1352216182,random,EVT-0095,2024-04-30,PC_ANTIHYPERTENSIVE,primary care,Southeast,623.6666666666666,383.6666666666667,True,1
1937514325,1939052563,random,EVT-0095,2024-04-30,PC_ANTIHYPERTENSIVE,primary care,West,427.6666666666667,150.5,True,1
1955620046,1135650855,random,EVT-0095,2024-04-30,PC_ANTIHYPERTENSIVE,primary care,Southeast,460.0,278.6666666666667,True,1
1123148250,1746587884,random,EVT-0096,2024-05-02,CARD_HF_ARNI,cardiology,Southwest,253.33333333333334,178.33333333333334,True,1
1132120993,1762664088,random,EVT-0096,2024-05-02,CARD_HF_ARNI,cardiology,Northeast,126.66666666666667,188.33333333333334,True,1
1286477181,1331020234,random,EVT-0096,2024-05-02,CARD_HF_ARNI,cardiology,Midwest,214.33333333333334,401.0,True,1
1341556789,1282914906,random,EVT-0096,2024-05-02,CARD_HF_ARNI,cardiology,West,1152.0,172.66666666666666,True,1
1376656900,1789632894,random,EVT-0096,2024-05-02,CARD_HF_ARNI,cardiology,Southwest,286.6666666666667,95.66666666666667,True,1
1460081361,1176034100,random,EVT-0096,2024-05-02,CARD_HF_ARNI,cardiology,Northeast,211.83333333333334,255.0,True,1
1478412079,1977228745,random,EVT-0096,2024-05-02,CARD_HF_ARNI,cardiology,Midwest,428.1666666666667,193.0,True,1
1516074709,1107378550,random,EVT-0096,2024-05-02,CARD_HF_ARNI,cardiology,Southwest,387.3333333333333,284.5,True,1
1648553570,1464805419,random,EVT-0096,2024-05-02,CARD_HF_ARNI,cardiology,Southwest,357.6666666666667,74.66666666666667,True,1
1670701188,1350739367,random,EVT-0096,2024-05-02,CARD_HF_ARNI,cardiology,Southeast,512.1666666666666,355.0,True,1
1672904236,1440538092,random,EVT-0096,2024-05-02,CARD_HF_ARNI,cardiology,Northeast,298.8333333333333,222.83333333333334,True,1
1683943777,1739517849,random,EVT-0096,2024-05-02,CARD_HF_ARNI,cardiology,West,379.0,121.5,True,1
1710163217,1742318383,random,EVT-0096,2024-05-02,CARD_HF_ARNI,cardiology,Northeast,294.5,260.5,True,1
1714292012,1254891769,random,EVT-0096,2024-05-02,CARD_HF_ARNI,cardiology,Southeast,280.6666666666667,99.83333333333333,True,1
1727463709,1133042691,random,EVT-0096,2024-05-02,CARD_HF_ARNI,cardiology,West,192.5,251.66666666666666,True,1
1732000645,1131525051,random,EVT-0096,2024-05-02,CARD_HF_ARNI,cardiology,Southwest,551.5,280.6666666666667,True,1
1050506165,1727524690,random,EVT-0097,2024-05-03,PULM_ICS_LABA_INH,pulmonology,Southeast,337.5,93.16666666666667,True,1
1058647219,1160075531,random,EVT-0097,2024-05-03,PULM_ICS_LABA_INH,pulmonology,Northeast,358.3333333333333,123.16666666666667,True,1
1139166684,1536141264,random,EVT-0097,2024-05-03,PULM_ICS_LABA_INH,pulmonology,Midwest,273.8333333333333,385.3333333333333,True,1
1198262952,1916437647,random,EVT-0097,2024-05-03,PULM_ICS_LABA_INH,pulmonology,Northeast,743.8333333333334,152.83333333333334,True,1
1229022169,1168657405,random,EVT-0097,2024-05-03,PULM_ICS_LABA_INH,pulmonology,West,162.16666666666666,130.83333333333334,True,1
1238983617,1030235620,random,EVT-0097,2024-05-03,PULM_ICS_LABA_INH,pulmonology,Southeast,968.1666666666666,155.33333333333334,True,1
1533003293,1250017203,random,EVT-0097,2024-05-03,PULM_ICS_LABA_INH,pulmonology,Midwest,313.3333333333333,211.16666666666666,True,1
1547244776,1976707814,random,EVT-0097,2024-05-03,PULM_ICS_LABA_INH,pulmonology,Northeast,177.16666666666666,155.83333333333334,True,1
1889776344,1870532862,random,EVT-0097,2024-05-03,PULM_ICS_LABA_INH,pulmonology,Northeast,240.5,204.5,True,1
1058647219,1976509970,random,EVT-0098,2024-05-07,CV_ANTICOAG_ORAL,pulmonology,Northeast,227.16666666666666,74.66666666666667,True,1
1075036339,1081498101,random,EVT-0098,2024-05-07,CV_ANTICOAG_ORAL,pulmonology,West,109.83333333333333,72.33333333333333,True,1
1084471394,1210894345,random,EVT-0098,2024-05-07,CV_ANTICOAG_ORAL,primary care,Northeast,106.16666666666667,129.33333333333334,True,1
1198262952,1169149543,random,EVT-0098,2024-05-07,CV_ANTICOAG_ORAL,pulmonology,Northeast,211.16666666666666,62.666666666666664,True,1
1204787067,1924221140,random,EVT-0098,2024-05-07,CV_ANTICOAG_ORAL,neurology,Northeast,86.5,151.5,True,1
1265952337,1004478891,random,EVT-0098,2024-05-07,CV_ANTICOAG_ORAL,cardiology,Northeast,172.0,36.5,True,1
1280087226,1852326267,random,EVT-0098,2024-05-07,CV_ANTICOAG_ORAL,primary care,Northeast,408.1666666666667,73.0,True,1
1292975558,1200346587,random,EVT-0098,2024-05-07,CV_ANTICOAG_ORAL,oncology,Northeast,687.6666666666666,217.33333333333334,True,1
1309371148,1030235620,random,EVT-0098,2024-05-07,CV_ANTICOAG_ORAL,neurology,Northeast,233.16666666666666,106.5,True,1
1316743925,1937449878,random,EVT-0098,2024-05-07,CV_ANTICOAG_ORAL,primary care,Northeast,500.3333333333333,20.5,True,1
1328056928,1567823350,random,EVT-0098,2024-05-07,CV_ANTICOAG_ORAL,oncology,Northeast,101.83333333333333,41.833333333333336,True,1
1456299035,1388802401,random,EVT-0098,2024-05-07,CV_ANTICOAG_ORAL,primary care,Southeast,204.66666666666666,394.1666666666667,True,1
1467704312,1120302413,random,EVT-0098,2024-05-07,CV_ANTICOAG_ORAL,neurology,Northeast,385.0,182.66666666666666,True,1
1547244776,1249126917,random,EVT-0098,2024-05-07,CV_ANTICOAG_ORAL,pulmonology,Northeast,246.0,411.5,True,1
1552813903,1036718538,random,EVT-0098,2024-05-07,CV_ANTICOAG_ORAL,primary care,Northeast,400.0,64.83333333333333,True,1
1592123891,1547660377,random,EVT-0098,2024-05-07,CV_ANTICOAG_ORAL,primary care,Northeast,395.3333333333333,97.0,True,1
1616418756,1254891769,random,EVT-0098,2024-05-07,CV_ANTICOAG_ORAL,neurology,Northeast,218.5,21.333333333333332,True,1
1616839134,1295389203,random,EVT-0098,2024-05-07,CV_ANTICOAG_ORAL,rheumatology,Northeast,317.6666666666667,141.16666666666666,True,1
1621842156,1275723975,random,EVT-0098,2024-05-07,CV_ANTICOAG_ORAL,oncology,Northeast,101.33333333333333,61.833333333333336,True,1
1639269087,1370361275,random,EVT-0098,2024-05-07,CV_ANTICOAG_ORAL,primary care,Northeast,167.33333333333334,70.16666666666667,True,1
1659738110,1371759725,random,EVT-0098,2024-05-07,CV_ANTICOAG_ORAL,oncology,Northeast,97.5,78.16666666666667,True,1
1665478461,1534239003,random,EVT-0098,2024-05-07,CV_ANTICOAG_ORAL,primary care,Northeast,105.33333333333333,21.666666666666668,True,1
1679256069,1405577143,random,EVT-0098,2024-05-07,CV_ANTICOAG_ORAL,oncology,Northeast,229.83333333333334,494.0,True,1
1689916181,1879821175,random,EVT-0098,2024-05-07,CV_ANTICOAG_ORAL,primary care,Northeast,219.83333333333334,138.83333333333334,True,1
1704331150,1187084813,random,EVT-0098,2024-05-07,CV_ANTICOAG_ORAL,endocrinology,West,293.0,257.1666666666667,True,1
1742579091,1196400158,random,EVT-0098,2024-05-07,CV_ANTICOAG_ORAL,primary care,Northeast,338.0,72.5,True,1
1769764832,1674345776,random,EVT-0098,2024-05-07,CV_ANTICOAG_ORAL,neurology,Northeast,183.16666666666666,112.0,True,1
1785764022,1332815285,random,EVT-0098,2024-05-07,CV_ANTICOAG_ORAL,oncology,Northeast,236.16666666666666,111.66666666666667,True,1
1811081532,1424541534,random,EVT-0098,2024-05-07,CV_ANTICOAG_ORAL,oncology,Northeast,240.33333333333334,33.0,True,1
1812815243,1275177768,random,EVT-0098,2024-05-07,CV_ANTICOAG_ORAL,primary care,Midwest,271.0,81.66666666666667,True,1
1824172013,1443907526,random,EVT-0098,2024-05-07,CV_ANTICOAG_ORAL,primary care,Midwest,274.3333333333333,133.16666666666666,True,1
1893606271,1081238747,random,EVT-0098,2024-05-07,CV_ANTICOAG_ORAL,oncology,Southwest,89.33333333333333,115.83333333333333,True,1
1934613260,1312630019,random,EVT-0098,2024-05-07,CV_ANTICOAG_ORAL,oncology,Southwest,124.16666666666667,56.333333333333336,True,1
1934829601,1704216484,random,EVT-0098,2024-05-07,CV_ANTICOAG_ORAL,cardiology,Midwest,256.1666666666667,84.0,True,1
1937514325,1299832539,random,EVT-0098,2024-05-07,CV_ANTICOAG_ORAL,primary care,West,267.5,217.16666666666666,True,1
1058647219,1831183839,random,EVT-0099,2024-05-10,PULM_ICS_LABA_INH,pulmonology,Northeast,358.3333333333333,138.83333333333334,True,1
1129206672,1320611266,random,EVT-0099,2024-05-10,PULM_ICS_LABA_INH,pulmonology,Northeast,291.8333333333333,218.0,True,1
1134509243,1713731663,random,EVT-0099,2024-05-10,PULM_ICS_LABA_INH,pulmonology,Northeast,203.66666666666666,259.8333333333333,True,1
1198262952,1798313247,random,EVT-0099,2024-05-10,PULM_ICS_LABA_INH,pulmonology,Northeast,743.8333333333334,121.0,True,1
1433980129,1168657405,random,EVT-0099,2024-05-10,PULM_ICS_LABA_INH,pulmonology,Northeast,295.5,130.83333333333334,True,1
1547244776,1081051991,random,EVT-0099,2024-05-10,PULM_ICS_LABA_INH,pulmonology,Northeast,177.16666666666666,113.33333333333333,True,1
1704308638,1113953065,random,EVT-0099,2024-05-10,PULM_ICS_LABA_INH,pulmonology,Southeast,521.0,469.1666666666667,True,1
1742859469,1727524690,random,EVT-0099,2024-05-10,PULM_ICS_LABA_INH,pulmonology,West,355.1666666666667,93.16666666666667,True,1
1867204764,1769198304,random,EVT-0099,2024-05-10,PULM_ICS_LABA_INH,pulmonology,Southeast,380.3333333333333,107.16666666666667,True,1
1880717263,1526834563,random,EVT-0099,2024-05-10,PULM_ICS_LABA_INH,pulmonology,Northeast,373.8333333333333,244.16666666666666,True,1
1038444141,1886821390,random,EVT-0100,2024-05-11,ONC_TARGETED_ORAL,oncology,Southeast,264.6666666666667,63.666666666666664,True,1
1044303869,1149018644,random,EVT-0100,2024-05-11,ONC_TARGETED_ORAL,oncology,Northeast,208.16666666666666,231.33333333333334,True,1
1292975558,1828803407,random,EVT-0100,2024-05-11,ONC_TARGETED_ORAL,oncology,Northeast,744.6666666666666,156.83333333333334,True,1
1358245029,1362648127,random,EVT-0100,2024-05-11,ONC_TARGETED_ORAL,oncology,Midwest,183.16666666666666,205.16666666666666,True,1
1407931751,1888770710,random,EVT-0100,2024-05-11,ONC_TARGETED_ORAL,oncology,Midwest,150.66666666666666,97.16666666666667,True,1
1743613295,1338304433,random,EVT-0100,2024-05-11,ONC_TARGETED_ORAL,oncology,Midwest,157.0,506.3333333333333,True,1
1793579560,1992928436,random,EVT-0100,2024-05-11,ONC_TARGETED_ORAL,oncology,Midwest,279.6666666666667,66.16666666666667,True,1
1811081532,1271711891,random,EVT-0100,2024-05-11,ONC_TARGETED_ORAL,oncology,Northeast,185.16666666666666,57.833333333333336,True,1
1002145427,1568842342,random,EVT-0101,2024-05-15,METABOLIC_GLP1_INJ,primary care,Northeast,318.1666666666667,59.0,True,1
1018018261,1739517849,random,EVT-0101,2024-05-15,METABOLIC_GLP1_INJ,primary care,Northeast,268.6666666666667,71.83333333333333,True,1
1048976678,1934277181,random,EVT-0101,2024-05-15,METABOLIC_GLP1_INJ,primary care,Southeast,156.66666666666666,70.0,True,1
1065870788,1860037419,random,EVT-0101,2024-05-15,METABOLIC_GLP1_INJ,primary care,Southwest,216.83333333333334,168.16666666666666,True,1
1080672524,1189244753,random,EVT-0101,2024-05-15,METABOLIC_GLP1_INJ,primary care,Southeast,129.33333333333334,267.1666666666667,True,1
1084919582,1028050239,random,EVT-0101,2024-05-15,METABOLIC_GLP1_INJ,primary care,Southeast,390.1666666666667,82.16666666666667,True,1
1124726435,1246818524,random,EVT-0101,2024-05-15,METABOLIC_GLP1_INJ,primary care,Northeast,583.8333333333334,40.833333333333336,True,1
1136500869,1730655531,random,EVT-0101,2024-05-15,METABOLIC_GLP1_INJ,endocrinology,Southeast,69.16666666666667,314.0,True,1
1159841240,1798313247,random,EVT-0101,2024-05-15,METABOLIC_GLP1_INJ,neurology,Southeast,152.83333333333334,57.666666666666664,True,1
1174238463,1233281843,random,EVT-0101,2024-05-15,METABOLIC_GLP1_INJ,primary care,Southeast,225.5,105.33333333333333,True,1
1181854898,1377516020,random,EVT-0101,2024-05-15,METABOLIC_GLP1_INJ,primary care,Southeast,228.0,61.5,True,1
1227780172,1156551297,random,EVT-0101,2024-05-15,METABOLIC_GLP1_INJ,primary care,Southwest,151.0,36.166666666666664,True,1
1241711534,1250113473,random,EVT-0101,2024-05-15,METABOLIC_GLP1_INJ,primary care,Southeast,126.83333333333333,103.0,True,1
1280087226,1012597443,random,EVT-0101,2024-05-15,METABOLIC_GLP1_INJ,primary care,Northeast,857.6666666666666,44.0,True,1
1286477181,1797940958,random,EVT-0101,2024-05-15,METABOLIC_GLP1_INJ,cardiology,Midwest,221.0,135.0,True,1
1326516303,1523987174,random,EVT-0101,2024-05-15,METABOLIC_GLP1_INJ,oncology,Southwest,381.5,101.66666666666667,True,1
1385532449,1308498975,random,EVT-0101,2024-05-15,METABOLIC_GLP1_INJ,primary care,Southeast,277.0,95.5,True,1
1397955463,1143739674,random,EVT-0101,2024-05-15,METABOLIC_GLP1_INJ,primary care,Southeast,606.6666666666666,89.83333333333333,True,1
1423152481,1200437733,random,EVT-0101,2024-05-15,METABOLIC_GLP1_INJ,primary care,Southeast,406.1666666666667,53.0,True,1
1425340662,1242598583,random,EVT-0101,2024-05-15,METABOLIC_GLP1_INJ,primary care,Southwest,169.66666666666666,115.83333333333333,True,1
1425610817,1149313383,random,EVT-0101,2024-05-15,METABOLIC_GLP1_INJ,primary care,Southeast,80.16666666666667,92.5,True,1
1456207657,1847794991,random,EVT-0101,2024-05-15,METABOLIC_GLP1_INJ,primary care,Midwest,492.8333333333333,61.833333333333336,True,1
1456299035,1335912683,random,EVT-0101,2024-05-15,METABOLIC_GLP1_INJ,primary care,Southeast,380.6666666666667,71.0,True,1
1475115246,1993874985,random,EVT-0101,2024-05-15,METABOLIC_GLP1_INJ,cardiology,Southeast,161.83333333333334,119.33333333333333,True,1
1526669415,1718275724,random,EVT-0101,2024-05-15,METABOLIC_GLP1_INJ,primary care,Southwest,90.83333333333333,44.333333333333336,True,1
1552813903,1888770710,random,EVT-0101,2024-05-15,METABOLIC_GLP1_INJ,primary care,Northeast,207.0,25.0,True,1
1555114069,1742318383,random,EVT-0101,2024-05-15,METABOLIC_GLP1_INJ,oncology,Southeast,189.5,146.5,True,1
1557944620,1364592786,random,EVT-0101,2024-05-15,METABOLIC_GLP1_INJ,primary care,Southwest,193.0,54.0,True,1
1592123891,1042224778,random,EVT-0101,2024-05-15,METABOLIC_GLP1_INJ,primary care,Northeast,147.83333333333334,376.8333333333333,True,1
1610177150,1705644676,random,EVT-0101,2024-05-15,METABOLIC_GLP1_INJ,cardiology,Southeast,190.66666666666666,72.83333333333333,True,1
1616418756,1251202242,random,EVT-0101,2024-05-15,METABOLIC_GLP1_INJ,neurology,Northeast,225.16666666666666,186.0,True,1
1621199177,1724378447,random,EVT-0101,2024-05-15,METABOLIC_GLP1_INJ,primary care,Southeast,140.33333333333334,64.33333333333333,True,1
1647196991,1056679651,random,EVT-0101,2024-05-15,METABOLIC_GLP1_INJ,rheumatology,Southeast,478.0,102.5,True,1
1648553570,1016162897,random,EVT-0101,2024-05-15,METABOLIC_GLP1_INJ,cardiology,Southwest,652.5,37.5,True,1
1670701188,1149018644,random,EVT-0101,2024-05-15,METABOLIC_GLP1_INJ,cardiology,Southeast,170.66666666666666,126.0,True,1
1688976343,1425845660,random,EVT-0101,2024-05-15,METABOLIC_GLP1_INJ,pulmonology,Southeast,292.3333333333333,34.666666666666664,True,1
1689916181,1512866082,random,EVT-0101,2024-05-15,METABOLIC_GLP1_INJ,primary care,Northeast,305.8333333333333,76.16666666666667,True,1
1703413967,1030235620,random,EVT-0101,2024-05-15,METABOLIC_GLP1_INJ,endocrinology,West,214.16666666666666,86.66666666666667,True,1
1704492101,1695082515,random,EVT-0101,2024-05-15,METABOLIC_GLP1_INJ,oncology,Southeast,170.5,76.83333333333333,True,1
1724092733,1311764207,random,EVT-0101,2024-05-15,METABOLIC_GLP1_INJ,cardiology,Northeast,74.0,73.0,True,1
1732527431,1306006622,random,EVT-0101,2024-05-15,METABOLIC_GLP1_INJ,primary care,Southeast,415.1666666666667,93.83333333333333,True,1
1787619711,1892897319,random,EVT-0101,2024-05-15,METABOLIC_GLP1_INJ,cardiology,Midwest,319.8333333333333,360.3333333333333,True,1
1808826295,1663073843,random,EVT-0101,2024-05-15,METABOLIC_GLP1_INJ,primary care,Southeast,243.33333333333334,94.5,True,1
1812815243,1486849361,random,EVT-0101,2024-05-15,METABOLIC_GLP1_INJ,primary care,Midwest,289.6666666666667,89.16666666666667,True,1
1815807585,1210642439,random,EVT-0101,2024-05-15,METABOLIC_GLP1_INJ,primary care,Southeast,361.3333333333333,142.66666666666666,True,1
1849328657,1085047243,random,EVT-0101,2024-05-15,METABOLIC_GLP1_INJ,primary care,Midwest,77.66666666666667,56.5,True,1
1896554999,1196400158,random,EVT-0101,2024-05-15,METABOLIC_GLP1_INJ,primary care,West,296.6666666666667,112.16666666666667,True,1
1937514325,1501563039,random,EVT-0101,2024-05-15,METABOLIC_GLP1_INJ,primary care,West,233.16666666666666,72.5,True,1
1944079924,1488515010,random,EVT-0101,2024-05-15,METABOLIC_GLP1_INJ,rheumatology,Southeast,133.83333333333334,261.8333333333333,True,1
1955620046,1721743411,random,EVT-0101,2024-05-15,METABOLIC_GLP1_INJ,primary care,Southeast,535.3333333333334,148.5,True,1
1050506165,1626268928,random,EVT-0102,2024-05-16,PULM_ICS_LABA_INH,pulmonology,Southeast,337.5,388.3333333333333,True,1
1058647219,1782341873,random,EVT-0102,2024-05-16,PULM_ICS_LABA_INH,pulmonology,Northeast,358.3333333333333,263.6666666666667,True,1
1075036339,1798313247,random,EVT-0102,2024-05-16,PULM_ICS_LABA_INH,pulmonology,West,213.0,121.0,True,1
1139166684,1081051991,random,EVT-0102,2024-05-16,PULM_ICS_LABA_INH,pulmonology,Midwest,273.8333333333333,113.33333333333333,True,1
1229022169,1632734848,random,EVT-0102,2024-05-16,PULM_ICS_LABA_INH,pulmonology,West,162.16666666666666,248.66666666666666,True,1
1389574017,1250113473,random,EVT-0102,2024-05-16,PULM_ICS_LABA_INH,pulmonology,Southwest,288.3333333333333,82.0,True,1
1782077311,1179994367,random,EVT-0102,2024-05-16,PULM_ICS_LABA_INH,pulmonology,Southeast,149.83333333333334,255.66666666666666,True,1
1854852153,1168657405,random,EVT-0102,2024-05-16,PULM_ICS_LABA_INH,pulmonology,Southwest,201.83333333333334,130.83333333333334,True,1
1867204764,1113953065,random,EVT-0102,2024-05-16,PULM_ICS_LABA_INH,pulmonology,Southeast,380.3333333333333,469.1666666666667,True,1
1011940271,1178533166,random,EVT-0103,2024-05-18,ENDO_BASAL_INSULIN,endocrinology,Northeast,234.0,129.16666666666666,True,1
1025978341,1657025858,random,EVT-0103,2024-05-18,ENDO_BASAL_INSULIN,endocrinology,Northeast,526.3333333333334,477.0,True,1
1107038659,1257723886,random,EVT-0103,2024-05-18,ENDO_BASAL_INSULIN,endocrinology,Northeast,523.5,662.0,True,1
1137408567,1335601583,random,EVT-0103,2024-05-18,ENDO_BASAL_INSULIN,endocrinology,Northeast,558.3333333333334,115.5,True,1
1174145494,1881781243,random,EVT-0103,2024-05-18,ENDO_BASAL_INSULIN,endocrinology,Northeast,364.5,84.0,True,1
1237205202,1769333869,random,EVT-0103,2024-05-18,ENDO_BASAL_INSULIN,endocrinology,Northeast,185.16666666666666,322.8333333333333,True,1
1361521440,1295389203,random,EVT-0103,2024-05-18,ENDO_BASAL_INSULIN,endocrinology,Midwest,276.3333333333333,245.33333333333334,True,1
1453128708,1174785596,random,EVT-0103,2024-05-18,ENDO_BASAL_INSULIN,endocrinology,Northeast,394.5,279.5,True,1
1497642888,1156754057,random,EVT-0103,2024-05-18,ENDO_BASAL_INSULIN,endocrinology,Northeast,198.0,51.166666666666664,True,1
1645233598,1012264374,random,EVT-0103,2024-05-18,ENDO_BASAL_INSULIN,endocrinology,Northeast,500.1666666666667,664.1666666666666,True,1
1677860136,1374898744,random,EVT-0103,2024-05-18,ENDO_BASAL_INSULIN,endocrinology,Northeast,329.5,128.33333333333334,True,1
1713444978,1707917476,random,EVT-0103,2024-05-18,ENDO_BASAL_INSULIN,endocrinology,Midwest,351.3333333333333,113.33333333333333,True,1
1738903891,1990401386,random,EVT-0103,2024-05-18,ENDO_BASAL_INSULIN,endocrinology,Southeast,510.0,101.66666666666667,True,1
1740626134,1333043895,random,EVT-0103,2024-05-18,ENDO_BASAL_INSULIN,endocrinology,Southwest,208.66666666666666,195.66666666666666,True,1
1746046261,1004543439,random,EVT-0103,2024-05-18,ENDO_BASAL_INSULIN,endocrinology,Northeast,239.0,77.0,True,1
1758794279,1890077344,random,EVT-0103,2024-05-18,ENDO_BASAL_INSULIN,endocrinology,Northeast,488.5,297.0,True,1
1880426881,1803339427,random,EVT-0103,2024-05-18,ENDO_BASAL_INSULIN,endocrinology,Northeast,461.3333333333333,321.0,True,1
1885387740,1268421124,random,EVT-0103,2024-05-18,ENDO_BASAL_INSULIN,endocrinology,Northeast,759.6666666666666,368.6666666666667,True,1
1995404856,1985816515,random,EVT-0103,2024-05-18,ENDO_BASAL_INSULIN,endocrinology,Northeast,250.33333333333334,60.833333333333336,True,1
1011940271,1199423090,random,EVT-0104,2024-05-18,CV_ANTICOAG_ORAL,endocrinology,Northeast,148.33333333333334,60.333333333333336,True,1
1038444141,1555285877,random,EVT-0104,2024-05-18,CV_ANTICOAG_ORAL,oncology,Southeast,71.5,86.5,True,1
1044666919,1541379537,random,EVT-0104,2024-05-18,CV_ANTICOAG_ORAL,neurology,Southeast,130.0,274.5,True,1
1050705288,1583696442,random,EVT-0104,2024-05-18,CV_ANTICOAG_ORAL,endocrinology,Southeast,610.0,159.83333333333334,True,1
1124726435,1210642439,random,EVT-0104,2024-05-18,CV_ANTICOAG_ORAL,primary care,Northeast,591.1666666666666,405.3333333333333,True,1
1136500869,1251411553,random,EVT-0104,2024-05-18,CV_ANTICOAG_ORAL,endocrinology,Southeast,339.0,73.33333333333333,True,1
1159841240,1184426066,random,EVT-0104,2024-05-18,CV_ANTICOAG_ORAL,neurology,Southeast,601.6666666666666,45.333333333333336,True,1
1204787067,1231453428,random,EVT-0104,2024-05-18,CV_ANTICOAG_ORAL,neurology,Northeast,86.5,78.16666666666667,True,1
1238983617,1535436392,random,EVT-0104,2024-05-18,CV_ANTICOAG_ORAL,pulmonology,Southeast,140.16666666666666,27.0,True,1
1264333323,1333393084,random,EVT-0104,2024-05-18,CV_ANTICOAG_ORAL,primary care,Northeast,285.6666666666667,89.5,True,1
1413519731,1974446365,random,EVT-0104,2024-05-18,CV_ANTICOAG_ORAL,primary care,Southwest,706.1666666666666,97.66666666666667,True,1
1423152481,1001056401,random,EVT-0104,2024-05-18,CV_ANTICOAG_ORAL,primary care,Southeast,403.1666666666667,348.5,True,1
1425610817,1160075531,random,EVT-0104,2024-05-18,CV_ANTICOAG_ORAL,primary care,Southeast,74.0,63.666666666666664,True,1
1456299035,1443260538,random,EVT-0104,2024-05-18,CV_ANTICOAG_ORAL,primary care,Southeast,204.66666666666666,49.833333333333336,True,1
1467704312,1468190701,random,EVT-0104,2024-05-18,CV_ANTICOAG_ORAL,neurology,Northeast,385.0,73.33333333333333,True,1
1481247389,1228081653,random,EVT-0104,2024-05-18,CV_ANTICOAG_ORAL,primary care,Southeast,204.83333333333334,60.333333333333336,True,1
1512844550,1156754057,random,EVT-0104,2024-05-18,CV_ANTICOAG_ORAL,neurology,Southwest,160.0,72.83333333333333,True,1
1518121706,1765149178,random,EVT-0104,2024-05-18,CV_ANTICOAG_ORAL,endocrinology,Southeast,232.33333333333334,112.5,True,1
1610177150,1209566128,random,EVT-0104,2024-05-18,CV_ANTICOAG_ORAL,cardiology,Southeast,375.0,236.33333333333334,True,1
1615059528,1738266356,random,EVT-0104,2024-05-18,CV_ANTICOAG_ORAL,primary care,Southeast,193.0,96.5,True,1
1635476009,1847794991,random,EVT-0104,2024-05-18,CV_ANTICOAG_ORAL,neurology,Northeast,273.5,63.166666666666664,True,1
1647196991,1586730040,random,EVT-0104,2024-05-18,CV_ANTICOAG_ORAL,rheumatology,Southeast,79.83333333333333,46.0,True,1
1648553570,1356982086,random,EVT-0104,2024-05-18,CV_ANTICOAG_ORAL,cardiology,Southwest,760.0,114.5,True,1
1685524518,1477499267,random,EVT-0104,2024-05-18,CV_ANTICOAG_ORAL,primary care,Southeast,134.0,77.16666666666667,True,1
1725724532,1443907526,random,EVT-0104,2024-05-18,CV_ANTICOAG_ORAL,primary care,Northeast,612.1666666666666,133.16666666666666,True,1
1747032997,1965430253,random,EVT-0104,2024-05-18,CV_ANTICOAG_ORAL,primary care,Northeast,346.0,70.16666666666667,True,1
1927430854,1219591108,random,EVT-0104,2024-05-18,CV_ANTICOAG_ORAL,primary care,Southeast,382.5,79.16666666666667,True,1
1969108517,1285520676,random,EVT-0104,2024-05-18,CV_ANTICOAG_ORAL,cardiology,Midwest,262.6666666666667,64.5,True,1
1123148250,1823309871,random,EVT-0105,2024-05-20,CARD_HF_ARNI,cardiology,Southwest,253.33333333333334,338.0,True,1
1265952337,1742318383,random,EVT-0105,2024-05-20,CARD_HF_ARNI,cardiology,Northeast,478.8333333333333,260.5,True,1
1299418347,1486849361,random,EVT-0105,2024-05-20,CARD_HF_ARNI,cardiology,Northeast,391.6666666666667,124.33333333333333,True,1
1341556789,1830884742,random,EVT-0105,2024-05-20,CARD_HF_ARNI,cardiology,West,1152.0,111.5,True,1
1362560363,1409960642,random,EVT-0105,2024-05-20,CARD_HF_ARNI,cardiology,West,393.5,259.0,True,1
1376656900,1751172259,random,EVT-0105,2024-05-20,CARD_HF_ARNI,cardiology,Southwest,286.6666666666667,268.1666666666667,True,1
1475115246,1169149543,random,EVT-0105,2024-05-20,CARD_HF_ARNI,cardiology,Southeast,616.8333333333334,98.83333333333333,True,1
1492077734,1541379537,random,EVT-0105,2024-05-20,CARD_HF_ARNI,cardiology,Midwest,604.6666666666666,460.5,True,1
1551962891,1304105269,random,EVT-0105,2024-05-20,CARD_HF_ARNI,cardiology,Midwest,93.33333333333333,110.66666666666667,True,1
1610177150,1016162897,random,EVT-0105,2024-05-20,CARD_HF_ARNI,cardiology,Southeast,444.1666666666667,122.16666666666667,True,1
1648553570,1443907526,random,EVT-0105,2024-05-20,CARD_HF_ARNI,cardiology,Southwest,357.6666666666667,188.83333333333334,True,1
1655321622,1138208594,random,EVT-0105,2024-05-20,CARD_HF_ARNI,cardiology,Northeast,334.1666666666667,389.1666666666667,True,1
1745601371,1036176265,random,EVT-0105,2024-05-20,CARD_HF_ARNI,cardiology,Midwest,251.0,448.1666666666667,True,1
1760628762,1990264784,random,EVT-0105,2024-05-20,CARD_HF_ARNI,cardiology,Southwest,213.33333333333334,76.66666666666667,True,1
1934829601,1468190701,random,EVT-0105,2024-05-20,CARD_HF_ARNI,cardiology,Midwest,403.3333333333333,110.66666666666667,True,1
1009179924,1386514024,random,EVT-0106,2024-05-24,CARD_HF_ARNI,cardiology,West,351.0,296.0,True,1
1074076039,1282914906,random,EVT-0106,2024-05-24,CARD_HF_ARNI,cardiology,Southeast,440.1666666666667,172.66666666666666,True,1
1169238601,1199423090,random,EVT-0106,2024-05-24,CARD_HF_ARNI,cardiology,Midwest,286.1666666666667,112.16666666666667,True,1
1265952337,1371759725,random,EVT-0106,2024-05-24,CARD_HF_ARNI,cardiology,Northeast,478.8333333333333,178.83333333333334,True,1
1286477181,1069143851,random,EVT-0106,2024-05-24,CARD_HF_ARNI,cardiology,Midwest,214.33333333333334,280.8333333333333,True,1
1299418347,1567823350,random,EVT-0106,2024-05-24,CARD_HF_ARNI,cardiology,Northeast,391.6666666666667,47.5,True,1
1409960642,1285520676,random,EVT-0106,2024-05-24,CARD_HF_ARNI,cardiology,Midwest,259.0,106.83333333333333,True,1
1475115246,1420113783,random,EVT-0106,2024-05-24,CARD_HF_ARNI,cardiology,Southeast,616.8333333333334,65.83333333333333,True,1
1516074709,1306006622,random,EVT-0106,2024-05-24,CARD_HF_ARNI,cardiology,Southwest,387.3333333333333,244.0,True,1
1614978876,1383406257,random,EVT-0106,2024-05-24,CARD_HF_ARNI,cardiology,West,135.16666666666666,123.83333333333333,True,1
1648553570,1260279835,random,EVT-0106,2024-05-24,CARD_HF_ARNI,cardiology,Southwest,357.6666666666667,69.83333333333333,True,1
1655321622,1706770306,random,EVT-0106,2024-05-24,CARD_HF_ARNI,cardiology,Northeast,334.1666666666667,172.5,True,1
1710163217,1656483868,random,EVT-0106,2024-05-24,CARD_HF_ARNI,cardiology,Northeast,294.5,224.16666666666666,True,1
1724092733,1041640354,random,EVT-0106,2024-05-24,CARD_HF_ARNI,cardiology,Northeast,487.6666666666667,201.33333333333334,True,1
1762664088,1458345984,random,EVT-0106,2024-05-24,CARD_HF_ARNI,cardiology,Midwest,188.33333333333334,177.5,True,1
1885189138,1440538092,random,EVT-0106,2024-05-24,CARD_HF_ARNI,cardiology,Northeast,282.5,222.83333333333334,True,1
1934763735,1302899475,random,EVT-0106,2024-05-24,CARD_HF_ARNI,cardiology,Midwest,162.16666666666666,190.66666666666666,True,1
1934829601,1219591108,random,EVT-0106,2024-05-24,CARD_HF_ARNI,cardiology,Midwest,403.3333333333333,105.0,True,1
1123148250,1405577143,random,EVT-0107,2024-05-30,CARD_HF_ARNI,cardiology,Southwest,253.33333333333334,356.5,True,1
1167711153,1789632894,random,EVT-0107,2024-05-30,CARD_HF_ARNI,cardiology,Northeast,290.5,95.66666666666667,True,1
1332369119,1739517849,random,EVT-0107,2024-05-30,CARD_HF_ARNI,cardiology,Southeast,298.6666666666667,121.5,True,1
1362560363,1403453024,random,EVT-0107,2024-05-30,CARD_HF_ARNI,cardiology,West,393.5,142.0,True,1
1478412079,1871372714,random,EVT-0107,2024-05-30,CARD_HF_ARNI,cardiology,Midwest,428.1666666666667,281.8333333333333,True,1
1594466975,1131525051,random,EVT-0107,2024-05-30,CARD_HF_ARNI,cardiology,West,297.1666666666667,280.6666666666667,True,1
1614978876,1120080837,random,EVT-0107,2024-05-30,CARD_HF_ARNI,cardiology,West,135.16666666666666,284.3333333333333,True,1
1672904236,1282914906,random,EVT-0107,2024-05-30,CARD_HF_ARNI,cardiology,Northeast,298.8333333333333,172.66666666666666,True,1
1710163217,1751172259,random,EVT-0107,2024-05-30,CARD_HF_ARNI,cardiology,Northeast,294.5,268.1666666666667,True,1
1722038985,1722898792,random,EVT-0107,2024-05-30,CARD_HF_ARNI,cardiology,West,271.1666666666667,388.3333333333333,True,1
1969108517,1766730505,random,EVT-0107,2024-05-30,CARD_HF_ARNI,cardiology,Midwest,217.5,333.6666666666667,True,1
1386514024,1923786978,random,EVT-0107,2024-05-30,CARD_HF_ARNI,cardiology,West,296.0,307.0,True,1
1018018261,1540759788,random,EVT-0108,2024-06-03,PC_ANTIHYPERTENSIVE,primary care,Northeast,562.3333333333334,209.33333333333334,True,1
1048976678,1219172859,random,EVT-0108,2024-06-03,PC_ANTIHYPERTENSIVE,primary care,Southeast,508.5,222.5,True,1
1082909627,1851932792,random,EVT-0108,2024-06-03,PC_ANTIHYPERTENSIVE,primary care,Southeast,170.16666666666666,188.33333333333334,True,1
1084919582,1101142523,random,EVT-0108,2024-06-03,PC_ANTIHYPERTENSIVE,primary care,Southeast,474.8333333333333,78.0,True,1
1133130363,1352216182,random,EVT-0108,2024-06-03,PC_ANTIHYPERTENSIVE,primary care,Northeast,417.1666666666667,396.1666666666667,True,1
1166368237,1381937048,random,EVT-0108,2024-06-03,PC_ANTIHYPERTENSIVE,primary care,Southwest,297.1666666666667,222.16666666666666,True,1
1174238463,1997693654,random,EVT-0108,2024-06-03,PC_ANTIHYPERTENSIVE,primary care,Southeast,247.0,283.5,True,1
1180932224,1670560261,random,EVT-0108,2024-06-03,PC_ANTIHYPERTENSIVE,primary care,Southeast,635.3333333333334,241.83333333333334,True,1
1191545544,1783823739,random,EVT-0108,2024-06-03,PC_ANTIHYPERTENSIVE,primary care,Midwest,388.6666666666667,765.6666666666666,True,1
1200096471,1939052563,random,EVT-0108,2024-06-03,PC_ANTIHYPERTENSIVE,primary care,Southeast,238.5,148.83333333333334,True,1
1241711534,1572180861,random,EVT-0108,2024-06-03,PC_ANTIHYPERTENSIVE,primary care,Southeast,171.0,173.0,True,1
1271463741,1363342464,random,EVT-0108,2024-06-03,PC_ANTIHYPERTENSIVE,primary care,West,149.0,541.5,True,1
1271768685,1429255973,random,EVT-0108,2024-06-03,PC_ANTIHYPERTENSIVE,primary care,Midwest,456.0,111.33333333333333,True,1
1297280590,1547660377,random,EVT-0108,2024-06-03,PC_ANTIHYPERTENSIVE,primary care,Midwest,423.0,161.33333333333334,True,1
1310164813,1134632102,random,EVT-0108,2024-06-03,PC_ANTIHYPERTENSIVE,primary care,Southeast,234.33333333333334,453.6666666666667,True,1
1385532449,1501344612,random,EVT-0108,2024-06-03,PC_ANTIHYPERTENSIVE,primary care,Southeast,645.6666666666666,140.5,True,1
1423152481,1548652282,random,EVT-0108,2024-06-03,PC_ANTIHYPERTENSIVE,primary care,Southeast,540.0,480.3333333333333,True,1
1456299035,1058325303,random,EVT-0108,2024-06-03,PC_ANTIHYPERTENSIVE,primary care,Southeast,248.83333333333334,271.1666666666667,True,1
1484724632,1266945785,random,EVT-0108,2024-06-03,PC_ANTIHYPERTENSIVE,primary care,Northeast,406.1666666666667,774.3333333333334,True,1
1509977165,1488515010,random,EVT-0108,2024-06-03,PC_ANTIHYPERTENSIVE,primary care,Northeast,775.6666666666666,292.5,True,1
1523498065,1356982086,random,EVT-0108,2024-06-03,PC_ANTIHYPERTENSIVE,primary care,Southeast,339.0,335.1666666666667,True,1
1552813903,1922185990,random,EVT-0108,2024-06-03,PC_ANTIHYPERTENSIVE,primary care,Northeast,762.6666666666666,72.16666666666667,True,1
1567742360,1714021262,random,EVT-0108,2024-06-03,PC_ANTIHYPERTENSIVE,primary care,West,163.33333333333334,527.5,True,1
1595301304,1296624285,random,EVT-0108,2024-06-03,PC_ANTIHYPERTENSIVE,primary care,Southwest,429.0,216.83333333333334,True,1
1689916181,1625192632,random,EVT-0108,2024-06-03,PC_ANTIHYPERTENSIVE,primary care,Northeast,553.1666666666666,131.16666666666666,True,1
1707435529,1596580633,random,EVT-0108,2024-06-03,PC_ANTIHYPERTENSIVE,primary care,Southeast,461.0,47.166666666666664,True,1
1732527431,1251202242,random,EVT-0108,2024-06-03,PC_ANTIHYPERTENSIVE,primary care,Southeast,414.1666666666667,329.5,True,1
1742579091,1610820601,random,EVT-0108,2024-06-03,PC_ANTIHYPERTENSIVE,primary care,Northeast,1178.1666666666667,326.5,True,1
1747032997,1135650855,random,EVT-0108,2024-06-03,PC_ANTIHYPERTENSIVE,primary care,Northeast,309.0,261.1666666666667,True,1
1808826295,1434523506,random,EVT-0108,2024-06-03,PC_ANTIHYPERTENSIVE,primary care,Southeast,520.1666666666666,272.0,True,1
1815807585,1506356074,random,EVT-0108,2024-06-03,PC_ANTIHYPERTENSIVE,primary care,Southeast,639.1666666666666,197.83333333333334,True,1
1922670785,1643297637,random,EVT-0108,2024-06-03,PC_ANTIHYPERTENSIVE,primary care,Southeast,431.1666666666667,236.66666666666666,True,1
1924355757,1676855970,random,EVT-0108,2024-06-03,PC_ANTIHYPERTENSIVE,primary care,Southwest,432.5,255.33333333333334,True,1
1927430854,1463019459,random,EVT-0108,2024-06-03,PC_ANTIHYPERTENSIVE,primary care,Southeast,676.1666666666666,216.0,True,1
1955620046,1289174306,random,EVT-0108,2024-06-03,PC_ANTIHYPERTENSIVE,primary care,Southeast,487.3333333333333,188.33333333333334,True,1
1018018261,1484424456,random,EVT-0109,2024-06-07,METABOLIC_GLP1_INJ,primary care,Northeast,265.1666666666667,102.0,True,1
1019230758,1696806755,random,EVT-0109,2024-06-07,METABOLIC_GLP1_INJ,neurology,Southwest,65.83333333333333,68.5,True,1
1038444141,1064190048,random,EVT-0109,2024-06-07,METABOLIC_GLP1_INJ,oncology,Southeast,185.83333333333334,52.5,True,1
1041585906,1219172859,random,EVT-0109,2024-06-07,METABOLIC_GLP1_INJ,oncology,West,102.16666666666667,119.66666666666667,True,1
1058647219,1892307210,random,EVT-0109,2024-06-07,METABOLIC_GLP1_INJ,pulmonology,Northeast,322.8333333333333,76.83333333333333,True,1
1065455036,1742974847,random,EVT-0109,2024-06-07,METABOLIC_GLP1_INJ,rheumatology,Northeast,66.5,86.5,True,1
1084471394,1488515010,random,EVT-0109,2024-06-07,METABOLIC_GLP1_INJ,primary care,Northeast,281.0,242.5,True,1
1159841240,1016162897,random,EVT-0109,2024-06-07,METABOLIC_GLP1_INJ,neurology,Southeast,155.66666666666666,37.0,True,1
1189769080,1363342464,random,EVT-0109,2024-06-07,METABOLIC_GLP1_INJ,primary care,Northeast,230.0,501.8333333333333,True,1
1198262952,1038582841,random,EVT-0109,2024-06-07,METABOLIC_GLP1_INJ,pulmonology,Northeast,101.33333333333333,220.33333333333334,True,1
1227780172,1765233105,random,EVT-0109,2024-06-07,METABOLIC_GLP1_INJ,primary care,Southwest,153.33333333333334,148.33333333333334,True,1
1238983617,1674102136,random,EVT-0109,2024-06-07,METABOLIC_GLP1_INJ,pulmonology,Southeast,170.5,117.16666666666667,True,1
1240190284,1497664510,random,EVT-0109,2024-06-07,METABOLIC_GLP1_INJ,oncology,Southwest,101.0,24.833333333333332,True,1
1271768685,1742318383,random,EVT-0109,2024-06-07,METABOLIC_GLP1_INJ,primary care,Midwest,312.1666666666667,143.83333333333334,True,1
1273912869,1299689400,random,EVT-0109,2024-06-07,METABOLIC_GLP1_INJ,rheumatology,Northeast,116.16666666666667,83.16666666666667,True,1
1292975558,1150502551,random,EVT-0109,2024-06-07,METABOLIC_GLP1_INJ,oncology,Northeast,382.3333333333333,202.16666666666666,True,1
1297280590,1061387373,random,EVT-0109,2024-06-07,METABOLIC_GLP1_INJ,primary care,Midwest,135.0,71.66666666666667,True,1
1324722952,1402934529,random,EVT-0109,2024-06-07,METABOLIC_GLP1_INJ,endocrinology,Northeast,51.5,126.66666666666667,True,1
1328056928,1658483767,random,EVT-0109,2024-06-07,METABOLIC_GLP1_INJ,oncology,Northeast,66.0,35.666666666666664,True,1
1358245029,1895795452,random,EVT-0109,2024-06-07,METABOLIC_GLP1_INJ,oncology,Midwest,164.66666666666666,82.5,True,1
1368009035,1156551297,random,EVT-0109,2024-06-07,METABOLIC_GLP1_INJ,cardiology,Northeast,91.33333333333333,34.833333333333336,True,1
1376656900,1159833825,random,EVT-0109,2024-06-07,METABOLIC_GLP1_INJ,cardiology,Southwest,157.66666666666666,66.33333333333333,True,1
1467704312,1707917476,random,EVT-0109,2024-06-07,METABOLIC_GLP1_INJ,neurology,Northeast,171.83333333333334,37.0,True,1
1506746308,1730655531,random,EVT-0109,2024-06-07,METABOLIC_GLP1_INJ,endocrinology,West,120.33333333333333,336.1666666666667,True,1
1511742359,1081238747,random,EVT-0109,2024-06-07,METABOLIC_GLP1_INJ,oncology,Northeast,152.66666666666666,192.83333333333334,True,1
1546151204,1722502113,random,EVT-0109,2024-06-07,METABOLIC_GLP1_INJ,primary care,Northeast,282.6666666666667,76.16666666666667,True,1
1616418756,1674345776,random,EVT-0109,2024-06-07,METABOLIC_GLP1_INJ,neurology,Northeast,224.0,145.16666666666666,True,1
1621842156,1913743435,random,EVT-0109,2024-06-07,METABOLIC_GLP1_INJ,oncology,Northeast,113.0,153.66666666666666,True,1
1657025858,1149313383,random,EVT-0109,2024-06-07,METABOLIC_GLP1_INJ,endocrinology,Northeast,148.5,93.83333333333333,True,1
1672904236,1349076541,random,EVT-0109,2024-06-07,METABOLIC_GLP1_INJ,cardiology,Northeast,145.83333333333334,30.0,True,1
1683943777,1596580633,random,EVT-0109,2024-06-07,METABOLIC_GLP1_INJ,cardiology,West,318.3333333333333,119.16666666666667,True,1
1747032997,1135771313,random,EVT-0109,2024-06-07,METABOLIC_GLP1_INJ,primary care,Northeast,203.16666666666666,24.0,True,1
1776723276,1782341873,random,EVT-0109,2024-06-07,METABOLIC_GLP1_INJ,primary care,Midwest,143.83333333333334,142.83333333333334,True,1
1785764022,1189244753,random,EVT-0109,2024-06-07,METABOLIC_GLP1_INJ,oncology,Northeast,116.83333333333333,265.3333333333333,True,1
1803502636,1985685233,random,EVT-0109,2024-06-07,METABOLIC_GLP1_INJ,endocrinology,Northeast,220.5,39.166666666666664,True,1
1811081532,1830884742,random,EVT-0109,2024-06-07,METABOLIC_GLP1_INJ,oncology,Northeast,130.16666666666666,208.66666666666666,True,1
1814938340,1724378447,random,EVT-0109,2024-06-07,METABOLIC_GLP1_INJ,cardiology,Southeast,161.16666666666666,60.666666666666664,True,1
1847082322,1847794991,random,EVT-0109,2024-06-07,METABOLIC_GLP1_INJ,rheumatology,Northeast,118.16666666666667,64.16666666666667,True,1
1856406925,1913683516,random,EVT-0109,2024-06-07,METABOLIC_GLP1_INJ,cardiology,Northeast,160.16666666666666,82.16666666666667,True,1
1889776344,1980850634,random,EVT-0109,2024-06-07,METABOLIC_GLP1_INJ,pulmonology,Northeast,77.5,24.833333333333332,True,1
1903798589,1548035017,random,EVT-0109,2024-06-07,METABOLIC_GLP1_INJ,primary care,Southwest,389.6666666666667,75.5,True,1
1002145427,1275443434,random,EVT-0110,2024-06-07,PC_ANTIHYPERTENSIVE,primary care,Northeast,622.1666666666666,209.16666666666666,True,1
1048976678,1356982086,random,EVT-0110,2024-06-07,PC_ANTIHYPERTENSIVE,primary care,Southeast,508.5,335.1666666666667,True,1
1082909627,1479078465,random,EVT-0110,2024-06-07,PC_ANTIHYPERTENSIVE,primary care,Southeast,170.16666666666666,169.0,True,1
1101185407,1377516020,random,EVT-0110,2024-06-07,PC_ANTIHYPERTENSIVE,primary care,Midwest,684.5,69.16666666666667,True,1
1174238463,1134089733,random,EVT-0110,2024-06-07,PC_ANTIHYPERTENSIVE,primary care,Southeast,247.0,124.0,True,1
1190842652,1434523506,random,EVT-0110,2024-06-07,PC_ANTIHYPERTENSIVE,primary care,Southwest,191.5,272.0,True,1
1200480071,1251202242,random,EVT-0110,2024-06-07,PC_ANTIHYPERTENSIVE,primary care,Northeast,321.6666666666667,329.5,True,1
1241711534,1625192632,random,EVT-0110,2024-06-07,PC_ANTIHYPERTENSIVE,primary care,Southeast,171.0,131.16666666666666,True,1
1266945785,1181360912,random,EVT-0110,2024-06-07,PC_ANTIHYPERTENSIVE,primary care,West,774.3333333333334,229.66666666666666,True,1
1321405205,1364720148,random,EVT-0110,2024-06-07,PC_ANTIHYPERTENSIVE,primary care,West,211.83333333333334,365.0,True,1
1334266016,1135650855,random,EVT-0110,2024-06-07,PC_ANTIHYPERTENSIVE,primary care,Southwest,377.1666666666667,261.1666666666667,True,1
1456207657,1670560261,random,EVT-0110,2024-06-07,PC_ANTIHYPERTENSIVE,primary care,Midwest,596.5,241.83333333333334,True,1
1481247389,1676855970,random,EVT-0110,2024-06-07,PC_ANTIHYPERTENSIVE,primary care,Southeast,366.0,255.33333333333334,True,1
1523681389,1566276774,random,EVT-0110,2024-06-07,PC_ANTIHYPERTENSIVE,primary care,Midwest,293.3333333333333,803.8333333333334,True,1
1535820066,1714021262,random,EVT-0110,2024-06-07,PC_ANTIHYPERTENSIVE,primary care,West,642.1666666666666,527.5,True,1
1567742360,1506356074,random,EVT-0110,2024-06-07,PC_ANTIHYPERTENSIVE,primary care,West,163.33333333333334,197.83333333333334,True,1
1595301304,1381937048,random,EVT-0110,2024-06-07,PC_ANTIHYPERTENSIVE,primary care,Southwest,429.0,222.16666666666666,True,1
1808826295,1219172859,random,EVT-0110,2024-06-07,PC_ANTIHYPERTENSIVE,primary care,Southeast,520.1666666666666,222.5,True,1
1812815243,1289174306,random,EVT-0110,2024-06-07,PC_ANTIHYPERTENSIVE,primary care,Midwest,679.5,188.33333333333334,True,1
1832506087,1159833825,random,EVT-0110,2024-06-07,PC_ANTIHYPERTENSIVE,primary care,Midwest,957.1666666666666,427.5,True,1
1848624494,1547660377,random,EVT-0110,2024-06-07,PC_ANTIHYPERTENSIVE,primary care,Midwest,367.6666666666667,161.33333333333334,True,1
1937514325,1209566128,random,EVT-0110,2024-06-07,PC_ANTIHYPERTENSIVE,primary care,West,459.3333333333333,633.3333333333334,True,1
1287287258,1961509027,random,EVT-0110,2024-06-07,PC_ANTIHYPERTENSIVE,primary care,Midwest,452.5,136.33333333333334,True,1
1011940271,1808677938,random,EVT-0111,2024-06-10,METABOLIC_GLP1_INJ,endocrinology,Northeast,109.83333333333333,99.83333333333333,True,1
1050705288,1438452850,random,EVT-0111,2024-06-10,METABOLIC_GLP1_INJ,endocrinology,Southeast,176.83333333333334,68.33333333333333,True,1
1076376403,1722581836,random,EVT-0111,2024-06-10,METABOLIC_GLP1_INJ,endocrinology,Northeast,182.5,94.66666666666667,True,1
1107038659,1880040971,random,EVT-0111,2024-06-10,METABOLIC_GLP1_INJ,endocrinology,Northeast,178.66666666666666,51.166666666666664,True,1
1136500869,1196400158,random,EVT-0111,2024-06-10,METABOLIC_GLP1_INJ,endocrinology,Southeast,67.33333333333333,116.33333333333333,True,1
1139166684,1569475654,random,EVT-0111,2024-06-10,METABOLIC_GLP1_INJ,pulmonology,Midwest,154.33333333333334,30.666666666666668,True,1
1166368237,1184426066,random,EVT-0111,2024-06-10,METABOLIC_GLP1_INJ,primary care,Southwest,251.16666666666666,59.333333333333336,True,1
1213511599,1448589550,random,EVT-0111,2024-06-10,METABOLIC_GLP1_INJ,primary care,Northeast,798.8333333333334,35.666666666666664,True,1
1224230882,1694658844,random,EVT-0111,2024-06-10,METABOLIC_GLP1_INJ,primary care,Southwest,74.33333333333333,159.66666666666666,True,1
1240190284,1418295824,random,EVT-0111,2024-06-10,METABOLIC_GLP1_INJ,oncology,Southwest,101.0,72.33333333333333,True,1
1264333323,1372196661,random,EVT-0111,2024-06-10,METABOLIC_GLP1_INJ,primary care,Northeast,138.5,40.0,True,1
1265952337,1134089733,random,EVT-0111,2024-06-10,METABOLIC_GLP1_INJ,cardiology,Northeast,99.5,115.0,True,1
1302899475,1855585794,random,EVT-0111,2024-06-10,METABOLIC_GLP1_INJ,cardiology,Midwest,47.0,33.833333333333336,True,1
1330156328,1111217703,random,EVT-0111,2024-06-10,METABOLIC_GLP1_INJ,endocrinology,Southwest,180.5,140.16666666666666,True,1
1375349903,1324237324,random,EVT-0111,2024-06-10,METABOLIC_GLP1_INJ,endocrinology,West,238.33333333333334,394.3333333333333,True,1
1394609428,1312630019,random,EVT-0111,2024-06-10,METABOLIC_GLP1_INJ,endocrinology,Southwest,422.6666666666667,65.83333333333333,True,1
1413519731,1950588461,random,EVT-0111,2024-06-10,METABOLIC_GLP1_INJ,primary care,Southwest,326.5,97.5,True,1
1497642888,1555285877,random,EVT-0111,2024-06-10,METABOLIC_GLP1_INJ,endocrinology,Northeast,114.66666666666667,54.0,True,1
1592123891,1961509027,random,EVT-0111,2024-06-10,METABOLIC_GLP1_INJ,primary care,Northeast,158.16666666666666,95.0,True,1
1639269087,1404995171,random,EVT-0111,2024-06-10,METABOLIC_GLP1_INJ,primary care,Northeast,403.6666666666667,74.5,True,1
1665478461,1722502113,random,EVT-0111,2024-06-10,METABOLIC_GLP1_INJ,primary care,Northeast,172.16666666666666,76.16666666666667,True,1
1670560261,1191540602,random,EVT-0111,2024-06-10,METABOLIC_GLP1_INJ,primary care,Southwest,199.5,125.0,True,1
1670701188,1448713440,random,EVT-0111,2024-06-10,METABOLIC_GLP1_INJ,cardiology,Southeast,173.5,88.66666666666667,True,1
1689059347,1389159553,random,EVT-0111,2024-06-10,METABOLIC_GLP1_INJ,primary care,Southwest,74.5,325.6666666666667,True,1
1696806755,1925493359,random,EVT-0111,2024-06-10,METABOLIC_GLP1_INJ,rheumatology,Midwest,68.5,94.5,True,1
1702497342,1705644676,random,EVT-0111,2024-06-10,METABOLIC_GLP1_INJ,endocrinology,Southeast,214.66666666666666,71.33333333333333,True,1
1706991829,1138208594,random,EVT-0111,2024-06-10,METABOLIC_GLP1_INJ,endocrinology,Midwest,91.0,236.5,True,1
1717519684,1714021262,random,EVT-0111,2024-06-10,METABOLIC_GLP1_INJ,endocrinology,Midwest,194.33333333333334,229.16666666666666,True,1
1740626134,1935314678,random,EVT-0111,2024-06-10,METABOLIC_GLP1_INJ,endocrinology,Southwest,199.66666666666666,150.83333333333334,True,1
1747032997,1087671156,random,EVT-0111,2024-06-10,METABOLIC_GLP1_INJ,primary care,Northeast,203.16666666666666,29.833333333333332,True,1
1750236147,1715246280,random,EVT-0111,2024-06-10,METABOLIC_GLP1_INJ,cardiology,Southwest,227.66666666666666,99.5,True,1
1885387740,1871372714,random,EVT-0111,2024-06-10,METABOLIC_GLP1_INJ,endocrinology,Northeast,157.83333333333334,105.0,True,1
1901019392,1902607450,random,EVT-0111,2024-06-10,METABOLIC_GLP1_INJ,cardiology,West,636.1666666666666,156.5,True,1
1903121188,1443551811,random,EVT-0111,2024-06-10,METABOLIC_GLP1_INJ,pulmonology,Northeast,129.16666666666666,122.83333333333333,True,1
1921646299,1977228745,random,EVT-0111,2024-06-10,METABOLIC_GLP1_INJ,neurology,Southwest,150.16666666666666,121.0,True,1
1939785840,1710487228,random,EVT-0111,2024-06-10,METABOLIC_GLP1_INJ,endocrinology,Southwest,186.66666666666666,46.5,True,1
1993463169,1101142523,random,EVT-0111,2024-06-10,METABOLIC_GLP1_INJ,endocrinology,West,270.5,122.0,True,1
1259584955,1061387373,random,EVT-0112,2024-06-11,ONC_TARGETED_ORAL,oncology,Northeast,128.16666666666666,63.833333333333336,True,1
1326516303,1535436392,random,EVT-0112,2024-06-11,ONC_TARGETED_ORAL,oncology,Southwest,317.3333333333333,70.0,True,1
1358245029,1640263392,random,EVT-0112,2024-06-11,ONC_TARGETED_ORAL,oncology,Midwest,187.0,216.66666666666666,True,1
1663073843,1886821390,random,EVT-0112,2024-06-11,ONC_TARGETED_ORAL,oncology,Southwest,222.5,63.166666666666664,True,1
1969914385,1372196661,random,EVT-0112,2024-06-11,ONC_TARGETED_ORAL,oncology,West,241.16666666666666,92.83333333333333,True,1
1009179924,1389159553,random,EVT-0113,2024-06-12,CV_ANTICOAG_ORAL,cardiology,West,279.8333333333333,201.16666666666666,True,1
1031568581,1450226943,random,EVT-0113,2024-06-12,CV_ANTICOAG_ORAL,pulmonology,Southeast,98.5,321.3333333333333,True,1
1038444141,1477499267,random,EVT-0113,2024-06-12,CV_ANTICOAG_ORAL,oncology,Southeast,70.33333333333333,77.16666666666667,True,1
1074076039,1888770710,random,EVT-0113,2024-06-12,CV_ANTICOAG_ORAL,cardiology,Southeast,190.0,57.166666666666664,True,1
1084919582,1133042691,random,EVT-0113,2024-06-12,CV_ANTICOAG_ORAL,primary care,Southeast,143.5,196.0,True,1
1159301823,1135650855,random,EVT-0113,2024-06-12,CV_ANTICOAG_ORAL,oncology,West,87.33333333333333,79.0,True,1
1163199601,1143739674,random,EVT-0113,2024-06-12,CV_ANTICOAG_ORAL,neurology,Southwest,164.66666666666666,32.166666666666664,True,1
1210642439,1375799982,random,EVT-0113,2024-06-12,CV_ANTICOAG_ORAL,oncology,Southwest,403.5,180.5,True,1
1213511599,1971977354,random,EVT-0113,2024-06-12,CV_ANTICOAG_ORAL,primary care,Northeast,931.5,91.0,True,1
1246066447,1775551348,random,EVT-0113,2024-06-12,CV_ANTICOAG_ORAL,rheumatology,Southwest,237.5,81.83333333333333,True,1
1257723886,1455529317,random,EVT-0113,2024-06-12,CV_ANTICOAG_ORAL,endocrinology,Southwest,227.33333333333334,39.0,True,1
1326516303,1901453930,random,EVT-0113,2024-06-12,CV_ANTICOAG_ORAL,oncology,Southwest,400.6666666666667,60.0,True,1
1394609428,1320611266,random,EVT-0113,2024-06-12,CV_ANTICOAG_ORAL,endocrinology,Southwest,493.5,159.33333333333334,True,1
1592123891,1352216182,random,EVT-0113,2024-06-12,CV_ANTICOAG_ORAL,primary care,Northeast,405.1666666666667,162.16666666666666,True,1
1647196991,1333393084,random,EVT-0113,2024-06-12,CV_ANTICOAG_ORAL,rheumatology,Southeast,82.5,89.66666666666667,True,1
1663073843,1325850802,random,EVT-0113,2024-06-12,CV_ANTICOAG_ORAL,oncology,Southwest,65.33333333333333,113.16666666666667,True,1
1710163217,1775891033,random,EVT-0113,2024-06-12,CV_ANTICOAG_ORAL,cardiology,Northeast,235.66666666666666,62.5,True,1
1743613295,1233281843,random,EVT-0113,2024-06-12,CV_ANTICOAG_ORAL,oncology,Midwest,88.66666666666667,59.333333333333336,True,1
1793685516,1762971749,random,EVT-0113,2024-06-12,CV_ANTICOAG_ORAL,cardiology,Southeast,269.0,179.5,True,1
1808310134,1250017203,random,EVT-0113,2024-06-12,CV_ANTICOAG_ORAL,rheumatology,Southwest,342.3333333333333,239.5,True,1
1824149854,1205576824,random,EVT-0113,2024-06-12,CV_ANTICOAG_ORAL,neurology,Southeast,163.66666666666666,59.833333333333336,True,1
1893606271,1623506957,random,EVT-0113,2024-06-12,CV_ANTICOAG_ORAL,oncology,Southwest,93.66666666666667,96.33333333333333,True,1
1895078685,1616115113,random,EVT-0113,2024-06-12,CV_ANTICOAG_ORAL,endocrinology,Southwest,409.5,48.0,True,1
1903798589,1413202163,random,EVT-0113,2024-06-12,CV_ANTICOAG_ORAL,primary care,Southwest,241.83333333333334,84.5,True,1
1025231352,1181599923,random,EVT-0114,2024-06-14,RHEUM_JAK_ORAL,rheumatology,Northeast,309.1666666666667,53.0,True,1
1435949049,1282948292,random,EVT-0114,2024-06-14,RHEUM_JAK_ORAL,rheumatology,Northeast,518.0,133.0,True,1
1590337907,1641859123,random,EVT-0114,2024-06-14,RHEUM_JAK_ORAL,rheumatology,Northeast,594.1666666666666,346.3333333333333,True,1
1595774286,1047406420,random,EVT-0114,2024-06-14,RHEUM_JAK_ORAL,rheumatology,Midwest,543.1666666666666,49.0,True,1
1647196991,1642024693,random,EVT-0114,2024-06-14,RHEUM_JAK_ORAL,rheumatology,Southeast,664.0,94.0,True,1
1944079924,1759630787,random,EVT-0114,2024-06-14,RHEUM_JAK_ORAL,rheumatology,Southeast,777.0,111.33333333333333,True,1
1328056928,1018861793,random,EVT-0115,2024-06-17,ONC_TARGETED_ORAL,oncology,Northeast,287.1666666666667,91.33333333333333,True,1
1340345143,1354344503,random,EVT-0115,2024-06-17,ONC_TARGETED_ORAL,oncology,Southeast,331.5,79.83333333333333,True,1
1407931751,1507378861,random,EVT-0115,2024-06-17,ONC_TARGETED_ORAL,oncology,Midwest,148.66666666666666,87.0,True,1
1840863041,1479311619,random,EVT-0115,2024-06-17,ONC_TARGETED_ORAL,oncology,Southeast,387.0,182.16666666666666,True,1
1046736322,1479078465,random,EVT-0116,2024-06-18,PC_ANTIHYPERTENSIVE,primary care,Southwest,245.5,169.0,True,1
1048976678,1289174306,random,EVT-0116,2024-06-18,PC_ANTIHYPERTENSIVE,primary care,Southeast,508.5,188.33333333333334,True,1
1098995024,1676855970,random,EVT-0116,2024-06-18,PC_ANTIHYPERTENSIVE,primary care,Northeast,167.66666666666666,255.33333333333334,True,1
1145899849,1251202242,random,EVT-0116,2024-06-18,PC_ANTIHYPERTENSIVE,primary care,West,384.5,329.5,True,1
1180932224,1209566128,random,EVT-0116,2024-06-18,PC_ANTIHYPERTENSIVE,primary care,Southeast,635.3333333333334,633.3333333333334,True,1
1190842652,1057676243,random,EVT-0116,2024-06-18,PC_ANTIHYPERTENSIVE,primary care,Southwest,191.5,210.16666666666666,True,1
1209829039,1219172859,random,EVT-0116,2024-06-18,PC_ANTIHYPERTENSIVE,primary care,Southwest,666.0,222.5,True,1
1268222167,1812123887,random,EVT-0116,2024-06-18,PC_ANTIHYPERTENSIVE,primary care,Midwest,336.6666666666667,439.0,True,1
1271768685,1512866082,random,EVT-0116,2024-06-18,PC_ANTIHYPERTENSIVE,primary care,Midwest,456.0,257.5,True,1
1280087226,1742974847,random,EVT-0116,2024-06-18,PC_ANTIHYPERTENSIVE,primary care,Northeast,959.8333333333334,76.0,True,1
1296552940,1849988823,random,EVT-0116,2024-06-18,PC_ANTIHYPERTENSIVE,primary care,Northeast,379.3333333333333,49.166666666666664,True,1
1311764207,1134089733,random,EVT-0116,2024-06-18,PC_ANTIHYPERTENSIVE,primary care,Midwest,372.1666666666667,124.0,True,1
1385532449,1847794991,random,EVT-0116,2024-06-18,PC_ANTIHYPERTENSIVE,primary care,Southeast,645.6666666666666,107.33333333333333,True,1
1397955463,1773180629,random,EVT-0116,2024-06-18,PC_ANTIHYPERTENSIVE,primary care,Southeast,575.1666666666666,142.33333333333334,True,1
1423152481,1099946885,random,EVT-0116,2024-06-18,PC_ANTIHYPERTENSIVE,primary care,Southeast,540.0,177.66666666666666,True,1
1425340662,1412773438,random,EVT-0116,2024-06-18,PC_ANTIHYPERTENSIVE,primary care,Southwest,447.0,773.1666666666666,True,1
1425610817,1947954388,random,EVT-0116,2024-06-18,PC_ANTIHYPERTENSIVE,primary care,Southeast,215.16666666666666,98.33333333333333,True,1
1456299035,1596580633,random,EVT-0116,2024-06-18,PC_ANTIHYPERTENSIVE,primary care,Southeast,248.83333333333334,47.166666666666664,True,1
1488515010,1529045985,random,EVT-0116,2024-06-18,PC_ANTIHYPERTENSIVE,primary care,Midwest,292.5,160.16666666666666,True,1
1506356074,1134632102,random,EVT-0116,2024-06-18,PC_ANTIHYPERTENSIVE,primary care,Midwest,197.83333333333334,453.6666666666667,True,1
1546151204,1625192632,random,EVT-0116,2024-06-18,PC_ANTIHYPERTENSIVE,primary care,Northeast,317.6666666666667,131.16666666666666,True,1
1595301304,1389159553,random,EVT-0116,2024-06-18,PC_ANTIHYPERTENSIVE,primary care,Southwest,429.0,229.5,True,1
1610820601,1166978878,random,EVT-0116,2024-06-18,PC_ANTIHYPERTENSIVE,primary care,Midwest,326.5,76.0,True,1
1613561947,1364720148,random,EVT-0116,2024-06-18,PC_ANTIHYPERTENSIVE,primary care,Southeast,470.5,365.0,True,1
1689059347,1393729789,random,EVT-0116,2024-06-18,PC_ANTIHYPERTENSIVE,primary care,Southwest,239.83333333333334,995.5,True,1
1707435529,1939052563,random,EVT-0116,2024-06-18,PC_ANTIHYPERTENSIVE,primary care,Southeast,461.0,148.83333333333334,True,1
1721479586,1233281843,random,EVT-0116,2024-06-18,PC_ANTIHYPERTENSIVE,primary care,West,449.3333333333333,166.5,True,1
1732527431,1547660377,random,EVT-0116,2024-06-18,PC_ANTIHYPERTENSIVE,primary care,Southeast,414.1666666666667,161.33333333333334,True,1
1803233885,1135650855,random,EVT-0116,2024-06-18,PC_ANTIHYPERTENSIVE,primary care,Southeast,377.5,261.1666666666667,True,1
1806479196,1434523506,random,EVT-0116,2024-06-18,PC_ANTIHYPERTENSIVE,primary care,Southwest,573.5,272.0,True,1
1815807585,1501344612,random,EVT-0116,2024-06-18,PC_ANTIHYPERTENSIVE,primary care,Southeast,639.1666666666666,140.5,True,1
1848624494,1769234364,random,EVT-0116,2024-06-18,PC_ANTIHYPERTENSIVE,primary care,Midwest,367.6666666666667,252.5,True,1
1903798589,1352216182,random,EVT-0116,2024-06-18,PC_ANTIHYPERTENSIVE,primary care,Southwest,364.5,396.1666666666667,True,1
1922670785,1473494189,random,EVT-0116,2024-06-18,PC_ANTIHYPERTENSIVE,primary care,Southeast,431.1666666666667,168.66666666666666,True,1
1924355757,1463019459,random,EVT-0116,2024-06-18,PC_ANTIHYPERTENSIVE,primary care,Southwest,432.5,216.0,True,1
1955620046,1333393084,random,EVT-0116,2024-06-18,PC_ANTIHYPERTENSIVE,primary care,Southeast,487.3333333333333,160.0,True,1
1120302413,1877986913,random,EVT-0117,2024-06-20,ONC_TARGETED_ORAL,oncology,Southeast,212.16666666666666,76.83333333333333,True,1
1240190284,1425171802,random,EVT-0117,2024-06-20,ONC_TARGETED_ORAL,oncology,Southwest,347.0,87.83333333333333,True,1
1259584955,1205576824,random,EVT-0117,2024-06-20,ONC_TARGETED_ORAL,oncology,Northeast,128.16666666666666,71.5,True,1
1358340028,1828803407,random,EVT-0117,2024-06-20,ONC_TARGETED_ORAL,oncology,Southeast,134.33333333333334,150.33333333333334,True,1
1407931751,1788668972,random,EVT-0117,2024-06-20,ONC_TARGETED_ORAL,oncology,Midwest,148.66666666666666,257.1666666666667,True,1
1704492101,1407902521,random,EVT-0117,2024-06-20,ONC_TARGETED_ORAL,oncology,Southeast,190.66666666666666,81.0,True,1
1719186219,1149209672,random,EVT-0117,2024-06-20,ONC_TARGETED_ORAL,oncology,West,263.0,79.5,True,1
1737256036,1149018644,random,EVT-0117,2024-06-20,ONC_TARGETED_ORAL,oncology,Midwest,172.16666666666666,226.0,True,1
1811081532,1584097178,random,EVT-0117,2024-06-20,ONC_TARGETED_ORAL,oncology,Northeast,189.5,213.5,True,1
1840863041,1965430253,random,EVT-0117,2024-06-20,ONC_TARGETED_ORAL,oncology,Southeast,387.0,149.0,True,1
1009179924,1131525051,random,EVT-0118,2024-06-20,CARD_HF_ARNI,cardiology,West,367.5,268.5,True,1
1015191335,1210894345,random,EVT-0118,2024-06-20,CARD_HF_ARNI,cardiology,Northeast,186.83333333333334,143.83333333333334,True,1
1123148250,1823309871,random,EVT-0118,2024-06-20,CARD_HF_ARNI,cardiology,Southwest,254.66666666666666,348.8333333333333,True,1
1265952337,1455529317,random,EVT-0118,2024-06-20,CARD_HF_ARNI,cardiology,Northeast,481.0,75.66666666666667,True,1
1299418347,1279255164,random,EVT-0118,2024-06-20,CARD_HF_ARNI,cardiology,Northeast,397.0,260.5,True,1
1300832031,1306006622,random,EVT-0118,2024-06-20,CARD_HF_ARNI,cardiology,West,173.33333333333334,247.0,True,1
1341556789,1028050239,random,EVT-0118,2024-06-20,CARD_HF_ARNI,cardiology,West,1187.5,200.66666666666666,True,1
1444774099,1977228745,random,EVT-0118,2024-06-20,CARD_HF_ARNI,cardiology,West,167.66666666666666,197.33333333333334,True,1
1610177150,1056679651,random,EVT-0118,2024-06-20,CARD_HF_ARNI,cardiology,Southeast,477.3333333333333,277.3333333333333,True,1
1631526641,1458345984,random,EVT-0118,2024-06-20,CARD_HF_ARNI,cardiology,Southwest,217.0,180.0,True,1
1648553570,1848800052,random,EVT-0118,2024-06-20,CARD_HF_ARNI,cardiology,Southwest,356.5,332.5,True,1
1670701188,1120080837,random,EVT-0118,2024-06-20,CARD_HF_ARNI,cardiology,Southeast,520.8333333333334,293.8333333333333,True,1
1710163217,1285520676,random,EVT-0118,2024-06-20,CARD_HF_ARNI,cardiology,Northeast,282.1666666666667,102.16666666666667,True,1
1714986282,1107378550,random,EVT-0118,2024-06-20,CARD_HF_ARNI,cardiology,West,240.0,284.8333333333333,True,1
1760628762,1599978586,random,EVT-0118,2024-06-20,CARD_HF_ARNI,cardiology,Southwest,216.33333333333334,364.5,True,1
1901019392,1990264784,random,EVT-0118,2024-06-20,CARD_HF_ARNI,cardiology,West,811.8333333333334,75.33333333333333,True,1
1923786978,1138208594,random,EVT-0118,2024-06-20,CARD_HF_ARNI,cardiology,Southeast,300.5,415.0,True,1
1934829601,1200346587,random,EVT-0118,2024-06-20,CARD_HF_ARNI,cardiology,Midwest,406.5,241.66666666666666,True,1
1036718538,1715246280,random,EVT-0119,2024-06-21,CV_ANTICOAG_ORAL,endocrinology,Southwest,63.333333333333336,48.666666666666664,True,1
1058647219,1901417067,random,EVT-0119,2024-06-21,CV_ANTICOAG_ORAL,pulmonology,Northeast,226.16666666666666,104.0,True,1
1101185407,1168657405,random,EVT-0119,2024-06-21,CV_ANTICOAG_ORAL,primary care,Midwest,146.83333333333334,73.16666666666667,True,1
1133130363,1389159553,random,EVT-0119,2024-06-21,CV_ANTICOAG_ORAL,primary care,Northeast,200.5,201.16666666666666,True,1
1137408567,1377516020,random,EVT-0119,2024-06-21,CV_ANTICOAG_ORAL,endocrinology,Northeast,696.6666666666666,138.83333333333334,True,1
1144669185,1836894604,random,EVT-0119,2024-06-21,CV_ANTICOAG_ORAL,primary care,Northeast,736.5,194.0,True,1
1198262952,1418295824,random,EVT-0119,2024-06-21,CV_ANTICOAG_ORAL,pulmonology,Northeast,217.33333333333334,71.5,True,1
1200480071,1696606064,random,EVT-0119,2024-06-21,CV_ANTICOAG_ORAL,primary care,Northeast,918.6666666666666,83.33333333333333,True,1
1238983617,1961509027,random,EVT-0119,2024-06-21,CV_ANTICOAG_ORAL,pulmonology,Southeast,149.16666666666666,63.166666666666664,True,1
1271768685,1695082515,random,EVT-0119,2024-06-21,CV_ANTICOAG_ORAL,primary care,Midwest,252.33333333333334,106.0,True,1
1273912869,1309185530,random,EVT-0119,2024-06-21,CV_ANTICOAG_ORAL,rheumatology,Northeast,157.5,109.83333333333333,True,1
1299418347,1251202242,random,EVT-0119,2024-06-21,CV_ANTICOAG_ORAL,cardiology,Northeast,101.66666666666667,95.33333333333333,True,1
1327009084,1330067194,random,EVT-0119,2024-06-21,CV_ANTICOAG_ORAL,neurology,Southwest,96.5,134.83333333333334,True,1
1511742359,1015632783,random,EVT-0119,2024-06-21,CV_ANTICOAG_ORAL,oncology,Northeast,173.66666666666666,112.0,True,1
1567742360,1960543621,random,EVT-0119,2024-06-21,CV_ANTICOAG_ORAL,primary care,West,366.0,161.83333333333334,True,1
1567993435,1622391112,random,EVT-0119,2024-06-21,CV_ANTICOAG_ORAL,neurology,Northeast,67.66666666666667,45.5,True,1
1598661571,1306006622,random,EVT-0119,2024-06-21,CV_ANTICOAG_ORAL,rheumatology,Northeast,224.0,85.66666666666667,True,1
1636376422,1536141264,random,EVT-0119,2024-06-21,CV_ANTICOAG_ORAL,neurology,Southwest,66.5,244.5,True,1
1647196991,1448713440,random,EVT-0119,2024-06-21,CV_ANTICOAG_ORAL,rheumatology,Southeast,82.5,89.16666666666667,True,1
1670701188,1848800052,random,EVT-0119,2024-06-21,CV_ANTICOAG_ORAL,cardiology,Southeast,311.6666666666667,60.166666666666664,True,1
1719574174,1860037419,random,EVT-0119,2024-06-21,CV_ANTICOAG_ORAL,neurology,Midwest,167.33333333333334,75.5,True,1
1738903891,1278315217,random,EVT-0119,2024-06-21,CV_ANTICOAG_ORAL,endocrinology,Southeast,542.6666666666666,78.33333333333333,True,1
1740047711,1464805419,random,EVT-0119,2024-06-21,CV_ANTICOAG_ORAL,primary care,Southeast,147.0,110.83333333333333,True,1
1774691384,1371759725,random,EVT-0119,2024-06-21,CV_ANTICOAG_ORAL,neurology,Northeast,60.666666666666664,77.5,True,1
1815807585,1225504491,random,EVT-0119,2024-06-21,CV_ANTICOAG_ORAL,primary care,Southeast,216.16666666666666,76.16666666666667,True,1
1841791217,1535436392,random,EVT-0119,2024-06-21,CV_ANTICOAG_ORAL,neurology,Midwest,161.5,25.833333333333332,True,1
1844747141,1305714580,random,EVT-0119,2024-06-21,CV_ANTICOAG_ORAL,primary care,West,249.33333333333334,472.0,True,1
1934277181,1905395731,random,EVT-0119,2024-06-21,CV_ANTICOAG_ORAL,neurology,Southeast,56.666666666666664,58.333333333333336,True,1
1964945871,1804484495,random,EVT-0119,2024-06-21,CV_ANTICOAG_ORAL,endocrinology,Northeast,242.16666666666666,268.8333333333333,True,1
1456207657,1325850802,random,EVT-0119,2024-06-21,CV_ANTICOAG_ORAL,primary care,Midwest,312.1666666666667,113.16666666666667,True,1
1040239976,1418704015,random,EVT-0120,2024-06-26,RHEUM_JAK_ORAL,rheumatology,Northeast,429.3333333333333,221.5,True,1
1073902250,1038582841,random,EVT-0120,2024-06-26,RHEUM_JAK_ORAL,rheumatology,West,348.0,157.0,True,1
1194203331,1674708775,random,EVT-0120,2024-06-26,RHEUM_JAK_ORAL,rheumatology,Southeast,351.6666666666667,449.6666666666667,True,1
1196400158,1109634414,random,EVT-0120,2024-06-26,RHEUM_JAK_ORAL,rheumatology,Southeast,229.0,492.5,True,1
1199976907,1892307210,random,EVT-0120,2024-06-26,RHEUM_JAK_ORAL,rheumatology,Northeast,295.0,239.16666666666666,True,1
1246066447,1208634919,random,EVT-0120,2024-06-26,RHEUM_JAK_ORAL,rheumatology,Southwest,553.0,53.5,True,1
1595774286,1795350721,random,EVT-0120,2024-06-26,RHEUM_JAK_ORAL,rheumatology,Midwest,543.1666666666666,225.16666666666666,True,1
1944079924,1337606333,random,EVT-0120,2024-06-26,RHEUM_JAK_ORAL,rheumatology,Southeast,777.0,121.33333333333333,True,1
1993874985,1998699429,random,EVT-0120,2024-06-26,RHEUM_JAK_ORAL,rheumatology,Northeast,476.1666666666667,691.3333333333334,True,1
1009179924,1350739367,random,EVT-0121,2024-06-27,METABOLIC_GLP1_INJ,cardiology,West,263.0,136.16666666666666,True,1
1019230758,1081051991,random,EVT-0121,2024-06-27,METABOLIC_GLP1_INJ,neurology,Southwest,65.83333333333333,75.16666666666667,True,1
1025231352,1606566010,random,EVT-0121,2024-06-27,METABOLIC_GLP1_INJ,rheumatology,Northeast,438.5,73.0,True,1
1048976678,1990401386,random,EVT-0121,2024-06-27,METABOLIC_GLP1_INJ,primary care,Southeast,158.66666666666666,73.33333333333333,True,1
1065870788,1047406420,random,EVT-0121,2024-06-27,METABOLIC_GLP1_INJ,primary care,Southwest,230.33333333333334,52.666666666666664,True,1
1082909627,1438452850,random,EVT-0121,2024-06-27,METABOLIC_GLP1_INJ,primary care,Southeast,180.5,68.33333333333333,True,1
1124726435,1727524690,random,EVT-0121,2024-06-27,METABOLIC_GLP1_INJ,primary care,Northeast,595.5,76.0,True,1
1133130363,1101142523,random,EVT-0121,2024-06-27,METABOLIC_GLP1_INJ,primary care,Northeast,430.1666666666667,122.0,True,1
1136500869,1026926489,random,EVT-0121,2024-06-27,METABOLIC_GLP1_INJ,endocrinology,Southeast,67.33333333333333,158.66666666666666,True,1
1137408567,1369172659,random,EVT-0121,2024-06-27,METABOLIC_GLP1_INJ,endocrinology,Northeast,370.3333333333333,124.83333333333333,True,1
1204787067,1004543439,random,EVT-0121,2024-06-27,METABOLIC_GLP1_INJ,neurology,Northeast,68.83333333333333,146.16666666666666,True,1
1240190284,1897723296,random,EVT-0121,2024-06-27,METABOLIC_GLP1_INJ,oncology,Southwest,101.0,76.0,True,1
1246066447,1331020234,random,EVT-0121,2024-06-27,METABOLIC_GLP1_INJ,rheumatology,Southwest,435.8333333333333,240.16666666666666,True,1
1257723886,1769333869,random,EVT-0121,2024-06-27,METABOLIC_GLP1_INJ,endocrinology,Southwest,87.0,146.16666666666666,True,1
1271768685,1971035963,random,EVT-0121,2024-06-27,METABOLIC_GLP1_INJ,primary care,Midwest,312.1666666666667,99.16666666666667,True,1
1413519731,1508064668,random,EVT-0121,2024-06-27,METABOLIC_GLP1_INJ,primary care,Southwest,326.5,106.83333333333333,True,1
1423152481,1199423090,random,EVT-0121,2024-06-27,METABOLIC_GLP1_INJ,primary care,Southeast,408.1666666666667,42.833333333333336,True,1
1433980129,1523987174,random,EVT-0121,2024-06-27,METABOLIC_GLP1_INJ,pulmonology,Northeast,209.33333333333334,96.66666666666667,True,1
1516074709,1848800052,random,EVT-0121,2024-06-27,METABOLIC_GLP1_INJ,cardiology,Southwest,304.6666666666667,176.16666666666666,True,1
1557944620,1580871600,random,EVT-0121,2024-06-27,METABOLIC_GLP1_INJ,primary care,Southwest,189.66666666666666,31.166666666666668,True,1
1688976343,1676855970,random,EVT-0121,2024-06-27,METABOLIC_GLP1_INJ,pulmonology,Southeast,300.1666666666667,257.1666666666667,True,1
1689059347,1855585794,random,EVT-0121,2024-06-27,METABOLIC_GLP1_INJ,primary care,Southwest,74.5,33.833333333333336,True,1
1740626134,1835878442,random,EVT-0121,2024-06-27,METABOLIC_GLP1_INJ,endocrinology,Southwest,199.66666666666666,97.66666666666667,True,1
1806479196,1337606333,random,EVT-0121,2024-06-27,METABOLIC_GLP1_INJ,primary care,Southwest,457.0,62.666666666666664,True,1
1857629178,1823309871,random,EVT-0121,2024-06-27,METABOLIC_GLP1_INJ,oncology,West,90.0,156.33333333333334,True,1
1964945871,1418704015,random,EVT-0121,2024-06-27,METABOLIC_GLP1_INJ,endocrinology,Northeast,206.83333333333334,87.33333333333333,True,1
1497642888,1149018644,random,EVT-0121,2024-06-27,METABOLIC_GLP1_INJ,endocrinology,Northeast,114.66666666666667,129.16666666666666,True,1
1026722938,1185877283,random,EVT-0122,2024-07-03,CV_ANTICOAG_ORAL,endocrinology,Midwest,416.0,180.0,True,1
1074076039,1021834936,random,EVT-0122,2024-07-03,CV_ANTICOAG_ORAL,cardiology,Southeast,190.66666666666666,93.16666666666667,True,1
1076376403,1219591108,random,EVT-0122,2024-07-03,CV_ANTICOAG_ORAL,endocrinology,Northeast,209.66666666666666,76.66666666666667,True,1
1078096579,1707917476,random,EVT-0122,2024-07-03,CV_ANTICOAG_ORAL,cardiology,Midwest,422.5,109.83333333333333,True,1
1124890801,1769333869,random,EVT-0122,2024-07-03,CV_ANTICOAG_ORAL,primary care,Northeast,268.8333333333333,66.83333333333333,True,1
1133130363,1121962926,random,EVT-0122,2024-07-03,CV_ANTICOAG_ORAL,primary care,Northeast,205.16666666666666,264.3333333333333,True,1
1240190284,1736829924,random,EVT-0122,2024-07-03,CV_ANTICOAG_ORAL,oncology,Southwest,154.83333333333334,114.83333333333333,True,1
1267903205,1797940958,random,EVT-0122,2024-07-03,CV_ANTICOAG_ORAL,endocrinology,Midwest,74.0,92.66666666666667,True,1
1271463741,1189244753,random,EVT-0122,2024-07-03,CV_ANTICOAG_ORAL,primary care,West,106.0,151.83333333333334,True,1
1278315217,1650044724,random,EVT-0122,2024-07-03,CV_ANTICOAG_ORAL,oncology,Midwest,76.0,116.16666666666667,True,1
1279255164,1320611266,random,EVT-0122,2024-07-03,CV_ANTICOAG_ORAL,cardiology,Midwest,100.33333333333333,159.16666666666666,True,1
1279507085,1577953643,random,EVT-0122,2024-07-03,CV_ANTICOAG_ORAL,rheumatology,Southwest,211.66666666666666,117.16666666666667,True,1
1286477181,1001056401,random,EVT-0122,2024-07-03,CV_ANTICOAG_ORAL,cardiology,Midwest,325.1666666666667,324.5,True,1
1328056928,1028050239,random,EVT-0122,2024-07-03,CV_ANTICOAG_ORAL,oncology,Northeast,104.33333333333333,86.5,True,1
1361521440,1010852790,random,EVT-0122,2024-07-03,CV_ANTICOAG_ORAL,endocrinology,Midwest,141.83333333333334,126.16666666666667,True,1
1456207657,1741672111,random,EVT-0122,2024-07-03,CV_ANTICOAG_ORAL,primary care,Midwest,317.5,59.5,True,1
1516074709,1420113783,random,EVT-0122,2024-07-03,CV_ANTICOAG_ORAL,cardiology,Southwest,265.3333333333333,61.166666666666664,True,1
1595774286,1443907526,random,EVT-0122,2024-07-03,CV_ANTICOAG_ORAL,rheumatology,Midwest,231.33333333333334,138.66666666666666,True,1
1631526641,1534239003,random,EVT-0122,2024-07-03,CV_ANTICOAG_ORAL,cardiology,Southwest,258.8333333333333,19.666666666666668,True,1
1683943777,1176034100,random,EVT-0122,2024-07-03,CV_ANTICOAG_ORAL,cardiology,West,163.5,151.5,True,1
1704331150,1404995171,random,EVT-0122,2024-07-03,CV_ANTICOAG_ORAL,endocrinology,West,277.0,26.5,True,1
1732527431,1468190701,random,EVT-0122,2024-07-03,CV_ANTICOAG_ORAL,primary care,Southeast,262.5,64.83333333333333,True,1
1738903891,1842420535,random,EVT-0122,2024-07-03,CV_ANTICOAG_ORAL,endocrinology,Southeast,578.1666666666666,230.5,True,1
1848624494,1766730505,random,EVT-0122,2024-07-03,CV_ANTICOAG_ORAL,primary care,Midwest,638.3333333333334,133.16666666666666,True,1
1857629178,1209566128,random,EVT-0122,2024-07-03,CV_ANTICOAG_ORAL,oncology,West,52.666666666666664,266.0,True,1
1889776344,1109634414,random,EVT-0122,2024-07-03,CV_ANTICOAG_ORAL,pulmonology,Northeast,296.5,152.33333333333334,True,1
1923786978,1622391112,random,EVT-0122,2024-07-03,CV_ANTICOAG_ORAL,cardiology,Southeast,84.66666666666667,45.5,True,1
1949335115,1848800052,random,EVT-0122,2024-07-03,CV_ANTICOAG_ORAL,endocrinology,Southeast,216.16666666666666,62.666666666666664,True,1
1989798412,1596912711,random,EVT-0122,2024-07-03,CV_ANTICOAG_ORAL,primary care,Southwest,507.8333333333333,86.5,True,1
1002145427,1101142523,random,EVT-0123,2024-07-04,PC_ANTIHYPERTENSIVE,primary care,Northeast,633.1666666666666,77.16666666666667,True,1
1018018261,1289174306,random,EVT-0123,2024-07-04,PC_ANTIHYPERTENSIVE,primary care,Northeast,577.8333333333334,179.33333333333334,True,1
1048976678,1512866082,random,EVT-0123,2024-07-04,PC_ANTIHYPERTENSIVE,primary care,Southeast,517.5,243.0,True,1
1065870788,1295857761,random,EVT-0123,2024-07-04,PC_ANTIHYPERTENSIVE,primary care,Southwest,385.5,123.16666666666667,True,1
1084471394,1714021262,random,EVT-0123,2024-07-04,PC_ANTIHYPERTENSIVE,primary care,Northeast,281.5,543.3333333333334,True,1
1084919582,1767508967,random,EVT-0123,2024-07-04,PC_ANTIHYPERTENSIVE,primary care,Southeast,493.3333333333333,412.1666666666667,True,1
1124726435,1922185990,random,EVT-0123,2024-07-04,PC_ANTIHYPERTENSIVE,primary care,Northeast,451.0,69.83333333333333,True,1
1133130363,1529045985,random,EVT-0123,2024-07-04,PC_ANTIHYPERTENSIVE,primary care,Northeast,408.6666666666667,165.0,True,1
1144669185,1223523766,random,EVT-0123,2024-07-04,PC_ANTIHYPERTENSIVE,primary care,Northeast,843.1666666666666,214.16666666666666,True,1
1200480071,1102089657,random,EVT-0123,2024-07-04,PC_ANTIHYPERTENSIVE,primary care,Northeast,318.5,182.16666666666666,True,1
1213511599,1209566128,random,EVT-0123,2024-07-04,PC_ANTIHYPERTENSIVE,primary care,Northeast,1052.0,650.8333333333334,True,1
1241711534,1566276774,random,EVT-0123,2024-07-04,PC_ANTIHYPERTENSIVE,primary care,Southeast,157.5,806.0,True,1
1263807582,1625192632,random,EVT-0123,2024-07-04,PC_ANTIHYPERTENSIVE,primary care,Northeast,859.5,128.0,True,1
1264333323,1847794991,random,EVT-0123,2024-07-04,PC_ANTIHYPERTENSIVE,primary care,Northeast,718.0,106.16666666666667,True,1
1271768685,1134089733,random,EVT-0123,2024-07-04,PC_ANTIHYPERTENSIVE,primary care,Midwest,460.5,123.0,True,1
1296552940,1057676243,random,EVT-0123,2024-07-04,PC_ANTIHYPERTENSIVE,primary care,Northeast,368.8333333333333,203.83333333333334,True,1
1315385710,1804484495,random,EVT-0123,2024-07-04,PC_ANTIHYPERTENSIVE,primary care,Northeast,1278.1666666666667,170.16666666666666,True,1
1321405205,1548652282,random,EVT-0123,2024-07-04,PC_ANTIHYPERTENSIVE,primary care,West,207.0,464.8333333333333,True,1
1334266016,1961509027,random,EVT-0123,2024-07-04,PC_ANTIHYPERTENSIVE,primary care,Southwest,385.5,133.0,True,1
1389159553,1099946885,random,EVT-0123,2024-07-04,PC_ANTIHYPERTENSIVE,primary care,Southeast,234.0,181.0,True,1
1418997171,1892083019,random,EVT-0123,2024-07-04,PC_ANTIHYPERTENSIVE,primary care,Northeast,554.8333333333334,380.3333333333333,True,1
1423152481,1742974847,random,EVT-0123,2024-07-04,PC_ANTIHYPERTENSIVE,primary care,Southeast,567.1666666666666,70.5,True,1
1425610817,1947954388,random,EVT-0123,2024-07-04,PC_ANTIHYPERTENSIVE,primary care,Southeast,203.66666666666666,92.83333333333333,True,1
1436505063,1773180629,random,EVT-0123,2024-07-04,PC_ANTIHYPERTENSIVE,primary care,Midwest,559.3333333333334,144.16666666666666,True,1
1523498065,1184426066,random,EVT-0123,2024-07-04,PC_ANTIHYPERTENSIVE,primary care,Southeast,336.6666666666667,118.33333333333333,True,1
1615059528,1412773438,random,EVT-0123,2024-07-04,PC_ANTIHYPERTENSIVE,primary care,Southeast,316.5,783.3333333333334,True,1
1674102136,1905395731,random,EVT-0123,2024-07-04,PC_ANTIHYPERTENSIVE,primary care,Northeast,137.83333333333334,47.5,True,1
1689916181,1275443434,random,EVT-0123,2024-07-04,PC_ANTIHYPERTENSIVE,primary care,Northeast,551.1666666666666,214.0,True,1
1725724532,1296624285,random,EVT-0123,2024-07-04,PC_ANTIHYPERTENSIVE,primary care,Northeast,913.6666666666666,209.83333333333334,True,1
1747032997,1134632102,random,EVT-0123,2024-07-04,PC_ANTIHYPERTENSIVE,primary care,Northeast,301.0,473.5,True,1
1812815243,1261377760,random,EVT-0123,2024-07-04,PC_ANTIHYPERTENSIVE,primary care,Midwest,696.8333333333334,234.83333333333334,True,1
1848624494,1333393084,random,EVT-0123,2024-07-04,PC_ANTIHYPERTENSIVE,primary care,Midwest,379.0,159.66666666666666,True,1
1903798589,1463019459,random,EVT-0123,2024-07-04,PC_ANTIHYPERTENSIVE,primary care,Southwest,378.1666666666667,202.5,True,1
1927430854,1676855970,random,EVT-0123,2024-07-04,PC_ANTIHYPERTENSIVE,primary care,Southeast,716.3333333333334,255.33333333333334,True,1
1937514325,1434523506,random,EVT-0123,2024-07-04,PC_ANTIHYPERTENSIVE,primary care,West,474.6666666666667,269.8333333333333,True,1
1955620046,1769234364,random,EVT-0123,2024-07-04,PC_ANTIHYPERTENSIVE,primary care,Southeast,492.1666666666667,236.83333333333334,True,1
1002145427,1721743411,random,EVT-0124,2024-07-04,CV_ANTICOAG_ORAL,primary care,Northeast,239.66666666666666,52.666666666666664,True,1
1018018261,1588179048,random,EVT-0124,2024-07-04,CV_ANTICOAG_ORAL,primary care,Northeast,335.8333333333333,80.66666666666667,True,1
1076376403,1179994367,random,EVT-0124,2024-07-04,CV_ANTICOAG_ORAL,endocrinology,Northeast,209.66666666666666,109.33333333333333,True,1
1098995024,1464805419,random,EVT-0124,2024-07-04,CV_ANTICOAG_ORAL,primary care,Northeast,329.0,108.66666666666667,True,1
1124890801,1902607450,random,EVT-0124,2024-07-04,CV_ANTICOAG_ORAL,primary care,Northeast,268.8333333333333,143.0,True,1
1133130363,1765149178,random,EVT-0124,2024-07-04,CV_ANTICOAG_ORAL,primary care,Northeast,205.16666666666666,106.16666666666667,True,1
1159841240,1285347583,random,EVT-0124,2024-07-04,CV_ANTICOAG_ORAL,neurology,Southeast,629.8333333333334,69.0,True,1
1166368237,1718275724,random,EVT-0124,2024-07-04,CV_ANTICOAG_ORAL,primary care,Southwest,225.33333333333334,27.5,True,1
1200480071,1939526327,random,EVT-0124,2024-07-04,CV_ANTICOAG_ORAL,primary care,Northeast,912.3333333333334,46.166666666666664,True,1
1263807582,1275443434,random,EVT-0124,2024-07-04,CV_ANTICOAG_ORAL,primary care,Northeast,537.0,69.16666666666667,True,1
1280087226,1384158410,random,EVT-0124,2024-07-04,CV_ANTICOAG_ORAL,primary care,Northeast,390.8333333333333,142.66666666666666,True,1
1284061300,1297391371,random,EVT-0124,2024-07-04,CV_ANTICOAG_ORAL,primary care,West,236.33333333333334,107.66666666666667,True,1
1300654963,1081498101,random,EVT-0124,2024-07-04,CV_ANTICOAG_ORAL,primary care,Northeast,422.3333333333333,66.16666666666667,True,1
1310164813,1133042691,random,EVT-0124,2024-07-04,CV_ANTICOAG_ORAL,primary care,Southeast,82.5,193.0,True,1
1350739367,1341720393,random,EVT-0124,2024-07-04,CV_ANTICOAG_ORAL,cardiology,Northeast,96.5,107.83333333333333,True,1
1362560363,1878312481,random,EVT-0124,2024-07-04,CV_ANTICOAG_ORAL,cardiology,West,238.66666666666666,117.33333333333333,True,1
1385532449,1971035963,random,EVT-0124,2024-07-04,CV_ANTICOAG_ORAL,primary care,Southeast,202.33333333333334,157.33333333333334,True,1
1389574017,1210894345,random,EVT-0124,2024-07-04,CV_ANTICOAG_ORAL,pulmonology,Southwest,288.5,123.83333333333333,True,1
1394609428,1580871600,random,EVT-0124,2024-07-04,CV_ANTICOAG_ORAL,endocrinology,Southwest,522.0,76.33333333333333,True,1
1397955463,1057623450,random,EVT-0124,2024-07-04,CV_ANTICOAG_ORAL,primary care,Southeast,342.3333333333333,82.33333333333333,True,1
1413519731,1268421124,random,EVT-0124,2024-07-04,CV_ANTICOAG_ORAL,primary care,Southwest,736.6666666666666,121.5,True,1
1418997171,1410468163,random,EVT-0124,2024-07-04,CV_ANTICOAG_ORAL,primary care,Northeast,302.1666666666667,83.16666666666667,True,1
1456299035,1573445784,random,EVT-0124,2024-07-04,CV_ANTICOAG_ORAL,primary care,Southeast,208.16666666666666,111.83333333333333,True,1
1484724632,1028436479,random,EVT-0124,2024-07-04,CV_ANTICOAG_ORAL,primary care,Northeast,193.0,157.66666666666666,True,1
1567742360,1001999733,random,EVT-0124,2024-07-04,CV_ANTICOAG_ORAL,primary care,West,376.8333333333333,34.0,True,1
1621199177,1851932792,random,EVT-0124,2024-07-04,CV_ANTICOAG_ORAL,primary care,Southeast,309.1666666666667,144.83333333333334,True,1
1670560261,1463019459,random,EVT-0124,2024-07-04,CV_ANTICOAG_ORAL,primary care,Southwest,243.66666666666666,138.66666666666666,True,1
1689916181,1451721462,random,EVT-0124,2024-07-04,CV_ANTICOAG_ORAL,primary care,Northeast,230.66666666666666,212.66666666666666,True,1
1697719783,1087671156,random,EVT-0124,2024-07-04,CV_ANTICOAG_ORAL,neurology,Southwest,91.16666666666667,44.166666666666664,True,1
1710163217,1413202163,random,EVT-0124,2024-07-04,CV_ANTICOAG_ORAL,cardiology,Northeast,245.5,74.83333333333333,True,1
1742579091,1181599923,random,EVT-0124,2024-07-04,CV_ANTICOAG_ORAL,primary care,Northeast,359.6666666666667,78.83333333333333,True,1
1848624494,1617703974,random,EVT-0124,2024-07-04,CV_ANTICOAG_ORAL,primary care,Midwest,638.3333333333334,114.16666666666667,True,1
1856406925,1304105269,random,EVT-0124,2024-07-04,CV_ANTICOAG_ORAL,cardiology,Northeast,198.83333333333334,208.33333333333334,True,1
1949335115,1458345984,random,EVT-0124,2024-07-04,CV_ANTICOAG_ORAL,endocrinology,Southeast,216.16666666666666,136.83333333333334,True,1
1955620046,1219172859,random,EVT-0124,2024-07-04,CV_ANTICOAG_ORAL,primary care,Southeast,348.8333333333333,253.16666666666666,True,1
1009179924,1440538092,random,EVT-0125,2024-07-05,CARD_HF_ARNI,cardiology,West,361.3333333333333,233.0,True,1
1123148250,1107378550,random,EVT-0125,2024-07-05,CARD_HF_ARNI,cardiology,Southwest,251.16666666666666,283.1666666666667,True,1
1138208594,1304105269,random,EVT-0125,2024-07-05,CARD_HF_ARNI,cardiology,West,425.6666666666667,100.0,True,1
1341556789,1200346587,random,EVT-0125,2024-07-05,CARD_HF_ARNI,cardiology,West,1232.8333333333333,249.66666666666666,True,1
1368009035,1275177768,random,EVT-0125,2024-07-05,CARD_HF_ARNI,cardiology,Northeast,322.1666666666667,74.33333333333333,True,1
1460081361,1850313960,random,EVT-0125,2024-07-05,CARD_HF_ARNI,cardiology,Northeast,216.66666666666666,170.66666666666666,True,1
1475115246,1847562299,random,EVT-0125,2024-07-05,CARD_HF_ARNI,cardiology,Southeast,642.3333333333334,155.5,True,1
1492077734,1083149777,random,EVT-0125,2024-07-05,CARD_HF_ARNI,cardiology,Midwest,623.1666666666666,295.6666666666667,True,1
1516074709,1477499267,random,EVT-0125,2024-07-05,CARD_HF_ARNI,cardiology,Southwest,428.5,46.0,True,1
1631526641,1361620622,random,EVT-0125,2024-07-05,CARD_HF_ARNI,cardiology,Southwest,218.16666666666666,171.66666666666666,True,1
1648553570,1210894345,random,EVT-0125,2024-07-05,CARD_HF_ARNI,cardiology,Southwest,368.3333333333333,142.66666666666666,True,1
1655321622,1042224778,random,EVT-0125,2024-07-05,CARD_HF_ARNI,cardiology,Northeast,338.3333333333333,372.6666666666667,True,1
1701585576,1185877283,random,EVT-0125,2024-07-05,CARD_HF_ARNI,cardiology,Southwest,456.3333333333333,270.5,True,1
1732000645,1131525051,random,EVT-0125,2024-07-05,CARD_HF_ARNI,cardiology,Southwest,575.6666666666666,260.5,True,1
1745601371,1848800052,random,EVT-0125,2024-07-05,CARD_HF_ARNI,cardiology,Midwest,241.5,331.8333333333333,True,1
1760628762,1742318383,random,EVT-0125,2024-07-05,CARD_HF_ARNI,cardiology,Southwest,212.83333333333334,258.8333333333333,True,1
1766730505,1169149543,random,EVT-0125,2024-07-05,CARD_HF_ARNI,cardiology,Midwest,333.8333333333333,103.33333333333333,True,1
1901019392,1420113783,random,EVT-0125,2024-07-05,CARD_HF_ARNI,cardiology,West,836.1666666666666,65.66666666666667,True,1
1969108517,1722898792,random,EVT-0125,2024-07-05,CARD_HF_ARNI,cardiology,Midwest,206.83333333333334,407.1666666666667,True,1
1689059347,1783823739,random,EVT-0123,2024-07-04,PC_ANTIHYPERTENSIVE,primary care,Southwest,233.83333333333334,774.5,True,1
1058647219,1736829924,random,EVT-0126,2024-07-10,PULM_ICS_LABA_INH,pulmonology,Northeast,378.3333333333333,180.66666666666666,True,1
1075036339,1132792726,random,EVT-0126,2024-07-10,PULM_ICS_LABA_INH,pulmonology,West,213.0,153.0,True,1
1139166684,1113190601,random,EVT-0126,2024-07-10,PULM_ICS_LABA_INH,pulmonology,Midwest,271.6666666666667,116.66666666666667,True,1
1370467684,1588179048,random,EVT-0126,2024-07-10,PULM_ICS_LABA_INH,pulmonology,Midwest,91.33333333333333,164.0,True,1
1449331358,1352578078,random,EVT-0126,2024-07-10,PULM_ICS_LABA_INH,pulmonology,Midwest,136.66666666666666,382.3333333333333,True,1
1533003293,1831183839,random,EVT-0126,2024-07-10,PULM_ICS_LABA_INH,pulmonology,Midwest,323.0,130.0,True,1
1547112395,1895795452,random,EVT-0126,2024-07-10,PULM_ICS_LABA_INH,pulmonology,Midwest,182.66666666666666,80.33333333333333,True,1
1647700669,1679813331,random,EVT-0126,2024-07-10,PULM_ICS_LABA_INH,pulmonology,West,153.33333333333334,136.0,True,1
1688976343,1697855363,random,EVT-0126,2024-07-10,PULM_ICS_LABA_INH,pulmonology,Southeast,322.6666666666667,249.16666666666666,True,1
1782077311,1072999711,random,EVT-0126,2024-07-10,PULM_ICS_LABA_INH,pulmonology,Southeast,133.16666666666666,131.16666666666666,True,1
1880717263,1416644254,random,EVT-0126,2024-07-10,PULM_ICS_LABA_INH,pulmonology,Northeast,379.1666666666667,116.5,True,1
1889776344,1160075531,random,EVT-0126,2024-07-10,PULM_ICS_LABA_INH,pulmonology,Northeast,256.8333333333333,117.66666666666667,True,1
1964572899,1797940958,random,EVT-0126,2024-07-10,PULM_ICS_LABA_INH,pulmonology,Northeast,140.16666666666666,77.0,True,1
1019230758,1976509970,random,EVT-0127,2024-07-21,NEURO_MIGRAINE_CGRP,neurology,Southwest,184.5,77.5,True,1
1044379984,1527981900,random,EVT-0127,2024-07-21,NEURO_MIGRAINE_CGRP,neurology,Midwest,256.3333333333333,184.16666666666666,True,1
1189244753,1534239003,random,EVT-0127,2024-07-21,NEURO_MIGRAINE_CGRP,neurology,Northeast,266.0,117.5,True,1
1467704312,1901417067,random,EVT-0127,2024-07-21,NEURO_MIGRAINE_CGRP,neurology,Northeast,219.5,64.83333333333333,True,1
1592062677,1703230064,random,EVT-0127,2024-07-21,NEURO_MIGRAINE_CGRP,neurology,Southeast,501.0,136.66666666666666,True,1
1616418756,1045376799,random,EVT-0127,2024-07-21,NEURO_MIGRAINE_CGRP,neurology,Northeast,202.5,344.6666666666667,True,1
1635476009,1244876920,random,EVT-0127,2024-07-21,NEURO_MIGRAINE_CGRP,neurology,Northeast,262.3333333333333,105.16666666666667,True,1
1921646299,1228081653,random,EVT-0127,2024-07-21,NEURO_MIGRAINE_CGRP,neurology,Southwest,560.6666666666666,85.83333333333333,True,1
1002145427,1742100898,random,EVT-0128,2024-08-14,PC_ANTIHYPERTENSIVE,primary care,Northeast,627.6666666666666,80.0,True,1
1048976678,1804484495,random,EVT-0128,2024-08-14,PC_ANTIHYPERTENSIVE,primary care,Southeast,529.1666666666666,160.33333333333334,True,1
1080672524,1851932792,random,EVT-0128,2024-08-14,PC_ANTIHYPERTENSIVE,primary care,Southeast,490.1666666666667,194.16666666666666,True,1
1133130363,1209566128,random,EVT-0128,2024-08-14,PC_ANTIHYPERTENSIVE,primary care,Northeast,420.5,654.3333333333334,True,1
1166368237,1166978878,random,EVT-0128,2024-08-14,PC_ANTIHYPERTENSIVE,primary care,Southwest,276.3333333333333,70.83333333333333,True,1
1170846871,1335670091,random,EVT-0128,2024-08-14,PC_ANTIHYPERTENSIVE,primary care,Southeast,503.6666666666667,285.8333333333333,True,1
1180932224,1058325303,random,EVT-0128,2024-08-14,PC_ANTIHYPERTENSIVE,primary care,Southeast,664.6666666666666,275.8333333333333,True,1
1227780172,1547660377,random,EVT-0128,2024-08-14,PC_ANTIHYPERTENSIVE,primary care,Southwest,1387.3333333333333,151.5,True,1
1300654963,1184426066,random,EVT-0128,2024-08-14,PC_ANTIHYPERTENSIVE,primary care,Northeast,231.16666666666666,110.33333333333333,True,1
1385532449,1512866082,random,EVT-0128,2024-08-14,PC_ANTIHYPERTENSIVE,primary care,Southeast,737.5,250.5,True,1
1397955463,1333393084,random,EVT-0128,2024-08-14,PC_ANTIHYPERTENSIVE,primary care,Southeast,592.1666666666666,164.66666666666666,True,1
1413519731,1289174306,random,EVT-0128,2024-08-14,PC_ANTIHYPERTENSIVE,primary care,Southwest,515.3333333333334,174.66666666666666,True,1
1418997171,1102089657,random,EVT-0128,2024-08-14,PC_ANTIHYPERTENSIVE,primary care,Northeast,582.6666666666666,184.66666666666666,True,1
1423152481,1412773438,random,EVT-0128,2024-08-14,PC_ANTIHYPERTENSIVE,primary care,Southeast,574.5,799.8333333333334,True,1
1425340662,1767508967,random,EVT-0128,2024-08-14,PC_ANTIHYPERTENSIVE,primary care,Southwest,457.6666666666667,433.5,True,1
1425610817,1511022174,random,EVT-0128,2024-08-14,PC_ANTIHYPERTENSIVE,primary care,Southeast,191.66666666666666,322.5,True,1
1548652282,1219172859,random,EVT-0128,2024-08-14,PC_ANTIHYPERTENSIVE,primary care,Midwest,454.8333333333333,225.83333333333334,True,1
1552813903,1536278926,random,EVT-0128,2024-08-14,PC_ANTIHYPERTENSIVE,primary care,Northeast,812.1666666666666,749.6666666666666,True,1
1592123891,1635581279,random,EVT-0128,2024-08-14,PC_ANTIHYPERTENSIVE,primary care,Northeast,833.8333333333334,748.5,True,1
1613561947,1159833825,random,EVT-0128,2024-08-14,PC_ANTIHYPERTENSIVE,primary care,Southeast,450.1666666666667,411.3333333333333,True,1
1615059528,1138281740,random,EVT-0128,2024-08-14,PC_ANTIHYPERTENSIVE,primary care,Southeast,328.5,274.8333333333333,True,1
1621199177,1216575070,random,EVT-0128,2024-08-14,PC_ANTIHYPERTENSIVE,primary care,Southeast,208.5,492.6666666666667,True,1
1639269087,1101142523,random,EVT-0128,2024-08-14,PC_ANTIHYPERTENSIVE,primary care,Northeast,226.16666666666666,76.16666666666667,True,1
1707435529,1947954388,random,EVT-0128,2024-08-14,PC_ANTIHYPERTENSIVE,primary care,Southeast,457.3333333333333,93.0,True,1
1732527431,1806707737,random,EVT-0128,2024-08-14,PC_ANTIHYPERTENSIVE,primary care,Southeast,430.5,163.83333333333334,True,1
1747032997,1534502129,random,EVT-0128,2024-08-14,PC_ANTIHYPERTENSIVE,primary care,Northeast,297.8333333333333,129.66666666666666,True,1
1815807585,1714021262,random,EVT-0128,2024-08-14,PC_ANTIHYPERTENSIVE,primary care,Southeast,698.5,541.0,True,1
1922670785,1060922949,random,EVT-0128,2024-08-14,PC_ANTIHYPERTENSIVE,primary care,Southeast,434.6666666666667,177.0,True,1
1924355757,1643297637,random,EVT-0128,2024-08-14,PC_ANTIHYPERTENSIVE,primary care,Southwest,448.8333333333333,243.66666666666666,True,1
1927430854,1742974847,random,EVT-0128,2024-08-14,PC_ANTIHYPERTENSIVE,primary care,Southeast,703.0,69.83333333333333,True,1
1937514325,1540759788,random,EVT-0128,2024-08-14,PC_ANTIHYPERTENSIVE,primary care,West,472.8333333333333,207.33333333333334,True,1
1955620046,1352216182,random,EVT-0128,2024-08-14,PC_ANTIHYPERTENSIVE,primary care,Southeast,491.3333333333333,387.6666666666667,True,1
1268222167,1363342464,random,EVT-0128,2024-08-14,PC_ANTIHYPERTENSIVE,primary care,Midwest,318.8333333333333,631.0,True,1
1040239976,1352702876,random,EVT-0129,2024-08-25,RHEUM_JAK_ORAL,rheumatology,Northeast,447.8333333333333,173.83333333333334,True,1
1357524945,1884938808,random,EVT-0129,2024-08-25,RHEUM_JAK_ORAL,rheumatology,Midwest,995.1666666666666,309.3333333333333,True,1
1428792083,1892264320,random,EVT-0129,2024-08-25,RHEUM_JAK_ORAL,rheumatology,West,93.5,73.66666666666667,True,1
1435949049,1031907094,random,EVT-0129,2024-08-25,RHEUM_JAK_ORAL,rheumatology,Northeast,549.5,273.6666666666667,True,1
1595774286,1282327174,random,EVT-0129,2024-08-25,RHEUM_JAK_ORAL,rheumatology,Midwest,560.8333333333334,505.6666666666667,True,1
1598661571,1601451010,random,EVT-0129,2024-08-25,RHEUM_JAK_ORAL,rheumatology,Northeast,477.1666666666667,293.8333333333333,True,1
1647196991,1038582841,random,EVT-0129,2024-08-25,RHEUM_JAK_ORAL,rheumatology,Southeast,707.3333333333334,142.83333333333334,True,1
1690348028,1998699429,random,EVT-0129,2024-08-25,RHEUM_JAK_ORAL,rheumatology,Midwest,272.5,694.8333333333334,True,1
1757283357,1499123879,random,EVT-0129,2024-08-25,RHEUM_JAK_ORAL,rheumatology,Midwest,227.66666666666666,183.33333333333334,True,1
1768831921,1370361275,random,EVT-0129,2024-08-25,RHEUM_JAK_ORAL,rheumatology,Northeast,227.5,118.16666666666667,True,1
1808310134,1618334340,random,EVT-0129,2024-08-25,RHEUM_JAK_ORAL,rheumatology,Southwest,358.3333333333333,137.66666666666666,True,1
1847082322,1013443506,random,EVT-0129,2024-08-25,RHEUM_JAK_ORAL,rheumatology,Northeast,278.1666666666667,84.16666666666667,True,1
1944079924,1348428750,random,EVT-0129,2024-08-25,RHEUM_JAK_ORAL,rheumatology,Southeast,786.5,127.33333333333333,True,1
1009179924,1640263392,random,EVT-0130,2024-09-05,METABOLIC_GLP1_INJ,cardiology,West,275.5,153.0,True,1
1031568581,1835878442,random,EVT-0130,2024-09-05,METABOLIC_GLP1_INJ,pulmonology,Southeast,112.16666666666667,91.16666666666667,True,1
1048976678,1271711891,random,EVT-0130,2024-09-05,METABOLIC_GLP1_INJ,primary care,Southeast,173.16666666666666,22.666666666666668,True,1
1050705288,1713731663,random,EVT-0130,2024-09-05,METABOLIC_GLP1_INJ,endocrinology,Southeast,200.66666666666666,209.16666666666666,True,1
1074076039,1950588461,random,EVT-0130,2024-09-05,METABOLIC_GLP1_INJ,cardiology,Southeast,279.1666666666667,93.83333333333333,True,1
1117854327,1424541534,random,EVT-0130,2024-09-05,METABOLIC_GLP1_INJ,neurology,West,56.333333333333336,64.0,True,1
1200480071,1769333869,random,EVT-0130,2024-09-05,METABOLIC_GLP1_INJ,primary care,Northeast,136.0,147.83333333333334,True,1
1202669523,1364458855,random,EVT-0130,2024-09-05,METABOLIC_GLP1_INJ,cardiology,Midwest,272.0,127.5,True,1
1223523766,1529873311,random,EVT-0130,2024-09-05,METABOLIC_GLP1_INJ,primary care,West,113.83333333333333,58.5,True,1
1237205202,1965430253,random,EVT-0130,2024-09-05,METABOLIC_GLP1_INJ,endocrinology,Northeast,185.0,24.333333333333332,True,1
1244876920,1320611266,random,EVT-0130,2024-09-05,METABOLIC_GLP1_INJ,neurology,West,27.833333333333332,70.0,True,1
1264333323,1944636921,random,EVT-0130,2024-09-05,METABOLIC_GLP1_INJ,primary care,Northeast,158.33333333333334,77.0,True,1
1265952337,1251202242,random,EVT-0130,2024-09-05,METABOLIC_GLP1_INJ,cardiology,Northeast,107.0,175.5,True,1
1299418347,1775551348,random,EVT-0130,2024-09-05,METABOLIC_GLP1_INJ,cardiology,Northeast,163.66666666666666,202.5,True,1
1332369119,1219172859,random,EVT-0130,2024-09-05,METABOLIC_GLP1_INJ,cardiology,Southeast,62.0,115.66666666666667,True,1
1350739367,1335601583,random,EVT-0130,2024-09-05,METABOLIC_GLP1_INJ,cardiology,Northeast,139.66666666666666,138.0,True,1
1397955463,1335670091,random,EVT-0130,2024-09-05,METABOLIC_GLP1_INJ,primary care,Southeast,644.0,60.5,True,1
1455101661,1551107307,random,EVT-0130,2024-09-05,METABOLIC_GLP1_INJ,endocrinology,Southeast,261.1666666666667,157.33333333333334,True,1
1475115246,1501563039,random,EVT-0130,2024-09-05,METABOLIC_GLP1_INJ,cardiology,Southeast,180.33333333333334,69.0,True,1
1566888198,1479311619,random,EVT-0130,2024-09-05,METABOLIC_GLP1_INJ,primary care,Midwest,134.66666666666666,51.833333333333336,True,1
1610177150,1407459696,random,EVT-0130,2024-09-05,METABOLIC_GLP1_INJ,cardiology,Southeast,240.66666666666666,32.0,True,1
1639269087,1987971524,random,EVT-0130,2024-09-05,METABOLIC_GLP1_INJ,primary care,Northeast,412.5,82.83333333333333,True,1
1647196991,1107378550,random,EVT-0130,2024-09-05,METABOLIC_GLP1_INJ,rheumatology,Southeast,484.0,173.16666666666666,True,1
1657725655,1417682113,random,EVT-0130,2024-09-05,METABOLIC_GLP1_INJ,cardiology,West,152.66666666666666,68.5,True,1
1670701188,1388802401,random,EVT-0130,2024-09-05,METABOLIC_GLP1_INJ,cardiology,Southeast,182.16666666666666,381.8333333333333,True,1
1672904236,1143739674,random,EVT-0130,2024-09-05,METABOLIC_GLP1_INJ,cardiology,Northeast,149.16666666666666,82.0,True,1
1683943777,1844748057,random,EVT-0130,2024-09-05,METABOLIC_GLP1_INJ,cardiology,West,351.3333333333333,29.5,True,1
1688976343,1971097054,random,EVT-0130,2024-09-05,METABOLIC_GLP1_INJ,pulmonology,Southeast,332.1666666666667,58.666666666666664,True,1
1701585576,1449048093,random,EVT-0130,2024-09-05,METABOLIC_GLP1_INJ,cardiology,Southwest,163.83333333333334,69.66666666666667,True,1
1707435529,1047406420,random,EVT-0130,2024-09-05,METABOLIC_GLP1_INJ,primary care,Southeast,154.5,48.666666666666664,True,1
1732000645,1178533166,random,EVT-0130,2024-09-05,METABOLIC_GLP1_INJ,cardiology,Southwest,151.5,99.83333333333333,True,1
1732914373,1534502129,random,EVT-0130,2024-09-05,METABOLIC_GLP1_INJ,cardiology,West,201.16666666666666,64.16666666666667,True,1
1742859469,1222151080,random,EVT-0130,2024-09-05,METABOLIC_GLP1_INJ,pulmonology,West,260.3333333333333,190.83333333333334,True,1
1776723276,1169149543,random,EVT-0130,2024-09-05,METABOLIC_GLP1_INJ,primary care,Midwest,162.0,30.666666666666668,True,1
1848624494,1223528765,random,EVT-0130,2024-09-05,METABOLIC_GLP1_INJ,primary care,Midwest,134.66666666666666,85.83333333333333,True,1
1908127628,1851932792,random,EVT-0130,2024-09-05,METABOLIC_GLP1_INJ,cardiology,Southeast,111.33333333333333,178.5,True,1
1927430854,1295857761,random,EVT-0130,2024-09-05,METABOLIC_GLP1_INJ,primary care,Southeast,189.16666666666666,35.5,True,1
1955620046,1100495849,random,EVT-0130,2024-09-05,METABOLIC_GLP1_INJ,primary care,Southeast,553.0,525.8333333333334,True,1
1964945871,1334266743,random,EVT-0130,2024-09-05,METABOLIC_GLP1_INJ,endocrinology,Northeast,213.83333333333334,61.333333333333336,True,1
1991291398,1057676243,random,EVT-0130,2024-09-05,METABOLIC_GLP1_INJ,rheumatology,Southwest,204.83333333333334,208.5,True,1
1002145427,1166978878,random,EVT-0131,2024-09-08,PC_ANTIHYPERTENSIVE,primary care,Northeast,626.3333333333334,71.5,True,1
1018018261,1138281740,random,EVT-0131,2024-09-08,PC_ANTIHYPERTENSIVE,primary care,Northeast,575.6666666666666,268.6666666666667,True,1
1057676243,1566276774,random,EVT-0131,2024-09-08,PC_ANTIHYPERTENSIVE,primary care,Southeast,197.5,835.0,True,1
1065870788,1393729789,random,EVT-0131,2024-09-08,PC_ANTIHYPERTENSIVE,primary care,Southwest,393.5,1031.8333333333333,True,1
1094274762,1596580633,random,EVT-0131,2024-09-08,PC_ANTIHYPERTENSIVE,primary care,West,202.83333333333334,43.833333333333336,True,1
1098995024,1947954388,random,EVT-0131,2024-09-08,PC_ANTIHYPERTENSIVE,primary care,Northeast,184.83333333333334,94.83333333333333,True,1
1124726435,1961509027,random,EVT-0131,2024-09-08,PC_ANTIHYPERTENSIVE,primary care,Northeast,458.5,125.0,True,1
1133130363,1184426066,random,EVT-0131,2024-09-08,PC_ANTIHYPERTENSIVE,primary care,Northeast,420.5,104.16666666666667,True,1
1144669185,1181360912,random,EVT-0131,2024-09-08,PC_ANTIHYPERTENSIVE,primary care,Northeast,928.1666666666666,215.0,True,1
1189769080,1714021262,random,EVT-0131,2024-09-08,PC_ANTIHYPERTENSIVE,primary care,Northeast,392.1666666666667,558.5,True,1
1200480071,1279684447,random,EVT-0131,2024-09-08,PC_ANTIHYPERTENSIVE,primary care,Northeast,329.3333333333333,163.0,True,1
1209829039,1473494189,random,EVT-0131,2024-09-08,PC_ANTIHYPERTENSIVE,primary care,Southwest,753.1666666666666,171.33333333333334,True,1
1213511599,1135650855,random,EVT-0131,2024-09-08,PC_ANTIHYPERTENSIVE,primary care,Northeast,1074.3333333333333,228.0,True,1
1263807582,1134089733,random,EVT-0131,2024-09-08,PC_ANTIHYPERTENSIVE,primary care,Northeast,897.5,124.0,True,1
1264333323,1892083019,random,EVT-0131,2024-09-08,PC_ANTIHYPERTENSIVE,primary care,Northeast,813.3333333333334,367.6666666666667,True,1
1296552940,1847794991,random,EVT-0131,2024-09-08,PC_ANTIHYPERTENSIVE,primary care,Northeast,353.5,104.33333333333333,True,1
1315385710,1216575070,random,EVT-0131,2024-09-08,PC_ANTIHYPERTENSIVE,primary care,Northeast,1320.1666666666667,498.1666666666667,True,1
1316743925,1625192632,random,EVT-0131,2024-09-08,PC_ANTIHYPERTENSIVE,primary care,Northeast,784.3333333333334,119.83333333333333,True,1
1321405205,1060922949,random,EVT-0131,2024-09-08,PC_ANTIHYPERTENSIVE,primary care,West,212.33333333333334,173.16666666666666,True,1
1335670091,1246818524,random,EVT-0131,2024-09-08,PC_ANTIHYPERTENSIVE,primary care,Midwest,307.8333333333333,74.83333333333333,True,1
1356982086,1643297637,random,EVT-0131,2024-09-08,PC_ANTIHYPERTENSIVE,primary care,Midwest,318.6666666666667,245.83333333333334,True,1
1377426493,1572180861,random,EVT-0131,2024-09-08,PC_ANTIHYPERTENSIVE,primary care,West,285.3333333333333,152.83333333333334,True,1
1385532449,1364720148,random,EVT-0131,2024-09-08,PC_ANTIHYPERTENSIVE,primary care,Southeast,745.0,386.3333333333333,True,1
1413519731,1742974847,random,EVT-0131,2024-09-08,PC_ANTIHYPERTENSIVE,primary care,Southwest,487.8333333333333,68.0,True,1
1418997171,1102089657,random,EVT-0131,2024-09-08,PC_ANTIHYPERTENSIVE,primary care,Northeast,621.1666666666666,180.33333333333334,True,1
1456299035,1251567115,random,EVT-0131,2024-09-08,PC_ANTIHYPERTENSIVE,primary care,Southeast,262.1666666666667,243.33333333333334,True,1
1509977165,1534502129,random,EVT-0131,2024-09-08,PC_ANTIHYPERTENSIVE,primary care,Northeast,828.3333333333334,127.33333333333333,True,1
1523498065,1501344612,random,EVT-0131,2024-09-08,PC_ANTIHYPERTENSIVE,primary care,Southeast,310.3333333333333,134.16666666666666,True,1
1536278926,1769234364,random,EVT-0131,2024-09-08,PC_ANTIHYPERTENSIVE,primary care,West,746.3333333333334,207.66666666666666,True,1
1546151204,1412773438,random,EVT-0131,2024-09-08,PC_ANTIHYPERTENSIVE,primary care,Northeast,342.1666666666667,835.5,True,1
1552813903,1997693654,random,EVT-0131,2024-09-08,PC_ANTIHYPERTENSIVE,primary care,Northeast,811.8333333333334,274.3333333333333,True,1
1592123891,1363342464,random,EVT-0131,2024-09-08,PC_ANTIHYPERTENSIVE,primary care,Northeast,834.6666666666666,652.5,True,1
1595301304,1922185990,random,EVT-0131,2024-09-08,PC_ANTIHYPERTENSIVE,primary care,Southwest,432.8333333333333,68.83333333333333,True,1
1635581279,1511022174,random,EVT-0131,2024-09-08,PC_ANTIHYPERTENSIVE,primary care,Southeast,763.3333333333334,324.3333333333333,True,1
1644815767,1939052563,random,EVT-0131,2024-09-08,PC_ANTIHYPERTENSIVE,primary care,West,441.8333333333333,125.0,True,1
1657035808,1849988823,random,EVT-0131,2024-09-08,PC_ANTIHYPERTENSIVE,primary care,West,87.33333333333333,43.833333333333336,True,1
1674102136,1812123887,random,EVT-0131,2024-09-08,PC_ANTIHYPERTENSIVE,primary care,Northeast,129.16666666666666,445.3333333333333,True,1
1689916181,1099946885,random,EVT-0131,2024-09-08,PC_ANTIHYPERTENSIVE,primary care,Northeast,625.3333333333334,186.33333333333334,True,1
1725724532,1058325303,random,EVT-0131,2024-09-08,PC_ANTIHYPERTENSIVE,primary care,Northeast,1015.3333333333334,271.8333333333333,True,1
1742579091,1905395731,random,EVT-0131,2024-09-08,PC_ANTIHYPERTENSIVE,primary care,Northeast,1307.5,46.166666666666664,True,1
1747032997,1540759788,random,EVT-0131,2024-09-08,PC_ANTIHYPERTENSIVE,primary care,Northeast,293.0,201.33333333333334,True,1
1747637738,1289174306,random,EVT-0131,2024-09-08,PC_ANTIHYPERTENSIVE,primary care,Midwest,141.0,175.0,True,1
1812815243,1851932792,random,EVT-0131,2024-09-08,PC_ANTIHYPERTENSIVE,primary care,Midwest,787.0,197.5,True,1
1815807585,1333393084,random,EVT-0131,2024-09-08,PC_ANTIHYPERTENSIVE,primary care,Southeast,693.1666666666666,167.5,True,1
1824172013,1275443434,random,EVT-0131,2024-09-08,PC_ANTIHYPERTENSIVE,primary care,Midwest,440.0,211.0,True,1
1903798589,1479078465,random,EVT-0131,2024-09-08,PC_ANTIHYPERTENSIVE,primary care,Southwest,401.5,164.5,True,1
1924355757,1169614082,random,EVT-0131,2024-09-08,PC_ANTIHYPERTENSIVE,primary care,Southwest,458.0,178.5,True,1
1937514325,1842420535,random,EVT-0131,2024-09-08,PC_ANTIHYPERTENSIVE,primary care,West,499.3333333333333,161.0,True,1
1955620046,1251202242,random,EVT-0131,2024-09-08,PC_ANTIHYPERTENSIVE,primary care,Southeast,503.5,311.3333333333333,True,1
1965727443,1529045985,random,EVT-0131,2024-09-08,PC_ANTIHYPERTENSIVE,primary care,West,189.0,165.33333333333334,True,1
1989798412,1429255973,random,EVT-0131,2024-09-08,PC_ANTIHYPERTENSIVE,primary care,Southwest,623.0,105.66666666666667,True,1
1120080837,1897723296,random,EVT-0132,2024-09-14,CARD_HF_ARNI,cardiology,Northeast,311.5,119.5,True,1
1074076039,1990264784,random,EVT-0132,2024-09-14,CARD_HF_ARNI,cardiology,Southeast,513.0,71.16666666666667,True,1
1299418347,1403453024,random,EVT-0132,2024-09-14,CARD_HF_ARNI,cardiology,Northeast,429.6666666666667,162.16666666666666,True,1
1341556789,1069143851,random,EVT-0132,2024-09-14,CARD_HF_ARNI,cardiology,West,1321.5,292.8333333333333,True,1
1362560363,1042224778,random,EVT-0132,2024-09-14,CARD_HF_ARNI,cardiology,West,411.0,394.0,True,1
1475115246,1120914548,random,EVT-0132,2024-09-14,CARD_HF_ARNI,cardiology,Southeast,641.0,372.1666666666667,True,1
1516074709,1850313960,random,EVT-0132,2024-09-14,CARD_HF_ARNI,cardiology,Southwest,438.3333333333333,162.83333333333334,True,1
1594466975,1133042691,random,EVT-0132,2024-09-14,CARD_HF_ARNI,cardiology,West,287.1666666666667,254.83333333333334,True,1
1683943777,1285520676,random,EVT-0132,2024-09-14,CARD_HF_ARNI,cardiology,West,444.5,89.83333333333333,True,1
1710163217,1656483868,random,EVT-0132,2024-09-14,CARD_HF_ARNI,cardiology,Northeast,297.6666666666667,194.16666666666666,True,1
1724092733,1440623548,random,EVT-0132,2024-09-14,CARD_HF_ARNI,cardiology,Northeast,486.1666666666667,185.66666666666666,True,1
1009179924,1830884742,random,EVT-0133,2024-09-19,CARD_HF_ARNI,cardiology,West,390.8333333333333,95.16666666666667,True,1
1078096579,1779918477,random,EVT-0133,2024-09-19,CARD_HF_ARNI,cardiology,Midwest,427.6666666666667,188.16666666666666,True,1
1123148250,1541379537,random,EVT-0133,2024-09-19,CARD_HF_ARNI,cardiology,Southwest,253.66666666666666,484.3333333333333,True,1
1176034100,1185877283,random,EVT-0133,2024-09-19,CARD_HF_ARNI,cardiology,West,272.6666666666667,271.3333333333333,True,1
1350739367,1403453024,random,EVT-0133,2024-09-19,CARD_HF_ARNI,cardiology,Northeast,345.8333333333333,162.16666666666666,True,1
1362560363,1083149777,random,EVT-0133,2024-09-19,CARD_HF_ARNI,cardiology,West,411.0,290.8333333333333,True,1
1376656900,1743431961,random,EVT-0133,2024-09-19,CARD_HF_ARNI,cardiology,Southwest,287.3333333333333,124.0,True,1
1386514024,1577953643,random,EVT-0133,2024-09-19,CARD_HF_ARNI,cardiology,West,311.8333333333333,93.5,True,1
1494868502,1420113783,random,EVT-0133,2024-09-19,CARD_HF_ARNI,cardiology,Southeast,343.8333333333333,62.166666666666664,True,1
1551962891,1056679651,random,EVT-0133,2024-09-19,CARD_HF_ARNI,cardiology,Midwest,88.5,266.5,True,1
1594466975,1440623548,random,EVT-0133,2024-09-19,CARD_HF_ARNI,cardiology,West,287.1666666666667,185.66666666666666,True,1
1610177150,1426157339,random,EVT-0133,2024-09-19,CARD_HF_ARNI,cardiology,Southeast,532.8333333333334,69.83333333333333,True,1
1631526641,1234567687,random,EVT-0133,2024-09-19,CARD_HF_ARNI,cardiology,Southwest,218.66666666666666,242.66666666666666,True,1
1670701188,1331020234,random,EVT-0133,2024-09-19,CARD_HF_ARNI,cardiology,Southeast,513.5,428.3333333333333,True,1
1683943777,1468190701,random,EVT-0133,2024-09-19,CARD_HF_ARNI,cardiology,West,444.5,116.0,True,1
1701585576,1555285877,random,EVT-0133,2024-09-19,CARD_HF_ARNI,cardiology,Southwest,468.8333333333333,127.33333333333333,True,1
1710163217,1823309871,random,EVT-0133,2024-09-19,CARD_HF_ARNI,cardiology,Northeast,297.6666666666667,376.8333333333333,True,1
1885189138,1977228745,random,EVT-0133,2024-09-19,CARD_HF_ARNI,cardiology,Northeast,284.1666666666667,207.83333333333334,True,1
1085110611,1443551811,random,EVT-0134,2024-09-22,NEURO_MIGRAINE_CGRP,neurology,West,109.5,185.5,True,1
1244876920,1429777182,random,EVT-0134,2024-09-22,NEURO_MIGRAINE_CGRP,neurology,West,97.5,571.0,True,1
1635476009,1703230064,random,EVT-0134,2024-09-22,NEURO_MIGRAINE_CGRP,neurology,Northeast,265.8333333333333,126.33333333333333,True,1
1749355669,1529873311,random,EVT-0134,2024-09-22,NEURO_MIGRAINE_CGRP,neurology,West,269.3333333333333,145.5,True,1
1357524945,1739712036,random,EVT-0135,2024-09-24,RHEUM_JAK_ORAL,rheumatology,Midwest,1034.5,141.5,True,1
1393791409,1892897319,random,EVT-0135,2024-09-24,RHEUM_JAK_ORAL,rheumatology,Midwest,322.3333333333333,218.0,True,1
1520551320,1013443506,random,EVT-0135,2024-09-24,RHEUM_JAK_ORAL,rheumatology,Northeast,186.83333333333334,83.33333333333333,True,1
1595774286,1924221140,random,EVT-0135,2024-09-24,RHEUM_JAK_ORAL,rheumatology,Midwest,582.3333333333334,87.33333333333333,True,1
1598661571,1642024693,random,EVT-0135,2024-09-24,RHEUM_JAK_ORAL,rheumatology,Northeast,484.6666666666667,82.66666666666667,True,1
1610429726,1187084813,random,EVT-0135,2024-09-24,RHEUM_JAK_ORAL,rheumatology,Southeast,136.5,316.3333333333333,True,1
1616839134,1109634414,random,EVT-0135,2024-09-24,RHEUM_JAK_ORAL,rheumatology,Northeast,1005.5,519.8333333333334,True,1
1892307210,1925493359,random,EVT-0135,2024-09-24,RHEUM_JAK_ORAL,rheumatology,Northeast,233.83333333333334,90.33333333333333,True,1
1944079924,1641859123,random,EVT-0135,2024-09-24,RHEUM_JAK_ORAL,rheumatology,Southeast,785.8333333333334,351.6666666666667,True,1
1968209027,1884938808,random,EVT-0135,2024-09-24,RHEUM_JAK_ORAL,rheumatology,Southeast,184.16666666666666,301.1666666666667,True,1
1009179924,1451721462,random,EVT-0136,2024-09-25,CARD_HF_ARNI,cardiology,West,390.8333333333333,275.0,True,1
1015191335,1458345984,random,EVT-0136,2024-09-25,CARD_HF_ARNI,cardiology,Northeast,215.66666666666666,167.0,True,1
1078096579,1977228745,random,EVT-0136,2024-09-25,CARD_HF_ARNI,cardiology,Midwest,427.6666666666667,207.83333333333334,True,1
1123148250,1721743411,random,EVT-0136,2024-09-25,CARD_HF_ARNI,cardiology,Southwest,253.66666666666666,44.0,True,1
1265952337,1468190701,random,EVT-0136,2024-09-25,CARD_HF_ARNI,cardiology,Northeast,500.6666666666667,116.0,True,1
1286477181,1706770306,random,EVT-0136,2024-09-25,CARD_HF_ARNI,cardiology,Midwest,224.66666666666666,156.83333333333334,True,1
1332369119,1260279835,random,EVT-0136,2024-09-25,CARD_HF_ARNI,cardiology,Southeast,317.0,66.0,True,1
1361620622,1403453024,random,EVT-0136,2024-09-25,CARD_HF_ARNI,cardiology,West,167.16666666666666,162.16666666666666,True,1
1409960642,1275177768,random,EVT-0136,2024-09-25,CARD_HF_ARNI,cardiology,Midwest,254.33333333333334,69.0,True,1
1475115246,1823309871,random,EVT-0136,2024-09-25,CARD_HF_ARNI,cardiology,Southeast,641.0,376.8333333333333,True,1
1492077734,1331020234,random,EVT-0136,2024-09-25,CARD_HF_ARNI,cardiology,Midwest,681.1666666666666,428.3333333333333,True,1
1516074709,1971097054,random,EVT-0136,2024-09-25,CARD_HF_ARNI,cardiology,Southwest,438.3333333333333,204.33333333333334,True,1
1670701188,1742318383,random,EVT-0136,2024-09-25,CARD_HF_ARNI,cardiology,Southeast,513.5,246.66666666666666,True,1
1683943777,1950588461,random,EVT-0136,2024-09-25,CARD_HF_ARNI,cardiology,West,444.5,385.0,True,1
1722038985,1042224778,random,EVT-0136,2024-09-25,CARD_HF_ARNI,cardiology,West,297.1666666666667,394.0,True,1
1745601371,1577953643,random,EVT-0136,2024-09-25,CARD_HF_ARNI,cardiology,Midwest,235.5,93.5,True,1
1762664088,1623506957,random,EVT-0136,2024-09-25,CARD_HF_ARNI,cardiology,Midwest,193.5,96.16666666666667,True,1
1814938340,1599978586,random,EVT-0136,2024-09-25,CARD_HF_ARNI,cardiology,Southeast,305.1666666666667,380.6666666666667,True,1
1856406925,1860037419,random,EVT-0136,2024-09-25,CARD_HF_ARNI,cardiology,Northeast,262.1666666666667,250.16666666666666,True,1
1934763735,1131525051,random,EVT-0136,2024-09-25,CARD_HF_ARNI,cardiology,Midwest,170.33333333333334,258.3333333333333,True,1
1934829601,1443907526,random,EVT-0136,2024-09-25,CARD_HF_ARNI,cardiology,Midwest,416.6666666666667,192.16666666666666,True,1
1009179924,1955222058,random,EVT-0137,2024-09-25,CARD_HF_ARNI,cardiology,West,390.8333333333333,172.0,True,1
1265952337,1850313960,random,EVT-0137,2024-09-25,CARD_HF_ARNI,cardiology,Northeast,500.6666666666667,162.83333333333334,True,1
1279255164,1131525051,random,EVT-0137,2024-09-25,CARD_HF_ARNI,cardiology,Midwest,248.83333333333334,258.3333333333333,True,1
1299418347,1721743411,random,EVT-0137,2024-09-25,CARD_HF_ARNI,cardiology,Northeast,429.6666666666667,44.0,True,1
1460081361,1028050239,random,EVT-0137,2024-09-25,CARD_HF_ARNI,cardiology,Northeast,228.83333333333334,174.0,True,1
1494868502,1169149543,random,EVT-0137,2024-09-25,CARD_HF_ARNI,cardiology,Southeast,343.8333333333333,92.16666666666667,True,1
1516074709,1751172259,random,EVT-0137,2024-09-25,CARD_HF_ARNI,cardiology,Southwest,438.3333333333333,261.3333333333333,True,1
1610177150,1541379537,random,EVT-0137,2024-09-25,CARD_HF_ARNI,cardiology,Southeast,532.8333333333334,484.3333333333333,True,1
1648553570,1656483868,random,EVT-0137,2024-09-25,CARD_HF_ARNI,cardiology,Southwest,410.8333333333333,194.16666666666666,True,1
1657725655,1739517849,random,EVT-0137,2024-09-25,CARD_HF_ARNI,cardiology,West,677.5,107.16666666666667,True,1
1710163217,1779918477,random,EVT-0137,2024-09-25,CARD_HF_ARNI,cardiology,Northeast,297.6666666666667,188.16666666666666,True,1
1722898792,1254891769,random,EVT-0137,2024-09-25,CARD_HF_ARNI,cardiology,Southeast,408.0,97.33333333333333,True,1
1760628762,1746587884,random,EVT-0137,2024-09-25,CARD_HF_ARNI,cardiology,Southwest,215.0,180.83333333333334,True,1
1787619711,1275177768,random,EVT-0137,2024-09-25,CARD_HF_ARNI,cardiology,Midwest,772.1666666666666,69.0,True,1
1806103952,1706770306,random,EVT-0137,2024-09-25,CARD_HF_ARNI,cardiology,West,207.0,156.83333333333334,True,1
1814938340,1293643247,random,EVT-0137,2024-09-25,CARD_HF_ARNI,cardiology,Southeast,305.1666666666667,211.5,True,1
1901019392,1486849361,random,EVT-0137,2024-09-25,CARD_HF_ARNI,cardiology,West,914.0,116.33333333333333,True,1
1934763735,1405577143,random,EVT-0137,2024-09-25,CARD_HF_ARNI,cardiology,Midwest,170.33333333333334,339.1666666666667,True,1
1934829601,1133042691,random,EVT-0137,2024-09-25,CARD_HF_ARNI,cardiology,Midwest,416.6666666666667,254.83333333333334,True,1
1683943777,1219591108,random,EVT-0137,2024-09-25,CARD_HF_ARNI,cardiology,West,444.5,96.83333333333333,True,1
1038444141,1640263392,random,EVT-0138,2024-09-29,ONC_TARGETED_ORAL,oncology,Southeast,239.16666666666666,207.33333333333334,True,1
1240190284,1789149345,random,EVT-0138,2024-09-29,ONC_TARGETED_ORAL,oncology,Southwest,378.6666666666667,129.0,True,1
1292975558,1580871600,random,EVT-0138,2024-09-29,ONC_TARGETED_ORAL,oncology,Northeast,821.8333333333334,126.66666666666667,True,1
1663073843,1599989245,random,EVT-0138,2024-09-29,ONC_TARGETED_ORAL,oncology,Southwest,238.0,287.3333333333333,True,1
1679256069,1294882026,random,EVT-0138,2024-09-29,ONC_TARGETED_ORAL,oncology,Northeast,372.6666666666667,181.83333333333334,True,1
1840863041,1980850634,random,EVT-0138,2024-09-29,ONC_TARGETED_ORAL,oncology,Southeast,406.5,75.33333333333333,True,1
1394982015,1828803407,random,EVT-0139,2024-10-04,ONC_TARGETED_ORAL,oncology,Southeast,78.66666666666667,130.83333333333334,True,1
1535436392,1788668972,random,EVT-0139,2024-10-04,ONC_TARGETED_ORAL,oncology,Northeast,64.16666666666667,229.16666666666666,True,1
1599989245,1021834936,random,EVT-0139,2024-10-04,ONC_TARGETED_ORAL,oncology,Northeast,286.8333333333333,108.33333333333333,True,1
1621842156,1015632783,random,EVT-0139,2024-10-04,ONC_TARGETED_ORAL,oncology,Northeast,252.0,78.0,True,1
1758206720,1275723975,random,EVT-0139,2024-10-04,ONC_TARGETED_ORAL,oncology,Southwest,173.66666666666666,97.0,True,1
1785764022,1900445093,random,EVT-0139,2024-10-04,ONC_TARGETED_ORAL,oncology,Northeast,141.0,116.16666666666667,True,1
1002145427,1473494189,random,EVT-0140,2024-10-06,PC_ANTIHYPERTENSIVE,primary care,Northeast,647.3333333333334,168.83333333333334,True,1
1018018261,1159833825,random,EVT-0140,2024-10-06,PC_ANTIHYPERTENSIVE,primary care,Northeast,578.6666666666666,413.6666666666667,True,1
1036327983,1463019459,random,EVT-0140,2024-10-06,PC_ANTIHYPERTENSIVE,primary care,West,134.16666666666666,196.16666666666666,True,1
1124726435,1279684447,random,EVT-0140,2024-10-06,PC_ANTIHYPERTENSIVE,primary care,Northeast,474.3333333333333,161.0,True,1
1133130363,1877046932,random,EVT-0140,2024-10-06,PC_ANTIHYPERTENSIVE,primary care,Northeast,420.6666666666667,518.1666666666666,True,1
1144669185,1847794991,random,EVT-0140,2024-10-06,PC_ANTIHYPERTENSIVE,primary care,Northeast,936.1666666666666,103.0,True,1
1200480071,1596580633,random,EVT-0140,2024-10-06,PC_ANTIHYPERTENSIVE,primary care,Northeast,339.5,42.5,True,1
1213511599,1363342464,random,EVT-0140,2024-10-06,PC_ANTIHYPERTENSIVE,primary care,Northeast,1125.8333333333333,667.1666666666666,True,1
1227780172,1572180861,random,EVT-0140,2024-10-06,PC_ANTIHYPERTENSIVE,primary care,Southwest,1459.0,148.83333333333334,True,1
1263807582,1169614082,random,EVT-0140,2024-10-06,PC_ANTIHYPERTENSIVE,primary care,Northeast,928.6666666666666,183.16666666666666,True,1
1268222167,1947954388,random,EVT-0140,2024-10-06,PC_ANTIHYPERTENSIVE,primary care,Midwest,317.3333333333333,90.83333333333333,True,1
1280087226,1762971749,random,EVT-0140,2024-10-06,PC_ANTIHYPERTENSIVE,primary care,Northeast,1178.1666666666667,229.0,True,1
1377426493,1428222503,random,EVT-0140,2024-10-06,PC_ANTIHYPERTENSIVE,primary care,West,288.1666666666667,71.33333333333333,True,1
1418997171,1251202242,random,EVT-0140,2024-10-06,PC_ANTIHYPERTENSIVE,primary care,Northeast,652.3333333333334,308.6666666666667,True,1
1423152481,1101142523,random,EVT-0140,2024-10-06,PC_ANTIHYPERTENSIVE,primary care,Southeast,580.6666666666666,72.16666666666667,True,1
1456207657,1381937048,random,EVT-0140,2024-10-06,PC_ANTIHYPERTENSIVE,primary care,Midwest,592.8333333333334,221.16666666666666,True,1
1552813903,1377516020,random,EVT-0140,2024-10-06,PC_ANTIHYPERTENSIVE,primary care,Northeast,886.0,78.33333333333333,True,1
1665478461,1246818524,random,EVT-0140,2024-10-06,PC_ANTIHYPERTENSIVE,primary care,Northeast,482.5,72.5,True,1
1689916181,1275443434,random,EVT-0140,2024-10-06,PC_ANTIHYPERTENSIVE,primary care,Northeast,649.8333333333334,218.5,True,1
1732527431,1434523506,random,EVT-0140,2024-10-06,PC_ANTIHYPERTENSIVE,primary care,Southeast,426.3333333333333,269.8333333333333,True,1
1742579091,1058325303,random,EVT-0140,2024-10-06,PC_ANTIHYPERTENSIVE,primary care,Northeast,1309.0,272.1666666666667,True,1
1806479196,1892083019,random,EVT-0140,2024-10-06,PC_ANTIHYPERTENSIVE,primary care,Southwest,587.8333333333334,374.8333333333333,True,1
1844747141,1479078465,random,EVT-0140,2024-10-06,PC_ANTIHYPERTENSIVE,primary care,West,385.6666666666667,162.83333333333334,True,1
1896554999,1393729789,random,EVT-0140,2024-10-06,PC_ANTIHYPERTENSIVE,primary care,West,583.1666666666666,1004.0,True,1
1903798589,1643297637,random,EVT-0140,2024-10-06,PC_ANTIHYPERTENSIVE,primary care,Southwest,410.3333333333333,248.5,True,1
1927430854,1997693654,random,EVT-0140,2024-10-06,PC_ANTIHYPERTENSIVE,primary care,Southeast,754.5,279.0,True,1
1955620046,1566276774,random,EVT-0140,2024-10-06,PC_ANTIHYPERTENSIVE,primary care,Southeast,496.6666666666667,839.3333333333334,True,1
1897395806,1803461205,random,EVT-0142,2024-10-08,METABOLIC_GLP1_INJ,cardiology,Northeast,87.0,19.166666666666668,True,1
1740047711,1440538092,random,EVT-0143,2024-10-09,CV_ANTICOAG_ORAL,primary care,Southeast,142.66666666666666,87.16666666666667,True,1
1103232447,1154629764,random,EVT-0141,2024-10-08,NEURO_MIGRAINE_CGRP,neurology,Southwest,234.16666666666666,158.16666666666666,True,1
1163199601,1196385359,random,EVT-0141,2024-10-08,NEURO_MIGRAINE_CGRP,neurology,Southwest,249.33333333333334,554.3333333333334,True,1
1243754490,1534239003,random,EVT-0141,2024-10-08,NEURO_MIGRAINE_CGRP,neurology,Northeast,151.16666666666666,109.0,True,1
1413495239,1010957193,random,EVT-0141,2024-10-08,NEURO_MIGRAINE_CGRP,neurology,Southeast,434.8333333333333,617.5,True,1
1467704312,1334266743,random,EVT-0141,2024-10-08,NEURO_MIGRAINE_CGRP,neurology,Northeast,237.16666666666666,300.0,True,1
1592062677,1655374878,random,EVT-0141,2024-10-08,NEURO_MIGRAINE_CGRP,neurology,Southeast,517.6666666666666,89.83333333333333,True,1
1616418756,1190411649,random,EVT-0141,2024-10-08,NEURO_MIGRAINE_CGRP,neurology,Northeast,214.16666666666666,53.166666666666664,True,1
1635476009,1821714619,random,EVT-0141,2024-10-08,NEURO_MIGRAINE_CGRP,neurology,Northeast,275.5,95.0,True,1
1824149854,1893020424,random,EVT-0141,2024-10-08,NEURO_MIGRAINE_CGRP,neurology,Southeast,287.1666666666667,139.16666666666666,True,1
1836939912,1974446365,random,EVT-0141,2024-10-08,NEURO_MIGRAINE_CGRP,neurology,Southeast,215.66666666666666,148.66666666666666,True,1
1002145427,1285347583,random,EVT-0142,2024-10-08,METABOLIC_GLP1_INJ,primary care,Northeast,345.1666666666667,139.33333333333334,True,1
1081051991,1937526600,random,EVT-0142,2024-10-08,METABOLIC_GLP1_INJ,pulmonology,Southwest,88.0,47.833333333333336,True,1
1124726435,1377956168,random,EVT-0142,2024-10-08,METABOLIC_GLP1_INJ,primary care,Northeast,772.8333333333334,149.33333333333334,True,1
1136500869,1922185990,random,EVT-0142,2024-10-08,METABOLIC_GLP1_INJ,endocrinology,Southeast,74.5,51.666666666666664,True,1
1139166684,1411375466,random,EVT-0142,2024-10-08,METABOLIC_GLP1_INJ,pulmonology,Midwest,162.0,47.333333333333336,True,1
1179994367,1501563039,random,EVT-0142,2024-10-08,METABOLIC_GLP1_INJ,pulmonology,Southeast,101.66666666666667,68.83333333333333,True,1
1238983617,1971977354,random,EVT-0142,2024-10-08,METABOLIC_GLP1_INJ,pulmonology,Southeast,188.0,52.0,True,1
1271768685,1812123887,random,EVT-0142,2024-10-08,METABOLIC_GLP1_INJ,primary care,Midwest,355.6666666666667,135.16666666666666,True,1
1287287258,1413202163,random,EVT-0142,2024-10-08,METABOLIC_GLP1_INJ,primary care,Midwest,513.3333333333334,62.833333333333336,True,1
1332369119,1765149178,random,EVT-0142,2024-10-08,METABOLIC_GLP1_INJ,cardiology,Southeast,63.5,60.333333333333336,True,1
1456207657,1060922949,random,EVT-0142,2024-10-08,METABOLIC_GLP1_INJ,primary care,Midwest,577.0,47.333333333333336,True,1
1533003293,1403453024,random,EVT-0142,2024-10-08,METABOLIC_GLP1_INJ,pulmonology,Midwest,151.83333333333334,532.0,True,1
1555906795,1205576824,random,EVT-0142,2024-10-08,METABOLIC_GLP1_INJ,pulmonology,Midwest,399.5,109.5,True,1
1556860702,1442686543,random,EVT-0142,2024-10-08,METABOLIC_GLP1_INJ,endocrinology,West,35.833333333333336,50.333333333333336,True,1
1592123891,1306006622,random,EVT-0142,2024-10-08,METABOLIC_GLP1_INJ,primary care,Northeast,176.16666666666666,99.16666666666667,True,1
1688976343,1275443434,random,EVT-0142,2024-10-08,METABOLIC_GLP1_INJ,pulmonology,Southeast,348.8333333333333,50.5,True,1
1704331150,1611952734,random,EVT-0142,2024-10-08,METABOLIC_GLP1_INJ,endocrinology,West,257.3333333333333,72.0,True,1
1706991829,1624547729,random,EVT-0142,2024-10-08,METABOLIC_GLP1_INJ,endocrinology,Midwest,89.16666666666667,46.333333333333336,True,1
1779411515,1693350831,random,EVT-0142,2024-10-08,METABOLIC_GLP1_INJ,endocrinology,Midwest,251.0,127.83333333333333,True,1
1815807585,1004543439,random,EVT-0142,2024-10-08,METABOLIC_GLP1_INJ,primary care,Southeast,434.1666666666667,134.33333333333334,True,1
1832506087,1855585794,random,EVT-0142,2024-10-08,METABOLIC_GLP1_INJ,primary care,Midwest,733.1666666666666,32.166666666666664,True,1
1848624494,1783823739,random,EVT-0142,2024-10-08,METABOLIC_GLP1_INJ,primary care,Midwest,141.83333333333334,413.5,True,1
1964945871,1823309871,random,EVT-0142,2024-10-08,METABOLIC_GLP1_INJ,endocrinology,Northeast,215.83333333333334,176.16666666666666,True,1
1993367014,1999506508,random,EVT-0142,2024-10-08,METABOLIC_GLP1_INJ,pulmonology,Midwest,35.833333333333336,173.0,True,1
1050705288,1879821175,random,EVT-0143,2024-10-09,CV_ANTICOAG_ORAL,endocrinology,Southeast,704.1666666666666,137.0,True,1
1094274762,1026926489,random,EVT-0143,2024-10-09,CV_ANTICOAG_ORAL,primary care,West,136.5,271.6666666666667,True,1
1180932224,1743431961,random,EVT-0143,2024-10-09,CV_ANTICOAG_ORAL,primary care,Southeast,278.3333333333333,83.5,True,1
1227780172,1051073538,random,EVT-0143,2024-10-09,CV_ANTICOAG_ORAL,primary care,Southwest,244.33333333333334,41.666666666666664,True,1
1263807582,1752055289,random,EVT-0143,2024-10-09,CV_ANTICOAG_ORAL,primary care,Northeast,572.6666666666666,81.5,True,1
1274985831,1751172259,random,EVT-0143,2024-10-09,CV_ANTICOAG_ORAL,rheumatology,Southwest,121.66666666666667,46.333333333333336,True,1
1296624285,1372196661,random,EVT-0143,2024-10-09,CV_ANTICOAG_ORAL,primary care,West,106.5,43.5,True,1
1297280590,1349686455,random,EVT-0143,2024-10-09,CV_ANTICOAG_ORAL,primary care,Midwest,208.33333333333334,166.66666666666666,True,1
1311764207,1688735228,random,EVT-0143,2024-10-09,CV_ANTICOAG_ORAL,primary care,Midwest,62.0,80.33333333333333,True,1
1355374483,1202777359,random,EVT-0143,2024-10-09,CV_ANTICOAG_ORAL,primary care,West,269.8333333333333,115.5,True,1
1389159553,1950588461,random,EVT-0143,2024-10-09,CV_ANTICOAG_ORAL,primary care,Southeast,196.5,176.83333333333334,True,1
1423152481,1728890785,random,EVT-0143,2024-10-09,CV_ANTICOAG_ORAL,primary care,Southeast,492.6666666666667,76.16666666666667,True,1
1456207657,1527981900,random,EVT-0143,2024-10-09,CV_ANTICOAG_ORAL,primary care,Midwest,345.8333333333333,111.5,True,1
1456299035,1377516020,random,EVT-0143,2024-10-09,CV_ANTICOAG_ORAL,primary care,Southeast,202.5,134.16666666666666,True,1
1536278926,1943531446,random,EVT-0143,2024-10-09,CV_ANTICOAG_ORAL,primary care,West,123.83333333333333,122.66666666666667,True,1
1567742360,1738266356,random,EVT-0143,2024-10-09,CV_ANTICOAG_ORAL,primary care,West,390.0,84.83333333333333,True,1
1599978586,1555285877,random,EVT-0143,2024-10-09,CV_ANTICOAG_ORAL,cardiology,West,310.8333333333333,79.83333333333333,True,1
1621199177,1390158669,random,EVT-0143,2024-10-09,CV_ANTICOAG_ORAL,primary care,Southeast,338.3333333333333,56.0,True,1
1686880901,1498652761,random,EVT-0143,2024-10-09,CV_ANTICOAG_ORAL,primary care,West,50.5,40.0,True,1
1752727945,1568842342,random,EVT-0143,2024-10-09,CV_ANTICOAG_ORAL,primary care,West,114.66666666666667,59.166666666666664,True,1
1806707737,1831183839,random,EVT-0143,2024-10-09,CV_ANTICOAG_ORAL,primary care,West,151.16666666666666,106.0,True,1
1824172013,1718275724,random,EVT-0143,2024-10-09,CV_ANTICOAG_ORAL,primary care,Midwest,364.0,23.333333333333332,True,1
1832506087,1271711891,random,EVT-0143,2024-10-09,CV_ANTICOAG_ORAL,primary care,Midwest,623.3333333333334,50.833333333333336,True,1
1844747141,1767249513,random,EVT-0143,2024-10-09,CV_ANTICOAG_ORAL,primary care,West,288.5,285.6666666666667,True,1
1896554999,1648626962,random,EVT-0143,2024-10-09,CV_ANTICOAG_ORAL,primary care,West,545.8333333333334,133.0,True,1
1903798589,1429255973,random,EVT-0143,2024-10-09,CV_ANTICOAG_ORAL,primary care,Southwest,285.8333333333333,109.0,True,1
1927430854,1181360912,random,EVT-0143,2024-10-09,CV_ANTICOAG_ORAL,primary care,Southeast,418.3333333333333,103.33333333333333,True,1
1937514325,1064190048,random,EVT-0143,2024-10-09,CV_ANTICOAG_ORAL,primary care,West,285.5,146.66666666666666,True,1
1955620046,1918398995,random,EVT-0143,2024-10-09,CV_ANTICOAG_ORAL,primary care,Southeast,361.3333333333333,73.5,True,1
1964945871,1566276774,random,EVT-0143,2024-10-09,CV_ANTICOAG_ORAL,endocrinology,Northeast,280.0,421.5,True,1
1989798412,1961509027,random,EVT-0143,2024-10-09,CV_ANTICOAG_ORAL,primary care,Southwest,522.1666666666666,62.666666666666664,True,1
1050705288,1511022174,random,EVT-0144,2024-10-18,CV_ANTICOAG_ORAL,endocrinology,Southeast,704.1666666666666,221.83333333333334,True,1
1058647219,1905395731,random,EVT-0144,2024-10-18,CV_ANTICOAG_ORAL,pulmonology,Northeast,260.3333333333333,53.666666666666664,True,1
1078096579,1058613039,random,EVT-0144,2024-10-18,CV_ANTICOAG_ORAL,cardiology,Midwest,431.1666666666667,153.33333333333334,True,1
1094274762,1337606333,random,EVT-0144,2024-10-18,CV_ANTICOAG_ORAL,primary care,West,136.5,89.16666666666667,True,1
1133130363,1914644640,random,EVT-0144,2024-10-18,CV_ANTICOAG_ORAL,primary care,Northeast,224.0,221.16666666666666,True,1
1139166684,1195381896,random,EVT-0144,2024-10-18,CV_ANTICOAG_ORAL,pulmonology,Midwest,146.16666666666666,275.6666666666667,True,1
1190842652,1713731663,random,EVT-0144,2024-10-18,CV_ANTICOAG_ORAL,primary care,Southwest,181.0,461.1666666666667,True,1
1229022169,1426157339,random,EVT-0144,2024-10-18,CV_ANTICOAG_ORAL,pulmonology,West,154.0,190.66666666666666,True,1
1250017203,1974446365,random,EVT-0144,2024-10-18,CV_ANTICOAG_ORAL,pulmonology,Southeast,251.0,86.16666666666667,True,1
1250474354,1965430253,random,EVT-0144,2024-10-18,CV_ANTICOAG_ORAL,pulmonology,Southeast,158.66666666666666,60.5,True,1
1263807582,1255569448,random,EVT-0144,2024-10-18,CV_ANTICOAG_ORAL,primary care,Northeast,572.6666666666666,44.666666666666664,True,1
1266945785,1402934529,random,EVT-0144,2024-10-18,CV_ANTICOAG_ORAL,primary care,West,399.3333333333333,44.333333333333336,True,1
1309371148,1083149777,random,EVT-0144,2024-10-18,CV_ANTICOAG_ORAL,neurology,Northeast,217.16666666666666,94.33333333333333,True,1
1326905712,1745370779,random,EVT-0144,2024-10-18,CV_ANTICOAG_ORAL,oncology,West,97.33333333333333,46.666666666666664,True,1
1341556789,1209566128,random,EVT-0144,2024-10-18,CV_ANTICOAG_ORAL,cardiology,West,981.0,276.1666666666667,True,1
1393791409,1540759788,random,EVT-0144,2024-10-18,CV_ANTICOAG_ORAL,rheumatology,Midwest,200.0,157.66666666666666,True,1
1567742360,1423753536,random,EVT-0144,2024-10-18,CV_ANTICOAG_ORAL,primary care,West,390.0,336.5,True,1
1599978586,1643297637,random,EVT-0144,2024-10-18,CV_ANTICOAG_ORAL,cardiology,West,310.8333333333333,58.166666666666664,True,1
1599989245,1474100561,random,EVT-0144,2024-10-18,CV_ANTICOAG_ORAL,oncology,Northeast,92.5,91.16666666666667,True,1
1647700669,1156551297,random,EVT-0144,2024-10-18,CV_ANTICOAG_ORAL,pulmonology,West,35.5,89.0,True,1
1710163217,1335912683,random,EVT-0144,2024-10-18,CV_ANTICOAG_ORAL,cardiology,Northeast,243.5,75.83333333333333,True,1
1749355669,1443907526,random,EVT-0144,2024-10-18,CV_ANTICOAG_ORAL,neurology,West,170.5,142.16666666666666,True,1
1776723276,1208634919,random,EVT-0144,2024-10-18,CV_ANTICOAG_ORAL,primary care,Midwest,157.5,16.666666666666668,True,1
1924355757,1285347583,random,EVT-0144,2024-10-18,CV_ANTICOAG_ORAL,primary care,Southwest,508.3333333333333,68.33333333333333,True,1
1934763735,1149018644,random,EVT-0144,2024-10-18,CV_ANTICOAG_ORAL,cardiology,Midwest,325.1666666666667,71.0,True,1
1991291398,1021834936,random,EVT-0144,2024-10-18,CV_ANTICOAG_ORAL,rheumatology,Southwest,590.5,80.33333333333333,True,1
1103232447,1250524505,random,EVT-0145,2024-10-20,NEURO_MIGRAINE_CGRP,neurology,Southwest,234.16666666666666,44.333333333333336,True,1
1159841240,1815549120,random,EVT-0145,2024-10-20,NEURO_MIGRAINE_CGRP,neurology,Southeast,735.6666666666666,100.33333333333333,True,1
1163199601,1443551811,random,EVT-0145,2024-10-20,NEURO_MIGRAINE_CGRP,neurology,Southwest,249.33333333333334,182.66666666666666,True,1
1327009084,1973275377,random,EVT-0145,2024-10-20,NEURO_MIGRAINE_CGRP,neurology,Southwest,281.8333333333333,53.0,True,1
1467704312,1251154013,random,EVT-0145,2024-10-20,NEURO_MIGRAINE_CGRP,neurology,Northeast,237.16666666666666,45.833333333333336,True,1
1548035017,1925142923,random,EVT-0145,2024-10-20,NEURO_MIGRAINE_CGRP,neurology,Northeast,71.66666666666667,218.83333333333334,True,1
1592062677,1154629764,random,EVT-0145,2024-10-20,NEURO_MIGRAINE_CGRP,neurology,Southeast,517.6666666666666,158.16666666666666,True,1
1616418756,1724378447,random,EVT-0145,2024-10-20,NEURO_MIGRAINE_CGRP,neurology,Northeast,214.16666666666666,111.66666666666667,True,1
1635476009,1342938887,random,EVT-0145,2024-10-20,NEURO_MIGRAINE_CGRP,neurology,Northeast,275.5,49.666666666666664,True,1
1728890785,1523987174,random,EVT-0145,2024-10-20,NEURO_MIGRAINE_CGRP,neurology,Southeast,201.0,92.5,True,1
1980975555,1561159348,random,EVT-0145,2024-10-20,NEURO_MIGRAINE_CGRP,neurology,Northeast,252.33333333333334,172.33333333333334,True,1
1180932224,1450226943,random,EVT-0146,2024-10-22,CV_ANTICOAG_ORAL,primary care,Southeast,278.3333333333333,277.6666666666667,True,1
1031907094,1405577143,random,EVT-0146,2024-10-22,CV_ANTICOAG_ORAL,rheumatology,West,211.66666666666666,504.1666666666667,True,1
1159841240,1294882026,random,EVT-0146,2024-10-22,CV_ANTICOAG_ORAL,neurology,Southeast,663.6666666666666,77.0,True,1
1204959187,1976707814,random,EVT-0146,2024-10-22,CV_ANTICOAG_ORAL,pulmonology,Southeast,176.5,118.66666666666667,True,1
1209464480,1925493359,random,EVT-0146,2024-10-22,CV_ANTICOAG_ORAL,oncology,Southeast,171.33333333333334,41.833333333333336,True,1
1326516303,1601451010,random,EVT-0146,2024-10-22,CV_ANTICOAG_ORAL,oncology,Southwest,447.6666666666667,63.166666666666664,True,1
1328056928,1765233105,random,EVT-0146,2024-10-22,CV_ANTICOAG_ORAL,oncology,Northeast,89.0,60.833333333333336,True,1
1394609428,1955070549,random,EVT-0146,2024-10-22,CV_ANTICOAG_ORAL,endocrinology,Southwest,560.8333333333334,20.833333333333332,True,1
1394982015,1743431961,random,EVT-0146,2024-10-22,CV_ANTICOAG_ORAL,oncology,Southeast,28.666666666666668,83.5,True,1
1413519731,1900445093,random,EVT-0146,2024-10-22,CV_ANTICOAG_ORAL,primary care,Southwest,848.3333333333334,37.833333333333336,True,1
1480599715,1219591108,random,EVT-0146,2024-10-22,CV_ANTICOAG_ORAL,oncology,Midwest,62.0,54.166666666666664,True,1
1494868502,1443520683,random,EVT-0146,2024-10-22,CV_ANTICOAG_ORAL,cardiology,Southeast,95.16666666666667,175.83333333333334,True,1
1535436392,1694658844,random,EVT-0146,2024-10-22,CV_ANTICOAG_ORAL,oncology,Northeast,22.0,248.33333333333334,True,1
1567742360,1289174306,random,EVT-0146,2024-10-22,CV_ANTICOAG_ORAL,primary care,West,390.0,208.0,True,1
1644815767,1910188758,random,EVT-0146,2024-10-22,CV_ANTICOAG_ORAL,primary care,West,281.6666666666667,99.33333333333333,True,1
1704308638,1178533166,random,EVT-0146,2024-10-22,CV_ANTICOAG_ORAL,pulmonology,Southeast,169.16666666666666,106.66666666666667,True,1
1809220084,1981504099,random,EVT-0146,2024-10-22,CV_ANTICOAG_ORAL,pulmonology,West,98.83333333333333,34.833333333333336,True,1
1824172013,1674708775,random,EVT-0146,2024-10-22,CV_ANTICOAG_ORAL,primary care,Midwest,364.0,572.0,True,1
1927430854,1847562299,random,EVT-0146,2024-10-22,CV_ANTICOAG_ORAL,primary care,Southeast,418.3333333333333,51.666666666666664,True,1
1955620046,1507069536,random,EVT-0146,2024-10-22,CV_ANTICOAG_ORAL,primary care,Southeast,361.3333333333333,51.333333333333336,True,1
1009179924,1871372714,random,EVT-0147,2024-10-31,CV_ANTICOAG_ORAL,cardiology,West,311.5,290.1666666666667,True,1
1025231352,1075683551,random,EVT-0147,2024-10-31,CV_ANTICOAG_ORAL,rheumatology,Northeast,249.0,151.66666666666666,True,1
1048976678,1036176265,random,EVT-0147,2024-10-31,CV_ANTICOAG_ORAL,primary care,Southeast,298.1666666666667,115.5,True,1
1050705288,1334266743,random,EVT-0147,2024-10-31,CV_ANTICOAG_ORAL,endocrinology,Southeast,704.1666666666666,217.66666666666666,True,1
1078096579,1204261733,random,EVT-0147,2024-10-31,CV_ANTICOAG_ORAL,cardiology,Midwest,431.1666666666667,163.66666666666666,True,1
1080672524,1250524505,random,EVT-0147,2024-10-31,CV_ANTICOAG_ORAL,primary care,Southeast,328.3333333333333,41.166666666666664,True,1
1107378550,1765149178,random,EVT-0147,2024-10-31,CV_ANTICOAG_ORAL,cardiology,Southeast,69.83333333333333,105.5,True,1
1120080837,1423753536,random,EVT-0147,2024-10-31,CV_ANTICOAG_ORAL,cardiology,Northeast,196.83333333333334,336.5,True,1
1202669523,1838576308,random,EVT-0147,2024-10-31,CV_ANTICOAG_ORAL,cardiology,Midwest,359.1666666666667,85.16666666666667,True,1
1265952337,1803461205,random,EVT-0147,2024-10-31,CV_ANTICOAG_ORAL,cardiology,Northeast,172.83333333333334,43.666666666666664,True,1
1299418347,1713731663,random,EVT-0147,2024-10-31,CV_ANTICOAG_ORAL,cardiology,Northeast,113.83333333333333,461.1666666666667,True,1
1332369119,1160075531,random,EVT-0147,2024-10-31,CV_ANTICOAG_ORAL,cardiology,Southeast,226.66666666666666,50.333333333333336,True,1
1355374483,1875708707,random,EVT-0147,2024-10-31,CV_ANTICOAG_ORAL,primary care,West,269.8333333333333,92.66666666666667,True,1
1368009035,1977228745,random,EVT-0147,2024-10-31,CV_ANTICOAG_ORAL,cardiology,Northeast,198.5,85.16666666666667,True,1
1377426493,1836314447,random,EVT-0147,2024-10-31,CV_ANTICOAG_ORAL,primary care,West,336.1666666666667,120.5,True,1
1389574017,1323611925,random,EVT-0147,2024-10-31,CV_ANTICOAG_ORAL,pulmonology,Southwest,288.0,126.5,True,1
1433980129,1965430253,random,EVT-0147,2024-10-31,CV_ANTICOAG_ORAL,pulmonology,Northeast,72.83333333333333,60.5,True,1
1444774099,1222151080,random,EVT-0147,2024-10-31,CV_ANTICOAG_ORAL,cardiology,West,95.66666666666667,335.5,True,1
1478412079,1922102391,random,EVT-0147,2024-10-31,CV_ANTICOAG_ORAL,cardiology,Midwest,214.5,98.0,True,1
1512844550,1246818524,random,EVT-0147,2024-10-31,CV_ANTICOAG_ORAL,neurology,Southwest,155.16666666666666,52.333333333333336,True,1
1516074709,1060922949,random,EVT-0147,2024-10-31,CV_ANTICOAG_ORAL,cardiology,Southwest,250.5,87.16666666666667,True,1
1526669415,1081238747,random,EVT-0147,2024-10-31,CV_ANTICOAG_ORAL,primary care,Southwest,245.0,123.33333333333333,True,1
1610177150,1330067194,random,EVT-0147,2024-10-31,CV_ANTICOAG_ORAL,cardiology,Southeast,426.1666666666667,151.83333333333334,True,1
1647196991,1404995171,random,EVT-0147,2024-10-31,CV_ANTICOAG_ORAL,rheumatology,Southeast,83.66666666666667,23.0,True,1
1648553570,1937449878,random,EVT-0147,2024-10-31,CV_ANTICOAG_ORAL,cardiology,Southwest,785.1666666666666,19.666666666666668,True,1
1670701188,1113953065,random,EVT-0147,2024-10-31,CV_ANTICOAG_ORAL,cardiology,Southeast,350.3333333333333,119.16666666666667,True,1
1722898792,1888770710,random,EVT-0147,2024-10-31,CV_ANTICOAG_ORAL,cardiology,Southeast,174.33333333333334,47.666666666666664,True,1
1738903891,1524065749,random,EVT-0147,2024-10-31,CV_ANTICOAG_ORAL,endocrinology,Southeast,650.6666666666666,123.66666666666667,True,1
1760628762,1788421810,random,EVT-0147,2024-10-31,CV_ANTICOAG_ORAL,cardiology,Southwest,97.33333333333333,182.16666666666666,True,1
1768225918,1403127461,random,EVT-0147,2024-10-31,CV_ANTICOAG_ORAL,endocrinology,Midwest,216.16666666666666,47.5,True,1
1812815243,1042224778,random,EVT-0147,2024-10-31,CV_ANTICOAG_ORAL,primary care,Midwest,286.3333333333333,240.66666666666666,True,1
1814938340,1352333250,random,EVT-0147,2024-10-31,CV_ANTICOAG_ORAL,cardiology,Southeast,145.83333333333334,42.833333333333336,True,1
1815807585,1187084813,random,EVT-0147,2024-10-31,CV_ANTICOAG_ORAL,primary care,Southeast,241.5,238.0,True,1
1832506087,1255569448,random,EVT-0147,2024-10-31,CV_ANTICOAG_ORAL,primary care,Midwest,623.3333333333334,44.666666666666664,True,1
1836939912,1245433184,random,EVT-0147,2024-10-31,CV_ANTICOAG_ORAL,neurology,Southeast,77.83333333333333,47.166666666666664,True,1
1903798589,1257768279,random,EVT-0147,2024-10-31,CV_ANTICOAG_ORAL,primary care,Southwest,285.8333333333333,195.0,True,1
1921646299,1881781243,random,EVT-0147,2024-10-31,CV_ANTICOAG_ORAL,neurology,Southwest,186.5,90.83333333333333,True,1
1965727443,1880265578,random,EVT-0147,2024-10-31,CV_ANTICOAG_ORAL,primary care,West,256.8333333333333,110.33333333333333,True,1
1025231352,1519182780,random,EVT-0148,2024-11-06,RHEUM_JAK_ORAL,rheumatology,Northeast,347.5,221.66666666666666,True,1
1040239976,1047406420,random,EVT-0148,2024-11-06,RHEUM_JAK_ORAL,rheumatology,Northeast,436.3333333333333,48.166666666666664,True,1
1196400158,1150502551,random,EVT-0148,2024-11-06,RHEUM_JAK_ORAL,rheumatology,Southeast,260.5,377.5,True,1
1199976907,1109634414,random,EVT-0148,2024-11-06,RHEUM_JAK_ORAL,rheumatology,Northeast,269.6666666666667,545.1666666666666,True,1
1246066447,1075689749,random,EVT-0148,2024-11-06,RHEUM_JAK_ORAL,rheumatology,Southwest,570.5,526.8333333333334,True,1
1520551320,1795350721,random,EVT-0148,2024-11-06,RHEUM_JAK_ORAL,rheumatology,Northeast,185.33333333333334,261.0,True,1
1598661571,1618334340,random,EVT-0148,2024-11-06,RHEUM_JAK_ORAL,rheumatology,Northeast,492.3333333333333,108.0,True,1
1638368260,1925493359,random,EVT-0148,2024-11-06,RHEUM_JAK_ORAL,rheumatology,West,140.83333333333334,87.66666666666667,True,1
1688735228,1255569448,random,EVT-0148,2024-11-06,RHEUM_JAK_ORAL,rheumatology,Northeast,154.83333333333334,118.83333333333333,True,1
1690348028,1348428750,random,EVT-0148,2024-11-06,RHEUM_JAK_ORAL,rheumatology,Midwest,271.8333333333333,126.0,True,1
1808310134,1884938808,random,EVT-0148,2024-11-06,RHEUM_JAK_ORAL,rheumatology,Southwest,391.6666666666667,297.3333333333333,True,1
1847082322,1499123879,random,EVT-0148,2024-11-06,RHEUM_JAK_ORAL,rheumatology,Northeast,291.5,172.66666666666666,True,1
1080672524,1886821390,random,EVT-0149,2024-11-07,CV_ANTICOAG_ORAL,primary care,Southeast,341.5,49.5,True,1
1098995024,1293643247,random,EVT-0149,2024-11-07,CV_ANTICOAG_ORAL,primary care,Northeast,333.5,195.16666666666666,True,1
1107378550,1501015600,random,EVT-0149,2024-11-07,CV_ANTICOAG_ORAL,cardiology,Southeast,71.5,46.166666666666664,True,1
1120080837,1990401386,random,EVT-0149,2024-11-07,CV_ANTICOAG_ORAL,cardiology,Northeast,202.83333333333334,71.0,True,1
1124726435,1383406257,random,EVT-0149,2024-11-07,CV_ANTICOAG_ORAL,primary care,Northeast,697.0,75.33333333333333,True,1
1163199601,1805422742,random,EVT-0149,2024-11-07,CV_ANTICOAG_ORAL,neurology,Southwest,150.16666666666666,264.0,True,1
1189769080,1534502129,random,EVT-0149,2024-11-07,CV_ANTICOAG_ORAL,primary care,Northeast,353.3333333333333,146.16666666666666,True,1
1219516501,1860037419,random,EVT-0149,2024-11-07,CV_ANTICOAG_ORAL,endocrinology,Midwest,420.3333333333333,72.33333333333333,True,1
1264333323,1847562299,random,EVT-0149,2024-11-07,CV_ANTICOAG_ORAL,primary care,Northeast,381.1666666666667,49.666666666666664,True,1
1265952337,1795350721,random,EVT-0149,2024-11-07,CV_ANTICOAG_ORAL,cardiology,Northeast,165.83333333333334,407.3333333333333,True,1
1273912869,1045376799,random,EVT-0149,2024-11-07,CV_ANTICOAG_ORAL,rheumatology,Northeast,158.0,207.83333333333334,True,1
1299418347,1250524505,random,EVT-0149,2024-11-07,CV_ANTICOAG_ORAL,cardiology,Northeast,118.5,38.5,True,1
1310164813,1961509027,random,EVT-0149,2024-11-07,CV_ANTICOAG_ORAL,primary care,Southeast,76.16666666666667,61.333333333333336,True,1
1326516303,1257768279,random,EVT-0149,2024-11-07,CV_ANTICOAG_ORAL,oncology,Southwest,468.3333333333333,215.0,True,1
1328056928,1016162897,random,EVT-0149,2024-11-07,CV_ANTICOAG_ORAL,oncology,Northeast,86.66666666666667,82.83333333333333,True,1
1332369119,1332504376,random,EVT-0149,2024-11-07,CV_ANTICOAG_ORAL,cardiology,Southeast,231.0,33.333333333333336,True,1
1433980129,1981504099,random,EVT-0149,2024-11-07,CV_ANTICOAG_ORAL,pulmonology,Northeast,71.16666666666667,35.666666666666664,True,1
1449048093,1693350831,random,EVT-0149,2024-11-07,CV_ANTICOAG_ORAL,endocrinology,Northeast,127.0,119.66666666666667,True,1
1475115246,1448589550,random,EVT-0149,2024-11-07,CV_ANTICOAG_ORAL,cardiology,Southeast,192.33333333333334,82.0,True,1
1516074709,1922185990,random,EVT-0149,2024-11-07,CV_ANTICOAG_ORAL,cardiology,Southwest,244.16666666666666,114.33333333333333,True,1
1520551320,1004543439,random,EVT-0149,2024-11-07,CV_ANTICOAG_ORAL,rheumatology,Northeast,227.33333333333334,131.66666666666666,True,1
1546151204,1828803407,random,EVT-0149,2024-11-07,CV_ANTICOAG_ORAL,primary care,Northeast,145.33333333333334,54.666666666666664,True,1
1598661571,1131525051,random,EVT-0149,2024-11-07,CV_ANTICOAG_ORAL,rheumatology,Northeast,227.66666666666666,75.0,True,1
1610177150,1041494554,random,EVT-0149,2024-11-07,CV_ANTICOAG_ORAL,cardiology,Southeast,426.3333333333333,68.83333333333333,True,1
1621842156,1875708707,random,EVT-0149,2024-11-07,CV_ANTICOAG_ORAL,oncology,Northeast,105.83333333333333,93.83333333333333,True,1
1683943777,1798488478,random,EVT-0149,2024-11-07,CV_ANTICOAG_ORAL,cardiology,West,180.33333333333334,34.0,True,1
1710163217,1138281740,random,EVT-0149,2024-11-07,CV_ANTICOAG_ORAL,cardiology,Northeast,241.16666666666666,348.0,True,1
1713444978,1456937691,random,EVT-0149,2024-11-07,CV_ANTICOAG_ORAL,endocrinology,Midwest,791.0,76.66666666666667,True,1
1714986282,1775891033,random,EVT-0149,2024-11-07,CV_ANTICOAG_ORAL,cardiology,West,181.66666666666666,74.16666666666667,True,1
1724092733,1152018085,random,EVT-0149,2024-11-07,CV_ANTICOAG_ORAL,cardiology,Northeast,287.6666666666667,184.83333333333334,True,1
1725623817,1641859123,random,EVT-0149,2024-11-07,CV_ANTICOAG_ORAL,primary care,Southwest,355.0,228.0,True,1
1725724532,1540759788,random,EVT-0149,2024-11-07,CV_ANTICOAG_ORAL,primary care,Northeast,717.3333333333334,154.0,True,1
1768225918,1881781243,random,EVT-0149,2024-11-07,CV_ANTICOAG_ORAL,endocrinology,Midwest,216.83333333333334,85.16666666666667,True,1
1793685516,1895795452,random,EVT-0149,2024-11-07,CV_ANTICOAG_ORAL,cardiology,Southeast,274.0,41.666666666666664,True,1
1824172013,1083149777,random,EVT-0149,2024-11-07,CV_ANTICOAG_ORAL,primary care,Midwest,385.8333333333333,95.16666666666667,True,1
1847082322,1955222058,random,EVT-0149,2024-11-07,CV_ANTICOAG_ORAL,rheumatology,Northeast,105.16666666666667,140.0,True,1
1854852153,1901417067,random,EVT-0149,2024-11-07,CV_ANTICOAG_ORAL,pulmonology,Southwest,154.16666666666666,106.66666666666667,True,1
1880717263,1590869917,random,EVT-0149,2024-11-07,CV_ANTICOAG_ORAL,pulmonology,Northeast,171.33333333333334,96.16666666666667,True,1
1885387740,1234985764,random,EVT-0149,2024-11-07,CV_ANTICOAG_ORAL,endocrinology,Northeast,347.3333333333333,208.5,True,1
1903121188,1714292012,random,EVT-0149,2024-11-07,CV_ANTICOAG_ORAL,pulmonology,Northeast,101.83333333333333,311.3333333333333,True,1
1944079924,1081031506,random,EVT-0149,2024-11-07,CV_ANTICOAG_ORAL,rheumatology,Southeast,503.1666666666667,139.66666666666666,True,1
1038444141,1705644676,random,EVT-0150,2024-11-08,ONC_TARGETED_ORAL,oncology,Southeast,255.16666666666666,158.66666666666666,True,1
1209464480,1913743435,random,EVT-0150,2024-11-08,ONC_TARGETED_ORAL,oncology,Southeast,520.3333333333334,492.1666666666667,True,1
1292975558,1828766265,random,EVT-0150,2024-11-08,ONC_TARGETED_ORAL,oncology,Northeast,871.5,76.33333333333333,True,1
1328056928,1877986913,random,EVT-0150,2024-11-08,ONC_TARGETED_ORAL,oncology,Northeast,306.3333333333333,68.33333333333333,True,1
1358245029,1216532808,random,EVT-0150,2024-11-08,ONC_TARGETED_ORAL,oncology,Midwest,186.5,156.5,True,1
1659738110,1886821390,random,EVT-0150,2024-11-08,ONC_TARGETED_ORAL,oncology,Northeast,119.66666666666667,57.333333333333336,True,1
1025231352,1038582841,random,EVT-0151,2024-11-14,RHEUM_JAK_ORAL,rheumatology,Northeast,347.5,127.83333333333333,True,1
1199976907,1795350721,random,EVT-0151,2024-11-14,RHEUM_JAK_ORAL,rheumatology,Northeast,269.6666666666667,261.0,True,1
1520551320,1497664510,random,EVT-0151,2024-11-14,RHEUM_JAK_ORAL,rheumatology,Northeast,185.33333333333334,98.16666666666667,True,1
1524065749,1641859123,random,EVT-0151,2024-11-14,RHEUM_JAK_ORAL,rheumatology,Northeast,512.8333333333334,386.5,True,1
1590337907,1013443506,random,EVT-0151,2024-11-14,RHEUM_JAK_ORAL,rheumatology,Northeast,667.6666666666666,76.0,True,1
1595774286,1418704015,random,EVT-0151,2024-11-14,RHEUM_JAK_ORAL,rheumatology,Midwest,613.3333333333334,231.66666666666666,True,1
1598661571,1925493359,random,EVT-0151,2024-11-14,RHEUM_JAK_ORAL,rheumatology,Northeast,492.3333333333333,87.66666666666667,True,1
1688735228,1418295824,random,EVT-0151,2024-11-14,RHEUM_JAK_ORAL,rheumatology,Northeast,154.83333333333334,130.5,True,1
1768831921,1775551348,random,EVT-0151,2024-11-14,RHEUM_JAK_ORAL,rheumatology,Northeast,230.5,451.3333333333333,True,1
1847082322,1902607450,random,EVT-0151,2024-11-14,RHEUM_JAK_ORAL,rheumatology,Northeast,291.5,105.66666666666667,True,1
1892307210,1075689749,random,EVT-0151,2024-11-14,RHEUM_JAK_ORAL,rheumatology,Northeast,239.66666666666666,526.8333333333334,True,1
1015191335,1738266356,random,EVT-0152,2024-11-20,CV_ANTICOAG_ORAL,cardiology,Northeast,88.83333333333333,83.16666666666667,True,1
1025231352,1362648127,random,EVT-0152,2024-11-20,CV_ANTICOAG_ORAL,rheumatology,Northeast,234.83333333333334,98.16666666666667,True,1
1044303869,1061035188,random,EVT-0152,2024-11-20,CV_ANTICOAG_ORAL,oncology,Northeast,96.0,83.83333333333333,True,1
1058647219,1450226943,random,EVT-0152,2024-11-20,CV_ANTICOAG_ORAL,pulmonology,Northeast,270.1666666666667,270.1666666666667,True,1
1144669185,1555114069,random,EVT-0152,2024-11-20,CV_ANTICOAG_ORAL,primary care,Northeast,863.6666666666666,65.0,True,1
1204787067,1083149777,random,EVT-0152,2024-11-20,CV_ANTICOAG_ORAL,neurology,Northeast,69.83333333333333,95.16666666666667,True,1
1213511599,1925493359,random,EVT-0152,2024-11-20,CV_ANTICOAG_ORAL,primary care,Northeast,1096.6666666666667,41.5,True,1
1225504491,1812123887,random,EVT-0152,2024-11-20,CV_ANTICOAG_ORAL,endocrinology,Midwest,70.0,336.6666666666667,True,1
1237205202,1749652321,random,EVT-0152,2024-11-20,CV_ANTICOAG_ORAL,endocrinology,Northeast,86.83333333333333,82.66666666666667,True,1
1243754490,1679813331,random,EVT-0152,2024-11-20,CV_ANTICOAG_ORAL,neurology,Northeast,396.5,79.33333333333333,True,1
1263807582,1234985764,random,EVT-0152,2024-11-20,CV_ANTICOAG_ORAL,primary care,Northeast,575.5,208.5,True,1
1280087226,1061387373,random,EVT-0152,2024-11-20,CV_ANTICOAG_ORAL,primary care,Northeast,473.6666666666667,39.333333333333336,True,1
1299418347,1727463709,random,EVT-0152,2024-11-20,CV_ANTICOAG_ORAL,cardiology,Northeast,118.5,215.33333333333334,True,1
1385532449,1755292830,random,EVT-0152,2024-11-20,CV_ANTICOAG_ORAL,primary care,Southeast,214.16666666666666,37.166666666666664,True,1
1418997171,1371002787,random,EVT-0152,2024-11-20,CV_ANTICOAG_ORAL,primary care,Northeast,323.0,55.5,True,1
1425340662,1056679651,random,EVT-0152,2024-11-20,CV_ANTICOAG_ORAL,primary care,Southwest,474.0,244.0,True,1
1443551811,1657655308,random,EVT-0152,2024-11-20,CV_ANTICOAG_ORAL,neurology,Southwest,93.83333333333333,65.83333333333333,True,1
1467704312,1697855363,random,EVT-0152,2024-11-20,CV_ANTICOAG_ORAL,neurology,Northeast,366.1666666666667,245.83333333333334,True,1
1486877065,1761262934,random,EVT-0152,2024-11-20,CV_ANTICOAG_ORAL,neurology,Northeast,169.5,168.16666666666666,True,1
1533003293,1246818524,random,EVT-0152,2024-11-20,CV_ANTICOAG_ORAL,pulmonology,Midwest,477.6666666666667,49.166666666666664,True,1
1555906795,1304105269,random,EVT-0152,2024-11-20,CV_ANTICOAG_ORAL,pulmonology,Midwest,257.8333333333333,193.33333333333334,True,1
1567993435,1808677938,random,EVT-0152,2024-11-20,CV_ANTICOAG_ORAL,neurology,Northeast,65.83333333333333,95.83333333333333,True,1
1592062677,1580871600,random,EVT-0152,2024-11-20,CV_ANTICOAG_ORAL,neurology,Southeast,273.8333333333333,73.83333333333333,True,1
1598661571,1443520683,random,EVT-0152,2024-11-20,CV_ANTICOAG_ORAL,rheumatology,Northeast,227.66666666666666,176.5,True,1
1599989245,1411375466,random,EVT-0152,2024-11-20,CV_ANTICOAG_ORAL,oncology,Northeast,94.16666666666667,80.33333333333333,True,1
1616418756,1012597443,random,EVT-0152,2024-11-20,CV_ANTICOAG_ORAL,neurology,Northeast,255.5,29.166666666666668,True,1
1645233598,1232787030,random,EVT-0152,2024-11-20,CV_ANTICOAG_ORAL,endocrinology,Northeast,573.5,20.833333333333332,True,1
1647196991,1025978341,random,EVT-0152,2024-11-20,CV_ANTICOAG_ORAL,rheumatology,Southeast,82.16666666666667,572.0,True,1
1655321622,1038582841,random,EVT-0152,2024-11-20,CV_ANTICOAG_ORAL,cardiology,Northeast,116.5,60.666666666666664,True,1
1666389063,1827318308,random,EVT-0152,2024-11-20,CV_ANTICOAG_ORAL,endocrinology,Midwest,108.66666666666667,73.16666666666667,True,1
1689916181,1990401386,random,EVT-0152,2024-11-20,CV_ANTICOAG_ORAL,primary care,Northeast,232.5,71.0,True,1
1706991829,1551107307,random,EVT-0152,2024-11-20,CV_ANTICOAG_ORAL,endocrinology,Midwest,309.6666666666667,369.3333333333333,True,1
1774691384,1202777359,random,EVT-0152,2024-11-20,CV_ANTICOAG_ORAL,neurology,Northeast,64.33333333333333,119.66666666666667,True,1
1787619711,1708639657,random,EVT-0152,2024-11-20,CV_ANTICOAG_ORAL,cardiology,Midwest,528.5,113.0,True,1
1832506087,1425171802,random,EVT-0152,2024-11-20,CV_ANTICOAG_ORAL,primary care,Midwest,649.1666666666666,63.666666666666664,True,1
1885189138,1836314447,random,EVT-0152,2024-11-20,CV_ANTICOAG_ORAL,cardiology,Northeast,196.66666666666666,123.66666666666667,True,1
1893020424,1534239003,random,EVT-0152,2024-11-20,CV_ANTICOAG_ORAL,neurology,Midwest,118.0,18.833333333333332,True,1
1944079924,1705644676,random,EVT-0152,2024-11-20,CV_ANTICOAG_ORAL,rheumatology,Southeast,503.1666666666667,96.0,True,1
1018018261,1210894345,random,EVT-0153,2024-11-21,CV_ANTICOAG_ORAL,primary care,Northeast,370.3333333333333,108.83333333333333,True,1
1044666919,1847794991,random,EVT-0153,2024-11-21,CV_ANTICOAG_ORAL,neurology,Southeast,134.33333333333334,51.833333333333336,True,1
1048976678,1623506957,random,EVT-0153,2024-11-21,CV_ANTICOAG_ORAL,primary care,Southeast,304.5,73.83333333333333,True,1
1058647219,1468190701,random,EVT-0153,2024-11-21,CV_ANTICOAG_ORAL,pulmonology,Northeast,270.1666666666667,52.666666666666664,True,1
1123148250,1976509970,random,EVT-0153,2024-11-21,CV_ANTICOAG_ORAL,cardiology,Southwest,283.1666666666667,81.83333333333333,True,1
1136500869,1047406420,random,EVT-0153,2024-11-21,CV_ANTICOAG_ORAL,endocrinology,Southeast,396.5,88.16666666666667,True,1
1139166684,1407902521,random,EVT-0153,2024-11-21,CV_ANTICOAG_ORAL,pulmonology,Midwest,147.5,62.0,True,1
1159841240,1913743435,random,EVT-0153,2024-11-21,CV_ANTICOAG_ORAL,neurology,Southeast,671.8333333333334,214.0,True,1
1204787067,1803952245,random,EVT-0153,2024-11-21,CV_ANTICOAG_ORAL,neurology,Northeast,69.83333333333333,31.5,True,1
1213511599,1831183839,random,EVT-0153,2024-11-21,CV_ANTICOAG_ORAL,primary care,Northeast,1096.6666666666667,102.5,True,1
1219516501,1655374878,random,EVT-0153,2024-11-21,CV_ANTICOAG_ORAL,endocrinology,Midwest,420.3333333333333,25.5,True,1
1273912869,1333043895,random,EVT-0153,2024-11-21,CV_ANTICOAG_ORAL,rheumatology,Northeast,158.0,175.0,True,1
1280087226,1541422121,random,EVT-0153,2024-11-21,CV_ANTICOAG_ORAL,primary care,Northeast,473.6666666666667,130.33333333333334,True,1
1285347583,1071299832,random,EVT-0153,2024-11-21,CV_ANTICOAG_ORAL,neurology,Southwest,70.33333333333333,65.0,True,1
1456207657,1065091666,random,EVT-0153,2024-11-21,CV_ANTICOAG_ORAL,primary care,Midwest,356.0,142.83333333333334,True,1
1467704312,1755292830,random,EVT-0153,2024-11-21,CV_ANTICOAG_ORAL,neurology,Northeast,366.1666666666667,37.166666666666664,True,1
1567993435,1081498101,random,EVT-0153,2024-11-21,CV_ANTICOAG_ORAL,neurology,Northeast,65.83333333333333,58.0,True,1
1595301304,1713731663,random,EVT-0153,2024-11-21,CV_ANTICOAG_ORAL,primary care,Southwest,107.66666666666667,463.0,True,1
1599989245,1743803979,random,EVT-0153,2024-11-21,CV_ANTICOAG_ORAL,oncology,Northeast,94.16666666666667,47.166666666666664,True,1
1615059528,1057623450,random,EVT-0153,2024-11-21,CV_ANTICOAG_ORAL,primary care,Southeast,197.33333333333334,78.83333333333333,True,1
1616418756,1798488478,random,EVT-0153,2024-11-21,CV_ANTICOAG_ORAL,neurology,Northeast,255.5,34.0,True,1
1732527431,1432188427,random,EVT-0153,2024-11-21,CV_ANTICOAG_ORAL,primary care,Southeast,267.6666666666667,423.3333333333333,True,1
1745601371,1429255973,random,EVT-0153,2024-11-21,CV_ANTICOAG_ORAL,cardiology,Midwest,62.0,112.5,True,1
1749355669,1714292012,random,EVT-0153,2024-11-21,CV_ANTICOAG_ORAL,neurology,West,178.0,311.3333333333333,True,1
1769764832,1337789832,random,EVT-0153,2024-11-21,CV_ANTICOAG_ORAL,neurology,Northeast,222.5,80.83333333333333,True,1
1774691384,1905395731,random,EVT-0153,2024-11-21,CV_ANTICOAG_ORAL,neurology,Northeast,64.33333333333333,53.333333333333336,True,1
1788421810,1722502113,random,EVT-0153,2024-11-21,CV_ANTICOAG_ORAL,neurology,Northeast,180.66666666666666,64.66666666666667,True,1
1896554999,1850313960,random,EVT-0153,2024-11-21,CV_ANTICOAG_ORAL,primary care,West,549.6666666666666,58.0,True,1
1993367014,1758794279,random,EVT-0153,2024-11-21,CV_ANTICOAG_ORAL,pulmonology,Midwest,165.33333333333334,269.5,True,1
1425610817,1251202242,random,EVT-0154,2024-11-22,METABOLIC_GLP1_INJ,primary care,Southeast,87.0,179.0,True,1
1924355757,1409867656,random,EVT-0153,2024-11-21,CV_ANTICOAG_ORAL,primary care,Southwest,513.5,100.66666666666667,True,1
1075036339,1566276774,random,EVT-0154,2024-11-22,METABOLIC_GLP1_INJ,pulmonology,West,26.5,421.5,True,1
1080672524,1234985764,random,EVT-0154,2024-11-22,METABOLIC_GLP1_INJ,primary care,Southeast,148.66666666666666,339.0,True,1
1138281740,1944636921,random,EVT-0154,2024-11-22,METABOLIC_GLP1_INJ,primary care,West,313.8333333333333,72.16666666666667,True,1
1144669185,1181599923,random,EVT-0154,2024-11-22,METABOLIC_GLP1_INJ,primary care,Northeast,364.3333333333333,40.166666666666664,True,1
1174145494,1831786672,random,EVT-0154,2024-11-22,METABOLIC_GLP1_INJ,endocrinology,Northeast,211.5,83.66666666666667,True,1
1189769080,1363342464,random,EVT-0154,2024-11-22,METABOLIC_GLP1_INJ,primary care,Northeast,276.5,589.5,True,1
1190842652,1324237324,random,EVT-0154,2024-11-22,METABOLIC_GLP1_INJ,primary care,Southwest,198.16666666666666,438.8333333333333,True,1
1213511599,1254891769,random,EVT-0154,2024-11-22,METABOLIC_GLP1_INJ,primary care,Northeast,978.3333333333334,71.5,True,1
1266945785,1295857761,random,EVT-0154,2024-11-22,METABOLIC_GLP1_INJ,primary care,West,94.33333333333333,33.833333333333336,True,1
1271463741,1507378861,random,EVT-0154,2024-11-22,METABOLIC_GLP1_INJ,primary care,West,124.16666666666667,58.0,True,1
1321405205,1134089733,random,EVT-0154,2024-11-22,METABOLIC_GLP1_INJ,primary care,West,32.166666666666664,118.5,True,1
1425340662,1246818524,random,EVT-0154,2024-11-22,METABOLIC_GLP1_INJ,primary care,Southwest,210.5,29.5,True,1
1435662964,1727524690,random,EVT-0154,2024-11-22,METABOLIC_GLP1_INJ,endocrinology,West,105.83333333333333,65.83333333333333,True,1
1533003293,1798488478,random,EVT-0154,2024-11-22,METABOLIC_GLP1_INJ,pulmonology,Midwest,158.5,85.0,True,1
1536278926,1536141264,random,EVT-0154,2024-11-22,METABOLIC_GLP1_INJ,primary care,West,150.83333333333334,89.33333333333333,True,1
1567742360,1828766265,random,EVT-0154,2024-11-22,METABOLIC_GLP1_INJ,primary care,West,323.6666666666667,55.333333333333336,True,1
1595774286,1334266743,random,EVT-0154,2024-11-22,METABOLIC_GLP1_INJ,rheumatology,Midwest,183.66666666666666,64.33333333333333,True,1
1644815767,1352578078,random,EVT-0154,2024-11-22,METABOLIC_GLP1_INJ,primary care,West,350.3333333333333,211.33333333333334,True,1
1672904236,1075689749,random,EVT-0154,2024-11-22,METABOLIC_GLP1_INJ,cardiology,Northeast,160.5,286.8333333333333,True,1
1686880901,1123562633,random,EVT-0154,2024-11-22,METABOLIC_GLP1_INJ,primary care,West,91.0,102.5,True,1
1688976343,1775891033,random,EVT-0154,2024-11-22,METABOLIC_GLP1_INJ,pulmonology,Southeast,358.8333333333333,64.0,True,1
1689916181,1334793308,random,EVT-0154,2024-11-22,METABOLIC_GLP1_INJ,primary care,Northeast,355.0,76.66666666666667,True,1
1703413967,1712965692,random,EVT-0154,2024-11-22,METABOLIC_GLP1_INJ,endocrinology,West,210.33333333333334,61.0,True,1
1704331150,1424541534,random,EVT-0154,2024-11-22,METABOLIC_GLP1_INJ,endocrinology,West,257.5,61.0,True,1
1738903891,1473494189,random,EVT-0154,2024-11-22,METABOLIC_GLP1_INJ,endocrinology,Southeast,317.5,227.0,True,1
1747637738,1985816515,random,EVT-0154,2024-11-22,METABOLIC_GLP1_INJ,primary care,Midwest,71.33333333333333,33.833333333333336,True,1
1752727945,1064190048,random,EVT-0154,2024-11-22,METABOLIC_GLP1_INJ,primary care,West,94.33333333333333,59.0,True,1
1769234364,1417682113,random,EVT-0154,2024-11-22,METABOLIC_GLP1_INJ,primary care,Southwest,154.33333333333334,66.0,True,1
1803233885,1061387373,random,EVT-0154,2024-11-22,METABOLIC_GLP1_INJ,primary care,Southeast,438.5,64.16666666666667,True,1
1824149854,1323611925,random,EVT-0154,2024-11-22,METABOLIC_GLP1_INJ,neurology,Southeast,145.5,106.16666666666667,True,1
1824172013,1968864862,random,EVT-0154,2024-11-22,METABOLIC_GLP1_INJ,primary care,Midwest,1173.6666666666667,35.5,True,1
1828803407,1901417067,random,EVT-0154,2024-11-22,METABOLIC_GLP1_INJ,oncology,Northeast,40.5,146.0,True,1
1896554999,1113953065,random,EVT-0154,2024-11-22,METABOLIC_GLP1_INJ,primary care,West,331.6666666666667,182.0,True,1
1908168895,1714292012,random,EVT-0154,2024-11-22,METABOLIC_GLP1_INJ,primary care,Southwest,209.66666666666666,192.0,True,1
1927430854,1413202163,random,EVT-0154,2024-11-22,METABOLIC_GLP1_INJ,primary care,Southeast,192.5,64.0,True,1
1937514325,1722581836,random,EVT-0154,2024-11-22,METABOLIC_GLP1_INJ,primary care,West,276.0,100.16666666666667,True,1
1944079924,1630629040,random,EVT-0154,2024-11-22,METABOLIC_GLP1_INJ,rheumatology,Southeast,134.16666666666666,183.33333333333334,True,1
1967802350,1769198304,random,EVT-0154,2024-11-22,METABOLIC_GLP1_INJ,pulmonology,Midwest,124.83333333333333,26.666666666666668,True,1
1058647219,1349686455,random,EVT-0155,2024-11-23,PULM_ICS_LABA_INH,pulmonology,Northeast,433.0,307.0,True,1
1081051991,1696606064,random,EVT-0155,2024-11-23,PULM_ICS_LABA_INH,pulmonology,Southwest,100.83333333333333,155.83333333333334,True,1
1198262952,1340455504,random,EVT-0155,2024-11-23,PULM_ICS_LABA_INH,pulmonology,Northeast,864.6666666666666,95.66666666666667,True,1
1229022169,1916437647,random,EVT-0155,2024-11-23,PULM_ICS_LABA_INH,pulmonology,West,140.5,118.5,True,1
1389574017,1132792726,random,EVT-0155,2024-11-23,PULM_ICS_LABA_INH,pulmonology,Southwest,319.8333333333333,145.16666666666666,True,1
1433980129,1438452850,random,EVT-0155,2024-11-23,PULM_ICS_LABA_INH,pulmonology,Northeast,334.3333333333333,38.166666666666664,True,1
1533003293,1893638738,random,EVT-0155,2024-11-23,PULM_ICS_LABA_INH,pulmonology,Midwest,345.1666666666667,60.333333333333336,True,1
1655727265,1875967568,random,EVT-0155,2024-11-23,PULM_ICS_LABA_INH,pulmonology,Northeast,514.8333333333334,408.1666666666667,True,1
1688976343,1330067194,random,EVT-0155,2024-11-23,PULM_ICS_LABA_INH,pulmonology,Southeast,325.5,425.6666666666667,True,1
1736829924,1588179048,random,EVT-0155,2024-11-23,PULM_ICS_LABA_INH,pulmonology,Southeast,174.33333333333334,147.5,True,1
1854852153,1152018085,random,EVT-0155,2024-11-23,PULM_ICS_LABA_INH,pulmonology,Southwest,203.16666666666666,265.5,True,1
1058647219,1448713440,random,EVT-0154,2024-11-22,METABOLIC_GLP1_INJ,pulmonology,Northeast,361.3333333333333,74.33333333333333,True,1
1025231352,1041640354,random,EVT-0156,2024-11-24,METABOLIC_GLP1_INJ,rheumatology,Northeast,521.6666666666666,90.83333333333333,True,1
1041585906,1642024693,random,EVT-0156,2024-11-24,METABOLIC_GLP1_INJ,oncology,West,83.33333333333333,52.5,True,1
1048976678,1795350721,random,EVT-0156,2024-11-24,METABOLIC_GLP1_INJ,primary care,Southeast,167.16666666666666,233.33333333333334,True,1
1050705288,1332815285,random,EVT-0156,2024-11-24,METABOLIC_GLP1_INJ,endocrinology,Southeast,215.5,53.666666666666664,True,1
1075036339,1028050239,random,EVT-0156,2024-11-24,METABOLIC_GLP1_INJ,pulmonology,West,26.5,87.33333333333333,True,1
1200480071,1971097054,random,EVT-0156,2024-11-24,METABOLIC_GLP1_INJ,primary care,Northeast,147.16666666666666,58.333333333333336,True,1
1227780172,1847794991,random,EVT-0156,2024-11-24,METABOLIC_GLP1_INJ,primary care,Southwest,185.5,65.33333333333333,True,1
1237205202,1873780039,random,EVT-0156,2024-11-24,METABOLIC_GLP1_INJ,endocrinology,Northeast,188.33333333333334,338.6666666666667,True,1
1238983617,1762971749,random,EVT-0156,2024-11-24,METABOLIC_GLP1_INJ,pulmonology,Southeast,182.5,75.33333333333333,True,1
1257723886,1354344503,random,EVT-0156,2024-11-24,METABOLIC_GLP1_INJ,endocrinology,Southwest,85.16666666666667,64.0,True,1
1264333323,1913743435,random,EVT-0156,2024-11-24,METABOLIC_GLP1_INJ,primary care,Northeast,173.33333333333334,167.83333333333334,True,1
1280087226,1586730040,random,EVT-0156,2024-11-24,METABOLIC_GLP1_INJ,primary care,Northeast,1034.8333333333333,31.833333333333332,True,1
1299418347,1985685233,random,EVT-0156,2024-11-24,METABOLIC_GLP1_INJ,cardiology,Northeast,163.5,43.166666666666664,True,1
1375349903,1685524518,random,EVT-0156,2024-11-24,METABOLIC_GLP1_INJ,endocrinology,West,226.83333333333334,95.5,True,1
1435662964,1233281843,random,EVT-0156,2024-11-24,METABOLIC_GLP1_INJ,endocrinology,West,105.83333333333333,103.33333333333333,True,1
1475115246,1181854898,random,EVT-0156,2024-11-24,METABOLIC_GLP1_INJ,cardiology,Southeast,194.16666666666666,242.66666666666666,True,1
1494868502,1061387373,random,EVT-0156,2024-11-24,METABOLIC_GLP1_INJ,cardiology,Southeast,78.66666666666667,64.16666666666667,True,1
1590869917,1622391112,random,EVT-0156,2024-11-24,METABOLIC_GLP1_INJ,primary care,Southwest,212.66666666666666,62.666666666666664,True,1
1610177150,1555114069,random,EVT-0156,2024-11-24,METABOLIC_GLP1_INJ,cardiology,Southeast,241.83333333333334,202.66666666666666,True,1
1613561947,1962911834,random,EVT-0156,2024-11-24,METABOLIC_GLP1_INJ,primary care,Southeast,365.3333333333333,91.0,True,1
1621199177,1759630787,random,EVT-0156,2024-11-24,METABOLIC_GLP1_INJ,primary care,Southeast,153.33333333333334,57.5,True,1
1645233598,1749652321,random,EVT-0156,2024-11-24,METABOLIC_GLP1_INJ,endocrinology,Northeast,521.5,78.0,True,1
1657025858,1041494554,random,EVT-0156,2024-11-24,METABOLIC_GLP1_INJ,endocrinology,Northeast,154.33333333333334,126.0,True,1
1666389063,1960543621,random,EVT-0156,2024-11-24,METABOLIC_GLP1_INJ,endocrinology,Midwest,159.5,43.333333333333336,True,1
1706991829,1410468163,random,EVT-0156,2024-11-24,METABOLIC_GLP1_INJ,endocrinology,Midwest,88.66666666666667,111.16666666666667,True,1
1732000645,1234567687,random,EVT-0156,2024-11-24,METABOLIC_GLP1_INJ,cardiology,Southwest,166.83333333333334,76.66666666666667,True,1
1732527431,1715246280,random,EVT-0156,2024-11-24,METABOLIC_GLP1_INJ,primary care,Southeast,510.6666666666667,92.66666666666667,True,1
1738903891,1916437647,random,EVT-0156,2024-11-24,METABOLIC_GLP1_INJ,endocrinology,Southeast,317.5,71.0,True,1
1752727945,1870533357,random,EVT-0156,2024-11-24,METABOLIC_GLP1_INJ,primary care,West,94.33333333333333,106.66666666666667,True,1
1803502636,1477499267,random,EVT-0156,2024-11-24,METABOLIC_GLP1_INJ,endocrinology,Northeast,271.0,71.16666666666667,True,1
1808826295,1449657976,random,EVT-0156,2024-11-24,METABOLIC_GLP1_INJ,primary care,Southeast,287.1666666666667,22.5,True,1
1815807585,1401677194,random,EVT-0156,2024-11-24,METABOLIC_GLP1_INJ,primary care,Southeast,438.1666666666667,90.0,True,1
1880426881,1061035188,random,EVT-0156,2024-11-24,METABOLIC_GLP1_INJ,endocrinology,Northeast,187.66666666666666,97.5,True,1
1949335115,1831786672,random,EVT-0156,2024-11-24,METABOLIC_GLP1_INJ,endocrinology,Southeast,174.33333333333334,83.66666666666667,True,1
1136500869,1878312481,random,EVT-0156,2024-11-24,METABOLIC_GLP1_INJ,endocrinology,Southeast,78.0,82.16666666666667,True,1
1031568581,1113023042,random,EVT-0157,2024-11-29,PULM_ICS_LABA_INH,pulmonology,Southeast,548.5,180.5,True,1
1126098163,1769198304,random,EVT-0157,2024-11-29,PULM_ICS_LABA_INH,pulmonology,Southeast,172.33333333333334,91.83333333333333,True,1
1139166684,1710487228,random,EVT-0157,2024-11-29,PULM_ICS_LABA_INH,pulmonology,Midwest,277.6666666666667,98.83333333333333,True,1
1198262952,1767249513,random,EVT-0157,2024-11-29,PULM_ICS_LABA_INH,pulmonology,Northeast,864.6666666666666,175.83333333333334,True,1
1238983617,1831183839,random,EVT-0157,2024-11-29,PULM_ICS_LABA_INH,pulmonology,Southeast,1144.1666666666667,123.16666666666667,True,1
1374281198,1738916414,random,EVT-0157,2024-11-29,PULM_ICS_LABA_INH,pulmonology,Southeast,115.5,204.83333333333334,True,1
1555906795,1308498975,random,EVT-0157,2024-11-29,PULM_ICS_LABA_INH,pulmonology,Midwest,581.5,231.83333333333334,True,1
1688976343,1293528836,random,EVT-0157,2024-11-29,PULM_ICS_LABA_INH,pulmonology,Southeast,325.5,261.3333333333333,True,1
1704308638,1030235620,random,EVT-0157,2024-11-29,PULM_ICS_LABA_INH,pulmonology,Southeast,460.3333333333333,140.5,True,1
1736829924,1727524690,random,EVT-0157,2024-11-29,PULM_ICS_LABA_INH,pulmonology,Southeast,174.33333333333334,78.83333333333333,True,1
1742859469,1501015600,random,EVT-0157,2024-11-29,PULM_ICS_LABA_INH,pulmonology,West,395.1666666666667,109.33333333333333,True,1
1964572899,1152018085,random,EVT-0157,2024-11-29,PULM_ICS_LABA_INH,pulmonology,Northeast,128.0,265.5,True,1
1002145427,1767508967,random,EVT-0158,2024-11-30,PC_ANTIHYPERTENSIVE,primary care,Northeast,651.5,402.0,True,1
1018018261,1547660377,random,EVT-0158,2024-11-30,PC_ANTIHYPERTENSIVE,primary care,Northeast,597.8333333333334,147.83333333333334,True,1
1133130363,1596580633,random,EVT-0158,2024-11-30,PC_ANTIHYPERTENSIVE,primary care,Northeast,440.0,42.0,True,1
1200480071,1135650855,random,EVT-0158,2024-11-30,PC_ANTIHYPERTENSIVE,primary care,Northeast,354.5,227.5,True,1
1227780172,1295857761,random,EVT-0158,2024-11-30,PC_ANTIHYPERTENSIVE,primary care,Southwest,1528.3333333333333,111.5,True,1
1268222167,1479078465,random,EVT-0158,2024-11-30,PC_ANTIHYPERTENSIVE,primary care,Midwest,320.0,155.33333333333334,True,1
1271768685,1181854898,random,EVT-0158,2024-11-30,PC_ANTIHYPERTENSIVE,primary care,Midwest,521.1666666666666,433.0,True,1
1321405205,1233281843,random,EVT-0158,2024-11-30,PC_ANTIHYPERTENSIVE,primary care,West,208.33333333333334,146.16666666666666,True,1
1355374483,1572180861,random,EVT-0158,2024-11-30,PC_ANTIHYPERTENSIVE,primary care,West,388.8333333333333,146.0,True,1
1397955463,1333393084,random,EVT-0158,2024-11-30,PC_ANTIHYPERTENSIVE,primary care,Southeast,651.8333333333334,162.0,True,1
1413519731,1102089657,random,EVT-0158,2024-11-30,PC_ANTIHYPERTENSIVE,primary care,Southwest,512.8333333333334,169.16666666666666,True,1
1423152481,1058325303,random,EVT-0158,2024-11-30,PC_ANTIHYPERTENSIVE,primary care,Southeast,599.0,274.3333333333333,True,1
1425340662,1849988823,random,EVT-0158,2024-11-30,PC_ANTIHYPERTENSIVE,primary care,Southwest,440.6666666666667,44.0,True,1
1455779946,1363342464,random,EVT-0158,2024-11-30,PC_ANTIHYPERTENSIVE,primary care,Southwest,385.8333333333333,693.5,True,1
1456207657,1685524518,random,EVT-0158,2024-11-30,PC_ANTIHYPERTENSIVE,primary care,Midwest,628.0,106.0,True,1
1456299035,1219172859,random,EVT-0158,2024-11-30,PC_ANTIHYPERTENSIVE,primary care,Southeast,273.5,218.16666666666666,True,1
1481247389,1905395731,random,EVT-0158,2024-11-30,PC_ANTIHYPERTENSIVE,primary care,Southeast,359.0,42.833333333333336,True,1
1523498065,1961509027,random,EVT-0158,2024-11-30,PC_ANTIHYPERTENSIVE,primary care,Southeast,306.6666666666667,125.83333333333333,True,1
1536278926,1643297637,random,EVT-0158,2024-11-30,PC_ANTIHYPERTENSIVE,primary care,West,741.6666666666666,248.0,True,1
1567742360,1997693654,random,EVT-0158,2024-11-30,PC_ANTIHYPERTENSIVE,primary care,West,181.0,275.0,True,1
1595301304,1625192632,random,EVT-0158,2024-11-30,PC_ANTIHYPERTENSIVE,primary care,Southwest,451.6666666666667,114.83333333333333,True,1
1635581279,1246818524,random,EVT-0158,2024-11-30,PC_ANTIHYPERTENSIVE,primary care,Southeast,793.8333333333334,73.83333333333333,True,1
1639269087,1566276774,random,EVT-0158,2024-11-30,PC_ANTIHYPERTENSIVE,primary care,Northeast,240.83333333333334,901.8333333333334,True,1
1644815767,1393729789,random,EVT-0158,2024-11-30,PC_ANTIHYPERTENSIVE,primary care,West,460.5,1009.1666666666666,True,1
1689916181,1209566128,random,EVT-0158,2024-11-30,PC_ANTIHYPERTENSIVE,primary care,Northeast,701.5,768.5,True,1
1725623817,1289174306,random,EVT-0158,2024-11-30,PC_ANTIHYPERTENSIVE,primary care,Southwest,736.8333333333334,174.66666666666666,True,1
1808826295,1261377760,random,EVT-0158,2024-11-30,PC_ANTIHYPERTENSIVE,primary care,Southeast,614.0,271.1666666666667,True,1
1824172013,1381937048,random,EVT-0158,2024-11-30,PC_ANTIHYPERTENSIVE,primary care,Midwest,462.1666666666667,219.5,True,1
1896554999,1922185990,random,EVT-0158,2024-11-30,PC_ANTIHYPERTENSIVE,primary care,West,604.3333333333334,70.66666666666667,True,1
1903798589,1812123887,random,EVT-0158,2024-11-30,PC_ANTIHYPERTENSIVE,primary care,Southwest,426.8333333333333,462.6666666666667,True,1
1924355757,1676855970,random,EVT-0158,2024-11-30,PC_ANTIHYPERTENSIVE,primary care,Southwest,486.5,249.0,True,1
1927430854,1742100898,random,EVT-0158,2024-11-30,PC_ANTIHYPERTENSIVE,primary care,Southeast,799.1666666666666,80.33333333333333,True,1
1005067453,1657655308,random,EVT-0159,2024-12-03,ENDO_BASAL_INSULIN,endocrinology,West,182.16666666666666,153.33333333333334,True,1
1065091666,1890077344,random,EVT-0159,2024-12-03,ENDO_BASAL_INSULIN,endocrinology,West,205.66666666666666,304.6666666666667,True,1
1107038659,1749652321,random,EVT-0159,2024-12-03,ENDO_BASAL_INSULIN,endocrinology,Northeast,631.6666666666666,105.0,True,1
1136500869,1025978341,random,EVT-0159,2024-12-03,ENDO_BASAL_INSULIN,endocrinology,Southeast,298.5,528.1666666666666,True,1
1137408567,1413202163,random,EVT-0159,2024-12-03,ENDO_BASAL_INSULIN,endocrinology,Northeast,716.1666666666666,171.33333333333334,True,1
1324237324,1174785596,random,EVT-0159,2024-12-03,ENDO_BASAL_INSULIN,endocrinology,West,269.1666666666667,260.5,True,1
1375349903,1971977354,random,EVT-0159,2024-12-03,ENDO_BASAL_INSULIN,endocrinology,West,139.16666666666666,124.0,True,1
1455101661,1756884833,random,EVT-0159,2024-12-03,ENDO_BASAL_INSULIN,endocrinology,Southeast,422.6666666666667,137.83333333333334,True,1
1541422121,1231453428,random,EVT-0159,2024-12-03,ENDO_BASAL_INSULIN,endocrinology,Southeast,229.33333333333334,317.5,True,1
1645233598,1898803444,random,EVT-0159,2024-12-03,ENDO_BASAL_INSULIN,endocrinology,Northeast,585.3333333333334,212.16666666666666,True,1
1703413967,1507069536,random,EVT-0159,2024-12-03,ENDO_BASAL_INSULIN,endocrinology,West,224.16666666666666,91.33333333333333,True,1
1704331150,1551107307,random,EVT-0159,2024-12-03,ENDO_BASAL_INSULIN,endocrinology,West,407.8333333333333,393.0,True,1
1706645516,1202777359,random,EVT-0159,2024-12-03,ENDO_BASAL_INSULIN,endocrinology,Southeast,172.5,71.0,True,1
1738903891,1335601583,random,EVT-0159,2024-12-03,ENDO_BASAL_INSULIN,endocrinology,Southeast,625.5,105.16666666666667,True,1
1768225918,1456937691,random,EVT-0159,2024-12-03,ENDO_BASAL_INSULIN,endocrinology,Midwest,321.8333333333333,117.66666666666667,True,1
1827318308,1801662945,random,EVT-0159,2024-12-03,ENDO_BASAL_INSULIN,endocrinology,West,238.0,305.6666666666667,True,1
1836314447,1508064668,random,EVT-0159,2024-12-03,ENDO_BASAL_INSULIN,endocrinology,Southeast,423.1666666666667,136.5,True,1
1939785840,1605645914,random,EVT-0159,2024-12-03,ENDO_BASAL_INSULIN,endocrinology,Southwest,288.1666666666667,65.33333333333333,True,1
1993463169,1881781243,random,EVT-0159,2024-12-03,ENDO_BASAL_INSULIN,endocrinology,West,285.8333333333333,81.83333333333333,True,1
1995404856,1707917476,random,EVT-0159,2024-12-03,ENDO_BASAL_INSULIN,endocrinology,Northeast,240.33333333333334,80.83333333333333,True,1
1964945871,1935314678,random,EVT-0160,2024-12-07,ENDO_BASAL_INSULIN,endocrinology,Northeast,404.1666666666667,248.5,True,1
1011940271,1223528765,random,EVT-0160,2024-12-07,ENDO_BASAL_INSULIN,endocrinology,Northeast,213.83333333333334,124.66666666666667,True,1
1025978341,1785926670,random,EVT-0160,2024-12-07,ENDO_BASAL_INSULIN,endocrinology,Northeast,528.1666666666666,138.66666666666666,True,1
1076376403,1231453428,random,EVT-0160,2024-12-07,ENDO_BASAL_INSULIN,endocrinology,Northeast,621.3333333333334,317.5,True,1
1137408567,1423753536,random,EVT-0160,2024-12-07,ENDO_BASAL_INSULIN,endocrinology,Northeast,716.1666666666666,354.6666666666667,True,1
1178533166,1202777359,random,EVT-0160,2024-12-07,ENDO_BASAL_INSULIN,endocrinology,Southeast,109.66666666666667,71.0,True,1
1449048093,1364592786,random,EVT-0160,2024-12-07,ENDO_BASAL_INSULIN,endocrinology,Northeast,76.16666666666667,82.83333333333333,True,1
1541422121,1004543439,random,EVT-0160,2024-12-07,ENDO_BASAL_INSULIN,endocrinology,Southeast,229.33333333333334,70.0,True,1
1645233598,1285330571,random,EVT-0160,2024-12-07,ENDO_BASAL_INSULIN,endocrinology,Northeast,585.3333333333334,356.6666666666667,True,1
1666389063,1990401386,random,EVT-0160,2024-12-07,ENDO_BASAL_INSULIN,endocrinology,Midwest,118.16666666666667,81.16666666666667,True,1
1677860136,1598998692,random,EVT-0160,2024-12-07,ENDO_BASAL_INSULIN,endocrinology,Northeast,314.6666666666667,122.83333333333333,True,1
1702497342,1769333869,random,EVT-0160,2024-12-07,ENDO_BASAL_INSULIN,endocrinology,Southeast,367.6666666666667,290.1666666666667,True,1
1758794279,1332504376,random,EVT-0160,2024-12-07,ENDO_BASAL_INSULIN,endocrinology,Northeast,520.8333333333334,94.83333333333333,True,1
1101185407,1783823739,random,EVT-0161,2024-12-07,PC_ANTIHYPERTENSIVE,primary care,Midwest,758.6666666666666,915.5,True,1
1144669185,1166978878,random,EVT-0161,2024-12-07,PC_ANTIHYPERTENSIVE,primary care,Northeast,1003.8333333333334,71.66666666666667,True,1
1166368237,1352216182,random,EVT-0161,2024-12-07,PC_ANTIHYPERTENSIVE,primary care,Southwest,271.1666666666667,453.0,True,1
1169614082,1022312734,random,EVT-0161,2024-12-07,PC_ANTIHYPERTENSIVE,primary care,Midwest,185.5,170.33333333333334,True,1
1180932224,1849988823,random,EVT-0161,2024-12-07,PC_ANTIHYPERTENSIVE,primary care,Southeast,780.8333333333334,46.5,True,1
1190842652,1905395731,random,EVT-0161,2024-12-07,PC_ANTIHYPERTENSIVE,primary care,Southwest,233.83333333333334,43.5,True,1
1200480071,1767508967,random,EVT-0161,2024-12-07,PC_ANTIHYPERTENSIVE,primary care,Northeast,370.3333333333333,412.8333333333333,True,1
1213511599,1209566128,random,EVT-0161,2024-12-07,PC_ANTIHYPERTENSIVE,primary care,Northeast,1173.1666666666667,752.5,True,1
1227780172,1412773438,random,EVT-0161,2024-12-07,PC_ANTIHYPERTENSIVE,primary care,Southwest,1591.0,920.8333333333334,True,1
1251567115,1451968915,random,EVT-0161,2024-12-07,PC_ANTIHYPERTENSIVE,primary care,Midwest,250.0,274.8333333333333,True,1
1264333323,1534502129,random,EVT-0161,2024-12-07,PC_ANTIHYPERTENSIVE,primary care,Northeast,832.1666666666666,133.33333333333334,True,1
1266945785,1847794991,random,EVT-0161,2024-12-07,PC_ANTIHYPERTENSIVE,primary care,West,852.1666666666666,99.33333333333333,True,1
1300654963,1812123887,random,EVT-0161,2024-12-07,PC_ANTIHYPERTENSIVE,primary care,Northeast,262.0,459.6666666666667,True,1
1315385710,1961509027,random,EVT-0161,2024-12-07,PC_ANTIHYPERTENSIVE,primary care,Northeast,1425.8333333333333,126.33333333333333,True,1
1334266016,1434523506,random,EVT-0161,2024-12-07,PC_ANTIHYPERTENSIVE,primary care,Southwest,397.6666666666667,257.6666666666667,True,1
1377426493,1295857761,random,EVT-0161,2024-12-07,PC_ANTIHYPERTENSIVE,primary care,West,277.8333333333333,112.16666666666667,True,1
1397955463,1181360912,random,EVT-0161,2024-12-07,PC_ANTIHYPERTENSIVE,primary care,Southeast,709.3333333333334,226.83333333333334,True,1
1423152481,1547660377,random,EVT-0161,2024-12-07,PC_ANTIHYPERTENSIVE,primary care,Southeast,587.6666666666666,140.66666666666666,True,1
1456299035,1643297637,random,EVT-0161,2024-12-07,PC_ANTIHYPERTENSIVE,primary care,Southeast,279.8333333333333,248.66666666666666,True,1
1535820066,1873780039,random,EVT-0161,2024-12-07,PC_ANTIHYPERTENSIVE,primary care,West,717.8333333333334,384.5,True,1
1567742360,1219172859,random,EVT-0161,2024-12-07,PC_ANTIHYPERTENSIVE,primary care,West,175.16666666666666,216.0,True,1
1590869917,1877046932,random,EVT-0161,2024-12-07,PC_ANTIHYPERTENSIVE,primary care,Southwest,283.5,564.6666666666666,True,1
1592123891,1134632102,random,EVT-0161,2024-12-07,PC_ANTIHYPERTENSIVE,primary care,Northeast,909.1666666666666,556.5,True,1
1595301304,1851932792,random,EVT-0161,2024-12-07,PC_ANTIHYPERTENSIVE,primary care,Southwest,464.5,205.0,True,1
1689059347,1862986803,random,EVT-0161,2024-12-07,PC_ANTIHYPERTENSIVE,primary care,Southwest,238.33333333333334,262.5,True,1
1689916181,1572180861,random,EVT-0161,2024-12-07,PC_ANTIHYPERTENSIVE,primary care,Northeast,708.3333333333334,145.5,True,1
1721479586,1289174306,random,EVT-0161,2024-12-07,PC_ANTIHYPERTENSIVE,primary care,West,458.1666666666667,170.0,True,1
1725623817,1566276774,random,EVT-0161,2024-12-07,PC_ANTIHYPERTENSIVE,primary care,Southwest,776.6666666666666,981.3333333333334,True,1
1769234364,1769352273,random,EVT-0161,2024-12-07,PC_ANTIHYPERTENSIVE,primary care,Southwest,226.66666666666666,322.1666666666667,True,1
1806479196,1947954388,random,EVT-0161,2024-12-07,PC_ANTIHYPERTENSIVE,primary care,Southwest,652.1666666666666,82.66666666666667,True,1
1812815243,1364720148,random,EVT-0161,2024-12-07,PC_ANTIHYPERTENSIVE,primary care,Midwest,916.5,392.1666666666667,True,1
1903798589,1892083019,random,EVT-0161,2024-12-07,PC_ANTIHYPERTENSIVE,primary care,Southwest,460.1666666666667,385.8333333333333,True,1
1908168895,1246818524,random,EVT-0161,2024-12-07,PC_ANTIHYPERTENSIVE,primary care,Southwest,218.16666666666666,67.5,True,1
1922670785,1333393084,random,EVT-0161,2024-12-07,PC_ANTIHYPERTENSIVE,primary care,Southeast,461.5,162.83333333333334,True,1
1924355757,1773180629,random,EVT-0161,2024-12-07,PC_ANTIHYPERTENSIVE,primary care,Southwest,527.0,134.5,True,1
1927430854,1849328657,random,EVT-0161,2024-12-07,PC_ANTIHYPERTENSIVE,primary care,Southeast,800.8333333333334,232.83333333333334,True,1
1644815767,1762971749,random,EVT-0161,2024-12-07,PC_ANTIHYPERTENSIVE,primary care,West,467.0,219.0,True,1
1058647219,1681501296,random,EVT-0162,2024-12-10,PULM_ICS_LABA_INH,pulmonology,Northeast,432.0,79.16666666666667,True,1
1075036339,1134509243,random,EVT-0162,2024-12-10,PULM_ICS_LABA_INH,pulmonology,West,195.5,202.33333333333334,True,1
1204959187,1731313338,random,EVT-0162,2024-12-10,PULM_ICS_LABA_INH,pulmonology,Southeast,188.5,76.66666666666667,True,1
1330067194,1916437647,random,EVT-0162,2024-12-10,PULM_ICS_LABA_INH,pulmonology,West,434.0,117.5,True,1
1352578078,1160075531,random,EVT-0162,2024-12-10,PULM_ICS_LABA_INH,pulmonology,Southeast,367.5,101.5,True,1
1547244776,1369172659,random,EVT-0162,2024-12-10,PULM_ICS_LABA_INH,pulmonology,Northeast,189.33333333333334,103.5,True,1
1050705288,1004543439,random,EVT-0163,2024-12-13,CV_ANTICOAG_ORAL,endocrinology,Southeast,713.6666666666666,130.5,True,1
1095874958,1710487228,random,EVT-0163,2024-12-13,CV_ANTICOAG_ORAL,neurology,Southeast,273.0,54.166666666666664,True,1
1126098163,1214210316,random,EVT-0163,2024-12-13,CV_ANTICOAG_ORAL,pulmonology,Southeast,147.33333333333334,69.33333333333333,True,1
1145899849,1010957193,random,EVT-0163,2024-12-13,CV_ANTICOAG_ORAL,primary care,West,271.3333333333333,108.16666666666667,True,1
1159841240,1051073538,random,EVT-0163,2024-12-13,CV_ANTICOAG_ORAL,neurology,Southeast,664.8333333333334,39.666666666666664,True,1
1168657405,1402958817,random,EVT-0163,2024-12-13,CV_ANTICOAG_ORAL,pulmonology,Southeast,72.0,124.83333333333333,True,1
1196385359,1925493359,random,EVT-0163,2024-12-13,CV_ANTICOAG_ORAL,neurology,Southwest,74.5,40.5,True,1
1198262952,1886821390,random,EVT-0163,2024-12-13,CV_ANTICOAG_ORAL,pulmonology,Northeast,262.5,51.333333333333336,True,1
1200096471,1081498101,random,EVT-0163,2024-12-13,CV_ANTICOAG_ORAL,primary care,Southeast,143.33333333333334,53.833333333333336,True,1
1216532808,1101142523,random,EVT-0163,2024-12-13,CV_ANTICOAG_ORAL,oncology,Southeast,68.5,46.833333333333336,True,1
1216575070,1064190048,random,EVT-0163,2024-12-13,CV_ANTICOAG_ORAL,primary care,Midwest,186.16666666666666,137.5,True,1
1250017203,1679813331,random,EVT-0163,2024-12-13,CV_ANTICOAG_ORAL,pulmonology,Southeast,266.1666666666667,78.0,True,1
1315385710,1246448348,random,EVT-0163,2024-12-13,CV_ANTICOAG_ORAL,primary care,Northeast,697.1666666666666,104.0,True,1
1352578078,1398789739,random,EVT-0163,2024-12-13,CV_ANTICOAG_ORAL,pulmonology,Southeast,178.16666666666666,118.33333333333333,True,1
1449331358,1601451010,random,EVT-0163,2024-12-13,CV_ANTICOAG_ORAL,pulmonology,Midwest,75.16666666666667,70.0,True,1
1555114069,1372196661,random,EVT-0163,2024-12-13,CV_ANTICOAG_ORAL,oncology,Southeast,66.66666666666667,43.5,True,1
1592062677,1835878442,random,EVT-0163,2024-12-13,CV_ANTICOAG_ORAL,neurology,Southeast,290.0,72.33333333333333,True,1
1647196991,1113953065,random,EVT-0163,2024-12-13,CV_ANTICOAG_ORAL,rheumatology,Southeast,77.5,128.66666666666666,True,1
1657025858,1181854898,random,EVT-0163,2024-12-13,CV_ANTICOAG_ORAL,endocrinology,Northeast,108.66666666666667,354.5,True,1
1666389063,1293643247,random,EVT-0163,2024-12-13,CV_ANTICOAG_ORAL,endocrinology,Midwest,109.83333333333333,200.33333333333334,True,1
1688976343,1190411649,random,EVT-0163,2024-12-13,CV_ANTICOAG_ORAL,pulmonology,Southeast,453.8333333333333,20.333333333333332,True,1
1703413967,1898803444,random,EVT-0163,2024-12-13,CV_ANTICOAG_ORAL,endocrinology,West,298.5,191.5,True,1
1704308638,1937449878,random,EVT-0163,2024-12-13,CV_ANTICOAG_ORAL,pulmonology,Southeast,182.83333333333334,20.166666666666668,True,1
1732527431,1305686507,random,EVT-0163,2024-12-13,CV_ANTICOAG_ORAL,primary care,Southeast,275.8333333333333,388.1666666666667,True,1
1742859469,1645013610,random,EVT-0163,2024-12-13,CV_ANTICOAG_ORAL,pulmonology,West,259.3333333333333,70.5,True,1
1793685516,1722502113,random,EVT-0163,2024-12-13,CV_ANTICOAG_ORAL,cardiology,Southeast,272.8333333333333,61.166666666666664,True,1
1832506087,1569475654,random,EVT-0163,2024-12-13,CV_ANTICOAG_ORAL,primary care,Midwest,663.6666666666666,66.33333333333333,True,1
1910188758,1251202242,random,EVT-0163,2024-12-13,CV_ANTICOAG_ORAL,endocrinology,Southeast,97.16666666666667,94.66666666666667,True,1
1927430854,1962911834,random,EVT-0163,2024-12-13,CV_ANTICOAG_ORAL,primary care,Southeast,461.5,161.83333333333334,True,1
1934829601,1767508967,random,EVT-0163,2024-12-13,CV_ANTICOAG_ORAL,cardiology,Midwest,306.0,95.16666666666667,True,1
1944079924,1743431961,random,EVT-0163,2024-12-13,CV_ANTICOAG_ORAL,rheumatology,Southeast,517.6666666666666,84.33333333333333,True,1
1955620046,1060922949,random,EVT-0163,2024-12-13,CV_ANTICOAG_ORAL,primary care,Southeast,386.0,82.33333333333333,True,1
1991291398,1041640354,random,EVT-0163,2024-12-13,CV_ANTICOAG_ORAL,rheumatology,Southwest,632.3333333333334,298.1666666666667,True,1
1025978341,1456937691,random,EVT-0164,2024-12-15,ENDO_BASAL_INSULIN,endocrinology,Northeast,528.1666666666666,117.66666666666667,True,1
1028436479,1736538384,random,EVT-0164,2024-12-15,ENDO_BASAL_INSULIN,endocrinology,Southwest,231.83333333333334,57.166666666666664,True,1
1137408567,1333043895,random,EVT-0164,2024-12-15,ENDO_BASAL_INSULIN,endocrinology,Northeast,716.1666666666666,190.16666666666666,True,1
1257723886,1174785596,random,EVT-0164,2024-12-15,ENDO_BASAL_INSULIN,endocrinology,Southwest,755.8333333333334,260.5,True,1
1394609428,1100495849,random,EVT-0164,2024-12-15,ENDO_BASAL_INSULIN,endocrinology,Southwest,890.1666666666666,527.3333333333334,True,1
1423753536,1749652321,random,EVT-0164,2024-12-15,ENDO_BASAL_INSULIN,endocrinology,Northeast,354.6666666666667,105.0,True,1
1630629040,1756884833,random,EVT-0164,2024-12-15,ENDO_BASAL_INSULIN,endocrinology,Southeast,170.0,137.83333333333334,True,1
1645233598,1870612441,random,EVT-0164,2024-12-15,ENDO_BASAL_INSULIN,endocrinology,Northeast,585.3333333333334,209.0,True,1
1657025858,1985816515,random,EVT-0164,2024-12-15,ENDO_BASAL_INSULIN,endocrinology,Northeast,463.3333333333333,52.666666666666664,True,1
1702497342,1473057747,random,EVT-0164,2024-12-15,ENDO_BASAL_INSULIN,endocrinology,Southeast,367.6666666666667,328.0,True,1
1740626134,1223528765,random,EVT-0164,2024-12-15,ENDO_BASAL_INSULIN,endocrinology,Southwest,211.83333333333334,124.66666666666667,True,1
1836314447,1939526327,random,EVT-0164,2024-12-15,ENDO_BASAL_INSULIN,endocrinology,Southeast,423.1666666666667,81.0,True,1
1880426881,1374898744,random,EVT-0164,2024-12-15,ENDO_BASAL_INSULIN,endocrinology,Northeast,484.8333333333333,120.66666666666667,True,1
1910188758,1012264374,random,EVT-0164,2024-12-15,ENDO_BASAL_INSULIN,endocrinology,Southeast,142.16666666666666,668.6666666666666,True,1
1964945871,1606566010,random,EVT-0164,2024-12-15,ENDO_BASAL_INSULIN,endocrinology,Northeast,404.1666666666667,65.66666666666667,True,1
1025231352,1169238601,random,EVT-0165,2024-12-19,CV_ANTICOAG_ORAL,rheumatology,Northeast,244.33333333333334,243.5,True,1
1050705288,1875708707,random,EVT-0165,2024-12-19,CV_ANTICOAG_ORAL,endocrinology,Southeast,713.6666666666666,88.16666666666667,True,1
1065091666,1026926489,random,EVT-0165,2024-12-19,CV_ANTICOAG_ORAL,endocrinology,West,140.0,277.8333333333333,True,1
1074076039,1442686543,random,EVT-0165,2024-12-19,CV_ANTICOAG_ORAL,cardiology,Southeast,203.16666666666666,50.0,True,1
1123148250,1038582841,random,EVT-0165,2024-12-19,CV_ANTICOAG_ORAL,cardiology,Southwest,279.8333333333333,58.5,True,1
1124726435,1489598965,random,EVT-0165,2024-12-19,CV_ANTICOAG_ORAL,primary care,Northeast,710.1666666666666,246.0,True,1
1126098163,1251411553,random,EVT-0165,2024-12-19,CV_ANTICOAG_ORAL,pulmonology,Southeast,147.33333333333334,64.83333333333333,True,1
1136500869,1305686507,random,EVT-0165,2024-12-19,CV_ANTICOAG_ORAL,endocrinology,Southeast,385.6666666666667,388.1666666666667,True,1
1178533166,1541379537,random,EVT-0165,2024-12-19,CV_ANTICOAG_ORAL,endocrinology,Southeast,100.66666666666667,292.1666666666667,True,1
1180932224,1808677938,random,EVT-0165,2024-12-19,CV_ANTICOAG_ORAL,primary care,Southeast,320.8333333333333,92.5,True,1
1194203331,1913683516,random,EVT-0165,2024-12-19,CV_ANTICOAG_ORAL,rheumatology,Southeast,266.0,89.33333333333333,True,1
1219516501,1149209672,random,EVT-0165,2024-12-19,CV_ANTICOAG_ORAL,endocrinology,Midwest,416.5,143.83333333333334,True,1
1238983617,1352702876,random,EVT-0165,2024-12-19,CV_ANTICOAG_ORAL,pulmonology,Southeast,172.0,88.66666666666667,True,1
1246066447,1443907526,random,EVT-0165,2024-12-19,CV_ANTICOAG_ORAL,rheumatology,Southwest,238.16666666666666,159.16666666666666,True,1
1257723886,1255569448,random,EVT-0165,2024-12-19,CV_ANTICOAG_ORAL,endocrinology,Southwest,272.3333333333333,42.666666666666664,True,1
1355374483,1181599923,random,EVT-0165,2024-12-19,CV_ANTICOAG_ORAL,primary care,West,268.1666666666667,72.16666666666667,True,1
1364458855,1200437733,random,EVT-0165,2024-12-19,CV_ANTICOAG_ORAL,endocrinology,Southeast,246.0,137.0,True,1
1375349903,1479311619,random,EVT-0165,2024-12-19,CV_ANTICOAG_ORAL,endocrinology,West,143.33333333333334,20.333333333333332,True,1
1394609428,1450226943,random,EVT-0165,2024-12-19,CV_ANTICOAG_ORAL,endocrinology,Southwest,597.6666666666666,269.5,True,1
1453128708,1001999733,random,EVT-0165,2024-12-19,CV_ANTICOAG_ORAL,endocrinology,Northeast,120.16666666666667,32.5,True,1
1475115246,1393729789,random,EVT-0165,2024-12-19,CV_ANTICOAG_ORAL,cardiology,Southeast,196.16666666666666,309.5,True,1
1518121706,1199423090,random,EVT-0165,2024-12-19,CV_ANTICOAG_ORAL,endocrinology,Southeast,228.16666666666666,44.666666666666664,True,1
1533003293,1050506165,random,EVT-0165,2024-12-19,CV_ANTICOAG_ORAL,pulmonology,Midwest,481.6666666666667,357.8333333333333,True,1
1557944620,1739712036,random,EVT-0165,2024-12-19,CV_ANTICOAG_ORAL,primary care,Southwest,708.0,177.5,True,1
1595774286,1588179048,random,EVT-0165,2024-12-19,CV_ANTICOAG_ORAL,rheumatology,Midwest,244.5,72.66666666666667,True,1
1631526641,1174238463,random,EVT-0165,2024-12-19,CV_ANTICOAG_ORAL,cardiology,Southwest,264.1666666666667,111.16666666666667,True,1
1645233598,1356707665,random,EVT-0165,2024-12-19,CV_ANTICOAG_ORAL,endocrinology,Northeast,600.1666666666666,117.5,True,1
1670701188,1642024693,random,EVT-0165,2024-12-19,CV_ANTICOAG_ORAL,cardiology,Southeast,355.8333333333333,78.33333333333333,True,1
1688976343,1237849298,random,EVT-0165,2024-12-19,CV_ANTICOAG_ORAL,pulmonology,Southeast,453.8333333333333,71.66666666666667,True,1
1713444978,1234567687,random,EVT-0165,2024-12-19,CV_ANTICOAG_ORAL,endocrinology,Midwest,814.1666666666666,127.0,True,1
1717519684,1134089733,random,EVT-0165,2024-12-19,CV_ANTICOAG_ORAL,endocrinology,Midwest,150.83333333333334,51.666666666666664,True,1
1732000645,1785926670,random,EVT-0165,2024-12-19,CV_ANTICOAG_ORAL,cardiology,Southwest,325.3333333333333,144.66666666666666,True,1
1732527431,1219591108,random,EVT-0165,2024-12-19,CV_ANTICOAG_ORAL,primary care,Southeast,275.8333333333333,53.666666666666664,True,1
1736829924,1844625859,random,EVT-0165,2024-12-19,CV_ANTICOAG_ORAL,pulmonology,Southeast,117.66666666666667,53.333333333333336,True,1
1738903891,1815549120,random,EVT-0165,2024-12-19,CV_ANTICOAG_ORAL,endocrinology,Southeast,702.5,68.83333333333333,True,1
1758794279,1388802401,random,EVT-0165,2024-12-19,CV_ANTICOAG_ORAL,endocrinology,Northeast,278.0,455.5,True,1
1779411515,1598998692,random,EVT-0165,2024-12-19,CV_ANTICOAG_ORAL,endocrinology,Midwest,158.5,104.66666666666667,True,1
1815807585,1075683551,random,EVT-0165,2024-12-19,CV_ANTICOAG_ORAL,primary care,Southeast,257.8333333333333,155.33333333333334,True,1
1862986803,1451721462,random,EVT-0165,2024-12-19,CV_ANTICOAG_ORAL,primary care,Midwest,180.0,225.16666666666666,True,1
1867204764,1499123879,random,EVT-0165,2024-12-19,CV_ANTICOAG_ORAL,pulmonology,Southeast,265.8333333333333,176.66666666666666,True,1
1885189138,1724378447,random,EVT-0165,2024-12-19,CV_ANTICOAG_ORAL,cardiology,Northeast,203.16666666666666,49.5,True,1
1910188758,1847562299,random,EVT-0165,2024-12-19,CV_ANTICOAG_ORAL,endocrinology,Southeast,97.16666666666667,51.333333333333336,True,1
1927430854,1413202163,random,EVT-0165,2024-12-19,CV_ANTICOAG_ORAL,primary care,Southeast,461.5,66.83333333333333,True,1
1955620046,1925142923,random,EVT-0165,2024-12-19,CV_ANTICOAG_ORAL,primary care,Southeast,386.0,55.666666666666664,True,1
1964945871,1944636921,random,EVT-0165,2024-12-19,CV_ANTICOAG_ORAL,endocrinology,Northeast,283.3333333333333,82.16666666666667,True,1
1704331150,1803952245,random,EVT-0165,2024-12-19,CV_ANTICOAG_ORAL,endocrinology,West,325.0,33.0,True,1
1259584955,1340345143,random,EVT-0166,2024-12-31,ONC_TARGETED_ORAL,oncology,Northeast,100.0,403.3333333333333,True,1
1407931751,1384158410,random,EVT-0166,2024-12-31,ONC_TARGETED_ORAL,oncology,Midwest,117.16666666666667,377.6666666666667,True,1
1621842156,1159301823,random,EVT-0166,2024-12-31,ONC_TARGETED_ORAL,oncology,Northeast,259.6666666666667,65.33333333333333,True,1
1679256069,1828766265,random,EVT-0166,2024-12-31,ONC_TARGETED_ORAL,oncology,Northeast,392.1666666666667,79.66666666666667,True,1
1743613295,1913683516,random,EVT-0166,2024-12-31,ONC_TARGETED_ORAL,oncology,Midwest,159.83333333333334,149.83333333333334,True,1
1893606271,1468815406,random,EVT-0166,2024-12-31,ONC_TARGETED_ORAL,oncology,Southwest,364.8333333333333,334.0,True,1
1018018261,1047406420,random,EVT-0167,2024-12-31,CV_ANTICOAG_ORAL,primary care,Northeast,373.1666666666667,84.16666666666667,True,1
1025978341,1511022174,random,EVT-0167,2024-12-31,CV_ANTICOAG_ORAL,endocrinology,Northeast,576.5,218.33333333333334,True,1
1036327983,1877046932,random,EVT-0167,2024-12-31,CV_ANTICOAG_ORAL,primary care,West,104.83333333333333,139.16666666666666,True,1
1076376403,1407902521,random,EVT-0167,2024-12-31,CV_ANTICOAG_ORAL,endocrinology,Northeast,242.16666666666666,63.666666666666664,True,1
1102089657,1335601583,random,EVT-0167,2024-12-31,CV_ANTICOAG_ORAL,primary care,Northeast,123.0,72.16666666666667,True,1
1133130363,1901453930,random,EVT-0167,2024-12-31,CV_ANTICOAG_ORAL,primary care,Northeast,234.0,47.833333333333336,True,1
1136500869,1275177768,random,EVT-0167,2024-12-31,CV_ANTICOAG_ORAL,endocrinology,Southeast,385.6666666666667,63.166666666666664,True,1
1169614082,1363342464,random,EVT-0167,2024-12-31,CV_ANTICOAG_ORAL,primary care,Midwest,85.5,604.5,True,1
1227780172,1401677194,random,EVT-0167,2024-12-31,CV_ANTICOAG_ORAL,primary care,Southwest,263.5,166.66666666666666,True,1
1237205202,1914644640,random,EVT-0167,2024-12-31,CV_ANTICOAG_ORAL,endocrinology,Northeast,84.83333333333333,211.33333333333334,True,1
1264333323,1812123887,random,EVT-0167,2024-12-31,CV_ANTICOAG_ORAL,primary care,Northeast,405.1666666666667,374.5,True,1
1268222167,1511742359,random,EVT-0167,2024-12-31,CV_ANTICOAG_ORAL,primary care,Midwest,385.6666666666667,160.5,True,1
1271768685,1536141264,random,EVT-0167,2024-12-31,CV_ANTICOAG_ORAL,primary care,Midwest,303.3333333333333,264.1666666666667,True,1
1282948292,1743431961,random,EVT-0167,2024-12-31,CV_ANTICOAG_ORAL,rheumatology,Midwest,21.833333333333332,84.33333333333333,True,1
1321405205,1250524505,random,EVT-0167,2024-12-31,CV_ANTICOAG_ORAL,primary care,West,132.33333333333334,38.5,True,1
1333393084,1703230064,random,EVT-0167,2024-12-31,CV_ANTICOAG_ORAL,primary care,Midwest,102.83333333333333,44.5,True,1
1335670091,1440623548,random,EVT-0167,2024-12-31,CV_ANTICOAG_ORAL,primary care,Midwest,358.0,182.16666666666666,True,1
1357524945,1900445093,random,EVT-0167,2024-12-31,CV_ANTICOAG_ORAL,rheumatology,Midwest,251.5,41.5,True,1
1377426493,1224230882,random,EVT-0167,2024-12-31,CV_ANTICOAG_ORAL,primary care,West,379.8333333333333,132.0,True,1
1393791409,1507378861,random,EVT-0167,2024-12-31,CV_ANTICOAG_ORAL,rheumatology,Midwest,191.33333333333334,57.833333333333336,True,1
1394609428,1105435741,random,EVT-0167,2024-12-31,CV_ANTICOAG_ORAL,endocrinology,Southwest,597.6666666666666,161.16666666666666,True,1
1397955463,1046736322,random,EVT-0167,2024-12-31,CV_ANTICOAG_ORAL,primary care,Southeast,399.5,174.5,True,1
1435949049,1743803979,random,EVT-0167,2024-12-31,CV_ANTICOAG_ORAL,rheumatology,Northeast,401.1666666666667,49.166666666666664,True,1
1436505063,1087671156,random,EVT-0167,2024-12-31,CV_ANTICOAG_ORAL,primary care,Midwest,323.0,44.5,True,1
1451968915,1731313338,random,EVT-0167,2024-12-31,CV_ANTICOAG_ORAL,primary care,Midwest,87.83333333333333,38.166666666666664,True,1
1455779946,1657655308,random,EVT-0167,2024-12-31,CV_ANTICOAG_ORAL,primary care,Southwest,602.6666666666666,66.33333333333333,True,1
1456207657,1209566128,random,EVT-0167,2024-12-31,CV_ANTICOAG_ORAL,primary care,Midwest,372.6666666666667,292.0,True,1
1484724632,1010852790,random,EVT-0167,2024-12-31,CV_ANTICOAG_ORAL,primary care,Northeast,204.66666666666666,102.0,True,1
1523498065,1811081532,random,EVT-0167,2024-12-31,CV_ANTICOAG_ORAL,primary care,Southeast,105.33333333333333,246.83333333333334,True,1
1551107307,1844625859,random,EVT-0167,2024-12-31,CV_ANTICOAG_ORAL,endocrinology,Midwest,379.0,53.333333333333336,True,1
1552813903,1779918477,random,EVT-0167,2024-12-31,CV_ANTICOAG_ORAL,primary care,Northeast,467.3333333333333,243.33333333333334,True,1
1555906795,1714021262,random,EVT-0167,2024-12-31,CV_ANTICOAG_ORAL,pulmonology,Midwest,270.6666666666667,188.0,True,1
1595774286,1083149777,random,EVT-0167,2024-12-31,CV_ANTICOAG_ORAL,rheumatology,Midwest,244.5,94.0,True,1
1610820601,1362648127,random,EVT-0167,2024-12-31,CV_ANTICOAG_ORAL,primary care,Midwest,226.83333333333334,101.0,True,1
1686880901,1761262934,random,EVT-0167,2024-12-31,CV_ANTICOAG_ORAL,primary care,West,54.166666666666664,167.5,True,1
1688976343,1722502113,random,EVT-0167,2024-12-31,CV_ANTICOAG_ORAL,pulmonology,Southeast,453.8333333333333,61.166666666666664,True,1
1689916181,1484424456,random,EVT-0167,2024-12-31,CV_ANTICOAG_ORAL,primary care,Northeast,244.5,71.83333333333333,True,1
1703413967,1393729789,random,EVT-0167,2024-12-31,CV_ANTICOAG_ORAL,endocrinology,West,298.5,309.5,True,1
1704331150,1442686543,random,EVT-0167,2024-12-31,CV_ANTICOAG_ORAL,endocrinology,West,325.0,50.0,True,1
1740626134,1971035963,random,EVT-0167,2024-12-31,CV_ANTICOAG_ORAL,endocrinology,Southwest,308.5,201.66666666666666,True,1
1747637738,1305714580,random,EVT-0167,2024-12-31,CV_ANTICOAG_ORAL,primary care,Midwest,205.0,524.6666666666666,True,1
1788421810,1352333250,random,EVT-0167,2024-12-31,CV_ANTICOAG_ORAL,neurology,Northeast,168.5,43.333333333333336,True,1
1803502636,1976509970,random,EVT-0167,2024-12-31,CV_ANTICOAG_ORAL,endocrinology,Northeast,340.8333333333333,77.0,True,1
1812815243,1893638738,random,EVT-0167,2024-12-31,CV_ANTICOAG_ORAL,primary care,Midwest,336.3333333333333,47.166666666666664,True,1
1824172013,1954971234,random,EVT-0167,2024-12-31,CV_ANTICOAG_ORAL,primary care,Midwest,399.5,74.66666666666667,True,1
1832506087,1823309871,random,EVT-0167,2024-12-31,CV_ANTICOAG_ORAL,primary care,Midwest,663.6666666666666,478.6666666666667,True,1
1836939912,1696606064,random,EVT-0167,2024-12-31,CV_ANTICOAG_ORAL,neurology,Southeast,82.33333333333333,79.83333333333333,True,1
1848624494,1195381896,random,EVT-0167,2024-12-31,CV_ANTICOAG_ORAL,primary care,Midwest,312.0,277.6666666666667,True,1
1903798589,1903521262,random,EVT-0167,2024-12-31,CV_ANTICOAG_ORAL,primary care,Southwest,306.5,35.833333333333336,True,1
1927430854,1352216182,random,EVT-0167,2024-12-31,CV_ANTICOAG_ORAL,primary care,Southeast,461.5,165.33333333333334,True,1
1934763735,1534502129,random,EVT-0167,2024-12-31,CV_ANTICOAG_ORAL,cardiology,Midwest,350.3333333333333,147.0,True,1
1937514325,1611952734,random,EVT-0167,2024-12-31,CV_ANTICOAG_ORAL,primary care,West,271.8333333333333,88.33333333333333,True,1
1042224778,1069143851,random,EVT-0168,2025-01-01,METABOLIC_GLP1_INJ,cardiology,Northeast,471.8333333333333,190.83333333333334,True,1
1044666919,1918398995,random,EVT-0168,2025-01-01,METABOLIC_GLP1_INJ,neurology,Southeast,262.6666666666667,50.333333333333336,True,1
1065091666,1933607412,random,EVT-0168,2025-01-01,METABOLIC_GLP1_INJ,endocrinology,West,238.5,118.33333333333333,True,1
1074076039,1149313383,random,EVT-0168,2025-01-01,METABOLIC_GLP1_INJ,cardiology,Southeast,329.5,97.5,True,1
1078096579,1403127461,random,EVT-0168,2025-01-01,METABOLIC_GLP1_INJ,cardiology,Midwest,168.83333333333334,18.333333333333332,True,1
1095874958,1056679651,random,EVT-0168,2025-01-01,METABOLIC_GLP1_INJ,neurology,Southeast,192.33333333333334,128.5,True,1
1123148250,1268421124,random,EVT-0168,2025-01-01,METABOLIC_GLP1_INJ,cardiology,Southwest,398.1666666666667,134.16666666666666,True,1
1213511599,1081031506,random,EVT-0168,2025-01-01,METABOLIC_GLP1_INJ,primary care,Northeast,1046.1666666666667,152.16666666666666,True,1
1241711534,1939052563,random,EVT-0168,2025-01-01,METABOLIC_GLP1_INJ,primary care,Southeast,138.66666666666666,67.83333333333333,True,1
1246448348,1657655308,random,EVT-0168,2025-01-01,METABOLIC_GLP1_INJ,cardiology,Southeast,340.0,76.83333333333333,True,1
1250474354,1611952734,random,EVT-0168,2025-01-01,METABOLIC_GLP1_INJ,pulmonology,Southeast,52.666666666666664,69.16666666666667,True,1
1263807582,1727463709,random,EVT-0168,2025-01-01,METABOLIC_GLP1_INJ,primary care,Northeast,493.1666666666667,76.0,True,1
1332369119,1925493359,random,EVT-0168,2025-01-01,METABOLIC_GLP1_INJ,cardiology,Southeast,77.83333333333333,91.0,True,1
1350739367,1477499267,random,EVT-0168,2025-01-01,METABOLIC_GLP1_INJ,cardiology,Northeast,162.33333333333334,70.0,True,1
1385532449,1262874856,random,EVT-0168,2025-01-01,METABOLIC_GLP1_INJ,primary care,Southeast,376.0,136.5,True,1
1386514024,1061387373,random,EVT-0168,2025-01-01,METABOLIC_GLP1_INJ,cardiology,West,130.5,62.833333333333336,True,1
1423152481,1498652761,random,EVT-0168,2025-01-01,METABOLIC_GLP1_INJ,primary care,Southeast,515.1666666666666,28.0,True,1
1443520683,1429777182,random,EVT-0168,2025-01-01,METABOLIC_GLP1_INJ,cardiology,Midwest,161.83333333333334,153.0,True,1
1467704312,1100495849,random,EVT-0168,2025-01-01,METABOLIC_GLP1_INJ,neurology,Northeast,197.66666666666666,564.6666666666666,True,1
1475115246,1156754057,random,EVT-0168,2025-01-01,METABOLIC_GLP1_INJ,cardiology,Southeast,209.66666666666666,117.16666666666667,True,1
1524065749,1661525075,random,EVT-0168,2025-01-01,METABOLIC_GLP1_INJ,rheumatology,Northeast,113.5,32.833333333333336,True,1
1567742360,1047406420,random,EVT-0168,2025-01-01,METABOLIC_GLP1_INJ,primary care,West,346.6666666666667,50.333333333333336,True,1
1595774286,1755292830,random,EVT-0168,2025-01-01,METABOLIC_GLP1_INJ,rheumatology,Midwest,190.16666666666666,41.666666666666664,True,1
1610177150,1898803444,random,EVT-0168,2025-01-01,METABOLIC_GLP1_INJ,cardiology,Southeast,237.16666666666666,229.33333333333334,True,1
1631526641,1831183839,random,EVT-0168,2025-01-01,METABOLIC_GLP1_INJ,cardiology,Southwest,271.5,99.16666666666667,True,1
1639269087,1304105269,random,EVT-0168,2025-01-01,METABOLIC_GLP1_INJ,primary care,Northeast,476.1666666666667,185.5,True,1
1640263392,1065674784,random,EVT-0168,2025-01-01,METABOLIC_GLP1_INJ,oncology,Southeast,152.5,94.16666666666667,True,1
1648553570,1526834563,random,EVT-0168,2025-01-01,METABOLIC_GLP1_INJ,cardiology,Southwest,817.3333333333334,199.66666666666666,True,1
1655321622,1950588461,random,EVT-0168,2025-01-01,METABOLIC_GLP1_INJ,cardiology,Northeast,119.0,94.66666666666667,True,1
1701585576,1133616429,random,EVT-0168,2025-01-01,METABOLIC_GLP1_INJ,cardiology,Southwest,167.66666666666666,78.5,True,1
1714986282,1741672111,random,EVT-0168,2025-01-01,METABOLIC_GLP1_INJ,cardiology,West,246.33333333333334,58.333333333333336,True,1
1738903891,1714021262,random,EVT-0168,2025-01-01,METABOLIC_GLP1_INJ,endocrinology,Southeast,344.5,252.16666666666666,True,1
1766730505,1767249513,random,EVT-0168,2025-01-01,METABOLIC_GLP1_INJ,cardiology,Midwest,270.3333333333333,31.833333333333332,True,1
1793685516,1257768279,random,EVT-0168,2025-01-01,METABOLIC_GLP1_INJ,cardiology,Southeast,62.0,235.33333333333334,True,1
1815807585,1251202242,random,EVT-0168,2025-01-01,METABOLIC_GLP1_INJ,primary care,Southeast,472.6666666666667,190.83333333333334,True,1
1827318308,1937526600,random,EVT-0168,2025-01-01,METABOLIC_GLP1_INJ,endocrinology,West,164.16666666666666,45.166666666666664,True,1
1862986803,1075683551,random,EVT-0168,2025-01-01,METABOLIC_GLP1_INJ,primary care,Midwest,344.6666666666667,283.0,True,1
1903798589,1306006622,random,EVT-0168,2025-01-01,METABOLIC_GLP1_INJ,primary care,Southwest,446.0,112.5,True,1
1937514325,1879821175,random,EVT-0168,2025-01-01,METABOLIC_GLP1_INJ,primary care,West,286.8333333333333,219.33333333333334,True,1
1489598965,1271711891,random,EVT-0167,2024-12-31,CV_ANTICOAG_ORAL,primary care,Southeast,246.0,47.833333333333336,True,1
1020833996,1914644640,random,EVT-0169,2025-01-06,NEURO_MIGRAINE_CGRP,neurology,Midwest,226.33333333333334,253.83333333333334,True,1
1044666919,1534239003,random,EVT-0169,2025-01-06,NEURO_MIGRAINE_CGRP,neurology,Southeast,165.16666666666666,103.83333333333333,True,1
1133616429,1325850802,random,EVT-0169,2025-01-06,NEURO_MIGRAINE_CGRP,neurology,Midwest,245.16666666666666,95.0,True,1
1159841240,1844748057,random,EVT-0169,2025-01-06,NEURO_MIGRAINE_CGRP,neurology,Southeast,850.1666666666666,230.33333333333334,True,1
1204261733,1081031506,random,EVT-0169,2025-01-06,NEURO_MIGRAINE_CGRP,neurology,Southeast,242.66666666666666,401.6666666666667,True,1
1204787067,1188509891,random,EVT-0169,2025-01-06,NEURO_MIGRAINE_CGRP,neurology,Northeast,160.5,75.66666666666667,True,1
1244876920,1974446365,random,EVT-0169,2025-01-06,NEURO_MIGRAINE_CGRP,neurology,West,84.0,142.83333333333334,True,1
1398789739,1523987174,random,EVT-0169,2025-01-06,NEURO_MIGRAINE_CGRP,neurology,Northeast,235.66666666666666,95.16666666666667,True,1
1486877065,1907112910,random,EVT-0169,2025-01-06,NEURO_MIGRAINE_CGRP,neurology,Northeast,244.0,244.33333333333334,True,1
1592062677,1934277181,random,EVT-0169,2025-01-06,NEURO_MIGRAINE_CGRP,neurology,Southeast,578.6666666666666,274.3333333333333,True,1
1025231352,1418295824,random,EVT-0170,2025-01-07,RHEUM_JAK_ORAL,rheumatology,Northeast,366.0,125.5,True,1
1073902250,1699200295,random,EVT-0170,2025-01-07,RHEUM_JAK_ORAL,rheumatology,West,381.1666666666667,158.83333333333334,True,1
1246066447,1352702876,random,EVT-0170,2025-01-07,RHEUM_JAK_ORAL,rheumatology,Southwest,574.6666666666666,173.83333333333334,True,1
1273912869,1348428750,random,EVT-0170,2025-01-07,RHEUM_JAK_ORAL,rheumatology,Northeast,324.6666666666667,119.16666666666667,True,1
1274985831,1075689749,random,EVT-0170,2025-01-07,RHEUM_JAK_ORAL,rheumatology,Southwest,345.3333333333333,559.6666666666666,True,1
1357524945,1925493359,random,EVT-0170,2025-01-07,RHEUM_JAK_ORAL,rheumatology,Midwest,1168.6666666666667,84.0,True,1
1595774286,1337789832,random,EVT-0170,2025-01-07,RHEUM_JAK_ORAL,rheumatology,Midwest,660.5,170.83333333333334,True,1
1598661571,1075683551,random,EVT-0170,2025-01-07,RHEUM_JAK_ORAL,rheumatology,Northeast,485.0,283.8333333333333,True,1
1616839134,1181599923,random,EVT-0170,2025-01-07,RHEUM_JAK_ORAL,rheumatology,Northeast,1052.3333333333333,46.666666666666664,True,1
1647196991,1187084813,random,EVT-0170,2025-01-07,RHEUM_JAK_ORAL,rheumatology,Southeast,797.0,319.3333333333333,True,1
1808310134,1955070549,random,EVT-0170,2025-01-07,RHEUM_JAK_ORAL,rheumatology,Southwest,411.5,68.66666666666667,True,1
1847082322,1696806755,random,EVT-0170,2025-01-07,RHEUM_JAK_ORAL,rheumatology,Northeast,318.5,196.83333333333334,True,1
1892307210,1759630787,random,EVT-0170,2025-01-07,RHEUM_JAK_ORAL,rheumatology,Northeast,251.83333333333334,90.16666666666667,True,1
1944079924,1010852790,random,EVT-0170,2025-01-07,RHEUM_JAK_ORAL,rheumatology,Southeast,911.8333333333334,227.33333333333334,True,1
1993874985,1418704015,random,EVT-0170,2025-01-07,RHEUM_JAK_ORAL,rheumatology,Northeast,502.5,250.83333333333334,True,1
1031568581,1526834563,random,EVT-0171,2025-01-10,PULM_ICS_LABA_INH,pulmonology,Southeast,562.1666666666666,238.5,True,1
1389574017,1960543621,random,EVT-0171,2025-01-10,PULM_ICS_LABA_INH,pulmonology,Southwest,351.6666666666667,119.0,True,1
1449331358,1293528836,random,EVT-0171,2025-01-10,PULM_ICS_LABA_INH,pulmonology,Midwest,135.0,282.8333333333333,True,1
1648626962,1501015600,random,EVT-0171,2025-01-10,PULM_ICS_LABA_INH,pulmonology,Southwest,365.1666666666667,117.83333333333333,True,1
1655727265,1710487228,random,EVT-0171,2025-01-10,PULM_ICS_LABA_INH,pulmonology,Northeast,531.3333333333334,100.83333333333333,True,1
1704308638,1713731663,random,EVT-0171,2025-01-10,PULM_ICS_LABA_INH,pulmonology,Southeast,496.5,302.0,True,1
1742859469,1838576308,random,EVT-0171,2025-01-10,PULM_ICS_LABA_INH,pulmonology,West,451.0,197.5,True,1
1889776344,1422258099,random,EVT-0171,2025-01-10,PULM_ICS_LABA_INH,pulmonology,Northeast,293.6666666666667,107.0,True,1
1002145427,1036176265,random,EVT-0172,2025-01-14,METABOLIC_GLP1_INJ,primary care,Northeast,365.5,219.0,True,1
1018018261,1222151080,random,EVT-0172,2025-01-14,METABOLIC_GLP1_INJ,primary care,Northeast,363.1666666666667,199.5,True,1
1065870788,1348428750,random,EVT-0172,2025-01-14,METABOLIC_GLP1_INJ,primary care,Southwest,251.5,33.833333333333336,True,1
1101185407,1870612441,random,EVT-0172,2025-01-14,METABOLIC_GLP1_INJ,primary care,Midwest,443.3333333333333,342.3333333333333,True,1
1144669185,1036718538,random,EVT-0172,2025-01-14,METABOLIC_GLP1_INJ,primary care,Northeast,422.3333333333333,73.33333333333333,True,1
1174238463,1407902521,random,EVT-0172,2025-01-14,METABOLIC_GLP1_INJ,primary care,Southeast,285.8333333333333,35.833333333333336,True,1
1213511599,1013443506,random,EVT-0172,2025-01-14,METABOLIC_GLP1_INJ,primary care,Northeast,1046.1666666666667,20.833333333333332,True,1
1227780172,1223528765,random,EVT-0172,2025-01-14,METABOLIC_GLP1_INJ,primary care,Southwest,206.0,93.83333333333333,True,1
1282948292,1674708775,random,EVT-0172,2025-01-14,METABOLIC_GLP1_INJ,rheumatology,Midwest,34.166666666666664,137.5,True,1
1287287258,1210642439,random,EVT-0172,2025-01-14,METABOLIC_GLP1_INJ,primary care,Midwest,558.6666666666666,156.66666666666666,True,1
1292975558,1789149345,random,EVT-0172,2025-01-14,METABOLIC_GLP1_INJ,oncology,Northeast,432.5,68.66666666666667,True,1
1296552940,1001056401,random,EVT-0172,2025-01-14,METABOLIC_GLP1_INJ,primary care,Northeast,121.83333333333333,593.5,True,1
1326516303,1877046932,random,EVT-0172,2025-01-14,METABOLIC_GLP1_INJ,oncology,Southwest,444.1666666666667,243.0,True,1
1362648127,1769198304,random,EVT-0172,2025-01-14,METABOLIC_GLP1_INJ,oncology,Northeast,36.166666666666664,25.833333333333332,True,1
1377426493,1249657408,random,EVT-0172,2025-01-14,METABOLIC_GLP1_INJ,primary care,West,335.6666666666667,185.5,True,1
1385532449,1636376422,random,EVT-0172,2025-01-14,METABOLIC_GLP1_INJ,primary care,Southeast,376.0,223.16666666666666,True,1
1418997171,1838809964,random,EVT-0172,2025-01-14,METABOLIC_GLP1_INJ,primary care,Northeast,402.0,117.0,True,1
1425340662,1922102391,random,EVT-0172,2025-01-14,METABOLIC_GLP1_INJ,primary care,Southwest,221.16666666666666,77.33333333333333,True,1
1429255973,1172835138,random,EVT-0172,2025-01-14,METABOLIC_GLP1_INJ,primary care,Midwest,167.5,164.83333333333334,True,1
1436505063,1101142523,random,EVT-0172,2025-01-14,METABOLIC_GLP1_INJ,primary care,Midwest,187.83333333333334,102.0,True,1
1494868502,1442686543,random,EVT-0172,2025-01-14,METABOLIC_GLP1_INJ,cardiology,Southeast,86.16666666666667,47.5,True,1
1509977165,1299832539,random,EVT-0172,2025-01-14,METABOLIC_GLP1_INJ,primary care,Northeast,614.1666666666666,45.5,True,1
1557944620,1132120993,random,EVT-0172,2025-01-14,METABOLIC_GLP1_INJ,primary care,Southwest,249.83333333333334,76.16666666666667,True,1
1599989245,1586730040,random,EVT-0172,2025-01-14,METABOLIC_GLP1_INJ,oncology,Northeast,96.0,29.333333333333332,True,1
1639269087,1234985764,random,EVT-0172,2025-01-14,METABOLIC_GLP1_INJ,primary care,Northeast,476.1666666666667,357.8333333333333,True,1
1644815767,1699200295,random,EVT-0172,2025-01-14,METABOLIC_GLP1_INJ,primary care,West,376.5,38.333333333333336,True,1
1707435529,1643297637,random,EVT-0172,2025-01-14,METABOLIC_GLP1_INJ,primary care,Southeast,169.5,84.83333333333333,True,1
1725623817,1708639657,random,EVT-0172,2025-01-14,METABOLIC_GLP1_INJ,primary care,Southwest,383.8333333333333,95.16666666666667,True,1
1732527431,1795350721,random,EVT-0172,2025-01-14,METABOLIC_GLP1_INJ,primary care,Southeast,522.3333333333334,250.66666666666666,True,1
1768831921,1297391371,random,EVT-0172,2025-01-14,METABOLIC_GLP1_INJ,rheumatology,Northeast,298.3333333333333,32.833333333333336,True,1
1803233885,1085047243,random,EVT-0172,2025-01-14,METABOLIC_GLP1_INJ,primary care,Southeast,488.3333333333333,41.166666666666664,True,1
1808826295,1181599923,random,EVT-0172,2025-01-14,METABOLIC_GLP1_INJ,primary care,Southeast,326.3333333333333,44.166666666666664,True,1
1812815243,1293528836,random,EVT-0172,2025-01-14,METABOLIC_GLP1_INJ,primary care,Midwest,401.0,35.666666666666664,True,1
1862986803,1458345984,random,EVT-0172,2025-01-14,METABOLIC_GLP1_INJ,primary care,Midwest,344.6666666666667,94.16666666666667,True,1
1041585906,1666152792,random,EVT-0173,2025-01-14,METABOLIC_GLP1_INJ,oncology,West,88.66666666666667,26.333333333333332,True,1
1085110611,1497642888,random,EVT-0173,2025-01-14,METABOLIC_GLP1_INJ,neurology,West,98.0,128.83333333333334,True,1
1124726435,1990401386,random,EVT-0173,2025-01-14,METABOLIC_GLP1_INJ,primary care,Northeast,955.6666666666666,62.0,True,1
1145899849,1105435741,random,EVT-0173,2025-01-14,METABOLIC_GLP1_INJ,primary care,West,144.83333333333334,97.33333333333333,True,1
1228081653,1713731663,random,EVT-0173,2025-01-14,METABOLIC_GLP1_INJ,neurology,Southeast,24.666666666666668,269.8333333333333,True,1
1229022169,1205576824,random,EVT-0173,2025-01-14,METABOLIC_GLP1_INJ,pulmonology,West,294.0,107.83333333333333,True,1
1243754490,1762971749,random,EVT-0173,2025-01-14,METABOLIC_GLP1_INJ,neurology,Northeast,238.0,87.0,True,1
1244876920,1275723975,random,EVT-0173,2025-01-14,METABOLIC_GLP1_INJ,neurology,West,28.166666666666668,77.83333333333333,True,1
1282948292,1954971234,random,EVT-0173,2025-01-14,METABOLIC_GLP1_INJ,rheumatology,Midwest,34.166666666666664,43.0,True,1
1293643247,1535323178,random,EVT-0173,2025-01-14,METABOLIC_GLP1_INJ,cardiology,Midwest,166.0,154.5,True,1
1324237324,1113953065,random,EVT-0173,2025-01-14,METABOLIC_GLP1_INJ,endocrinology,West,433.5,196.66666666666666,True,1
1327009084,1486296159,random,EVT-0173,2025-01-14,METABOLIC_GLP1_INJ,neurology,Southwest,148.0,56.166666666666664,True,1
1341556789,1425845660,random,EVT-0173,2025-01-14,METABOLIC_GLP1_INJ,cardiology,West,492.5,33.666666666666664,True,1
1413495239,1974446365,random,EVT-0173,2025-01-14,METABOLIC_GLP1_INJ,neurology,Southeast,356.0,45.166666666666664,True,1
1425340662,1939526327,random,EVT-0173,2025-01-14,METABOLIC_GLP1_INJ,primary care,Southwest,221.16666666666666,66.5,True,1
1473057747,1018861793,random,EVT-0173,2025-01-14,METABOLIC_GLP1_INJ,endocrinology,West,185.5,40.0,True,1
1551962891,1924221140,random,EVT-0173,2025-01-14,METABOLIC_GLP1_INJ,cardiology,Midwest,77.0,64.0,True,1
1567742360,1305714580,random,EVT-0173,2025-01-14,METABOLIC_GLP1_INJ,primary care,West,346.6666666666667,347.3333333333333,True,1
1592123891,1045376799,random,EVT-0173,2025-01-14,METABOLIC_GLP1_INJ,primary care,Northeast,198.33333333333334,166.0,True,1
1614978876,1739712036,random,EVT-0173,2025-01-14,METABOLIC_GLP1_INJ,cardiology,West,58.166666666666664,65.33333333333333,True,1
1639269087,1742100898,random,EVT-0173,2025-01-14,METABOLIC_GLP1_INJ,primary care,Northeast,476.1666666666667,61.0,True,1
1644815767,1752055289,random,EVT-0173,2025-01-14,METABOLIC_GLP1_INJ,primary care,West,376.5,27.333333333333332,True,1
1681501296,1788668972,random,EVT-0173,2025-01-14,METABOLIC_GLP1_INJ,pulmonology,West,52.5,89.83333333333333,True,1
1742859469,1101142523,random,EVT-0173,2025-01-14,METABOLIC_GLP1_INJ,pulmonology,West,301.0,102.0,True,1
1827318308,1271711891,random,EVT-0173,2025-01-14,METABOLIC_GLP1_INJ,endocrinology,West,164.16666666666666,22.666666666666668,True,1
1889776344,1418295824,random,EVT-0173,2025-01-14,METABOLIC_GLP1_INJ,pulmonology,Northeast,103.16666666666667,73.33333333333333,True,1
1026722938,1606566010,random,EVT-0174,2025-01-15,ENDO_BASAL_INSULIN,endocrinology,Midwest,1095.0,66.5,True,1
1050705288,1935314678,random,EVT-0174,2025-01-15,ENDO_BASAL_INSULIN,endocrinology,Southeast,971.3333333333334,247.83333333333334,True,1
1136500869,1172835138,random,EVT-0174,2025-01-15,ENDO_BASAL_INSULIN,endocrinology,Southeast,306.8333333333333,513.1666666666666,True,1
1137408567,1801662945,random,EVT-0174,2025-01-15,ENDO_BASAL_INSULIN,endocrinology,Northeast,732.1666666666666,318.3333333333333,True,1
1219516501,1939526327,random,EVT-0174,2025-01-15,ENDO_BASAL_INSULIN,endocrinology,Midwest,696.1666666666666,83.66666666666667,True,1
1267903205,1756884833,random,EVT-0174,2025-01-15,ENDO_BASAL_INSULIN,endocrinology,Midwest,124.83333333333333,134.33333333333334,True,1
1645233598,1081498101,random,EVT-0174,2025-01-15,ENDO_BASAL_INSULIN,endocrinology,Northeast,645.5,79.83333333333333,True,1
1706991829,1736538384,random,EVT-0174,2025-01-15,ENDO_BASAL_INSULIN,endocrinology,Midwest,288.6666666666667,59.666666666666664,True,1
1738903891,1200437733,random,EVT-0174,2025-01-15,ENDO_BASAL_INSULIN,endocrinology,Southeast,656.0,98.33333333333333,True,1
1746046261,1702446943,random,EVT-0174,2025-01-15,ENDO_BASAL_INSULIN,endocrinology,Northeast,262.1666666666667,232.5,True,1
1803502636,1583696442,random,EVT-0174,2025-01-15,ENDO_BASAL_INSULIN,endocrinology,Northeast,306.0,202.66666666666666,True,1
1836314447,1223528765,random,EVT-0174,2025-01-15,ENDO_BASAL_INSULIN,endocrinology,Southeast,421.8333333333333,111.0,True,1
1964945871,1095200048,random,EVT-0174,2025-01-15,ENDO_BASAL_INSULIN,endocrinology,Northeast,405.6666666666667,87.0,True,1
1002145427,1968864862,random,EVT-0175,2025-01-20,CV_ANTICOAG_ORAL,primary care,Northeast,276.1666666666667,49.833333333333336,True,1
1018018261,1364720148,random,EVT-0175,2025-01-20,CV_ANTICOAG_ORAL,primary care,Northeast,387.1666666666667,274.5,True,1
1025978341,1425845660,random,EVT-0175,2025-01-20,CV_ANTICOAG_ORAL,endocrinology,Northeast,571.3333333333334,17.833333333333332,True,1
1048976678,1743431961,random,EVT-0175,2025-01-20,CV_ANTICOAG_ORAL,primary care,Southeast,340.0,88.5,True,1
1084471394,1767249513,random,EVT-0175,2025-01-20,CV_ANTICOAG_ORAL,primary care,Northeast,119.0,300.5,True,1
1098995024,1960543621,random,EVT-0175,2025-01-20,CV_ANTICOAG_ORAL,primary care,Northeast,347.0,163.5,True,1
1101185407,1169149543,random,EVT-0175,2025-01-20,CV_ANTICOAG_ORAL,primary care,Midwest,163.0,49.833333333333336,True,1
1124726435,1880265578,random,EVT-0175,2025-01-20,CV_ANTICOAG_ORAL,primary care,Northeast,761.1666666666666,108.83333333333333,True,1
1133130363,1742100898,random,EVT-0175,2025-01-20,CV_ANTICOAG_ORAL,primary care,Northeast,251.83333333333334,41.5,True,1
1134089733,1870612441,random,EVT-0175,2025-01-20,CV_ANTICOAG_ORAL,primary care,Northeast,49.0,219.66666666666666,True,1
1138281740,1987971524,random,EVT-0175,2025-01-20,CV_ANTICOAG_ORAL,primary care,West,369.8333333333333,148.5,True,1
1159841240,1939052563,random,EVT-0175,2025-01-20,CV_ANTICOAG_ORAL,neurology,Southeast,717.5,25.666666666666668,True,1
1180932224,1715246280,random,EVT-0175,2025-01-20,CV_ANTICOAG_ORAL,primary care,Southeast,321.1666666666667,36.0,True,1
1189769080,1937526600,random,EVT-0175,2025-01-20,CV_ANTICOAG_ORAL,primary care,Northeast,382.1666666666667,32.166666666666664,True,1
1213511599,1674708775,random,EVT-0175,2025-01-20,CV_ANTICOAG_ORAL,primary care,Northeast,1243.8333333333333,588.1666666666666,True,1
1227780172,1191540602,random,EVT-0175,2025-01-20,CV_ANTICOAG_ORAL,primary care,Southwest,276.1666666666667,46.166666666666664,True,1
1238983617,1061387373,random,EVT-0175,2025-01-20,CV_ANTICOAG_ORAL,pulmonology,Southeast,171.0,33.666666666666664,True,1
1241711534,1041494554,random,EVT-0175,2025-01-20,CV_ANTICOAG_ORAL,primary care,Southeast,130.83333333333334,63.166666666666664,True,1
1259584955,1422258099,random,EVT-0175,2025-01-20,CV_ANTICOAG_ORAL,oncology,Northeast,121.66666666666667,183.5,True,1
1263807582,1372196661,random,EVT-0175,2025-01-20,CV_ANTICOAG_ORAL,primary care,Northeast,623.6666666666666,46.166666666666664,True,1
1280087226,1132792726,random,EVT-0175,2025-01-20,CV_ANTICOAG_ORAL,primary care,Northeast,539.3333333333334,148.83333333333334,True,1
1300654963,1174785596,random,EVT-0175,2025-01-20,CV_ANTICOAG_ORAL,primary care,Northeast,550.6666666666666,150.33333333333334,True,1
1315385710,1880040971,random,EVT-0175,2025-01-20,CV_ANTICOAG_ORAL,primary care,Northeast,711.5,28.0,True,1
1316743925,1172835138,random,EVT-0175,2025-01-20,CV_ANTICOAG_ORAL,primary care,Northeast,591.5,383.1666666666667,True,1
1327009084,1511022174,random,EVT-0175,2025-01-20,CV_ANTICOAG_ORAL,neurology,Southwest,120.83333333333333,222.83333333333334,True,1
1377426493,1838576308,random,EVT-0175,2025-01-20,CV_ANTICOAG_ORAL,primary care,West,388.3333333333333,87.83333333333333,True,1
1393791409,1842420535,random,EVT-0175,2025-01-20,CV_ANTICOAG_ORAL,rheumatology,Midwest,193.33333333333334,242.83333333333334,True,1
1418997171,1135650855,random,EVT-0175,2025-01-20,CV_ANTICOAG_ORAL,primary care,Northeast,324.0,72.33333333333333,True,1
1425340662,1719574174,random,EVT-0175,2025-01-20,CV_ANTICOAG_ORAL,primary care,Southwest,509.1666666666667,158.0,True,1
1443520683,1377516020,random,EVT-0175,2025-01-20,CV_ANTICOAG_ORAL,cardiology,Midwest,177.0,143.0,True,1
1456207657,1976509970,random,EVT-0175,2025-01-20,CV_ANTICOAG_ORAL,primary care,Midwest,400.3333333333333,73.5,True,1
1456299035,1047406420,random,EVT-0175,2025-01-20,CV_ANTICOAG_ORAL,primary care,Southeast,219.0,82.16666666666667,True,1
1460081361,1275443434,random,EVT-0175,2025-01-20,CV_ANTICOAG_ORAL,cardiology,Northeast,215.83333333333334,52.5,True,1
1523681389,1190411649,random,EVT-0175,2025-01-20,CV_ANTICOAG_ORAL,primary care,Midwest,95.16666666666667,20.333333333333332,True,1
1533003293,1159301823,random,EVT-0175,2025-01-20,CV_ANTICOAG_ORAL,pulmonology,Midwest,487.8333333333333,76.83333333333333,True,1
1535820066,1714021262,random,EVT-0175,2025-01-20,CV_ANTICOAG_ORAL,primary care,West,299.3333333333333,199.83333333333334,True,1
1540759788,1473494189,random,EVT-0175,2025-01-20,CV_ANTICOAG_ORAL,primary care,Midwest,154.66666666666666,94.66666666666667,True,1
1546151204,1195381896,random,EVT-0175,2025-01-20,CV_ANTICOAG_ORAL,primary care,Northeast,150.33333333333334,270.3333333333333,True,1
1552813903,1511742359,random,EVT-0175,2025-01-20,CV_ANTICOAG_ORAL,primary care,Northeast,487.5,165.5,True,1
1590869917,1251411553,random,EVT-0175,2025-01-20,CV_ANTICOAG_ORAL,primary care,Southwest,97.33333333333333,60.166666666666664,True,1
1595301304,1210642439,random,EVT-0175,2025-01-20,CV_ANTICOAG_ORAL,primary care,Southwest,118.66666666666667,520.8333333333334,True,1
1595774286,1289174306,random,EVT-0175,2025-01-20,CV_ANTICOAG_ORAL,rheumatology,Midwest,257.0,218.16666666666666,True,1
1610177150,1849328657,random,EVT-0175,2025-01-20,CV_ANTICOAG_ORAL,cardiology,Southeast,454.0,76.83333333333333,True,1
1613561947,1696806755,random,EVT-0175,2025-01-20,CV_ANTICOAG_ORAL,primary care,Southeast,302.8333333333333,67.83333333333333,True,1
1621842156,1694658844,random,EVT-0175,2025-01-20,CV_ANTICOAG_ORAL,oncology,Northeast,102.66666666666667,238.33333333333334,True,1
1644815767,1775891033,random,EVT-0175,2025-01-20,CV_ANTICOAG_ORAL,primary care,West,312.0,72.66666666666667,True,1
1655727265,1783823739,random,EVT-0175,2025-01-20,CV_ANTICOAG_ORAL,pulmonology,Northeast,242.83333333333334,485.3333333333333,True,1
1689916181,1852326267,random,EVT-0175,2025-01-20,CV_ANTICOAG_ORAL,primary care,Northeast,254.83333333333334,68.0,True,1
1710163217,1058325303,random,EVT-0175,2025-01-20,CV_ANTICOAG_ORAL,cardiology,Northeast,253.66666666666666,170.16666666666666,True,1
1732527431,1026926489,random,EVT-0175,2025-01-20,CV_ANTICOAG_ORAL,primary care,Southeast,274.8333333333333,273.5,True,1
1747032997,1018861793,random,EVT-0175,2025-01-20,CV_ANTICOAG_ORAL,primary care,Northeast,454.6666666666667,55.666666666666664,True,1
1767508967,1358340028,random,EVT-0175,2025-01-20,CV_ANTICOAG_ORAL,primary care,Northeast,101.0,144.16666666666666,True,1
1785764022,1857629178,random,EVT-0175,2025-01-20,CV_ANTICOAG_ORAL,oncology,Northeast,215.83333333333334,54.833333333333336,True,1
1808826295,1798488478,random,EVT-0175,2025-01-20,CV_ANTICOAG_ORAL,primary care,Southeast,489.5,33.666666666666664,True,1
1811081532,1566276774,random,EVT-0175,2025-01-20,CV_ANTICOAG_ORAL,oncology,Northeast,250.66666666666666,500.0,True,1
1815807585,1625192632,random,EVT-0175,2025-01-20,CV_ANTICOAG_ORAL,primary care,Southeast,268.5,141.33333333333334,True,1
1838439200,1685524518,random,EVT-0175,2025-01-20,CV_ANTICOAG_ORAL,primary care,Southeast,342.3333333333333,120.83333333333333,True,1
1848624494,1302899475,random,EVT-0175,2025-01-20,CV_ANTICOAG_ORAL,primary care,Midwest,315.6666666666667,69.66666666666667,True,1
1896554999,1412773438,random,EVT-0175,2025-01-20,CV_ANTICOAG_ORAL,primary care,West,543.5,580.6666666666666,True,1
1908168895,1871372714,random,EVT-0175,2025-01-20,CV_ANTICOAG_ORAL,primary care,Southwest,158.5,320.5,True,1
1922670785,1980850634,random,EVT-0175,2025-01-20,CV_ANTICOAG_ORAL,primary care,Southeast,502.8333333333333,49.666666666666664,True,1
1924355757,1426157339,random,EVT-0175,2025-01-20,CV_ANTICOAG_ORAL,primary care,Southwest,552.5,173.0,True,1
1944079924,1250113473,random,EVT-0175,2025-01-20,CV_ANTICOAG_ORAL,rheumatology,Southeast,538.8333333333334,45.666666666666664,True,1
1955620046,1901453930,random,EVT-0175,2025-01-20,CV_ANTICOAG_ORAL,primary care,Southeast,403.6666666666667,49.0,True,1
1009179924,1718275724,random,EVT-0176,2025-01-23,CV_ANTICOAG_ORAL,cardiology,West,343.8333333333333,19.333333333333332,True,1
1025978341,1468190701,random,EVT-0176,2025-01-23,CV_ANTICOAG_ORAL,endocrinology,Northeast,571.3333333333334,56.0,True,1
1058647219,1133042691,random,EVT-0176,2025-01-23,CV_ANTICOAG_ORAL,pulmonology,Northeast,288.6666666666667,187.0,True,1
1134509243,1812123887,random,EVT-0176,2025-01-23,CV_ANTICOAG_ORAL,pulmonology,Northeast,37.833333333333336,391.5,True,1
1273912869,1875708707,random,EVT-0176,2025-01-23,CV_ANTICOAG_ORAL,rheumatology,Northeast,154.66666666666666,92.33333333333333,True,1
1315385710,1508064668,random,EVT-0176,2025-01-23,CV_ANTICOAG_ORAL,primary care,Northeast,711.5,98.0,True,1
1389574017,1805422742,random,EVT-0176,2025-01-23,CV_ANTICOAG_ORAL,pulmonology,Southwest,325.0,268.1666666666667,True,1
1397955463,1474100561,random,EVT-0176,2025-01-23,CV_ANTICOAG_ORAL,primary care,Southeast,414.0,93.33333333333333,True,1
1423152481,1308498975,random,EVT-0176,2025-01-23,CV_ANTICOAG_ORAL,primary care,Southeast,530.5,180.16666666666666,True,1
1425340662,1140492483,random,EVT-0176,2025-01-23,CV_ANTICOAG_ORAL,primary care,Southwest,509.1666666666667,33.333333333333336,True,1
1453128708,1572180861,random,EVT-0176,2025-01-23,CV_ANTICOAG_ORAL,endocrinology,Northeast,121.83333333333333,89.5,True,1
1489598965,1902607450,random,EVT-0176,2025-01-23,CV_ANTICOAG_ORAL,primary care,Southeast,240.16666666666666,141.66666666666666,True,1
1533003293,1181360912,random,EVT-0176,2025-01-23,CV_ANTICOAG_ORAL,pulmonology,Midwest,487.8333333333333,104.5,True,1
1547244776,1012597443,random,EVT-0176,2025-01-23,CV_ANTICOAG_ORAL,pulmonology,Northeast,308.0,27.166666666666668,True,1
1567742360,1464676570,random,EVT-0176,2025-01-23,CV_ANTICOAG_ORAL,primary care,West,433.8333333333333,138.66666666666666,True,1
1592062677,1123562633,random,EVT-0176,2025-01-23,CV_ANTICOAG_ORAL,neurology,Southeast,307.3333333333333,65.66666666666667,True,1
1616839134,1657655308,random,EVT-0176,2025-01-23,CV_ANTICOAG_ORAL,rheumatology,Northeast,343.5,68.0,True,1
1635581279,1789149345,random,EVT-0176,2025-01-23,CV_ANTICOAG_ORAL,primary care,Southeast,435.5,32.833333333333336,True,1
1647196991,1001999733,random,EVT-0176,2025-01-23,CV_ANTICOAG_ORAL,rheumatology,Southeast,81.16666666666667,31.5,True,1
1647700669,1697855363,random,EVT-0176,2025-01-23,CV_ANTICOAG_ORAL,pulmonology,West,37.166666666666664,264.0,True,1
1688976343,1808677938,random,EVT-0176,2025-01-23,CV_ANTICOAG_ORAL,pulmonology,Southeast,467.8333333333333,97.83333333333333,True,1
1704308638,1082909627,random,EVT-0176,2025-01-23,CV_ANTICOAG_ORAL,pulmonology,Southeast,179.16666666666666,173.66666666666666,True,1
1707435529,1237849298,random,EVT-0176,2025-01-23,CV_ANTICOAG_ORAL,primary care,Southeast,202.5,77.0,True,1
1727463709,1656483868,random,EVT-0176,2025-01-23,CV_ANTICOAG_ORAL,cardiology,West,208.33333333333334,30.0,True,1
1738903891,1934613260,random,EVT-0176,2025-01-23,CV_ANTICOAG_ORAL,endocrinology,Southeast,729.8333333333334,132.5,True,1
1808310134,1821714619,random,EVT-0176,2025-01-23,CV_ANTICOAG_ORAL,rheumatology,Southwest,401.5,79.16666666666667,True,1
1832506087,1767249513,random,EVT-0176,2025-01-23,CV_ANTICOAG_ORAL,primary care,Midwest,730.1666666666666,300.5,True,1
1854852153,1731313338,random,EVT-0176,2025-01-23,CV_ANTICOAG_ORAL,pulmonology,Southwest,147.16666666666666,35.333333333333336,True,1
1862986803,1841542198,random,EVT-0176,2025-01-23,CV_ANTICOAG_ORAL,primary care,Midwest,186.66666666666666,88.0,True,1
1867204764,1879804551,random,EVT-0176,2025-01-23,CV_ANTICOAG_ORAL,pulmonology,Southeast,281.8333333333333,40.0,True,1
1889776344,1332815285,random,EVT-0176,2025-01-23,CV_ANTICOAG_ORAL,pulmonology,Northeast,282.5,95.33333333333333,True,1
1921646299,1830884742,random,EVT-0176,2025-01-23,CV_ANTICOAG_ORAL,neurology,Southwest,193.16666666666666,104.83333333333333,True,1
1969914385,1933607412,random,EVT-0176,2025-01-23,CV_ANTICOAG_ORAL,oncology,West,130.5,149.5,True,1
1999506508,1124890801,random,EVT-0176,2025-01-23,CV_ANTICOAG_ORAL,endocrinology,Southwest,133.5,292.5,True,1
1264333323,1798313247,random,EVT-0176,2025-01-23,CV_ANTICOAG_ORAL,primary care,Northeast,420.3333333333333,122.16666666666667,True,1
1036718538,1742974847,random,EVT-0177,2025-01-31,CV_ANTICOAG_ORAL,endocrinology,Southwest,58.166666666666664,42.333333333333336,True,1
1044666919,1058613039,random,EVT-0177,2025-01-31,CV_ANTICOAG_ORAL,neurology,Southeast,132.16666666666666,155.16666666666666,True,1
1048976678,1190411649,random,EVT-0177,2025-01-31,CV_ANTICOAG_ORAL,primary care,Southeast,340.0,20.333333333333332,True,1
1098995024,1409867656,random,EVT-0177,2025-01-31,CV_ANTICOAG_ORAL,primary care,Northeast,347.0,96.0,True,1
1200480071,1438452850,random,EVT-0177,2025-01-31,CV_ANTICOAG_ORAL,primary care,Northeast,1196.5,54.166666666666664,True,1
1204787067,1341720393,random,EVT-0177,2025-01-31,CV_ANTICOAG_ORAL,neurology,Northeast,74.33333333333333,87.16666666666667,True,1
1227780172,1340455504,random,EVT-0177,2025-01-31,CV_ANTICOAG_ORAL,primary care,Southwest,276.1666666666667,43.0,True,1
1278315217,1004543439,random,EVT-0177,2025-01-31,CV_ANTICOAG_ORAL,oncology,Midwest,90.33333333333333,129.16666666666666,True,1
1285347583,1981504099,random,EVT-0177,2025-01-31,CV_ANTICOAG_ORAL,neurology,Southwest,73.66666666666667,34.5,True,1
1300832031,1601451010,random,EVT-0177,2025-01-31,CV_ANTICOAG_ORAL,cardiology,West,287.0,71.33333333333333,True,1
1328056928,1934277181,random,EVT-0177,2025-01-31,CV_ANTICOAG_ORAL,oncology,Northeast,86.33333333333333,68.5,True,1
1341556789,1087671156,random,EVT-0177,2025-01-31,CV_ANTICOAG_ORAL,cardiology,West,1084.5,43.5,True,1
1394609428,1047406420,random,EVT-0177,2025-01-31,CV_ANTICOAG_ORAL,endocrinology,Southwest,620.6666666666666,82.16666666666667,True,1
1425340662,1572180861,random,EVT-0177,2025-01-31,CV_ANTICOAG_ORAL,primary care,Southwest,509.1666666666667,89.5,True,1
1456207657,1971097054,random,EVT-0177,2025-01-31,CV_ANTICOAG_ORAL,primary care,Midwest,400.3333333333333,112.0,True,1
1456299035,1708639657,random,EVT-0177,2025-01-31,CV_ANTICOAG_ORAL,primary care,Southeast,219.0,104.66666666666667,True,1
1555906795,1423946593,random,EVT-0177,2025-01-31,CV_ANTICOAG_ORAL,pulmonology,Midwest,263.3333333333333,157.66666666666666,True,1
1592062677,1486296159,random,EVT-0177,2025-01-31,CV_ANTICOAG_ORAL,neurology,Southeast,307.3333333333333,25.5,True,1
1595774286,1282914906,random,EVT-0177,2025-01-31,CV_ANTICOAG_ORAL,rheumatology,Midwest,257.0,37.833333333333336,True,1
1599989245,1249126917,random,EVT-0177,2025-01-31,CV_ANTICOAG_ORAL,oncology,Northeast,100.33333333333333,475.0,True,1
1616418756,1738916414,random,EVT-0177,2025-01-31,CV_ANTICOAG_ORAL,neurology,Northeast,255.66666666666666,279.5,True,1
1648553570,1713731663,random,EVT-0177,2025-01-31,CV_ANTICOAG_ORAL,cardiology,Southwest,903.8333333333334,504.0,True,1
1686880901,1072999711,random,EVT-0177,2025-01-31,CV_ANTICOAG_ORAL,primary care,West,53.5,150.16666666666666,True,1
1701585576,1977922420,random,EVT-0177,2025-01-31,CV_ANTICOAG_ORAL,cardiology,Southwest,202.16666666666666,151.83333333333334,True,1
1710163217,1001056401,random,EVT-0177,2025-01-31,CV_ANTICOAG_ORAL,cardiology,Northeast,253.66666666666666,424.6666666666667,True,1
1714986282,1713519829,random,EVT-0177,2025-01-31,CV_ANTICOAG_ORAL,cardiology,West,176.66666666666666,63.333333333333336,True,1
1725623817,1914644640,random,EVT-0177,2025-01-31,CV_ANTICOAG_ORAL,primary care,Southwest,386.6666666666667,203.83333333333334,True,1
1736829924,1655374878,random,EVT-0177,2025-01-31,CV_ANTICOAG_ORAL,pulmonology,Southeast,113.66666666666667,26.0,True,1
1806707737,1512866082,random,EVT-0177,2025-01-31,CV_ANTICOAG_ORAL,primary care,West,161.83333333333334,104.16666666666667,True,1
1854852153,1712965692,random,EVT-0177,2025-01-31,CV_ANTICOAG_ORAL,pulmonology,Southwest,147.16666666666666,105.5,True,1
1856406925,1954971234,random,EVT-0177,2025-01-31,CV_ANTICOAG_ORAL,cardiology,Northeast,176.0,74.5,True,1
1893606271,1696806755,random,EVT-0177,2025-01-31,CV_ANTICOAG_ORAL,oncology,Southwest,108.83333333333333,67.83333333333333,True,1
1949335115,1547112395,random,EVT-0177,2025-01-31,CV_ANTICOAG_ORAL,endocrinology,Southeast,235.66666666666666,51.833333333333336,True,1
1042224778,1402958817,random,EVT-0178,2025-01-31,METABOLIC_GLP1_INJ,cardiology,Northeast,471.8333333333333,192.66666666666666,True,1
1044379984,1190411649,random,EVT-0178,2025-01-31,METABOLIC_GLP1_INJ,neurology,Midwest,178.83333333333334,26.5,True,1
1050705288,1349076541,random,EVT-0178,2025-01-31,METABOLIC_GLP1_INJ,endocrinology,Southeast,243.0,24.166666666666668,True,1
1103232447,1484424456,random,EVT-0178,2025-01-31,METABOLIC_GLP1_INJ,neurology,Southwest,226.0,90.83333333333333,True,1
1159841240,1730655531,random,EVT-0178,2025-01-31,METABOLIC_GLP1_INJ,neurology,Southeast,208.16666666666666,385.6666666666667,True,1
1204261733,1546273719,random,EVT-0178,2025-01-31,METABOLIC_GLP1_INJ,neurology,Southeast,263.8333333333333,214.33333333333334,True,1
1227780172,1075683551,random,EVT-0178,2025-01-31,METABOLIC_GLP1_INJ,primary care,Southwest,206.0,283.0,True,1
1240393805,1696806755,random,EVT-0178,2025-01-31,METABOLIC_GLP1_INJ,primary care,Southeast,191.0,71.5,True,1
1257723886,1237849298,random,EVT-0178,2025-01-31,METABOLIC_GLP1_INJ,endocrinology,Southwest,90.66666666666667,79.0,True,1
1315385710,1497664510,random,EVT-0178,2025-01-31,METABOLIC_GLP1_INJ,primary care,Northeast,696.0,20.333333333333332,True,1
1326516303,1456937691,random,EVT-0178,2025-01-31,METABOLIC_GLP1_INJ,oncology,Southwest,444.1666666666667,71.16666666666667,True,1
1362560363,1622391112,random,EVT-0178,2025-01-31,METABOLIC_GLP1_INJ,cardiology,West,144.66666666666666,60.333333333333336,True,1
1364458855,1120302413,random,EVT-0178,2025-01-31,METABOLIC_GLP1_INJ,endocrinology,Southeast,140.5,38.833333333333336,True,1
1423152481,1083149777,random,EVT-0178,2025-01-31,METABOLIC_GLP1_INJ,primary care,Southeast,515.1666666666666,85.83333333333333,True,1
1455779946,1423946593,random,EVT-0178,2025-01-31,METABOLIC_GLP1_INJ,primary care,Southwest,192.0,215.0,True,1
1467704312,1596912711,random,EVT-0178,2025-01-31,METABOLIC_GLP1_INJ,neurology,Northeast,197.66666666666666,33.833333333333336,True,1
1475115246,1282327174,random,EVT-0178,2025-01-31,METABOLIC_GLP1_INJ,cardiology,Southeast,209.66666666666666,131.33333333333334,True,1
1610177150,1934277181,random,EVT-0178,2025-01-31,METABOLIC_GLP1_INJ,cardiology,Southeast,237.16666666666666,62.5,True,1
1689916181,1279684447,random,EVT-0178,2025-01-31,METABOLIC_GLP1_INJ,primary care,Northeast,393.0,49.833333333333336,True,1
1696606064,1464805419,random,EVT-0178,2025-01-31,METABOLIC_GLP1_INJ,pulmonology,West,156.66666666666666,135.33333333333334,True,1
1725623817,1045376799,random,EVT-0178,2025-01-31,METABOLIC_GLP1_INJ,primary care,Southwest,383.8333333333333,166.0,True,1
1732527431,1731313338,random,EVT-0178,2025-01-31,METABOLIC_GLP1_INJ,primary care,Southeast,522.3333333333334,47.0,True,1
1766730505,1855585794,random,EVT-0178,2025-01-31,METABOLIC_GLP1_INJ,cardiology,Midwest,270.3333333333333,28.0,True,1
1788421810,1140492483,random,EVT-0178,2025-01-31,METABOLIC_GLP1_INJ,neurology,Northeast,73.0,32.0,True,1
1808826295,1713519829,random,EVT-0178,2025-01-31,METABOLIC_GLP1_INJ,primary care,Southeast,326.3333333333333,120.16666666666667,True,1
1812815243,1943531446,random,EVT-0178,2025-01-31,METABOLIC_GLP1_INJ,primary care,Midwest,401.0,31.333333333333332,True,1
1814938340,1881781243,random,EVT-0178,2025-01-31,METABOLIC_GLP1_INJ,cardiology,Southeast,162.0,30.0,True,1
1836939912,1352702876,random,EVT-0178,2025-01-31,METABOLIC_GLP1_INJ,neurology,Southeast,126.66666666666667,87.83333333333333,True,1
1848624494,1934613260,random,EVT-0178,2025-01-31,METABOLIC_GLP1_INJ,primary care,Midwest,141.16666666666666,31.833333333333332,True,1
1922670785,1795350721,random,EVT-0178,2025-01-31,METABOLIC_GLP1_INJ,primary care,Southeast,573.1666666666666,250.66666666666666,True,1
1989798412,1304105269,random,EVT-0178,2025-01-31,METABOLIC_GLP1_INJ,primary care,Southwest,404.1666666666667,185.5,True,1
1683943777,1479311619,random,EVT-0177,2025-01-31,CV_ANTICOAG_ORAL,cardiology,West,198.5,21.166666666666668,True,1
1002145427,1939052563,random,EVT-0179,2025-02-05,PC_ANTIHYPERTENSIVE,primary care,Northeast,692.0,117.0,True,1
1048976678,1596580633,random,EVT-0179,2025-02-05,PC_ANTIHYPERTENSIVE,primary care,Southeast,673.0,38.833333333333336,True,1
1084471394,1135650855,random,EVT-0179,2025-02-05,PC_ANTIHYPERTENSIVE,primary care,Northeast,306.8333333333333,222.0,True,1
1101185407,1022312734,random,EVT-0179,2025-02-05,PC_ANTIHYPERTENSIVE,primary care,Midwest,836.5,179.66666666666666,True,1
1124726435,1685524518,random,EVT-0179,2025-02-05,PC_ANTIHYPERTENSIVE,primary care,Northeast,560.0,116.16666666666667,True,1
1170846871,1159833825,random,EVT-0179,2025-02-05,PC_ANTIHYPERTENSIVE,primary care,Southeast,548.6666666666666,462.1666666666667,True,1
1190842652,1625192632,random,EVT-0179,2025-02-05,PC_ANTIHYPERTENSIVE,primary care,Southwest,255.16666666666666,121.83333333333333,True,1
1251567115,1547660377,random,EVT-0179,2025-02-05,PC_ANTIHYPERTENSIVE,primary care,Midwest,255.5,160.16666666666666,True,1
1271768685,1124890801,random,EVT-0179,2025-02-05,PC_ANTIHYPERTENSIVE,primary care,Midwest,608.8333333333334,633.3333333333334,True,1
1300654963,1295857761,random,EVT-0179,2025-02-05,PC_ANTIHYPERTENSIVE,primary care,Northeast,277.6666666666667,114.5,True,1
1425340662,1873780039,random,EVT-0179,2025-02-05,PC_ANTIHYPERTENSIVE,primary care,Southwest,493.0,393.6666666666667,True,1
1455779946,1412773438,random,EVT-0179,2025-02-05,PC_ANTIHYPERTENSIVE,primary care,Southwest,425.3333333333333,1013.5,True,1
1456299035,1529045985,random,EVT-0179,2025-02-05,PC_ANTIHYPERTENSIVE,primary care,Southeast,281.3333333333333,160.66666666666666,True,1
1523498065,1501344612,random,EVT-0179,2025-02-05,PC_ANTIHYPERTENSIVE,primary care,Southeast,341.1666666666667,138.16666666666666,True,1
1552813903,1377516020,random,EVT-0179,2025-02-05,PC_ANTIHYPERTENSIVE,primary care,Northeast,1031.1666666666667,64.83333333333333,True,1
1595301304,1251202242,random,EVT-0179,2025-02-05,PC_ANTIHYPERTENSIVE,primary care,Southwest,525.3333333333334,287.6666666666667,True,1
1639269087,1428222503,random,EVT-0179,2025-02-05,PC_ANTIHYPERTENSIVE,primary care,Northeast,284.1666666666667,62.833333333333336,True,1
1689916181,1058325303,random,EVT-0179,2025-02-05,PC_ANTIHYPERTENSIVE,primary care,Northeast,758.6666666666666,297.3333333333333,True,1
1725623817,1101142523,random,EVT-0179,2025-02-05,PC_ANTIHYPERTENSIVE,primary care,Southwest,865.6666666666666,65.16666666666667,True,1
1732527431,1511022174,random,EVT-0179,2025-02-05,PC_ANTIHYPERTENSIVE,primary care,Southeast,481.6666666666667,339.3333333333333,True,1
1812815243,1488515010,random,EVT-0179,2025-02-05,PC_ANTIHYPERTENSIVE,primary care,Midwest,983.8333333333334,301.1666666666667,True,1
1824172013,1997693654,random,EVT-0179,2025-02-05,PC_ANTIHYPERTENSIVE,primary care,Midwest,507.6666666666667,273.6666666666667,True,1
1832506087,1506356074,random,EVT-0179,2025-02-05,PC_ANTIHYPERTENSIVE,primary care,Midwest,1237.1666666666667,205.66666666666666,True,1
1848624494,1534502129,random,EVT-0179,2025-02-05,PC_ANTIHYPERTENSIVE,primary care,Midwest,434.6666666666667,135.33333333333334,True,1
1896554999,1352216182,random,EVT-0179,2025-02-05,PC_ANTIHYPERTENSIVE,primary care,West,689.5,495.1666666666667,True,1
1924355757,1261377760,random,EVT-0179,2025-02-05,PC_ANTIHYPERTENSIVE,primary care,Southwest,578.0,295.3333333333333,True,1
1937514325,1393729789,random,EVT-0179,2025-02-05,PC_ANTIHYPERTENSIVE,primary care,West,565.8333333333334,1090.0,True,1
1159301823,1987092370,random,EVT-0180,2025-02-06,ONC_TARGETED_ORAL,oncology,West,65.16666666666667,258.6666666666667,True,1
1326905712,1745370779,random,EVT-0180,2025-02-06,ONC_TARGETED_ORAL,oncology,West,101.5,123.83333333333333,True,1
1358245029,1051073538,random,EVT-0180,2025-02-06,ONC_TARGETED_ORAL,oncology,Midwest,189.83333333333334,102.33333333333333,True,1
1640263392,1479311619,random,EVT-0180,2025-02-06,ONC_TARGETED_ORAL,oncology,Southeast,219.0,183.5,True,1
1704492101,1772776476,random,EVT-0180,2025-02-06,ONC_TARGETED_ORAL,oncology,Southeast,188.66666666666666,48.666666666666664,True,1
1811081532,1886821390,random,EVT-0180,2025-02-06,ONC_TARGETED_ORAL,oncology,Northeast,210.83333333333334,59.833333333333336,True,1
1038444141,1511742359,random,EVT-0181,2025-02-07,ONC_TARGETED_ORAL,oncology,Southeast,250.16666666666666,202.33333333333334,True,1
1120302413,1018861793,random,EVT-0181,2025-02-07,ONC_TARGETED_ORAL,oncology,Southeast,251.5,79.5,True,1
1209464480,1755292830,random,EVT-0181,2025-02-07,ONC_TARGETED_ORAL,oncology,Southeast,592.6666666666666,73.0,True,1
1216532808,1772776476,random,EVT-0181,2025-02-07,ONC_TARGETED_ORAL,oncology,Southeast,151.16666666666666,48.666666666666664,True,1
1407931751,1903521262,random,EVT-0181,2025-02-07,ONC_TARGETED_ORAL,oncology,Midwest,123.16666666666667,106.16666666666667,True,1
1480599715,1823835685,random,EVT-0181,2025-02-07,ONC_TARGETED_ORAL,oncology,Midwest,139.83333333333334,114.83333333333333,True,1
1704492101,1021834936,random,EVT-0181,2025-02-07,ONC_TARGETED_ORAL,oncology,Southeast,188.66666666666666,107.5,True,1
1758206720,1880040971,random,EVT-0181,2025-02-07,ONC_TARGETED_ORAL,oncology,Southwest,173.66666666666666,96.5,True,1
1840863041,1149209672,random,EVT-0181,2025-02-07,ONC_TARGETED_ORAL,oncology,Southeast,451.1666666666667,80.0,True,1
1009179924,1420113783,random,EVT-0182,2025-02-14,CV_ANTICOAG_ORAL,cardiology,West,337.5,52.833333333333336,True,1
1025231352,1370361275,random,EVT-0182,2025-02-14,CV_ANTICOAG_ORAL,rheumatology,Northeast,272.8333333333333,65.66666666666667,True,1
1041585906,1249126917,random,EVT-0182,2025-02-14,CV_ANTICOAG_ORAL,oncology,West,120.66666666666667,491.6666666666667,True,1
1058647219,1156551297,random,EVT-0182,2025-02-14,CV_ANTICOAG_ORAL,pulmonology,Northeast,293.5,85.5,True,1
1073902250,1944636921,random,EVT-0182,2025-02-14,CV_ANTICOAG_ORAL,rheumatology,West,248.16666666666666,81.33333333333333,True,1
1085110611,1713731663,random,EVT-0182,2025-02-14,CV_ANTICOAG_ORAL,neurology,West,109.0,528.6666666666666,True,1
1101185407,1775551348,random,EVT-0182,2025-02-14,CV_ANTICOAG_ORAL,primary care,Midwest,182.5,110.16666666666667,True,1
1133616429,1075689749,random,EVT-0182,2025-02-14,CV_ANTICOAG_ORAL,neurology,Midwest,228.33333333333334,360.5,True,1
1137408567,1870533357,random,EVT-0182,2025-02-14,CV_ANTICOAG_ORAL,endocrinology,Northeast,934.1666666666666,70.0,True,1
1144669185,1187084813,random,EVT-0182,2025-02-14,CV_ANTICOAG_ORAL,primary care,Northeast,1068.8333333333333,253.66666666666666,True,1
1159841240,1527981900,random,EVT-0182,2025-02-14,CV_ANTICOAG_ORAL,neurology,Southeast,769.6666666666666,115.0,True,1
1240190284,1377516020,random,EVT-0182,2025-02-14,CV_ANTICOAG_ORAL,oncology,Southwest,148.83333333333334,133.16666666666666,True,1
1244876920,1479078465,random,EVT-0182,2025-02-14,CV_ANTICOAG_ORAL,neurology,West,51.5,124.5,True,1
1246066447,1954971234,random,EVT-0182,2025-02-14,CV_ANTICOAG_ORAL,rheumatology,Southwest,254.16666666666666,79.0,True,1
1299418347,1769333869,random,EVT-0182,2025-02-14,CV_ANTICOAG_ORAL,cardiology,Northeast,127.0,71.83333333333333,True,1
1321405205,1306006622,random,EVT-0182,2025-02-14,CV_ANTICOAG_ORAL,primary care,West,131.0,83.33333333333333,True,1
1327009084,1325850802,random,EVT-0182,2025-02-14,CV_ANTICOAG_ORAL,neurology,Southwest,121.16666666666667,96.16666666666667,True,1
1330017819,1622391112,random,EVT-0182,2025-02-14,CV_ANTICOAG_ORAL,neurology,Southwest,302.0,45.666666666666664,True,1
1334266016,1308498975,random,EVT-0182,2025-02-14,CV_ANTICOAG_ORAL,primary care,Southwest,421.3333333333333,183.5,True,1
1409867656,1913743435,random,EVT-0182,2025-02-14,CV_ANTICOAG_ORAL,neurology,Northeast,94.5,234.83333333333334,True,1
1467704312,1722581836,random,EVT-0182,2025-02-14,CV_ANTICOAG_ORAL,neurology,Northeast,402.8333333333333,96.33333333333333,True,1
1512844550,1997693654,random,EVT-0182,2025-02-14,CV_ANTICOAG_ORAL,neurology,Southwest,165.33333333333334,182.66666666666666,True,1
1567742360,1442686543,random,EVT-0182,2025-02-14,CV_ANTICOAG_ORAL,primary care,West,455.5,52.166666666666664,True,1
1567993435,1641859123,random,EVT-0182,2025-02-14,CV_ANTICOAG_ORAL,neurology,Northeast,70.33333333333333,231.66666666666666,True,1
1592062677,1870612441,random,EVT-0182,2025-02-14,CV_ANTICOAG_ORAL,neurology,Southeast,333.1666666666667,228.33333333333334,True,1
1595301304,1181599923,random,EVT-0182,2025-02-14,CV_ANTICOAG_ORAL,primary care,Southwest,124.0,69.5,True,1
1616418756,1901453930,random,EVT-0182,2025-02-14,CV_ANTICOAG_ORAL,neurology,Northeast,263.6666666666667,46.333333333333336,True,1
1636376422,1463019459,random,EVT-0182,2025-02-14,CV_ANTICOAG_ORAL,neurology,Southwest,64.0,143.0,True,1
1644815767,1746587884,random,EVT-0182,2025-02-14,CV_ANTICOAG_ORAL,primary care,West,319.0,148.0,True,1
1683943777,1535323178,random,EVT-0182,2025-02-14,CV_ANTICOAG_ORAL,cardiology,West,201.16666666666666,199.0,True,1
1689916181,1010852790,random,EVT-0182,2025-02-14,CV_ANTICOAG_ORAL,primary care,Northeast,253.66666666666666,101.66666666666667,True,1
1704331150,1015632783,random,EVT-0182,2025-02-14,CV_ANTICOAG_ORAL,endocrinology,West,346.5,108.16666666666667,True,1
1732000645,1189244753,random,EVT-0182,2025-02-14,CV_ANTICOAG_ORAL,cardiology,Southwest,332.0,156.0,True,1
1779411515,1812123887,random,EVT-0182,2025-02-14,CV_ANTICOAG_ORAL,endocrinology,Midwest,175.0,408.5,True,1
1806707737,1132120993,random,EVT-0182,2025-02-14,CV_ANTICOAG_ORAL,primary care,West,167.33333333333334,121.83333333333333,True,1
1824149854,1257768279,random,EVT-0182,2025-02-14,CV_ANTICOAG_ORAL,neurology,Southeast,178.5,237.83333333333334,True,1
1836939912,1714021262,random,EVT-0182,2025-02-14,CV_ANTICOAG_ORAL,neurology,Southeast,89.16666666666667,203.33333333333334,True,1
1854852153,1293528836,random,EVT-0182,2025-02-14,CV_ANTICOAG_ORAL,pulmonology,Southwest,148.0,141.5,True,1
1927430854,1702446943,random,EVT-0182,2025-02-14,CV_ANTICOAG_ORAL,primary care,Southeast,522.0,61.5,True,1
1944079924,1923786978,random,EVT-0182,2025-02-14,CV_ANTICOAG_ORAL,rheumatology,Southeast,549.1666666666666,84.0,True,1
1955620046,1529873311,random,EVT-0182,2025-02-14,CV_ANTICOAG_ORAL,primary care,Southeast,432.1666666666667,58.5,True,1
1989798412,1464676570,random,EVT-0182,2025-02-14,CV_ANTICOAG_ORAL,primary care,Southwest,594.8333333333334,130.16666666666666,True,1
1991291398,1625192632,random,EVT-0182,2025-02-14,CV_ANTICOAG_ORAL,rheumatology,Southwest,665.1666666666666,136.66666666666666,True,1
1133616429,1841791217,random,EVT-0183,2025-02-17,NEURO_MIGRAINE_CGRP,neurology,Midwest,245.66666666666666,192.5,True,1
1159841240,1971035963,random,EVT-0183,2025-02-17,NEURO_MIGRAINE_CGRP,neurology,Southeast,887.8333333333334,161.83333333333334,True,1
1163199601,1534239003,random,EVT-0183,2025-02-17,NEURO_MIGRAINE_CGRP,neurology,Southwest,293.0,104.16666666666667,True,1
1204261733,1251154013,random,EVT-0183,2025-02-17,NEURO_MIGRAINE_CGRP,neurology,Southeast,251.83333333333334,46.333333333333336,True,1
1204787067,1901453930,random,EVT-0183,2025-02-17,NEURO_MIGRAINE_CGRP,neurology,Northeast,167.83333333333334,72.5,True,1
1467704312,1334266743,random,EVT-0183,2025-02-17,NEURO_MIGRAINE_CGRP,neurology,Northeast,274.8333333333333,316.0,True,1
1592062677,1765149178,random,EVT-0183,2025-02-17,NEURO_MIGRAINE_CGRP,neurology,Southeast,601.8333333333334,94.66666666666667,True,1
1616418756,1622391112,random,EVT-0183,2025-02-17,NEURO_MIGRAINE_CGRP,neurology,Northeast,252.0,79.83333333333333,True,1
1824149854,1325850802,random,EVT-0183,2025-02-17,NEURO_MIGRAINE_CGRP,neurology,Southeast,314.8333333333333,96.5,True,1
1856601467,1569475654,random,EVT-0183,2025-02-17,NEURO_MIGRAINE_CGRP,neurology,West,435.3333333333333,85.83333333333333,True,1
1921646299,1674345776,random,EVT-0183,2025-02-17,NEURO_MIGRAINE_CGRP,neurology,Southwest,705.5,298.6666666666667,True,1
1010852790,1222151080,random,EVT-0184,2025-02-17,RHEUM_JAK_ORAL,rheumatology,Southwest,245.16666666666666,143.33333333333334,True,1
1025231352,1601451010,random,EVT-0184,2025-02-17,RHEUM_JAK_ORAL,rheumatology,Northeast,371.0,271.6666666666667,True,1
1073902250,1047406420,random,EVT-0184,2025-02-17,RHEUM_JAK_ORAL,rheumatology,West,380.8333333333333,47.5,True,1
1194203331,1150502551,random,EVT-0184,2025-02-17,RHEUM_JAK_ORAL,rheumatology,Southeast,442.0,371.6666666666667,True,1
1273912869,1704216484,random,EVT-0184,2025-02-17,RHEUM_JAK_ORAL,rheumatology,Northeast,330.6666666666667,96.33333333333333,True,1
1393791409,1759630787,random,EVT-0184,2025-02-17,RHEUM_JAK_ORAL,rheumatology,Midwest,320.5,92.66666666666667,True,1
1524065749,1260690478,random,EVT-0184,2025-02-17,RHEUM_JAK_ORAL,rheumatology,Northeast,491.6666666666667,110.0,True,1
1595774286,1370361275,random,EVT-0184,2025-02-17,RHEUM_JAK_ORAL,rheumatology,Midwest,705.8333333333334,131.16666666666666,True,1
1616839134,1337789832,random,EVT-0184,2025-02-17,RHEUM_JAK_ORAL,rheumatology,Northeast,1101.5,176.5,True,1
1647196991,1602648309,random,EVT-0184,2025-02-17,RHEUM_JAK_ORAL,rheumatology,Southeast,825.8333333333334,753.1666666666666,True,1
1808310134,1922102391,random,EVT-0184,2025-02-17,RHEUM_JAK_ORAL,rheumatology,Southwest,417.5,106.0,True,1
1847082322,1739712036,random,EVT-0184,2025-02-17,RHEUM_JAK_ORAL,rheumatology,Northeast,318.8333333333333,139.33333333333334,True,1
1993874985,1337606333,random,EVT-0184,2025-02-17,RHEUM_JAK_ORAL,rheumatology,Northeast,519.6666666666666,111.83333333333333,True,1
1009179924,1016162897,random,EVT-0185,2025-02-20,CARD_HF_ARNI,cardiology,West,466.0,113.33333333333333,True,1
1120080837,1779918477,random,EVT-0185,2025-02-20,CARD_HF_ARNI,cardiology,Northeast,341.3333333333333,206.5,True,1
1123148250,1260279835,random,EVT-0185,2025-02-20,CARD_HF_ARNI,cardiology,Southwest,267.0,50.666666666666664,True,1
1302899475,1426157339,random,EVT-0185,2025-02-20,CARD_HF_ARNI,cardiology,Midwest,183.16666666666666,68.83333333333333,True,1
1323611925,1955222058,random,EVT-0185,2025-02-20,CARD_HF_ARNI,cardiology,Southwest,232.66666666666666,190.16666666666666,True,1
1341556789,1823309871,random,EVT-0185,2025-02-20,CARD_HF_ARNI,cardiology,West,1593.0,431.8333333333333,True,1
1362560363,1440538092,random,EVT-0185,2025-02-20,CARD_HF_ARNI,cardiology,West,470.1666666666667,197.66666666666666,True,1
1475115246,1056679651,random,EVT-0185,2025-02-20,CARD_HF_ARNI,cardiology,Southeast,661.5,343.8333333333333,True,1
1551962891,1880265578,random,EVT-0185,2025-02-20,CARD_HF_ARNI,cardiology,Midwest,82.83333333333333,375.1666666666667,True,1
1683943777,1860037419,random,EVT-0185,2025-02-20,CARD_HF_ARNI,cardiology,West,460.1666666666667,276.0,True,1
1722038985,1971097054,random,EVT-0185,2025-02-20,CARD_HF_ARNI,cardiology,West,328.0,230.0,True,1
1724092733,1739517849,random,EVT-0185,2025-02-20,CARD_HF_ARNI,cardiology,Northeast,614.0,103.83333333333333,True,1
1727463709,1830884742,random,EVT-0185,2025-02-20,CARD_HF_ARNI,cardiology,West,180.83333333333334,105.16666666666667,True,1
1732000645,1234567687,random,EVT-0185,2025-02-20,CARD_HF_ARNI,cardiology,Southwest,700.6666666666666,231.5,True,1
1732914373,1458345984,random,EVT-0185,2025-02-20,CARD_HF_ARNI,cardiology,West,254.16666666666666,165.16666666666666,True,1
1836894604,1199423090,random,EVT-0185,2025-02-20,CARD_HF_ARNI,cardiology,Southeast,317.5,95.0,True,1
1901019392,1219591108,random,EVT-0185,2025-02-20,CARD_HF_ARNI,cardiology,West,1179.5,100.5,True,1
1934829601,1555285877,random,EVT-0185,2025-02-20,CARD_HF_ARNI,cardiology,Midwest,508.5,122.83333333333333,True,1
1044303869,1071299832,random,EVT-0186,2025-02-22,METABOLIC_GLP1_INJ,oncology,Northeast,329.5,122.33333333333333,True,1
1200480071,1661525075,random,EVT-0186,2025-02-22,METABOLIC_GLP1_INJ,primary care,Northeast,168.0,33.833333333333336,True,1
1240190284,1594739314,random,EVT-0186,2025-02-22,METABOLIC_GLP1_INJ,oncology,Southwest,113.0,37.833333333333336,True,1
1265952337,1943531446,random,EVT-0186,2025-02-22,METABOLIC_GLP1_INJ,cardiology,Northeast,111.0,33.333333333333336,True,1
1398789739,1305714580,random,EVT-0186,2025-02-22,METABOLIC_GLP1_INJ,neurology,Northeast,107.83333333333333,346.0,True,1
1511742359,1064190048,random,EVT-0186,2025-02-22,METABOLIC_GLP1_INJ,oncology,Northeast,154.16666666666666,59.0,True,1
1536278926,1773180629,random,EVT-0186,2025-02-22,METABOLIC_GLP1_INJ,primary care,West,156.66666666666666,65.5,True,1
1683943777,1342938887,random,EVT-0186,2025-02-22,METABOLIC_GLP1_INJ,cardiology,West,410.3333333333333,42.333333333333336,True,1
1714986282,1407459696,random,EVT-0186,2025-02-22,METABOLIC_GLP1_INJ,cardiology,West,234.16666666666666,31.0,True,1
1725724532,1363342464,random,EVT-0186,2025-02-22,METABOLIC_GLP1_INJ,primary care,Northeast,449.0,715.8333333333334,True,1
1738903891,1950588461,random,EVT-0186,2025-02-22,METABOLIC_GLP1_INJ,endocrinology,Southeast,382.5,91.5,True,1
1848624494,1087671156,random,EVT-0186,2025-02-22,METABOLIC_GLP1_INJ,primary care,Midwest,146.16666666666666,21.333333333333332,True,1
1857629178,1992928436,random,EVT-0186,2025-02-22,METABOLIC_GLP1_INJ,oncology,West,75.5,57.333333333333336,True,1
1903798589,1348428750,random,EVT-0186,2025-02-22,METABOLIC_GLP1_INJ,primary care,Southwest,463.3333333333333,32.5,True,1
1991291398,1803461205,random,EVT-0186,2025-02-22,METABOLIC_GLP1_INJ,rheumatology,Southwest,248.0,23.166666666666668,True,1
1460081361,1623506957,random,EVT-0186,2025-02-22,METABOLIC_GLP1_INJ,cardiology,Northeast,390.0,76.5,True,1
1018018261,1188509891,random,EVT-0187,2025-02-24,METABOLIC_GLP1_INJ,primary care,Northeast,378.8333333333333,37.666666666666664,True,1
1050705288,1065674784,random,EVT-0187,2025-02-24,METABOLIC_GLP1_INJ,endocrinology,Southeast,259.1666666666667,94.66666666666667,True,1
1065091666,1282327174,random,EVT-0187,2025-02-24,METABOLIC_GLP1_INJ,endocrinology,West,238.0,140.0,True,1
1123148250,1448713440,random,EVT-0187,2025-02-24,METABOLIC_GLP1_INJ,cardiology,Southwest,420.1666666666667,70.33333333333333,True,1
1133616429,1420113783,random,EVT-0187,2025-02-24,METABOLIC_GLP1_INJ,neurology,Midwest,76.0,33.5,True,1
1136500869,1702446943,random,EVT-0187,2025-02-24,METABOLIC_GLP1_INJ,endocrinology,Southeast,88.5,66.0,True,1
1159841240,1167711153,random,EVT-0187,2025-02-24,METABOLIC_GLP1_INJ,neurology,Southeast,220.16666666666666,358.3333333333333,True,1
1200096471,1486296159,random,EVT-0187,2025-02-24,METABOLIC_GLP1_INJ,primary care,Southeast,134.66666666666666,57.5,True,1
1202669523,1022312734,random,EVT-0187,2025-02-24,METABOLIC_GLP1_INJ,cardiology,Midwest,332.3333333333333,57.5,True,1
1237205202,1293528836,random,EVT-0187,2025-02-24,METABOLIC_GLP1_INJ,endocrinology,Northeast,201.83333333333334,38.666666666666664,True,1
1251567115,1965430253,random,EVT-0187,2025-02-24,METABOLIC_GLP1_INJ,primary care,Midwest,196.0,26.5,True,1
1264333323,1455529317,random,EVT-0187,2025-02-24,METABOLIC_GLP1_INJ,primary care,Northeast,199.5,28.666666666666668,True,1
1324722952,1536141264,random,EVT-0187,2025-02-24,METABOLIC_GLP1_INJ,endocrinology,Northeast,52.0,98.66666666666667,True,1
1375349903,1400951004,random,EVT-0187,2025-02-24,METABOLIC_GLP1_INJ,endocrinology,West,233.83333333333334,165.33333333333334,True,1
1418997171,1598998692,random,EVT-0187,2025-02-24,METABOLIC_GLP1_INJ,primary care,Northeast,435.1666666666667,86.33333333333333,True,1
1455101661,1234567687,random,EVT-0187,2025-02-24,METABOLIC_GLP1_INJ,endocrinology,Southeast,315.5,75.33333333333333,True,1
1467704312,1282914906,random,EVT-0187,2025-02-24,METABOLIC_GLP1_INJ,neurology,Northeast,197.83333333333334,136.16666666666666,True,1
1481247389,1152018085,random,EVT-0187,2025-02-24,METABOLIC_GLP1_INJ,primary care,Southeast,504.3333333333333,118.0,True,1
1551107307,1679813331,random,EVT-0187,2025-02-24,METABOLIC_GLP1_INJ,endocrinology,Midwest,185.5,62.833333333333336,True,1
1567742360,1172835138,random,EVT-0187,2025-02-24,METABOLIC_GLP1_INJ,primary care,West,365.0,179.0,True,1
1592062677,1625192632,random,EVT-0187,2025-02-24,METABOLIC_GLP1_INJ,neurology,Southeast,209.0,87.16666666666667,True,1
1621199177,1577953643,random,EVT-0187,2025-02-24,METABOLIC_GLP1_INJ,primary care,Southeast,163.33333333333334,32.5,True,1
1645233598,1765149178,random,EVT-0187,2025-02-24,METABOLIC_GLP1_INJ,endocrinology,Northeast,618.1666666666666,58.333333333333336,True,1
1648626962,1510477734,random,EVT-0187,2025-02-24,METABOLIC_GLP1_INJ,pulmonology,Southwest,76.5,31.166666666666668,True,1
1670701188,1943531446,random,EVT-0187,2025-02-24,METABOLIC_GLP1_INJ,cardiology,Southeast,228.83333333333334,33.333333333333336,True,1
1689916181,1012597443,random,EVT-0187,2025-02-24,METABOLIC_GLP1_INJ,primary care,Northeast,401.6666666666667,38.0,True,1
1703413967,1295389203,random,EVT-0187,2025-02-24,METABOLIC_GLP1_INJ,endocrinology,West,231.5,127.33333333333333,True,1
1787619711,1333043895,random,EVT-0187,2025-02-24,METABOLIC_GLP1_INJ,cardiology,Midwest,507.1666666666667,59.833333333333336,True,1
1803502636,1479078465,random,EVT-0187,2025-02-24,METABOLIC_GLP1_INJ,endocrinology,Northeast,313.1666666666667,71.0,True,1
1841542198,1937526600,random,EVT-0187,2025-02-24,METABOLIC_GLP1_INJ,oncology,Midwest,139.66666666666666,46.166666666666664,True,1
1901019392,1738266356,random,EVT-0187,2025-02-24,METABOLIC_GLP1_INJ,cardiology,West,851.5,39.833333333333336,True,1
1924355757,1338304433,random,EVT-0187,2025-02-24,METABOLIC_GLP1_INJ,primary care,Southwest,593.5,218.0,True,1
1927430854,1596912711,random,EVT-0187,2025-02-24,METABOLIC_GLP1_INJ,primary care,Southeast,223.16666666666666,30.166666666666668,True,1
1949335115,1976509970,random,EVT-0187,2025-02-24,METABOLIC_GLP1_INJ,endocrinology,Southeast,213.16666666666666,22.833333333333332,True,1
1964945871,1580871600,random,EVT-0187,2025-02-24,METABOLIC_GLP1_INJ,endocrinology,Northeast,247.5,25.666666666666668,True,1
1993463169,1364592786,random,EVT-0187,2025-02-24,METABOLIC_GLP1_INJ,endocrinology,West,329.6666666666667,50.833333333333336,True,1
1038444141,1954971234,random,EVT-0188,2025-02-26,ONC_TARGETED_ORAL,oncology,Southeast,250.16666666666666,88.66666666666667,True,1
1340345143,1755292830,random,EVT-0188,2025-02-26,ONC_TARGETED_ORAL,oncology,Southeast,434.8333333333333,73.0,True,1
1394982015,1443260538,random,EVT-0188,2025-02-26,ONC_TARGETED_ORAL,oncology,Southeast,89.83333333333333,93.83333333333333,True,1
1640263392,1580871600,random,EVT-0188,2025-02-26,ONC_TARGETED_ORAL,oncology,Southeast,219.0,121.5,True,1
1840863041,1745370779,random,EVT-0188,2025-02-26,ONC_TARGETED_ORAL,oncology,Southeast,451.1666666666667,123.83333333333333,True,1
1031568581,1030235620,random,EVT-0189,2025-02-27,PULM_ICS_LABA_INH,pulmonology,Southeast,554.3333333333334,137.66666666666666,True,1
1198262952,1320611266,random,EVT-0189,2025-02-27,PULM_ICS_LABA_INH,pulmonology,Northeast,875.8333333333334,233.0,True,1
1238983617,1875967568,random,EVT-0189,2025-02-27,PULM_ICS_LABA_INH,pulmonology,Southeast,1275.0,441.8333333333333,True,1
1250017203,1072999711,random,EVT-0189,2025-02-27,PULM_ICS_LABA_INH,pulmonology,Southeast,200.5,126.16666666666667,True,1
1369172659,1710487228,random,EVT-0189,2025-02-27,PULM_ICS_LABA_INH,pulmonology,Southeast,107.33333333333333,93.83333333333333,True,1
1374281198,1340455504,random,EVT-0189,2025-02-27,PULM_ICS_LABA_INH,pulmonology,Southeast,125.66666666666667,98.16666666666667,True,1
1389574017,1407459696,random,EVT-0189,2025-02-27,PULM_ICS_LABA_INH,pulmonology,Southwest,381.8333333333333,98.66666666666667,True,1
1474100561,1132792726,random,EVT-0189,2025-02-27,PULM_ICS_LABA_INH,pulmonology,Midwest,106.0,152.16666666666666,True,1
1555906795,1050506165,random,EVT-0189,2025-02-27,PULM_ICS_LABA_INH,pulmonology,Midwest,617.3333333333334,385.0,True,1
1688976343,1797940958,random,EVT-0189,2025-02-27,PULM_ICS_LABA_INH,pulmonology,Southeast,356.3333333333333,74.16666666666667,True,1
1704308638,1501015600,random,EVT-0189,2025-02-27,PULM_ICS_LABA_INH,pulmonology,Southeast,492.3333333333333,117.0,True,1
1782077311,1761262934,random,EVT-0189,2025-02-27,PULM_ICS_LABA_INH,pulmonology,Southeast,125.66666666666667,300.1666666666667,True,1
1838576308,1113023042,random,EVT-0189,2025-02-27,PULM_ICS_LABA_INH,pulmonology,Southeast,203.16666666666666,184.33333333333334,True,1
1867204764,1697855363,random,EVT-0189,2025-02-27,PULM_ICS_LABA_INH,pulmonology,Southeast,462.1666666666667,290.1666666666667,True,1
1967802350,1626268928,random,EVT-0189,2025-02-27,PULM_ICS_LABA_INH,pulmonology,Midwest,150.16666666666666,379.1666666666667,True,1
1025978341,1332504376,random,EVT-0190,2025-03-01,ENDO_BASAL_INSULIN,endocrinology,Northeast,560.1666666666666,88.5,True,1
1028436479,1299832539,random,EVT-0190,2025-03-01,ENDO_BASAL_INSULIN,endocrinology,Southwest,254.33333333333334,238.83333333333334,True,1
1107038659,1095200048,random,EVT-0190,2025-03-01,ENDO_BASAL_INSULIN,endocrinology,Northeast,683.8333333333334,90.66666666666667,True,1
1136500869,1694658844,random,EVT-0190,2025-03-01,ENDO_BASAL_INSULIN,endocrinology,Southeast,314.0,402.3333333333333,True,1
1237205202,1223528765,random,EVT-0190,2025-03-01,ENDO_BASAL_INSULIN,endocrinology,Northeast,192.0,110.66666666666667,True,1
1324722952,1785926670,random,EVT-0190,2025-03-01,ENDO_BASAL_INSULIN,endocrinology,Northeast,260.5,143.16666666666666,True,1
1330156328,1507069536,random,EVT-0190,2025-03-01,ENDO_BASAL_INSULIN,endocrinology,Southwest,218.5,85.5,True,1
1394609428,1756884833,random,EVT-0190,2025-03-01,ENDO_BASAL_INSULIN,endocrinology,Southwest,970.6666666666666,131.33333333333334,True,1
1645233598,1202777359,random,EVT-0190,2025-03-01,ENDO_BASAL_INSULIN,endocrinology,Northeast,695.3333333333334,65.16666666666667,True,1
1704331150,1990401386,random,EVT-0190,2025-03-01,ENDO_BASAL_INSULIN,endocrinology,West,436.0,74.5,True,1
1713444978,1736538384,random,EVT-0190,2025-03-01,ENDO_BASAL_INSULIN,endocrinology,Midwest,495.8333333333333,64.0,True,1
1746046261,1583696442,random,EVT-0190,2025-03-01,ENDO_BASAL_INSULIN,endocrinology,Northeast,282.3333333333333,211.33333333333334,True,1
1758794279,1333043895,random,EVT-0190,2025-03-01,ENDO_BASAL_INSULIN,endocrinology,Northeast,517.5,193.0,True,1
1993463169,1400951004,random,EVT-0190,2025-03-01,ENDO_BASAL_INSULIN,endocrinology,West,292.1666666666667,457.0,True,1
1271768685,1804484495,random,EVT-0191,2025-03-03,PC_ANTIHYPERTENSIVE,primary care,Midwest,622.0,192.83333333333334,True,1
1084919582,1714021262,random,EVT-0191,2025-03-03,PC_ANTIHYPERTENSIVE,primary care,Southeast,629.1666666666666,654.6666666666666,True,1
1101185407,1511022174,random,EVT-0191,2025-03-03,PC_ANTIHYPERTENSIVE,primary care,Midwest,839.0,344.6666666666667,True,1
1144669185,1501344612,random,EVT-0191,2025-03-03,PC_ANTIHYPERTENSIVE,primary care,Northeast,1094.5,138.83333333333334,True,1
1200480071,1412773438,random,EVT-0191,2025-03-03,PC_ANTIHYPERTENSIVE,primary care,Northeast,432.5,1047.1666666666667,True,1
1264333323,1060922949,random,EVT-0191,2025-03-03,PC_ANTIHYPERTENSIVE,primary care,Northeast,880.1666666666666,163.5,True,1
1266945785,1892083019,random,EVT-0191,2025-03-03,PC_ANTIHYPERTENSIVE,primary care,West,915.8333333333334,419.0,True,1
1280087226,1393729789,random,EVT-0191,2025-03-03,PC_ANTIHYPERTENSIVE,primary care,Northeast,1441.3333333333333,1113.1666666666667,True,1
1297280590,1742100898,random,EVT-0191,2025-03-03,PC_ANTIHYPERTENSIVE,primary care,Midwest,538.1666666666666,81.33333333333333,True,1
1315385710,1922185990,random,EVT-0191,2025-03-03,PC_ANTIHYPERTENSIVE,primary care,Northeast,1658.5,73.0,True,1
1377426493,1643297637,random,EVT-0191,2025-03-03,PC_ANTIHYPERTENSIVE,primary care,West,325.8333333333333,255.83333333333334,True,1
1385532449,1473494189,random,EVT-0191,2025-03-03,PC_ANTIHYPERTENSIVE,primary care,Southeast,864.3333333333334,192.33333333333334,True,1
1418997171,1275443434,random,EVT-0191,2025-03-03,PC_ANTIHYPERTENSIVE,primary care,Northeast,768.6666666666666,223.16666666666666,True,1
1456207657,1159833825,random,EVT-0191,2025-03-03,PC_ANTIHYPERTENSIVE,primary care,Midwest,804.6666666666666,486.5,True,1
1523681389,1352216182,random,EVT-0191,2025-03-03,PC_ANTIHYPERTENSIVE,primary care,Midwest,343.0,509.6666666666667,True,1
1546151204,1364720148,random,EVT-0191,2025-03-03,PC_ANTIHYPERTENSIVE,primary care,Northeast,402.0,451.3333333333333,True,1
1592123891,1842420535,random,EVT-0191,2025-03-03,PC_ANTIHYPERTENSIVE,primary care,Northeast,1052.6666666666667,149.83333333333334,True,1
1595301304,1762971749,random,EVT-0191,2025-03-03,PC_ANTIHYPERTENSIVE,primary care,Southwest,511.8333333333333,228.5,True,1
1615059528,1512866082,random,EVT-0191,2025-03-03,PC_ANTIHYPERTENSIVE,primary care,Southeast,318.5,248.66666666666666,True,1
1639269087,1479078465,random,EVT-0191,2025-03-03,PC_ANTIHYPERTENSIVE,primary care,Northeast,279.1666666666667,147.0,True,1
1689916181,1812123887,random,EVT-0191,2025-03-03,PC_ANTIHYPERTENSIVE,primary care,Northeast,783.6666666666666,499.6666666666667,True,1
1742579091,1181360912,random,EVT-0191,2025-03-03,PC_ANTIHYPERTENSIVE,primary care,Northeast,1521.6666666666667,242.83333333333334,True,1
1767508967,1233281843,random,EVT-0191,2025-03-03,PC_ANTIHYPERTENSIVE,primary care,Northeast,437.6666666666667,143.0,True,1
1776723276,1246818524,random,EVT-0191,2025-03-03,PC_ANTIHYPERTENSIVE,primary care,Midwest,607.0,75.5,True,1
1812815243,1676855970,random,EVT-0191,2025-03-03,PC_ANTIHYPERTENSIVE,primary care,Midwest,1009.6666666666666,253.0,True,1
1832506087,1279684447,random,EVT-0191,2025-03-03,PC_ANTIHYPERTENSIVE,primary care,Midwest,1298.6666666666667,141.83333333333334,True,1
1838439200,1596580633,random,EVT-0191,2025-03-03,PC_ANTIHYPERTENSIVE,primary care,Southeast,827.8333333333334,38.333333333333336,True,1
1849328657,1219172859,random,EVT-0191,2025-03-03,PC_ANTIHYPERTENSIVE,primary care,Midwest,212.66666666666666,250.83333333333334,True,1
1922670785,1124890801,random,EVT-0191,2025-03-03,PC_ANTIHYPERTENSIVE,primary care,Southeast,515.3333333333334,629.5,True,1
1924355757,1506356074,random,EVT-0191,2025-03-03,PC_ANTIHYPERTENSIVE,primary care,Southwest,598.8333333333334,214.66666666666666,True,1
1927430854,1572180861,random,EVT-0191,2025-03-03,PC_ANTIHYPERTENSIVE,primary care,Southeast,913.5,150.16666666666666,True,1
1937514325,1166978878,random,EVT-0191,2025-03-03,PC_ANTIHYPERTENSIVE,primary care,West,579.1666666666666,71.0,True,1
1955620046,1947954388,random,EVT-0191,2025-03-03,PC_ANTIHYPERTENSIVE,primary care,Southeast,639.5,79.66666666666667,True,1
1989798412,1939052563,random,EVT-0191,2025-03-03,PC_ANTIHYPERTENSIVE,primary care,Southwest,730.0,118.0,True,1
1009179924,1458345984,random,EVT-0192,2025-03-04,CARD_HF_ARNI,cardiology,West,473.6666666666667,161.5,True,1
1123148250,1844625859,random,EVT-0192,2025-03-04,CARD_HF_ARNI,cardiology,Southwest,265.5,88.83333333333333,True,1
1169238601,1541379537,random,EVT-0192,2025-03-04,CARD_HF_ARNI,cardiology,Midwest,289.1666666666667,507.1666666666667,True,1
1299418347,1860037419,random,EVT-0192,2025-03-04,CARD_HF_ARNI,cardiology,Northeast,472.6666666666667,286.6666666666667,True,1
1368009035,1743431961,random,EVT-0192,2025-03-04,CARD_HF_ARNI,cardiology,Northeast,350.3333333333333,127.5,True,1
1610177150,1132120993,random,EVT-0192,2025-03-04,CARD_HF_ARNI,cardiology,Southeast,608.8333333333334,135.83333333333334,True,1
1631526641,1254891769,random,EVT-0192,2025-03-04,CARD_HF_ARNI,cardiology,Southwest,256.0,78.66666666666667,True,1
1648553570,1426157339,random,EVT-0192,2025-03-04,CARD_HF_ARNI,cardiology,Southwest,514.5,74.66666666666667,True,1
1683943777,1721743411,random,EVT-0192,2025-03-04,CARD_HF_ARNI,cardiology,West,464.8333333333333,41.833333333333336,True,1
1701585576,1138208594,random,EVT-0192,2025-03-04,CARD_HF_ARNI,cardiology,Southwest,553.5,414.0,True,1
1714986282,1878312481,random,EVT-0192,2025-03-04,CARD_HF_ARNI,cardiology,West,236.83333333333334,156.33333333333334,True,1
1722038985,1120914548,random,EVT-0192,2025-03-04,CARD_HF_ARNI,cardiology,West,326.5,428.0,True,1
1732000645,1977922420,random,EVT-0192,2025-03-04,CARD_HF_ARNI,cardiology,Southwest,711.1666666666666,274.8333333333333,True,1
1933607412,1713519829,random,EVT-0192,2025-03-04,CARD_HF_ARNI,cardiology,West,214.16666666666666,155.5,True,1
1934829601,1555285877,random,EVT-0192,2025-03-04,CARD_HF_ARNI,cardiology,Midwest,533.8333333333334,121.83333333333333,True,1
1969108517,1331020234,random,EVT-0192,2025-03-04,CARD_HF_ARNI,cardiology,Midwest,221.0,484.1666666666667,True,1
1934763735,1847562299,random,EVT-0192,2025-03-04,CARD_HF_ARNI,cardiology,Midwest,200.66666666666666,144.0,True,1
1050506165,1369949932,random,EVT-0193,2025-03-07,METABOLIC_GLP1_INJ,pulmonology,Southeast,95.5,94.83333333333333,True,1
1073902250,1405577143,random,EVT-0193,2025-03-07,METABOLIC_GLP1_INJ,rheumatology,West,221.5,214.66666666666666,True,1
1075036339,1950588461,random,EVT-0193,2025-03-07,METABOLIC_GLP1_INJ,pulmonology,West,30.833333333333332,95.33333333333333,True,1
1133130363,1124890801,random,EVT-0193,2025-03-07,METABOLIC_GLP1_INJ,primary care,Northeast,609.1666666666666,102.16666666666667,True,1
1139166684,1128902750,random,EVT-0193,2025-03-07,METABOLIC_GLP1_INJ,pulmonology,Midwest,174.66666666666666,80.0,True,1
1159841240,1601451010,random,EVT-0193,2025-03-07,METABOLIC_GLP1_INJ,neurology,Southeast,243.0,128.0,True,1
1200480071,1598998692,random,EVT-0193,2025-03-07,METABOLIC_GLP1_INJ,primary care,Northeast,171.33333333333334,83.83333333333333,True,1
1330017819,1377516020,random,EVT-0193,2025-03-07,METABOLIC_GLP1_INJ,neurology,Southwest,973.8333333333334,70.16666666666667,True,1
1385532449,1275443434,random,EVT-0193,2025-03-07,METABOLIC_GLP1_INJ,primary care,Southeast,393.0,48.833333333333336,True,1
1386514024,1674708775,random,EVT-0193,2025-03-07,METABOLIC_GLP1_INJ,cardiology,West,143.66666666666666,152.83333333333334,True,1
1394609428,1012264374,random,EVT-0193,2025-03-07,METABOLIC_GLP1_INJ,endocrinology,Southwest,583.0,490.1666666666667,True,1
1397955463,1713731663,random,EVT-0193,2025-03-07,METABOLIC_GLP1_INJ,primary care,Southeast,894.1666666666666,311.0,True,1
1429255973,1410468163,random,EVT-0193,2025-03-07,METABOLIC_GLP1_INJ,primary care,Midwest,180.83333333333334,116.0,True,1
1433980129,1364720148,random,EVT-0193,2025-03-07,METABOLIC_GLP1_INJ,pulmonology,Northeast,247.33333333333334,561.8333333333334,True,1
1443551811,1637550512,random,EVT-0193,2025-03-07,METABOLIC_GLP1_INJ,neurology,Southwest,118.33333333333333,30.0,True,1
1488515010,1566888198,random,EVT-0193,2025-03-07,METABOLIC_GLP1_INJ,primary care,Midwest,277.3333333333333,147.5,True,1
1509977165,1058613039,random,EVT-0193,2025-03-07,METABOLIC_GLP1_INJ,primary care,Northeast,662.8333333333334,121.66666666666667,True,1
1592062677,1169149543,random,EVT-0193,2025-03-07,METABOLIC_GLP1_INJ,neurology,Southeast,211.33333333333334,36.0,True,1
1621842156,1260279835,random,EVT-0193,2025-03-07,METABOLIC_GLP1_INJ,oncology,Northeast,111.16666666666667,68.16666666666667,True,1
1643343233,1337606333,random,EVT-0193,2025-03-07,METABOLIC_GLP1_INJ,rheumatology,Southeast,141.66666666666666,72.5,True,1
1747032997,1939052563,random,EVT-0193,2025-03-07,METABOLIC_GLP1_INJ,primary care,Northeast,307.5,64.83333333333333,True,1
1815807585,1354344503,random,EVT-0193,2025-03-07,METABOLIC_GLP1_INJ,primary care,Southeast,571.1666666666666,67.5,True,1
1824149854,1425171802,random,EVT-0193,2025-03-07,METABOLIC_GLP1_INJ,neurology,Southeast,176.0,65.83333333333333,True,1
1927430854,1060922949,random,EVT-0193,2025-03-07,METABOLIC_GLP1_INJ,primary care,Southeast,249.66666666666666,56.166666666666664,True,1
1964945871,1535323178,random,EVT-0193,2025-03-07,METABOLIC_GLP1_INJ,endocrinology,Northeast,242.16666666666666,153.83333333333334,True,1
1995404856,1974446365,random,EVT-0193,2025-03-07,METABOLIC_GLP1_INJ,endocrinology,Northeast,253.16666666666666,47.666666666666664,True,1
1044666919,1987971524,random,EVT-0194,2025-03-13,NEURO_MIGRAINE_CGRP,neurology,Southeast,172.0,82.0,True,1
1133616429,1045376799,random,EVT-0194,2025-03-13,NEURO_MIGRAINE_CGRP,neurology,Midwest,255.83333333333334,432.0,True,1
1204261733,1815549120,random,EVT-0194,2025-03-13,NEURO_MIGRAINE_CGRP,neurology,Southeast,260.1666666666667,119.66666666666667,True,1
1443551811,1697719783,random,EVT-0194,2025-03-13,NEURO_MIGRAINE_CGRP,neurology,Southwest,205.0,337.5,True,1
1467704312,1190411649,random,EVT-0194,2025-03-13,NEURO_MIGRAINE_CGRP,neurology,Northeast,269.3333333333333,58.333333333333336,True,1
1561159348,1976509970,random,EVT-0194,2025-03-13,NEURO_MIGRAINE_CGRP,neurology,Northeast,207.33333333333334,63.333333333333336,True,1
1567993435,1569475654,random,EVT-0194,2025-03-13,NEURO_MIGRAINE_CGRP,neurology,Northeast,303.0,85.16666666666667,True,1
1616418756,1128902750,random,EVT-0194,2025-03-13,NEURO_MIGRAINE_CGRP,neurology,Northeast,248.0,110.0,True,1
1635476009,1803952245,random,EVT-0194,2025-03-13,NEURO_MIGRAINE_CGRP,neurology,Northeast,319.8333333333333,119.0,True,1
1636376422,1012597443,random,EVT-0194,2025-03-13,NEURO_MIGRAINE_CGRP,neurology,Southwest,287.8333333333333,131.33333333333334,True,1
1674345776,1821714619,random,EVT-0194,2025-03-13,NEURO_MIGRAINE_CGRP,neurology,Midwest,294.5,99.66666666666667,True,1
1712965692,1618352078,random,EVT-0194,2025-03-13,NEURO_MIGRAINE_CGRP,neurology,West,294.3333333333333,209.33333333333334,True,1
1719574174,1718275724,random,EVT-0194,2025-03-13,NEURO_MIGRAINE_CGRP,neurology,Midwest,150.33333333333334,111.66666666666667,True,1
1893020424,1974446365,random,EVT-0194,2025-03-13,NEURO_MIGRAINE_CGRP,neurology,Midwest,148.66666666666666,146.0,True,1
1921646299,1666152792,random,EVT-0194,2025-03-13,NEURO_MIGRAINE_CGRP,neurology,Southwest,748.8333333333334,110.0,True,1
1009179924,1363342464,random,EVT-0195,2025-03-19,CV_ANTICOAG_ORAL,cardiology,West,355.8333333333333,673.8333333333334,True,1
1025231352,1990264784,random,EVT-0195,2025-03-19,CV_ANTICOAG_ORAL,rheumatology,Northeast,282.8333333333333,43.166666666666664,True,1
1036718538,1249657408,random,EVT-0195,2025-03-19,CV_ANTICOAG_ORAL,endocrinology,Southwest,57.833333333333336,245.83333333333334,True,1
1040239976,1416978082,random,EVT-0195,2025-03-19,CV_ANTICOAG_ORAL,rheumatology,Northeast,130.66666666666666,120.5,True,1
1044303869,1022312734,random,EVT-0195,2025-03-19,CV_ANTICOAG_ORAL,oncology,Northeast,106.16666666666667,134.16666666666666,True,1
1050506165,1588179048,random,EVT-0195,2025-03-19,CV_ANTICOAG_ORAL,pulmonology,Southeast,379.1666666666667,65.16666666666667,True,1
1120080837,1721743411,random,EVT-0195,2025-03-19,CV_ANTICOAG_ORAL,cardiology,Northeast,224.66666666666666,49.666666666666664,True,1
1167711153,1449657976,random,EVT-0195,2025-03-19,CV_ANTICOAG_ORAL,cardiology,Northeast,147.33333333333334,15.5,True,1
1273912869,1135650855,random,EVT-0195,2025-03-19,CV_ANTICOAG_ORAL,rheumatology,Northeast,164.83333333333334,80.33333333333333,True,1
1280087226,1506746308,random,EVT-0195,2025-03-19,CV_ANTICOAG_ORAL,primary care,Northeast,592.0,88.5,True,1
1328056928,1873780039,random,EVT-0195,2025-03-19,CV_ANTICOAG_ORAL,oncology,Northeast,89.16666666666667,277.8333333333333,True,1
1361521440,1965430253,random,EVT-0195,2025-03-19,CV_ANTICOAG_ORAL,endocrinology,Midwest,165.16666666666666,63.5,True,1
1362648127,1773180629,random,EVT-0195,2025-03-19,CV_ANTICOAG_ORAL,oncology,Northeast,104.16666666666667,344.1666666666667,True,1
1413519731,1251154013,random,EVT-0195,2025-03-19,CV_ANTICOAG_ORAL,primary care,Southwest,1081.5,31.0,True,1
1548035017,1618334340,random,EVT-0195,2025-03-19,CV_ANTICOAG_ORAL,neurology,Northeast,146.16666666666666,41.333333333333336,True,1
1567742360,1973275377,random,EVT-0195,2025-03-19,CV_ANTICOAG_ORAL,primary care,West,481.6666666666667,111.83333333333333,True,1
1645233598,1285520676,random,EVT-0195,2025-03-19,CV_ANTICOAG_ORAL,endocrinology,Northeast,690.1666666666666,59.166666666666664,True,1
1657725655,1567823350,random,EVT-0195,2025-03-19,CV_ANTICOAG_ORAL,cardiology,West,451.3333333333333,38.333333333333336,True,1
1674102136,1547112395,random,EVT-0195,2025-03-19,CV_ANTICOAG_ORAL,primary care,Northeast,84.16666666666667,55.0,True,1
1768831921,1757283357,random,EVT-0195,2025-03-19,CV_ANTICOAG_ORAL,rheumatology,Northeast,108.0,127.33333333333333,True,1
1832506087,1875967568,random,EVT-0195,2025-03-19,CV_ANTICOAG_ORAL,primary care,Midwest,805.0,229.66666666666666,True,1
1885189138,1224230882,random,EVT-0195,2025-03-19,CV_ANTICOAG_ORAL,cardiology,Northeast,216.16666666666666,147.83333333333334,True,1
1002145427,1695082515,random,EVT-0196,2025-03-22,METABOLIC_GLP1_INJ,primary care,Northeast,400.3333333333333,61.0,True,1
1011940271,1739712036,random,EVT-0196,2025-03-22,METABOLIC_GLP1_INJ,endocrinology,Northeast,119.83333333333333,65.0,True,1
1025231352,1852326267,random,EVT-0196,2025-03-22,METABOLIC_GLP1_INJ,rheumatology,Northeast,628.3333333333334,123.0,True,1
1050705288,1977228745,random,EVT-0196,2025-03-22,METABOLIC_GLP1_INJ,endocrinology,Southeast,269.3333333333333,136.5,True,1
1081031506,1741672111,random,EVT-0196,2025-03-22,METABOLIC_GLP1_INJ,neurology,Southwest,153.66666666666666,57.5,True,1
1137408567,1497642888,random,EVT-0196,2025-03-22,METABOLIC_GLP1_INJ,endocrinology,Northeast,511.0,133.16666666666666,True,1
1144669185,1706770306,random,EVT-0196,2025-03-22,METABOLIC_GLP1_INJ,primary care,Northeast,467.6666666666667,57.166666666666664,True,1
1174785596,1335912683,random,EVT-0196,2025-03-22,METABOLIC_GLP1_INJ,endocrinology,Northeast,181.83333333333334,82.33333333333333,True,1
1280087226,1934613260,random,EVT-0196,2025-03-22,METABOLIC_GLP1_INJ,primary care,Northeast,1235.5,31.333333333333332,True,1
1316743925,1199423090,random,EVT-0196,2025-03-22,METABOLIC_GLP1_INJ,primary care,Northeast,366.6666666666667,35.666666666666664,True,1
1324722952,1402934529,random,EVT-0196,2025-03-22,METABOLIC_GLP1_INJ,endocrinology,Northeast,54.833333333333336,107.16666666666667,True,1
1492077734,1536141264,random,EVT-0196,2025-03-22,METABOLIC_GLP1_INJ,cardiology,Midwest,308.8333333333333,103.83333333333333,True,1
1533003293,1191545544,random,EVT-0196,2025-03-22,METABOLIC_GLP1_INJ,pulmonology,Midwest,192.5,367.0,True,1
1552813903,1577953643,random,EVT-0196,2025-03-22,METABOLIC_GLP1_INJ,primary care,Northeast,332.8333333333333,34.833333333333336,True,1
1590337907,1390158669,random,EVT-0196,2025-03-22,METABOLIC_GLP1_INJ,rheumatology,Northeast,246.0,46.5,True,1
1592123891,1566888198,random,EVT-0196,2025-03-22,METABOLIC_GLP1_INJ,primary care,Northeast,228.66666666666666,147.5,True,1
1598661571,1403127461,random,EVT-0196,2025-03-22,METABOLIC_GLP1_INJ,rheumatology,Northeast,134.33333333333334,21.833333333333332,True,1
1645233598,1087671156,random,EVT-0196,2025-03-22,METABOLIC_GLP1_INJ,endocrinology,Northeast,619.6666666666666,23.333333333333332,True,1
1657025858,1331020234,random,EVT-0196,2025-03-22,METABOLIC_GLP1_INJ,endocrinology,Northeast,180.5,268.6666666666667,True,1
1704331150,1512866082,random,EVT-0196,2025-03-22,METABOLIC_GLP1_INJ,endocrinology,West,320.1666666666667,90.83333333333333,True,1
1706991829,1685524518,random,EVT-0196,2025-03-22,METABOLIC_GLP1_INJ,endocrinology,Midwest,90.0,98.33333333333333,True,1
1758794279,1643297637,random,EVT-0196,2025-03-22,METABOLIC_GLP1_INJ,endocrinology,Northeast,378.8333333333333,87.33333333333333,True,1
1768225918,1448713440,random,EVT-0196,2025-03-22,METABOLIC_GLP1_INJ,endocrinology,Midwest,132.83333333333334,70.66666666666667,True,1
1903798589,1645013610,random,EVT-0196,2025-03-22,METABOLIC_GLP1_INJ,primary care,Southwest,482.0,49.0,True,1
1944079924,1224230882,random,EVT-0196,2025-03-22,METABOLIC_GLP1_INJ,rheumatology,Southeast,169.83333333333334,91.66666666666667,True,1
1993463169,1973275377,random,EVT-0196,2025-03-22,METABOLIC_GLP1_INJ,endocrinology,West,344.5,75.16666666666667,True,1
1025231352,1902607450,random,EVT-0197,2025-03-23,RHEUM_JAK_ORAL,rheumatology,Northeast,385.1666666666667,109.33333333333333,True,1
1199976907,1047406420,random,EVT-0197,2025-03-23,RHEUM_JAK_ORAL,rheumatology,Northeast,320.8333333333333,44.5,True,1
1246066447,1158498141,random,EVT-0197,2025-03-23,RHEUM_JAK_ORAL,rheumatology,Southwest,626.3333333333334,83.83333333333333,True,1
1273912869,1501563039,random,EVT-0197,2025-03-23,RHEUM_JAK_ORAL,rheumatology,Northeast,319.1666666666667,145.83333333333334,True,1
1402958817,1699200295,random,EVT-0197,2025-03-23,RHEUM_JAK_ORAL,rheumatology,West,305.1666666666667,153.33333333333334,True,1
1524065749,1121962926,random,EVT-0197,2025-03-23,RHEUM_JAK_ORAL,rheumatology,Northeast,511.1666666666667,447.3333333333333,True,1
1598661571,1279507085,random,EVT-0197,2025-03-23,RHEUM_JAK_ORAL,rheumatology,Northeast,510.8333333333333,452.0,True,1
1647196991,1925493359,random,EVT-0197,2025-03-23,RHEUM_JAK_ORAL,rheumatology,Southeast,843.1666666666666,79.33333333333333,True,1
1892307210,1457999534,random,EVT-0197,2025-03-23,RHEUM_JAK_ORAL,rheumatology,Northeast,279.8333333333333,114.5,True,1
1386514024,1376656900,random,EVT-0199,2025-03-25,CARD_HF_ARNI,cardiology,West,369.3333333333333,339.3333333333333,True,1
1101185407,1798313247,random,EVT-0198,2025-03-24,CV_ANTICOAG_ORAL,primary care,Midwest,187.16666666666666,127.0,True,1
1132120993,1812123887,random,EVT-0198,2025-03-24,CV_ANTICOAG_ORAL,cardiology,Northeast,123.33333333333333,416.8333333333333,True,1
1166368237,1293528836,random,EVT-0198,2025-03-24,CV_ANTICOAG_ORAL,primary care,Southwest,260.6666666666667,145.0,True,1
1180932224,1364592786,random,EVT-0198,2025-03-24,CV_ANTICOAG_ORAL,primary care,Southeast,368.3333333333333,57.333333333333336,True,1
1271463741,1759630787,random,EVT-0198,2025-03-24,CV_ANTICOAG_ORAL,primary care,West,99.33333333333333,67.16666666666667,True,1
1280087226,1257768279,random,EVT-0198,2025-03-24,CV_ANTICOAG_ORAL,primary care,Northeast,592.0,244.5,True,1
1287287258,1742318383,random,EVT-0198,2025-03-24,CV_ANTICOAG_ORAL,primary care,Midwest,339.8333333333333,134.0,True,1
1296552940,1401677194,random,EVT-0198,2025-03-24,CV_ANTICOAG_ORAL,primary care,Northeast,67.16666666666667,174.66666666666666,True,1
1315385710,1501563039,random,EVT-0198,2025-03-24,CV_ANTICOAG_ORAL,primary care,Northeast,799.6666666666666,168.5,True,1
1377426493,1785926670,random,EVT-0198,2025-03-24,CV_ANTICOAG_ORAL,primary care,West,393.3333333333333,147.33333333333334,True,1
1425610817,1714021262,random,EVT-0198,2025-03-24,CV_ANTICOAG_ORAL,primary care,Southeast,76.83333333333333,210.5,True,1
1486296159,1275177768,random,EVT-0198,2025-03-24,CV_ANTICOAG_ORAL,oncology,West,28.166666666666668,64.83333333333333,True,1
1486849361,1021834936,random,EVT-0198,2025-03-24,CV_ANTICOAG_ORAL,cardiology,West,39.333333333333336,77.5,True,1
1512844550,1242598583,random,EVT-0198,2025-03-24,CV_ANTICOAG_ORAL,neurology,Southwest,167.66666666666666,221.33333333333334,True,1
1535820066,1120914548,random,EVT-0198,2025-03-24,CV_ANTICOAG_ORAL,primary care,West,312.6666666666667,512.3333333333334,True,1
1567742360,1815549120,random,EVT-0198,2025-03-24,CV_ANTICOAG_ORAL,primary care,West,481.6666666666667,67.33333333333333,True,1
1635581279,1877046932,random,EVT-0198,2025-03-24,CV_ANTICOAG_ORAL,primary care,Southeast,474.3333333333333,151.16666666666666,True,1
1645233598,1383406257,random,EVT-0198,2025-03-24,CV_ANTICOAG_ORAL,endocrinology,Northeast,690.1666666666666,68.83333333333333,True,1
1648553570,1722581836,random,EVT-0198,2025-03-24,CV_ANTICOAG_ORAL,cardiology,Southwest,1013.5,99.0,True,1
1688976343,1150502551,random,EVT-0198,2025-03-24,CV_ANTICOAG_ORAL,pulmonology,Southeast,514.1666666666666,291.3333333333333,True,1
1725623817,1714292012,random,EVT-0198,2025-03-24,CV_ANTICOAG_ORAL,primary care,Southwest,406.5,326.6666666666667,True,1
1737256036,1498652761,random,EVT-0198,2025-03-24,CV_ANTICOAG_ORAL,oncology,Midwest,104.66666666666667,34.0,True,1
1806479196,1943531446,random,EVT-0198,2025-03-24,CV_ANTICOAG_ORAL,primary care,Southwest,225.66666666666666,106.5,True,1
1844747141,1169149543,random,EVT-0198,2025-03-24,CV_ANTICOAG_ORAL,primary care,West,338.1666666666667,49.166666666666664,True,1
1908168895,1782341873,random,EVT-0198,2025-03-24,CV_ANTICOAG_ORAL,primary care,Southwest,171.16666666666666,169.16666666666666,True,1
1924355757,1852326267,random,EVT-0198,2025-03-24,CV_ANTICOAG_ORAL,primary care,Southwest,582.8333333333334,63.666666666666664,True,1
1944079924,1282327174,random,EVT-0197,2025-03-23,RHEUM_JAK_ORAL,rheumatology,Southeast,984.8333333333334,572.8333333333334,True,1
1009179924,1955222058,random,EVT-0199,2025-03-25,CARD_HF_ARNI,cardiology,West,473.6666666666667,190.16666666666666,True,1
1015191335,1458345984,random,EVT-0199,2025-03-25,CARD_HF_ARNI,cardiology,Northeast,215.83333333333334,161.5,True,1
1265952337,1219591108,random,EVT-0199,2025-03-25,CARD_HF_ARNI,cardiology,Northeast,498.8333333333333,99.33333333333333,True,1
1299418347,1440623548,random,EVT-0199,2025-03-25,CARD_HF_ARNI,cardiology,Northeast,472.6666666666667,185.16666666666666,True,1
1341556789,1056679651,random,EVT-0199,2025-03-25,CARD_HF_ARNI,cardiology,West,1638.5,365.3333333333333,True,1
1710163217,1275177768,random,EVT-0199,2025-03-25,CARD_HF_ARNI,cardiology,Northeast,363.0,70.33333333333333,True,1
1732914373,1036176265,random,EVT-0199,2025-03-25,CARD_HF_ARNI,cardiology,West,247.66666666666666,475.1666666666667,True,1
1050705288,1598998692,random,EVT-0200,2025-03-29,ENDO_BASAL_INSULIN,endocrinology,Southeast,1058.3333333333333,117.33333333333333,True,1
1065091666,1012264374,random,EVT-0200,2025-03-29,ENDO_BASAL_INSULIN,endocrinology,West,207.0,765.5,True,1
1137408567,1335601583,random,EVT-0200,2025-03-29,ENDO_BASAL_INSULIN,endocrinology,Northeast,746.0,111.33333333333333,True,1
1305686507,1769333869,random,EVT-0200,2025-03-29,ENDO_BASAL_INSULIN,endocrinology,Southwest,424.0,311.6666666666667,True,1
1449048093,1456937691,random,EVT-0200,2025-03-29,ENDO_BASAL_INSULIN,endocrinology,Northeast,74.66666666666667,112.83333333333333,True,1
1518121706,1835878442,random,EVT-0200,2025-03-29,ENDO_BASAL_INSULIN,endocrinology,Southeast,231.33333333333334,110.16666666666667,True,1
1645233598,1702446943,random,EVT-0200,2025-03-29,ENDO_BASAL_INSULIN,endocrinology,Northeast,695.3333333333334,226.33333333333334,True,1
1704331150,1095200048,random,EVT-0200,2025-03-29,ENDO_BASAL_INSULIN,endocrinology,West,436.0,90.66666666666667,True,1
1768225918,1803339427,random,EVT-0200,2025-03-29,ENDO_BASAL_INSULIN,endocrinology,Midwest,348.6666666666667,363.6666666666667,True,1
1898803444,1305714580,random,EVT-0200,2025-03-29,ENDO_BASAL_INSULIN,endocrinology,West,231.66666666666666,337.6666666666667,True,1
1964945871,1805422742,random,EVT-0200,2025-03-29,ENDO_BASAL_INSULIN,endocrinology,Northeast,433.8333333333333,450.6666666666667,True,1
